nom,tier,score,statut,date_contact,canal,date_relance,notes,produit,montant_vendu,date_vente,paye,montant_encaisse,commission,statut_livraison,type,libelle,commune,cp,departement,telephone,email,email_status,dirigeant,qualite,raisons,lien_pappers,lien_annuaire,lien_maps,lien_google,lien_linkedin_rech,lien_pagesjaunes,lien_societe,lien_trustpilot,linkedin,domain,effectif,categorie,nb_etablissements_ouverts,nb_etablissements,ca,resultat_net,annee_finances,anciennete,date_creation,nature_juridique,labels,idcc,tva_intra,etat,siren,siret,naf,adresse,latitude,longitude,email_source,email_perso,autres_emails,autres_dirigeants,a_site,web_fait,date_enrichi,source,ville
SERVIFRANCE 35,A,83,a contacter,,,,,,,,,,,,depannage,Reparation d'appareils electromenagers et d'equipements pour la maison et le jardin,RENNES,35000,35,02 99 51 82 83,accueil@servifrance35.fr,mx_ok,JULIEN BOUGAULT,Administrateur,email+20|tel+10|ca+15|effectif+10|categorie+5|multi-agences+8|anciennete+5|dirigeant+5|labels+5,https://www.pappers.fr/entreprise/331442327,https://annuaire-entreprises.data.gouv.fr/entreprise/331442327,"https://www.google.com/maps?q=48.095870094,-1.630162503",https://www.google.com/search?q=SERVIFRANCE+35+RENNES,https://www.linkedin.com/search/results/companies/?keywords=SERVIFRANCE+35,https://www.pagesjaunes.fr/annuaire/chercherlespros?quoiqui=SERVIFRANCE+35&ou=RENNES,https://www.societe.com/cgi-bin/search?champs=331442327,https://fr.trustpilot.com/review/servifrance35.fr,,servifrance35.fr,20-49,PME,2,4,1519286,20809,2025,42,1984-08-06,5558,ESS,1686,FR72331442327,active,331442327,33144232700028,95.22Z,ZI SUD EST 38 RUE DES VEYETTES 35000 RENNES,48.095870094,-1.630162503,site-generique,non,,ROMAIN CHOLET (Administrateur); CELIA COLE (Administrateur); FREDERIC MIKAEL DELTOUR (Administrateur); CATHERINE LE GOUEFF (JACQUEMIN) (Administrateur),oui,oui,2026-08-07,sirene,RENNES
ELAN,A,75,a contacter,,,,,,,,,,,,depannage,Reparation d'ordinateurs et d'equipements peripheriques,LE COTEAU,42120,42,08 83 82 48 47,elan@elan.org,mx_ok,EXCO HESIO,Commissaire aux comptes titulaire,email+12|tel+10|ca+15|effectif+10|categorie+5|multi-agences+8|anciennete+5|dirigeant+5|labels+5,https://www.pappers.fr/entreprise/343311858,https://annuaire-entreprises.data.gouv.fr/entreprise/343311858,"https://www.google.com/maps?q=46.0090819152409,4.10224018672078",https://www.google.com/search?q=ELAN+LE+COTEAU,https://www.linkedin.com/search/results/companies/?keywords=ELAN,https://www.pagesjaunes.fr/annuaire/chercherlespros?quoiqui=ELAN&ou=LE+COTEAU,https://www.societe.com/cgi-bin/search?champs=343311858,https://fr.trustpilot.com/review/elan.org,,elan.org,20-49,PME,3,16,5543447,126752,2024,38,1988-01-02,SAS,Organisme de formation,1539,FR62343311858,active,343311858,34331185800165,95.11Z,39 RUE DES GUERINS 42120 LE COTEAU,46.0090819152409,4.10224018672078,site,non,,ELAN-NEW (Président de SAS),oui,oui,2026-08-01,sirene,LE COTEAU
MURFY,A,71,a contacter,,,,,,,,,,,,depannage,Reparation d'appareils electromenagers et d'equipements pour la maison et le jardin,NIEPPE,59850,59,09 57 35 20 14,,,GUY PEZAKU,Président de SAS,site+8|tel+10|ca+15|effectif+10|categorie+5|multi-agences+8|anciennete+5|dirigeant+5|labels+5,https://www.pappers.fr/entreprise/832233571,https://annuaire-entreprises.data.gouv.fr/entreprise/832233571,"https://www.google.com/maps?q=50.68921102221,2.84505897417607",https://www.google.com/search?q=MURFY+NIEPPE,https://www.linkedin.com/search/results/companies/?keywords=MURFY,https://www.pagesjaunes.fr/annuaire/chercherlespros?quoiqui=MURFY&ou=NIEPPE,https://www.societe.com/cgi-bin/search?champs=832233571,https://fr.trustpilot.com/review/murfy.fr,https://www.linkedin.com/company/murfy-repair,murfy.fr,250-499,ETI,6,15,7489299,-11389802,2022,9,2017-09-28,SAS,ESS,1686,FR71832233571,active,832233571,83223357100088,95.22Z,CHEMIN DES PRAIRIES ZA DE L'EPINETTE 59850 NIEPPE,50.68921102221,2.84505897417607,,,,COMPAGNIE FIDUCIAIRE AUDIT (Commissaire aux comptes titulaire),oui,oui,2026-08-04,sirene,NIEPPE
MASTER TECHNOLOGIE,A,70,a contacter,,,,,,,,,,,,depannage,Reparation d'ordinateurs et d'equipements peripheriques,VILLEJUST,91140,91,01 49 36 46 00,contact@master-technologie.com,mx_ok,SYNALCOM,Président de SAS,email+20|tel+10|ca+15|effectif+10|categorie+5|anciennete+5|dirigeant+5,https://www.pappers.fr/entreprise/490989399,https://annuaire-entreprises.data.gouv.fr/entreprise/490989399,"https://www.google.com/maps?q=48.6846601640567,2.20365069183723",https://www.google.com/search?q=MASTER+TECHNOLOGIE+VILLEJUST,https://www.linkedin.com/search/results/companies/?keywords=MASTER+TECHNOLOGIE,https://www.pagesjaunes.fr/annuaire/chercherlespros?quoiqui=MASTER+TECHNOLOGIE&ou=VILLEJUST,https://www.societe.com/cgi-bin/search?champs=490989399,https://fr.trustpilot.com/review/mastertechnologie.fr,https://www.linkedin.com/company/mastertechnologie93,mastertechnologie.fr,20-49,PME,1,4,2313873,-108162,2023,20,2006-07-01,SAS,,,FR26490989399,active,490989399,49098939900046,95.11Z,8 ALLEE DE LONDRES 91140 VILLEJUST,48.6846601640567,2.20365069183723,site-generique,non,,,oui,oui,2026-08-09,sirene,VILLEJUST
RECYCLEA,A,70,a contacter,,,,,,,,,,,,depannage,Reparation d'ordinateurs et d'equipements peripheriques,DOMERAT,03410,03,04 70 02 19 28,contact@recyclea.com,mx_ok,SEBASTIEN LOUIS RAYNAUD,Directeur Général,email+20|tel+10|ca+15|effectif+10|categorie+5|anciennete+5|dirigeant+5,https://www.pappers.fr/entreprise/520335860,https://annuaire-entreprises.data.gouv.fr/entreprise/520335860,"https://www.google.com/maps?q=46.370556238,2.5838709879",https://www.google.com/search?q=RECYCLEA+DOMERAT,https://www.linkedin.com/search/results/companies/?keywords=RECYCLEA,https://www.pagesjaunes.fr/annuaire/chercherlespros?quoiqui=RECYCLEA&ou=DOMERAT,https://www.societe.com/cgi-bin/search?champs=520335860,https://fr.trustpilot.com/review/recyclea.fr,https://www.linkedin.com/company/recyclea,recyclea.fr,100-199,ETI,1,2,8909166,193688,2024,16,2010-01-29,SAS,,2149,FR75520335860,active,520335860,52033586000026,95.11Z,ZAC DE MAUPERTUIS RUE MICHEL FAYE 03410 DOMERAT,46.370556238,2.5838709879,site-generique,non,commerce@recyclea.com,SYLVAIN LOUIS MAGLOIRE SING (Président de SAS); FITECO (Commissaire aux comptes titulaire),oui,oui,2026-08-02,sirene,DOMERAT
OMR INFOGERANCE,A,68,a contacter,,,,,,,,,,,,depannage,Reparation d'ordinateurs et d'equipements peripheriques,SAINT-SEBASTIEN-SUR-LOIRE,44230,44,08 26 04 40 44,contact@vflit.fr,mx_ok,BENJAMIN POULARD,Commissaire aux comptes suppléant,email+20|tel+10|effectif+10|categorie+5|multi-agences+8|anciennete+5|dirigeant+5|labels+5,https://www.pappers.fr/entreprise/509460770,https://annuaire-entreprises.data.gouv.fr/entreprise/509460770,"https://www.google.com/maps?q=47.210223168,-1.486323413",https://www.google.com/search?q=OMR+INFOGERANCE+SAINT-SEBASTIEN-SUR-LOIRE,https://www.linkedin.com/search/results/companies/?keywords=OMR+INFOGERANCE,https://www.pagesjaunes.fr/annuaire/chercherlespros?quoiqui=OMR+INFOGERANCE&ou=SAINT-SEBASTIEN-SUR-LOIRE,https://www.societe.com/cgi-bin/search?champs=509460770,https://fr.trustpilot.com/review/omrinfogerance.fr,https://www.linkedin.com/company/11068758,omrinfogerance.fr,50-99,ETI,10,12,,959007,2023,18,2008-12-12,SAS,"Qualiopi, Organisme de formation",1539,FR76509460770,active,509460770,50946077000019,95.11Z,AVENUE JULES VERNE 44230 SAINT-SEBASTIEN-SUR-LOIRE,47.210223168,-1.486323413,site-generique,non,,EXCO AVEC (Commissaire aux comptes titulaire); CONSEIL ET DIRECTION EXTERNALISES-C.D.E. (Directeur Général); FINANCE ET CONSEIL DU CENTRE (FCC) (Directeur Général); HDL (Président de SAS),oui,oui,2026-08-06,sirene,SAINT-SEBASTIEN-SUR-LOIRE
TEKINOVA,A,66,a contacter,,,,,,,,,,,,depannage,Reparation d'ordinateurs et d'equipements peripheriques,GLEIZE,69400,69,04 37 43 05 51,,,GROUPE ISERBA INVEST,Président de SAS,site+8|tel+10|ca+15|effectif+10|categorie+5|multi-agences+8|anciennete+5|dirigeant+5,https://www.pappers.fr/entreprise/420593980,https://annuaire-entreprises.data.gouv.fr/entreprise/420593980,"https://www.google.com/maps?q=45.997780073,4.7018881777",https://www.google.com/search?q=TEKINOVA+GLEIZE,https://www.linkedin.com/search/results/companies/?keywords=TEKINOVA,https://www.pagesjaunes.fr/annuaire/chercherlespros?quoiqui=TEKINOVA&ou=GLEIZE,https://www.societe.com/cgi-bin/search?champs=420593980,https://fr.trustpilot.com/review/tekinova.fr,,tekinova.fr,10-19,ETI,3,6,4346781,198866,2024,28,1998-10-05,SAS,,1486,FR35420593980,active,420593980,42059398000048,95.11Z,ZAC DES GRILLONS 113 RUE DE L’ANCIENNE DISTILLERIE 69400 GLEIZE,45.997780073,4.7018881777,,,,,oui,oui,2026-08-01,sirene,GLEIZE
ENVIE NORD,A,63,a contacter,,,,,,,,,,,,depannage,Reparation d'appareils electromenagers et d'equipements pour la maison et le jardin,LESQUIN,59810,59,03 20 29 43 80,contact@groupevitaminet.com,mx_ok,,,email+20|tel+10|effectif+10|categorie+5|multi-agences+8|anciennete+5|labels+5,https://www.pappers.fr/entreprise/383407541,https://annuaire-entreprises.data.gouv.fr/entreprise/383407541,"https://www.google.com/maps?q=50.5909441860702,3.11852693530996",https://www.google.com/search?q=ENVIE+NORD+LESQUIN,https://www.linkedin.com/search/results/companies/?keywords=ENVIE+NORD,https://www.pagesjaunes.fr/annuaire/chercherlespros?quoiqui=ENVIE+NORD&ou=LESQUIN,https://www.societe.com/cgi-bin/search?champs=383407541,https://fr.trustpilot.com/review/envienord.fr,,envienord.fr,100-199,ETI,4,15,,,,35,1991-09-17,9221,ESS,1686,FR30383407541,active,383407541,38340754100077,95.22Z,2 BOULEVARD THOMSON 59810 LESQUIN,50.5909441860702,3.11852693530996,site-generique,non,communication@groupevitaminet.com; sav-envie-heninbeaumont@groupevitaminet.com; sav-envie-raismes@groupevitaminet.com; sav-envie-tourcoing@groupevitaminet.com,,oui,oui,2026-08-01,sirene,LESQUIN
XEROX,A,63,a contacter,,,,,,,,,,,,depannage,Reparation d'ordinateurs et d'equipements peripheriques,ASNIERES-SUR-SEINE,92600,92,07 87 21 88 53,accueil-pnr@bureautique-et-services.com,mx_ok,FRANCOIS JEAN PAUL BOURZEIX,Président de SAS,email+20|tel+10|effectif+10|categorie+5|multi-agences+8|dirigeant+5|labels+5,https://www.pappers.fr/entreprise/602055311,https://annuaire-entreprises.data.gouv.fr/entreprise/602055311,"https://www.google.com/maps?q=48.9167253870249,2.31696673028302",https://www.google.com/search?q=XEROX+ASNIERES-SUR-SEINE,https://www.linkedin.com/search/results/companies/?keywords=XEROX,https://www.pagesjaunes.fr/annuaire/chercherlespros?quoiqui=XEROX&ou=ASNIERES-SUR-SEINE,https://www.societe.com/cgi-bin/search?champs=602055311,https://fr.trustpilot.com/review/xerox.fr,,xerox.fr,200-249,ETI,2,155,219976347,8258407,2024,126,1900-01-01,SAS,Organisme de formation,9999,FR46602055311,active,602055311,60205531102814,95.11Z,2-8- 2 RUE SARAH BERNHARDT 92600 ASNIERES-SUR-SEINE,48.9167253870249,2.31696673028302,site-generique,non,advania@advania.com; altaretail@alta.ge; anthony.bergasse@jebergasse.com; apolllodev@realnet.co.sz; arpan@wlink.com.np,PRICEWATERHOUSECOOPERS AUDIT (Commissaire aux comptes titulaire),oui,oui,2026-08-01,sirene,ASNIERES-SUR-SEINE
KOESIO CENTRE EST,A,61,a contacter,,,,,,,,,,,,depannage,Reparation d'ordinateurs et d'equipements peripheriques,SARAN,45770,45,,,,KOESIO GROUPE,Président de SAS,site+8|ca+15|effectif+10|categorie+5|multi-agences+8|anciennete+5|dirigeant+5|labels+5,https://www.pappers.fr/entreprise/337521397,https://annuaire-entreprises.data.gouv.fr/entreprise/337521397,"https://www.google.com/maps?q=47.9521204049858,1.85081613857212",https://www.google.com/search?q=KOESIO+CENTRE+EST+SARAN,https://www.linkedin.com/search/results/companies/?keywords=KOESIO+CENTRE+EST,https://www.pagesjaunes.fr/annuaire/chercherlespros?quoiqui=KOESIO+CENTRE+EST&ou=SARAN,https://www.societe.com/cgi-bin/search?champs=337521397,https://fr.trustpilot.com/review/koesiocentreest.fr,,koesiocentreest.fr,200-249,ETI,14,38,43853368,1394245,2024,40,1986-04-02,SAS,"Qualiopi, Organisme de formation",1539,FR21337521397,active,337521397,33752139700147,95.11Z,514 RUE JEAN BERTIN 45770 SARAN,47.9521204049858,1.85081613857212,,,,GRANT THORNTON (Commissaire aux comptes titulaire); URANUS CONSEIL (Directeur Général),oui,oui,2026-08-01,sirene,SARAN
DYNAMIPS,A,61,a contacter,,,,,,,,,,,,depannage,Reparation d'ordinateurs et d'equipements peripheriques,SAINT-HERBLAIN,44800,44,,,,HELIOS,Président de SAS,site+8|ca+15|effectif+10|categorie+5|multi-agences+8|anciennete+5|dirigeant+5|labels+5,https://www.pappers.fr/entreprise/433945227,https://annuaire-entreprises.data.gouv.fr/entreprise/433945227,"https://www.google.com/maps?q=47.23357234,-1.627789041",https://www.google.com/search?q=DYNAMIPS+SAINT-HERBLAIN,https://www.linkedin.com/search/results/companies/?keywords=DYNAMIPS,https://www.pagesjaunes.fr/annuaire/chercherlespros?quoiqui=DYNAMIPS&ou=SAINT-HERBLAIN,https://www.societe.com/cgi-bin/search?champs=433945227,https://fr.trustpilot.com/review/dynamips.fr,,dynamips.fr,100-199,PME,9,14,24151580,435670,2024,14,2012-07-02,SAS,"Qualiopi, Organisme de formation",1539,FR51433945227,active,433945227,43394522700059,95.11Z,10 BOULEVARD DU ZENITH 44800 SAINT-HERBLAIN,47.23357234,-1.627789041,,,,IN EXTENSO OUEST AUDIT (Commissaire aux comptes titulaire); FA2T (Directeur Général); ADEH (Directeur Général),oui,oui,2026-08-06,sirene,SAINT-HERBLAIN
PHINELEC,A,61,a contacter,,,,,,,,,,,,depannage,Reparation d'appareils electromenagers et d'equipements pour la maison et le jardin,MARSEILLE,13015,13,,,,BERNARD SERGE BESOIAN,Commissaire aux comptes suppléant,site+8|ca+15|effectif+10|categorie+5|multi-agences+8|anciennete+5|dirigeant+5|labels+5,https://www.pappers.fr/entreprise/421426479,https://annuaire-entreprises.data.gouv.fr/entreprise/421426479,"https://www.google.com/maps?q=43.324136411,5.3642740026",https://www.google.com/search?q=PHINELEC+MARSEILLE,https://www.linkedin.com/search/results/companies/?keywords=PHINELEC,https://www.pagesjaunes.fr/annuaire/chercherlespros?quoiqui=PHINELEC&ou=MARSEILLE,https://www.societe.com/cgi-bin/search?champs=421426479,https://fr.trustpilot.com/review/phinelec.fr,,phinelec.fr,100-199,ETI,9,14,24253397,-402676,2024,27,1999-01-01,SAS,RGE,1686,FR73421426479,active,421426479,42142647900083,95.22Z,21 RUE ANDRE ALLAR 13015 MARSEILLE,43.324136411,5.3642740026,,,,CHRISTOPHE CASTAINGS (Directeur Général); CABINET BERNARD BESOIAN (Commissaire aux comptes titulaire); GROUPE VIASPHERE (Président de SAS),oui,oui,2026-08-02,sirene,MARSEILLE
ITANCIA,A,60,a contacter,,,,,,,,,,,,depannage,Reparation de produits electroniques grand public,NANTERRE,92000,92,02 41 71 67 67,dpo@itancia.com,mx_ok,THIERRY FRANCIS YVES LE GOFF,Directeur Général,email+12|tel+10|effectif+10|categorie+5|multi-agences+8|anciennete+5|dirigeant+5|labels+5,https://www.pappers.fr/entreprise/433061975,https://annuaire-entreprises.data.gouv.fr/entreprise/433061975,"https://www.google.com/maps?q=48.891366436,2.1878216746",https://www.google.com/search?q=ITANCIA+NANTERRE,https://www.linkedin.com/search/results/companies/?keywords=ITANCIA,https://www.pagesjaunes.fr/annuaire/chercherlespros?quoiqui=ITANCIA&ou=NANTERRE,https://www.societe.com/cgi-bin/search?champs=433061975,https://fr.trustpilot.com/review/itancia.fr,https://www.linkedin.com/company/itancia,itancia.fr,250-499,ETI,4,16,221451608,5684346,2021,26,2000-09-26,SAS,"Qualiopi, Organisme de formation",1686,FR44433061975,active,433061975,43306197500036,95.21Z,69 RUE THOMAS LEMAITRE 92000 NANTERRE,48.891366436,2.1878216746,site,non,m.galvaing@itancia.com; m.giraud@itancia.com; q.west@itancia.com; s.khali@itancia.com; servicejuridique@itancia.com,YANN PINEAU (Directeur général délégué); PAPIN ET ASSOCIES (Commissaire aux comptes titulaire); CABINET DURAND GODEAU (Commissaire aux comptes titulaire); YPI (Président de SAS),oui,oui,2026-08-04,sirene,NANTERRE
CONVERGENCES,A,60,a contacter,,,,,,,,,,,,depannage,Reparation d'appareils electromenagers et d'equipements pour la maison et le jardin,MARSEILLE,13011,13,,inquiries@synergytech.com,mx_ok,PIERRE MONTEAUX,Gérant,email+12|ca+15|effectif+10|categorie+5|multi-agences+8|anciennete+5|dirigeant+5,https://www.pappers.fr/entreprise/421329053,https://annuaire-entreprises.data.gouv.fr/entreprise/421329053,"https://www.google.com/maps?q=43.289409052,5.460492803",https://www.google.com/search?q=CONVERGENCES+MARSEILLE,https://www.linkedin.com/search/results/companies/?keywords=CONVERGENCES,https://www.pagesjaunes.fr/annuaire/chercherlespros?quoiqui=CONVERGENCES&ou=MARSEILLE,https://www.societe.com/cgi-bin/search?champs=421329053,https://fr.trustpilot.com/review/convergences.com,,convergences.com,10-19,ETI,2,3,1843449,-220983,2024,28,1998-12-21,SARL,,1686,FR56421329053,active,421329053,42132905300027,95.22Z,73 BOULEVARD DE SAINT MARCEL 13011 MARSEILLE,43.289409052,5.460492803,site,non,synergy@synergytech.com,,oui,oui,2026-08-04,sirene,MARSEILLE
SEQUENCE SERVICES,A,60,a contacter,,,,,,,,,,,,depannage,Reparation d'ordinateurs et d'equipements peripheriques,L'ISLE-D'ESPAGNAC,16340,16,,info@sequenceservices.com,mx_ok,GROUPE SEQUENCES,Président de SAS,email+20|ca+15|effectif+10|categorie+5|anciennete+5|dirigeant+5,https://www.pappers.fr/entreprise/883912784,https://annuaire-entreprises.data.gouv.fr/entreprise/883912784,"https://www.google.com/maps?q=45.671782756,0.2036752213",https://www.google.com/search?q=SEQUENCE+SERVICES+L%27ISLE-D%27ESPAGNAC,https://www.linkedin.com/search/results/companies/?keywords=SEQUENCE+SERVICES,https://www.pagesjaunes.fr/annuaire/chercherlespros?quoiqui=SEQUENCE+SERVICES&ou=L%27ISLE-D%27ESPAGNAC,https://www.societe.com/cgi-bin/search?champs=883912784,https://fr.trustpilot.com/review/sequenceservices.com,,sequenceservices.com,20-49,PME,1,1,1311446,2284,2024,6,2020-07-01,SAS,,1539,FR88883912784,active,883912784,88391278400013,95.11Z,ZONE INDUSTRIELLE N 3 79 AVENUE MARYSE BASTIE 16340 L'ISLE-D'ESPAGNAC,45.671782756,0.2036752213,site-generique,non,,,oui,oui,2026-08-06,sirene,L'ISLE-D'ESPAGNAC
KOESIO NORD OUEST,B,56,a contacter,,,,,,,,,,,,depannage,Reparation d'ordinateurs et d'equipements peripheriques,HEROUVILLE-SAINT-CLAIR,14200,14,,,,KOESIO GROUPE,Président de SAS,site+8|ca+15|effectif+10|categorie+5|multi-agences+8|anciennete+5|dirigeant+5,https://www.pappers.fr/entreprise/450041074,https://annuaire-entreprises.data.gouv.fr/entreprise/450041074,"https://www.google.com/maps?q=49.216286174,-0.350085153",https://www.google.com/search?q=KOESIO+NORD+OUEST+HEROUVILLE-SAINT-CLAIR,https://www.linkedin.com/search/results/companies/?keywords=KOESIO+NORD+OUEST,https://www.pagesjaunes.fr/annuaire/chercherlespros?quoiqui=KOESIO+NORD+OUEST&ou=HEROUVILLE-SAINT-CLAIR,https://www.societe.com/cgi-bin/search?champs=450041074,https://fr.trustpilot.com/review/koesionordouest.fr,,koesionordouest.fr,100-199,ETI,14,22,61207558,5671340,2024,23,2003-09-01,SAS,,1539,FR22450041074,active,450041074,45004107400045,95.11Z,TECHNOPOLE CITIS 12 RUE D'ATALANTE 14200 HEROUVILLE-SAINT-CLAIR,49.216286174,-0.350085153,,,,GRANT THORNTON (Commissaire aux comptes titulaire); INSTITUT DE GESTION ET D'EXPERTISE COMPTABLE - IGEC (Commissaire aux comptes suppléant); PRN (Directeur Général),oui,oui,2026-08-05,sirene,HEROUVILLE-SAINT-CLAIR
KOESIO ILE DE FRANCE,B,56,a contacter,,,,,,,,,,,,depannage,Reparation d'ordinateurs et d'equipements peripheriques,VILLIERS-SUR-MARNE,94350,94,,,,DIDIER BRASSAERT,Directeur Général,site+8|ca+15|effectif+10|categorie+5|multi-agences+8|anciennete+5|dirigeant+5,https://www.pappers.fr/entreprise/342021805,https://annuaire-entreprises.data.gouv.fr/entreprise/342021805,"https://www.google.com/maps?q=48.8368896283492,2.53757832346095",https://www.google.com/search?q=KOESIO+ILE+DE+FRANCE+VILLIERS-SUR-MARNE,https://www.linkedin.com/search/results/companies/?keywords=KOESIO+ILE+DE+FRANCE,https://www.pagesjaunes.fr/annuaire/chercherlespros?quoiqui=KOESIO+ILE+DE+FRANCE&ou=VILLIERS-SUR-MARNE,https://www.societe.com/cgi-bin/search?champs=342021805,https://fr.trustpilot.com/review/koesioiledefrance.fr,,koesioiledefrance.fr,100-199,ETI,6,34,46127847,5514996,2024,39,1987-07-20,SAS,,"9999, 1539",FR09342021805,active,342021805,34202180500318,95.11Z,5 BOULEVARD GEORGES MELIES 94350 VILLIERS-SUR-MARNE,48.8368896283492,2.53757832346095,,,,GABRIEL CROIZET (Directeur Général); KOESIO GROUPE (Président de SAS); AUDIT EXPANSION (Commissaire aux comptes suppléant); GRANT THORNTON (Commissaire aux comptes titulaire),oui,oui,2026-08-02,sirene,VILLIERS-SUR-MARNE
SWAP,B,56,a contacter,,,,,,,,,,,,depannage,Reparation d'appareils electromenagers et d'equipements pour la maison et le jardin,CUGNAUX,31270,31,,,,FERDINAND JEAN MITSCH,Directeur Général,site+8|ca+15|effectif+10|categorie+5|multi-agences+8|anciennete+5|dirigeant+5,https://www.pappers.fr/entreprise/517673224,https://annuaire-entreprises.data.gouv.fr/entreprise/517673224,"https://www.google.com/maps?q=43.5525416840397,1.37006660299906",https://www.google.com/search?q=SWAP+CUGNAUX,https://www.linkedin.com/search/results/companies/?keywords=SWAP,https://www.pagesjaunes.fr/annuaire/chercherlespros?quoiqui=SWAP&ou=CUGNAUX,https://www.societe.com/cgi-bin/search?champs=517673224,https://fr.trustpilot.com/review/swap.com,,swap.com,20-49,PME,5,7,4735015,-567435,2023,17,2009-09-01,SAS,,,FR20517673224,active,517673224,51767322400021,95.22Z,32 RUE ARISTIDE BERGES 31270 CUGNAUX,43.5525416840397,1.37006660299906,,,,SERGIY OLKHOVSKIY (Directeur Général); THIBAULD TOURNEUR (Président de SAS); MELODIE LAURA VIVES (Directeur Général); SARL ACCOMPAGNEMENT CERTIFICATION SOLUTIONS (Commissaire aux comptes titulaire),oui,oui,2026-08-04,sirene,CUGNAUX
ATREL,B,56,a contacter,,,,,,,,,,,,depannage,Reparation d'ordinateurs et d'equipements peripheriques,PARIS,75015,75,,,,CBC HOLDING,Gérant,site+8|ca+15|effectif+10|categorie+5|multi-agences+8|anciennete+5|dirigeant+5,https://www.pappers.fr/entreprise/440272789,https://annuaire-entreprises.data.gouv.fr/entreprise/440272789,"https://www.google.com/maps?q=48.8416492613288,2.3039700804206",https://www.google.com/search?q=ATREL+PARIS,https://www.linkedin.com/search/results/companies/?keywords=ATREL,https://www.pagesjaunes.fr/annuaire/chercherlespros?quoiqui=ATREL&ou=PARIS,https://www.societe.com/cgi-bin/search?champs=440272789,https://fr.trustpilot.com/review/atrel.com,,atrel.com,100-199,ETI,4,7,13517728,1535692,2018,25,2001-12-19,SAS,,,FR31440272789,active,440272789,44027278900072,95.11Z,67 RUE BLOMET 75015 PARIS,48.8416492613288,2.3039700804206,,,,GRANT THORNTON (Commissaire aux comptes titulaire),oui,oui,2026-08-02,sirene,PARIS
SAV03,B,55,a contacter,,,,,,,,,,,,depannage,Reparation d'appareils electromenagers et d'equipements pour la maison et le jardin,SOUVIGNY,03210,03,04 70 48 13 20,contact@sav03.fr,mx_ok,ANTHONY SAHNOUNE (SAHNOUNE),Président de SAS,email+20|tel+10|effectif+10|categorie+5|anciennete+5|dirigeant+5,https://www.pappers.fr/entreprise/797808292,https://annuaire-entreprises.data.gouv.fr/entreprise/797808292,"https://www.google.com/maps?q=46.533607105,3.1911474318",https://www.google.com/search?q=SAV03+SOUVIGNY,https://www.linkedin.com/search/results/companies/?keywords=SAV03,https://www.pagesjaunes.fr/annuaire/chercherlespros?quoiqui=SAV03&ou=SOUVIGNY,https://www.societe.com/cgi-bin/search?champs=797808292,https://fr.trustpilot.com/review/sav03.fr,,sav03.fr,10-19,PME,1,1,,79476,2024,13,2013-10-01,SAS,,"1686, 9999",FR37797808292,active,797808292,79780829200016,95.22Z,ZONE D ACTIVITES DE LA VERRERIE 03210 SOUVIGNY,46.533607105,3.1911474318,site-generique,non,,,oui,oui,2026-08-02,sirene,SOUVIGNY
JSERVICE,B,53,a contacter,,,,,,,,,,,,depannage,Reparation d'ordinateurs et d'equipements peripheriques,LESCURE-D'ALBIGEOIS,81380,81,,contact@jservice.fr,mx_ok,MARINA GAMBARD,Président de SAS,email+20|effectif+10|categorie+5|multi-agences+8|anciennete+5|dirigeant+5,https://www.pappers.fr/entreprise/523415891,https://annuaire-entreprises.data.gouv.fr/entreprise/523415891,"https://www.google.com/maps?q=43.960988836,2.1683238353",https://www.google.com/search?q=JSERVICE+LESCURE-D%27ALBIGEOIS,https://www.linkedin.com/search/results/companies/?keywords=JSERVICE,https://www.pagesjaunes.fr/annuaire/chercherlespros?quoiqui=JSERVICE&ou=LESCURE-D%27ALBIGEOIS,https://www.societe.com/cgi-bin/search?champs=523415891,https://fr.trustpilot.com/review/jservice.fr,,jservice.fr,10-19,PME,2,2,,,,16,2010-06-16,SAS,,3243,FR45523415891,active,523415891,52341589100010,95.11Z,CHEMIN DES DEUX VOIES 81380 LESCURE-D'ALBIGEOIS,43.960988836,2.1683238353,site-generique,non,contact@eregroupe.com,,oui,oui,2026-08-04,sirene,LESCURE-D'ALBIGEOIS
SYNALCOM,B,51,a contacter,,,,,,,,,,,,depannage,Reparation d'ordinateurs et d'equipements peripheriques,PARIS,75001,75,01 78 94 59 90,,,TONY SEBASTIEN DELALANDE (LEMONIQUE),Président de SAS,site+8|tel+10|effectif+10|categorie+5|multi-agences+8|anciennete+5|dirigeant+5,https://www.pappers.fr/entreprise/493968317,https://annuaire-entreprises.data.gouv.fr/entreprise/493968317,"https://www.google.com/maps?q=48.866217067,2.3291772365",https://www.google.com/search?q=SYNALCOM+PARIS,https://www.linkedin.com/search/results/companies/?keywords=SYNALCOM,https://www.pagesjaunes.fr/annuaire/chercherlespros?quoiqui=SYNALCOM&ou=PARIS,https://www.societe.com/cgi-bin/search?champs=493968317,https://fr.trustpilot.com/review/synalcom.fr,https://www.linkedin.com/company/synalcom-group,synalcom.fr,100-199,PME,4,5,,,,19,2007-01-22,SAS,,,FR73493968317,active,493968317,49396831700013,95.11Z,231 RUE SAINT-HONORE 75001 PARIS,48.866217067,2.3291772365,,,,GROUPE INTERNATIONAL FIDUCIAIRE POUR L'EXPERTISE ET LE COMMISSARIAT AUX COMPTES (Commissaire aux comptes suppléant); SECAM (Commissaire aux comptes titulaire),oui,oui,2026-08-08,sirene,PARIS
ALCYON BUREAUTIQUE,B,51,a contacter,,,,,,,,,,,,depannage,Reparation d'ordinateurs et d'equipements peripheriques,BOULOGNE-BILLANCOURT,92100,92,01 58 17 08 08,,,STEPHANE PUTHON,Directeur Général,site+8|tel+10|effectif+10|categorie+5|multi-agences+8|anciennete+5|dirigeant+5,https://www.pappers.fr/entreprise/347884280,https://annuaire-entreprises.data.gouv.fr/entreprise/347884280,"https://www.google.com/maps?q=48.8357819762741,2.25396399044406",https://www.google.com/search?q=ALCYON+BUREAUTIQUE+BOULOGNE-BILLANCOURT,https://www.linkedin.com/search/results/companies/?keywords=ALCYON+BUREAUTIQUE,https://www.pagesjaunes.fr/annuaire/chercherlespros?quoiqui=ALCYON+BUREAUTIQUE&ou=BOULOGNE-BILLANCOURT,https://www.societe.com/cgi-bin/search?champs=347884280,https://fr.trustpilot.com/review/alcyonbureautique.fr,https://www.linkedin.com/company/groupe-factoria,alcyonbureautique.fr,20-49,ETI,2,8,,728666,2023,38,1988-09-01,SAS,,1539,FR73347884280,active,347884280,34788428000087,95.11Z,29 RUE MARCEL DASSAULT 92100 BOULOGNE-BILLANCOURT,48.8357819762741,2.25396399044406,,,,EXPERTISE ET AUDIT LAFARGE - SOCIETE D'EXPERTISE COMPTABLE ET DECOMMISSARIAT AUX COMPTES (Commissaire aux comptes titulaire); FACTONEXT (Président de SAS),oui,oui,2026-08-09,sirene,BOULOGNE-BILLANCOURT
CORDON CONSUMER SERVICES,B,48,a contacter,,,,,,,,,,,,depannage,Reparation d'appareils electromenagers et d'equipements pour la maison et le jardin,PARIS,75015,75,,,,SERGE CORDON,Président de SAS,ca+15|effectif+10|categorie+5|multi-agences+8|anciennete+5|dirigeant+5,https://www.pappers.fr/entreprise/448306746,https://annuaire-entreprises.data.gouv.fr/entreprise/448306746,"https://www.google.com/maps?q=48.842280902,2.3212363835",https://www.google.com/search?q=CORDON+CONSUMER+SERVICES+PARIS,https://www.linkedin.com/search/results/companies/?keywords=CORDON+CONSUMER+SERVICES,https://www.pagesjaunes.fr/annuaire/chercherlespros?quoiqui=CORDON+CONSUMER+SERVICES&ou=PARIS,https://www.societe.com/cgi-bin/search?champs=448306746,,,,100-199,ETI,15,29,1118746,-729716,2019,23,2003-04-18,SAS,,1686,FR21448306746,active,448306746,44830674600075,95.22Z,TOUR MONTPARNASSE 33 AVENUE DU MAINE 75015 PARIS,48.842280902,2.3212363835,,,,,non,oui,2026-08-02,sirene,PARIS
TRNE,B,48,a contacter,,,,,,,,,,,,depannage,Reparation d'ordinateurs et d'equipements peripheriques,VILLENEUVE-D'ASCQ,59650,59,,,,DIDIER HALBIQUE,Administrateur,ca+15|effectif+10|categorie+5|multi-agences+8|anciennete+5|dirigeant+5,https://www.pappers.fr/entreprise/314420779,https://annuaire-entreprises.data.gouv.fr/entreprise/314420779,"https://www.google.com/maps?q=50.643876793,3.1372901226",https://www.google.com/search?q=TRNE+VILLENEUVE-D%27ASCQ,https://www.linkedin.com/search/results/companies/?keywords=TRNE,https://www.pagesjaunes.fr/annuaire/chercherlespros?quoiqui=TRNE&ou=VILLENEUVE-D%27ASCQ,https://www.societe.com/cgi-bin/search?champs=314420779,,,,100-199,ETI,9,28,39223066,1467756,2024,48,1978-01-01,SAS,,1539,FR11314420779,active,314420779,31442077900246,95.11Z,BAT. BV1 11 RUE DE LA PERFORMANCE 59650 VILLENEUVE-D'ASCQ,50.643876793,3.1372901226,,,,ANTONIO MORENO (Administrateur); ANTONIO FRANCISCO MORENO (Président du conseil d’administration); PATRICE MOROT (Commissaire aux comptes suppléant); OLIVIER THIBAUT (Directeur Général),non,oui,2026-08-01,sirene,VILLENEUVE-D'ASCQ
EVERNEX INTERNATIONAL SAS,B,48,a contacter,,,,,,,,,,,,depannage,Reparation d'ordinateurs et d'equipements peripheriques,COURBEVOIE,92400,92,,,,VACHON & ASSOCIES,Commissaire aux comptes titulaire,ca+15|effectif+10|categorie+5|multi-agences+8|anciennete+5|dirigeant+5,https://www.pappers.fr/entreprise/327503827,https://annuaire-entreprises.data.gouv.fr/entreprise/327503827,"https://www.google.com/maps?q=48.8890586600447,2.24965834595507",https://www.google.com/search?q=EVERNEX+INTERNATIONAL+SAS+COURBEVOIE,https://www.linkedin.com/search/results/companies/?keywords=EVERNEX+INTERNATIONAL+SAS,https://www.pagesjaunes.fr/annuaire/chercherlespros?quoiqui=EVERNEX+INTERNATIONAL+SAS&ou=COURBEVOIE,https://www.societe.com/cgi-bin/search?champs=327503827,,,,250-499,ETI,6,13,57463011,2101702,2018,43,1983-05-02,SAS,,1486,FR45327503827,active,327503827,32750382700096,95.11Z,TOUR 21 16 PLACE DE L'IRIS 92400 COURBEVOIE,48.8890586600447,2.24965834595507,,,,DELOITTE & ASSOCIES (Commissaire aux comptes titulaire); EVERNEX GROUP (Président de SAS),non,oui,2026-08-08,sirene,COURBEVOIE
PARTENAIRE BUREAUTIQUE,B,48,a contacter,,,,,,,,,,,,depannage,Reparation d'ordinateurs et d'equipements peripheriques,MONTPELLIER,34000,34,,,,JEAN-FRANCOIS GENESTOUT,Administrateur,ca+15|effectif+10|categorie+5|multi-agences+8|anciennete+5|dirigeant+5,https://www.pappers.fr/entreprise/311916639,https://annuaire-entreprises.data.gouv.fr/entreprise/311916639,"https://www.google.com/maps?q=43.611339949,3.9120575082",https://www.google.com/search?q=PARTENAIRE+BUREAUTIQUE+MONTPELLIER,https://www.linkedin.com/search/results/companies/?keywords=PARTENAIRE+BUREAUTIQUE,https://www.pagesjaunes.fr/annuaire/chercherlespros?quoiqui=PARTENAIRE+BUREAUTIQUE&ou=MONTPELLIER,https://www.societe.com/cgi-bin/search?champs=311916639,,,,50-99,ETI,6,16,22750462,257334,2024,48,1978-01-01,SA,,1539,FR47311916639,active,311916639,31191663900041,95.11Z,LE MILLENAIRE 550 RUE ALFRED NOBEL 34000 MONTPELLIER,43.611339949,3.9120575082,,,,STEPHANE MICHEL BERNARD LAFLEUR (Président du conseil d’administration et directeur général); GRANT THORNTON (Commissaire aux comptes titulaire); CANON FRANCE (Administrateur),non,oui,2026-08-02,sirene,MONTPELLIER
NET INFORMATIQUE SERVICES,B,48,a contacter,,,,,,,,,,,,depannage,Reparation d'ordinateurs et d'equipements peripheriques,BALMA,31130,31,,,,ALAIN DUMAS,Directeur Général,ca+15|effectif+10|categorie+5|multi-agences+8|anciennete+5|dirigeant+5,https://www.pappers.fr/entreprise/388525420,https://annuaire-entreprises.data.gouv.fr/entreprise/388525420,"https://www.google.com/maps?q=43.5958937019258,1.49949160587886",https://www.google.com/search?q=NET+INFORMATIQUE+SERVICES+BALMA,https://www.linkedin.com/search/results/companies/?keywords=NET+INFORMATIQUE+SERVICES,https://www.pagesjaunes.fr/annuaire/chercherlespros?quoiqui=NET+INFORMATIQUE+SERVICES&ou=BALMA,https://www.societe.com/cgi-bin/search?champs=388525420,,,,20-49,PME,5,16,2888066,30934,2024,34,1992-09-01,SAS,,9999,FR22388525420,active,388525420,38852542000146,95.11Z,16 AVENUE CHARLES DE GAULLE 31130 BALMA,43.5958937019258,1.49949160587886,,,,GRAND FOND SERVICES (Président de SAS),non,oui,2026-08-08,sirene,BALMA
COMPAGNIE DU SAV,B,48,a contacter,,,,,,,,,,,,depannage,Reparation d'appareils electromenagers et d'equipements pour la maison et le jardin,LISSES,91090,91,,,,DAOUDA SOW,Président de SAS,ca+15|effectif+10|categorie+5|multi-agences+8|anciennete+5|dirigeant+5,https://www.pappers.fr/entreprise/539746289,https://annuaire-entreprises.data.gouv.fr/entreprise/539746289,"https://www.google.com/maps?q=48.609523794,2.4293833222",https://www.google.com/search?q=COMPAGNIE+DU+SAV+LISSES,https://www.linkedin.com/search/results/companies/?keywords=COMPAGNIE+DU+SAV,https://www.pagesjaunes.fr/annuaire/chercherlespros?quoiqui=COMPAGNIE+DU+SAV&ou=LISSES,https://www.societe.com/cgi-bin/search?champs=539746289,,,,100-199,ETI,3,27,13365185,-6239899,2024,14,2012-02-01,SAS,,1686,FR31539746289,active,539746289,53974628900278,95.22Z,5 RUE DU MACONNAIS 91090 LISSES,48.609523794,2.4293833222,,,,PRICEWATERHOUSECOOPERS AUDIT (Commissaire aux comptes titulaire),non,oui,2026-08-08,sirene,LISSES
MUG MULTITECHNIQUE,B,48,a contacter,,,,,,,,,,,,depannage,Reparation d'appareils electromenagers et d'equipements pour la maison et le jardin,MULHOUSE,68200,68,,,,CHRISTOPHE CASTAINGS (CASTAINGS),Gérant,ca+15|effectif+10|categorie+5|multi-agences+8|anciennete+5|dirigeant+5,https://www.pappers.fr/entreprise/827452285,https://annuaire-entreprises.data.gouv.fr/entreprise/827452285,"https://www.google.com/maps?q=47.73218879,7.2909944229",https://www.google.com/search?q=MUG+MULTITECHNIQUE+MULHOUSE,https://www.linkedin.com/search/results/companies/?keywords=MUG+MULTITECHNIQUE,https://www.pagesjaunes.fr/annuaire/chercherlespros?quoiqui=MUG+MULTITECHNIQUE&ou=MULHOUSE,https://www.societe.com/cgi-bin/search?champs=827452285,,,,20-49,ETI,3,4,1235157,162509,2022,10,2016-12-01,SARL,,1686,FR88827452285,active,827452285,82745228500014,95.22Z,(33 A) 33 RUE VICTOR SCHOELCHER 68200 MULHOUSE,47.73218879,7.2909944229,,,,PHINELEC (Autre),non,oui,2026-08-01,sirene,MULHOUSE
VENDEE TECH,B,48,a contacter,,,,,,,,,,,,depannage,Reparation d'ordinateurs et d'equipements peripheriques,CHALLANS,85300,85,,,,GROUPE VTECH,Président de SAS,ca+15|effectif+10|categorie+5|multi-agences+8|anciennete+5|dirigeant+5,https://www.pappers.fr/entreprise/443509963,https://annuaire-entreprises.data.gouv.fr/entreprise/443509963,"https://www.google.com/maps?q=46.85173710864,-1.84108707022721",https://www.google.com/search?q=VENDEE+TECH+CHALLANS,https://www.linkedin.com/search/results/companies/?keywords=VENDEE+TECH,https://www.pagesjaunes.fr/annuaire/chercherlespros?quoiqui=VENDEE+TECH&ou=CHALLANS,https://www.societe.com/cgi-bin/search?champs=443509963,,,,20-49,PME,3,9,3896991,159126,2024,24,2002-10-08,SAS,,1539,FR10443509963,active,443509963,44350996300098,95.11Z,PARC D'ACTIVITES LES JUDICES SUD 2 RUE FERNAND DE MAGELLAN 85300 CHALLANS,46.85173710864,-1.84108707022721,,,,,non,oui,2026-08-06,sirene,CHALLANS
INTEGRATIONS ET SERVICES,B,48,a contacter,,,,,,,,,,,,depannage,Reparation d'ordinateurs et d'equipements peripheriques,SENONCHES,28250,28,,,,ERNST & YOUNG AUDIT,Commissaire aux comptes titulaire,ca+15|effectif+10|categorie+5|multi-agences+8|anciennete+5|dirigeant+5,https://www.pappers.fr/entreprise/401472774,https://annuaire-entreprises.data.gouv.fr/entreprise/401472774,"https://www.google.com/maps?q=48.554714977,1.0306861025",https://www.google.com/search?q=INTEGRATIONS+ET+SERVICES+SENONCHES,https://www.linkedin.com/search/results/companies/?keywords=INTEGRATIONS+ET+SERVICES,https://www.pagesjaunes.fr/annuaire/chercherlespros?quoiqui=INTEGRATIONS+ET+SERVICES&ou=SENONCHES,https://www.societe.com/cgi-bin/search?champs=401472774,,,,20-49,PME,2,3,2617447,-1346154,2024,31,1995-06-01,SAS,,0573,FR83401472774,active,401472774,40147277400017,95.11Z,20 RUE ALBERT REMY 28250 SENONCHES,48.554714977,1.0306861025,,,,,non,oui,2026-08-08,sirene,SENONCHES
SERVICE TECHNIQUE ELECTRONIQUE,B,48,a contacter,,,,,,,,,,,,depannage,Reparation de produits electroniques grand public,LE CANNET,06110,06,,,,RENE BUCCI,Président de SAS,ca+15|effectif+10|categorie+5|multi-agences+8|anciennete+5|dirigeant+5,https://www.pappers.fr/entreprise/300601572,https://annuaire-entreprises.data.gouv.fr/entreprise/300601572,"https://www.google.com/maps?q=43.574134193,6.9900265593",https://www.google.com/search?q=SERVICE+TECHNIQUE+ELECTRONIQUE+LE+CANNET,https://www.linkedin.com/search/results/companies/?keywords=SERVICE+TECHNIQUE+ELECTRONIQUE,https://www.pagesjaunes.fr/annuaire/chercherlespros?quoiqui=SERVICE+TECHNIQUE+ELECTRONIQUE&ou=LE+CANNET,https://www.societe.com/cgi-bin/search?champs=300601572,,,,10-19,PME,2,3,1397386,125729,2024,53,1973-01-01,SAS,,1686,FR93300601572,active,300601572,30060157200054,95.21Z,PARC D'ACTIVITES GELCO 5 CHEMIN DE L'INDUSTRIE 06110 LE CANNET,43.574134193,6.9900265593,,,,,non,oui,2026-08-02,sirene,LE CANNET
OJIOM,B,48,a contacter,,,,,,,,,,,,depannage,Reparation d'appareils electromenagers et d'equipements pour la maison et le jardin,L'UNION,31200,31,05 34 25 28 70,,,JEAN PIERRE BUZY (BUZY),,site+8|tel+10|effectif+10|categorie+5|anciennete+5|dirigeant+5|labels+5,https://www.pappers.fr/entreprise/391642238,https://annuaire-entreprises.data.gouv.fr/entreprise/391642238,"https://www.google.com/maps?q=43.643354006189135,1.4911930055435758",https://www.google.com/search?q=OJIOM+TOULOUSE,https://www.linkedin.com/search/results/companies/?keywords=OJIOM,https://www.pagesjaunes.fr/annuaire/chercherlespros?quoiqui=OJIOM&ou=TOULOUSE,https://www.societe.com/cgi-bin/search?champs=391642238,https://fr.trustpilot.com/review/ojiom.fr,,ojiom.fr,20-49,PME,1,3,,229221,2025,33,1993-07-01,SAS,RGE,,FR64391642238,active,391642238,39164223800011,95.22Z,2 IMPASSE MARTHE CONDAT 31200 TOULOUSE,43.643354006189135,1.4911930055435758,,,,PIQUETO (Président de SAS),oui,oui,2026-08-09,sirene,TOULOUSE
DIEBOLD NIXDORF,B,46,a contacter,,,,,,,,,,,,depannage,Reparation d'ordinateurs et d'equipements peripheriques,VELIZY-VILLACOUBLAY,78140,78,,,,BEN MAJOR GALE,Président de SAS,site+8|effectif+10|categorie+5|multi-agences+8|anciennete+5|dirigeant+5|labels+5,https://www.pappers.fr/entreprise/410383533,https://annuaire-entreprises.data.gouv.fr/entreprise/410383533,"https://www.google.com/maps?q=48.78166246,2.2113550336",https://www.google.com/search?q=DIEBOLD+NIXDORF+VELIZY-VILLACOUBLAY,https://www.linkedin.com/search/results/companies/?keywords=DIEBOLD+NIXDORF,https://www.pagesjaunes.fr/annuaire/chercherlespros?quoiqui=DIEBOLD+NIXDORF&ou=VELIZY-VILLACOUBLAY,https://www.societe.com/cgi-bin/search?champs=410383533,https://fr.trustpilot.com/review/dieboldnixdorf.com,https://www.linkedin.com/company/diebold,dieboldnixdorf.com,250-499,ETI,4,17,203401931,2654769,2024,30,1996-12-24,SAS,Organisme de formation,3248,FR33410383533,active,410383533,41038353300164,95.11Z,3 RUE PAUL DAUTIER 6 AVENUE MORANE SAULNIER 78140 VELIZY-VILLACOUBLAY,48.78166246,2.2113550336,,,,KPMG SA (Commissaire aux comptes titulaire),oui,oui,2026-08-04,sirene,VELIZY-VILLACOUBLAY
INFOS FRANCE,B,45,a contacter,,,,,,,,,,,,depannage,Reparation d'ordinateurs et d'equipements peripheriques,VOISINS-LE-BRETONNEUX,78960,78,,contact@infosfrance.fr,mx_ok,M.B.V. ET ASSOCIES,Commissaire aux comptes suppléant,email+20|effectif+10|categorie+5|anciennete+5|dirigeant+5,https://www.pappers.fr/entreprise/330482332,https://annuaire-entreprises.data.gouv.fr/entreprise/330482332,"https://www.google.com/maps?q=48.76305237,2.0611376934",https://www.google.com/search?q=INFOS+FRANCE+VOISINS-LE-BRETONNEUX,https://www.linkedin.com/search/results/companies/?keywords=INFOS+FRANCE,https://www.pagesjaunes.fr/annuaire/chercherlespros?quoiqui=INFOS+FRANCE&ou=VOISINS-LE-BRETONNEUX,https://www.societe.com/cgi-bin/search?champs=330482332,https://fr.trustpilot.com/review/infosfrance.fr,https://www.linkedin.com/company/infos-france,infosfrance.fr,10-19,PME,1,11,,92332,2024,42,1984-05-01,SAS,,3248,FR17330482332,active,330482332,33048233200138,95.11Z,PARC D'AFFAIRES PARKILE 164 AVENUE JOSEPH KESSEL 78960 VOISINS-LE-BRETONNEUX,48.76305237,2.0611376934,site-generique,non,contacto@codinfos.com; maintenance@infosfrance.fr; nbspcontact@infosfrance.fr; nbspcontacto@codinfos.com; nbspmaintenance@infosfrance.fr,INFOS EUROPE (Président de SAS); RSM PARIS (Commissaire aux comptes titulaire),oui,oui,2026-08-09,sirene,VOISINS-LE-BRETONNEUX
ADAM DEPANNAGE,B,43,a contacter,,,,,,,,,,,,depannage,Reparation d'appareils electromenagers et d'equipements pour la maison et le jardin,CANEJAN,33610,33,05 56 07 35 85,,,DOMINIQUE RENAULT (RENAULT),Gérant,site+8|tel+10|effectif+10|categorie+5|anciennete+5|dirigeant+5,https://www.pappers.fr/entreprise/380069526,https://annuaire-entreprises.data.gouv.fr/entreprise/380069526,"https://www.google.com/maps?q=44.771747658,-0.649075293",https://www.google.com/search?q=ADAM+DEPANNAGE+CANEJAN,https://www.linkedin.com/search/results/companies/?keywords=ADAM+DEPANNAGE,https://www.pagesjaunes.fr/annuaire/chercherlespros?quoiqui=ADAM+DEPANNAGE&ou=CANEJAN,https://www.societe.com/cgi-bin/search?champs=380069526,https://fr.trustpilot.com/review/adamdepannage.fr,,adamdepannage.fr,10-19,PME,1,4,,-12252,2025,36,1990-11-26,SARL,,1686,FR71380069526,active,380069526,38006952600040,95.22Z,ZONE ACTIPOLIS II 6 AVENUE DE LA POINTE 33610 CANEJAN,44.771747658,-0.649075293,,,,,oui,oui,2026-08-10,sirene,CANEJAN
KOESIO OUEST,B,41,a contacter,,,,,,,,,,,,depannage,Reparation d'ordinateurs et d'equipements peripheriques,BEAUCOUZE,49070,49,,,,PATRICK GAUTIER (GAUTIER),Directeur Général,site+8|effectif+10|categorie+5|multi-agences+8|anciennete+5|dirigeant+5,https://www.pappers.fr/entreprise/319537791,https://annuaire-entreprises.data.gouv.fr/entreprise/319537791,"https://www.google.com/maps?q=47.466604878,-0.618342183",https://www.google.com/search?q=KOESIO+OUEST+BEAUCOUZE,https://www.linkedin.com/search/results/companies/?keywords=KOESIO+OUEST,https://www.pagesjaunes.fr/annuaire/chercherlespros?quoiqui=KOESIO+OUEST&ou=BEAUCOUZE,https://www.societe.com/cgi-bin/search?champs=319537791,https://fr.trustpilot.com/review/koesioouest.fr,,koesioouest.fr,200-249,ETI,21,46,81844668,8353742,2024,46,1980-09-01,SAS,,1539,FR21319537791,active,319537791,31953779100059,95.11Z,AVENUE PAUL PROSPER GUILHEM 49070 BEAUCOUZE,47.466604878,-0.618342183,,,,TGS FRANCE AUDIT (Commissaire aux comptes titulaire); KOESIO GROUPE (Président de SAS); GRANT THORNTON (Commissaire aux comptes titulaire); ENVOL (Directeur Général),oui,oui,2026-08-06,sirene,BEAUCOUZE
2J IMPRESSION,B,40,a contacter,,,,,,,,,,,,depannage,Reparation d'ordinateurs et d'equipements peripheriques,MERIGNAC,33700,33,,,,2J INTERNATIONAL ,Président de SAS,ca+15|effectif+10|categorie+5|anciennete+5|dirigeant+5,https://www.pappers.fr/entreprise/395401581,https://annuaire-entreprises.data.gouv.fr/entreprise/395401581,"https://www.google.com/maps?q=44.845283376,-0.679166009",https://www.google.com/search?q=2J+IMPRESSION+MERIGNAC,https://www.linkedin.com/search/results/companies/?keywords=2J+IMPRESSION,https://www.pagesjaunes.fr/annuaire/chercherlespros?quoiqui=2J+IMPRESSION&ou=MERIGNAC,https://www.societe.com/cgi-bin/search?champs=395401581,,,,10-19,PME,1,9,3158644,140436,2024,32,1994-06-15,SAS,,3248,FR00395401581,active,395401581,39540158100081,95.11Z,12 RUE DU GALUS 33700 MERIGNAC,44.845283376,-0.679166009,,,,,non,oui,2026-08-09,sirene,MERIGNAC
ACTIF AZUR SA,B,40,a contacter,,,,,,,,,,,,depannage,Reparation d'ordinateurs et d'equipements peripheriques,ANTIBES,06160,06,,,,PIERRE HENRI BATHERET,Membre du conseil de surveillance,ca+15|effectif+10|categorie+5|anciennete+5|dirigeant+5,https://www.pappers.fr/entreprise/423380583,https://annuaire-entreprises.data.gouv.fr/entreprise/423380583,"https://www.google.com/maps?q=43.608314855,7.0742952109",https://www.google.com/search?q=ACTIF+AZUR+SA+ANTIBES,https://www.linkedin.com/search/results/companies/?keywords=ACTIF+AZUR+SA,https://www.pagesjaunes.fr/annuaire/chercherlespros?quoiqui=ACTIF+AZUR+SA&ou=ANTIBES,https://www.societe.com/cgi-bin/search?champs=423380583,,,,10-19,PME,1,2,479116,140003,2020,27,1999-07-01,SA,,3248,FR93423380583,active,423380583,42338058300025,95.11Z,EURO 92 ZI TROIS MOULINS RTE DES CISTES 06160 ANTIBES,43.608314855,7.0742952109,,,,PASCALE NICOLE XELOT (DUGAT) (Autre); MICHEL GIL (Autre); DOMINIQUE CHANSON (JACQUET) (Membre du conseil de surveillance); FRANCIS CLAUDE BERNARD JACQUET (Directeur Général),non,oui,2026-08-03,sirene,ANTIBES
ARTE SYSTEMES,B,40,a contacter,,,,,,,,,,,,depannage,Reparation d'ordinateurs et d'equipements peripheriques,VELAUX,13880,13,,,,ALEXIA CATHERINE AMELIE NAYEL,Président de SAS,ca+15|effectif+10|categorie+5|anciennete+5|dirigeant+5,https://www.pappers.fr/entreprise/390270577,https://annuaire-entreprises.data.gouv.fr/entreprise/390270577,"https://www.google.com/maps?q=43.512539013,5.2386164871",https://www.google.com/search?q=ARTE+SYSTEMES+VELAUX,https://www.linkedin.com/search/results/companies/?keywords=ARTE+SYSTEMES,https://www.pagesjaunes.fr/annuaire/chercherlespros?quoiqui=ARTE+SYSTEMES&ou=VELAUX,https://www.societe.com/cgi-bin/search?champs=390270577,,,,10-19,PME,1,3,1944991,54651,2022,33,1993-02-23,SAS,,1539,FR15390270577,active,390270577,39027057700039,95.11Z,ZA LA VERDIERE 2 31 RUE FERDINAND DE LESSEPS 13880 VELAUX,43.512539013,5.2386164871,,,,,non,oui,2026-08-04,sirene,VELAUX
DIGITSTORE,B,40,a contacter,,,,,,,,,,,,depannage,Reparation d'ordinateurs et d'equipements peripheriques,ST REMY DE PROVENCE,13210,13,,,,DIGIT INVEST,Président de SAS,ca+15|effectif+10|categorie+5|anciennete+5|dirigeant+5,https://www.pappers.fr/entreprise/452200108,https://annuaire-entreprises.data.gouv.fr/entreprise/452200108,"https://www.google.com/maps?q=43.793777444,4.7772835043",https://www.google.com/search?q=DIGITSTORE+ST+REMY+DE+PROVENCE,https://www.linkedin.com/search/results/companies/?keywords=DIGITSTORE,https://www.pagesjaunes.fr/annuaire/chercherlespros?quoiqui=DIGITSTORE&ou=ST+REMY+DE+PROVENCE,https://www.societe.com/cgi-bin/search?champs=452200108,,,,20-49,PME,1,5,1894793,20556,2024,22,2004-01-15,SAS,,1539,FR46452200108,active,452200108,45220010800051,95.11Z,27 LES JONCADES BASSES 13210 ST REMY DE PROVENCE,43.793777444,4.7772835043,,,,,non,oui,2026-08-05,sirene,ST REMY DE PROVENCE
ECODAIR EA-PACA,B,40,a contacter,,,,,,,,,,,,depannage,Reparation d'ordinateurs et d'equipements peripheriques,MARSEILLE,13011,13,,,,FRANCOIS MICOL,Président de SAS,ca+15|effectif+10|categorie+5|anciennete+5|dirigeant+5,https://www.pappers.fr/entreprise/814135000,https://annuaire-entreprises.data.gouv.fr/entreprise/814135000,"https://www.google.com/maps?q=43.293181376,5.4522894914",https://www.google.com/search?q=ECODAIR+EA-PACA+MARSEILLE,https://www.linkedin.com/search/results/companies/?keywords=ECODAIR+EA-PACA,https://www.pagesjaunes.fr/annuaire/chercherlespros?quoiqui=ECODAIR+EA-PACA&ou=MARSEILLE,https://www.societe.com/cgi-bin/search?champs=814135000,,,,10-19,PME,1,1,1100666,-33752,2024,11,2015-10-15,SAS,,0029,FR11814135000,active,814135000,81413500000010,95.11Z,MASTERPARK 116 BOULEVARD DE LA POMME 13011 MARSEILLE,43.293181376,5.4522894914,,,,GALLOUX & ASSOCIES (Commissaire aux comptes titulaire); ECOD'AIR H (Président de SAS),non,oui,2026-08-05,sirene,MARSEILLE
LAUGIL FRANCE,B,40,a contacter,,,,,,,,,,,,depannage,Reparation d'appareils electromenagers et d'equipements pour la maison et le jardin,AUBAGNE,13400,13,,,,NICOLAS JOLY,Président de SAS,ca+15|effectif+10|categorie+5|anciennete+5|dirigeant+5,https://www.pappers.fr/entreprise/411680739,https://annuaire-entreprises.data.gouv.fr/entreprise/411680739,"https://www.google.com/maps?q=43.287347228,5.5256873342",https://www.google.com/search?q=LAUGIL+FRANCE+AUBAGNE,https://www.linkedin.com/search/results/companies/?keywords=LAUGIL+FRANCE,https://www.pagesjaunes.fr/annuaire/chercherlespros?quoiqui=LAUGIL+FRANCE&ou=AUBAGNE,https://www.societe.com/cgi-bin/search?champs=411680739,,,,50-99,ETI,1,3,6543094,746920,2024,29,1997-04-01,SAS,,"2630, 3248",FR11411680739,active,411680739,41168073900033,95.22Z,TECHNIPARC DE LA BASTIDONN CHEMIN DE L'AUMONE-VIEILLE 13400 AUBAGNE,43.287347228,5.5256873342,,,,AUDITEURS ET CONSULTANTS (Commissaire aux comptes titulaire); CARMYN (Commissaire aux comptes suppléant),non,oui,2026-08-05,sirene,AUBAGNE
SERVICE NORD OUEST,B,40,a contacter,,,,,,,,,,,,depannage,Reparation d'appareils electromenagers et d'equipements pour la maison et le jardin,BREAL-SOUS-MONTFORT,35310,35,,,,SOCIETE FRANCAISE POUR L'ASSISTANCE TECHNIQUE A DOMICILE,Président de SAS,ca+15|effectif+10|categorie+5|anciennete+5|dirigeant+5,https://www.pappers.fr/entreprise/301126207,https://annuaire-entreprises.data.gouv.fr/entreprise/301126207,"https://www.google.com/maps?q=48.051376008506665,-1.877239939055432",https://www.google.com/search?q=SERVICE+NORD+OUEST+BREAL-SOUS-MONTFORT,https://www.linkedin.com/search/results/companies/?keywords=SERVICE+NORD+OUEST,https://www.pagesjaunes.fr/annuaire/chercherlespros?quoiqui=SERVICE+NORD+OUEST&ou=BREAL-SOUS-MONTFORT,https://www.societe.com/cgi-bin/search?champs=301126207,,,,20-49,ETI,1,5,726010,125450,2024,52,1974-01-01,SAS,,,FR76301126207,active,301126207,30112620700051,95.22Z,105 B IMPASSE DES AROMES 35310 BREAL-SOUS-MONTFORT,48.051376008506665,-1.877239939055432,,,,,non,oui,2026-08-05,sirene,BREAL-SOUS-MONTFORT
SERVICE RHONE-ALPES,B,40,a contacter,,,,,,,,,,,,depannage,Reparation d'appareils electromenagers et d'equipements pour la maison et le jardin,MIRIBEL,01700,01,,,,SOCIETE FRANCAISE POUR L'ASSISTANCE TECHNIQUE A DOMICILE,Président de SAS,ca+15|effectif+10|categorie+5|anciennete+5|dirigeant+5,https://www.pappers.fr/entreprise/444488365,https://annuaire-entreprises.data.gouv.fr/entreprise/444488365,"https://www.google.com/maps?q=45.8335415277098,4.94603930530326",https://www.google.com/search?q=SERVICE+RHONE-ALPES+MIRIBEL,https://www.linkedin.com/search/results/companies/?keywords=SERVICE+RHONE-ALPES,https://www.pagesjaunes.fr/annuaire/chercherlespros?quoiqui=SERVICE+RHONE-ALPES&ou=MIRIBEL,https://www.societe.com/cgi-bin/search?champs=444488365,,,,20-49,ETI,1,2,615477,138130,2023,24,2002-12-15,SARL,,3127,FR93444488365,active,444488365,44448836500024,95.22Z,ZA LES CHENES LES ECHETS ROUTE DES ECHETS 01700 MIRIBEL,45.8335415277098,4.94603930530326,,,,,non,oui,2026-08-01,sirene,MIRIBEL
SERVICE SUD EST,B,40,a contacter,,,,,,,,,,,,depannage,Reparation d'appareils electromenagers et d'equipements pour la maison et le jardin,ANTIBES,06600,06,,,,SOCIETE FRANCAISE POUR L'ASSISTANCE TECHNIQUE A DOMICILE,Président de SAS,ca+15|effectif+10|categorie+5|anciennete+5|dirigeant+5,https://www.pappers.fr/entreprise/441011186,https://annuaire-entreprises.data.gouv.fr/entreprise/441011186,"https://www.google.com/maps?q=43.606514117,7.0747074503",https://www.google.com/search?q=SERVICE+SUD+EST+ANTIBES,https://www.linkedin.com/search/results/companies/?keywords=SERVICE+SUD+EST,https://www.pagesjaunes.fr/annuaire/chercherlespros?quoiqui=SERVICE+SUD+EST&ou=ANTIBES,https://www.societe.com/cgi-bin/search?champs=441011186,,,,10-19,ETI,1,3,315756,-108,2023,24,2002-01-01,SAS,,3127,FR33441011186,active,441011186,44101118600034,95.22Z,ZONE INDUSTRIELLE DES 3 MOULINS 511 RUE HENRI LAUGIER 06600 ANTIBES,43.606514117,7.0747074503,,,,,non,oui,2026-08-03,sirene,ANTIBES
SODATEC CITES,B,40,a contacter,,,,,,,,,,,,depannage,Reparation d'ordinateurs et d'equipements peripheriques,RUELLE-SUR-TOUVRE,16600,16,,,,JEAN GERARD CHAUME,Directeur Général,ca+15|effectif+10|categorie+5|anciennete+5|dirigeant+5,https://www.pappers.fr/entreprise/314525569,https://annuaire-entreprises.data.gouv.fr/entreprise/314525569,"https://www.google.com/maps?q=45.6789740038723,0.188426558959255",https://www.google.com/search?q=SODATEC+CITES+RUELLE-SUR-TOUVRE,https://www.linkedin.com/search/results/companies/?keywords=SODATEC+CITES,https://www.pagesjaunes.fr/annuaire/chercherlespros?quoiqui=SODATEC+CITES&ou=RUELLE-SUR-TOUVRE,https://www.societe.com/cgi-bin/search?champs=314525569,,,,100-199,PME,1,2,13939411,-177833,2024,48,1978-01-01,SAS,,3248,FR04314525569,active,314525569,31452556900070,95.11Z,PARC DE LA ROCADE 16600 RUELLE-SUR-TOUVRE,45.6789740038723,0.188426558959255,,,,XAVIER BERNARD TARBEL (Directeur Général); EXCO VALLIANCE AUDIT (Commissaire aux comptes titulaire); FINANCIERE SODATEC (Président de SAS),non,oui,2026-08-06,sirene,RUELLE-SUR-TOUVRE
HELI AIR MONACO,C,37,a contacter,,,,,,,,,,,,depannage,Reparation d'ordinateurs et d'equipements peripheriques,CANNES,06150,06,,booking@heliairmonaco.com,mx_ok,PATRICK CROVETTO,Président de SAS,email+12|effectif+10|categorie+5|anciennete+5|dirigeant+5,https://www.pappers.fr/entreprise/833901937,https://annuaire-entreprises.data.gouv.fr/entreprise/833901937,"https://www.google.com/maps?q=43.5490115658515,6.95560767569756",https://www.google.com/search?q=HELI+AIR+MONACO+CANNES,https://www.linkedin.com/search/results/companies/?keywords=HELI+AIR+MONACO,https://www.pagesjaunes.fr/annuaire/chercherlespros?quoiqui=HELI+AIR+MONACO&ou=CANNES,https://www.societe.com/cgi-bin/search?champs=833901937,https://fr.trustpilot.com/review/heliairmonaco.com,,heliairmonaco.com,10-19,PME,1,2,,59791,2023,9,2017-12-01,SAS,,0275,FR66833901937,active,833901937,83390193700023,95.11Z,AEROPORT DE CANNES MANDELIEU 245 AVENUE FRANCIS TONNER 06150 CANNES,43.5490115658515,6.95560767569756,site,non,,PATRICK ANTOINE FELIX CROVETTO (Président de SAS),oui,oui,2026-08-03,sirene,CANNES
NOVATEC,C,37,a contacter,,,,,,,,,,,,depannage,Reparation d'ordinateurs et d'equipements peripheriques,VOUJEAUCOURT,25420,25,,sales@novatec.com,mx_ok,DAVID MITROVIC,Président de SAS,email+12|effectif+10|categorie+5|anciennete+5|dirigeant+5,https://www.pappers.fr/entreprise/810157172,https://annuaire-entreprises.data.gouv.fr/entreprise/810157172,"https://www.google.com/maps?q=47.4828101012277,6.7827130430317",https://www.google.com/search?q=NOVATEC+VOUJEAUCOURT,https://www.linkedin.com/search/results/companies/?keywords=NOVATEC,https://www.pagesjaunes.fr/annuaire/chercherlespros?quoiqui=NOVATEC&ou=VOUJEAUCOURT,https://www.societe.com/cgi-bin/search?champs=810157172,https://fr.trustpilot.com/review/novatec.com,https://www.linkedin.com/company/novatec,novatec.com,10-19,PME,1,5,,194994,2023,11,2015-03-09,SAS,,1539,FR49810157172,active,810157172,81015717200059,95.11Z,13 RUE AU FOL 25420 VOUJEAUCOURT,47.4828101012277,6.7827130430317,site,non,parts@novatec.com; service@novatec.com,,oui,oui,2026-08-07,sirene,VOUJEAUCOURT
SFG SERVICES,C,33,a contacter,,,,,,,,,,,,depannage,Reparation d'appareils electromenagers et d'equipements pour la maison et le jardin,ROUSSET,13790,13,,,,SOCIETE FRANCAISE DE GARANTIE - S.F.G.,Président de SAS,effectif+10|categorie+5|multi-agences+8|anciennete+5|dirigeant+5,https://www.pappers.fr/entreprise/905141842,https://annuaire-entreprises.data.gouv.fr/entreprise/905141842,"https://www.google.com/maps?q=43.465147464,5.6103436486",https://www.google.com/search?q=SFG+SERVICES+ROUSSET,https://www.linkedin.com/search/results/companies/?keywords=SFG+SERVICES,https://www.pagesjaunes.fr/annuaire/chercherlespros?quoiqui=SFG+SERVICES&ou=ROUSSET,https://www.societe.com/cgi-bin/search?champs=905141842,,,,100-199,ETI,11,21,,,2025,5,2021-11-02,SAS,,1686,FR69905141842,active,905141842,90514184200013,95.22Z,ROUSSET PARC CLUB - ZONE INDUSTRIELLE AV VACHER 13790 ROUSSET,43.465147464,5.6103436486,,,,FORVIS MAZARS SA (Commissaire aux comptes titulaire),non,oui,2026-08-02,sirene,ROUSSET
ENVIE OCCITANIE,C,33,a contacter,,,,,,,,,,,,depannage,Reparation d'appareils electromenagers et d'equipements pour la maison et le jardin,TOULOUSE,31100,31,,,,,,effectif+10|categorie+5|multi-agences+8|anciennete+5|labels+5,https://www.pappers.fr/entreprise/431384973,https://annuaire-entreprises.data.gouv.fr/entreprise/431384973,"https://www.google.com/maps?q=43.550271616,1.4013879405",https://www.google.com/search?q=ENVIE+OCCITANIE+TOULOUSE,https://www.linkedin.com/search/results/companies/?keywords=ENVIE+OCCITANIE,https://www.pagesjaunes.fr/annuaire/chercherlespros?quoiqui=ENVIE+OCCITANIE&ou=TOULOUSE,https://www.societe.com/cgi-bin/search?champs=431384973,,,,100-199,PME,6,9,,,,26,2000-05-15,Association declaree,ESS,1686,FR40431384973,active,431384973,43138497300019,95.22Z,29 BOULEVARD DE THIBAUD 31100 TOULOUSE,43.550271616,1.4013879405,,,,,non,oui,2026-08-08,sirene,TOULOUSE
ENTR NOUVELLE INSERTION ECONOMIQUE ENVIE,C,33,a contacter,,,,,,,,,,,,depannage,Reparation d'appareils electromenagers et d'equipements pour la maison et le jardin,VALENTIGNEY,25700,25,,,,,,effectif+10|categorie+5|multi-agences+8|anciennete+5|labels+5,https://www.pappers.fr/entreprise/391460037,https://annuaire-entreprises.data.gouv.fr/entreprise/391460037,"https://www.google.com/maps?q=47.4584859614271,6.83831157229604",https://www.google.com/search?q=ENTR+NOUVELLE+INSERTION+ECONOMIQUE+ENVIE+VALENTIGNEY,https://www.linkedin.com/search/results/companies/?keywords=ENTR+NOUVELLE+INSERTION+ECONOMIQUE+ENVIE,https://www.pagesjaunes.fr/annuaire/chercherlespros?quoiqui=ENTR+NOUVELLE+INSERTION+ECONOMIQUE+ENVIE&ou=VALENTIGNEY,https://www.societe.com/cgi-bin/search?champs=391460037,,,,20-49,PME,4,7,,,,33,1993-03-10,9221,ESS,,FR56391460037,active,391460037,39146003700057,95.22Z,43 RUE DE VILLEDIEU 25700 VALENTIGNEY,47.4584859614271,6.83831157229604,,,,,non,oui,2026-08-07,sirene,VALENTIGNEY
SARL SERVERO,C,33,a contacter,,,,,,,,,,,,depannage,Reparation d'appareils electromenagers et d'equipements pour la maison et le jardin,SAINT-AUNES,34130,34,,,,JÉROME WYSZYNSKI,Gérant,effectif+10|categorie+5|multi-agences+8|anciennete+5|dirigeant+5,https://www.pappers.fr/entreprise/381802669,https://annuaire-entreprises.data.gouv.fr/entreprise/381802669,"https://www.google.com/maps?q=43.649094646,3.9743329964",https://www.google.com/search?q=SARL+SERVERO+SAINT-AUNES,https://www.linkedin.com/search/results/companies/?keywords=SARL+SERVERO,https://www.pagesjaunes.fr/annuaire/chercherlespros?quoiqui=SARL+SERVERO&ou=SAINT-AUNES,https://www.societe.com/cgi-bin/search?champs=381802669,,,,20-49,PME,3,8,,62723,2024,35,1991-05-08,SARL,,1686,FR09381802669,active,381802669,38180266900063,95.22Z,ZAC DE ST ANTOINE 175 RUE DE LA GARRIGUETTE 34130 SAINT-AUNES,43.649094646,3.9743329964,,,,,non,oui,2026-08-10,sirene,SAINT-AUNES
ENVIE M O,C,33,a contacter,,,,,,,,,,,,depannage,Reparation d'appareils electromenagers et d'equipements pour la maison et le jardin,GERZAT,63360,63,,,,,,effectif+10|categorie+5|multi-agences+8|anciennete+5|labels+5,https://www.pappers.fr/entreprise/412279853,https://annuaire-entreprises.data.gouv.fr/entreprise/412279853,"https://www.google.com/maps?q=45.815598539,3.1472750814",https://www.google.com/search?q=ENVIE+M+O+GERZAT,https://www.linkedin.com/search/results/companies/?keywords=ENVIE+M+O,https://www.pagesjaunes.fr/annuaire/chercherlespros?quoiqui=ENVIE+M+O&ou=GERZAT,https://www.societe.com/cgi-bin/search?champs=412279853,,,,20-49,PME,2,2,,,,29,1997-05-13,9221,ESS,1686,FR40412279853,active,412279853,41227985300011,95.22Z,6 RUE PIERRE ET MARIE CURIE 63360 GERZAT,45.815598539,3.1472750814,,,,,non,oui,2026-08-02,sirene,GERZAT
INFORMATIQUE MAINTENANCE SERVICES,C,33,a contacter,,,,,,,,,,,,depannage,Reparation d'ordinateurs et d'equipements peripheriques,LIMOGES,87280,87,,,,PÉLOMA,Président de SAS,effectif+10|categorie+5|multi-agences+8|anciennete+5|dirigeant+5,https://www.pappers.fr/entreprise/389745902,https://annuaire-entreprises.data.gouv.fr/entreprise/389745902,"https://www.google.com/maps?q=45.86241024161,1.29226485364904",https://www.google.com/search?q=INFORMATIQUE+MAINTENANCE+SERVICES+LIMOGES,https://www.linkedin.com/search/results/companies/?keywords=INFORMATIQUE+MAINTENANCE+SERVICES,https://www.pagesjaunes.fr/annuaire/chercherlespros?quoiqui=INFORMATIQUE+MAINTENANCE+SERVICES&ou=LIMOGES,https://www.societe.com/cgi-bin/search?champs=389745902,,,,20-49,PME,2,8,,46459,2024,33,1993-01-01,SAS,,3248,FR09389745902,active,389745902,38974590200079,95.11Z,PARC D'ESTER IMMEUBLE CASSIOPEE 26 RUE ATLANTIS 87280 LIMOGES,45.86241024161,1.29226485364904,,,,,non,oui,2026-08-06,sirene,LIMOGES
LECSAV,C,33,a contacter,,,,,,,,,,,,depannage,Reparation d'appareils electromenagers et d'equipements pour la maison et le jardin,BEYCHAC-ET-CAILLAU,33750,33,,,,CHRISTOPHE DUFOUR,Président de SAS,effectif+10|categorie+5|multi-agences+8|anciennete+5|dirigeant+5,https://www.pappers.fr/entreprise/403802705,https://annuaire-entreprises.data.gouv.fr/entreprise/403802705,"https://www.google.com/maps?q=44.8804772788261,-0.348583588049258",https://www.google.com/search?q=LECSAV+BEYCHAC-ET-CAILLAU,https://www.linkedin.com/search/results/companies/?keywords=LECSAV,https://www.pagesjaunes.fr/annuaire/chercherlespros?quoiqui=LECSAV&ou=BEYCHAC-ET-CAILLAU,https://www.societe.com/cgi-bin/search?champs=403802705,,,,10-19,PME,2,3,,101000,2024,30,1996-01-01,SAS,,,FR56403802705,active,403802705,40380270500026,95.22Z,ROUTE DE BEROY 33750 BEYCHAC-ET-CAILLAU,44.8804772788261,-0.348583588049258,,,,,non,oui,2026-08-09,sirene,BEYCHAC-ET-CAILLAU
CAPLASER TOULOUSE - DIGITUSE,C,30,a contacter,,,,,,,,,,,,depannage,Reparation d'ordinateurs et d'equipements peripheriques,LABEGE,31670,31,,,,ANTHEA DEVELOPPEMENT,Président de SAS,effectif+10|categorie+5|anciennete+5|dirigeant+5|labels+5,https://www.pappers.fr/entreprise/315127753,https://annuaire-entreprises.data.gouv.fr/entreprise/315127753,"https://www.google.com/maps?q=43.5430908582938,1.50759318841821",https://www.google.com/search?q=CAPLASER+TOULOUSE+-+DIGITUSE+LABEGE,https://www.linkedin.com/search/results/companies/?keywords=CAPLASER+TOULOUSE+-+DIGITUSE,https://www.pagesjaunes.fr/annuaire/chercherlespros?quoiqui=CAPLASER+TOULOUSE+-+DIGITUSE&ou=LABEGE,https://www.societe.com/cgi-bin/search?champs=315127753,,,,10-19,PME,1,6,,125781,2024,47,1979-01-01,SAS,"Qualiopi, Organisme de formation, ESS",1486,FR28315127753,active,315127753,31512775300095,95.11Z,TECHNOPARC - BATIMENT 5 50 RUE JEAN BART 31670 LABEGE,43.5430908582938,1.50759318841821,,,,,non,oui,2026-08-04,sirene,LABEGE
AVENIR BUREAUTIQUE,C,30,a contacter,,,,,,,,,,,,depannage,Reparation d'ordinateurs et d'equipements peripheriques,ECOLE-VALENTIN,,25,03 81 88 62 55,contact@avenirbureautique.fr,mx_ok,,,email+20|tel+10,https://www.pappers.fr/entreprise/331457374,https://annuaire-entreprises.data.gouv.fr/entreprise/331457374,https://www.google.com/maps/search/?api=1&query=AVENIR+BUREAUTIQUE+ECOLE-VALENTIN,https://www.google.com/search?q=AVENIR+BUREAUTIQUE+ECOLE-VALENTIN,https://www.linkedin.com/search/results/companies/?keywords=AVENIR+BUREAUTIQUE,https://www.pagesjaunes.fr/annuaire/chercherlespros?quoiqui=AVENIR+BUREAUTIQUE&ou=ECOLE-VALENTIN,https://www.societe.com/cgi-bin/search?champs=331457374,https://fr.trustpilot.com/review/avenirbureautique.fr,https://www.linkedin.com/company/avenir-bureautique-sa,avenirbureautique.fr,,,,,,,,,,,,,FR11331457374,,331457374,33145737400139,95.11Z,,,,site-generique,non,,,oui,oui,2026-08-01,sirene,
COGEM,C,30,a contacter,,,,,,,,,,,,depannage,Reparation d'appareils electromenagers et d'equipements pour la maison et le jardin,VAULX-EN-VELIN,,69,04 37 24 59 59,contact@cogem.fr,mx_ok,,,email+20|tel+10,https://www.pappers.fr/entreprise/408016145,https://annuaire-entreprises.data.gouv.fr/entreprise/408016145,https://www.google.com/maps/search/?api=1&query=COGEM+VAULX-EN-VELIN,https://www.google.com/search?q=COGEM+VAULX-EN-VELIN,https://www.linkedin.com/search/results/companies/?keywords=COGEM,https://www.pagesjaunes.fr/annuaire/chercherlespros?quoiqui=COGEM&ou=VAULX-EN-VELIN,https://www.societe.com/cgi-bin/search?champs=408016145,https://fr.trustpilot.com/review/cogem.fr,,cogem.fr,,,,,,,,,,,,,FR15408016145,,408016145,40801614500117,95.22Z,,,,site-generique,non,,,oui,oui,2026-08-06,sirene,
IPTEK,C,30,a contacter,,,,,,,,,,,,depannage,Reparation d'ordinateurs et d'equipements peripheriques,BORDEAUX,,33,05 56 64 15 32,contact@iptek.fr,mx_ok,,,email+20|tel+10,https://www.pappers.fr/entreprise/490373230,https://annuaire-entreprises.data.gouv.fr/entreprise/490373230,https://www.google.com/maps/search/?api=1&query=IPTEK+BORDEAUX,https://www.google.com/search?q=IPTEK+BORDEAUX,https://www.linkedin.com/search/results/companies/?keywords=IPTEK,https://www.pagesjaunes.fr/annuaire/chercherlespros?quoiqui=IPTEK&ou=BORDEAUX,https://www.societe.com/cgi-bin/search?champs=490373230,https://fr.trustpilot.com/review/iptek.fr,https://www.linkedin.com/company/iptek,iptek.fr,,,,,,,,,,,,,FR48490373230,,490373230,49037323000047,95.11Z,,,,site-generique,non,coworking@iptek.fr,,oui,oui,2026-08-09,sirene,
MDINFORMATIQUE,C,30,a contacter,,,,,,,,,,,,depannage,Reparation d'ordinateurs et d'equipements peripheriques,LES GONDS,,17,03 80 41 66 47,contact@mdinformatique.fr,mx_ok,,,email+20|tel+10,https://www.pappers.fr/entreprise/852887058,https://annuaire-entreprises.data.gouv.fr/entreprise/852887058,https://www.google.com/maps/search/?api=1&query=MDINFORMATIQUE+LES+GONDS,https://www.google.com/search?q=MDINFORMATIQUE+LES+GONDS,https://www.linkedin.com/search/results/companies/?keywords=MDINFORMATIQUE,https://www.pagesjaunes.fr/annuaire/chercherlespros?quoiqui=MDINFORMATIQUE&ou=LES+GONDS,https://www.societe.com/cgi-bin/search?champs=852887058,https://fr.trustpilot.com/review/mdinformatique.fr,,mdinformatique.fr,,,,,,,,,,,,,FR36852887058,,852887058,85288705800026,95.11Z,,,,site-generique,non,,,oui,oui,2026-08-06,sirene,
SAVELEC,C,30,a contacter,,,,,,,,,,,,depannage,Reparation de produits electroniques grand public,HERMIVAL-LES-VAUX,,14,04 79 64 24 20,contact@savelec.fr,mx_ok,,,email+20|tel+10,https://www.pappers.fr/entreprise/447474149,https://annuaire-entreprises.data.gouv.fr/entreprise/447474149,https://www.google.com/maps/search/?api=1&query=SAVELEC+HERMIVAL-LES-VAUX,https://www.google.com/search?q=SAVELEC+HERMIVAL-LES-VAUX,https://www.linkedin.com/search/results/companies/?keywords=SAVELEC,https://www.pagesjaunes.fr/annuaire/chercherlespros?quoiqui=SAVELEC&ou=HERMIVAL-LES-VAUX,https://www.societe.com/cgi-bin/search?champs=447474149,https://fr.trustpilot.com/review/savelec.fr,https://www.linkedin.com/company/savelec-electronique,savelec.fr,,,,,,,,,,,,,FR77447474149,,447474149,44747414900021,95.21Z,,,,site-generique,non,contact@referencement-seo.agency,,oui,oui,2026-08-05,sirene,
NCR FRANCE,C,28,a contacter,,,,,,,,,,,,depannage,Reparation d'ordinateurs et d'equipements peripheriques,MASSY,91300,91,,,,PATRICE MOROT,Commissaire aux comptes suppléant,effectif+10|categorie+5|multi-agences+8|dirigeant+5,https://www.pappers.fr/entreprise/562065276,https://annuaire-entreprises.data.gouv.fr/entreprise/562065276,"https://www.google.com/maps?q=48.7200749795096,2.26999095374064",https://www.google.com/search?q=NCR+FRANCE+MASSY,https://www.linkedin.com/search/results/companies/?keywords=NCR+FRANCE,https://www.pagesjaunes.fr/annuaire/chercherlespros?quoiqui=NCR+FRANCE&ou=MASSY,https://www.societe.com/cgi-bin/search?champs=562065276,,,,250-499,ETI,5,89,99263611,4261462,2023,126,1900-01-01,5202,,3248,FR26562065276,active,562065276,56206527601435,95.11Z,32 RUE ELLA MAILLART 91300 MASSY,48.7200749795096,2.26999095374064,,,,BRUNO LOUIS ROBERT SAVOURNIN (Gérant); PRICEWATERHOUSECOOPERS AUDIT  (Commissaire aux comptes titulaire); NCR (MIDDLE EAST) LIMITED,non,oui,2026-08-01,sirene,MASSY
ENS EUROPEAN NETWORK SERVICES,C,25,a contacter,,,,,,,,,,,,depannage,Reparation d'ordinateurs et d'equipements peripheriques,HEUDEBOUVILLE,27400,27,,,,MOHAMMED KARANKI,Président de SAS,effectif+10|categorie+5|anciennete+5|dirigeant+5,https://www.pappers.fr/entreprise/398691055,https://annuaire-entreprises.data.gouv.fr/entreprise/398691055,"https://www.google.com/maps?q=49.1978925011752,1.22533318310717",https://www.google.com/search?q=ENS+EUROPEAN+NETWORK+SERVICES+HEUDEBOUVILLE,https://www.linkedin.com/search/results/companies/?keywords=ENS+EUROPEAN+NETWORK+SERVICES,https://www.pagesjaunes.fr/annuaire/chercherlespros?quoiqui=ENS+EUROPEAN+NETWORK+SERVICES&ou=HEUDEBOUVILLE,https://www.societe.com/cgi-bin/search?champs=398691055,,,,10-19,PME,1,4,,-38319,2024,32,1994-08-01,SAS,,3248,FR30398691055,active,398691055,39869105500048,95.11Z,ECOPARC 1-3 ALLEE DES MERISIERS 27400 HEUDEBOUVILLE,49.1978925011752,1.22533318310717,,,,MIBSCORP (Directeur Général),non,oui,2026-08-08,sirene,HEUDEBOUVILLE
LABO ICAUNAIS ENCAISSEMENT MONETIQUE,C,25,a contacter,,,,,,,,,,,,depannage,Reparation d'ordinateurs et d'equipements peripheriques,VALLERY,89150,89,,,,HUA-HSI HSIN,Président de SAS,effectif+10|categorie+5|anciennete+5|dirigeant+5,https://www.pappers.fr/entreprise/442949780,https://annuaire-entreprises.data.gouv.fr/entreprise/442949780,"https://www.google.com/maps?q=48.237280724,3.0417188136",https://www.google.com/search?q=LABO+ICAUNAIS+ENCAISSEMENT+MONETIQUE+VALLERY,https://www.linkedin.com/search/results/companies/?keywords=LABO+ICAUNAIS+ENCAISSEMENT+MONETIQUE,https://www.pagesjaunes.fr/annuaire/chercherlespros?quoiqui=LABO+ICAUNAIS+ENCAISSEMENT+MONETIQUE&ou=VALLERY,https://www.societe.com/cgi-bin/search?champs=442949780,,,,20-49,PME,1,3,,60629,2024,24,2002-07-01,SAS,,1486,FR83442949780,active,442949780,44294978000039,95.11Z,ZA DE LA VIEILLE VIGNE RUE DE LA LIBERATION 89150 VALLERY,48.237280724,3.0417188136,,,,JEAN-PHILIPPE RENE JOEL NIEDERGANG-RIBOLZI (Directeur Général),non,oui,2026-08-08,sirene,VALLERY
MAINTENANCE PROFESSIONNELLE ELECTRONIQUE,C,25,a contacter,,,,,,,,,,,,depannage,Reparation de produits electroniques grand public,BOLLENE,84500,84,,,,ARTHUR VALLA,Président de SAS,effectif+10|categorie+5|anciennete+5|dirigeant+5,https://www.pappers.fr/entreprise/430351296,https://annuaire-entreprises.data.gouv.fr/entreprise/430351296,"https://www.google.com/maps?q=44.306898811,4.7344056191",https://www.google.com/search?q=MAINTENANCE+PROFESSIONNELLE+ELECTRONIQUE+BOLLENE,https://www.linkedin.com/search/results/companies/?keywords=MAINTENANCE+PROFESSIONNELLE+ELECTRONIQUE,https://www.pagesjaunes.fr/annuaire/chercherlespros?quoiqui=MAINTENANCE+PROFESSIONNELLE+ELECTRONIQUE&ou=BOLLENE,https://www.societe.com/cgi-bin/search?champs=430351296,,,,10-19,PME,1,2,,364148,2024,26,2000-04-01,SAS,,3248,FR02430351296,active,430351296,43035129600024,95.21Z,BAT A1 LE SACTAR 84500 BOLLENE,44.306898811,4.7344056191,,,,KEVIN VALLA (Directeur Général),non,oui,2026-08-08,sirene,BOLLENE
MATIGNON PIECES SERVICE - M.P.S.,C,25,a contacter,,,,,,,,,,,,depannage,Reparation d'appareils electromenagers et d'equipements pour la maison et le jardin,MATIGNON,22550,22,,,,VALENTIN GILLES RENÉ CÉLESTIN MORIN,Président de SAS,effectif+10|categorie+5|anciennete+5|dirigeant+5,https://www.pappers.fr/entreprise/822514469,https://annuaire-entreprises.data.gouv.fr/entreprise/822514469,"https://www.google.com/maps?q=48.598155805,-2.29238445",https://www.google.com/search?q=MATIGNON+PIECES+SERVICE+-+M.P.S.+MATIGNON,https://www.linkedin.com/search/results/companies/?keywords=MATIGNON+PIECES+SERVICE+-+M.P.S.,https://www.pagesjaunes.fr/annuaire/chercherlespros?quoiqui=MATIGNON+PIECES+SERVICE+-+M.P.S.&ou=MATIGNON,https://www.societe.com/cgi-bin/search?champs=822514469,,,,10-19,PME,1,2,,27235,2024,10,2016-10-01,SAS,,"1404, 9999",FR92822514469,active,822514469,82251446900011,95.22Z,4 RUE SAINT GERMAIN 22550 MATIGNON,48.598155805,-2.29238445,,,,,non,oui,2026-08-07,sirene,MATIGNON
NEW EUROCOMPUTER,C,25,a contacter,,,,,,,,,,,,depannage,Reparation d'ordinateurs et d'equipements peripheriques,MANDELIEU-LA-NAPOULE,06210,06,,,,PLT,Président de SAS,effectif+10|categorie+5|anciennete+5|dirigeant+5,https://www.pappers.fr/entreprise/397934068,https://annuaire-entreprises.data.gouv.fr/entreprise/397934068,"https://www.google.com/maps?q=43.566863207,6.9458507237",https://www.google.com/search?q=NEW+EUROCOMPUTER+MANDELIEU-LA-NAPOULE,https://www.linkedin.com/search/results/companies/?keywords=NEW+EUROCOMPUTER,https://www.pagesjaunes.fr/annuaire/chercherlespros?quoiqui=NEW+EUROCOMPUTER&ou=MANDELIEU-LA-NAPOULE,https://www.societe.com/cgi-bin/search?champs=397934068,,,,20-49,PME,1,1,,463078,2023,32,1994-07-07,5585,,1686,FR33397934068,active,397934068,39793406800016,95.11Z,MANDELIEU TECHNOLOGY PARC ACTVITE DE LA SIAGNE 06210 MANDELIEU-LA-NAPOULE,43.566863207,6.9458507237,,,,BLIXTEN (Directeur Général),non,oui,2026-08-03,sirene,MANDELIEU-LA-NAPOULE
PARAZOLS,C,25,a contacter,,,,,,,,,,,,depannage,Reparation d'ordinateurs et d'equipements peripheriques,NARBONNE,11100,11,,,,OLIVIER PARAZOLS,Président de SAS,effectif+10|categorie+5|anciennete+5|dirigeant+5,https://www.pappers.fr/entreprise/792041246,https://annuaire-entreprises.data.gouv.fr/entreprise/792041246,"https://www.google.com/maps?q=43.167223713,2.9900437899",https://www.google.com/search?q=PARAZOLS+NARBONNE,https://www.linkedin.com/search/results/companies/?keywords=PARAZOLS,https://www.pagesjaunes.fr/annuaire/chercherlespros?quoiqui=PARAZOLS&ou=NARBONNE,https://www.societe.com/cgi-bin/search?champs=792041246,,,,10-19,PME,1,2,,68391,2023,13,2013-04-01,SAS,,1539,FR13792041246,active,792041246,79204124600028,95.11Z,18 AVENUE DU QUATOURZE 11100 NARBONNE,43.167223713,2.9900437899,,,,OLIVIER ANDRE JACQUES DESIRE MARIE PARAZOLS (Président de SAS); VINCENT YVES MARIE PARAZOLS (Directeur Général),non,oui,2026-08-04,sirene,NARBONNE
SARL SIAD,C,25,a contacter,,,,,,,,,,,,depannage,Reparation d'ordinateurs et d'equipements peripheriques,SAINT-ETIENNE-DE-FONTBELLON,07200,07,,,,LAURENT ARMAND GUARDINE (GUARDINE),Gérant,effectif+10|categorie+5|anciennete+5|dirigeant+5,https://www.pappers.fr/entreprise/531602829,https://annuaire-entreprises.data.gouv.fr/entreprise/531602829,"https://www.google.com/maps?q=44.61034176,4.3872368373",https://www.google.com/search?q=SARL+SIAD+SAINT-ETIENNE-DE-FONTBELLON,https://www.linkedin.com/search/results/companies/?keywords=SARL+SIAD,https://www.pagesjaunes.fr/annuaire/chercherlespros?quoiqui=SARL+SIAD&ou=SAINT-ETIENNE-DE-FONTBELLON,https://www.societe.com/cgi-bin/search?champs=531602829,,,,10-19,PME,1,2,,-59198,2023,15,2011-01-01,SARL,,9999,FR71531602829,active,531602829,53160282900024,95.11Z,120 CHEMIN DE CHADARENT 07200 SAINT-ETIENNE-DE-FONTBELLON,44.61034176,4.3872368373,,,,,non,oui,2026-08-03,sirene,SAINT-ETIENNE-DE-FONTBELLON
TELECOMMUNICATION SERVICES COMPANY,C,25,a contacter,,,,,,,,,,,,depannage,Reparation d'ordinateurs et d'equipements peripheriques,GELLAINVILLE,28630,28,,,,WILFRID LASSALLE,Président de SAS,effectif+10|categorie+5|anciennete+5|dirigeant+5,https://www.pappers.fr/entreprise/905021291,https://annuaire-entreprises.data.gouv.fr/entreprise/905021291,"https://www.google.com/maps?q=48.432619053,1.5239639329",https://www.google.com/search?q=TELECOMMUNICATION+SERVICES+COMPANY+GELLAINVILLE,https://www.linkedin.com/search/results/companies/?keywords=TELECOMMUNICATION+SERVICES+COMPANY,https://www.pagesjaunes.fr/annuaire/chercherlespros?quoiqui=TELECOMMUNICATION+SERVICES+COMPANY&ou=GELLAINVILLE,https://www.societe.com/cgi-bin/search?champs=905021291,,,,20-49,PME,1,2,,31204,2024,5,2021-11-03,SAS,,3248,FR32905021291,active,905021291,90502129100026,95.11Z,8 AVENUE GUSTAVE EIFFEL 28630 GELLAINVILLE,48.432619053,1.5239639329,,,,,non,oui,2026-08-08,sirene,GELLAINVILLE
WINSERVICE LANGUEDOC ROUSSILLON,C,25,a contacter,,,,,,,,,,,,depannage,Reparation d'ordinateurs et d'equipements peripheriques,MAUGUIO,34130,34,,,,MALIK BENHAMIDA,Autre,effectif+10|categorie+5|anciennete+5|dirigeant+5,https://www.pappers.fr/entreprise/519837264,https://annuaire-entreprises.data.gouv.fr/entreprise/519837264,"https://www.google.com/maps?q=43.5872649606015,3.94342602499231",https://www.google.com/search?q=WINSERVICE+LANGUEDOC+ROUSSILLON+MAUGUIO,https://www.linkedin.com/search/results/companies/?keywords=WINSERVICE+LANGUEDOC+ROUSSILLON,https://www.pagesjaunes.fr/annuaire/chercherlespros?quoiqui=WINSERVICE+LANGUEDOC+ROUSSILLON&ou=MAUGUIO,https://www.societe.com/cgi-bin/search?champs=519837264,,,,20-49,PME,1,4,,595234,2024,16,2010-01-18,SAS,,1486,FR27519837264,active,519837264,51983726400042,95.11Z,ZAC PORTES DE L AEROPORT RES ORGANZA 204 RUE DU NEGUE CAT 34130 MAUGUIO,43.5872649606015,3.94342602499231,,,,FREDERIC MAESO (Autre); FM INVEST (Président de SAS),non,oui,2026-08-10,sirene,MAUGUIO
5COM,C,22,a contacter,,,,,,,,,,,,depannage,Reparation d'ordinateurs et d'equipements peripheriques,PARIS,,75,01 42 73 11 50,serviceclient@5com.fr,mx_ok,,,email+12|tel+10,https://www.pappers.fr/entreprise/444713283,https://annuaire-entreprises.data.gouv.fr/entreprise/444713283,https://www.google.com/maps/search/?api=1&query=5COM+PARIS,https://www.google.com/search?q=5COM+PARIS,https://www.linkedin.com/search/results/companies/?keywords=5COM,https://www.pagesjaunes.fr/annuaire/chercherlespros?quoiqui=5COM&ou=PARIS,https://www.societe.com/cgi-bin/search?champs=444713283,https://fr.trustpilot.com/review/5com.fr,https://www.linkedin.com/company/5com,5com.fr,,,,,,,,,,,,,FR18444713283,,444713283,44471328300075,95.11Z,,,,site,non,grands.comptes@simplebo.fr,,oui,oui,2026-08-03,sirene,
LECLERE,C,22,a contacter,,,,,,,,,,,,depannage,Reparation d'ordinateurs et d'equipements peripheriques,VALENCE,,26,04 75 78 51 51,jacques@martin.com,no_mx,,,email+12|tel+10,https://www.pappers.fr/entreprise/347865487,https://annuaire-entreprises.data.gouv.fr/entreprise/347865487,https://www.google.com/maps/search/?api=1&query=LECLERE+VALENCE,https://www.google.com/search?q=LECLERE+VALENCE,https://www.linkedin.com/search/results/companies/?keywords=LECLERE,https://www.pagesjaunes.fr/annuaire/chercherlespros?quoiqui=LECLERE&ou=VALENCE,https://www.societe.com/cgi-bin/search?champs=347865487,https://fr.trustpilot.com/review/leclere.fr,https://www.linkedin.com/company/leclere-sas,leclere.fr,,,,,,,,,,,,,FR51347865487,,347865487,34786548700040,95.11Z,,,,site,non,,,oui,oui,2026-08-03,sirene,
MAINTRONIC,C,22,a contacter,,,,,,,,,,,,depannage,Reparation d'ordinateurs et d'equipements peripheriques,SAINT-PRIEST,,69,09 71 11 46 14,dpoci@oci.fr,mx_ok,,,email+12|tel+10,https://www.pappers.fr/entreprise/967504945,https://annuaire-entreprises.data.gouv.fr/entreprise/967504945,https://www.google.com/maps/search/?api=1&query=MAINTRONIC+SAINT-PRIEST,https://www.google.com/search?q=MAINTRONIC+SAINT-PRIEST,https://www.linkedin.com/search/results/companies/?keywords=MAINTRONIC,https://www.pagesjaunes.fr/annuaire/chercherlespros?quoiqui=MAINTRONIC&ou=SAINT-PRIEST,https://www.societe.com/cgi-bin/search?champs=967504945,https://fr.trustpilot.com/review/maintronic.fr,https://fr.linkedin.com/company/maintronic,maintronic.fr,,,,,,,,,,,,,FR46967504945,,967504945,96750494500338,95.11Z,,,,site,non,,,oui,oui,2026-08-02,sirene,
ATLANTIQUE SERVICE,C,18,a contacter,,,,,,,,,,,,depannage,Reparation d'appareils electromenagers et d'equipements pour la maison et le jardin,MERIGNAC,,33,06 25 65 85 23,,,,,site+8|tel+10,https://www.pappers.fr/entreprise/907733703,https://annuaire-entreprises.data.gouv.fr/entreprise/907733703,https://www.google.com/maps/search/?api=1&query=ATLANTIQUE+SERVICE+MERIGNAC,https://www.google.com/search?q=ATLANTIQUE+SERVICE+MERIGNAC,https://www.linkedin.com/search/results/companies/?keywords=ATLANTIQUE+SERVICE,https://www.pagesjaunes.fr/annuaire/chercherlespros?quoiqui=ATLANTIQUE+SERVICE&ou=MERIGNAC,https://www.societe.com/cgi-bin/search?champs=907733703,https://fr.trustpilot.com/review/atlantiqueservice.com,,atlantiqueservice.com,,,,,,,,,,,,,FR35907733703,,907733703,90773370300025,95.22Z,,,,,,,,oui,oui,2026-08-10,sirene,
EST MULTICOPIE,C,18,a contacter,,,,,,,,,,,,depannage,Reparation d'ordinateurs et d'equipements peripheriques,METZ,,57,03 87 20 36 20,,,,,site+8|tel+10,https://www.pappers.fr/entreprise/326714805,https://annuaire-entreprises.data.gouv.fr/entreprise/326714805,https://www.google.com/maps/search/?api=1&query=EST+MULTICOPIE+METZ,https://www.google.com/search?q=EST+MULTICOPIE+METZ,https://www.linkedin.com/search/results/companies/?keywords=EST+MULTICOPIE,https://www.pagesjaunes.fr/annuaire/chercherlespros?quoiqui=EST+MULTICOPIE&ou=METZ,https://www.societe.com/cgi-bin/search?champs=326714805,https://fr.trustpilot.com/review/estmulticopie.fr,https://fr.linkedin.com/company/est-multicopie,estmulticopie.fr,,,,,,,,,,,,,FR70326714805,,326714805,32671480500123,95.11Z,,,,,,,,oui,oui,2026-08-03,sirene,
RISO FRANCE SA,C,18,a contacter,,,,,,,,,,,,depannage,Reparation d'ordinateurs et d'equipements peripheriques,LYON,,69,04 72 11 38 88,,,,,site+8|tel+10,https://www.pappers.fr/entreprise/351322722,https://annuaire-entreprises.data.gouv.fr/entreprise/351322722,https://www.google.com/maps/search/?api=1&query=RISO+FRANCE+SA+LYON,https://www.google.com/search?q=RISO+FRANCE+SA+LYON,https://www.linkedin.com/search/results/companies/?keywords=RISO+FRANCE+SA,https://www.pagesjaunes.fr/annuaire/chercherlespros?quoiqui=RISO+FRANCE+SA&ou=LYON,https://www.societe.com/cgi-bin/search?champs=351322722,https://fr.trustpilot.com/review/risofrance.fr,https://www.linkedin.com/company/riso-france,risofrance.fr,,,,,,,,,,,,,FR31351322722,,351322722,35132272200064,95.11Z,,,,,,,,oui,oui,2026-08-03,sirene,
CONEXDATA,C,8,a contacter,,,,,,,,,,,,depannage,Reparation d'ordinateurs et d'equipements peripheriques,MALAKOFF,,92,,,,,,site+8,https://www.pappers.fr/entreprise/352732465,https://annuaire-entreprises.data.gouv.fr/entreprise/352732465,https://www.google.com/maps/search/?api=1&query=CONEXDATA+MALAKOFF,https://www.google.com/search?q=CONEXDATA+MALAKOFF,https://www.linkedin.com/search/results/companies/?keywords=CONEXDATA,https://www.pagesjaunes.fr/annuaire/chercherlespros?quoiqui=CONEXDATA&ou=MALAKOFF,https://www.societe.com/cgi-bin/search?champs=352732465,https://fr.trustpilot.com/review/conexdata.fr,,conexdata.fr,,,,,,,,,,,,,FR60352732465,,352732465,35273246500047,95.11Z,,,,,,,,oui,oui,2026-08-05,sirene,
INFORAMA,C,8,a contacter,,,,,,,,,,,,depannage,Reparation d'ordinateurs et d'equipements peripheriques,NICE,,06,,,,,,site+8,https://www.pappers.fr/entreprise/817655905,https://annuaire-entreprises.data.gouv.fr/entreprise/817655905,https://www.google.com/maps/search/?api=1&query=INFORAMA+NICE,https://www.google.com/search?q=INFORAMA+NICE,https://www.linkedin.com/search/results/companies/?keywords=INFORAMA,https://www.pagesjaunes.fr/annuaire/chercherlespros?quoiqui=INFORAMA&ou=NICE,https://www.societe.com/cgi-bin/search?champs=817655905,https://fr.trustpilot.com/review/inforama.net,,inforama.net,,,,,,,,,,,,,FR08817655905,,817655905,81765590500039,95.11Z,,,,,,,,oui,oui,2026-08-02,sirene,
KOESIO AURA,C,8,a contacter,,,,,,,,,,,,depannage,Reparation d'ordinateurs et d'equipements peripheriques,VALENCE,,26,,,,,,site+8,https://www.pappers.fr/entreprise/381228386,https://annuaire-entreprises.data.gouv.fr/entreprise/381228386,https://www.google.com/maps/search/?api=1&query=KOESIO+AURA+VALENCE,https://www.google.com/search?q=KOESIO+AURA+VALENCE,https://www.linkedin.com/search/results/companies/?keywords=KOESIO+AURA,https://www.pagesjaunes.fr/annuaire/chercherlespros?quoiqui=KOESIO+AURA&ou=VALENCE,https://www.societe.com/cgi-bin/search?champs=381228386,https://fr.trustpilot.com/review/koesioaura.fr,,koesioaura.fr,,,,,,,,,,,,,FR74381228386,,381228386,38122838600102,95.11Z,,,,,,,,oui,oui,2026-08-01,sirene,
KOESIO AURA INFORMATIQUE,C,8,a contacter,,,,,,,,,,,,depannage,Reparation d'ordinateurs et d'equipements peripheriques,VALENCE,,26,,,,,,site+8,https://www.pappers.fr/entreprise/415050525,https://annuaire-entreprises.data.gouv.fr/entreprise/415050525,https://www.google.com/maps/search/?api=1&query=KOESIO+AURA+INFORMATIQUE+VALENCE,https://www.google.com/search?q=KOESIO+AURA+INFORMATIQUE+VALENCE,https://www.linkedin.com/search/results/companies/?keywords=KOESIO+AURA+INFORMATIQUE,https://www.pagesjaunes.fr/annuaire/chercherlespros?quoiqui=KOESIO+AURA+INFORMATIQUE&ou=VALENCE,https://www.societe.com/cgi-bin/search?champs=415050525,https://fr.trustpilot.com/review/koesioaurainformatique.fr,,koesioaurainformatique.fr,,,,,,,,,,,,,FR29415050525,,415050525,41505052500021,95.11Z,,,,,,,,oui,oui,2026-08-01,sirene,
SMART RX,C,8,a contacter,,,,,,,,,,,,depannage,Reparation d'ordinateurs et d'equipements peripheriques,BOULOGNE-BILLANCOURT,,92,,,,,,site+8,https://www.pappers.fr/entreprise/342280609,https://annuaire-entreprises.data.gouv.fr/entreprise/342280609,https://www.google.com/maps/search/?api=1&query=SMART+RX+BOULOGNE-BILLANCOURT,https://www.google.com/search?q=SMART+RX+BOULOGNE-BILLANCOURT,https://www.linkedin.com/search/results/companies/?keywords=SMART+RX,https://www.pagesjaunes.fr/annuaire/chercherlespros?quoiqui=SMART+RX&ou=BOULOGNE-BILLANCOURT,https://www.societe.com/cgi-bin/search?champs=342280609,https://fr.trustpilot.com/review/smartrx.com,,smartrx.com,,,,,,,,,,,,,FR33342280609,,342280609,34228060900641,95.11Z,,,,,,,,oui,oui,2026-08-02,sirene,
TCGO,C,8,a contacter,,,,,,,,,,,,depannage,Reparation d'ordinateurs et d'equipements peripheriques,SOTTEVILLE-LES-ROUEN,,76,,,,,,site+8,https://www.pappers.fr/entreprise/334782059,https://annuaire-entreprises.data.gouv.fr/entreprise/334782059,https://www.google.com/maps/search/?api=1&query=TCGO+SOTTEVILLE-LES-ROUEN,https://www.google.com/search?q=TCGO+SOTTEVILLE-LES-ROUEN,https://www.linkedin.com/search/results/companies/?keywords=TCGO,https://www.pagesjaunes.fr/annuaire/chercherlespros?quoiqui=TCGO&ou=SOTTEVILLE-LES-ROUEN,https://www.societe.com/cgi-bin/search?champs=334782059,https://fr.trustpilot.com/review/tcgo.org,,tcgo.org,,,,,,,,,,,,,FR41334782059,,334782059,33478205900227,95.11Z,,,,,,,,oui,oui,2026-08-06,sirene,
TRSO,C,8,a contacter,,,,,,,,,,,,depannage,Reparation d'ordinateurs et d'equipements peripheriques,TOULOUSE,,31,,,,,,site+8,https://www.pappers.fr/entreprise/329208532,https://annuaire-entreprises.data.gouv.fr/entreprise/329208532,https://www.google.com/maps/search/?api=1&query=TRSO+TOULOUSE,https://www.google.com/search?q=TRSO+TOULOUSE,https://www.linkedin.com/search/results/companies/?keywords=TRSO,https://www.pagesjaunes.fr/annuaire/chercherlespros?quoiqui=TRSO&ou=TOULOUSE,https://www.societe.com/cgi-bin/search?champs=329208532,https://fr.trustpilot.com/review/trso.org,,trso.org,,,,,,,,,,,,,FR29329208532,,329208532,32920853200138,95.11Z,,,,,,,,oui,oui,2026-08-07,sirene,
2 TECH,,,a contacter,,,,,,,,,,,,depannage,Reparation de produits electroniques grand public,CRACH,,56,,,,,,,,,,,,,,,,,,,,,,,,,,,,,,,497687442,49768744200028,95.21Z,,,,,,,,,,,sirene,
3CI,,,a contacter,,,,,,,,,,,,depannage,Reparation d'ordinateurs et d'equipements peripheriques,TORCY,,77,,,,,,,,,,,,,,,,,,,,,,,,,,,,,,,319793600,31979360000051,95.11Z,,,,,,,,,,,sirene,
A.T.V. (ASSISTANCE TELE VIDEO),,,a contacter,,,,,,,,,,,,depannage,Reparation de produits electroniques grand public,LAVAL,,53,,,,,,,,,,,,,,,,,,,,,,,,,,,,,,,478975048,47897504800016,95.21Z,,,,,,,,,,,sirene,
AD SOLUTIONS,,,a contacter,,,,,,,,,,,,depannage,Reparation d'ordinateurs et d'equipements peripheriques,SAINT-JACQUES-DE-LA-LANDE,,35,,,,,,,,,,,,,,,,,,,,,,,,,,,,,,,429349319,42934931900070,95.11Z,,,,,,,,,,,sirene,
ADDIX,,,a contacter,,,,,,,,,,,,depannage,Reparation d'ordinateurs et d'equipements peripheriques,CHALLANS,,85,,,,,,,,,,,,,,,,,,,,,,,,,,,,,,,914394960,91439496000019,95.11Z,,,,,,,,,,,sirene,
ADL ELECTRONIC,C,0,a contacter,,,,,,,,,,,,depannage,Reparation de produits electroniques grand public,SAINT-JEAN-D'ILLAC,,33,,,,,,,https://www.pappers.fr/entreprise/507909687,https://annuaire-entreprises.data.gouv.fr/entreprise/507909687,https://www.google.com/maps/search/?api=1&query=ADL+ELECTRONIC+SAINT-JEAN-D%27ILLAC,https://www.google.com/search?q=ADL+ELECTRONIC+SAINT-JEAN-D%27ILLAC,https://www.linkedin.com/search/results/companies/?keywords=ADL+ELECTRONIC,https://www.pagesjaunes.fr/annuaire/chercherlespros?quoiqui=ADL+ELECTRONIC&ou=SAINT-JEAN-D%27ILLAC,https://www.societe.com/cgi-bin/search?champs=507909687,,,,,,,,,,,,,,,,FR14507909687,,507909687,50790968700026,95.21Z,,,,,,,,non,oui,2026-08-10,sirene,
AGROGAZ SERVICE,,,a contacter,,,,,,,,,,,,depannage,Reparation d'appareils electromenagers et d'equipements pour la maison et le jardin,YUTZ,,57,,,,,,,,,,,,,,,,,,,,,,,,,,,,,,,902982701,90298270100010,95.22Z,,,,,,,,,,,sirene,
ALEZ PC,,,a contacter,,,,,,,,,,,,depannage,Reparation d'ordinateurs et d'equipements peripheriques,CROISSY-SUR-SEINE,,78,,,,,,,,,,,,,,,,,,,,,,,,,,,,,,,487423311,48742331100033,95.11Z,,,,,,,,,,,sirene,
ALLIANCE BUREAUTIQUE- OCEAN INDIEN,,,a contacter,,,,,,,,,,,,depannage,Reparation d'ordinateurs et d'equipements peripheriques,SAINT-LEU,,974,,,,,,,,,,,,,,,,,,,,,,,,,,,,,,,450688981,45068898100023,95.11Z,,,,,,,,,,,sirene,
ALPHA MICRO,,,a contacter,,,,,,,,,,,,depannage,Reparation d'ordinateurs et d'equipements peripheriques,LA CHAUSSEE-SAINT-VICTOR,,41,,,,,,,,,,,,,,,,,,,,,,,,,,,,,,,380043968,38004396800037,95.11Z,,,,,,,,,,,sirene,
AMAZONIE INCENDIE,,,a contacter,,,,,,,,,,,,depannage,Reparation d'appareils electromenagers et d'equipements pour la maison et le jardin,MATOURY,,973,,,,,,,,,,,,,,,,,,,,,,,,,,,,,,,421164815,42116481500027,95.22Z,,,,,,,,,,,sirene,
ANJOU BRETAGNE SYSTEMES INFORMATIQUES,,,a contacter,,,,,,,,,,,,depannage,Reparation d'ordinateurs et d'equipements peripheriques,LA GUERCHE-DE-BRETAGNE,,35,,,,,,,,,,,,,,,,,,,,,,,,,,,,,,,429457278,42945727800035,95.11Z,,,,,,,,,,,sirene,
ANTENNE BUREAUTIQUE,C,0,a contacter,,,,,,,,,,,,depannage,Reparation d'ordinateurs et d'equipements peripheriques,MONTPELLIER,,34,,,,,,,https://www.pappers.fr/entreprise/389494543,https://annuaire-entreprises.data.gouv.fr/entreprise/389494543,https://www.google.com/maps/search/?api=1&query=ANTENNE+BUREAUTIQUE+MONTPELLIER,https://www.google.com/search?q=ANTENNE+BUREAUTIQUE+MONTPELLIER,https://www.linkedin.com/search/results/companies/?keywords=ANTENNE+BUREAUTIQUE,https://www.pagesjaunes.fr/annuaire/chercherlespros?quoiqui=ANTENNE+BUREAUTIQUE&ou=MONTPELLIER,https://www.societe.com/cgi-bin/search?champs=389494543,,,,,,,,,,,,,,,,FR10389494543,,389494543,38949454300041,95.11Z,,,,,,,,non,oui,2026-08-10,sirene,
ARM REPAR,,,a contacter,,,,,,,,,,,,depannage,Reparation d'appareils electromenagers et d'equipements pour la maison et le jardin,MAROLLES-SUR-SEINE,,77,,,,,,,,,,,,,,,,,,,,,,,,,,,,,,,750435935,75043593500010,95.22Z,,,,,,,,,,,sirene,
ARMOR SYSTEMES IMPRESSION,,,a contacter,,,,,,,,,,,,depannage,Reparation d'ordinateurs et d'equipements peripheriques,CHATEAUBOURG,,35,,,,,,,,,,,,,,,,,,,,,,,,,,,,,,,450794516,45079451600028,95.11Z,,,,,,,,,,,sirene,
ASSOCIATION ENVIE RHONE-ALPES,,,a contacter,,,,,,,,,,,,depannage,Reparation d'appareils electromenagers et d'equipements pour la maison et le jardin,VILLEURBANNE,,69,,,,,,,,,,,,,,,,,,,,,,,,,,,,,,,394101570,39410157000072,95.22Z,,,,,,,,,,,sirene,
ATR LIMOUSIN,,,a contacter,,,,,,,,,,,,depannage,Reparation d'appareils electromenagers et d'equipements pour la maison et le jardin,COUZEIX,,87,,,,,,,,,,,,,,,,,,,,,,,,,,,,,,,413974403,41397440300029,95.22Z,,,,,,,,,,,sirene,
BTOB MAINTENANCE,C,0,a contacter,,,,,,,,,,,,depannage,Reparation d'ordinateurs et d'equipements peripheriques,MARSEILLE,,13,,,,,,,https://www.pappers.fr/entreprise/808560361,https://annuaire-entreprises.data.gouv.fr/entreprise/808560361,https://www.google.com/maps/search/?api=1&query=BTOB+MAINTENANCE+MARSEILLE,https://www.google.com/search?q=BTOB+MAINTENANCE+MARSEILLE,https://www.linkedin.com/search/results/companies/?keywords=BTOB+MAINTENANCE,https://www.pagesjaunes.fr/annuaire/chercherlespros?quoiqui=BTOB+MAINTENANCE&ou=MARSEILLE,https://www.societe.com/cgi-bin/search?champs=808560361,,,,,,,,,,,,,,,,FR58808560361,,808560361,80856036100020,95.11Z,,,,,,,,non,oui,2026-08-05,sirene,
BUREAU MULTISERVICES,,,a contacter,,,,,,,,,,,,depannage,Reparation d'ordinateurs et d'equipements peripheriques,CHAMBRAY-LES-TOURS,,37,,,,,,,,,,,,,,,,,,,,,,,,,,,,,,,343324893,34332489300043,95.11Z,,,,,,,,,,,sirene,
BUROCA,,,a contacter,,,,,,,,,,,,depannage,Reparation d'ordinateurs et d'equipements peripheriques,SAINTE-MARIE,,974,,,,,,,,,,,,,,,,,,,,,,,,,,,,,,,349668467,34966846700062,95.11Z,,,,,,,,,,,sirene,
C.S DEPANN',,,a contacter,,,,,,,,,,,,depannage,Reparation d'appareils electromenagers et d'equipements pour la maison et le jardin,TERRANJOU,,49,,,,,,,,,,,,,,,,,,,,,,,,,,,,,,,433979176,43397917600024,95.22Z,,,,,,,,,,,sirene,
C.T.R. DRAKO,,,a contacter,,,,,,,,,,,,depannage,Reparation de produits electroniques grand public,SAINT-BRICE-COURCELLES,,51,,,,,,,,,,,,,,,,,,,,,,,,,,,,,,,414954586,41495458600023,95.21Z,,,,,,,,,,,sirene,
CAP INFORMATIQUE,,,a contacter,,,,,,,,,,,,depannage,Reparation d'ordinateurs et d'equipements peripheriques,REIMS,,51,,,,,,,,,,,,,,,,,,,,,,,,,,,,,,,330265174,33026517400020,95.11Z,,,,,,,,,,,sirene,
CARAIBES SERVICES PLUS,,,a contacter,,,,,,,,,,,,depannage,Reparation d'appareils electromenagers et d'equipements pour la maison et le jardin,BAIE-MAHAULT,,971,,,,,,,,,,,,,,,,,,,,,,,,,,,,,,,421969627,42196962700015,95.22Z,,,,,,,,,,,sirene,
CASHDEV,,,a contacter,,,,,,,,,,,,depannage,Reparation d'ordinateurs et d'equipements peripheriques,VAGNEY,,88,,,,,,,,,,,,,,,,,,,,,,,,,,,,,,,510145998,51014599800025,95.11Z,,,,,,,,,,,sirene,
CASYOPE SERVICES,,,a contacter,,,,,,,,,,,,depannage,Reparation d'ordinateurs et d'equipements peripheriques,VILLEJUST,,91,,,,,,,,,,,,,,,,,,,,,,,,,,,,,,,503566770,50356677000031,95.11Z,,,,,,,,,,,sirene,
CENTRE TECHNIQUE DE DEPANNAGE,,,a contacter,,,,,,,,,,,,depannage,Reparation d'appareils electromenagers et d'equipements pour la maison et le jardin,ABBEVILLE,,80,,,,,,,,,,,,,,,,,,,,,,,,,,,,,,,389861931,38986193100019,95.22Z,,,,,,,,,,,sirene,
CORSE DIFFUSION INFORMATIQUE,,,a contacter,,,,,,,,,,,,depannage,Reparation d'ordinateurs et d'equipements peripheriques,BIGUGLIA,,2B,,,,,,,,,,,,,,,,,,,,,,,,,,,,,,,327788469,32778846900036,95.11Z,,,,,,,,,,,sirene,
COTROLIA,,,a contacter,,,,,,,,,,,,depannage,Reparation de produits electroniques grand public,COUERON,,44,,,,,,,,,,,,,,,,,,,,,,,,,,,,,,,502442627,50244262700035,95.21Z,,,,,,,,,,,sirene,
D-MUTE-NETWORK,C,0,a contacter,,,,,,,,,,,,depannage,Reparation d'ordinateurs et d'equipements peripheriques,SAINT-MAURICE,,94,,,,,,,https://www.pappers.fr/entreprise/445091531,https://annuaire-entreprises.data.gouv.fr/entreprise/445091531,https://www.google.com/maps/search/?api=1&query=D-MUTE-NETWORK+SAINT-MAURICE,https://www.google.com/search?q=D-MUTE-NETWORK+SAINT-MAURICE,https://www.linkedin.com/search/results/companies/?keywords=D-MUTE-NETWORK,https://www.pagesjaunes.fr/annuaire/chercherlespros?quoiqui=D-MUTE-NETWORK&ou=SAINT-MAURICE,https://www.societe.com/cgi-bin/search?champs=445091531,,,,,,,,,,,,,,,,FR56445091531,,445091531,44509153100076,95.11Z,,,,,,,,non,oui,2026-08-05,sirene,
D.H.S.,,,a contacter,,,,,,,,,,,,depannage,Reparation d'ordinateurs et d'equipements peripheriques,BEZONS,,95,,,,,,,,,,,,,,,,,,,,,,,,,,,,,,,651091118,65109111800059,95.11Z,,,,,,,,,,,sirene,
DBR,,,a contacter,,,,,,,,,,,,depannage,Reparation d'ordinateurs et d'equipements peripheriques,ANGERS,,49,,,,,,,,,,,,,,,,,,,,,,,,,,,,,,,419640131,41964013100035,95.11Z,,,,,,,,,,,sirene,
DH SOLUTIONS,,,a contacter,,,,,,,,,,,,depannage,Reparation d'ordinateurs et d'equipements peripheriques,AIX-LES-BAINS,,73,,,,,,,,,,,,,,,,,,,,,,,,,,,,,,,751862905,75186290500013,95.11Z,,,,,,,,,,,sirene,
DIMEC CLERET,,,a contacter,,,,,,,,,,,,depannage,Reparation d'appareils electromenagers et d'equipements pour la maison et le jardin,CARVIN,,62,,,,,,,,,,,,,,,,,,,,,,,,,,,,,,,537621989,53762198900053,95.22Z,,,,,,,,,,,sirene,
DIMENSION K,,,a contacter,,,,,,,,,,,,depannage,Reparation de produits electroniques grand public,LES PONTS-DE-CE,,49,,,,,,,,,,,,,,,,,,,,,,,,,,,,,,,401185582,40118558200012,95.21Z,,,,,,,,,,,sirene,
DONEO,,,a contacter,,,,,,,,,,,,depannage,Reparation de produits electroniques grand public,FRESNES,,94,,,,,,,,,,,,,,,,,,,,,,,,,,,,,,,888306834,88830683400035,95.21Z,,,,,,,,,,,sirene,
DUSSIEU,,,a contacter,,,,,,,,,,,,depannage,Reparation d'ordinateurs et d'equipements peripheriques,COULOMMIERS,,77,,,,,,,,,,,,,,,,,,,,,,,,,,,,,,,810027425,81002742500018,95.11Z,,,,,,,,,,,sirene,
E. LECLERC SERVICES OUEST,,,a contacter,,,,,,,,,,,,depannage,Reparation d'appareils electromenagers et d'equipements pour la maison et le jardin,LA CHAPELLE-SUR-ERDRE,,44,,,,,,,,,,,,,,,,,,,,,,,,,,,,,,,384352860,38435286000025,95.22Z,,,,,,,,,,,sirene,
ELA INFORMATIQUE,,,a contacter,,,,,,,,,,,,depannage,Reparation d'ordinateurs et d'equipements peripheriques,BASSE-GOULAINE,,44,,,,,,,,,,,,,,,,,,,,,,,,,,,,,,,487802894,48780289400047,95.11Z,,,,,,,,,,,sirene,
ELECTRO VANNES SERVICES,,,a contacter,,,,,,,,,,,,depannage,Reparation d'appareils electromenagers et d'equipements pour la maison et le jardin,PLOEREN,,56,,,,,,,,,,,,,,,,,,,,,,,,,,,,,,,410153712,41015371200022,95.22Z,,,,,,,,,,,sirene,
EMMAUS INSERT,,,a contacter,,,,,,,,,,,,depannage,Reparation d'appareils electromenagers et d'equipements pour la maison et le jardin,ALBI,,81,,,,,,,,,,,,,,,,,,,,,,,,,,,,,,,415113323,41511332300026,95.22Z,,,,,,,,,,,sirene,
ENFINITEC FRANCE,,,a contacter,,,,,,,,,,,,depannage,Reparation d'ordinateurs et d'equipements peripheriques,ANGERS,,49,,,,,,,,,,,,,,,,,,,,,,,,,,,,,,,953591013,95359101300016,95.11Z,,,,,,,,,,,sirene,
ENTR NOUVELLE VERS INSERTION ECONOMIQUE,,,a contacter,,,,,,,,,,,,depannage,Reparation d'appareils electromenagers et d'equipements pour la maison et le jardin,SAINT-PIERRE-DES-CORPS,,37,,,,,,,,,,,,,,,,,,,,,,,,,,,,,,,377907548,37790754800046,95.22Z,,,,,,,,,,,sirene,
ENTR NOUVELLE VERS INSERTION ECONOMIQUE,,,a contacter,,,,,,,,,,,,depannage,Reparation d'appareils electromenagers et d'equipements pour la maison et le jardin,STRASBOURG,,67,,,,,,,,,,,,,,,,,,,,,,,,,,,,,,,330542176,33054217600046,95.22Z,,,,,,,,,,,sirene,
ENVIE BOUCLES DE SEINE,,,a contacter,,,,,,,,,,,,depannage,Reparation d'appareils electromenagers et d'equipements pour la maison et le jardin,SAINT-AUBIN-LES-ELBEUF,,76,,,,,,,,,,,,,,,,,,,,,,,,,,,,,,,392442646,39244264600023,95.22Z,,,,,,,,,,,sirene,
ENVIE CHARENTE,C,0,a contacter,,,,,,,,,,,,depannage,Reparation d'appareils electromenagers et d'equipements pour la maison et le jardin,L'ISLE-D'ESPAGNAC,,16,,,,,,,https://www.pappers.fr/entreprise/828964031,https://annuaire-entreprises.data.gouv.fr/entreprise/828964031,https://www.google.com/maps/search/?api=1&query=ENVIE+CHARENTE+L%27ISLE-D%27ESPAGNAC,https://www.google.com/search?q=ENVIE+CHARENTE+L%27ISLE-D%27ESPAGNAC,https://www.linkedin.com/search/results/companies/?keywords=ENVIE+CHARENTE,https://www.pagesjaunes.fr/annuaire/chercherlespros?quoiqui=ENVIE+CHARENTE&ou=L%27ISLE-D%27ESPAGNAC,https://www.societe.com/cgi-bin/search?champs=828964031,,,,,,,,,,,,,,,,FR91828964031,,828964031,82896403100011,95.22Z,,,,,,,,non,oui,2026-08-06,sirene,
ENVIE CHARENTE MARITIME,C,0,a contacter,,,,,,,,,,,,depannage,Reparation d'appareils electromenagers et d'equipements pour la maison et le jardin,PERIGNY,,17,,,,,,,https://www.pappers.fr/entreprise/844255703,https://annuaire-entreprises.data.gouv.fr/entreprise/844255703,https://www.google.com/maps/search/?api=1&query=ENVIE+CHARENTE+MARITIME+PERIGNY,https://www.google.com/search?q=ENVIE+CHARENTE+MARITIME+PERIGNY,https://www.linkedin.com/search/results/companies/?keywords=ENVIE+CHARENTE+MARITIME,https://www.pagesjaunes.fr/annuaire/chercherlespros?quoiqui=ENVIE+CHARENTE+MARITIME&ou=PERIGNY,https://www.societe.com/cgi-bin/search?champs=844255703,,,,,,,,,,,,,,,,FR24844255703,,844255703,84425570300010,95.22Z,,,,,,,,non,oui,2026-08-06,sirene,
ENVIE DEUX-SEVRES,,,a contacter,,,,,,,,,,,,depannage,Reparation d'appareils electromenagers et d'equipements pour la maison et le jardin,AZAY-LE-BRULE,,79,,,,,,,,,,,,,,,,,,,,,,,,,,,,,,,884330242,88433024200014,95.22Z,,,,,,,,,,,sirene,
ENVIE HAUTE ALSACE,,,a contacter,,,,,,,,,,,,depannage,Reparation d'appareils electromenagers et d'equipements pour la maison et le jardin,ILLZACH,,68,,,,,,,,,,,,,,,,,,,,,,,,,,,,,,,391492527,39149252700059,95.22Z,,,,,,,,,,,sirene,
ENVIE ORLEANS LOIRET,,,a contacter,,,,,,,,,,,,depannage,Reparation d'appareils electromenagers et d'equipements pour la maison et le jardin,INGRE,,45,,,,,,,,,,,,,,,,,,,,,,,,,,,,,,,432883007,43288300700028,95.22Z,,,,,,,,,,,sirene,
ENVIE PAU,,,a contacter,,,,,,,,,,,,depannage,Reparation d'appareils electromenagers et d'equipements pour la maison et le jardin,LESCAR,,64,,,,,,,,,,,,,,,,,,,,,,,,,,,,,,,528322365,52832236500016,95.22Z,,,,,,,,,,,sirene,
ENVIE REEMPLOI MAINE,,,a contacter,,,,,,,,,,,,depannage,Reparation d'appareils electromenagers et d'equipements pour la maison et le jardin,ALLONNES,,72,,,,,,,,,,,,,,,,,,,,,,,,,,,,,,,378961973,37896197300054,95.22Z,,,,,,,,,,,sirene,
EUREKA CONSEIL ET MAINTENANCE GENERALE,,,a contacter,,,,,,,,,,,,depannage,Reparation d'ordinateurs et d'equipements peripheriques,TIGERY,,91,,,,,,,,,,,,,,,,,,,,,,,,,,,,,,,800970154,80097015400020,95.11Z,,,,,,,,,,,sirene,
EURO-IMPACT,,,a contacter,,,,,,,,,,,,depannage,Reparation d'ordinateurs et d'equipements peripheriques,SAINT-OUEN-L'AUMONE,,95,,,,,,,,,,,,,,,,,,,,,,,,,,,,,,,383096203,38309620300039,95.11Z,,,,,,,,,,,sirene,
FABRE,,,a contacter,,,,,,,,,,,,depannage,Reparation d'appareils electromenagers et d'equipements pour la maison et le jardin,LA CHAPELLE-SAINT-AUBIN,,72,,,,,,,,,,,,,,,,,,,,,,,,,,,,,,,528754930,52875493000014,95.22Z,,,,,,,,,,,sirene,
FACTORIA V2L,C,0,a contacter,,,,,,,,,,,,depannage,Reparation d'ordinateurs et d'equipements peripheriques,LE MANS,,72,,,,,,,https://www.pappers.fr/entreprise/820781961,https://annuaire-entreprises.data.gouv.fr/entreprise/820781961,https://www.google.com/maps/search/?api=1&query=FACTORIA+V2L+LE+MANS,https://www.google.com/search?q=FACTORIA+V2L+LE+MANS,https://www.linkedin.com/search/results/companies/?keywords=FACTORIA+V2L,https://www.pagesjaunes.fr/annuaire/chercherlespros?quoiqui=FACTORIA+V2L&ou=LE+MANS,https://www.societe.com/cgi-bin/search?champs=820781961,,,,,,,,,,,,,,,,FR22820781961,,820781961,82078196100041,95.11Z,,,,,,,,non,oui,2026-08-08,sirene,
FAST EUROPE,,,a contacter,,,,,,,,,,,,depannage,Reparation de produits electroniques grand public,BERNOLSHEIM,,67,,,,,,,,,,,,,,,,,,,,,,,,,,,,,,,392217980,39221798000078,95.21Z,,,,,,,,,,,sirene,
GESTION ET ORGANISATION DES DOCUMENTS ELECTRONIQUES,,,a contacter,,,,,,,,,,,,depannage,Reparation d'ordinateurs et d'equipements peripheriques,SAINT-DENIS,,974,,,,,,,,,,,,,,,,,,,,,,,,,,,,,,,433463825,43346382500045,95.11Z,,,,,,,,,,,sirene,
GILLES CAMPOY,,,a contacter,,,,,,,,,,,,depannage,Reparation de produits electroniques grand public,LYON 6EME,,69,,,,,,,,,,,,,,,,,,,,,,,,,,,,,,,383064680,38306468000028,95.21Z,,,,,,,,,,,sirene,
GP DEPANNAGE,,,a contacter,,,,,,,,,,,,depannage,Reparation d'appareils electromenagers et d'equipements pour la maison et le jardin,LE MANS,,72,,,,,,,,,,,,,,,,,,,,,,,,,,,,,,,508089315,50808931500016,95.22Z,,,,,,,,,,,sirene,
GUYANE SERVICES PLUS SARL,,,a contacter,,,,,,,,,,,,depannage,Reparation d'appareils electromenagers et d'equipements pour la maison et le jardin,MATOURY,,973,,,,,,,,,,,,,,,,,,,,,,,,,,,,,,,385253828,38525382800029,95.22Z,,,,,,,,,,,sirene,
HITEK PRODUCTION SARL,,,a contacter,,,,,,,,,,,,depannage,Reparation d'ordinateurs et d'equipements peripheriques,APPOIGNY,,89,,,,,,,,,,,,,,,,,,,,,,,,,,,,,,,482527835,48252783500011,95.11Z,,,,,,,,,,,sirene,
IAF,,,a contacter,,,,,,,,,,,,depannage,Reparation d'ordinateurs et d'equipements peripheriques,CHAMPS-SUR-MARNE,,77,,,,,,,,,,,,,,,,,,,,,,,,,,,,,,,513569053,51356905300038,95.11Z,,,,,,,,,,,sirene,
INFO 80,,,a contacter,,,,,,,,,,,,depannage,Reparation d'ordinateurs et d'equipements peripheriques,AMIENS,,80,,,,,,,,,,,,,,,,,,,,,,,,,,,,,,,797539731,79753973100035,95.11Z,,,,,,,,,,,sirene,
INFOPRO45,,,a contacter,,,,,,,,,,,,depannage,Reparation d'ordinateurs et d'equipements peripheriques,PITHIVIERS,,45,,,,,,,,,,,,,,,,,,,,,,,,,,,,,,,535138341,53513834100024,95.11Z,,,,,,,,,,,sirene,
INFORMATIQUE MEDICALE CONSEIL,,,a contacter,,,,,,,,,,,,depannage,Reparation d'ordinateurs et d'equipements peripheriques,OBERHAUSBERGEN,,67,,,,,,,,,,,,,,,,,,,,,,,,,,,,,,,479187726,47918772600043,95.11Z,,,,,,,,,,,sirene,
IS2-INFORMATIQUE SERVICE SUPPORT,,,a contacter,,,,,,,,,,,,depannage,Reparation d'ordinateurs et d'equipements peripheriques,CAYENNE,,973,,,,,,,,,,,,,,,,,,,,,,,,,,,,,,,419020144,41902014400103,95.11Z,,,,,,,,,,,sirene,
ISICOM.COM,,,a contacter,,,,,,,,,,,,depannage,Reparation d'ordinateurs et d'equipements peripheriques,NOGENT-SUR-OISE,,60,,,,,,,,,,,,,,,,,,,,,,,,,,,,,,,433728706,43372870600022,95.11Z,,,,,,,,,,,sirene,
ITTEC GROUP,,,a contacter,,,,,,,,,,,,depannage,Reparation d'ordinateurs et d'equipements peripheriques,TREMBLAY-EN-FRANCE,,93,,,,,,,,,,,,,,,,,,,,,,,,,,,,,,,488755984,48875598400025,95.11Z,,,,,,,,,,,sirene,
JAYET MAINTENANCE,,,a contacter,,,,,,,,,,,,depannage,Reparation d'appareils electromenagers et d'equipements pour la maison et le jardin,MACON,,71,,,,,,,,,,,,,,,,,,,,,,,,,,,,,,,419304621,41930462100032,95.22Z,,,,,,,,,,,sirene,
JEAN BARNETCHE,,,a contacter,,,,,,,,,,,,depannage,Reparation d'appareils electromenagers et d'equipements pour la maison et le jardin,BAYONNE,,64,,,,,,,,,,,,,,,,,,,,,,,,,,,,,,,692713043,69271304300085,95.22Z,,,,,,,,,,,sirene,
KADYS,,,a contacter,,,,,,,,,,,,depannage,Reparation d'ordinateurs et d'equipements peripheriques,MONTAUBAN,,82,,,,,,,,,,,,,,,,,,,,,,,,,,,,,,,518730619,51873061900039,95.11Z,,,,,,,,,,,sirene,
KOESIO EST,C,0,a contacter,,,,,,,,,,,,depannage,Reparation d'ordinateurs et d'equipements peripheriques,CHEMAUDIN ET VAUX,,25,,,,,,,https://www.pappers.fr/entreprise/344657655,https://annuaire-entreprises.data.gouv.fr/entreprise/344657655,https://www.google.com/maps/search/?api=1&query=KOESIO+EST+CHEMAUDIN+ET+VAUX,https://www.google.com/search?q=KOESIO+EST+CHEMAUDIN+ET+VAUX,https://www.linkedin.com/search/results/companies/?keywords=KOESIO+EST,https://www.pagesjaunes.fr/annuaire/chercherlespros?quoiqui=KOESIO+EST&ou=CHEMAUDIN+ET+VAUX,https://www.societe.com/cgi-bin/search?champs=344657655,,,,,,,,,,,,,,,,FR22344657655,,344657655,34465765500181,95.11Z,,,,,,,,non,oui,2026-08-06,sirene,
LAMAS-TECHNOLOGIES,,,a contacter,,,,,,,,,,,,depannage,Reparation d'ordinateurs et d'equipements peripheriques,FLEURY-LES-AUBRAIS,,45,,,,,,,,,,,,,,,,,,,,,,,,,,,,,,,511872087,51187208700040,95.11Z,,,,,,,,,,,sirene,
LE GSM SERVICES,,,a contacter,,,,,,,,,,,,depannage,Reparation de produits electroniques grand public,IVRY-SUR-SEINE,,94,,,,,,,,,,,,,,,,,,,,,,,,,,,,,,,852350925,85235092500024,95.21Z,,,,,,,,,,,sirene,
LEMON GROUP,,,a contacter,,,,,,,,,,,,depannage,Reparation d'ordinateurs et d'equipements peripheriques,FLEVILLE-DEVANT-NANCY,,54,,,,,,,,,,,,,,,,,,,,,,,,,,,,,,,508977600,50897760000057,95.11Z,,,,,,,,,,,sirene,
LETMEREPAIR FRANCE,,,a contacter,,,,,,,,,,,,depannage,Reparation d'appareils electromenagers et d'equipements pour la maison et le jardin,LA ROCHE-SUR-YON,,85,,,,,,,,,,,,,,,,,,,,,,,,,,,,,,,502343643,50234364300024,95.22Z,,,,,,,,,,,sirene,
LOGIN,,,a contacter,,,,,,,,,,,,depannage,Reparation d'ordinateurs et d'equipements peripheriques,CAMBRAI,,59,,,,,,,,,,,,,,,,,,,,,,,,,,,,,,,453463135,45346313500047,95.11Z,,,,,,,,,,,sirene,
LOIRE MS,,,a contacter,,,,,,,,,,,,depannage,Reparation d'appareils electromenagers et d'equipements pour la maison et le jardin,CAMPBON,,44,,,,,,,,,,,,,,,,,,,,,,,,,,,,,,,905060992,90506099200039,95.22Z,,,,,,,,,,,sirene,
M S S,,,a contacter,,,,,,,,,,,,depannage,Reparation d'ordinateurs et d'equipements peripheriques,NOISY-LE-GRAND,,93,,,,,,,,,,,,,,,,,,,,,,,,,,,,,,,421383019,42138301900021,95.11Z,,,,,,,,,,,sirene,
M.A.G. MULTISERVICE,C,0,a contacter,,,,,,,,,,,,depannage,Reparation d'appareils electromenagers et d'equipements pour la maison et le jardin,CARVIN,,62,,,,,,,https://www.pappers.fr/entreprise/825288665,https://annuaire-entreprises.data.gouv.fr/entreprise/825288665,https://www.google.com/maps/search/?api=1&query=M.A.G.+MULTISERVICE+CARVIN,https://www.google.com/search?q=M.A.G.+MULTISERVICE+CARVIN,https://www.linkedin.com/search/results/companies/?keywords=M.A.G.+MULTISERVICE,https://www.pagesjaunes.fr/annuaire/chercherlespros?quoiqui=M.A.G.+MULTISERVICE&ou=CARVIN,https://www.societe.com/cgi-bin/search?champs=825288665,,,,,,,,,,,,,,,,FR80825288665,,825288665,82528866500037,95.22Z,,,,,,,,non,oui,2026-08-04,sirene,
M3S VIDEO SERVICES,,,a contacter,,,,,,,,,,,,depannage,Reparation de produits electroniques grand public,LA VERRIERE,,78,,,,,,,,,,,,,,,,,,,,,,,,,,,,,,,408483840,40848384000026,95.21Z,,,,,,,,,,,sirene,
MAINTENANCE 972,,,a contacter,,,,,,,,,,,,depannage,Reparation d'ordinateurs et d'equipements peripheriques,LE LAMENTIN,,972,,,,,,,,,,,,,,,,,,,,,,,,,,,,,,,448849596,44884959600011,95.11Z,,,,,,,,,,,sirene,
MAINTENANCE 974,,,a contacter,,,,,,,,,,,,depannage,Reparation d'ordinateurs et d'equipements peripheriques,LE PORT,,974,,,,,,,,,,,,,,,,,,,,,,,,,,,,,,,445267198,44526719800023,95.11Z,,,,,,,,,,,sirene,
MB CLOUD,,,a contacter,,,,,,,,,,,,depannage,Reparation d'ordinateurs et d'equipements peripheriques,MONTARGIS,,45,,,,,,,,,,,,,,,,,,,,,,,,,,,,,,,813138211,81313821100012,95.11Z,,,,,,,,,,,sirene,
MEDIA BUREAUTIQUE,,,a contacter,,,,,,,,,,,,depannage,Reparation d'ordinateurs et d'equipements peripheriques,SAINT-AVE,,56,,,,,,,,,,,,,,,,,,,,,,,,,,,,,,,383686995,38368699500036,95.11Z,,,,,,,,,,,sirene,
MENA ISERE SERVICE,,,a contacter,,,,,,,,,,,,depannage,Reparation d'appareils electromenagers et d'equipements pour la maison et le jardin,SEYSSINET-PARISET,,38,,,,,,,,,,,,,,,,,,,,,,,,,,,,,,,379246614,37924661400042,95.22Z,,,,,,,,,,,sirene,
MFI,,,a contacter,,,,,,,,,,,,depannage,Reparation d'ordinateurs et d'equipements peripheriques,BORGO,,2B,,,,,,,,,,,,,,,,,,,,,,,,,,,,,,,479640807,47964080700026,95.11Z,,,,,,,,,,,sirene,
MONETIK ALIZES,,,a contacter,,,,,,,,,,,,depannage,Reparation d'ordinateurs et d'equipements peripheriques,BAIE-MAHAULT,,971,,,,,,,,,,,,,,,,,,,,,,,,,,,,,,,400873592,40087359200036,95.11Z,,,,,,,,,,,sirene,
NCR ANTILLES,,,a contacter,,,,,,,,,,,,depannage,Reparation d'ordinateurs et d'equipements peripheriques,BAIE-MAHAULT,,971,,,,,,,,,,,,,,,,,,,,,,,,,,,,,,,324824887,32482488700016,95.11Z,,,,,,,,,,,sirene,
NEW ERA DIGITAL,,,a contacter,,,,,,,,,,,,depannage,Reparation de produits electroniques grand public,BAIE-MAHAULT,,971,,,,,,,,,,,,,,,,,,,,,,,,,,,,,,,887850287,88785028700012,95.21Z,,,,,,,,,,,sirene,
NUMERIK'S,,,a contacter,,,,,,,,,,,,depannage,Reparation d'ordinateurs et d'equipements peripheriques,BOURGOIN-JALLIEU,,38,,,,,,,,,,,,,,,,,,,,,,,,,,,,,,,483647681,48364768100046,95.11Z,,,,,,,,,,,sirene,
OCI 77,,,a contacter,,,,,,,,,,,,depannage,Reparation d'ordinateurs et d'equipements peripheriques,SAINT-PRIEST,,69,,,,,,,,,,,,,,,,,,,,,,,,,,,,,,,493462816,49346281600072,95.11Z,,,,,,,,,,,sirene,
OCTIS,,,a contacter,,,,,,,,,,,,depannage,Reparation d'ordinateurs et d'equipements peripheriques,POITIERS,,86,,,,,,,,,,,,,,,,,,,,,,,,,,,,,,,493337851,49333785100072,95.11Z,,,,,,,,,,,sirene,
ONEWORLD,,,a contacter,,,,,,,,,,,,depannage,Reparation d'appareils electromenagers et d'equipements pour la maison et le jardin,PARIS,,75,,,,,,,,,,,,,,,,,,,,,,,,,,,,,,,537728370,53772837000017,95.22Z,,,,,,,,,,,sirene,
PARIS OUEST - SERVICES TECHNIQUES,,,a contacter,,,,,,,,,,,,depannage,Reparation d'appareils electromenagers et d'equipements pour la maison et le jardin,SAINT-DENIS,,93,,,,,,,,,,,,,,,,,,,,,,,,,,,,,,,814816500,81481650000023,95.22Z,,,,,,,,,,,sirene,
PARTENAIRES MAINTENANCE SERVICES ET SOLUTIONS,,,a contacter,,,,,,,,,,,,depannage,Reparation d'ordinateurs et d'equipements peripheriques,MAGNY-LES-HAMEAUX,,78,,,,,,,,,,,,,,,,,,,,,,,,,,,,,,,500403126,50040312600054,95.11Z,,,,,,,,,,,sirene,
PIX'CELLE,,,a contacter,,,,,,,,,,,,depannage,Reparation d'ordinateurs et d'equipements peripheriques,BUSSY-SAINT-GEORGES,,77,,,,,,,,,,,,,,,,,,,,,,,,,,,,,,,480550870,48055087000020,95.11Z,,,,,,,,,,,sirene,
POINT MULTI SERVICES PRESTATIONS,,,a contacter,,,,,,,,,,,,depannage,Reparation d'appareils electromenagers et d'equipements pour la maison et le jardin,LES ABYMES,,971,,,,,,,,,,,,,,,,,,,,,,,,,,,,,,,434262127,43426212700039,95.22Z,,,,,,,,,,,sirene,
PPARFAIT,,,a contacter,,,,,,,,,,,,depannage,Reparation d'ordinateurs et d'equipements peripheriques,AGNEAUX,,50,,,,,,,,,,,,,,,,,,,,,,,,,,,,,,,501075329,50107532900042,95.11Z,,,,,,,,,,,sirene,
PRESTATIONS MAINTENANCE CASH,,,a contacter,,,,,,,,,,,,depannage,Reparation d'ordinateurs et d'equipements peripheriques,LES LILAS,,93,,,,,,,,,,,,,,,,,,,,,,,,,,,,,,,451372783,45137278300022,95.11Z,,,,,,,,,,,sirene,
PRESTINFO MAINTENANCE,,,a contacter,,,,,,,,,,,,depannage,Reparation d'ordinateurs et d'equipements peripheriques,TERNAY,,69,,,,,,,,,,,,,,,,,,,,,,,,,,,,,,,413939976,41393997600085,95.11Z,,,,,,,,,,,sirene,
PRO MAINTENANCE PC,,,a contacter,,,,,,,,,,,,depannage,Reparation d'ordinateurs et d'equipements peripheriques,PONTOISE,,95,,,,,,,,,,,,,,,,,,,,,,,,,,,,,,,524169497,52416949700046,95.11Z,,,,,,,,,,,sirene,
RBI INFORMATIQUE,,,a contacter,,,,,,,,,,,,depannage,Reparation d'ordinateurs et d'equipements peripheriques,RENNES,,35,,,,,,,,,,,,,,,,,,,,,,,,,,,,,,,481576346,48157634600011,95.11Z,,,,,,,,,,,sirene,
RCC ELECTRONIQUE,,,a contacter,,,,,,,,,,,,depannage,Reparation de produits electroniques grand public,SAINT-FULGENT,,85,,,,,,,,,,,,,,,,,,,,,,,,,,,,,,,793322223,79332222300033,95.21Z,,,,,,,,,,,sirene,
REPRO-IT,,,a contacter,,,,,,,,,,,,depannage,Reparation d'ordinateurs et d'equipements peripheriques,LILLE,,59,,,,,,,,,,,,,,,,,,,,,,,,,,,,,,,392871364,39287136400023,95.11Z,,,,,,,,,,,sirene,
RESEAUX BUREAUTIQUE,,,a contacter,,,,,,,,,,,,depannage,Reparation d'ordinateurs et d'equipements peripheriques,MONTREUIL,,93,,,,,,,,,,,,,,,,,,,,,,,,,,,,,,,429992753,42999275300021,95.11Z,,,,,,,,,,,sirene,
REUNION SERVICES PLUS,,,a contacter,,,,,,,,,,,,depannage,Reparation d'appareils electromenagers et d'equipements pour la maison et le jardin,SAINT-PAUL,,974,,,,,,,,,,,,,,,,,,,,,,,,,,,,,,,503905028,50390502800018,95.22Z,,,,,,,,,,,sirene,
ROUX SERVICES,,,a contacter,,,,,,,,,,,,depannage,Reparation d'ordinateurs et d'equipements peripheriques,KERVIGNAC,,56,,,,,,,,,,,,,,,,,,,,,,,,,,,,,,,509908182,50990818200033,95.11Z,,,,,,,,,,,sirene,
S.A.V SCHIEVER,,,a contacter,,,,,,,,,,,,depannage,Reparation d'appareils electromenagers et d'equipements pour la maison et le jardin,AVALLON,,89,,,,,,,,,,,,,,,,,,,,,,,,,,,,,,,439792227,43979222700019,95.22Z,,,,,,,,,,,sirene,
SARL ARD COM,,,a contacter,,,,,,,,,,,,depannage,Reparation d'ordinateurs et d'equipements peripheriques,MARCQ-EN-BARŒUL,,59,,,,,,,,,,,,,,,,,,,,,,,,,,,,,,,480873504,48087350400025,95.11Z,,,,,,,,,,,sirene,
SARL DECLIC INFO,,,a contacter,,,,,,,,,,,,depannage,Reparation d'ordinateurs et d'equipements peripheriques,CAUDRY,,59,,,,,,,,,,,,,,,,,,,,,,,,,,,,,,,508336245,50833624500016,95.11Z,,,,,,,,,,,sirene,
SARL INDRE SERVICES INFORMATIQUES,,,a contacter,,,,,,,,,,,,depannage,Reparation d'ordinateurs et d'equipements peripheriques,CHATEAUROUX,,36,,,,,,,,,,,,,,,,,,,,,,,,,,,,,,,393824818,39382481800024,95.11Z,,,,,,,,,,,sirene,
SARL SUD ELECTRO MECA,C,0,a contacter,,,,,,,,,,,,depannage,Reparation d'appareils electromenagers et d'equipements pour la maison et le jardin,MARSEILLE,,13,,,,,,,https://www.pappers.fr/entreprise/424080786,https://annuaire-entreprises.data.gouv.fr/entreprise/424080786,https://www.google.com/maps/search/?api=1&query=SARL+SUD+ELECTRO+MECA+MARSEILLE,https://www.google.com/search?q=SARL+SUD+ELECTRO+MECA+MARSEILLE,https://www.linkedin.com/search/results/companies/?keywords=SARL+SUD+ELECTRO+MECA,https://www.pagesjaunes.fr/annuaire/chercherlespros?quoiqui=SARL+SUD+ELECTRO+MECA&ou=MARSEILLE,https://www.societe.com/cgi-bin/search?champs=424080786,,,,,,,,,,,,,,,,FR70424080786,,424080786,42408078600017,95.22Z,,,,,,,,non,oui,2026-08-04,sirene,
SARL THOMAS,,,a contacter,,,,,,,,,,,,depannage,Reparation d'appareils electromenagers et d'equipements pour la maison et le jardin,TOURS,,37,,,,,,,,,,,,,,,,,,,,,,,,,,,,,,,389724030,38972403000025,95.22Z,,,,,,,,,,,sirene,
SAS DESMELIE,,,a contacter,,,,,,,,,,,,depannage,Reparation d'appareils electromenagers et d'equipements pour la maison et le jardin,BAILLEUL,,59,,,,,,,,,,,,,,,,,,,,,,,,,,,,,,,508413382,50841338200021,95.22Z,,,,,,,,,,,sirene,
SAV LECLERC-EST,C,0,a contacter,,,,,,,,,,,,depannage,Reparation d'appareils electromenagers et d'equipements pour la maison et le jardin,WITRY-LES-REIMS,,51,,,,,,,https://www.pappers.fr/entreprise/408998193,https://annuaire-entreprises.data.gouv.fr/entreprise/408998193,https://www.google.com/maps/search/?api=1&query=SAV+LECLERC-EST+WITRY-LES-REIMS,https://www.google.com/search?q=SAV+LECLERC-EST+WITRY-LES-REIMS,https://www.linkedin.com/search/results/companies/?keywords=SAV+LECLERC-EST,https://www.pagesjaunes.fr/annuaire/chercherlespros?quoiqui=SAV+LECLERC-EST&ou=WITRY-LES-REIMS,https://www.societe.com/cgi-bin/search?champs=408998193,,,,,,,,,,,,,,,,FR75408998193,,408998193,40899819300069,95.22Z,,,,,,,,non,oui,2026-08-02,sirene,
SC SAV,,,a contacter,,,,,,,,,,,,depannage,Reparation d'ordinateurs et d'equipements peripheriques,LISSES,,91,,,,,,,,,,,,,,,,,,,,,,,,,,,,,,,438106320,43810632000064,95.11Z,,,,,,,,,,,sirene,
SCHNEIDER CONSUMER SERVICES,,,a contacter,,,,,,,,,,,,depannage,Reparation de produits electroniques grand public,ROSNY-SOUS-BOIS,,93,,,,,,,,,,,,,,,,,,,,,,,,,,,,,,,489205583,48920558300037,95.21Z,,,,,,,,,,,sirene,
SDHV,,,a contacter,,,,,,,,,,,,depannage,Reparation d'appareils electromenagers et d'equipements pour la maison et le jardin,SAINT-MAURICE-SUR-MOSELLE,,88,,,,,,,,,,,,,,,,,,,,,,,,,,,,,,,819469263,81946926300043,95.22Z,,,,,,,,,,,sirene,
SEMA,,,a contacter,,,,,,,,,,,,depannage,Reparation d'ordinateurs et d'equipements peripheriques,SAINT-DENIS,,974,,,,,,,,,,,,,,,,,,,,,,,,,,,,,,,322452848,32245284800029,95.11Z,,,,,,,,,,,sirene,
SERVICE NORD,,,a contacter,,,,,,,,,,,,depannage,Reparation d'appareils electromenagers et d'equipements pour la maison et le jardin,FRETIN,,59,,,,,,,,,,,,,,,,,,,,,,,,,,,,,,,314239179,31423917900026,95.22Z,,,,,,,,,,,sirene,
SOCIETE LANGUEDOC DEPANNAGE DOMICILE,C,0,a contacter,,,,,,,,,,,,depannage,Reparation d'appareils electromenagers et d'equipements pour la maison et le jardin,MONTPELLIER,,34,,,,,,,https://www.pappers.fr/entreprise/339590028,https://annuaire-entreprises.data.gouv.fr/entreprise/339590028,https://www.google.com/maps/search/?api=1&query=SOCIETE+LANGUEDOC+DEPANNAGE+DOMICILE+MONTPELLIER,https://www.google.com/search?q=SOCIETE+LANGUEDOC+DEPANNAGE+DOMICILE+MONTPELLIER,https://www.linkedin.com/search/results/companies/?keywords=SOCIETE+LANGUEDOC+DEPANNAGE+DOMICILE,https://www.pagesjaunes.fr/annuaire/chercherlespros?quoiqui=SOCIETE+LANGUEDOC+DEPANNAGE+DOMICILE&ou=MONTPELLIER,https://www.societe.com/cgi-bin/search?champs=339590028,,,,,,,,,,,,,,,,FR48339590028,,339590028,33959002800017,95.22Z,,,,,,,,non,oui,2026-08-10,sirene,
SOLUTIONS 30 IT FRANCE,,,a contacter,,,,,,,,,,,,depannage,Reparation d'ordinateurs et d'equipements peripheriques,SAINT-DENIS,,93,,,,,,,,,,,,,,,,,,,,,,,,,,,,,,,824609739,82460973900027,95.11Z,,,,,,,,,,,sirene,
SOPRESIE,,,a contacter,,,,,,,,,,,,depannage,Reparation de produits electroniques grand public,MONTLIGNON,,95,,,,,,,,,,,,,,,,,,,,,,,,,,,,,,,389373416,38937341600038,95.21Z,,,,,,,,,,,sirene,
STRASBOURG MULTISERVICE,,,a contacter,,,,,,,,,,,,depannage,Reparation d'appareils electromenagers et d'equipements pour la maison et le jardin,ILLKIRCH-GRAFFENSTADEN,,67,,,,,,,,,,,,,,,,,,,,,,,,,,,,,,,902513928,90251392800033,95.22Z,,,,,,,,,,,sirene,
SYNTAXE ERREUR 2.0,,,a contacter,,,,,,,,,,,,depannage,Reparation d'ordinateurs et d'equipements peripheriques,GUEUGNON,,71,,,,,,,,,,,,,,,,,,,,,,,,,,,,,,,818111916,81811191600024,95.11Z,,,,,,,,,,,sirene,
SYSTHEN,,,a contacter,,,,,,,,,,,,depannage,Reparation d'ordinateurs et d'equipements peripheriques,SAINT-QUENTIN-FALLAVIER,,38,,,,,,,,,,,,,,,,,,,,,,,,,,,,,,,429944416,42994441600024,95.11Z,,,,,,,,,,,sirene,
TECH ONLY,,,a contacter,,,,,,,,,,,,depannage,Reparation d'ordinateurs et d'equipements peripheriques,SAINT-ETIENNE,,42,,,,,,,,,,,,,,,,,,,,,,,,,,,,,,,843273061,84327306100039,95.11Z,,,,,,,,,,,sirene,
TELIMA INFOSERVICES,,,a contacter,,,,,,,,,,,,depannage,Reparation d'ordinateurs et d'equipements peripheriques,MARLY-LA-VILLE,,95,,,,,,,,,,,,,,,,,,,,,,,,,,,,,,,751319724,75131972400058,95.11Z,,,,,,,,,,,sirene,
TELIMA NORD,,,a contacter,,,,,,,,,,,,depannage,Reparation d'ordinateurs et d'equipements peripheriques,SAINT-DENIS,,93,,,,,,,,,,,,,,,,,,,,,,,,,,,,,,,505203000,50520300000045,95.11Z,,,,,,,,,,,sirene,
THERMO ELECTRON SAS,,,a contacter,,,,,,,,,,,,depannage,Reparation de produits electroniques grand public,VILLEBON-SUR-YVETTE,,91,,,,,,,,,,,,,,,,,,,,,,,,,,,,,,,326556578,32655657800069,95.21Z,,,,,,,,,,,sirene,
THOMAS,,,a contacter,,,,,,,,,,,,depannage,Reparation d'appareils electromenagers et d'equipements pour la maison et le jardin,GERARDMER,,88,,,,,,,,,,,,,,,,,,,,,,,,,,,,,,,521359026,52135902600023,95.22Z,,,,,,,,,,,sirene,
TIDF,,,a contacter,,,,,,,,,,,,depannage,Reparation d'ordinateurs et d'equipements peripheriques,RUNGIS,,94,,,,,,,,,,,,,,,,,,,,,,,,,,,,,,,310370887,31037088700153,95.11Z,,,,,,,,,,,sirene,
TOUILLER ORGANISATION,,,a contacter,,,,,,,,,,,,depannage,Reparation d'ordinateurs et d'equipements peripheriques,LAVAL,,53,,,,,,,,,,,,,,,,,,,,,,,,,,,,,,,307963397,30796339700053,95.11Z,,,,,,,,,,,sirene,
TOULOUSE NUMERIQUE COMMUNICATION,C,0,a contacter,,,,,,,,,,,,depannage,Reparation d'appareils electromenagers et d'equipements pour la maison et le jardin,TALENCE,,33,,,,,,,https://www.pappers.fr/entreprise/880425459,https://annuaire-entreprises.data.gouv.fr/entreprise/880425459,https://www.google.com/maps/search/?api=1&query=TOULOUSE+NUMERIQUE+COMMUNICATION+TALENCE,https://www.google.com/search?q=TOULOUSE+NUMERIQUE+COMMUNICATION+TALENCE,https://www.linkedin.com/search/results/companies/?keywords=TOULOUSE+NUMERIQUE+COMMUNICATION,https://www.pagesjaunes.fr/annuaire/chercherlespros?quoiqui=TOULOUSE+NUMERIQUE+COMMUNICATION&ou=TALENCE,https://www.societe.com/cgi-bin/search?champs=880425459,,,,,,,,,,,,,,,,FR48880425459,,880425459,88042545900018,95.22Z,,,,,,,,non,oui,2026-08-09,sirene,
TV- MENAGER SERVICE,,,a contacter,,,,,,,,,,,,depannage,Reparation d'appareils electromenagers et d'equipements pour la maison et le jardin,LES SABLES D'OLONNE,,85,,,,,,,,,,,,,,,,,,,,,,,,,,,,,,,790130025,79013002500030,95.22Z,,,,,,,,,,,sirene,
VOTRE BUREAU,,,a contacter,,,,,,,,,,,,depannage,Reparation d'ordinateurs et d'equipements peripheriques,MACON,,71,,,,,,,,,,,,,,,,,,,,,,,,,,,,,,,686750183,68675018300077,95.11Z,,,,,,,,,,,sirene,
XBLINE,,,a contacter,,,,,,,,,,,,depannage,Reparation d'ordinateurs et d'equipements peripheriques,BRIGNAIS,,69,,,,,,,,,,,,,,,,,,,,,,,,,,,,,,,531083210,53108321000033,95.11Z,,,,,,,,,,,sirene,
XEFI GRAND LYON,,,a contacter,,,,,,,,,,,,depannage,Reparation d'ordinateurs et d'equipements peripheriques,RILLIEUX-LA-PAPE,,69,,,,,,,,,,,,,,,,,,,,,,,,,,,,,,,412378895,41237889500053,95.11Z,,,,,,,,,,,sirene,
