nom,tier,score,statut,date_contact,canal,date_relance,notes,produit,montant_vendu,date_vente,paye,montant_encaisse,commission,statut_livraison,type,libelle,commune,cp,departement,telephone,email,email_status,dirigeant,qualite,raisons,lien_pappers,lien_annuaire,lien_maps,lien_google,lien_linkedin_rech,lien_pagesjaunes,lien_societe,lien_trustpilot,linkedin,domain,effectif,categorie,nb_etablissements_ouverts,nb_etablissements,ca,resultat_net,annee_finances,anciennete,date_creation,nature_juridique,labels,idcc,tva_intra,etat,siren,siret,naf,adresse,latitude,longitude,email_source,email_perso,autres_emails,autres_dirigeants,a_site,web_fait,date_enrichi,source,ville
1 R CLIMATISE,,,a contacter,,,,,,,,,,,,cvc,,COMPIEGNE,,60,,,,,,,,,,,,,,,,,,,,,,,,,,,,,,,442187498,44218749800021,43.22B,,,,,,,,,,,sirene,
2 BSO,,,a contacter,,,,,,,,,,,,cvc,,CHASSENEUIL-DU-POITOU,,86,,,,,,,,,,,,,,,,,,,,,,,,,,,,,,,804053668,80405366800013,43.22B,,,,,,,,,,,sirene,
2AVF ENERGIES,,,a contacter,,,,,,,,,,,,cvc,,SAINT-ELIX-LE-CHATEAU,,31,,,,,,,,,,,,,,,,,,,,,,,,,,,,,,,511007734,51100773400029,43.22B,,,,,,,,,,,sirene,
2B CLIM,,,a contacter,,,,,,,,,,,,cvc,,MIONS,,69,,,,,,,,,,,,,,,,,,,,,,,,,,,,,,,480990142,48099014200055,43.22B,,,,,,,,,,,sirene,
2BPRO,,,a contacter,,,,,,,,,,,,cvc,,CHERBOURG-EN-COTENTIN,,50,,,,,,,,,,,,,,,,,,,,,,,,,,,,,,,501217053,50121705300047,43.22A,,,,,,,,,,,sirene,
2C ENERGIES,,,a contacter,,,,,,,,,,,,cvc,,PRESLES,,95,,,,,,,,,,,,,,,,,,,,,,,,,,,,,,,841156599,84115659900026,43.22B,,,,,,,,,,,sirene,
2D PLOMBERIE,,,a contacter,,,,,,,,,,,,cvc,,CALAIS,,62,,,,,,,,,,,,,,,,,,,,,,,,,,,,,,,823100656,82310065600029,43.22A,,,,,,,,,,,sirene,
2L CONTRACTING,,,a contacter,,,,,,,,,,,,cvc,,ROUVIGNIES,,59,,,,,,,,,,,,,,,,,,,,,,,,,,,,,,,954080826,95408082600025,43.22B,,,,,,,,,,,sirene,
2L-ISOLATION,,,a contacter,,,,,,,,,,,,cvc,,LE PETIT-QUEVILLY,,76,,,,,,,,,,,,,,,,,,,,,,,,,,,,,,,800450363,80045036300018,43.29A,,,,,,,,,,,sirene,
2R ISOLATION,,,a contacter,,,,,,,,,,,,cvc,,SAINT-PIERRE-DU-PERRAY,,91,,,,,,,,,,,,,,,,,,,,,,,,,,,,,,,521958058,52195805800054,43.29A,,,,,,,,,,,sirene,
3 B CLIM,,,a contacter,,,,,,,,,,,,cvc,,MASSY,,91,,,,,,,,,,,,,,,,,,,,,,,,,,,,,,,492919964,49291996400022,43.22B,,,,,,,,,,,sirene,
3 DEGRES FARENEIT,,,a contacter,,,,,,,,,,,,cvc,,SARTROUVILLE,,78,,,,,,,,,,,,,,,,,,,,,,,,,,,,,,,429410079,42941007900033,43.22B,,,,,,,,,,,sirene,
3C CLIMATISATION,,,a contacter,,,,,,,,,,,,cvc,,CROISSY-BEAUBOURG,,77,,,,,,,,,,,,,,,,,,,,,,,,,,,,,,,824311856,82431185600051,43.22B,,,,,,,,,,,sirene,
3S,,,a contacter,,,,,,,,,,,,cvc,,LAUNAGUET,,31,,,,,,,,,,,,,,,,,,,,,,,,,,,,,,,509007274,50900727400020,43.22A,,,,,,,,,,,sirene,
3ZCVC,,,a contacter,,,,,,,,,,,,cvc,,POMPIGNAC,,33,,,,,,,,,,,,,,,,,,,,,,,,,,,,,,,830472502,83047250200020,43.22A,,,,,,,,,,,sirene,
60 DEGRES,,,a contacter,,,,,,,,,,,,cvc,,BEAUVAIS,,60,,,,,,,,,,,,,,,,,,,,,,,,,,,,,,,508065034,50806503400037,43.22B,,,,,,,,,,,sirene,
A 2 R,,,a contacter,,,,,,,,,,,,cvc,,RETIERS,,35,,,,,,,,,,,,,,,,,,,,,,,,,,,,,,,433088747,43308874700020,43.22A,,,,,,,,,,,sirene,
A C 13,,,a contacter,,,,,,,,,,,,cvc,,BOUC-BEL-AIR,,13,,,,,,,,,,,,,,,,,,,,,,,,,,,,,,,480956697,48095669700076,43.22B,,,,,,,,,,,sirene,
A C E P,,,a contacter,,,,,,,,,,,,cvc,,SAMAZAN,,47,,,,,,,,,,,,,,,,,,,,,,,,,,,,,,,418540431,41854043100024,43.22B,,,,,,,,,,,sirene,
A C T - GRANULECO,,,a contacter,,,,,,,,,,,,cvc,,BARCELONNE-DU-GERS,,32,,,,,,,,,,,,,,,,,,,,,,,,,,,,,,,532159712,53215971200035,43.22B,,,,,,,,,,,sirene,
A M ISOLATION,,,a contacter,,,,,,,,,,,,cvc,,YEBLERON,,76,,,,,,,,,,,,,,,,,,,,,,,,,,,,,,,793872318,79387231800035,43.29A,,,,,,,,,,,sirene,
A M J SARL,,,a contacter,,,,,,,,,,,,cvc,,SAINTE-MARIE,,974,,,,,,,,,,,,,,,,,,,,,,,,,,,,,,,438776627,43877662700020,43.22A,,,,,,,,,,,sirene,
A T C S,,,a contacter,,,,,,,,,,,,cvc,,TRELAZE,,49,,,,,,,,,,,,,,,,,,,,,,,,,,,,,,,434579850,43457985000018,43.22B,,,,,,,,,,,sirene,
A V R PLOMBERIE,,,a contacter,,,,,,,,,,,,cvc,,VILLEURBANNE,,69,,,,,,,,,,,,,,,,,,,,,,,,,,,,,,,502627201,50262720100069,43.22A,,,,,,,,,,,sirene,
A VOS CLIMS,,,a contacter,,,,,,,,,,,,cvc,,CASTANET-TOLOSAN,,31,,,,,,,,,,,,,,,,,,,,,,,,,,,,,,,452885205,45288520500040,43.22B,,,,,,,,,,,sirene,
A VOTRE SERVICE,,,a contacter,,,,,,,,,,,,cvc,,LE CANNET,,06,,,,,,,,,,,,,,,,,,,,,,,,,,,,,,,696620038,69662003800039,43.22B,,,,,,,,,,,sirene,
A&T GENIE CLIMATIQUE,,,a contacter,,,,,,,,,,,,cvc,,ISSY-LES-MOULINEAUX,,92,,,,,,,,,,,,,,,,,,,,,,,,,,,,,,,828896464,82889646400025,43.22B,,,,,,,,,,,sirene,
A'CLIMA SERVICES,,,a contacter,,,,,,,,,,,,cvc,,SAINT-AUNES,,34,,,,,,,,,,,,,,,,,,,,,,,,,,,,,,,810482927,81048292700011,43.22B,,,,,,,,,,,sirene,
A'CLIMATIS,,,a contacter,,,,,,,,,,,,cvc,,SAINT-AUNES,,34,,,,,,,,,,,,,,,,,,,,,,,,,,,,,,,502603855,50260385500037,43.22B,,,,,,,,,,,sirene,
A'RENOV,,,a contacter,,,,,,,,,,,,cvc,,MOTHERN,,67,,,,,,,,,,,,,,,,,,,,,,,,,,,,,,,535321400,53532140000033,43.22A,,,,,,,,,,,sirene,
A-R RENOV,,,a contacter,,,,,,,,,,,,cvc,,PLELO,,22,,,,,,,,,,,,,,,,,,,,,,,,,,,,,,,804013738,80401373800039,43.22A,,,,,,,,,,,sirene,
A. CIRET,,,a contacter,,,,,,,,,,,,cvc,,LE MALESHERBOIS,,45,,,,,,,,,,,,,,,,,,,,,,,,,,,,,,,497555730,49755573000033,43.22B,,,,,,,,,,,sirene,
A. D. C,,,a contacter,,,,,,,,,,,,cvc,,OZOIR-LA-FERRIERE,,77,,,,,,,,,,,,,,,,,,,,,,,,,,,,,,,411989445,41198944500043,43.22A,,,,,,,,,,,sirene,
A. GRANGE ET FILS,,,a contacter,,,,,,,,,,,,cvc,,FELINES,,07,,,,,,,,,,,,,,,,,,,,,,,,,,,,,,,503462897,50346289700011,43.22B,,,,,,,,,,,sirene,
A.24 ECOPLANET,,,a contacter,,,,,,,,,,,,cvc,,CABESTANY,,66,,,,,,,,,,,,,,,,,,,,,,,,,,,,,,,878320316,87832031600028,43.22B,,,,,,,,,,,sirene,
A.ATELIER COROT,,,a contacter,,,,,,,,,,,,cvc,,TOULOUSE,,31,,,,,,,,,,,,,,,,,,,,,,,,,,,,,,,401770789,40177078900030,43.22A,,,,,,,,,,,sirene,
A.B.C.P.,,,a contacter,,,,,,,,,,,,cvc,,VILLEPINTE,,93,,,,,,,,,,,,,,,,,,,,,,,,,,,,,,,478971583,47897158300040,43.22B,,,,,,,,,,,sirene,
A.C.S MOUSSI,,,a contacter,,,,,,,,,,,,cvc,,BLOIS,,41,,,,,,,,,,,,,,,,,,,,,,,,,,,,,,,794431890,79443189000050,43.22B,,,,,,,,,,,sirene,
A.C.S.,,,a contacter,,,,,,,,,,,,cvc,,LANGON,,33,,,,,,,,,,,,,,,,,,,,,,,,,,,,,,,801211616,80121161600041,43.22B,,,,,,,,,,,sirene,
A.D.H (AMELIORATION DE L'HABITAT),,,a contacter,,,,,,,,,,,,cvc,,BONDUES,,59,,,,,,,,,,,,,,,,,,,,,,,,,,,,,,,480999036,48099903600027,43.22B,,,,,,,,,,,sirene,
A.E.S ENVIRONNEMENT,,,a contacter,,,,,,,,,,,,cvc,,LA CHAPELLE-HEULIN,,44,,,,,,,,,,,,,,,,,,,,,,,,,,,,,,,404573180,40457318000035,43.22B,,,,,,,,,,,sirene,
A.E.S.,,,a contacter,,,,,,,,,,,,cvc,,PLERIN,,22,,,,,,,,,,,,,,,,,,,,,,,,,,,,,,,482912672,48291267200045,43.22A,,,,,,,,,,,sirene,
A.F.C.C  ACTION FROID CLIMATISATION ET CHAUFFAGE,,,a contacter,,,,,,,,,,,,cvc,,ROINVILLE,,91,,,,,,,,,,,,,,,,,,,,,,,,,,,,,,,753369354,75336935400059,43.22B,,,,,,,,,,,sirene,
A.F.S. PLOMBERIE,,,a contacter,,,,,,,,,,,,cvc,,BIEVRES,,91,,,,,,,,,,,,,,,,,,,,,,,,,,,,,,,492404389,49240438900057,43.22A,,,,,,,,,,,sirene,
A.G. CHAUFFAGE,,,a contacter,,,,,,,,,,,,cvc,,JANNEYRIAS,,38,,,,,,,,,,,,,,,,,,,,,,,,,,,,,,,431826197,43182619700029,43.22B,,,,,,,,,,,sirene,
A.G.C. ATELIER GENIE CLIMATIQUE,,,a contacter,,,,,,,,,,,,cvc,,ERGUE-GABERIC,,29,,,,,,,,,,,,,,,,,,,,,,,,,,,,,,,500729777,50072977700010,43.22A,,,,,,,,,,,sirene,
A.H.C.,,,a contacter,,,,,,,,,,,,cvc,,MARGNY-LES-COMPIEGNE,,60,,,,,,,,,,,,,,,,,,,,,,,,,,,,,,,838436392,83843639200024,43.22A,,,,,,,,,,,sirene,
A.I.M,,,a contacter,,,,,,,,,,,,cvc,,SOYONS,,07,,,,,,,,,,,,,,,,,,,,,,,,,,,,,,,451418859,45141885900026,43.22A,,,,,,,,,,,sirene,
A.I.P.C.,,,a contacter,,,,,,,,,,,,cvc,,GOUSSAINVILLE,,95,,,,,,,,,,,,,,,,,,,,,,,,,,,,,,,845134162,84513416200013,43.22A,,,,,,,,,,,sirene,
A.M CHAUFFAGE,,,a contacter,,,,,,,,,,,,cvc,,VALENCIENNES,,59,,,,,,,,,,,,,,,,,,,,,,,,,,,,,,,829295898,82929589800011,43.22A,,,,,,,,,,,sirene,
A.N.W,,,a contacter,,,,,,,,,,,,cvc,,TOURNAN-EN-BRIE,,77,,,,,,,,,,,,,,,,,,,,,,,,,,,,,,,802601831,80260183100018,43.22A,,,,,,,,,,,sirene,
A.P.C. HOME,,,a contacter,,,,,,,,,,,,cvc,,LAGORD,,17,,,,,,,,,,,,,,,,,,,,,,,,,,,,,,,830084828,83008482800037,43.22A,,,,,,,,,,,sirene,
A.P.I CCP,,,a contacter,,,,,,,,,,,,cvc,,LES BREVIAIRES,,78,,,,,,,,,,,,,,,,,,,,,,,,,,,,,,,892485830,89248583000012,43.22B,,,,,,,,,,,sirene,
A.P.I. GAINE,,,a contacter,,,,,,,,,,,,cvc,,SAINT-ANDRE-DE-CUBZAC,,33,,,,,,,,,,,,,,,,,,,,,,,,,,,,,,,805315157,80531515700042,43.22B,,,,,,,,,,,sirene,
A.S ENERGIES,,,a contacter,,,,,,,,,,,,cvc,,RIVE-DE-GIER,,42,,,,,,,,,,,,,,,,,,,,,,,,,,,,,,,894208412,89420841200029,43.22B,,,,,,,,,,,sirene,
A.S.E.,,,a contacter,,,,,,,,,,,,cvc,,ORVAULT,,44,,,,,,,,,,,,,,,,,,,,,,,,,,,,,,,449741495,44974149500039,43.22B,,,,,,,,,,,sirene,
A.T.C. BERNARD,,,a contacter,,,,,,,,,,,,cvc,,L'ISLE-D'ESPAGNAC,,16,,,,,,,,,,,,,,,,,,,,,,,,,,,,,,,489260877,48926087700027,43.22B,,,,,,,,,,,sirene,
A.T.P. PLOMBERIE,,,a contacter,,,,,,,,,,,,cvc,,FREJUS,,83,,,,,,,,,,,,,,,,,,,,,,,,,,,,,,,834328866,83432886600019,43.22A,,,,,,,,,,,sirene,
A2T,,,a contacter,,,,,,,,,,,,cvc,,SAINT-MAUR-DES-FOSSES,,94,,,,,,,,,,,,,,,,,,,,,,,,,,,,,,,511011090,51101109000053,43.22A,,,,,,,,,,,sirene,
A3 BAT,,,a contacter,,,,,,,,,,,,cvc,,FONTENAY-TRESIGNY,,77,,,,,,,,,,,,,,,,,,,,,,,,,,,,,,,533869301,53386930100028,43.22A,,,,,,,,,,,sirene,
AABV,,,a contacter,,,,,,,,,,,,cvc,,GRIGNY,,91,,,,,,,,,,,,,,,,,,,,,,,,,,,,,,,532719788,53271978800012,43.22B,,,,,,,,,,,sirene,
AB2J ENERGIES,,,a contacter,,,,,,,,,,,,cvc,,LUNEL,,34,,,,,,,,,,,,,,,,,,,,,,,,,,,,,,,538760489,53876048900038,43.22A,,,,,,,,,,,sirene,
ABADIE CHAUFFAGE,,,a contacter,,,,,,,,,,,,cvc,,CASTELNAU-LE-LEZ,,34,,,,,,,,,,,,,,,,,,,,,,,,,,,,,,,327894697,32789469700041,43.22B,,,,,,,,,,,sirene,
ABC DU CHAUD ET FROID,,,a contacter,,,,,,,,,,,,cvc,,RUELLE-SUR-TOUVRE,,16,,,,,,,,,,,,,,,,,,,,,,,,,,,,,,,510101736,51010173600021,43.22A,,,,,,,,,,,sirene,
ABC ENERGIES,,,a contacter,,,,,,,,,,,,cvc,,ROMANS-SUR-ISERE,,26,,,,,,,,,,,,,,,,,,,,,,,,,,,,,,,532482221,53248222100019,43.22B,,,,,,,,,,,sirene,
ABC ISOLATIONS,,,a contacter,,,,,,,,,,,,cvc,,BAYEUX,,14,,,,,,,,,,,,,,,,,,,,,,,,,,,,,,,482086220,48208622000019,43.29A,,,,,,,,,,,sirene,
ABCLIM CONCEPT,,,a contacter,,,,,,,,,,,,cvc,,SAINT-JEAN-DE-LA-RUELLE,,45,,,,,,,,,,,,,,,,,,,,,,,,,,,,,,,495289159,49528915900024,43.22B,,,,,,,,,,,sirene,
ABCLIMATISATION,,,a contacter,,,,,,,,,,,,cvc,,BOURGES,,18,,,,,,,,,,,,,,,,,,,,,,,,,,,,,,,522047281,52204728100038,43.22B,,,,,,,,,,,sirene,
ABELLIO,,,a contacter,,,,,,,,,,,,cvc,,FOIX,,09,,,,,,,,,,,,,,,,,,,,,,,,,,,,,,,822785507,82278550700028,43.22A,,,,,,,,,,,sirene,
ABF CHAUFFAGE OUEST,,,a contacter,,,,,,,,,,,,cvc,,MALVILLE,,44,,,,,,,,,,,,,,,,,,,,,,,,,,,,,,,882432784,88243278400016,43.22A,,,,,,,,,,,sirene,
ABG CLIMATIQUE,,,a contacter,,,,,,,,,,,,cvc,,CHOLET,,49,,,,,,,,,,,,,,,,,,,,,,,,,,,,,,,401184189,40118418900033,43.22B,,,,,,,,,,,sirene,
ABITABIO,,,a contacter,,,,,,,,,,,,cvc,,BAUGE-EN-ANJOU,,49,,,,,,,,,,,,,,,,,,,,,,,,,,,,,,,478496573,47849657300047,43.29A,,,,,,,,,,,sirene,
ABITIBI MAINTENANCE,,,a contacter,,,,,,,,,,,,cvc,,LENTILLY,,69,,,,,,,,,,,,,,,,,,,,,,,,,,,,,,,423510627,42351062700031,43.22B,,,,,,,,,,,sirene,
ABM PLOMBERIE,,,a contacter,,,,,,,,,,,,cvc,,PARIS,,75,,,,,,,,,,,,,,,,,,,,,,,,,,,,,,,821511243,82151124300015,43.22A,,,,,,,,,,,sirene,
ABS PLOMBERIE,,,a contacter,,,,,,,,,,,,cvc,,SAINT-DENIS,,93,,,,,,,,,,,,,,,,,,,,,,,,,,,,,,,805200086,80520008600025,43.22A,,,,,,,,,,,sirene,
ABSYS,,,a contacter,,,,,,,,,,,,cvc,,LE MANS,,72,,,,,,,,,,,,,,,,,,,,,,,,,,,,,,,841251069,84125106900024,43.22B,,,,,,,,,,,sirene,
AC PLOMBERIE,,,a contacter,,,,,,,,,,,,cvc,,VITROLLES,,13,,,,,,,,,,,,,,,,,,,,,,,,,,,,,,,791899834,79189983400067,43.22A,,,,,,,,,,,sirene,
AC2S AUVERGNE CHAUFFAGE SANITAIRE SERVICE,,,a contacter,,,,,,,,,,,,cvc,,LES ANCIZES-COMPS,,63,,,,,,,,,,,,,,,,,,,,,,,,,,,,,,,343388690,34338869000020,43.22B,,,,,,,,,,,sirene,
ACCESS ENERGIE,,,a contacter,,,,,,,,,,,,cvc,,SAINT-HERBLAIN,,44,,,,,,,,,,,,,,,,,,,,,,,,,,,,,,,509896759,50989675900032,43.22A,,,,,,,,,,,sirene,
ACD ACTIF CHAUFFAGE DEPANNAGE,,,a contacter,,,,,,,,,,,,cvc,,WASQUEHAL,,59,,,,,,,,,,,,,,,,,,,,,,,,,,,,,,,402275150,40227515000033,43.22B,,,,,,,,,,,sirene,
ACE ANJOU CLIMATISATION ENERGIE,,,a contacter,,,,,,,,,,,,cvc,,ANGERS,,49,,,,,,,,,,,,,,,,,,,,,,,,,,,,,,,493714091,49371409100045,43.22B,,,,,,,,,,,sirene,
ACE SERVICES,,,a contacter,,,,,,,,,,,,cvc,,CHAMPIGNY-SUR-MARNE,,94,,,,,,,,,,,,,,,,,,,,,,,,,,,,,,,791465503,79146550300039,43.22B,,,,,,,,,,,sirene,
ACEL ENERGIES,,,a contacter,,,,,,,,,,,,cvc,,SENOUILLAC,,81,,,,,,,,,,,,,,,,,,,,,,,,,,,,,,,789456795,78945679500028,43.22B,,,,,,,,,,,sirene,
ACER,,,a contacter,,,,,,,,,,,,cvc,,VILLENAVE-D'ORNON,,33,,,,,,,,,,,,,,,,,,,,,,,,,,,,,,,432530830,43253083000053,43.22B,,,,,,,,,,,sirene,
ACF PE2C,,,a contacter,,,,,,,,,,,,cvc,,MIGNE-AUXANCES,,86,,,,,,,,,,,,,,,,,,,,,,,,,,,,,,,500474739,50047473900033,43.22A,,,,,,,,,,,sirene,
ACH AUVERGNE CENTRE HABITAT,,,a contacter,,,,,,,,,,,,cvc,,PONT-DU-CHATEAU,,63,,,,,,,,,,,,,,,,,,,,,,,,,,,,,,,481705986,48170598600018,43.29A,,,,,,,,,,,sirene,
ACI,,,a contacter,,,,,,,,,,,,cvc,,RESSONS-SUR-MATZ,,60,,,,,,,,,,,,,,,,,,,,,,,,,,,,,,,841360274,84136027400044,43.22B,,,,,,,,,,,sirene,
ACI MAINTENANCE,,,a contacter,,,,,,,,,,,,cvc,,RESSONS-SUR-MATZ,,60,,,,,,,,,,,,,,,,,,,,,,,,,,,,,,,882919657,88291965700032,43.22B,,,,,,,,,,,sirene,
ACLIMAT',,,a contacter,,,,,,,,,,,,cvc,,DISTRE,,49,,,,,,,,,,,,,,,,,,,,,,,,,,,,,,,485059810,48505981000039,43.22B,,,,,,,,,,,sirene,
ACLIMATE,,,a contacter,,,,,,,,,,,,cvc,,SAINT-NICOLAS-DE-PORT,,54,,,,,,,,,,,,,,,,,,,,,,,,,,,,,,,422047555,42204755500020,43.22B,,,,,,,,,,,sirene,
ACOFROID SAS,,,a contacter,,,,,,,,,,,,cvc,,CHASSIEU,,69,,,,,,,,,,,,,,,,,,,,,,,,,,,,,,,388134900,38813490000041,43.22B,,,,,,,,,,,sirene,
ACOUSTEAM,,,a contacter,,,,,,,,,,,,cvc,,L'HAY-LES-ROSES,,94,,,,,,,,,,,,,,,,,,,,,,,,,,,,,,,812571008,81257100800034,43.29A,,,,,,,,,,,sirene,
ACOUSTISQUE AERAULIQUE SERVICE,,,a contacter,,,,,,,,,,,,cvc,,YERRES,,91,,,,,,,,,,,,,,,,,,,,,,,,,,,,,,,793238304,79323830400018,43.29A,,,,,,,,,,,sirene,
ACP AUMONT,,,a contacter,,,,,,,,,,,,cvc,,BALLAINVILLIERS,,91,,,,,,,,,,,,,,,,,,,,,,,,,,,,,,,429526890,42952689000026,43.22A,,,,,,,,,,,sirene,
ACP DUCERF,,,a contacter,,,,,,,,,,,,cvc,,SAINT-MAUR-DES-FOSSES,,94,,,,,,,,,,,,,,,,,,,,,,,,,,,,,,,824304018,82430401800024,43.22A,,,,,,,,,,,sirene,
ACP THERMIQUE,,,a contacter,,,,,,,,,,,,cvc,,SARTROUVILLE,,78,,,,,,,,,,,,,,,,,,,,,,,,,,,,,,,485259048,48525904800059,43.22A,,,,,,,,,,,sirene,
ACQUA FRANCE PLOMBERIE,,,a contacter,,,,,,,,,,,,cvc,,MONTFERMEIL,,93,,,,,,,,,,,,,,,,,,,,,,,,,,,,,,,529943649,52994364900051,43.22A,,,,,,,,,,,sirene,
ACTEO SERVICES,,,a contacter,,,,,,,,,,,,cvc,,EVELLYS,,56,,,,,,,,,,,,,,,,,,,,,,,,,,,,,,,884347691,88434769100039,43.22B,,,,,,,,,,,sirene,
ACTION CLIM,,,a contacter,,,,,,,,,,,,cvc,,MIREMONT,,31,,,,,,,,,,,,,,,,,,,,,,,,,,,,,,,438800658,43880065800033,43.22B,,,,,,,,,,,sirene,
ACTION FROID ET CLIMATISATION A F C,,,a contacter,,,,,,,,,,,,cvc,,DECINES-CHARPIEU,,69,,,,,,,,,,,,,,,,,,,,,,,,,,,,,,,411195431,41119543100043,43.22B,,,,,,,,,,,sirene,
ACTITHERM,,,a contacter,,,,,,,,,,,,cvc,,BOURG-EN-BRESSE,,01,,,,,,,,,,,,,,,,,,,,,,,,,,,,,,,529641813,52964181300025,43.22A,,,,,,,,,,,sirene,
ACTIV,,,a contacter,,,,,,,,,,,,cvc,,MONTCEAU-LES-MINES,,71,,,,,,,,,,,,,,,,,,,,,,,,,,,,,,,351976899,35197689900168,43.22A,,,,,,,,,,,sirene,
ACTIV'CHALEUR,,,a contacter,,,,,,,,,,,,cvc,,PERREUX,,42,,,,,,,,,,,,,,,,,,,,,,,,,,,,,,,829516582,82951658200014,43.22B,,,,,,,,,,,sirene,
ACTIV'ENERGY,,,a contacter,,,,,,,,,,,,cvc,,VILLY-LE-PELLOUX,,74,,,,,,,,,,,,,,,,,,,,,,,,,,,,,,,512225632,51222563200045,43.22B,,,,,,,,,,,sirene,
ACTIVENT RUGONI,,,a contacter,,,,,,,,,,,,cvc,,ANNECY,,74,,,,,,,,,,,,,,,,,,,,,,,,,,,,,,,331565606,33156560600034,43.22B,,,,,,,,,,,sirene,
AD CONFORT,,,a contacter,,,,,,,,,,,,cvc,,SAINT-MEMMIE,,51,,,,,,,,,,,,,,,,,,,,,,,,,,,,,,,452791643,45279164300029,43.22B,,,,,,,,,,,sirene,
AD ENTREPRISES,,,a contacter,,,,,,,,,,,,cvc,,PARIS,,75,,,,,,,,,,,,,,,,,,,,,,,,,,,,,,,538112590,53811259000020,43.22A,,,,,,,,,,,sirene,
AD VALIDEM ENR TOULOUSE,,,a contacter,,,,,,,,,,,,cvc,,CUGNAUX,,31,,,,,,,,,,,,,,,,,,,,,,,,,,,,,,,512134628,51213462800043,43.22B,,,,,,,,,,,sirene,
AD'QUAT,,,a contacter,,,,,,,,,,,,cvc,,AIZENAY,,85,,,,,,,,,,,,,,,,,,,,,,,,,,,,,,,802704742,80270474200021,43.29A,,,,,,,,,,,sirene,
ADAG CALADOISE,,,a contacter,,,,,,,,,,,,cvc,,LYON,,69,,,,,,,,,,,,,,,,,,,,,,,,,,,,,,,344133301,34413330100020,43.22B,,,,,,,,,,,sirene,
ADECLIM SAS,,,a contacter,,,,,,,,,,,,cvc,,LA CHAPELLE-SUR-ERDRE,,44,,,,,,,,,,,,,,,,,,,,,,,,,,,,,,,413221797,41322179700025,43.22B,,,,,,,,,,,sirene,
ADEMS,,,a contacter,,,,,,,,,,,,cvc,,CARPIQUET,,14,,,,,,,,,,,,,,,,,,,,,,,,,,,,,,,480147537,48014753700017,43.22B,,,,,,,,,,,sirene,
ADEQUAT,,,a contacter,,,,,,,,,,,,cvc,,PARIS,,75,,,,,,,,,,,,,,,,,,,,,,,,,,,,,,,904760477,90476047700011,43.22B,,,,,,,,,,,sirene,
ADER,,,a contacter,,,,,,,,,,,,cvc,,SCHILTIGHEIM,,67,,,,,,,,,,,,,,,,,,,,,,,,,,,,,,,838203065,83820306500035,43.29A,,,,,,,,,,,sirene,
ADG - ANGERS DEPANNAGE GAZ,,,a contacter,,,,,,,,,,,,cvc,,VERRIERES-EN-ANJOU,,49,,,,,,,,,,,,,,,,,,,,,,,,,,,,,,,422863795,42286379500023,43.22B,,,,,,,,,,,sirene,
ADG CONFORT,,,a contacter,,,,,,,,,,,,cvc,,MOISSAC,,82,,,,,,,,,,,,,,,,,,,,,,,,,,,,,,,823280144,82328014400028,43.22A,,,,,,,,,,,sirene,
ADI,,,a contacter,,,,,,,,,,,,cvc,,L'ISLE-D'ESPAGNAC,,16,,,,,,,,,,,,,,,,,,,,,,,,,,,,,,,514400993,51440099300028,43.22B,,,,,,,,,,,sirene,
ADISSON CONSULT,,,a contacter,,,,,,,,,,,,cvc,,BOULOGNE-BILLANCOURT,,92,,,,,,,,,,,,,,,,,,,,,,,,,,,,,,,831861976,83186197600023,43.22B,,,,,,,,,,,sirene,
ADLH,,,a contacter,,,,,,,,,,,,cvc,,BEGLES,,33,,,,,,,,,,,,,,,,,,,,,,,,,,,,,,,911502862,91150286200020,43.22B,,,,,,,,,,,sirene,
ADN CONCEPT,,,a contacter,,,,,,,,,,,,cvc,,PUTEAUX,,92,,,,,,,,,,,,,,,,,,,,,,,,,,,,,,,802994590,80299459000056,43.22B,,,,,,,,,,,sirene,
ADOLF FRANTZ SAV,,,a contacter,,,,,,,,,,,,cvc,,HILSENHEIM,,67,,,,,,,,,,,,,,,,,,,,,,,,,,,,,,,448274845,44827484500016,43.22B,,,,,,,,,,,sirene,
ADOMIA DIEPPE,,,a contacter,,,,,,,,,,,,cvc,,DIEPPE,,76,,,,,,,,,,,,,,,,,,,,,,,,,,,,,,,753640820,75364082000027,43.29A,,,,,,,,,,,sirene,
ADOUCIL'EAU PLOMBERIE CHAUFFAGE MANUEL,,,a contacter,,,,,,,,,,,,cvc,,MONTPELLIER,,34,,,,,,,,,,,,,,,,,,,,,,,,,,,,,,,419398896,41939889600045,43.22A,,,,,,,,,,,sirene,
ADPR CVC,,,a contacter,,,,,,,,,,,,cvc,,CHEVIGNY-SAINT-SAUVEUR,,21,,,,,,,,,,,,,,,,,,,,,,,,,,,,,,,753150325,75315032500045,43.22A,,,,,,,,,,,sirene,
ADRE ENERGIES,,,a contacter,,,,,,,,,,,,cvc,,TRIGNAC,,44,,,,,,,,,,,,,,,,,,,,,,,,,,,,,,,433203510,43320351000030,43.22A,,,,,,,,,,,sirene,
ADSP SUREL CHAUFFAGE PLOMBERIE,,,a contacter,,,,,,,,,,,,cvc,,BRUZ,,35,,,,,,,,,,,,,,,,,,,,,,,,,,,,,,,393476833,39347683300024,43.22A,,,,,,,,,,,sirene,
AERA,,,a contacter,,,,,,,,,,,,cvc,,GENNEVILLIERS,,92,,,,,,,,,,,,,,,,,,,,,,,,,,,,,,,531739852,53173985200022,43.22B,,,,,,,,,,,sirene,
AERAU-NORD,,,a contacter,,,,,,,,,,,,cvc,,SPYCKER,,59,,,,,,,,,,,,,,,,,,,,,,,,,,,,,,,753539568,75353956800018,43.29A,,,,,,,,,,,sirene,
AERAULIK SERVICES,,,a contacter,,,,,,,,,,,,cvc,,DOMPIERRE-SUR-YON,,85,,,,,,,,,,,,,,,,,,,,,,,,,,,,,,,815181581,81518158100027,43.22B,,,,,,,,,,,sirene,
AERAULIQUE BUILDING SYSTEMS,,,a contacter,,,,,,,,,,,,cvc,,LA QUEUE-EN-BRIE,,94,,,,,,,,,,,,,,,,,,,,,,,,,,,,,,,452008949,45200894900037,43.22B,,,,,,,,,,,sirene,
AERIS,,,a contacter,,,,,,,,,,,,cvc,,AULNAY-SOUS-BOIS,,93,,,,,,,,,,,,,,,,,,,,,,,,,,,,,,,379886351,37988635100020,43.22B,,,,,,,,,,,sirene,
AERIS CONTROL,,,a contacter,,,,,,,,,,,,cvc,,PIERRELATTE,,26,,,,,,,,,,,,,,,,,,,,,,,,,,,,,,,481479731,48147973100020,43.22A,,,,,,,,,,,sirene,
AERIUM,,,a contacter,,,,,,,,,,,,cvc,,SAINT-PATERNE-RACAN,,37,,,,,,,,,,,,,,,,,,,,,,,,,,,,,,,407889435,40788943500019,43.22B,,,,,,,,,,,sirene,
AEROCLIM,,,a contacter,,,,,,,,,,,,cvc,,PONTAULT-COMBAULT,,77,,,,,,,,,,,,,,,,,,,,,,,,,,,,,,,484378898,48437889800031,43.22B,,,,,,,,,,,sirene,
AEROCLIMAT,,,a contacter,,,,,,,,,,,,cvc,,FOSSES,,95,,,,,,,,,,,,,,,,,,,,,,,,,,,,,,,451390751,45139075100027,43.22B,,,,,,,,,,,sirene,
AF CALORIFUGE,,,a contacter,,,,,,,,,,,,cvc,,LA TERRASSE,,38,,,,,,,,,,,,,,,,,,,,,,,,,,,,,,,824155436,82415543600036,43.29A,,,,,,,,,,,sirene,
AFICC,,,a contacter,,,,,,,,,,,,cvc,,ISTRES,,13,,,,,,,,,,,,,,,,,,,,,,,,,,,,,,,825126899,82512689900012,43.22B,,,,,,,,,,,sirene,
AFL AMELIORATION FRANCAISE DU LOGEMENT,,,a contacter,,,,,,,,,,,,cvc,,DOUAI,,59,,,,,,,,,,,,,,,,,,,,,,,,,,,,,,,515254084,51525408400046,43.29A,,,,,,,,,,,sirene,
AFP DEVELOPPEMENT,,,a contacter,,,,,,,,,,,,cvc,,SECLIN,,59,,,,,,,,,,,,,,,,,,,,,,,,,,,,,,,530829746,53082974600037,43.22B,,,,,,,,,,,sirene,
AG PLOMBERIE,,,a contacter,,,,,,,,,,,,cvc,,VALENCIN,,38,,,,,,,,,,,,,,,,,,,,,,,,,,,,,,,792232605,79223260500032,43.22A,,,,,,,,,,,sirene,
AG SERVICES,,,a contacter,,,,,,,,,,,,cvc,,EPARGNES,,17,,,,,,,,,,,,,,,,,,,,,,,,,,,,,,,480911684,48091168400029,43.22B,,,,,,,,,,,sirene,
AG3I,,,a contacter,,,,,,,,,,,,cvc,,GRASSE,,06,,,,,,,,,,,,,,,,,,,,,,,,,,,,,,,410954366,41095436600028,43.22B,,,,,,,,,,,sirene,
AGCE POUR LA PREVENTION DU GD OUEST,,,a contacter,,,,,,,,,,,,cvc,,BLAINVILLE-SUR-ORNE,,14,,,,,,,,,,,,,,,,,,,,,,,,,,,,,,,451612873,45161287300047,43.29A,,,,,,,,,,,sirene,
AGENCE CONSEILS HABITAT,,,a contacter,,,,,,,,,,,,cvc,,WEMAERS-CAPPEL,,59,,,,,,,,,,,,,,,,,,,,,,,,,,,,,,,502890403,50289040300038,43.22B,,,,,,,,,,,sirene,
AGENCE DU GENIE ENERGETIQUE ET CLIMATIQUE,,,a contacter,,,,,,,,,,,,cvc,,ROSNY-SOUS-BOIS,,93,,,,,,,,,,,,,,,,,,,,,,,,,,,,,,,798646873,79864687300041,43.22B,,,,,,,,,,,sirene,
AGENCE ECO RENOVATION AQUITAINE DE L HABITAT,,,a contacter,,,,,,,,,,,,cvc,,PESSAC,,33,,,,,,,,,,,,,,,,,,,,,,,,,,,,,,,803794593,80379459300043,43.29A,,,,,,,,,,,sirene,
AGENCE EN TECHNOLOGIE THERMIQUE ET INGENIERIE,,,a contacter,,,,,,,,,,,,cvc,,HENIN-BEAUMONT,,62,,,,,,,,,,,,,,,,,,,,,,,,,,,,,,,488754631,48875463100064,43.22B,,,,,,,,,,,sirene,
AGENCE POINT CLIM,,,a contacter,,,,,,,,,,,,cvc,,JOINVILLE-LE-PONT,,94,,,,,,,,,,,,,,,,,,,,,,,,,,,,,,,421002619,42100261900029,43.22B,,,,,,,,,,,sirene,
AGENCE POUR L ISOLATION,,,a contacter,,,,,,,,,,,,cvc,,MARSEILLE,,13,,,,,,,,,,,,,,,,,,,,,,,,,,,,,,,793323510,79332351000024,43.29A,,,,,,,,,,,sirene,
AGENCE REGIONALE DE LA REGULATION ENERGETIQUE,,,a contacter,,,,,,,,,,,,cvc,,VAULX-MILIEU,,38,,,,,,,,,,,,,,,,,,,,,,,,,,,,,,,848534202,84853420200058,43.29A,,,,,,,,,,,sirene,
AGENCEMENT PLOMBERIE GENERALE,,,a contacter,,,,,,,,,,,,cvc,,DECINES-CHARPIEU,,69,,,,,,,,,,,,,,,,,,,,,,,,,,,,,,,418376299,41837629900057,43.22A,,,,,,,,,,,sirene,
AGEOTHERM CLIM,,,a contacter,,,,,,,,,,,,cvc,,ASSAT,,64,,,,,,,,,,,,,,,,,,,,,,,,,,,,,,,502651466,50265146600042,43.22B,,,,,,,,,,,sirene,
AGI,,,a contacter,,,,,,,,,,,,cvc,,GENAS,,69,,,,,,,,,,,,,,,,,,,,,,,,,,,,,,,413914078,41391407800048,43.29A,,,,,,,,,,,sirene,
AGIR AVIG GENIE CLIM INGE REAL,,,a contacter,,,,,,,,,,,,cvc,,AVIGNON,,84,,,,,,,,,,,,,,,,,,,,,,,,,,,,,,,325050797,32505079700027,43.22B,,,,,,,,,,,sirene,
AGOCLIM,,,a contacter,,,,,,,,,,,,cvc,,MAGNY-EN-VEXIN,,95,,,,,,,,,,,,,,,,,,,,,,,,,,,,,,,539461293,53946129300026,43.22B,,,,,,,,,,,sirene,
AGRO ISOLATION,,,a contacter,,,,,,,,,,,,cvc,,VALLIQUERVILLE,,76,,,,,,,,,,,,,,,,,,,,,,,,,,,,,,,484720867,48472086700023,43.29A,,,,,,,,,,,sirene,
AGROGAZ FRANCE,,,a contacter,,,,,,,,,,,,cvc,,YUTZ,,57,,,,,,,,,,,,,,,,,,,,,,,,,,,,,,,803009794,80300979400030,43.22B,,,,,,,,,,,sirene,
AGRONERGY,,,a contacter,,,,,,,,,,,,cvc,,PARIS,,75,,,,,,,,,,,,,,,,,,,,,,,,,,,,,,,792570137,79257013700044,43.22B,,,,,,,,,,,sirene,
AGS ENR,,,a contacter,,,,,,,,,,,,cvc,,MONTAUBAN,,82,,,,,,,,,,,,,,,,,,,,,,,,,,,,,,,489493908,48949390800045,43.22B,,,,,,,,,,,sirene,
AGTHERM,,,a contacter,,,,,,,,,,,,cvc,,COLOMIERS,,31,,,,,,,,,,,,,,,,,,,,,,,,,,,,,,,448723494,44872349400036,43.22B,,,,,,,,,,,sirene,
AGTHERM ATLANTIQUE,,,a contacter,,,,,,,,,,,,cvc,,LES SORINIERES,,44,,,,,,,,,,,,,,,,,,,,,,,,,,,,,,,893630921,89363092100029,43.22B,,,,,,,,,,,sirene,
AGTHERM MEDITERRANEE,,,a contacter,,,,,,,,,,,,cvc,,NARBONNE,,11,,,,,,,,,,,,,,,,,,,,,,,,,,,,,,,809992415,80999241500020,43.22B,,,,,,,,,,,sirene,
AGTHERM OCEAN,,,a contacter,,,,,,,,,,,,cvc,,GRADIGNAN,,33,,,,,,,,,,,,,,,,,,,,,,,,,,,,,,,809803208,80980320800036,43.22B,,,,,,,,,,,sirene,
AGUA DESIGN,,,a contacter,,,,,,,,,,,,cvc,,MONTPELLIER,,34,,,,,,,,,,,,,,,,,,,,,,,,,,,,,,,531640217,53164021700026,43.22A,,,,,,,,,,,sirene,
AH-SON ALEXANDRE,,,a contacter,,,,,,,,,,,,cvc,,SAINT-DENIS-LES-BOURG,,01,,,,,,,,,,,,,,,,,,,,,,,,,,,,,,,788898724,78889872400034,43.22A,,,,,,,,,,,sirene,
AILHAUD MICHEL,,,a contacter,,,,,,,,,,,,cvc,,AIGLUN,,04,,,,,,,,,,,,,,,,,,,,,,,,,,,,,,,388317968,38831796800021,43.22A,,,,,,,,,,,sirene,
AILLIAUD FRERES,,,a contacter,,,,,,,,,,,,cvc,,GAP,,05,,,,,,,,,,,,,,,,,,,,,,,,,,,,,,,501579361,50157936100012,43.22A,,,,,,,,,,,sirene,
AIR 83,,,a contacter,,,,,,,,,,,,cvc,,SIX-FOURS-LES-PLAGES,,83,,,,,,,,,,,,,,,,,,,,,,,,,,,,,,,492139191,49213919100034,43.22B,,,,,,,,,,,sirene,
AIR C2,,,a contacter,,,,,,,,,,,,cvc,,SAINT-JEAN-DU-CARDONNAY,,76,,,,,,,,,,,,,,,,,,,,,,,,,,,,,,,400690509,40069050900023,43.22B,,,,,,,,,,,sirene,
AIR CLIM CONFORT,,,a contacter,,,,,,,,,,,,cvc,,LA MOTTE,,83,,,,,,,,,,,,,,,,,,,,,,,,,,,,,,,513889691,51388969100053,43.22B,,,,,,,,,,,sirene,
AIR CLIMAT,,,a contacter,,,,,,,,,,,,cvc,,MORANGIS,,91,,,,,,,,,,,,,,,,,,,,,,,,,,,,,,,306616509,30661650900031,43.22B,,,,,,,,,,,sirene,
AIR CLIMAT SERVICE,,,a contacter,,,,,,,,,,,,cvc,,MORANGIS,,91,,,,,,,,,,,,,,,,,,,,,,,,,,,,,,,327299103,32729910300033,43.22B,,,,,,,,,,,sirene,
AIR CLIMATISATION,,,a contacter,,,,,,,,,,,,cvc,,LOISON-SOUS-LENS,,62,,,,,,,,,,,,,,,,,,,,,,,,,,,,,,,453090359,45309035900028,43.22B,,,,,,,,,,,sirene,
AIR CLIMATISATION ENERGIE,,,a contacter,,,,,,,,,,,,cvc,,VILLEFRANCHE-SUR-SAONE,,69,,,,,,,,,,,,,,,,,,,,,,,,,,,,,,,503074569,50307456900032,43.22B,,,,,,,,,,,sirene,
AIR CONDITIONNE CHAUFFAGE AIR,,,a contacter,,,,,,,,,,,,cvc,,LE VERSOUD,,38,,,,,,,,,,,,,,,,,,,,,,,,,,,,,,,483454369,48345436900040,43.22B,,,,,,,,,,,sirene,
AIR EAU ENERGIE GIRONDE,,,a contacter,,,,,,,,,,,,cvc,,MERIGNAC,,33,,,,,,,,,,,,,,,,,,,,,,,,,,,,,,,509461612,50946161200020,43.22A,,,,,,,,,,,sirene,
AIR ENERGIE SERVICE CLIMATISATION,,,a contacter,,,,,,,,,,,,cvc,,LE CANNET,,06,,,,,,,,,,,,,,,,,,,,,,,,,,,,,,,488969379,48896937900046,43.22B,,,,,,,,,,,sirene,
AIR ET ENVIRONNEMENT,,,a contacter,,,,,,,,,,,,cvc,,LISSES,,91,,,,,,,,,,,,,,,,,,,,,,,,,,,,,,,502683808,50268380800039,43.22B,,,,,,,,,,,sirene,
AIR FROID,,,a contacter,,,,,,,,,,,,cvc,,EYSINES,,33,,,,,,,,,,,,,,,,,,,,,,,,,,,,,,,411773310,41177331000031,43.22B,,,,,,,,,,,sirene,
AIR O THERM,,,a contacter,,,,,,,,,,,,cvc,,GIGNAC-LA-NERTHE,,13,,,,,,,,,,,,,,,,,,,,,,,,,,,,,,,421498254,42149825400026,43.22B,,,,,,,,,,,sirene,
AIR TOLERIE CONCEPTION,,,a contacter,,,,,,,,,,,,cvc,,LE PLESSIS-TREVISE,,94,,,,,,,,,,,,,,,,,,,,,,,,,,,,,,,791083314,79108331400025,43.22A,,,,,,,,,,,sirene,
AIR TREATMENT SYSTEMS,,,a contacter,,,,,,,,,,,,cvc,,VALBONNE,,06,,,,,,,,,,,,,,,,,,,,,,,,,,,,,,,438632317,43863231700030,43.22B,,,,,,,,,,,sirene,
AIR VENTIL CONCEPT,,,a contacter,,,,,,,,,,,,cvc,,RIVES-DU-LOIR-EN-ANJOU,,49,,,,,,,,,,,,,,,,,,,,,,,,,,,,,,,853876787,85387678700013,43.22B,,,,,,,,,,,sirene,
AIRBEE,,,a contacter,,,,,,,,,,,,cvc,,MONSWILLER,,67,,,,,,,,,,,,,,,,,,,,,,,,,,,,,,,839951449,83995144900025,43.22B,,,,,,,,,,,sirene,
AIRELIOR FACILITY MANAGEMENT,,,a contacter,,,,,,,,,,,,cvc,,PARIS,,75,,,,,,,,,,,,,,,,,,,,,,,,,,,,,,,440775534,44077553400017,43.22B,,,,,,,,,,,sirene,
AIREO,,,a contacter,,,,,,,,,,,,cvc,,THOUROTTE,,60,,,,,,,,,,,,,,,,,,,,,,,,,,,,,,,507782134,50778213400039,43.22A,,,,,,,,,,,sirene,
AIREOL,,,a contacter,,,,,,,,,,,,cvc,,SAINT-MAUR-DES-FOSSES,,94,,,,,,,,,,,,,,,,,,,,,,,,,,,,,,,502625445,50262544500023,43.22B,,,,,,,,,,,sirene,
AIRESS,,,a contacter,,,,,,,,,,,,cvc,,BEZONS,,95,,,,,,,,,,,,,,,,,,,,,,,,,,,,,,,432414779,43241477900145,43.22A,,,,,,,,,,,sirene,
AIRKLIMA 76,,,a contacter,,,,,,,,,,,,cvc,,SAINT-JACQUES-SUR-DARNETAL,,76,,,,,,,,,,,,,,,,,,,,,,,,,,,,,,,830051488,83005148800047,43.22B,,,,,,,,,,,sirene,
AIROGAZ,,,a contacter,,,,,,,,,,,,cvc,,SAINT-MICHEL-SUR-ORGE,,91,,,,,,,,,,,,,,,,,,,,,,,,,,,,,,,884615428,88461542800031,43.22A,,,,,,,,,,,sirene,
AIRPUR ILE-DE-FRANCE,,,a contacter,,,,,,,,,,,,cvc,,VANVES,,92,,,,,,,,,,,,,,,,,,,,,,,,,,,,,,,897792842,89779284200014,43.22B,,,,,,,,,,,sirene,
AIRTEC,,,a contacter,,,,,,,,,,,,cvc,,VEDENE,,84,,,,,,,,,,,,,,,,,,,,,,,,,,,,,,,494999238,49499923800053,43.22B,,,,,,,,,,,sirene,
AIRTECH SOLUTIONS,,,a contacter,,,,,,,,,,,,cvc,,WASSELONNE,,67,,,,,,,,,,,,,,,,,,,,,,,,,,,,,,,803794981,80379498100032,43.22B,,,,,,,,,,,sirene,
AJACCIO SOCIETE D'EXPLOITATION TECHNIQUE DU BATIMENT,,,a contacter,,,,,,,,,,,,cvc,,SARROLA-CARCOPINO,,2A,,,,,,,,,,,,,,,,,,,,,,,,,,,,,,,379531221,37953122100024,43.22B,,,,,,,,,,,sirene,
AJB ISOLATIONS SARL,,,a contacter,,,,,,,,,,,,cvc,,PIERRELAYE,,95,,,,,,,,,,,,,,,,,,,,,,,,,,,,,,,423901362,42390136200024,43.29A,,,,,,,,,,,sirene,
AJC,,,a contacter,,,,,,,,,,,,cvc,,AJACCIO,,2A,,,,,,,,,,,,,,,,,,,,,,,,,,,,,,,500809900,50080990000052,43.22B,,,,,,,,,,,sirene,
AJD,,,a contacter,,,,,,,,,,,,cvc,,RIVIERES,,16,,,,,,,,,,,,,,,,,,,,,,,,,,,,,,,802821280,80282128000038,43.22B,,,,,,,,,,,sirene,
AJMD,,,a contacter,,,,,,,,,,,,cvc,,SETE,,34,,,,,,,,,,,,,,,,,,,,,,,,,,,,,,,482346103,48234610300021,43.22A,,,,,,,,,,,sirene,
AJS CLIMATIC,,,a contacter,,,,,,,,,,,,cvc,,LA CHAIZE-LE-VICOMTE,,85,,,,,,,,,,,,,,,,,,,,,,,,,,,,,,,484646658,48464665800019,43.22B,,,,,,,,,,,sirene,
AJS ENERGIE,,,a contacter,,,,,,,,,,,,cvc,,PORTET-SUR-GARONNE,,31,,,,,,,,,,,,,,,,,,,,,,,,,,,,,,,833748353,83374835300038,43.22B,,,,,,,,,,,sirene,
AKSU,,,a contacter,,,,,,,,,,,,cvc,,ILLZACH,,68,,,,,,,,,,,,,,,,,,,,,,,,,,,,,,,435237359,43523735900045,43.22B,,,,,,,,,,,sirene,
ALAIN DILOSQUER,,,a contacter,,,,,,,,,,,,cvc,,GUILVINEC,,29,,,,,,,,,,,,,,,,,,,,,,,,,,,,,,,379772940,37977294000019,43.22B,,,,,,,,,,,sirene,
ALAIN PROUST SARL,,,a contacter,,,,,,,,,,,,cvc,,CORQUILLEROY,,45,,,,,,,,,,,,,,,,,,,,,,,,,,,,,,,391895661,39189566100018,43.22B,,,,,,,,,,,sirene,
ALAMO,,,a contacter,,,,,,,,,,,,cvc,,LIMOUX,,11,,,,,,,,,,,,,,,,,,,,,,,,,,,,,,,414941765,41494176500011,43.22A,,,,,,,,,,,sirene,
ALBACLIM,,,a contacter,,,,,,,,,,,,cvc,,HOUILLES,,78,,,,,,,,,,,,,,,,,,,,,,,,,,,,,,,887500403,88750040300019,43.22B,,,,,,,,,,,sirene,
ALBASINI,,,a contacter,,,,,,,,,,,,cvc,,VELIZY-VILLACOUBLAY,,78,,,,,,,,,,,,,,,,,,,,,,,,,,,,,,,572103562,57210356200052,43.22B,,,,,,,,,,,sirene,
ALBERT,,,a contacter,,,,,,,,,,,,cvc,,MONTENDRE,,17,,,,,,,,,,,,,,,,,,,,,,,,,,,,,,,325919116,32591911600013,43.22B,,,,,,,,,,,sirene,
ALCAD CLIM,,,a contacter,,,,,,,,,,,,cvc,,VILLAINES-SOUS-BOIS,,95,,,,,,,,,,,,,,,,,,,,,,,,,,,,,,,453369456,45336945600026,43.22B,,,,,,,,,,,sirene,
ALCAD SERVICE,,,a contacter,,,,,,,,,,,,cvc,,VILLAINES-SOUS-BOIS,,95,,,,,,,,,,,,,,,,,,,,,,,,,,,,,,,788611408,78861140800014,43.22B,,,,,,,,,,,sirene,
ALCIA GENIE CLIMATIQUE,,,a contacter,,,,,,,,,,,,cvc,,COUERON,,44,,,,,,,,,,,,,,,,,,,,,,,,,,,,,,,494362049,49436204900038,43.22B,,,,,,,,,,,sirene,
ALCLIMA,,,a contacter,,,,,,,,,,,,cvc,,SAINT-PAUL,,974,,,,,,,,,,,,,,,,,,,,,,,,,,,,,,,817496144,81749614400012,43.22B,,,,,,,,,,,sirene,
ALCOR CFP,,,a contacter,,,,,,,,,,,,cvc,,BRUNOY,,91,,,,,,,,,,,,,,,,,,,,,,,,,,,,,,,394195762,39419576200023,43.22A,,,,,,,,,,,sirene,
ALEXANDRE BERTHIER ENERGIES,,,a contacter,,,,,,,,,,,,cvc,,LA ROCHE-SUR-FORON,,74,,,,,,,,,,,,,,,,,,,,,,,,,,,,,,,518302815,51830281500072,43.22B,,,,,,,,,,,sirene,
ALEXANDRE DEPANNAGE,,,a contacter,,,,,,,,,,,,cvc,,LES SABLES-D'OLONNE,,85,,,,,,,,,,,,,,,,,,,,,,,,,,,,,,,440758670,44075867000044,43.22A,,,,,,,,,,,sirene,
ALFAKLIMA,,,a contacter,,,,,,,,,,,,cvc,,VILLEPINTE,,93,,,,,,,,,,,,,,,,,,,,,,,,,,,,,,,399470418,39947041800084,43.22B,,,,,,,,,,,sirene,
ALFER & FILS,,,a contacter,,,,,,,,,,,,cvc,,PARIS,,75,,,,,,,,,,,,,,,,,,,,,,,,,,,,,,,505186536,50518653600015,43.22A,,,,,,,,,,,sirene,
ALFORT-CHAUFFAGE-PLOMBERIE-COUVERTURE,,,a contacter,,,,,,,,,,,,cvc,,VANVES,,92,,,,,,,,,,,,,,,,,,,,,,,,,,,,,,,348127259,34812725900052,43.22A,,,,,,,,,,,sirene,
ALG2,,,a contacter,,,,,,,,,,,,cvc,,SAINT-DENIS-LES-BOURG,,01,,,,,,,,,,,,,,,,,,,,,,,,,,,,,,,508327822,50832782200047,43.22A,,,,,,,,,,,sirene,
ALGO,,,a contacter,,,,,,,,,,,,cvc,,ANNONAY,,07,,,,,,,,,,,,,,,,,,,,,,,,,,,,,,,429151046,42915104600035,43.22A,,,,,,,,,,,sirene,
ALHYSEES,,,a contacter,,,,,,,,,,,,cvc,,ENNERY,,95,,,,,,,,,,,,,,,,,,,,,,,,,,,,,,,482883279,48288327900036,43.22B,,,,,,,,,,,sirene,
ALIBERT ET FILS,,,a contacter,,,,,,,,,,,,cvc,,LONGAGES,,31,,,,,,,,,,,,,,,,,,,,,,,,,,,,,,,348081530,34808153000019,43.22B,,,,,,,,,,,sirene,
ALIZE,,,a contacter,,,,,,,,,,,,cvc,,GRENOBLE,,38,,,,,,,,,,,,,,,,,,,,,,,,,,,,,,,412188815,41218881500044,43.22B,,,,,,,,,,,sirene,
ALIZE CLIM,,,a contacter,,,,,,,,,,,,cvc,,GENNEVILLIERS,,92,,,,,,,,,,,,,,,,,,,,,,,,,,,,,,,384897401,38489740100046,43.22B,,,,,,,,,,,sirene,
ALL-CONFORT,,,a contacter,,,,,,,,,,,,cvc,,BRENOUILLE,,60,,,,,,,,,,,,,,,,,,,,,,,,,,,,,,,526920533,52692053300027,43.22A,,,,,,,,,,,sirene,
ALLIA 95,,,a contacter,,,,,,,,,,,,cvc,,SANNOIS,,95,,,,,,,,,,,,,,,,,,,,,,,,,,,,,,,791620248,79162024800041,43.22A,,,,,,,,,,,sirene,
ALLIANCE GAZ,,,a contacter,,,,,,,,,,,,cvc,,PARIS,,75,,,,,,,,,,,,,,,,,,,,,,,,,,,,,,,524031150,52403115000013,43.22B,,,,,,,,,,,sirene,
ALLIANCE ISOLATION,,,a contacter,,,,,,,,,,,,cvc,,L'UNION,,31,,,,,,,,,,,,,,,,,,,,,,,,,,,,,,,385024922,38502492200069,43.29A,,,,,,,,,,,sirene,
ALLIANCE PRO ENERGIES,,,a contacter,,,,,,,,,,,,cvc,,ERSTEIN,,67,,,,,,,,,,,,,,,,,,,,,,,,,,,,,,,528420235,52842023500020,43.22B,,,,,,,,,,,sirene,
ALLIANCE TECHNIC,,,a contacter,,,,,,,,,,,,cvc,,BEYCHAC-ET-CAILLEAU,,33,,,,,,,,,,,,,,,,,,,,,,,,,,,,,,,791440050,79144005000031,43.22B,,,,,,,,,,,sirene,
ALLIANTHERM,,,a contacter,,,,,,,,,,,,cvc,,FLEURVILLE,,71,,,,,,,,,,,,,,,,,,,,,,,,,,,,,,,894855329,89485532900013,43.22B,,,,,,,,,,,sirene,
ALLIASERV BATIMENT INTELLIGENT,,,a contacter,,,,,,,,,,,,cvc,,TOULOUSE,,31,,,,,,,,,,,,,,,,,,,,,,,,,,,,,,,900197765,90019776500010,43.22B,,,,,,,,,,,sirene,
ALLIASERV NOUVELLE AQUITAINE,,,a contacter,,,,,,,,,,,,cvc,,CAMBLANES ET MEYNAC,,33,,,,,,,,,,,,,,,,,,,,,,,,,,,,,,,839152238,83915223800037,43.22B,,,,,,,,,,,sirene,
ALLIASERV PYRENEES ENERGIE,,,a contacter,,,,,,,,,,,,cvc,,SAINT-GIRONS,,09,,,,,,,,,,,,,,,,,,,,,,,,,,,,,,,832180467,83218046700017,43.22B,,,,,,,,,,,sirene,
ALLIER CONFORT ENERGIES,,,a contacter,,,,,,,,,,,,cvc,,CUSSET,,03,,,,,,,,,,,,,,,,,,,,,,,,,,,,,,,817598873,81759887300021,43.22B,,,,,,,,,,,sirene,
ALLO CHAUFFAGE NORMANDIE AB,,,a contacter,,,,,,,,,,,,cvc,,NORMANVILLE,,27,,,,,,,,,,,,,,,,,,,,,,,,,,,,,,,799910070,79991007000025,43.22A,,,,,,,,,,,sirene,
ALLPHA GROUP,,,a contacter,,,,,,,,,,,,cvc,,GAGNY,,93,,,,,,,,,,,,,,,,,,,,,,,,,,,,,,,910948272,91094827200026,43.22B,,,,,,,,,,,sirene,
ALMAIS,,,a contacter,,,,,,,,,,,,cvc,,VELIZY-VILLACOUBLAY,,78,,,,,,,,,,,,,,,,,,,,,,,,,,,,,,,519251276,51925127600043,43.22B,,,,,,,,,,,sirene,
ALOBAT HABITAT,,,a contacter,,,,,,,,,,,,cvc,,BAPAUME,,62,,,,,,,,,,,,,,,,,,,,,,,,,,,,,,,493559991,49355999100036,43.22B,,,,,,,,,,,sirene,
ALPES CHAUFFAGE CONFORT,,,a contacter,,,,,,,,,,,,cvc,,AIGLUN,,04,,,,,,,,,,,,,,,,,,,,,,,,,,,,,,,501476501,50147650100025,43.22B,,,,,,,,,,,sirene,
ALPES ENERGIE SAS,,,a contacter,,,,,,,,,,,,cvc,,VILLAZ,,74,,,,,,,,,,,,,,,,,,,,,,,,,,,,,,,434114922,43411492200025,43.22A,,,,,,,,,,,sirene,
ALPES ENERGIES NOUVELLES,,,a contacter,,,,,,,,,,,,cvc,,CORBIERES-EN-PROVENCE,,04,,,,,,,,,,,,,,,,,,,,,,,,,,,,,,,501355093,50135509300045,43.22B,,,,,,,,,,,sirene,
ALPES MAINTENANCE GAZ-AMG,,,a contacter,,,,,,,,,,,,cvc,,VIUZ-EN-SALLAZ,,74,,,,,,,,,,,,,,,,,,,,,,,,,,,,,,,439419615,43941961500034,43.22B,,,,,,,,,,,sirene,
ALPES SANITHERM,,,a contacter,,,,,,,,,,,,cvc,,LA SAULCE,,05,,,,,,,,,,,,,,,,,,,,,,,,,,,,,,,342344488,34234448800040,43.22B,,,,,,,,,,,sirene,
ALPHA ENERGIE,,,a contacter,,,,,,,,,,,,cvc,,BELIGNEUX,,01,,,,,,,,,,,,,,,,,,,,,,,,,,,,,,,488400649,48840064900023,43.22B,,,,,,,,,,,sirene,
ALPHA ENERGIE,,,a contacter,,,,,,,,,,,,cvc,,MILLY-LA-FORET,,91,,,,,,,,,,,,,,,,,,,,,,,,,,,,,,,815007323,81500732300034,43.22A,,,,,,,,,,,sirene,
ALPHA SECURITE,,,a contacter,,,,,,,,,,,,cvc,,SAINT-CYPRIEN,,66,,,,,,,,,,,,,,,,,,,,,,,,,,,,,,,349532085,34953208500033,43.22B,,,,,,,,,,,sirene,
ALPHA SPRAY,,,a contacter,,,,,,,,,,,,cvc,,PARIS,,75,,,,,,,,,,,,,,,,,,,,,,,,,,,,,,,803639707,80363970700030,43.29A,,,,,,,,,,,sirene,
ALSACE HOME SERVICES,,,a contacter,,,,,,,,,,,,cvc,,COLMAR,,68,,,,,,,,,,,,,,,,,,,,,,,,,,,,,,,441360757,44136075700013,43.22B,,,,,,,,,,,sirene,
ALT O FUITES,,,a contacter,,,,,,,,,,,,cvc,,DRAGUIGNAN,,83,,,,,,,,,,,,,,,,,,,,,,,,,,,,,,,833679012,83367901200025,43.22A,,,,,,,,,,,sirene,
ALTA INDUSTRIE,,,a contacter,,,,,,,,,,,,cvc,,ANZIN,,59,,,,,,,,,,,,,,,,,,,,,,,,,,,,,,,842833725,84283372500026,43.22B,,,,,,,,,,,sirene,
ALTECI ENERGIE,,,a contacter,,,,,,,,,,,,cvc,,BEAUMONT-LES-VALENCE,,26,,,,,,,,,,,,,,,,,,,,,,,,,,,,,,,392049953,39204995300061,43.22B,,,,,,,,,,,sirene,
ALTET LIONEL,,,a contacter,,,,,,,,,,,,cvc,,COUBON,,43,,,,,,,,,,,,,,,,,,,,,,,,,,,,,,,907952675,90795267500011,43.22A,,,,,,,,,,,sirene,
ALTHESIA,,,a contacter,,,,,,,,,,,,cvc,,MERIGNAC,,33,,,,,,,,,,,,,,,,,,,,,,,,,,,,,,,520078320,52007832000022,43.29A,,,,,,,,,,,sirene,
ALTITHERM,,,a contacter,,,,,,,,,,,,cvc,,LE PUY-EN-VELAY,,43,,,,,,,,,,,,,,,,,,,,,,,,,,,,,,,586550378,58655037800051,43.22B,,,,,,,,,,,sirene,
ALTITUD'TERTIAIRE,,,a contacter,,,,,,,,,,,,cvc,,SAINT-ETIENNE-DU-ROUVRAY,,76,,,,,,,,,,,,,,,,,,,,,,,,,,,,,,,949406656,94940665600049,43.22A,,,,,,,,,,,sirene,
ALTIVEC,,,a contacter,,,,,,,,,,,,cvc,,LIMONEST,,69,,,,,,,,,,,,,,,,,,,,,,,,,,,,,,,415022805,41502280500063,43.22B,,,,,,,,,,,sirene,
ALTYSIUM,,,a contacter,,,,,,,,,,,,cvc,,FREPILLON,,95,,,,,,,,,,,,,,,,,,,,,,,,,,,,,,,911743755,91174375500025,43.22B,,,,,,,,,,,sirene,
ALU-ISO REOLE,,,a contacter,,,,,,,,,,,,cvc,,LA REOLE,,33,,,,,,,,,,,,,,,,,,,,,,,,,,,,,,,353617160,35361716000026,43.22B,,,,,,,,,,,sirene,
ALV,,,a contacter,,,,,,,,,,,,cvc,,LINSELLES,,59,,,,,,,,,,,,,,,,,,,,,,,,,,,,,,,791593890,79159389000035,43.22B,,,,,,,,,,,sirene,
ALVIVA,,,a contacter,,,,,,,,,,,,cvc,,LA CHAPELLE-SUR-ERDRE,,44,,,,,,,,,,,,,,,,,,,,,,,,,,,,,,,512293283,51229328300028,43.22B,,,,,,,,,,,sirene,
AMBIANCE CLIMATISATION,,,a contacter,,,,,,,,,,,,cvc,,CRECY-LA-CHAPELLE,,77,,,,,,,,,,,,,,,,,,,,,,,,,,,,,,,484491642,48449164200035,43.22B,,,,,,,,,,,sirene,
AMBIANCE CONFORT ECO,,,a contacter,,,,,,,,,,,,cvc,,LA MEZIERE,,35,,,,,,,,,,,,,,,,,,,,,,,,,,,,,,,799798269,79979826900061,43.22B,,,,,,,,,,,sirene,
AMBIANCE CONFORT ENERGIES,,,a contacter,,,,,,,,,,,,cvc,,BRISSAC LOIRE AUBANCE,,49,,,,,,,,,,,,,,,,,,,,,,,,,,,,,,,301030888,30103088800020,43.22A,,,,,,,,,,,sirene,
AMBIANCE ENERGIE,,,a contacter,,,,,,,,,,,,cvc,,TOULOUGES,,66,,,,,,,,,,,,,,,,,,,,,,,,,,,,,,,521321984,52132198400044,43.22B,,,,,,,,,,,sirene,
AMBIANCES FLAMMES,,,a contacter,,,,,,,,,,,,cvc,,BASSE-GOULAINE,,44,,,,,,,,,,,,,,,,,,,,,,,,,,,,,,,539248948,53924894800033,43.22B,,,,,,,,,,,sirene,
AMBITHERM,,,a contacter,,,,,,,,,,,,cvc,,PINSAGUEL,,31,,,,,,,,,,,,,,,,,,,,,,,,,,,,,,,451326771,45132677100032,43.22B,,,,,,,,,,,sirene,
AMC EST,,,a contacter,,,,,,,,,,,,cvc,,DAMELEVIERES,,54,,,,,,,,,,,,,,,,,,,,,,,,,,,,,,,794396325,79439632500027,43.22B,,,,,,,,,,,sirene,
AMD ENERGIES,,,a contacter,,,,,,,,,,,,cvc,,ENTRAIGUES-SUR-LA-SORGUE,,84,,,,,,,,,,,,,,,,,,,,,,,,,,,,,,,752132738,75213273800036,43.22A,,,,,,,,,,,sirene,
AME ENERGIES,,,a contacter,,,,,,,,,,,,cvc,,GAP,,05,,,,,,,,,,,,,,,,,,,,,,,,,,,,,,,902270123,90227012300018,43.22B,,,,,,,,,,,sirene,
AMELIORATION ET CONSEIL DES BATIMENTS DE FRANCE,,,a contacter,,,,,,,,,,,,cvc,,BOULOGNE-BILLANCOURT,,92,,,,,,,,,,,,,,,,,,,,,,,,,,,,,,,751207812,75120781200015,43.29A,,,,,,,,,,,sirene,
AMELIORATION GARANTIE POUR L'HABITAT RENOVATION,,,a contacter,,,,,,,,,,,,cvc,,LISIEUX,,14,,,,,,,,,,,,,,,,,,,,,,,,,,,,,,,838930733,83893073300020,43.29A,,,,,,,,,,,sirene,
AMENAGEMENT 2000,,,a contacter,,,,,,,,,,,,cvc,,COSNE-COURS-SUR-LOIRE,,58,,,,,,,,,,,,,,,,,,,,,,,,,,,,,,,520972290,52097229000016,43.22A,,,,,,,,,,,sirene,
AMENAGEMENT SENIORS HABITAT - ASH,,,a contacter,,,,,,,,,,,,cvc,,BEGLES,,33,,,,,,,,,,,,,,,,,,,,,,,,,,,,,,,815179692,81517969200034,43.22A,,,,,,,,,,,sirene,
AMETHYS,,,a contacter,,,,,,,,,,,,cvc,,SECLIN,,59,,,,,,,,,,,,,,,,,,,,,,,,,,,,,,,808581854,80858185400052,43.22B,,,,,,,,,,,sirene,
AMGAZ,,,a contacter,,,,,,,,,,,,cvc,,SAINT-PRIEST,,69,,,,,,,,,,,,,,,,,,,,,,,,,,,,,,,435137450,43513745000035,43.22B,,,,,,,,,,,sirene,
AMIAUD,,,a contacter,,,,,,,,,,,,cvc,,LES BROUZILS,,85,,,,,,,,,,,,,,,,,,,,,,,,,,,,,,,385216031,38521603100018,43.22B,,,,,,,,,,,sirene,
AMITS,,,a contacter,,,,,,,,,,,,cvc,,MANTES-LA-VILLE,,78,,,,,,,,,,,,,,,,,,,,,,,,,,,,,,,847755279,84775527900019,43.22A,,,,,,,,,,,sirene,
AMMANN PROVENCE,,,a contacter,,,,,,,,,,,,cvc,,VIDAUBAN,,83,,,,,,,,,,,,,,,,,,,,,,,,,,,,,,,448435388,44843538800021,43.22A,,,,,,,,,,,sirene,
AMPLITUDE ISOLATION,,,a contacter,,,,,,,,,,,,cvc,,VOGUE,,07,,,,,,,,,,,,,,,,,,,,,,,,,,,,,,,825077167,82507716700039,43.22B,,,,,,,,,,,sirene,
AMPLITUDE ISOLATION 43,,,a contacter,,,,,,,,,,,,cvc,,BRIVES-CHARENSAC,,43,,,,,,,,,,,,,,,,,,,,,,,,,,,,,,,909815730,90981573000017,43.29A,,,,,,,,,,,sirene,
AMTECH,,,a contacter,,,,,,,,,,,,cvc,,PARIS,,75,,,,,,,,,,,,,,,,,,,,,,,,,,,,,,,338912694,33891269400035,43.22A,,,,,,,,,,,sirene,
ANAYA CRUEIZE,,,a contacter,,,,,,,,,,,,cvc,,MALAUCENE,,84,,,,,,,,,,,,,,,,,,,,,,,,,,,,,,,377995659,37799565900028,43.22A,,,,,,,,,,,sirene,
ANCIENS ETABL CHARDIN,,,a contacter,,,,,,,,,,,,cvc,,VILLEJUIF,,94,,,,,,,,,,,,,,,,,,,,,,,,,,,,,,,662022953,66202295300043,43.22A,,,,,,,,,,,sirene,
ANCIENS ETABLISSEMENTS KUSCHNICK,,,a contacter,,,,,,,,,,,,cvc,,PARIS,,75,,,,,,,,,,,,,,,,,,,,,,,,,,,,,,,572182178,57218217800028,43.22A,,,,,,,,,,,sirene,
ANDD,,,a contacter,,,,,,,,,,,,cvc,,ROSNY-SOUS-BOIS,,93,,,,,,,,,,,,,,,,,,,,,,,,,,,,,,,515398790,51539879000052,43.29A,,,,,,,,,,,sirene,
ANDLAUER MAINTENANCE,,,a contacter,,,,,,,,,,,,cvc,,ROSHEIM,,67,,,,,,,,,,,,,,,,,,,,,,,,,,,,,,,517468286,51746828600029,43.22B,,,,,,,,,,,sirene,
ANDLAUER SAS,,,a contacter,,,,,,,,,,,,cvc,,ROSHEIM,,67,,,,,,,,,,,,,,,,,,,,,,,,,,,,,,,677080103,67708010300026,43.22B,,,,,,,,,,,sirene,
ANDRE DAVID,,,a contacter,,,,,,,,,,,,cvc,,TREILLIERES,,44,,,,,,,,,,,,,,,,,,,,,,,,,,,,,,,423177690,42317769000025,43.22B,,,,,,,,,,,sirene,
ANDREU,,,a contacter,,,,,,,,,,,,cvc,,BAILLY-ROMAINVILLIERS,,77,,,,,,,,,,,,,,,,,,,,,,,,,,,,,,,399667674,39966767400051,43.22B,,,,,,,,,,,sirene,
ANE ALAIN,,,a contacter,,,,,,,,,,,,cvc,,RIEUMES,,31,,,,,,,,,,,,,,,,,,,,,,,,,,,,,,,424721405,42472140500019,43.22A,,,,,,,,,,,sirene,
ANEO,,,a contacter,,,,,,,,,,,,cvc,,MUDAISON,,34,,,,,,,,,,,,,,,,,,,,,,,,,,,,,,,508250321,50825032100066,43.22B,,,,,,,,,,,sirene,
ANJOU CLIM SERVICES,,,a contacter,,,,,,,,,,,,cvc,,ECOUFLANT,,49,,,,,,,,,,,,,,,,,,,,,,,,,,,,,,,419016225,41901622500023,43.22B,,,,,,,,,,,sirene,
ANJOU VENTIL - ROYALE GAINES,,,a contacter,,,,,,,,,,,,cvc,,SEVREMOINE,,49,,,,,,,,,,,,,,,,,,,,,,,,,,,,,,,437532591,43753259100025,43.22B,,,,,,,,,,,sirene,
ANP,,,a contacter,,,,,,,,,,,,cvc,,LA CRECHE,,79,,,,,,,,,,,,,,,,,,,,,,,,,,,,,,,534753728,53475372800029,43.22A,,,,,,,,,,,sirene,
ANQUETIL CLIMATICIENS,,,a contacter,,,,,,,,,,,,cvc,,SAINT-BRICE-COURCELLES,,51,,,,,,,,,,,,,,,,,,,,,,,,,,,,,,,314775057,31477505700040,43.22B,,,,,,,,,,,sirene,
ANTHIME DEGREMONT,,,a contacter,,,,,,,,,,,,cvc,,LA SENTINELLE,,59,,,,,,,,,,,,,,,,,,,,,,,,,,,,,,,803391507,80339150700016,43.22A,,,,,,,,,,,sirene,
ANTOINE BRESARD (EIRL BRESARD ANTOINE),,,a contacter,,,,,,,,,,,,cvc,,ANNOIRE,,39,,,,,,,,,,,,,,,,,,,,,,,,,,,,,,,528630726,52863072600024,43.22A,,,,,,,,,,,sirene,
ANTOINE HAUVILLE,,,a contacter,,,,,,,,,,,,cvc,,BOIS-GUILLAUME,,76,,,,,,,,,,,,,,,,,,,,,,,,,,,,,,,752370676,75237067600021,43.22B,,,,,,,,,,,sirene,
ANTWAY,,,a contacter,,,,,,,,,,,,cvc,,KILSTETT,,67,,,,,,,,,,,,,,,,,,,,,,,,,,,,,,,421745985,42174598500026,43.22B,,,,,,,,,,,sirene,
ANVOLIA,,,a contacter,,,,,,,,,,,,cvc,,LA CHAPELLE-SUR-ERDRE,,44,,,,,,,,,,,,,,,,,,,,,,,,,,,,,,,381362243,38136224300119,43.22B,,,,,,,,,,,sirene,
ANVOLIA 13,,,a contacter,,,,,,,,,,,,cvc,,VITROLLES,,13,,,,,,,,,,,,,,,,,,,,,,,,,,,,,,,502567332,50256733200031,43.22B,,,,,,,,,,,sirene,
ANVOLIA 21,,,a contacter,,,,,,,,,,,,cvc,,FOUCHERANS,,39,,,,,,,,,,,,,,,,,,,,,,,,,,,,,,,879792083,87979208300013,43.22B,,,,,,,,,,,sirene,
ANVOLIA 31,,,a contacter,,,,,,,,,,,,cvc,,MURET,,31,,,,,,,,,,,,,,,,,,,,,,,,,,,,,,,451676092,45167609200039,43.22B,,,,,,,,,,,sirene,
ANVOLIA 33,,,a contacter,,,,,,,,,,,,cvc,,CANEJAN,,33,,,,,,,,,,,,,,,,,,,,,,,,,,,,,,,502553910,50255391000030,43.22B,,,,,,,,,,,sirene,
ANVOLIA 35,,,a contacter,,,,,,,,,,,,cvc,,THORIGNE-FOUILLARD,,35,,,,,,,,,,,,,,,,,,,,,,,,,,,,,,,432261931,43226193100021,43.22B,,,,,,,,,,,sirene,
ANVOLIA 37,,,a contacter,,,,,,,,,,,,cvc,,JOUE-LES-TOURS,,37,,,,,,,,,,,,,,,,,,,,,,,,,,,,,,,432303261,43230326100064,43.22B,,,,,,,,,,,sirene,
ANVOLIA 44,,,a contacter,,,,,,,,,,,,cvc,,LA CHAPELLE-SUR-ERDRE,,44,,,,,,,,,,,,,,,,,,,,,,,,,,,,,,,432296911,43229691100022,43.22B,,,,,,,,,,,sirene,
ANVOLIA 56,,,a contacter,,,,,,,,,,,,cvc,,LANESTER,,56,,,,,,,,,,,,,,,,,,,,,,,,,,,,,,,432293207,43229320700010,43.22B,,,,,,,,,,,sirene,
ANVOLIA 59,,,a contacter,,,,,,,,,,,,cvc,,PONT-A-MARCQ,,59,,,,,,,,,,,,,,,,,,,,,,,,,,,,,,,511119778,51111977800021,43.22B,,,,,,,,,,,sirene,
ANVOLIA 69,,,a contacter,,,,,,,,,,,,cvc,,SAINT-QUENTIN-FALLAVIER,,38,,,,,,,,,,,,,,,,,,,,,,,,,,,,,,,499375756,49937575600024,43.22B,,,,,,,,,,,sirene,
ANVOLIA 75,,,a contacter,,,,,,,,,,,,cvc,,THIAIS,,94,,,,,,,,,,,,,,,,,,,,,,,,,,,,,,,434628103,43462810300039,43.22B,,,,,,,,,,,sirene,
ANVOLIA 76,,,a contacter,,,,,,,,,,,,cvc,,SAINT-ETIENNE-DU-ROUVRAY,,76,,,,,,,,,,,,,,,,,,,,,,,,,,,,,,,751540030,75154003000028,43.22B,,,,,,,,,,,sirene,
AP RENO,,,a contacter,,,,,,,,,,,,cvc,,PERISSAC,,33,,,,,,,,,,,,,,,,,,,,,,,,,,,,,,,900770587,90077058700013,43.22B,,,,,,,,,,,sirene,
APC,,,a contacter,,,,,,,,,,,,cvc,,SANCE,,71,,,,,,,,,,,,,,,,,,,,,,,,,,,,,,,790487375,79048737500020,43.22A,,,,,,,,,,,sirene,
API,,,a contacter,,,,,,,,,,,,cvc,,GRENOBLE,,38,,,,,,,,,,,,,,,,,,,,,,,,,,,,,,,523669844,52366984400020,43.22A,,,,,,,,,,,sirene,
APIC,,,a contacter,,,,,,,,,,,,cvc,,MONTAMISE,,86,,,,,,,,,,,,,,,,,,,,,,,,,,,,,,,352470983,35247098300037,43.29A,,,,,,,,,,,sirene,
APITECHS,,,a contacter,,,,,,,,,,,,cvc,,ORVAULT,,44,,,,,,,,,,,,,,,,,,,,,,,,,,,,,,,823768833,82376883300043,43.29A,,,,,,,,,,,sirene,
APJ ENERGIES,,,a contacter,,,,,,,,,,,,cvc,,LONGEAULT-PLUVAULT,,21,,,,,,,,,,,,,,,,,,,,,,,,,,,,,,,538841610,53884161000032,43.22A,,,,,,,,,,,sirene,
APOOLPI,,,a contacter,,,,,,,,,,,,cvc,,PIEGROS-LA-CLASTRE,,26,,,,,,,,,,,,,,,,,,,,,,,,,,,,,,,840061212,84006121200014,43.22A,,,,,,,,,,,sirene,
APPLICATION CLIM.PLOMBERIE CHAUFFAGE,,,a contacter,,,,,,,,,,,,cvc,,LEVENS,,06,,,,,,,,,,,,,,,,,,,,,,,,,,,,,,,441360419,44136041900028,43.22B,,,,,,,,,,,sirene,
APPLICATION CONCEPT INNOVATION ENERGIES RENOUVELABLES PAR ABREVIATION ACI ENERGIES RENOUVELABLES,,,a contacter,,,,,,,,,,,,cvc,,MIGNIERES,,28,,,,,,,,,,,,,,,,,,,,,,,,,,,,,,,504383241,50438324100024,43.22B,,,,,,,,,,,sirene,
APPLICATION PLOMBERIE MODERNE,,,a contacter,,,,,,,,,,,,cvc,,OZOIR-LA-FERRIERE,,77,,,,,,,,,,,,,,,,,,,,,,,,,,,,,,,950572164,95057216400024,43.22A,,,,,,,,,,,sirene,
APPLITECH,,,a contacter,,,,,,,,,,,,cvc,,CHAMPIGNY-SUR-MARNE,,94,,,,,,,,,,,,,,,,,,,,,,,,,,,,,,,478461015,47846101500040,43.22B,,,,,,,,,,,sirene,
APPROVISION LOTISS PAVILLONS,,,a contacter,,,,,,,,,,,,cvc,,ANTONY,,92,,,,,,,,,,,,,,,,,,,,,,,,,,,,,,,692024581,69202458100013,43.22B,,,,,,,,,,,sirene,
APR ISOLATION,,,a contacter,,,,,,,,,,,,cvc,,ETRECHY,,91,,,,,,,,,,,,,,,,,,,,,,,,,,,,,,,514436922,51443692200033,43.29A,,,,,,,,,,,sirene,
APS,,,a contacter,,,,,,,,,,,,cvc,,STRASBOURG,,67,,,,,,,,,,,,,,,,,,,,,,,,,,,,,,,491072187,49107218700033,43.22A,,,,,,,,,,,sirene,
APTZ,,,a contacter,,,,,,,,,,,,cvc,,PARIS,,75,,,,,,,,,,,,,,,,,,,,,,,,,,,,,,,791060312,79106031200034,43.22A,,,,,,,,,,,sirene,
AQUA CONFORT,,,a contacter,,,,,,,,,,,,cvc,,FRANCONVILLE,,95,,,,,,,,,,,,,,,,,,,,,,,,,,,,,,,523701654,52370165400049,43.22A,,,,,,,,,,,sirene,
AQUA ENERGIE CONCEPT,,,a contacter,,,,,,,,,,,,cvc,,GARIDECH,,31,,,,,,,,,,,,,,,,,,,,,,,,,,,,,,,533678876,53367887600020,43.22A,,,,,,,,,,,sirene,
AQUA ENERGY,,,a contacter,,,,,,,,,,,,cvc,,NICE,,06,,,,,,,,,,,,,,,,,,,,,,,,,,,,,,,534558879,53455887900035,43.22A,,,,,,,,,,,sirene,
AQUACLIM,,,a contacter,,,,,,,,,,,,cvc,,ALES,,30,,,,,,,,,,,,,,,,,,,,,,,,,,,,,,,450263504,45026350400034,43.22B,,,,,,,,,,,sirene,
AQUACLIM SERVICE,,,a contacter,,,,,,,,,,,,cvc,,QUEVEN,,56,,,,,,,,,,,,,,,,,,,,,,,,,,,,,,,510717036,51071703600089,43.22B,,,,,,,,,,,sirene,
AQUADIM,,,a contacter,,,,,,,,,,,,cvc,,PARIS,,75,,,,,,,,,,,,,,,,,,,,,,,,,,,,,,,430212357,43021235700072,43.22A,,,,,,,,,,,sirene,
AQUAGAZ SERVICES,,,a contacter,,,,,,,,,,,,cvc,,BEAUNE,,21,,,,,,,,,,,,,,,,,,,,,,,,,,,,,,,478129513,47812951300022,43.22B,,,,,,,,,,,sirene,
AQUALIA,,,a contacter,,,,,,,,,,,,cvc,,MOUANS-SARTOUX,,06,,,,,,,,,,,,,,,,,,,,,,,,,,,,,,,445368673,44536867300031,43.22B,,,,,,,,,,,sirene,
AQUAPRO-IDF,,,a contacter,,,,,,,,,,,,cvc,,FONTENAY-LE-FLEURY,,78,,,,,,,,,,,,,,,,,,,,,,,,,,,,,,,509326930,50932693000021,43.22A,,,,,,,,,,,sirene,
AQUATAIR,,,a contacter,,,,,,,,,,,,cvc,,SCIEZ,,74,,,,,,,,,,,,,,,,,,,,,,,,,,,,,,,491385209,49138520900029,43.22B,,,,,,,,,,,sirene,
AQUATAIR SAVOIE,,,a contacter,,,,,,,,,,,,cvc,,ANNECY,,74,,,,,,,,,,,,,,,,,,,,,,,,,,,,,,,509328282,50932828200025,43.22B,,,,,,,,,,,sirene,
AQUATECH,,,a contacter,,,,,,,,,,,,cvc,,THONES,,74,,,,,,,,,,,,,,,,,,,,,,,,,,,,,,,414195404,41419540400010,43.22B,,,,,,,,,,,sirene,
AQUATHIS,,,a contacter,,,,,,,,,,,,cvc,,BRIEC,,29,,,,,,,,,,,,,,,,,,,,,,,,,,,,,,,398877340,39887734000024,43.22A,,,,,,,,,,,sirene,
AQUECILIZ FRANCE,,,a contacter,,,,,,,,,,,,cvc,,GRIGNY,,91,,,,,,,,,,,,,,,,,,,,,,,,,,,,,,,749841474,74984147400028,43.22A,,,,,,,,,,,sirene,
AQUISOLE,,,a contacter,,,,,,,,,,,,cvc,,YVRAC,,33,,,,,,,,,,,,,,,,,,,,,,,,,,,,,,,981641665,98164166500014,43.29A,,,,,,,,,,,sirene,
AQUITAINE ISOL ENTREPRISE,,,a contacter,,,,,,,,,,,,cvc,,LACQ,,64,,,,,,,,,,,,,,,,,,,,,,,,,,,,,,,333553907,33355390700010,43.29A,,,,,,,,,,,sirene,
AQUITAINE PERFORMANCE ENERGETIQUE,,,a contacter,,,,,,,,,,,,cvc,,SAINT-ANDRE-DE-CUBZAC,,33,,,,,,,,,,,,,,,,,,,,,,,,,,,,,,,534981691,53498169100023,43.22B,,,,,,,,,,,sirene,
AQUITAINE TECHNIQUE DU BATIMENT ATB,,,a contacter,,,,,,,,,,,,cvc,,SAINT-JEAN-D'ILLAC,,33,,,,,,,,,,,,,,,,,,,,,,,,,,,,,,,789767639,78976763900030,43.22A,,,,,,,,,,,sirene,
AQUITAINE THERMIQUE CONFORT,,,a contacter,,,,,,,,,,,,cvc,,PONT-DU-CASSE,,47,,,,,,,,,,,,,,,,,,,,,,,,,,,,,,,418698163,41869816300015,43.22A,,,,,,,,,,,sirene,
AQUITEC FROID COURRET,,,a contacter,,,,,,,,,,,,cvc,,SAINTE LIVRADE SUR LOT,,47,,,,,,,,,,,,,,,,,,,,,,,,,,,,,,,753395581,75339558100022,43.22A,,,,,,,,,,,sirene,
AR CHAUFFAGE,,,a contacter,,,,,,,,,,,,cvc,,LONGEVILLE-LES-SAINT-AVOLD,,57,,,,,,,,,,,,,,,,,,,,,,,,,,,,,,,900553207,90055320700011,43.22B,,,,,,,,,,,sirene,
AR VENTILATION,,,a contacter,,,,,,,,,,,,cvc,,ARGENTEUIL,,95,,,,,,,,,,,,,,,,,,,,,,,,,,,,,,,823586177,82358617700011,43.22B,,,,,,,,,,,sirene,
AR&CO,,,a contacter,,,,,,,,,,,,cvc,,LE POET-LAVAL,,26,,,,,,,,,,,,,,,,,,,,,,,,,,,,,,,794015701,79401570100038,43.22B,,,,,,,,,,,sirene,
AR2C,,,a contacter,,,,,,,,,,,,cvc,,RIOM,,63,,,,,,,,,,,,,,,,,,,,,,,,,,,,,,,437531171,43753117100027,43.22B,,,,,,,,,,,sirene,
ARAMBURU,,,a contacter,,,,,,,,,,,,cvc,,BIDART,,64,,,,,,,,,,,,,,,,,,,,,,,,,,,,,,,533784724,53378472400015,43.22B,,,,,,,,,,,sirene,
ARAUJO SEIGNAT ENERGIE,,,a contacter,,,,,,,,,,,,cvc,,LONS,,64,,,,,,,,,,,,,,,,,,,,,,,,,,,,,,,412914749,41291474900020,43.22A,,,,,,,,,,,sirene,
ARCACHON PLOMBERIE COUVERTURE,,,a contacter,,,,,,,,,,,,cvc,,ARCACHON,,33,,,,,,,,,,,,,,,,,,,,,,,,,,,,,,,523324556,52332455600019,43.22A,,,,,,,,,,,sirene,
ARCHENERGIE,,,a contacter,,,,,,,,,,,,cvc,,LE HAILLAN,,33,,,,,,,,,,,,,,,,,,,,,,,,,,,,,,,537649154,53764915400060,43.29A,,,,,,,,,,,sirene,
ARCHIMEDE,,,a contacter,,,,,,,,,,,,cvc,,PLOEMEUR,,56,,,,,,,,,,,,,,,,,,,,,,,,,,,,,,,434639498,43463949800022,43.22A,,,,,,,,,,,sirene,
ARCHIREAL,,,a contacter,,,,,,,,,,,,cvc,,SAINT-CYR-SUR-MER,,83,,,,,,,,,,,,,,,,,,,,,,,,,,,,,,,848176434,84817643400019,43.22A,,,,,,,,,,,sirene,
ARDENNE PEINTURE EVOLUTION,,,a contacter,,,,,,,,,,,,cvc,,BELVAL,,08,,,,,,,,,,,,,,,,,,,,,,,,,,,,,,,301296463,30129646300047,43.29A,,,,,,,,,,,sirene,
AREO FLUIDES,,,a contacter,,,,,,,,,,,,cvc,,LILLE,,59,,,,,,,,,,,,,,,,,,,,,,,,,,,,,,,894225739,89422573900016,43.22A,,,,,,,,,,,sirene,
ARIACHAUFF,,,a contacter,,,,,,,,,,,,cvc,,NICE,,06,,,,,,,,,,,,,,,,,,,,,,,,,,,,,,,430306274,43030627400035,43.22B,,,,,,,,,,,sirene,
ARIEGE SOUFFLAGE,,,a contacter,,,,,,,,,,,,cvc,,PAMIERS,,09,,,,,,,,,,,,,,,,,,,,,,,,,,,,,,,812515443,81251544300024,43.29A,,,,,,,,,,,sirene,
ARIES,,,a contacter,,,,,,,,,,,,cvc,,GUYANCOURT,,78,,,,,,,,,,,,,,,,,,,,,,,,,,,,,,,507882082,50788208200021,43.22B,,,,,,,,,,,sirene,
ARMAING CHAUFFAGE CLIMATISATION,,,a contacter,,,,,,,,,,,,cvc,,BOULOC,,31,,,,,,,,,,,,,,,,,,,,,,,,,,,,,,,800069700,80006970000055,43.22B,,,,,,,,,,,sirene,
ARMANDO FRADE,,,a contacter,,,,,,,,,,,,cvc,,ANDILLY,,95,,,,,,,,,,,,,,,,,,,,,,,,,,,,,,,501841092,50184109200023,43.29A,,,,,,,,,,,sirene,
ARMOR GENIE CLIMATIQUE,,,a contacter,,,,,,,,,,,,cvc,,PAIMPOL,,22,,,,,,,,,,,,,,,,,,,,,,,,,,,,,,,450084983,45008498300011,43.22B,,,,,,,,,,,sirene,
ARMOR GEOTHERMIE,,,a contacter,,,,,,,,,,,,cvc,,SAINT-QUAY-PERROS,,22,,,,,,,,,,,,,,,,,,,,,,,,,,,,,,,533881595,53388159500037,43.22B,,,,,,,,,,,sirene,
ARMOR THERMIQUE ET SANITAIRE,,,a contacter,,,,,,,,,,,,cvc,,TREMUSON,,22,,,,,,,,,,,,,,,,,,,,,,,,,,,,,,,750239451,75023945100032,43.22A,,,,,,,,,,,sirene,
ARNES THERMIQUE,,,a contacter,,,,,,,,,,,,cvc,,ALTKIRCH,,68,,,,,,,,,,,,,,,,,,,,,,,,,,,,,,,804245785,80424578500030,43.22B,,,,,,,,,,,sirene,
ARPEG,,,a contacter,,,,,,,,,,,,cvc,,SAINT-LEGER-DE-LINIERES,,49,,,,,,,,,,,,,,,,,,,,,,,,,,,,,,,508992229,50899222900023,43.22A,,,,,,,,,,,sirene,
ARSENAL FLUIDES,,,a contacter,,,,,,,,,,,,cvc,,VENISSIEUX,,69,,,,,,,,,,,,,,,,,,,,,,,,,,,,,,,379714710,37971471000041,43.22A,,,,,,,,,,,sirene,
ART CHAUFFAGE,,,a contacter,,,,,,,,,,,,cvc,,LAGNY-SUR-MARNE,,77,,,,,,,,,,,,,,,,,,,,,,,,,,,,,,,531232593,53123259300032,43.22B,,,,,,,,,,,sirene,
ART FACADE 51,,,a contacter,,,,,,,,,,,,cvc,,MUIZON,,51,,,,,,,,,,,,,,,,,,,,,,,,,,,,,,,823587217,82358721700030,43.22B,,,,,,,,,,,sirene,
ART PROJECT,,,a contacter,,,,,,,,,,,,cvc,,BEYCHAC-ET-CAILLAU,,33,,,,,,,,,,,,,,,,,,,,,,,,,,,,,,,793428186,79342818600027,43.29A,,,,,,,,,,,sirene,
ART-SERVIGAZ,,,a contacter,,,,,,,,,,,,cvc,,BEGLES,,33,,,,,,,,,,,,,,,,,,,,,,,,,,,,,,,347550782,34755078200036,43.22B,,,,,,,,,,,sirene,
ARTEC ENERGIE,,,a contacter,,,,,,,,,,,,cvc,,VALBONNE,,06,,,,,,,,,,,,,,,,,,,,,,,,,,,,,,,793311473,79331147300011,43.22B,,,,,,,,,,,sirene,
ARTEIS,,,a contacter,,,,,,,,,,,,cvc,,LYON,,69,,,,,,,,,,,,,,,,,,,,,,,,,,,,,,,514366103,51436610300034,43.22B,,,,,,,,,,,sirene,
ARTEIS,,,a contacter,,,,,,,,,,,,cvc,,NEUILLY-PLAISANCE,,93,,,,,,,,,,,,,,,,,,,,,,,,,,,,,,,433681046,43368104600036,43.22B,,,,,,,,,,,sirene,
ARTHUIS POIRIER,,,a contacter,,,,,,,,,,,,cvc,,BONCHAMP-LES-LAVAL,,53,,,,,,,,,,,,,,,,,,,,,,,,,,,,,,,394649735,39464973500021,43.22A,,,,,,,,,,,sirene,
ARTI RENOVATION CONSEIL,,,a contacter,,,,,,,,,,,,cvc,,CHATENOY-LE-ROYAL,,71,,,,,,,,,,,,,,,,,,,,,,,,,,,,,,,829595230,82959523000048,43.29A,,,,,,,,,,,sirene,
ARTIFEX CLIMATIS,,,a contacter,,,,,,,,,,,,cvc,,CAGNES-SUR-MER,,06,,,,,,,,,,,,,,,,,,,,,,,,,,,,,,,834929903,83492990300021,43.22B,,,,,,,,,,,sirene,
ARTISAN SOLIDAIRE DE FRANCE,,,a contacter,,,,,,,,,,,,cvc,,MONTREUIL,,93,,,,,,,,,,,,,,,,,,,,,,,,,,,,,,,827639246,82763924600012,43.22B,,,,,,,,,,,sirene,
ARTISANS DE FRANCE,,,a contacter,,,,,,,,,,,,cvc,,MONTROUGE,,92,,,,,,,,,,,,,,,,,,,,,,,,,,,,,,,832065999,83206599900043,43.29A,,,,,,,,,,,sirene,
ARTISANS PLOMBIERS DE PARIS,,,a contacter,,,,,,,,,,,,cvc,,MONTREUIL,,93,,,,,,,,,,,,,,,,,,,,,,,,,,,,,,,790555742,79055574200028,43.22A,,,,,,,,,,,sirene,
ARTISAV 56,,,a contacter,,,,,,,,,,,,cvc,,PLESCOP,,56,,,,,,,,,,,,,,,,,,,,,,,,,,,,,,,513692723,51369272300010,43.22B,,,,,,,,,,,sirene,
ARVILLERS CHAUFFAGE,,,a contacter,,,,,,,,,,,,cvc,,ARVILLERS,,80,,,,,,,,,,,,,,,,,,,,,,,,,,,,,,,815393756,81539375600011,43.22A,,,,,,,,,,,sirene,
AS PLOMBERIE,,,a contacter,,,,,,,,,,,,cvc,,TRAPPES,,78,,,,,,,,,,,,,,,,,,,,,,,,,,,,,,,788730588,78873058800043,43.22A,,,,,,,,,,,sirene,
AS RENOVATION HABITAT,,,a contacter,,,,,,,,,,,,cvc,,CHALONS-EN-CHAMPAGNE,,51,,,,,,,,,,,,,,,,,,,,,,,,,,,,,,,811868470,81186847000030,43.29A,,,,,,,,,,,sirene,
ASFB - ART ET SAVOIR FAIRE DU BATIMENT,,,a contacter,,,,,,,,,,,,cvc,,ANSAUVILLERS,,60,,,,,,,,,,,,,,,,,,,,,,,,,,,,,,,403687833,40368783300034,43.22B,,,,,,,,,,,sirene,
ASG CHAUFFAGE,,,a contacter,,,,,,,,,,,,cvc,,COLLEGIEN,,77,,,,,,,,,,,,,,,,,,,,,,,,,,,,,,,910251123,91025112300030,43.22B,,,,,,,,,,,sirene,
ASGTS,,,a contacter,,,,,,,,,,,,cvc,,MONTELIMAR,,26,,,,,,,,,,,,,,,,,,,,,,,,,,,,,,,411439003,41143900300012,43.22B,,,,,,,,,,,sirene,
ASPECT 91,,,a contacter,,,,,,,,,,,,cvc,,SAVIGNY-SUR-ORGE,,91,,,,,,,,,,,,,,,,,,,,,,,,,,,,,,,412788630,41278863000041,43.22A,,,,,,,,,,,sirene,
ASR,,,a contacter,,,,,,,,,,,,cvc,,PARIS,,75,,,,,,,,,,,,,,,,,,,,,,,,,,,,,,,843274515,84327451500017,43.29A,,,,,,,,,,,sirene,
ASR AIDE SOLUTION RENOVATION,,,a contacter,,,,,,,,,,,,cvc,,VILLENOY,,77,,,,,,,,,,,,,,,,,,,,,,,,,,,,,,,494097686,49409768600013,43.29A,,,,,,,,,,,sirene,
ASSISTANCE CONTRAT DEPANNAGE POSE,,,a contacter,,,,,,,,,,,,cvc,,CHAVILLE,,92,,,,,,,,,,,,,,,,,,,,,,,,,,,,,,,424751048,42475104800036,43.22B,,,,,,,,,,,sirene,
ASSISTANCE DEPANNAGE INSTALLATION MALIE,,,a contacter,,,,,,,,,,,,cvc,,CAMBON,,81,,,,,,,,,,,,,,,,,,,,,,,,,,,,,,,402065734,40206573400012,43.22A,,,,,,,,,,,sirene,
ASSISTANCE ENERGETIQUE DU LEMAN,,,a contacter,,,,,,,,,,,,cvc,,THONON-LES-BAINS,,74,,,,,,,,,,,,,,,,,,,,,,,,,,,,,,,499960359,49996035900044,43.22A,,,,,,,,,,,sirene,
ASSISTANCE ET DEPANNAGE PAR VOITURE,,,a contacter,,,,,,,,,,,,cvc,,BOIS-D'ARCY,,78,,,,,,,,,,,,,,,,,,,,,,,,,,,,,,,307070649,30707064900057,43.22B,,,,,,,,,,,sirene,
ASSISTANCE MAINTENANCE & SERVICES - AMS,,,a contacter,,,,,,,,,,,,cvc,,BOUFFEMONT,,95,,,,,,,,,,,,,,,,,,,,,,,,,,,,,,,524470226,52447022600027,43.22B,,,,,,,,,,,sirene,
ASSISTANCE TECH MAINTENANCE CHAUFFAGE,,,a contacter,,,,,,,,,,,,cvc,,SAINT-VIT,,25,,,,,,,,,,,,,,,,,,,,,,,,,,,,,,,449078807,44907880700038,43.22B,,,,,,,,,,,sirene,
ASSISTANCE TECHNIQUE DU BATIMENT,,,a contacter,,,,,,,,,,,,cvc,,VAULX-EN-VELIN,,69,,,,,,,,,,,,,,,,,,,,,,,,,,,,,,,491018180,49101818000043,43.29A,,,,,,,,,,,sirene,
ASSISTANCE TECHNIQUE ELECTRIQUE CHAUFFAG,,,a contacter,,,,,,,,,,,,cvc,,MONTLUCON,,03,,,,,,,,,,,,,,,,,,,,,,,,,,,,,,,304499395,30449939500024,43.22B,,,,,,,,,,,sirene,
ASSO FRANCE,,,a contacter,,,,,,,,,,,,cvc,,SAINT-MAUR-DES-FOSSES,,94,,,,,,,,,,,,,,,,,,,,,,,,,,,,,,,302210661,30221066100062,43.29A,,,,,,,,,,,sirene,
ASTIER ENTREPRISE,,,a contacter,,,,,,,,,,,,cvc,,PUGET-SUR-ARGENS,,83,,,,,,,,,,,,,,,,,,,,,,,,,,,,,,,491313318,49131331800025,43.22A,,,,,,,,,,,sirene,
ATC,,,a contacter,,,,,,,,,,,,cvc,,LES PONTS-DE-CE,,49,,,,,,,,,,,,,,,,,,,,,,,,,,,,,,,534472451,53447245100036,43.22A,,,,,,,,,,,sirene,
ATCE ENERGIES,,,a contacter,,,,,,,,,,,,cvc,,AIX-EN-PROVENCE,,13,,,,,,,,,,,,,,,,,,,,,,,,,,,,,,,508173127,50817312700046,43.22B,,,,,,,,,,,sirene,
ATECC-SERVICES,,,a contacter,,,,,,,,,,,,cvc,,LA TALAUDIERE,,42,,,,,,,,,,,,,,,,,,,,,,,,,,,,,,,492977095,49297709500032,43.22B,,,,,,,,,,,sirene,
ATELIER CALORIFUGE MATELAS ISOLATION,,,a contacter,,,,,,,,,,,,cvc,,GUIPAVAS,,29,,,,,,,,,,,,,,,,,,,,,,,,,,,,,,,841384415,84138441500011,43.29A,,,,,,,,,,,sirene,
ATELIER CONTROL +,,,a contacter,,,,,,,,,,,,cvc,,MAISONS-ALFORT,,94,,,,,,,,,,,,,,,,,,,,,,,,,,,,,,,482098464,48209846400043,43.22A,,,,,,,,,,,sirene,
ATELIER CVC,,,a contacter,,,,,,,,,,,,cvc,,OZOIR-LA-FERRIERE,,77,,,,,,,,,,,,,,,,,,,,,,,,,,,,,,,881554570,88155457000021,43.22B,,,,,,,,,,,sirene,
ATELIER DES PROS ENERGIE RENOVATION,,,a contacter,,,,,,,,,,,,cvc,,LES LILAS,,93,,,,,,,,,,,,,,,,,,,,,,,,,,,,,,,902266139,90226613900036,43.29A,,,,,,,,,,,sirene,
ATELIER DU BATIMENT,,,a contacter,,,,,,,,,,,,cvc,,PARIS,,75,,,,,,,,,,,,,,,,,,,,,,,,,,,,,,,751202201,75120220100016,43.22B,,,,,,,,,,,sirene,
ATELIER PLOMBERIE REVELAT,,,a contacter,,,,,,,,,,,,cvc,,NICE,,06,,,,,,,,,,,,,,,,,,,,,,,,,,,,,,,810254946,81025494600041,43.22A,,,,,,,,,,,sirene,
ATELIER ROCHE,,,a contacter,,,,,,,,,,,,cvc,,GENNEVILLIERS,,92,,,,,,,,,,,,,,,,,,,,,,,,,,,,,,,537416711,53741671100027,43.22B,,,,,,,,,,,sirene,
ATELIER TCE,,,a contacter,,,,,,,,,,,,cvc,,CHARLEVILLE-MEZIERES,,08,,,,,,,,,,,,,,,,,,,,,,,,,,,,,,,893517755,89351775500029,43.22A,,,,,,,,,,,sirene,
ATELIERS DE VIC,,,a contacter,,,,,,,,,,,,cvc,,CASTANET-TOLOSAN,,31,,,,,,,,,,,,,,,,,,,,,,,,,,,,,,,344570841,34457084100025,43.22A,,,,,,,,,,,sirene,
ATELIERS FONTAINE / BLANCHARD AFB,,,a contacter,,,,,,,,,,,,cvc,,VERRIERES-LE-BUISSON,,91,,,,,,,,,,,,,,,,,,,,,,,,,,,,,,,522396597,52239659700042,43.22A,,,,,,,,,,,sirene,
ATELIERS THERMIQUES SERVICES,,,a contacter,,,,,,,,,,,,cvc,,CAUDAN,,56,,,,,,,,,,,,,,,,,,,,,,,,,,,,,,,403525546,40352554600020,43.22B,,,,,,,,,,,sirene,
ATEO ENERGIES,,,a contacter,,,,,,,,,,,,cvc,,OYONNAX,,01,,,,,,,,,,,,,,,,,,,,,,,,,,,,,,,385391800,38539180000039,43.22B,,,,,,,,,,,sirene,
ATEOS,,,a contacter,,,,,,,,,,,,cvc,,DAINVILLE,,62,,,,,,,,,,,,,,,,,,,,,,,,,,,,,,,814313086,81431308600021,43.22A,,,,,,,,,,,sirene,
ATHERME,,,a contacter,,,,,,,,,,,,cvc,,VESOUL,,70,,,,,,,,,,,,,,,,,,,,,,,,,,,,,,,449380302,44938030200033,43.22B,,,,,,,,,,,sirene,
ATI,,,a contacter,,,,,,,,,,,,cvc,,LIMOGES,,87,,,,,,,,,,,,,,,,,,,,,,,,,,,,,,,494737166,49473716600020,43.29A,,,,,,,,,,,sirene,
ATLANTI-PLAC,,,a contacter,,,,,,,,,,,,cvc,,LANESTER,,56,,,,,,,,,,,,,,,,,,,,,,,,,,,,,,,799894373,79989437300023,43.29A,,,,,,,,,,,sirene,
ATLANTIC GAZ,,,a contacter,,,,,,,,,,,,cvc,,REZE,,44,,,,,,,,,,,,,,,,,,,,,,,,,,,,,,,484705397,48470539700046,43.22B,,,,,,,,,,,sirene,
ATLANTIQUE BATIMENT CLOISON,,,a contacter,,,,,,,,,,,,cvc,,TREILLIERES,,44,,,,,,,,,,,,,,,,,,,,,,,,,,,,,,,524673340,52467334000047,43.29A,,,,,,,,,,,sirene,
ATLANTIQUE ENERGIES,,,a contacter,,,,,,,,,,,,cvc,,ORVAULT,,44,,,,,,,,,,,,,,,,,,,,,,,,,,,,,,,828308148,82830814800026,43.22A,,,,,,,,,,,sirene,
ATLANTISO,,,a contacter,,,,,,,,,,,,cvc,,CONCARNEAU,,29,,,,,,,,,,,,,,,,,,,,,,,,,,,,,,,434006508,43400650800031,43.29A,,,,,,,,,,,sirene,
ATLAS ENERGIE,,,a contacter,,,,,,,,,,,,cvc,,REDING,,57,,,,,,,,,,,,,,,,,,,,,,,,,,,,,,,508519345,50851934500013,43.22B,,,,,,,,,,,sirene,
ATO ISOLATION EXTERIEURE,,,a contacter,,,,,,,,,,,,cvc,,CUSSET,,03,,,,,,,,,,,,,,,,,,,,,,,,,,,,,,,514699271,51469927100045,43.29A,,,,,,,,,,,sirene,
ATOME ENERGIE,,,a contacter,,,,,,,,,,,,cvc,,MONTAUBAN,,82,,,,,,,,,,,,,,,,,,,,,,,,,,,,,,,917405151,91740515100023,43.22B,,,,,,,,,,,sirene,
ATOUT FLUID CLIMATISATION,,,a contacter,,,,,,,,,,,,cvc,,CHAMPIGNY-SUR-MARNE,,94,,,,,,,,,,,,,,,,,,,,,,,,,,,,,,,440989093,44098909300057,43.22B,,,,,,,,,,,sirene,
ATOUT GAZ BOUQUET,,,a contacter,,,,,,,,,,,,cvc,,DECINES-CHARPIEU,,69,,,,,,,,,,,,,,,,,,,,,,,,,,,,,,,530117308,53011730800029,43.22B,,,,,,,,,,,sirene,
ATOUT GAZ CALADE,,,a contacter,,,,,,,,,,,,cvc,,VILLEFRANCHE-SUR-SAONE,,69,,,,,,,,,,,,,,,,,,,,,,,,,,,,,,,883893943,88389394300026,43.22B,,,,,,,,,,,sirene,
ATOUT HABITAT,,,a contacter,,,,,,,,,,,,cvc,,PLABENNEC,,29,,,,,,,,,,,,,,,,,,,,,,,,,,,,,,,850460353,85046035300095,43.22B,,,,,,,,,,,sirene,
ATPC PLOMBERIE,,,a contacter,,,,,,,,,,,,cvc,,FREJUS,,83,,,,,,,,,,,,,,,,,,,,,,,,,,,,,,,803860212,80386021200023,43.22A,,,,,,,,,,,sirene,
ATPM 47,,,a contacter,,,,,,,,,,,,cvc,,ASTAFFORT,,47,,,,,,,,,,,,,,,,,,,,,,,,,,,,,,,807453717,80745371700017,43.22A,,,,,,,,,,,sirene,
ATRAM,,,a contacter,,,,,,,,,,,,cvc,,CADAUJAC,,33,,,,,,,,,,,,,,,,,,,,,,,,,,,,,,,435367016,43536701600027,43.22B,,,,,,,,,,,sirene,
ATRC - RENOV' GLOBAL',,,a contacter,,,,,,,,,,,,cvc,,MONTCOURT-FROMONVILLE,,77,,,,,,,,,,,,,,,,,,,,,,,,,,,,,,,843283516,84328351600014,43.29A,,,,,,,,,,,sirene,
ATSE BORDES,,,a contacter,,,,,,,,,,,,cvc,,SAINT-GENIES,,24,,,,,,,,,,,,,,,,,,,,,,,,,,,,,,,344982244,34498224400024,43.22B,,,,,,,,,,,sirene,
ATSF,,,a contacter,,,,,,,,,,,,cvc,,MOYRAZES,,12,,,,,,,,,,,,,,,,,,,,,,,,,,,,,,,803318104,80331810400012,43.22B,,,,,,,,,,,sirene,
ATTELEYN ET FILS,,,a contacter,,,,,,,,,,,,cvc,,WARHEM,,59,,,,,,,,,,,,,,,,,,,,,,,,,,,,,,,495342552,49534255200025,43.22B,,,,,,,,,,,sirene,
AU BAIN TOULOUSAIN,,,a contacter,,,,,,,,,,,,cvc,,MARQUEFAVE,,31,,,,,,,,,,,,,,,,,,,,,,,,,,,,,,,824488134,82448813400027,43.22A,,,,,,,,,,,sirene,
AU RAPIDE DEPANNAGE,,,a contacter,,,,,,,,,,,,cvc,,MAISONS-ALFORT,,94,,,,,,,,,,,,,,,,,,,,,,,,,,,,,,,353533730,35353373000019,43.22B,,,,,,,,,,,sirene,
AUBERT DAMIEN PLOMBERIE,,,a contacter,,,,,,,,,,,,cvc,,DAX,,40,,,,,,,,,,,,,,,,,,,,,,,,,,,,,,,809663610,80966361000024,43.22A,,,,,,,,,,,sirene,
AUGUY ET FILS,,,a contacter,,,,,,,,,,,,cvc,,RODEZ,,12,,,,,,,,,,,,,,,,,,,,,,,,,,,,,,,440603363,44060336300027,43.22A,,,,,,,,,,,sirene,
AUQUIERE,,,a contacter,,,,,,,,,,,,cvc,,SAINT-MARD,,77,,,,,,,,,,,,,,,,,,,,,,,,,,,,,,,441966595,44196659500031,43.22B,,,,,,,,,,,sirene,
AURELIEN CORTES SARL,,,a contacter,,,,,,,,,,,,cvc,,FABAS,,31,,,,,,,,,,,,,,,,,,,,,,,,,,,,,,,900777517,90077751700013,43.22A,,,,,,,,,,,sirene,
AUTAN SOLAIRE,,,a contacter,,,,,,,,,,,,cvc,,CASTANET-TOLOSAN,,31,,,,,,,,,,,,,,,,,,,,,,,,,,,,,,,489270322,48927032200022,43.22B,,,,,,,,,,,sirene,
AUTOMATISME THERMIQUE ELECTRIQUE,,,a contacter,,,,,,,,,,,,cvc,,TRETS,,13,,,,,,,,,,,,,,,,,,,,,,,,,,,,,,,521855874,52185587400033,43.22B,,,,,,,,,,,sirene,
AUTON'HOME ENERGIES,,,a contacter,,,,,,,,,,,,cvc,,ANGLET,,64,,,,,,,,,,,,,,,,,,,,,,,,,,,,,,,822368049,82236804900059,43.22B,,,,,,,,,,,sirene,
AUVERCLIM,,,a contacter,,,,,,,,,,,,cvc,,LA ROCHE-BLANCHE,,63,,,,,,,,,,,,,,,,,,,,,,,,,,,,,,,520442302,52044230200060,43.22B,,,,,,,,,,,sirene,
AUVERGNE ECO ENERGIE,,,a contacter,,,,,,,,,,,,cvc,,CREUZIER-LE-VIEUX,,03,,,,,,,,,,,,,,,,,,,,,,,,,,,,,,,894333996,89433399600029,43.22B,,,,,,,,,,,sirene,
AUVERGNE HABITAT CONSEIL,,,a contacter,,,,,,,,,,,,cvc,,SAINT-POURCAIN-SUR-SIOULE,,03,,,,,,,,,,,,,,,,,,,,,,,,,,,,,,,899103741,89910374100026,43.22B,,,,,,,,,,,sirene,
AUVERGNE TECHNI FLUIDE,,,a contacter,,,,,,,,,,,,cvc,,CHATEAUGAY,,63,,,,,,,,,,,,,,,,,,,,,,,,,,,,,,,821292158,82129215800028,43.22A,,,,,,,,,,,sirene,
AUXIGENE,,,a contacter,,,,,,,,,,,,cvc,,CLICHY,,92,,,,,,,,,,,,,,,,,,,,,,,,,,,,,,,380793687,38079368700068,43.22B,,,,,,,,,,,sirene,
AUXOIS ENERGIE,,,a contacter,,,,,,,,,,,,cvc,,POUILLY-EN-AUXOIS,,21,,,,,,,,,,,,,,,,,,,,,,,,,,,,,,,889205282,88920528200011,43.22A,,,,,,,,,,,sirene,
AVANTAGES ECO ENERGIE,,,a contacter,,,,,,,,,,,,cvc,,VAULX-EN-VELIN,,69,,,,,,,,,,,,,,,,,,,,,,,,,,,,,,,793751751,79375175100041,43.29A,,,,,,,,,,,sirene,
AVENENCE,,,a contacter,,,,,,,,,,,,cvc,,CLAMART,,92,,,,,,,,,,,,,,,,,,,,,,,,,,,,,,,423653419,42365341900030,43.22B,,,,,,,,,,,sirene,
AVENIR DU BATI FRANCAIS,,,a contacter,,,,,,,,,,,,cvc,,NEVERS,,58,,,,,,,,,,,,,,,,,,,,,,,,,,,,,,,841278260,84127826000010,43.29A,,,,,,,,,,,sirene,
AVENIR ENERGIES,,,a contacter,,,,,,,,,,,,cvc,,OLLIOULES,,83,,,,,,,,,,,,,,,,,,,,,,,,,,,,,,,489856203,48985620300034,43.22A,,,,,,,,,,,sirene,
AVENIR HABITAT,,,a contacter,,,,,,,,,,,,cvc,,LIEVIN,,62,,,,,,,,,,,,,,,,,,,,,,,,,,,,,,,803475649,80347564900023,43.29A,,,,,,,,,,,sirene,
AVENIR ISO,,,a contacter,,,,,,,,,,,,cvc,,ESLETTES,,76,,,,,,,,,,,,,,,,,,,,,,,,,,,,,,,823413786,82341378600034,43.29A,,,,,,,,,,,sirene,
AVENNA,,,a contacter,,,,,,,,,,,,cvc,,NANCY,,54,,,,,,,,,,,,,,,,,,,,,,,,,,,,,,,498521756,49852175600037,43.22B,,,,,,,,,,,sirene,
AVH SERVICES,,,a contacter,,,,,,,,,,,,cvc,,LIMAY,,78,,,,,,,,,,,,,,,,,,,,,,,,,,,,,,,415307024,41530702400026,43.22B,,,,,,,,,,,sirene,
AVI CONCEPT,,,a contacter,,,,,,,,,,,,cvc,,SAINT-RAMBERT-D'ALBON,,26,,,,,,,,,,,,,,,,,,,,,,,,,,,,,,,499050607,49905060700021,43.22B,,,,,,,,,,,sirene,
AVS,,,a contacter,,,,,,,,,,,,cvc,,ST-LEONARD-DE-NOBLAT,,87,,,,,,,,,,,,,,,,,,,,,,,,,,,,,,,453147217,45314721700039,43.22A,,,,,,,,,,,sirene,
AVS DUMONT,,,a contacter,,,,,,,,,,,,cvc,,PARIS 11,,75,,,,,,,,,,,,,,,,,,,,,,,,,,,,,,,343879797,34387979700029,43.22A,,,,,,,,,,,sirene,
AXAIR,,,a contacter,,,,,,,,,,,,cvc,,PERPIGNAN,,66,,,,,,,,,,,,,,,,,,,,,,,,,,,,,,,808230114,80823011400023,43.22B,,,,,,,,,,,sirene,
AXE ENERGIES,,,a contacter,,,,,,,,,,,,cvc,,ILLKIRCH-GRAFFENSTADEN,,67,,,,,,,,,,,,,,,,,,,,,,,,,,,,,,,524251154,52425115400034,43.22B,,,,,,,,,,,sirene,
AXEL,,,a contacter,,,,,,,,,,,,cvc,,LIVRY-GARGAN,,93,,,,,,,,,,,,,,,,,,,,,,,,,,,,,,,789903580,78990358000031,43.22A,,,,,,,,,,,sirene,
AXEL COUILLARD,,,a contacter,,,,,,,,,,,,cvc,,DARVOY,,45,,,,,,,,,,,,,,,,,,,,,,,,,,,,,,,790116578,79011657800036,43.22A,,,,,,,,,,,sirene,
AXENR SARL,,,a contacter,,,,,,,,,,,,cvc,,CASTRES,,81,,,,,,,,,,,,,,,,,,,,,,,,,,,,,,,515249431,51524943100013,43.22B,,,,,,,,,,,sirene,
AXIAN,,,a contacter,,,,,,,,,,,,cvc,,CAPPELLE-LA-GRANDE,,59,,,,,,,,,,,,,,,,,,,,,,,,,,,,,,,433724051,43372405100050,43.22B,,,,,,,,,,,sirene,
AXONE,,,a contacter,,,,,,,,,,,,cvc,,RUNGIS,,94,,,,,,,,,,,,,,,,,,,,,,,,,,,,,,,500508262,50050826200036,43.22B,,,,,,,,,,,sirene,
AYPHASSORHO  BEARN,,,a contacter,,,,,,,,,,,,cvc,,BIDOS,,64,,,,,,,,,,,,,,,,,,,,,,,,,,,,,,,384559589,38455958900021,43.22A,,,,,,,,,,,sirene,
AZAL ISOL,,,a contacter,,,,,,,,,,,,cvc,,MENCHHOFFEN,,67,,,,,,,,,,,,,,,,,,,,,,,,,,,,,,,839253622,83925362200022,43.29A,,,,,,,,,,,sirene,
AZEOTROPE,,,a contacter,,,,,,,,,,,,cvc,,COURNON-D'AUVERGNE,,63,,,,,,,,,,,,,,,,,,,,,,,,,,,,,,,434197000,43419700000038,43.22B,,,,,,,,,,,sirene,
AZUR CONFORT,,,a contacter,,,,,,,,,,,,cvc,,MARSEILLE,,13,,,,,,,,,,,,,,,,,,,,,,,,,,,,,,,451679583,45167958300059,43.22B,,,,,,,,,,,sirene,
AZUR GAZ ENERGY,,,a contacter,,,,,,,,,,,,cvc,,MARSEILLE,,13,,,,,,,,,,,,,,,,,,,,,,,,,,,,,,,449529551,44952955100037,43.22B,,,,,,,,,,,sirene,
AZUR PRO ENERGIES,,,a contacter,,,,,,,,,,,,cvc,,VELAUX,,13,,,,,,,,,,,,,,,,,,,,,,,,,,,,,,,498015163,49801516300021,43.22B,,,,,,,,,,,sirene,
AZUR SYSTEME SOLAIRE,,,a contacter,,,,,,,,,,,,cvc,,GRASSE,,06,,,,,,,,,,,,,,,,,,,,,,,,,,,,,,,503593683,50359368300041,43.22B,,,,,,,,,,,sirene,
AZUR VENTILATION,,,a contacter,,,,,,,,,,,,cvc,,LE LUC,,83,,,,,,,,,,,,,,,,,,,,,,,,,,,,,,,502437536,50243753600027,43.22B,,,,,,,,,,,sirene,
AZUREA CLIMAZUR,,,a contacter,,,,,,,,,,,,cvc,,SIX-FOURS-LES-PLAGES,,83,,,,,,,,,,,,,,,,,,,,,,,,,,,,,,,308055474,30805547400040,43.22A,,,,,,,,,,,sirene,
B C DIX,,,a contacter,,,,,,,,,,,,cvc,,ALBERT,,80,,,,,,,,,,,,,,,,,,,,,,,,,,,,,,,307280214,30728021400049,43.22B,,,,,,,,,,,sirene,
B ET C CLIMATISATION,,,a contacter,,,,,,,,,,,,cvc,,ARGENTEUIL,,95,,,,,,,,,,,,,,,,,,,,,,,,,,,,,,,343437224,34343722400029,43.22B,,,,,,,,,,,sirene,
B GLOBAL,,,a contacter,,,,,,,,,,,,cvc,,LYON,,69,,,,,,,,,,,,,,,,,,,,,,,,,,,,,,,813663689,81366368900038,43.22A,,,,,,,,,,,sirene,
B&B ENERGY,,,a contacter,,,,,,,,,,,,cvc,,ASNIERES-SUR-SEINE,,92,,,,,,,,,,,,,,,,,,,,,,,,,,,,,,,848507638,84850763800015,43.22B,,,,,,,,,,,sirene,
B&R RENOVATION,,,a contacter,,,,,,,,,,,,cvc,,ELANCOURT,,78,,,,,,,,,,,,,,,,,,,,,,,,,,,,,,,413934852,41393485200034,43.22A,,,,,,,,,,,sirene,
B' CONCEPT,,,a contacter,,,,,,,,,,,,cvc,,OSTWALD,,67,,,,,,,,,,,,,,,,,,,,,,,,,,,,,,,483625653,48362565300041,43.29A,,,,,,,,,,,sirene,
B.C.2R.,,,a contacter,,,,,,,,,,,,cvc,,SAIX,,81,,,,,,,,,,,,,,,,,,,,,,,,,,,,,,,813847274,81384727400020,43.22B,,,,,,,,,,,sirene,
B.C.A. BAT,,,a contacter,,,,,,,,,,,,cvc,,SAINT-CYR-L'ECOLE,,78,,,,,,,,,,,,,,,,,,,,,,,,,,,,,,,848652384,84865238400027,43.22A,,,,,,,,,,,sirene,
B.C.S.,,,a contacter,,,,,,,,,,,,cvc,,AUDINCOURT,,25,,,,,,,,,,,,,,,,,,,,,,,,,,,,,,,397650185,39765018500036,43.22A,,,,,,,,,,,sirene,
B.F.D.I.,,,a contacter,,,,,,,,,,,,cvc,,LA CHAIZE-LE-VICOMTE,,85,,,,,,,,,,,,,,,,,,,,,,,,,,,,,,,534275490,53427549000033,43.22A,,,,,,,,,,,sirene,
B.G.P. PLOMBERIE,,,a contacter,,,,,,,,,,,,cvc,,VILLEURBANNE,,69,,,,,,,,,,,,,,,,,,,,,,,,,,,,,,,500975883,50097588300025,43.22A,,,,,,,,,,,sirene,
B.M.S.M,,,a contacter,,,,,,,,,,,,cvc,,ROSNY-SOUS-BOIS,,93,,,,,,,,,,,,,,,,,,,,,,,,,,,,,,,533807277,53380727700025,43.22B,,,,,,,,,,,sirene,
B.S.,,,a contacter,,,,,,,,,,,,cvc,,BREAL-SOUS-MONTFORT,,35,,,,,,,,,,,,,,,,,,,,,,,,,,,,,,,491103735,49110373500024,43.22A,,,,,,,,,,,sirene,
BABARIT ECO-ENERGIES,,,a contacter,,,,,,,,,,,,cvc,,NOTRE-DAME-D'OE,,37,,,,,,,,,,,,,,,,,,,,,,,,,,,,,,,811995117,81199511700025,43.22B,,,,,,,,,,,sirene,
BADET S.A.S.,,,a contacter,,,,,,,,,,,,cvc,,MONTCEAU-LES-MINES,,71,,,,,,,,,,,,,,,,,,,,,,,,,,,,,,,778113662,77811366200036,43.22B,,,,,,,,,,,sirene,
BAILLOEUIL,,,a contacter,,,,,,,,,,,,cvc,,PERPIGNAN,,66,,,,,,,,,,,,,,,,,,,,,,,,,,,,,,,353340904,35334090400013,43.22A,,,,,,,,,,,sirene,
BAINVILLE SA,,,a contacter,,,,,,,,,,,,cvc,,TOUL,,54,,,,,,,,,,,,,,,,,,,,,,,,,,,,,,,316345651,31634565100046,43.22B,,,,,,,,,,,sirene,
BAJON ET ANDRES,,,a contacter,,,,,,,,,,,,cvc,,TARBES,,65,,,,,,,,,,,,,,,,,,,,,,,,,,,,,,,322271628,32227162800032,43.22B,,,,,,,,,,,sirene,
BAL,,,a contacter,,,,,,,,,,,,cvc,,PONT-D'AIN,,01,,,,,,,,,,,,,,,,,,,,,,,,,,,,,,,750445314,75044531400040,43.22A,,,,,,,,,,,sirene,
BALATONI,,,a contacter,,,,,,,,,,,,cvc,,ECQUEVILLY,,78,,,,,,,,,,,,,,,,,,,,,,,,,,,,,,,382015964,38201596400051,43.22A,,,,,,,,,,,sirene,
BANCEL FACADES,,,a contacter,,,,,,,,,,,,cvc,,BULLY-LES-MINES,,62,,,,,,,,,,,,,,,,,,,,,,,,,,,,,,,919638007,91963800700014,43.29A,,,,,,,,,,,sirene,
BAOU,,,a contacter,,,,,,,,,,,,cvc,,LA GARDE,,83,,,,,,,,,,,,,,,,,,,,,,,,,,,,,,,441322385,44132238500069,43.22B,,,,,,,,,,,sirene,
BARBOTTI ENERGIES SERVICES,,,a contacter,,,,,,,,,,,,cvc,,VELAINES,,55,,,,,,,,,,,,,,,,,,,,,,,,,,,,,,,439035668,43903566800029,43.22B,,,,,,,,,,,sirene,
BARCQ SARL,,,a contacter,,,,,,,,,,,,cvc,,SAINT-AUBIN-LE-CLOUD,,79,,,,,,,,,,,,,,,,,,,,,,,,,,,,,,,437684137,43768413700023,43.22A,,,,,,,,,,,sirene,
BARDET,,,a contacter,,,,,,,,,,,,cvc,,VALENCE,,26,,,,,,,,,,,,,,,,,,,,,,,,,,,,,,,792036543,79203654300025,43.22B,,,,,,,,,,,sirene,
BARDET S.N.,,,a contacter,,,,,,,,,,,,cvc,,MONTRICHARD-VAL-DE-CHER,,41,,,,,,,,,,,,,,,,,,,,,,,,,,,,,,,409165677,40916567700017,43.22A,,,,,,,,,,,sirene,
BARON PHILIPPE,,,a contacter,,,,,,,,,,,,cvc,,BRESSUIRE,,79,,,,,,,,,,,,,,,,,,,,,,,,,,,,,,,495193476,49519347600035,43.22A,,,,,,,,,,,sirene,
BARTELLEMY ET CIE,,,a contacter,,,,,,,,,,,,cvc,,BAR-LE-DUC,,55,,,,,,,,,,,,,,,,,,,,,,,,,,,,,,,350153326,35015332600029,43.22A,,,,,,,,,,,sirene,
BAT ENERGIE,,,a contacter,,,,,,,,,,,,cvc,,NOGENT-SUR-MARNE,,94,,,,,,,,,,,,,,,,,,,,,,,,,,,,,,,817931926,81793192600049,43.29A,,,,,,,,,,,sirene,
BAT'ISOL,,,a contacter,,,,,,,,,,,,cvc,,SAINT-PRIEST,,69,,,,,,,,,,,,,,,,,,,,,,,,,,,,,,,848855565,84885556500018,43.29A,,,,,,,,,,,sirene,
BAT-ISOL,,,a contacter,,,,,,,,,,,,cvc,,MAGNANVILLE,,78,,,,,,,,,,,,,,,,,,,,,,,,,,,,,,,883247496,88324749600010,43.22A,,,,,,,,,,,sirene,
BATAILLE,,,a contacter,,,,,,,,,,,,cvc,,NOGENT-LE-ROI,,28,,,,,,,,,,,,,,,,,,,,,,,,,,,,,,,403449135,40344913500025,43.22A,,,,,,,,,,,sirene,
BATECO,,,a contacter,,,,,,,,,,,,cvc,,LE PERREUX-SUR-MARNE,,94,,,,,,,,,,,,,,,,,,,,,,,,,,,,,,,500524368,50052436800023,43.22A,,,,,,,,,,,sirene,
BATEK,,,a contacter,,,,,,,,,,,,cvc,,SARCELLES,,95,,,,,,,,,,,,,,,,,,,,,,,,,,,,,,,497914598,49791459800022,43.29A,,,,,,,,,,,sirene,
BATI & RENOV,,,a contacter,,,,,,,,,,,,cvc,,ROSNY-SOUS-BOIS,,93,,,,,,,,,,,,,,,,,,,,,,,,,,,,,,,844918268,84491826800039,43.22A,,,,,,,,,,,sirene,
BATI FRANCE,,,a contacter,,,,,,,,,,,,cvc,,PARIS,,75,,,,,,,,,,,,,,,,,,,,,,,,,,,,,,,438546335,43854633500045,43.22A,,,,,,,,,,,sirene,
BATI PRESTO,,,a contacter,,,,,,,,,,,,cvc,,RIS-ORANGIS,,91,,,,,,,,,,,,,,,,,,,,,,,,,,,,,,,850184441,85018444100036,43.29A,,,,,,,,,,,sirene,
BATI PRO 85,,,a contacter,,,,,,,,,,,,cvc,,BELLEVIGNY,,85,,,,,,,,,,,,,,,,,,,,,,,,,,,,,,,819814344,81981434400027,43.22A,,,,,,,,,,,sirene,
BATI SAINT MARTIN,,,a contacter,,,,,,,,,,,,cvc,,CARBON-BLANC,,33,,,,,,,,,,,,,,,,,,,,,,,,,,,,,,,532135183,53213518300020,43.22B,,,,,,,,,,,sirene,
BATI SSK,,,a contacter,,,,,,,,,,,,cvc,,MONTMAGNY,,95,,,,,,,,,,,,,,,,,,,,,,,,,,,,,,,831134994,83113499400019,43.22A,,,,,,,,,,,sirene,
BATI SUR,,,a contacter,,,,,,,,,,,,cvc,,LA FARLEDE,,83,,,,,,,,,,,,,,,,,,,,,,,,,,,,,,,795187558,79518755800031,43.29A,,,,,,,,,,,sirene,
BATI-CHAPTEUIL,,,a contacter,,,,,,,,,,,,cvc,,SAINT-JULIEN-CHAPTEUIL,,43,,,,,,,,,,,,,,,,,,,,,,,,,,,,,,,327945747,32794574700035,43.22B,,,,,,,,,,,sirene,
BATI-ISO-PLUS,,,a contacter,,,,,,,,,,,,cvc,,NOISEAU,,94,,,,,,,,,,,,,,,,,,,,,,,,,,,,,,,524837812,52483781200014,43.29A,,,,,,,,,,,sirene,
BATI-TECH 31,,,a contacter,,,,,,,,,,,,cvc,,CASTANET-TOLOSAN,,31,,,,,,,,,,,,,,,,,,,,,,,,,,,,,,,803047117,80304711700053,43.22A,,,,,,,,,,,sirene,
BATI-THERM,,,a contacter,,,,,,,,,,,,cvc,,BOURG-EN-BRESSE,,01,,,,,,,,,,,,,,,,,,,,,,,,,,,,,,,532644127,53264412700013,43.29A,,,,,,,,,,,sirene,
BATICO,,,a contacter,,,,,,,,,,,,cvc,,BONDY,,93,,,,,,,,,,,,,,,,,,,,,,,,,,,,,,,820176584,82017658400028,43.29A,,,,,,,,,,,sirene,
BATIM FRANCE,,,a contacter,,,,,,,,,,,,cvc,,LA TALAUDIERE,,42,,,,,,,,,,,,,,,,,,,,,,,,,,,,,,,830038097,83003809700010,43.22A,,,,,,,,,,,sirene,
BATIMENT CHAUFFAGE PLOMBERIE CLIMATISAT,,,a contacter,,,,,,,,,,,,cvc,,CHEVANNES,,91,,,,,,,,,,,,,,,,,,,,,,,,,,,,,,,401855135,40185513500026,43.22A,,,,,,,,,,,sirene,
BATIMENT SERVICES,,,a contacter,,,,,,,,,,,,cvc,,MALZEVILLE,,54,,,,,,,,,,,,,,,,,,,,,,,,,,,,,,,317063717,31706371700068,43.29A,,,,,,,,,,,sirene,
BATIMENT TRAVAUX SERVICES,,,a contacter,,,,,,,,,,,,cvc,,ROYE,,70,,,,,,,,,,,,,,,,,,,,,,,,,,,,,,,316917152,31691715200035,43.22B,,,,,,,,,,,sirene,
BATIMENTS PEINTURES ISOLATIONS FACADES,,,a contacter,,,,,,,,,,,,cvc,,ROMANS-SUR-ISERE,,26,,,,,,,,,,,,,,,,,,,,,,,,,,,,,,,353623887,35362388700067,43.29A,,,,,,,,,,,sirene,
BATIPAC,,,a contacter,,,,,,,,,,,,cvc,,LILLE,,59,,,,,,,,,,,,,,,,,,,,,,,,,,,,,,,922112362,92211236200046,43.22B,,,,,,,,,,,sirene,
BATISERVE,,,a contacter,,,,,,,,,,,,cvc,,POITIERS,,86,,,,,,,,,,,,,,,,,,,,,,,,,,,,,,,834723173,83472317300011,43.22B,,,,,,,,,,,sirene,
BATISERVICES,,,a contacter,,,,,,,,,,,,cvc,,CHAMPIGNY-SUR-MARNE,,94,,,,,,,,,,,,,,,,,,,,,,,,,,,,,,,847622842,84762284200031,43.22B,,,,,,,,,,,sirene,
BATITHERMIC SA,,,a contacter,,,,,,,,,,,,cvc,,HOUDAN,,78,,,,,,,,,,,,,,,,,,,,,,,,,,,,,,,301917514,30191751400046,43.29A,,,,,,,,,,,sirene,
BATIV'AIR SANTE,,,a contacter,,,,,,,,,,,,cvc,,MIONS,,69,,,,,,,,,,,,,,,,,,,,,,,,,,,,,,,839682721,83968272100023,43.22B,,,,,,,,,,,sirene,
BATO,,,a contacter,,,,,,,,,,,,cvc,,METZERAL,,68,,,,,,,,,,,,,,,,,,,,,,,,,,,,,,,825297757,82529775700015,43.22B,,,,,,,,,,,sirene,
BAUDOT SAS,,,a contacter,,,,,,,,,,,,cvc,,SAINT-FARGEAU,,89,,,,,,,,,,,,,,,,,,,,,,,,,,,,,,,326172152,32617215200026,43.22B,,,,,,,,,,,sirene,
BAUDRAS ET FILS,,,a contacter,,,,,,,,,,,,cvc,,NEVERS,,58,,,,,,,,,,,,,,,,,,,,,,,,,,,,,,,340174051,34017405100011,43.22B,,,,,,,,,,,sirene,
BBS,,,a contacter,,,,,,,,,,,,cvc,,COMPANS,,77,,,,,,,,,,,,,,,,,,,,,,,,,,,,,,,350926473,35092647300033,43.22B,,,,,,,,,,,sirene,
BBS AVENIR,,,a contacter,,,,,,,,,,,,cvc,,TOURNAN-EN-BRIE,,77,,,,,,,,,,,,,,,,,,,,,,,,,,,,,,,897599841,89759984100029,43.22B,,,,,,,,,,,sirene,
BC ENTREPRISE,,,a contacter,,,,,,,,,,,,cvc,,SAINT-FLORENTIN,,89,,,,,,,,,,,,,,,,,,,,,,,,,,,,,,,507350155,50735015500036,43.22B,,,,,,,,,,,sirene,
BC ISOLATION,,,a contacter,,,,,,,,,,,,cvc,,PARIS,,75,,,,,,,,,,,,,,,,,,,,,,,,,,,,,,,853401032,85340103200018,43.29A,,,,,,,,,,,sirene,
BCC 33,,,a contacter,,,,,,,,,,,,cvc,,BIGANOS,,33,,,,,,,,,,,,,,,,,,,,,,,,,,,,,,,812872992,81287299200027,43.22B,,,,,,,,,,,sirene,
BCI SOLUTIONS,,,a contacter,,,,,,,,,,,,cvc,,OBJAT,,19,,,,,,,,,,,,,,,,,,,,,,,,,,,,,,,947873543,94787354300013,43.22A,,,,,,,,,,,sirene,
BDN PLOMBERIE,,,a contacter,,,,,,,,,,,,cvc,,BAGNEUX,,92,,,,,,,,,,,,,,,,,,,,,,,,,,,,,,,917780546,91778054600011,43.22A,,,,,,,,,,,sirene,
BDS,,,a contacter,,,,,,,,,,,,cvc,,GRENOBLE,,38,,,,,,,,,,,,,,,,,,,,,,,,,,,,,,,529771222,52977122200039,43.22B,,,,,,,,,,,sirene,
BDS GENIE CLIMATIQUE,,,a contacter,,,,,,,,,,,,cvc,,SECLIN,,59,,,,,,,,,,,,,,,,,,,,,,,,,,,,,,,498142421,49814242100045,43.22B,,,,,,,,,,,sirene,
BEALEM,,,a contacter,,,,,,,,,,,,cvc,,MARCLOPT,,42,,,,,,,,,,,,,,,,,,,,,,,,,,,,,,,315012716,31501271600033,43.22B,,,,,,,,,,,sirene,
BEAUCHESNE DANIEL,,,a contacter,,,,,,,,,,,,cvc,,MONTMORILLON,,86,,,,,,,,,,,,,,,,,,,,,,,,,,,,,,,418379178,41837917800035,43.22A,,,,,,,,,,,sirene,
BEAUFILS CHRISTOPHE,,,a contacter,,,,,,,,,,,,cvc,,CHABRIS,,36,,,,,,,,,,,,,,,,,,,,,,,,,,,,,,,823093471,82309347100048,43.22A,,,,,,,,,,,sirene,
BEAUGENDRE,,,a contacter,,,,,,,,,,,,cvc,,SAINT-BARTHELEMY-D'ANJOU,,49,,,,,,,,,,,,,,,,,,,,,,,,,,,,,,,307331041,30733104100052,43.22B,,,,,,,,,,,sirene,
BEESUN ENERGIE,,,a contacter,,,,,,,,,,,,cvc,,LAVERUNE,,34,,,,,,,,,,,,,,,,,,,,,,,,,,,,,,,892139098,89213909800024,43.22B,,,,,,,,,,,sirene,
BEG ENERGIE,,,a contacter,,,,,,,,,,,,cvc,,CHANTELOUP-EN-BRIE,,77,,,,,,,,,,,,,,,,,,,,,,,,,,,,,,,753143031,75314303100023,43.22B,,,,,,,,,,,sirene,
BEL'AIR,,,a contacter,,,,,,,,,,,,cvc,,MONTBELIARD,,25,,,,,,,,,,,,,,,,,,,,,,,,,,,,,,,884301342,88430134200017,43.22B,,,,,,,,,,,sirene,
BELET ISOLATION RODEZ,,,a contacter,,,,,,,,,,,,cvc,,OLEMPS,,12,,,,,,,,,,,,,,,,,,,,,,,,,,,,,,,519117022,51911702200011,43.29A,,,,,,,,,,,sirene,
BENEDETTI,,,a contacter,,,,,,,,,,,,cvc,,AVIGNON,,84,,,,,,,,,,,,,,,,,,,,,,,,,,,,,,,305206237,30520623700029,43.29A,,,,,,,,,,,sirene,
BENETIERE,,,a contacter,,,,,,,,,,,,cvc,,SAINT-ETIENNE,,42,,,,,,,,,,,,,,,,,,,,,,,,,,,,,,,311876171,31187617100027,43.22B,,,,,,,,,,,sirene,
BENOIT DELEPIERRE,,,a contacter,,,,,,,,,,,,cvc,,BORRE,,59,,,,,,,,,,,,,,,,,,,,,,,,,,,,,,,539605170,53960517000015,43.22B,,,,,,,,,,,sirene,
BENOIT PLOMBERIE,,,a contacter,,,,,,,,,,,,cvc,,LYS-LEZ-LANNOY,,59,,,,,,,,,,,,,,,,,,,,,,,,,,,,,,,801098773,80109877300022,43.22A,,,,,,,,,,,sirene,
BERGAMASCHI,,,a contacter,,,,,,,,,,,,cvc,,VELIZY-VILLACOUBLAY,,78,,,,,,,,,,,,,,,,,,,,,,,,,,,,,,,448059451,44805945100030,43.22B,,,,,,,,,,,sirene,
BERGAMIN ET FILS,,,a contacter,,,,,,,,,,,,cvc,,AUTERIVE,,31,,,,,,,,,,,,,,,,,,,,,,,,,,,,,,,438754061,43875406100010,43.22A,,,,,,,,,,,sirene,
BERGERET,,,a contacter,,,,,,,,,,,,cvc,,LONS,,64,,,,,,,,,,,,,,,,,,,,,,,,,,,,,,,419858931,41985893100050,43.22A,,,,,,,,,,,sirene,
BERNARD ASSOCIES,,,a contacter,,,,,,,,,,,,cvc,,LA FERRIERE,,85,,,,,,,,,,,,,,,,,,,,,,,,,,,,,,,489100321,48910032100012,43.22B,,,,,,,,,,,sirene,
BERNARD LEFEBVRE,,,a contacter,,,,,,,,,,,,cvc,,LAMBERSART,,59,,,,,,,,,,,,,,,,,,,,,,,,,,,,,,,388852147,38885214700023,43.22A,,,,,,,,,,,sirene,
BERNARDUS RENZEMA (BERNARD RENZEMA RZM CONSTRUCTION),,,a contacter,,,,,,,,,,,,cvc,,SAINTE-LIVRADE-SUR-LOT,,47,,,,,,,,,,,,,,,,,,,,,,,,,,,,,,,429934771,42993477100024,43.22A,,,,,,,,,,,sirene,
BERRY BATIMENT ET CONCEPTION,,,a contacter,,,,,,,,,,,,cvc,,ARGENTON-SUR-CREUSE,,36,,,,,,,,,,,,,,,,,,,,,,,,,,,,,,,827760745,82776074500022,43.29A,,,,,,,,,,,sirene,
BERTHELOT,,,a contacter,,,,,,,,,,,,cvc,,CLICHY,,92,,,,,,,,,,,,,,,,,,,,,,,,,,,,,,,449047216,44904721600030,43.22A,,,,,,,,,,,sirene,
BERTHIOT,,,a contacter,,,,,,,,,,,,cvc,,THURY,,21,,,,,,,,,,,,,,,,,,,,,,,,,,,,,,,432883999,43288399900018,43.22B,,,,,,,,,,,sirene,
BERTHOUIN POTREL ENERGIES,,,a contacter,,,,,,,,,,,,cvc,,SAINT-JEAN-D'ANGELY,,17,,,,,,,,,,,,,,,,,,,,,,,,,,,,,,,495338956,49533895600016,43.22A,,,,,,,,,,,sirene,
BERTUCELLI,,,a contacter,,,,,,,,,,,,cvc,,PREUILLY-SUR-CLAISE,,37,,,,,,,,,,,,,,,,,,,,,,,,,,,,,,,334148376,33414837600067,43.22A,,,,,,,,,,,sirene,
BESANCON TECHNIC GAZ,,,a contacter,,,,,,,,,,,,cvc,,BESANCON,,25,,,,,,,,,,,,,,,,,,,,,,,,,,,,,,,394624761,39462476100059,43.22B,,,,,,,,,,,sirene,
BEST CELCIUS,,,a contacter,,,,,,,,,,,,cvc,,CHAVENAY,,78,,,,,,,,,,,,,,,,,,,,,,,,,,,,,,,533083655,53308365500027,43.22A,,,,,,,,,,,sirene,
BEST VENTIL,,,a contacter,,,,,,,,,,,,cvc,,LA FERTE-SOUS-JOUARRE,,77,,,,,,,,,,,,,,,,,,,,,,,,,,,,,,,848610010,84861001000060,43.22B,,,,,,,,,,,sirene,
BETTA,,,a contacter,,,,,,,,,,,,cvc,,EMERAINVILLE,,77,,,,,,,,,,,,,,,,,,,,,,,,,,,,,,,493680219,49368021900042,43.22B,,,,,,,,,,,sirene,
BEYER ENERGIES,,,a contacter,,,,,,,,,,,,cvc,,BETSCHDORF,,67,,,,,,,,,,,,,,,,,,,,,,,,,,,,,,,489606301,48960630100021,43.22B,,,,,,,,,,,sirene,
BEYER HOME SERVICES,,,a contacter,,,,,,,,,,,,cvc,,BRUMATH,,67,,,,,,,,,,,,,,,,,,,,,,,,,,,,,,,882047152,88204715200013,43.22A,,,,,,,,,,,sirene,
BEYER SANITAIRE ENTZHEIM,,,a contacter,,,,,,,,,,,,cvc,,ENTZHEIM,,67,,,,,,,,,,,,,,,,,,,,,,,,,,,,,,,531952588,53195258800022,43.22A,,,,,,,,,,,sirene,
BEZZINA,,,a contacter,,,,,,,,,,,,cvc,,FREJUS,,83,,,,,,,,,,,,,,,,,,,,,,,,,,,,,,,683750400,68375040000023,43.22A,,,,,,,,,,,sirene,
BFG RENOVATION,,,a contacter,,,,,,,,,,,,cvc,,MARCK,,62,,,,,,,,,,,,,,,,,,,,,,,,,,,,,,,835009242,83500924200016,43.22B,,,,,,,,,,,sirene,
BG GROUPE,,,a contacter,,,,,,,,,,,,cvc,,ASNIERES-SUR-SEINE,,92,,,,,,,,,,,,,,,,,,,,,,,,,,,,,,,840528624,84052862400033,43.29A,,,,,,,,,,,sirene,
BGC 16,,,a contacter,,,,,,,,,,,,cvc,,L'ISLE D'ESPAGNAC,,16,,,,,,,,,,,,,,,,,,,,,,,,,,,,,,,318698701,31869870100048,43.22B,,,,,,,,,,,sirene,
BIANCHI-JD,,,a contacter,,,,,,,,,,,,cvc,,PEGOMAS,,06,,,,,,,,,,,,,,,,,,,,,,,,,,,,,,,421544487,42154448700018,43.22B,,,,,,,,,,,sirene,
BIDET SASU,,,a contacter,,,,,,,,,,,,cvc,,PANNES,,45,,,,,,,,,,,,,,,,,,,,,,,,,,,,,,,401183488,40118348800048,43.29A,,,,,,,,,,,sirene,
BILGER ET FILS,,,a contacter,,,,,,,,,,,,cvc,,RIESPACH,,68,,,,,,,,,,,,,,,,,,,,,,,,,,,,,,,392811113,39281111300027,43.22B,,,,,,,,,,,sirene,
BILLAUD ISOLATION,,,a contacter,,,,,,,,,,,,cvc,,CHOLET,,49,,,,,,,,,,,,,,,,,,,,,,,,,,,,,,,378741870,37874187000018,43.29A,,,,,,,,,,,sirene,
BILLIS CLIMATISATION,,,a contacter,,,,,,,,,,,,cvc,,VILLENEUVE-LA-GARENNE,,92,,,,,,,,,,,,,,,,,,,,,,,,,,,,,,,389615378,38961537800046,43.22B,,,,,,,,,,,sirene,
BILLON,,,a contacter,,,,,,,,,,,,cvc,,PAMPROUX,,79,,,,,,,,,,,,,,,,,,,,,,,,,,,,,,,320005267,32000526700044,43.22B,,,,,,,,,,,sirene,
BILLY,,,a contacter,,,,,,,,,,,,cvc,,ST-AFFRIQUE,,12,,,,,,,,,,,,,,,,,,,,,,,,,,,,,,,439911850,43991185000030,43.22A,,,,,,,,,,,sirene,
BINAUD THERMIQUE ELECTRICITE,,,a contacter,,,,,,,,,,,,cvc,,MATHA,,17,,,,,,,,,,,,,,,,,,,,,,,,,,,,,,,333799237,33379923700016,43.22B,,,,,,,,,,,sirene,
BIO CHAUDIERES,,,a contacter,,,,,,,,,,,,cvc,,BOULAY-MOSELLE,,57,,,,,,,,,,,,,,,,,,,,,,,,,,,,,,,484696596,48469659600036,43.22B,,,,,,,,,,,sirene,
BIO ENERGIES SERVICES,,,a contacter,,,,,,,,,,,,cvc,,VILLY-LE-PELLOUX,,74,,,,,,,,,,,,,,,,,,,,,,,,,,,,,,,504785502,50478550200023,43.22B,,,,,,,,,,,sirene,
BIO SERVICES,,,a contacter,,,,,,,,,,,,cvc,,BISCHOFFSHEIM,,67,,,,,,,,,,,,,,,,,,,,,,,,,,,,,,,821119195,82111919500013,43.22B,,,,,,,,,,,sirene,
BIO'CHAUF,,,a contacter,,,,,,,,,,,,cvc,,LURE,,70,,,,,,,,,,,,,,,,,,,,,,,,,,,,,,,492320288,49232028800045,43.22B,,,,,,,,,,,sirene,
BIO-ENERGIES DIFFUSION,,,a contacter,,,,,,,,,,,,cvc,,CASTANET-TOLOSAN,,31,,,,,,,,,,,,,,,,,,,,,,,,,,,,,,,484085295,48408529500026,43.22B,,,,,,,,,,,sirene,
BIOM ENERGIES,,,a contacter,,,,,,,,,,,,cvc,,ANGLET,,64,,,,,,,,,,,,,,,,,,,,,,,,,,,,,,,808782395,80878239500046,43.22A,,,,,,,,,,,sirene,
BIOSTEAM,,,a contacter,,,,,,,,,,,,cvc,,SAINT-GREGOIRE,,35,,,,,,,,,,,,,,,,,,,,,,,,,,,,,,,921569224,92156922400014,43.22B,,,,,,,,,,,sirene,
BISCAYE ELECTRICITE,,,a contacter,,,,,,,,,,,,cvc,,BEZIERS,,34,,,,,,,,,,,,,,,,,,,,,,,,,,,,,,,894708833,89470883300021,43.22B,,,,,,,,,,,sirene,
BJ 35,,,a contacter,,,,,,,,,,,,cvc,,LE RHEU,,35,,,,,,,,,,,,,,,,,,,,,,,,,,,,,,,752361444,75236144400033,43.22A,,,,,,,,,,,sirene,
BJ 56 ALRE,,,a contacter,,,,,,,,,,,,cvc,,PLOUGOUMELEN,,56,,,,,,,,,,,,,,,,,,,,,,,,,,,,,,,878525021,87852502100027,43.22A,,,,,,,,,,,sirene,
BJ 56 BROCELIANDE,,,a contacter,,,,,,,,,,,,cvc,,PLOERMEL,,56,,,,,,,,,,,,,,,,,,,,,,,,,,,,,,,878582949,87858294900029,43.22A,,,,,,,,,,,sirene,
BL INCENDIE,,,a contacter,,,,,,,,,,,,cvc,,MESSEIN,,54,,,,,,,,,,,,,,,,,,,,,,,,,,,,,,,518429667,51842966700059,43.22B,,,,,,,,,,,sirene,
BLAMPEY S.A.S.,,,a contacter,,,,,,,,,,,,cvc,,VIVIERS-DU-LAC,,73,,,,,,,,,,,,,,,,,,,,,,,,,,,,,,,327601704,32760170400023,43.22B,,,,,,,,,,,sirene,
BLANC GILBERT,,,a contacter,,,,,,,,,,,,cvc,,LYON,,69,,,,,,,,,,,,,,,,,,,,,,,,,,,,,,,481529857,48152985700015,43.22B,,,,,,,,,,,sirene,
BLANCHARD ET BLAZQUEZ,,,a contacter,,,,,,,,,,,,cvc,,RILLIEUX-LA-PAPE,,69,,,,,,,,,,,,,,,,,,,,,,,,,,,,,,,957503782,95750378200030,43.22A,,,,,,,,,,,sirene,
BLANCHE,,,a contacter,,,,,,,,,,,,cvc,,PARIS,,75,,,,,,,,,,,,,,,,,,,,,,,,,,,,,,,493007090,49300709000019,43.22A,,,,,,,,,,,sirene,
BLANPAIN DENIS,,,a contacter,,,,,,,,,,,,cvc,,SAMER,,62,,,,,,,,,,,,,,,,,,,,,,,,,,,,,,,503111148,50311114800022,43.29A,,,,,,,,,,,sirene,
BLC CONFORT,,,a contacter,,,,,,,,,,,,cvc,,CARPIQUET,,14,,,,,,,,,,,,,,,,,,,,,,,,,,,,,,,533846853,53384685300026,43.22B,,,,,,,,,,,sirene,
BLIN LAURENT,,,a contacter,,,,,,,,,,,,cvc,,BONNEUIL-MATOURS,,86,,,,,,,,,,,,,,,,,,,,,,,,,,,,,,,503510265,50351026500013,43.22B,,,,,,,,,,,sirene,
BLV,,,a contacter,,,,,,,,,,,,cvc,,SEGRE-EN-ANJOU BLEU,,49,,,,,,,,,,,,,,,,,,,,,,,,,,,,,,,483736948,48373694800017,43.22B,,,,,,,,,,,sirene,
BMD THERMIQUE,,,a contacter,,,,,,,,,,,,cvc,,GRETZ ARMAINVILLIERS,,77,,,,,,,,,,,,,,,,,,,,,,,,,,,,,,,821171626,82117162600046,43.22A,,,,,,,,,,,sirene,
BMI BATIMENT MAISONS INDIVIDUELLES,,,a contacter,,,,,,,,,,,,cvc,,ROUBAIX,,59,,,,,,,,,,,,,,,,,,,,,,,,,,,,,,,479726705,47972670500029,43.22B,,,,,,,,,,,sirene,
BMI CALORIFUGE,,,a contacter,,,,,,,,,,,,cvc,,BUSSY-SAINT-GEORGES,,77,,,,,,,,,,,,,,,,,,,,,,,,,,,,,,,750351660,75035166000048,43.29A,,,,,,,,,,,sirene,
BMP BAT,,,a contacter,,,,,,,,,,,,cvc,,AUBENAS,,07,,,,,,,,,,,,,,,,,,,,,,,,,,,,,,,899484075,89948407500036,43.29A,,,,,,,,,,,sirene,
BOBION & JOANIN BORDEAUX,,,a contacter,,,,,,,,,,,,cvc,,TRESSES,,33,,,,,,,,,,,,,,,,,,,,,,,,,,,,,,,820720712,82072071200026,43.22B,,,,,,,,,,,sirene,
BOBION ET JOANIN,,,a contacter,,,,,,,,,,,,cvc,,LONS,,64,,,,,,,,,,,,,,,,,,,,,,,,,,,,,,,326818176,32681817600108,43.22B,,,,,,,,,,,sirene,
BOCQUET,,,a contacter,,,,,,,,,,,,cvc,,SAINT-FOLQUIN,,62,,,,,,,,,,,,,,,,,,,,,,,,,,,,,,,799615554,79961555400018,43.22A,,,,,,,,,,,sirene,
BOLERO,,,a contacter,,,,,,,,,,,,cvc,,ECQUEVILLY,,78,,,,,,,,,,,,,,,,,,,,,,,,,,,,,,,441854387,44185438700020,43.22A,,,,,,,,,,,sirene,
BON GILLES,,,a contacter,,,,,,,,,,,,cvc,,CREST,,26,,,,,,,,,,,,,,,,,,,,,,,,,,,,,,,428749899,42874989900020,43.22B,,,,,,,,,,,sirene,
BONNAUD DUFOUR ASSOCIES,,,a contacter,,,,,,,,,,,,cvc,,FONTENAY-LE-COMTE,,85,,,,,,,,,,,,,,,,,,,,,,,,,,,,,,,380445395,38044539500045,43.22B,,,,,,,,,,,sirene,
BONNEFOI,,,a contacter,,,,,,,,,,,,cvc,,ALES,,30,,,,,,,,,,,,,,,,,,,,,,,,,,,,,,,418668000,41866800000031,43.22B,,,,,,,,,,,sirene,
BONNEFOY G2C,,,a contacter,,,,,,,,,,,,cvc,,VALENCE,,26,,,,,,,,,,,,,,,,,,,,,,,,,,,,,,,834086431,83408643100022,43.22A,,,,,,,,,,,sirene,
BONNET-ROGEREAU,,,a contacter,,,,,,,,,,,,cvc,,FONTENAY-SOUS-BOIS,,94,,,,,,,,,,,,,,,,,,,,,,,,,,,,,,,331981696,33198169600023,43.22A,,,,,,,,,,,sirene,
BONSENS SARL,,,a contacter,,,,,,,,,,,,cvc,,BALLAN-MIRE,,37,,,,,,,,,,,,,,,,,,,,,,,,,,,,,,,443752415,44375241500028,43.22A,,,,,,,,,,,sirene,
BORD'O ENERGIES,,,a contacter,,,,,,,,,,,,cvc,,BEGLES,,33,,,,,,,,,,,,,,,,,,,,,,,,,,,,,,,819814708,81981470800015,43.22A,,,,,,,,,,,sirene,
BORDELAIS SAS,,,a contacter,,,,,,,,,,,,cvc,,MORNE-A-L'EAU,,971,,,,,,,,,,,,,,,,,,,,,,,,,,,,,,,531138907,53113890700021,43.22B,,,,,,,,,,,sirene,
BORIS VARIN,,,a contacter,,,,,,,,,,,,cvc,,LA COLOMBE,,50,,,,,,,,,,,,,,,,,,,,,,,,,,,,,,,799001581,79900158100039,43.29A,,,,,,,,,,,sirene,
BOUARD PLOMBERIE CHAUFFAGE CENTRAL SANIT,,,a contacter,,,,,,,,,,,,cvc,,TREMBLAY-EN-FRANCE,,93,,,,,,,,,,,,,,,,,,,,,,,,,,,,,,,712023985,71202398500047,43.22A,,,,,,,,,,,sirene,
BOUCHET,,,a contacter,,,,,,,,,,,,cvc,,TREMENTINES,,49,,,,,,,,,,,,,,,,,,,,,,,,,,,,,,,447818584,44781858400016,43.22A,,,,,,,,,,,sirene,
BOUGNOTEAU SAS,,,a contacter,,,,,,,,,,,,cvc,,LIMOGES,,87,,,,,,,,,,,,,,,,,,,,,,,,,,,,,,,772500054,77250005400071,43.22B,,,,,,,,,,,sirene,
BOUILLOT SAS,,,a contacter,,,,,,,,,,,,cvc,,MONTCEAU LES MINES,,71,,,,,,,,,,,,,,,,,,,,,,,,,,,,,,,434079174,43407917400026,43.22B,,,,,,,,,,,sirene,
BOULAIS BERNARD SARL,,,a contacter,,,,,,,,,,,,cvc,,L'AIGUILLON-LA-PRESQU'ILE,,85,,,,,,,,,,,,,,,,,,,,,,,,,,,,,,,318947983,31894798300041,43.22A,,,,,,,,,,,sirene,
BOULEVARD DES ENERGIES,,,a contacter,,,,,,,,,,,,cvc,,ALLASSAC,,19,,,,,,,,,,,,,,,,,,,,,,,,,,,,,,,513163477,51316347700039,43.22B,,,,,,,,,,,sirene,
BOURDEAUX,,,a contacter,,,,,,,,,,,,cvc,,TOULOUSE,,31,,,,,,,,,,,,,,,,,,,,,,,,,,,,,,,503427676,50342767600039,43.22B,,,,,,,,,,,sirene,
BOURDEAUX AIX,,,a contacter,,,,,,,,,,,,cvc,,AIX-EN-PROVENCE,,13,,,,,,,,,,,,,,,,,,,,,,,,,,,,,,,432669505,43266950500039,43.22A,,,,,,,,,,,sirene,
BOURG FRERES,,,a contacter,,,,,,,,,,,,cvc,,SERRES-CASTET,,64,,,,,,,,,,,,,,,,,,,,,,,,,,,,,,,316068600,31606860000030,43.22B,,,,,,,,,,,sirene,
BOURGOGNE ISOLATION INDUSTRIE,,,a contacter,,,,,,,,,,,,cvc,,QUETIGNY,,21,,,,,,,,,,,,,,,,,,,,,,,,,,,,,,,387461247,38746124700042,43.29A,,,,,,,,,,,sirene,
BOURGUIGNON,,,a contacter,,,,,,,,,,,,cvc,,COMPS-LA-GRAND-VILLE,,12,,,,,,,,,,,,,,,,,,,,,,,,,,,,,,,521325563,52132556300034,43.22B,,,,,,,,,,,sirene,
BOURRIE,,,a contacter,,,,,,,,,,,,cvc,,MONTAUBAN,,82,,,,,,,,,,,,,,,,,,,,,,,,,,,,,,,343736146,34373614600030,43.22B,,,,,,,,,,,sirene,
BOUTEILLE.CHAUFFAGE.PLOMBERIE,,,a contacter,,,,,,,,,,,,cvc,,MEAUX,,77,,,,,,,,,,,,,,,,,,,,,,,,,,,,,,,851014654,85101465400038,43.22A,,,,,,,,,,,sirene,
BOUTET ENTREPRISE,,,a contacter,,,,,,,,,,,,cvc,,ANTIGNY,,85,,,,,,,,,,,,,,,,,,,,,,,,,,,,,,,445307283,44530728300017,43.22A,,,,,,,,,,,sirene,
BOUTINEAU,,,a contacter,,,,,,,,,,,,cvc,,BIARD,,86,,,,,,,,,,,,,,,,,,,,,,,,,,,,,,,314464611,31446461100065,43.22B,,,,,,,,,,,sirene,
BOUTROY CHARALAMBOUS,,,a contacter,,,,,,,,,,,,cvc,,VERSIGNY,,02,,,,,,,,,,,,,,,,,,,,,,,,,,,,,,,428917900,42891790000014,43.22B,,,,,,,,,,,sirene,
BOVE,,,a contacter,,,,,,,,,,,,cvc,,SAINT-ETIENNE-LES-REMIREMONT,,88,,,,,,,,,,,,,,,,,,,,,,,,,,,,,,,320379092,32037909200101,43.29A,,,,,,,,,,,sirene,
BP INNOV LE MANS,,,a contacter,,,,,,,,,,,,cvc,,SAINT-SATURNIN,,72,,,,,,,,,,,,,,,,,,,,,,,,,,,,,,,911198935,91119893500023,43.29A,,,,,,,,,,,sirene,
BP2C,,,a contacter,,,,,,,,,,,,cvc,,ROUFFIAC-TOLOSAN,,31,,,,,,,,,,,,,,,,,,,,,,,,,,,,,,,440542686,44054268600041,43.22B,,,,,,,,,,,sirene,
BPC,,,a contacter,,,,,,,,,,,,cvc,,AULNAY-SOUS-BOIS,,93,,,,,,,,,,,,,,,,,,,,,,,,,,,,,,,848049342,84804934200019,43.22A,,,,,,,,,,,sirene,
BR SOLUTIONS,,,a contacter,,,,,,,,,,,,cvc,,CIVRAY,,86,,,,,,,,,,,,,,,,,,,,,,,,,,,,,,,535127641,53512764100038,43.22B,,,,,,,,,,,sirene,
BRACHET COMTET,,,a contacter,,,,,,,,,,,,cvc,,BOURG-EN-BRESSE,,01,,,,,,,,,,,,,,,,,,,,,,,,,,,,,,,423880939,42388093900024,43.22A,,,,,,,,,,,sirene,
BREGEON MAUDET SARL,,,a contacter,,,,,,,,,,,,cvc,,LES HERBIERS,,85,,,,,,,,,,,,,,,,,,,,,,,,,,,,,,,400763678,40076367800028,43.22B,,,,,,,,,,,sirene,
BREIZH CLIM,,,a contacter,,,,,,,,,,,,cvc,,GRAND-FOUGERAY,,35,,,,,,,,,,,,,,,,,,,,,,,,,,,,,,,509880134,50988013400028,43.22B,,,,,,,,,,,sirene,
BREIZH CONFORT,,,a contacter,,,,,,,,,,,,cvc,,PLOEREN,,56,,,,,,,,,,,,,,,,,,,,,,,,,,,,,,,839025467,83902546700011,43.29A,,,,,,,,,,,sirene,
BREIZH'O,,,a contacter,,,,,,,,,,,,cvc,,BAIN-DE-BRETAGNE,,35,,,,,,,,,,,,,,,,,,,,,,,,,,,,,,,512439449,51243944900095,43.22B,,,,,,,,,,,sirene,
BRELET - SORECO,,,a contacter,,,,,,,,,,,,cvc,,VERTOU,,44,,,,,,,,,,,,,,,,,,,,,,,,,,,,,,,522783927,52278392700018,43.22B,,,,,,,,,,,sirene,
BREM O ENERGIE,,,a contacter,,,,,,,,,,,,cvc,,FONTENAY-LE-COMTE,,85,,,,,,,,,,,,,,,,,,,,,,,,,,,,,,,841027063,84102706300020,43.22A,,,,,,,,,,,sirene,
BRENNEKA,,,a contacter,,,,,,,,,,,,cvc,,PARIS,,75,,,,,,,,,,,,,,,,,,,,,,,,,,,,,,,829326271,82932627100014,43.22A,,,,,,,,,,,sirene,
BRETAGNE ISOLATION,,,a contacter,,,,,,,,,,,,cvc,,CHATEAULIN,,29,,,,,,,,,,,,,,,,,,,,,,,,,,,,,,,537773178,53777317800018,43.29A,,,,,,,,,,,sirene,
BRETAGNE SANITAIRE ELECTRICITE,,,a contacter,,,,,,,,,,,,cvc,,HILLION,,22,,,,,,,,,,,,,,,,,,,,,,,,,,,,,,,327788584,32778858400032,43.22A,,,,,,,,,,,sirene,
BRETIC 35,,,a contacter,,,,,,,,,,,,cvc,,SAINT-GILLES,,35,,,,,,,,,,,,,,,,,,,,,,,,,,,,,,,792273674,79227367400020,43.29A,,,,,,,,,,,sirene,
BRILLANT ISOL,,,a contacter,,,,,,,,,,,,cvc,,ROCHEFORT-SUR-NENON,,39,,,,,,,,,,,,,,,,,,,,,,,,,,,,,,,824780233,82478023300048,43.29A,,,,,,,,,,,sirene,
BRO BRUMISATION,,,a contacter,,,,,,,,,,,,cvc,,CHATEAUNEUF-SUR-ISERE,,26,,,,,,,,,,,,,,,,,,,,,,,,,,,,,,,851950949,85195094900020,43.22B,,,,,,,,,,,sirene,
BROUILLIER PLATRERIES,,,a contacter,,,,,,,,,,,,cvc,,HOULLE,,62,,,,,,,,,,,,,,,,,,,,,,,,,,,,,,,914878509,91487850900027,43.29A,,,,,,,,,,,sirene,
BROUSSOULOUX,,,a contacter,,,,,,,,,,,,cvc,,VILLEBON-SUR-YVETTE,,91,,,,,,,,,,,,,,,,,,,,,,,,,,,,,,,479369258,47936925800039,43.29A,,,,,,,,,,,sirene,
BRUGNOT FRANCE CHAUFFAGE,,,a contacter,,,,,,,,,,,,cvc,,CHANGE,,71,,,,,,,,,,,,,,,,,,,,,,,,,,,,,,,416820017,41682001700018,43.22B,,,,,,,,,,,sirene,
BRUGUY PLOMBERIE,,,a contacter,,,,,,,,,,,,cvc,,NIMES,,30,,,,,,,,,,,,,,,,,,,,,,,,,,,,,,,803329655,80332965500036,43.22A,,,,,,,,,,,sirene,
BRUN ENTREPRISE SARL,,,a contacter,,,,,,,,,,,,cvc,,IGNY,,91,,,,,,,,,,,,,,,,,,,,,,,,,,,,,,,434739728,43473972800054,43.22B,,,,,,,,,,,sirene,
BRUNN CONFORT,,,a contacter,,,,,,,,,,,,cvc,,MUNSTER,,68,,,,,,,,,,,,,,,,,,,,,,,,,,,,,,,881723712,88172371200017,43.22B,,,,,,,,,,,sirene,
BRUNO LEBAS,,,a contacter,,,,,,,,,,,,cvc,,CHERBOURG-EN-COTENTIN,,50,,,,,,,,,,,,,,,,,,,,,,,,,,,,,,,491052197,49105219700028,43.22A,,,,,,,,,,,sirene,
BS ENERGIES,,,a contacter,,,,,,,,,,,,cvc,,MARSEILLE,,13,,,,,,,,,,,,,,,,,,,,,,,,,,,,,,,888790979,88879097900023,43.22A,,,,,,,,,,,sirene,
BST - BATIMENT SANITAIRE THERMIQUE,,,a contacter,,,,,,,,,,,,cvc,,PACE,,35,,,,,,,,,,,,,,,,,,,,,,,,,,,,,,,327195095,32719509500028,43.22B,,,,,,,,,,,sirene,
BTH,,,a contacter,,,,,,,,,,,,cvc,,VAL DE REUIL,,27,,,,,,,,,,,,,,,,,,,,,,,,,,,,,,,442888673,44288867300039,43.29A,,,,,,,,,,,sirene,
BUCKEL SARL,,,a contacter,,,,,,,,,,,,cvc,,SARREGUEMINES,,57,,,,,,,,,,,,,,,,,,,,,,,,,,,,,,,500532536,50053253600033,43.22B,,,,,,,,,,,sirene,
BUEY CLIMATIQUE,,,a contacter,,,,,,,,,,,,cvc,,MONTELIMAR,,26,,,,,,,,,,,,,,,,,,,,,,,,,,,,,,,408454197,40845419700018,43.22A,,,,,,,,,,,sirene,
BUFFARD S.A.S.,,,a contacter,,,,,,,,,,,,cvc,,ST JEAN DE MAURIENNE,,73,,,,,,,,,,,,,,,,,,,,,,,,,,,,,,,076720366,07672036600020,43.22B,,,,,,,,,,,sirene,
BUQUET,,,a contacter,,,,,,,,,,,,cvc,,SAINT-LAURENT-DE-BREVEDENT,,76,,,,,,,,,,,,,,,,,,,,,,,,,,,,,,,447928698,44792869800011,43.22B,,,,,,,,,,,sirene,
BUREAU D ETUDES LJZ ECOLOGIE,,,a contacter,,,,,,,,,,,,cvc,,FONTENAY-SOUS-BOIS,,94,,,,,,,,,,,,,,,,,,,,,,,,,,,,,,,834309056,83430905600036,43.29A,,,,,,,,,,,sirene,
BURLION NICOLAS,,,a contacter,,,,,,,,,,,,cvc,,GROIX,,56,,,,,,,,,,,,,,,,,,,,,,,,,,,,,,,752028183,75202818300032,43.22A,,,,,,,,,,,sirene,
BUSSEUIL S.A.,,,a contacter,,,,,,,,,,,,cvc,,VALENCE,,26,,,,,,,,,,,,,,,,,,,,,,,,,,,,,,,437180490,43718049000058,43.22B,,,,,,,,,,,sirene,
BUTAGAZ ECO-ENERGIE SAINTES,,,a contacter,,,,,,,,,,,,cvc,,SAINTES,,17,,,,,,,,,,,,,,,,,,,,,,,,,,,,,,,831043302,83104330200031,43.22B,,,,,,,,,,,sirene,
BV RENOV,,,a contacter,,,,,,,,,,,,cvc,,AUBERVILLIERS,,93,,,,,,,,,,,,,,,,,,,,,,,,,,,,,,,913029781,91302978100030,43.22A,,,,,,,,,,,sirene,
BZH QUALITE,,,a contacter,,,,,,,,,,,,cvc,,SAINT-EVARZEC,,29,,,,,,,,,,,,,,,,,,,,,,,,,,,,,,,830589685,83058968500023,43.29A,,,,,,,,,,,sirene,
C 2 BAT RENOV,,,a contacter,,,,,,,,,,,,cvc,,SAINT-PIERRE,,974,,,,,,,,,,,,,,,,,,,,,,,,,,,,,,,950760306,95076030600023,43.29A,,,,,,,,,,,sirene,
C 2 P,,,a contacter,,,,,,,,,,,,cvc,,BRIGNAIS,,69,,,,,,,,,,,,,,,,,,,,,,,,,,,,,,,492111893,49211189300037,43.22B,,,,,,,,,,,sirene,
C AUX POELES,,,a contacter,,,,,,,,,,,,cvc,,PIACE,,72,,,,,,,,,,,,,,,,,,,,,,,,,,,,,,,523723799,52372379900020,43.22B,,,,,,,,,,,sirene,
C D R P,,,a contacter,,,,,,,,,,,,cvc,,PRUNAY-SUR-ESSONNE,,91,,,,,,,,,,,,,,,,,,,,,,,,,,,,,,,820397594,82039759400020,43.22A,,,,,,,,,,,sirene,
C P E CLIMATISATION,,,a contacter,,,,,,,,,,,,cvc,,SAINT-MAUR-DES-FOSSES,,94,,,,,,,,,,,,,,,,,,,,,,,,,,,,,,,434738084,43473808400079,43.22B,,,,,,,,,,,sirene,
C P E MAINTENANCE,,,a contacter,,,,,,,,,,,,cvc,,FRESNES,,94,,,,,,,,,,,,,,,,,,,,,,,,,,,,,,,394302053,39430205300043,43.22B,,,,,,,,,,,sirene,
C. COLLET,,,a contacter,,,,,,,,,,,,cvc,,SAINT-LUNAIRE,,35,,,,,,,,,,,,,,,,,,,,,,,,,,,,,,,520338542,52033854200019,43.22A,,,,,,,,,,,sirene,
C.C.CLIM,,,a contacter,,,,,,,,,,,,cvc,,TAVERNY,,95,,,,,,,,,,,,,,,,,,,,,,,,,,,,,,,418120556,41812055600034,43.22B,,,,,,,,,,,sirene,
C.C.E.R SAINTOIS,,,a contacter,,,,,,,,,,,,cvc,,OMELMONT,,54,,,,,,,,,,,,,,,,,,,,,,,,,,,,,,,487704520,48770452000021,43.22B,,,,,,,,,,,sirene,
C.C.H. CENTRE CONSEIL DE L'HABITAT,,,a contacter,,,,,,,,,,,,cvc,,THAON-LES-VOSGES,,88,,,,,,,,,,,,,,,,,,,,,,,,,,,,,,,441323441,44132344100028,43.29A,,,,,,,,,,,sirene,
C.C.M.,,,a contacter,,,,,,,,,,,,cvc,,AULNAY-SOUS-BOIS,,93,,,,,,,,,,,,,,,,,,,,,,,,,,,,,,,411590508,41159050800023,43.22B,,,,,,,,,,,sirene,
C.C.P.,,,a contacter,,,,,,,,,,,,cvc,,CHESSY,,77,,,,,,,,,,,,,,,,,,,,,,,,,,,,,,,533397709,53339770900031,43.22B,,,,,,,,,,,sirene,
C.C.P.S.17,,,a contacter,,,,,,,,,,,,cvc,,AYTRE,,17,,,,,,,,,,,,,,,,,,,,,,,,,,,,,,,804788321,80478832100011,43.22A,,,,,,,,,,,sirene,
C.C.S. KERAMBRUN - LE MOIGNE,,,a contacter,,,,,,,,,,,,cvc,,LANNION,,22,,,,,,,,,,,,,,,,,,,,,,,,,,,,,,,521376855,52137685500024,43.22A,,,,,,,,,,,sirene,
C.G PLOMBERIE,,,a contacter,,,,,,,,,,,,cvc,,BONNEFAMILLE,,38,,,,,,,,,,,,,,,,,,,,,,,,,,,,,,,878637685,87863768500024,43.22A,,,,,,,,,,,sirene,
C.I.E.L 45 CIE ISOLATION & ELEC LOIRET,,,a contacter,,,,,,,,,,,,cvc,,CHATILLON-COLIGNY,,45,,,,,,,,,,,,,,,,,,,,,,,,,,,,,,,441557048,44155704800028,43.29A,,,,,,,,,,,sirene,
C.L.E.F. ENERGIES,,,a contacter,,,,,,,,,,,,cvc,,DIJON,,21,,,,,,,,,,,,,,,,,,,,,,,,,,,,,,,501599450,50159945000035,43.22B,,,,,,,,,,,sirene,
C.M.E,,,a contacter,,,,,,,,,,,,cvc,,MONTAUBAN,,82,,,,,,,,,,,,,,,,,,,,,,,,,,,,,,,504362906,50436290600035,43.22A,,,,,,,,,,,sirene,
C.P SERVICES,,,a contacter,,,,,,,,,,,,cvc,,SAINT-QUENTIN,,02,,,,,,,,,,,,,,,,,,,,,,,,,,,,,,,439426198,43942619800040,43.22B,,,,,,,,,,,sirene,
C.R.I.,,,a contacter,,,,,,,,,,,,cvc,,SAIX,,81,,,,,,,,,,,,,,,,,,,,,,,,,,,,,,,448406041,44840604100013,43.29A,,,,,,,,,,,sirene,
C.SERVICES INDUSTRIELS,,,a contacter,,,,,,,,,,,,cvc,,GIEN,,45,,,,,,,,,,,,,,,,,,,,,,,,,,,,,,,433007820,43300782000015,43.22B,,,,,,,,,,,sirene,
C2A ENERGIE SOLAIRE,,,a contacter,,,,,,,,,,,,cvc,,VERSOLS-ET-LAPEYRE,,12,,,,,,,,,,,,,,,,,,,,,,,,,,,,,,,794854919,79485491900014,43.22B,,,,,,,,,,,sirene,
C2AP,,,a contacter,,,,,,,,,,,,cvc,,PONT-DU-CHATEAU,,63,,,,,,,,,,,,,,,,,,,,,,,,,,,,,,,480255702,48025570200015,43.22B,,,,,,,,,,,sirene,
C2E HABITAT ENERGIES,,,a contacter,,,,,,,,,,,,cvc,,CUGNAUX,,31,,,,,,,,,,,,,,,,,,,,,,,,,,,,,,,840165534,84016553400016,43.22A,,,,,,,,,,,sirene,
C2L,,,a contacter,,,,,,,,,,,,cvc,,ANDREZIEUX-BOUTHEON,,42,,,,,,,,,,,,,,,,,,,,,,,,,,,,,,,534619622,53461962200101,43.29A,,,,,,,,,,,sirene,
CA'BAT,,,a contacter,,,,,,,,,,,,cvc,,LES HERBIERS,,85,,,,,,,,,,,,,,,,,,,,,,,,,,,,,,,839290111,83929011100021,43.29A,,,,,,,,,,,sirene,
CABANIOLS TOP'ISOL,,,a contacter,,,,,,,,,,,,cvc,,OLEMPS,,12,,,,,,,,,,,,,,,,,,,,,,,,,,,,,,,519674188,51967418800031,43.29A,,,,,,,,,,,sirene,
CAELI,,,a contacter,,,,,,,,,,,,cvc,,CERNAY-LES-REIMS,,51,,,,,,,,,,,,,,,,,,,,,,,,,,,,,,,830705984,83070598400045,43.22B,,,,,,,,,,,sirene,
CAELO,,,a contacter,,,,,,,,,,,,cvc,,PONTCHATEAU,,44,,,,,,,,,,,,,,,,,,,,,,,,,,,,,,,305096307,30509630700031,43.22A,,,,,,,,,,,sirene,
CAFRILOR - ITIB,,,a contacter,,,,,,,,,,,,cvc,,CHASSE-SUR-RHONE,,38,,,,,,,,,,,,,,,,,,,,,,,,,,,,,,,307390401,30739040100031,43.22B,,,,,,,,,,,sirene,
CAL'ISOL,,,a contacter,,,,,,,,,,,,cvc,,ORTHEZ,,64,,,,,,,,,,,,,,,,,,,,,,,,,,,,,,,922537923,92253792300018,43.29A,,,,,,,,,,,sirene,
CALDYA,,,a contacter,,,,,,,,,,,,cvc,,HERBLAY-SUR-SEINE,,95,,,,,,,,,,,,,,,,,,,,,,,,,,,,,,,817966666,81796666600023,43.22B,,,,,,,,,,,sirene,
CALITHERM,,,a contacter,,,,,,,,,,,,cvc,,SIX-FOURS-LES-PLAGES,,83,,,,,,,,,,,,,,,,,,,,,,,,,,,,,,,438211682,43821168200051,43.22A,,,,,,,,,,,sirene,
CALLAC,,,a contacter,,,,,,,,,,,,cvc,,PABU,,22,,,,,,,,,,,,,,,,,,,,,,,,,,,,,,,332775873,33277587300026,43.22A,,,,,,,,,,,sirene,
CALONNE,,,a contacter,,,,,,,,,,,,cvc,,ALFORTVILLE,,94,,,,,,,,,,,,,,,,,,,,,,,,,,,,,,,421398843,42139884300027,43.22A,,,,,,,,,,,sirene,
CALORIFUGE & ISOLATION DE L'OISE,,,a contacter,,,,,,,,,,,,cvc,,HERMES,,60,,,,,,,,,,,,,,,,,,,,,,,,,,,,,,,384394094,38439409400021,43.29A,,,,,,,,,,,sirene,
CALORIFUGE - ISOLATION - FLOCAGE,,,a contacter,,,,,,,,,,,,cvc,,ARLEUX-EN-GOHELLE,,62,,,,,,,,,,,,,,,,,,,,,,,,,,,,,,,533644845,53364484500018,43.29A,,,,,,,,,,,sirene,
CALORIFUGE ECHAFAUDAGE ET VENTILATION INDUSTRIELLE,,,a contacter,,,,,,,,,,,,cvc,,ARSY,,60,,,,,,,,,,,,,,,,,,,,,,,,,,,,,,,509729836,50972983600023,43.29A,,,,,,,,,,,sirene,
CALORIFUGE INDUSTRIELLE DE NORMANDIE,,,a contacter,,,,,,,,,,,,cvc,,LILLEBONNE,,76,,,,,,,,,,,,,,,,,,,,,,,,,,,,,,,370501306,37050130600028,43.22B,,,,,,,,,,,sirene,
CALORIFUGE ISOLATION INDUSTRIEL,,,a contacter,,,,,,,,,,,,cvc,,CAUDAN,,56,,,,,,,,,,,,,,,,,,,,,,,,,,,,,,,811655646,81165564600024,43.29A,,,,,,,,,,,sirene,
CALORIFUGE THERMIQUE ISOLATION,,,a contacter,,,,,,,,,,,,cvc,,MONTOIR-DE-BRETAGNE,,44,,,,,,,,,,,,,,,,,,,,,,,,,,,,,,,912245842,91224584200022,43.29A,,,,,,,,,,,sirene,
CALOTEC,,,a contacter,,,,,,,,,,,,cvc,,AYTRE,,17,,,,,,,,,,,,,,,,,,,,,,,,,,,,,,,490207735,49020773500062,43.22B,,,,,,,,,,,sirene,
CALOTHERM,,,a contacter,,,,,,,,,,,,cvc,,SAINT-JEAN-DE-MOIRANS,,38,,,,,,,,,,,,,,,,,,,,,,,,,,,,,,,507550556,50755055600025,43.29A,,,,,,,,,,,sirene,
CALTHEO-PIOFFET,,,a contacter,,,,,,,,,,,,cvc,,LA RICHE,,37,,,,,,,,,,,,,,,,,,,,,,,,,,,,,,,305936577,30593657700017,43.22A,,,,,,,,,,,sirene,
CAMPAGNE SAS,,,a contacter,,,,,,,,,,,,cvc,,ENNERY,,95,,,,,,,,,,,,,,,,,,,,,,,,,,,,,,,533239083,53323908300033,43.22A,,,,,,,,,,,sirene,
CAMUS,,,a contacter,,,,,,,,,,,,cvc,,VOUZON,,41,,,,,,,,,,,,,,,,,,,,,,,,,,,,,,,383365707,38336570700025,43.22A,,,,,,,,,,,sirene,
CANAL SANIT-AIR,,,a contacter,,,,,,,,,,,,cvc,,ANNECY,,74,,,,,,,,,,,,,,,,,,,,,,,,,,,,,,,482734449,48273444900028,43.22A,,,,,,,,,,,sirene,
CANDEAGO CHAUFFAGE,,,a contacter,,,,,,,,,,,,cvc,,AIX NOULETTE,,62,,,,,,,,,,,,,,,,,,,,,,,,,,,,,,,849290242,84929024200023,43.22A,,,,,,,,,,,sirene,
CANTIE PROCESS INDUSTRIELS,,,a contacter,,,,,,,,,,,,cvc,,BOUT-DU-PONT-DE-LARN,,81,,,,,,,,,,,,,,,,,,,,,,,,,,,,,,,350419032,35041903200049,43.22B,,,,,,,,,,,sirene,
CAP CONNECT,,,a contacter,,,,,,,,,,,,cvc,,AGDE,,34,,,,,,,,,,,,,,,,,,,,,,,,,,,,,,,902815398,90281539800018,43.22A,,,,,,,,,,,sirene,
CAP HABITAT,,,a contacter,,,,,,,,,,,,cvc,,MAIRIEUX,,59,,,,,,,,,,,,,,,,,,,,,,,,,,,,,,,448839233,44883923300039,43.22B,,,,,,,,,,,sirene,
CAP INDUSTRIE SARL,,,a contacter,,,,,,,,,,,,cvc,,ANGERS,,49,,,,,,,,,,,,,,,,,,,,,,,,,,,,,,,479622037,47962203700030,43.22B,,,,,,,,,,,sirene,
CAP'CLIMAT,,,a contacter,,,,,,,,,,,,cvc,,CHATEAUBOURG,,35,,,,,,,,,,,,,,,,,,,,,,,,,,,,,,,522280445,52228044500027,43.22B,,,,,,,,,,,sirene,
CAPDET SERVICE,,,a contacter,,,,,,,,,,,,cvc,,PERPIGNAN,,66,,,,,,,,,,,,,,,,,,,,,,,,,,,,,,,814225496,81422549600011,43.22B,,,,,,,,,,,sirene,
CAPET THERMIE,,,a contacter,,,,,,,,,,,,cvc,,LAHONCE,,64,,,,,,,,,,,,,,,,,,,,,,,,,,,,,,,751147182,75114718200024,43.22B,,,,,,,,,,,sirene,
CAPITAL ENERGIES,,,a contacter,,,,,,,,,,,,cvc,,MARSEILLE,,13,,,,,,,,,,,,,,,,,,,,,,,,,,,,,,,539728907,53972890700046,43.22B,,,,,,,,,,,sirene,
CARAIBES FROID,,,a contacter,,,,,,,,,,,,cvc,,CAYENNE,,973,,,,,,,,,,,,,,,,,,,,,,,,,,,,,,,432623445,43262344500025,43.22B,,,,,,,,,,,sirene,
CARAIBES FROID CLIMATISATION,,,a contacter,,,,,,,,,,,,cvc,,FORT-DE-FRANCE,,972,,,,,,,,,,,,,,,,,,,,,,,,,,,,,,,443877741,44387774100019,43.22B,,,,,,,,,,,sirene,
CARAIBES FROID ENERGIES,,,a contacter,,,,,,,,,,,,cvc,,FORT-DE-FRANCE,,972,,,,,,,,,,,,,,,,,,,,,,,,,,,,,,,834610834,83461083400014,43.22B,,,,,,,,,,,sirene,
CARDELAU,,,a contacter,,,,,,,,,,,,cvc,,VENDIN-LE-VIEIL,,62,,,,,,,,,,,,,,,,,,,,,,,,,,,,,,,511816522,51181652200037,43.22A,,,,,,,,,,,sirene,
CARDONNEL CHAUFFAGES SERVICES,,,a contacter,,,,,,,,,,,,cvc,,SANTENY,,94,,,,,,,,,,,,,,,,,,,,,,,,,,,,,,,310094446,31009444600047,43.22B,,,,,,,,,,,sirene,
CARLESSO,,,a contacter,,,,,,,,,,,,cvc,,SEYSSES,,31,,,,,,,,,,,,,,,,,,,,,,,,,,,,,,,750602484,75060248400024,43.22B,,,,,,,,,,,sirene,
CAROEN ISOLATION,,,a contacter,,,,,,,,,,,,cvc,,VATILIEU,,38,,,,,,,,,,,,,,,,,,,,,,,,,,,,,,,794378091,79437809100019,43.29A,,,,,,,,,,,sirene,
CAROTENUTO THERMIQUE,,,a contacter,,,,,,,,,,,,cvc,,AJACCIO,,2A,,,,,,,,,,,,,,,,,,,,,,,,,,,,,,,490288743,49028874300076,43.22B,,,,,,,,,,,sirene,
CARRAUD PLOMBERIE,,,a contacter,,,,,,,,,,,,cvc,,PERRIGNIER,,74,,,,,,,,,,,,,,,,,,,,,,,,,,,,,,,878994177,87899417700011,43.22B,,,,,,,,,,,sirene,
CARRE BLEU IDF,,,a contacter,,,,,,,,,,,,cvc,,PARIS,,75,,,,,,,,,,,,,,,,,,,,,,,,,,,,,,,882470495,88247049500020,43.22A,,,,,,,,,,,sirene,
CARREE,,,a contacter,,,,,,,,,,,,cvc,,LE RHEU,,35,,,,,,,,,,,,,,,,,,,,,,,,,,,,,,,521862854,52186285400036,43.22B,,,,,,,,,,,sirene,
CASAMIA INSTALLATION,,,a contacter,,,,,,,,,,,,cvc,,SAINT-GEORGES-DES-COTEAUX,,17,,,,,,,,,,,,,,,,,,,,,,,,,,,,,,,915059125,91505912500012,43.22A,,,,,,,,,,,sirene,
CASISOL,,,a contacter,,,,,,,,,,,,cvc,,MULHOUSE,,68,,,,,,,,,,,,,,,,,,,,,,,,,,,,,,,339951774,33995177400035,43.29A,,,,,,,,,,,sirene,
CATHELINEAU HABITAT,,,a contacter,,,,,,,,,,,,cvc,,LA ROMAGNE,,49,,,,,,,,,,,,,,,,,,,,,,,,,,,,,,,830352415,83035241500020,43.29A,,,,,,,,,,,sirene,
CAUFOURIER BY DUVAL,,,a contacter,,,,,,,,,,,,cvc,,SAINT-AUBIN-SUR-SCIE,,76,,,,,,,,,,,,,,,,,,,,,,,,,,,,,,,814532255,81453225500027,43.22B,,,,,,,,,,,sirene,
CB ELEC,,,a contacter,,,,,,,,,,,,cvc,,SAINT-MAIXENT-L'ECOLE,,79,,,,,,,,,,,,,,,,,,,,,,,,,,,,,,,790674352,79067435200014,43.22A,,,,,,,,,,,sirene,
CCA-PERROT,,,a contacter,,,,,,,,,,,,cvc,,PUISEUX-PONTOISE,,95,,,,,,,,,,,,,,,,,,,,,,,,,,,,,,,702006222,70200622200047,43.22B,,,,,,,,,,,sirene,
CCE,,,a contacter,,,,,,,,,,,,cvc,,SAINT-LAURENT-DU-VAR,,06,,,,,,,,,,,,,,,,,,,,,,,,,,,,,,,434729836,43472983600024,43.22B,,,,,,,,,,,sirene,
CCM BATIMENT,,,a contacter,,,,,,,,,,,,cvc,,CHAVILLE,,92,,,,,,,,,,,,,,,,,,,,,,,,,,,,,,,824333033,82433303300036,43.22A,,,,,,,,,,,sirene,
CCP INSTAL,,,a contacter,,,,,,,,,,,,cvc,,VALENTON,,94,,,,,,,,,,,,,,,,,,,,,,,,,,,,,,,804780807,80478080700025,43.22A,,,,,,,,,,,sirene,
CDC CHAUFFAGE DEPANNAGE CLIMATISATION,,,a contacter,,,,,,,,,,,,cvc,,LA GARDE,,83,,,,,,,,,,,,,,,,,,,,,,,,,,,,,,,841673965,84167396500031,43.22B,,,,,,,,,,,sirene,
CDF ASSISTANCE,,,a contacter,,,,,,,,,,,,cvc,,LE MUY,,83,,,,,,,,,,,,,,,,,,,,,,,,,,,,,,,529855561,52985556100013,43.22A,,,,,,,,,,,sirene,
CDS ENERGY,,,a contacter,,,,,,,,,,,,cvc,,PLOEMEUR,,56,,,,,,,,,,,,,,,,,,,,,,,,,,,,,,,803582766,80358276600033,43.22B,,,,,,,,,,,sirene,
CECLIM SARL,,,a contacter,,,,,,,,,,,,cvc,,HARNES,,62,,,,,,,,,,,,,,,,,,,,,,,,,,,,,,,410298434,41029843400037,43.22B,,,,,,,,,,,sirene,
CEDRIC,,,a contacter,,,,,,,,,,,,cvc,,AUBIERE,,63,,,,,,,,,,,,,,,,,,,,,,,,,,,,,,,434020087,43402008700020,43.22B,,,,,,,,,,,sirene,
CEF PLOMBERIE,,,a contacter,,,,,,,,,,,,cvc,,CARVIN,,62,,,,,,,,,,,,,,,,,,,,,,,,,,,,,,,505393025,50539302500042,43.22A,,,,,,,,,,,sirene,
CEGELEC LA REUNION,,,a contacter,,,,,,,,,,,,cvc,,LE PORT,,974,,,,,,,,,,,,,,,,,,,,,,,,,,,,,,,310862644,31086264400039,43.22B,,,,,,,,,,,sirene,
CEGELEC MAINTENANCE TERTIAIRE SUD EST,,,a contacter,,,,,,,,,,,,cvc,,BIOT,,06,,,,,,,,,,,,,,,,,,,,,,,,,,,,,,,537916074,53791607400256,43.22B,,,,,,,,,,,sirene,
CEGELEC TERTIAIRE ILE DE FRANCE,,,a contacter,,,,,,,,,,,,cvc,,NANTERRE,,92,,,,,,,,,,,,,,,,,,,,,,,,,,,,,,,537915266,53791526600051,43.22B,,,,,,,,,,,sirene,
CEIS,,,a contacter,,,,,,,,,,,,cvc,,BOIS-D'ARCY,,78,,,,,,,,,,,,,,,,,,,,,,,,,,,,,,,812345387,81234538700011,43.22B,,,,,,,,,,,sirene,
CELFY,,,a contacter,,,,,,,,,,,,cvc,,GRENTHEVILLE,,14,,,,,,,,,,,,,,,,,,,,,,,,,,,,,,,653820175,65382017500095,43.22B,,,,,,,,,,,sirene,
CELIUM ENERGIES CENTRE,,,a contacter,,,,,,,,,,,,cvc,,CLERMONT-FERRAND,,63,,,,,,,,,,,,,,,,,,,,,,,,,,,,,,,502981608,50298160800016,43.22B,,,,,,,,,,,sirene,
CELO-GAZ,,,a contacter,,,,,,,,,,,,cvc,,PARIS,,75,,,,,,,,,,,,,,,,,,,,,,,,,,,,,,,503859852,50385985200025,43.22B,,,,,,,,,,,sirene,
CELSIO,,,a contacter,,,,,,,,,,,,cvc,,NANTERRE,,92,,,,,,,,,,,,,,,,,,,,,,,,,,,,,,,388572430,38857243000048,43.22B,,,,,,,,,,,sirene,
CELSIUS  CHRISTOPHE BARRIERE,,,a contacter,,,,,,,,,,,,cvc,,EPINAL,,88,,,,,,,,,,,,,,,,,,,,,,,,,,,,,,,534083589,53408358900034,43.22B,,,,,,,,,,,sirene,
CELSIUS PRO,,,a contacter,,,,,,,,,,,,cvc,,MONTAUBAN,,82,,,,,,,,,,,,,,,,,,,,,,,,,,,,,,,840398218,84039821800023,43.22B,,,,,,,,,,,sirene,
CEME - CERNIAUT,,,a contacter,,,,,,,,,,,,cvc,,CORBAS,,69,,,,,,,,,,,,,,,,,,,,,,,,,,,,,,,960500981,96050098100050,43.22B,,,,,,,,,,,sirene,
CEME-MOREAU,,,a contacter,,,,,,,,,,,,cvc,,VALLET,,44,,,,,,,,,,,,,,,,,,,,,,,,,,,,,,,480970649,48097064900012,43.22B,,,,,,,,,,,sirene,
CENSEO,,,a contacter,,,,,,,,,,,,cvc,,FIRMINY,,42,,,,,,,,,,,,,,,,,,,,,,,,,,,,,,,347412090,34741209000024,43.22A,,,,,,,,,,,sirene,
CENTRAL ENERGIE CONCEPT,,,a contacter,,,,,,,,,,,,cvc,,CHUZELLES,,38,,,,,,,,,,,,,,,,,,,,,,,,,,,,,,,891254641,89125464100022,43.22B,,,,,,,,,,,sirene,
CENTRAL REFRIGERATION,,,a contacter,,,,,,,,,,,,cvc,,SAINT-HERBLAIN,,44,,,,,,,,,,,,,,,,,,,,,,,,,,,,,,,403696842,40369684200067,43.22B,,,,,,,,,,,sirene,
CENTRAL SANIT OUEST,,,a contacter,,,,,,,,,,,,cvc,,GUIPAVAS,,29,,,,,,,,,,,,,,,,,,,,,,,,,,,,,,,395107485,39510748500033,43.22B,,,,,,,,,,,sirene,
CENTRALE FRANCAISE DES ENERGIES RENOUVELABLES,,,a contacter,,,,,,,,,,,,cvc,,NOISY-LE-SEC,,93,,,,,,,,,,,,,,,,,,,,,,,,,,,,,,,518590609,51859060900070,43.22B,,,,,,,,,,,sirene,
CENTRE AQUITAIN DE L'HABITAT,,,a contacter,,,,,,,,,,,,cvc,,CANEJAN,,33,,,,,,,,,,,,,,,,,,,,,,,,,,,,,,,438736829,43873682900021,43.29A,,,,,,,,,,,sirene,
CENTRE BOURGUIGNON DE L'HABITAT,,,a contacter,,,,,,,,,,,,cvc,,MARSANNAY-LA-COTE,,21,,,,,,,,,,,,,,,,,,,,,,,,,,,,,,,422306985,42230698500041,43.29A,,,,,,,,,,,sirene,
CENTRE BRETON DE L'HABITAT,,,a contacter,,,,,,,,,,,,cvc,,ETRELLES,,35,,,,,,,,,,,,,,,,,,,,,,,,,,,,,,,414857375,41485737500060,43.29A,,,,,,,,,,,sirene,
CENTRE D'ECONOMIE D'ENERGIE DE NORMANDIE,,,a contacter,,,,,,,,,,,,cvc,,BRETTEVILLE-SUR-ODON,,14,,,,,,,,,,,,,,,,,,,,,,,,,,,,,,,515245793,51524579300044,43.29A,,,,,,,,,,,sirene,
CENTRE DE DIAGNOSTIC ENERGETIQUE,,,a contacter,,,,,,,,,,,,cvc,,VERSON,,14,,,,,,,,,,,,,,,,,,,,,,,,,,,,,,,834187890,83418789000027,43.29A,,,,,,,,,,,sirene,
CENTRE DE TRAVAUX ANGERS OUEST,,,a contacter,,,,,,,,,,,,cvc,,TERRANJOU,,49,,,,,,,,,,,,,,,,,,,,,,,,,,,,,,,440891646,44089164600026,43.29A,,,,,,,,,,,sirene,
CENTRE ECOLOGIQUE DE FRANCE,,,a contacter,,,,,,,,,,,,cvc,,NEUILLY-PLAISANCE,,93,,,,,,,,,,,,,,,,,,,,,,,,,,,,,,,833228679,83322867900043,43.29A,,,,,,,,,,,sirene,
CENTRE RHONE-ALPES HABITAT,,,a contacter,,,,,,,,,,,,cvc,,AIX-LES-BAINS,,73,,,,,,,,,,,,,,,,,,,,,,,,,,,,,,,443321500,44332150000060,43.29A,,,,,,,,,,,sirene,
CENTRE TECHNIQUE DE L'HABITAT,,,a contacter,,,,,,,,,,,,cvc,,SAINT-JEAN-DE-BRAYE,,45,,,,,,,,,,,,,,,,,,,,,,,,,,,,,,,533059010,53305901000033,43.29A,,,,,,,,,,,sirene,
CENTRE TECHNIQUE FROID CHAUD,,,a contacter,,,,,,,,,,,,cvc,,BRUZ,,35,,,,,,,,,,,,,,,,,,,,,,,,,,,,,,,494978406,49497840600036,43.22B,,,,,,,,,,,sirene,
CEPITELLI CLIMAT CONFORT ENTREPRISES,,,a contacter,,,,,,,,,,,,cvc,,CASTELLAR,,06,,,,,,,,,,,,,,,,,,,,,,,,,,,,,,,301865424,30186542400040,43.22A,,,,,,,,,,,sirene,
CEPS SERVICES VASSEUR,,,a contacter,,,,,,,,,,,,cvc,,LOUVIERS,,27,,,,,,,,,,,,,,,,,,,,,,,,,,,,,,,413021890,41302189000012,43.22A,,,,,,,,,,,sirene,
CERISE ENERGIES,,,a contacter,,,,,,,,,,,,cvc,,MENESPLET,,24,,,,,,,,,,,,,,,,,,,,,,,,,,,,,,,398537209,39853720900015,43.22B,,,,,,,,,,,sirene,
CERTAF CALOR ETUD REALI THERM ACOUS FRIG,,,a contacter,,,,,,,,,,,,cvc,,LA COURNEUVE,,93,,,,,,,,,,,,,,,,,,,,,,,,,,,,,,,401671748,40167174800036,43.29A,,,,,,,,,,,sirene,
CES GILLES TARDY,,,a contacter,,,,,,,,,,,,cvc,,LAMBALLE-ARMOR,,22,,,,,,,,,,,,,,,,,,,,,,,,,,,,,,,480719764,48071976400023,43.22A,,,,,,,,,,,sirene,
CEVENN'ISOLATION,,,a contacter,,,,,,,,,,,,cvc,,DEAUX,,30,,,,,,,,,,,,,,,,,,,,,,,,,,,,,,,508195161,50819516100031,43.29A,,,,,,,,,,,sirene,
CF BELFORT,,,a contacter,,,,,,,,,,,,cvc,,TREVENANS,,90,,,,,,,,,,,,,,,,,,,,,,,,,,,,,,,481862035,48186203500021,43.29A,,,,,,,,,,,sirene,
CF SERVICES,,,a contacter,,,,,,,,,,,,cvc,,COURTRY,,77,,,,,,,,,,,,,,,,,,,,,,,,,,,,,,,509576799,50957679900043,43.29A,,,,,,,,,,,sirene,
CF2C CHAPUIS,,,a contacter,,,,,,,,,,,,cvc,,SOLIGNAC-SUR-LOIRE,,43,,,,,,,,,,,,,,,,,,,,,,,,,,,,,,,823862321,82386232100010,43.22B,,,,,,,,,,,sirene,
CF2C CHASTANG,,,a contacter,,,,,,,,,,,,cvc,,LEMPDES-SUR-ALLAGNON,,43,,,,,,,,,,,,,,,,,,,,,,,,,,,,,,,750888539,75088853900012,43.22A,,,,,,,,,,,sirene,
CFG HABITAT,,,a contacter,,,,,,,,,,,,cvc,,CHAMBLY,,60,,,,,,,,,,,,,,,,,,,,,,,,,,,,,,,538122813,53812281300016,43.29A,,,,,,,,,,,sirene,
CFP NORD,,,a contacter,,,,,,,,,,,,cvc,,VILLENEUVE-D'ASCQ,,59,,,,,,,,,,,,,,,,,,,,,,,,,,,,,,,402559736,40255973600135,43.22A,,,,,,,,,,,sirene,
CFP PLOMBERIE,,,a contacter,,,,,,,,,,,,cvc,,SAINT-MARTIN-D'HERES,,38,,,,,,,,,,,,,,,,,,,,,,,,,,,,,,,442673901,44267390100041,43.22B,,,,,,,,,,,sirene,
CGC ENERGIES,,,a contacter,,,,,,,,,,,,cvc,,LE THILLAY,,95,,,,,,,,,,,,,,,,,,,,,,,,,,,,,,,912907201,91290720100038,43.22B,,,,,,,,,,,sirene,
CGI VENTILATION,,,a contacter,,,,,,,,,,,,cvc,,GENAS,,69,,,,,,,,,,,,,,,,,,,,,,,,,,,,,,,448554550,44855455000054,43.22B,,,,,,,,,,,sirene,
CGK,,,a contacter,,,,,,,,,,,,cvc,,FLINES-LEZ-RACHES,,59,,,,,,,,,,,,,,,,,,,,,,,,,,,,,,,487617813,48761781300067,43.22A,,,,,,,,,,,sirene,
CGM,,,a contacter,,,,,,,,,,,,cvc,,MONTELIER,,26,,,,,,,,,,,,,,,,,,,,,,,,,,,,,,,518941182,51894118200025,43.22A,,,,,,,,,,,sirene,
CGN ENERGIES,,,a contacter,,,,,,,,,,,,cvc,,PERTHES,,77,,,,,,,,,,,,,,,,,,,,,,,,,,,,,,,880909635,88090963500018,43.22B,,,,,,,,,,,sirene,
CHABOT RM,,,a contacter,,,,,,,,,,,,cvc,,LES LUCS-SUR-BOULOGNE,,85,,,,,,,,,,,,,,,,,,,,,,,,,,,,,,,413631425,41363142500035,43.22A,,,,,,,,,,,sirene,
CHABRIE ISOLATION,,,a contacter,,,,,,,,,,,,cvc,,SAINTE-COLOMBE-EN-BRUILHOIS,,47,,,,,,,,,,,,,,,,,,,,,,,,,,,,,,,331802900,33180290000042,43.29A,,,,,,,,,,,sirene,
CHALEUR ET CONFORT,,,a contacter,,,,,,,,,,,,cvc,,LESTREM,,62,,,,,,,,,,,,,,,,,,,,,,,,,,,,,,,749892840,74989284000028,43.22B,,,,,,,,,,,sirene,
CHALEUR NORMANDE,,,a contacter,,,,,,,,,,,,cvc,,MONTIVILLIERS,,76,,,,,,,,,,,,,,,,,,,,,,,,,,,,,,,814765160,81476516000027,43.22B,,,,,,,,,,,sirene,
CHALEUR O QUOTIDIEN BY JOHANN FLON,,,a contacter,,,,,,,,,,,,cvc,,FLERS-EN-ESCREBIEUX,,59,,,,,,,,,,,,,,,,,,,,,,,,,,,,,,,451314686,45131468600044,43.22B,,,,,,,,,,,sirene,
CHALEUR SERVICE,,,a contacter,,,,,,,,,,,,cvc,,CLOUANGE,,57,,,,,,,,,,,,,,,,,,,,,,,,,,,,,,,804073377,80407337700033,43.22B,,,,,,,,,,,sirene,
CHAMPAGNE ISOLATION,,,a contacter,,,,,,,,,,,,cvc,,VILLECHETIF,,10,,,,,,,,,,,,,,,,,,,,,,,,,,,,,,,823941406,82394140600014,43.29A,,,,,,,,,,,sirene,
CHAMPAILLER CHAUFFAGE,,,a contacter,,,,,,,,,,,,cvc,,PELUSSIN,,42,,,,,,,,,,,,,,,,,,,,,,,,,,,,,,,494285174,49428517400020,43.22B,,,,,,,,,,,sirene,
CHAMPS ENERGIES,,,a contacter,,,,,,,,,,,,cvc,,CHAMPS-SUR-TARENTAINE-MARCHAL,,15,,,,,,,,,,,,,,,,,,,,,,,,,,,,,,,438200123,43820012300026,43.22A,,,,,,,,,,,sirene,
CHAPEAU,,,a contacter,,,,,,,,,,,,cvc,,CLICHY,,92,,,,,,,,,,,,,,,,,,,,,,,,,,,,,,,799286406,79928640600027,43.22A,,,,,,,,,,,sirene,
CHAPELLE-PARISOT,,,a contacter,,,,,,,,,,,,cvc,,FIRMINY,,42,,,,,,,,,,,,,,,,,,,,,,,,,,,,,,,452500424,45250042400034,43.22A,,,,,,,,,,,sirene,
CHARLIEU CHAUFFAGE,,,a contacter,,,,,,,,,,,,cvc,,CHARLIEU,,42,,,,,,,,,,,,,,,,,,,,,,,,,,,,,,,351330964,35133096400021,43.22B,,,,,,,,,,,sirene,
CHARRIAUT,,,a contacter,,,,,,,,,,,,cvc,,TRESSES,,33,,,,,,,,,,,,,,,,,,,,,,,,,,,,,,,445377526,44537752600022,43.22A,,,,,,,,,,,sirene,
CHARTREUSE PLOMBERIE CHAUFFAGE,,,a contacter,,,,,,,,,,,,cvc,,SAINT-BLAISE-DU-BUIS,,38,,,,,,,,,,,,,,,,,,,,,,,,,,,,,,,521260323,52126032300030,43.22B,,,,,,,,,,,sirene,
CHATTI BATIMENT,,,a contacter,,,,,,,,,,,,cvc,,BOBIGNY,,93,,,,,,,,,,,,,,,,,,,,,,,,,,,,,,,437912066,43791206600051,43.29A,,,,,,,,,,,sirene,
CHAUD CLIMATISATION SERVICES,,,a contacter,,,,,,,,,,,,cvc,,BEGLES,,33,,,,,,,,,,,,,,,,,,,,,,,,,,,,,,,752303537,75230353700027,43.22B,,,,,,,,,,,sirene,
CHAUD FROID SYSTEMES,,,a contacter,,,,,,,,,,,,cvc,,CENAC,,33,,,,,,,,,,,,,,,,,,,,,,,,,,,,,,,493936397,49393639700022,43.22B,,,,,,,,,,,sirene,
CHAUDRONNERIE INDUSTRIELLE DE VAUCLUSE F. MOSCATELLI,,,a contacter,,,,,,,,,,,,cvc,,ENTRAIGUES-SUR-LA-SORGUE,,84,,,,,,,,,,,,,,,,,,,,,,,,,,,,,,,378877591,37887759100024,43.22B,,,,,,,,,,,sirene,
CHAUFF PLOMBERIE CLIMAT PISCINE ELECTRIC,,,a contacter,,,,,,,,,,,,cvc,,SAINT-JEAN-CAP-FERRAT,,06,,,,,,,,,,,,,,,,,,,,,,,,,,,,,,,307788588,30778858800027,43.22A,,,,,,,,,,,sirene,
CHAUFF'ARTOIS,,,a contacter,,,,,,,,,,,,cvc,,LIEVIN,,62,,,,,,,,,,,,,,,,,,,,,,,,,,,,,,,391119450,39111945000024,43.22B,,,,,,,,,,,sirene,
CHAUFF'CONFORT,,,a contacter,,,,,,,,,,,,cvc,,SEMEAC,,65,,,,,,,,,,,,,,,,,,,,,,,,,,,,,,,408685360,40868536000013,43.22B,,,,,,,,,,,sirene,
CHAUFF'ECO,,,a contacter,,,,,,,,,,,,cvc,,ECOUFLANT,,49,,,,,,,,,,,,,,,,,,,,,,,,,,,,,,,324845684,32484568400061,43.22A,,,,,,,,,,,sirene,
CHAUFFAGE - TUYAUTEUR - MONTEUR - PLOMBERIE - ELECTRICITE,,,a contacter,,,,,,,,,,,,cvc,,DRANCY,,93,,,,,,,,,,,,,,,,,,,,,,,,,,,,,,,521454942,52145494200025,43.22B,,,,,,,,,,,sirene,
CHAUFFAGE ADOLFF,,,a contacter,,,,,,,,,,,,cvc,,SAVERNE,,67,,,,,,,,,,,,,,,,,,,,,,,,,,,,,,,420725269,42072526900047,43.22B,,,,,,,,,,,sirene,
CHAUFFAGE CENTRAL CTS,,,a contacter,,,,,,,,,,,,cvc,,TERNY-SORNY,,02,,,,,,,,,,,,,,,,,,,,,,,,,,,,,,,381469923,38146992300027,43.22B,,,,,,,,,,,sirene,
CHAUFFAGE CENTRAL INSTALLATIONS SANITAIRES LUCIEN SCHAEFFER ET CIE,,,a contacter,,,,,,,,,,,,cvc,,MEISENTHAL,,57,,,,,,,,,,,,,,,,,,,,,,,,,,,,,,,657080073,65708007300023,43.22B,,,,,,,,,,,sirene,
CHAUFFAGE CENTRAL REIBEL,,,a contacter,,,,,,,,,,,,cvc,,OBERNAI,,67,,,,,,,,,,,,,,,,,,,,,,,,,,,,,,,675680441,67568044100028,43.22B,,,,,,,,,,,sirene,
CHAUFFAGE CENTRAL SANITAIRE SERVICES,,,a contacter,,,,,,,,,,,,cvc,,VILLIERS-EN-LIEU,,52,,,,,,,,,,,,,,,,,,,,,,,,,,,,,,,501020168,50102016800016,43.22B,,,,,,,,,,,sirene,
CHAUFFAGE CHARLES,,,a contacter,,,,,,,,,,,,cvc,,BOUAFLE,,78,,,,,,,,,,,,,,,,,,,,,,,,,,,,,,,341478360,34147836000033,43.22B,,,,,,,,,,,sirene,
CHAUFFAGE CLIMATISATION VENTILATION PLOMBERIE,,,a contacter,,,,,,,,,,,,cvc,,GUERVILLE,,78,,,,,,,,,,,,,,,,,,,,,,,,,,,,,,,508614047,50861404700068,43.22A,,,,,,,,,,,sirene,
CHAUFFAGE ET CLIMAT,,,a contacter,,,,,,,,,,,,cvc,,SOLAIZE,,69,,,,,,,,,,,,,,,,,,,,,,,,,,,,,,,854037074,85403707400028,43.22B,,,,,,,,,,,sirene,
CHAUFFAGE ET CLIMATISATION DU VAL GELON,,,a contacter,,,,,,,,,,,,cvc,,ALBERTVILLE,,73,,,,,,,,,,,,,,,,,,,,,,,,,,,,,,,452807308,45280730800047,43.22B,,,,,,,,,,,sirene,
CHAUFFAGE EXPERT,,,a contacter,,,,,,,,,,,,cvc,,CHAMPIGNY-SUR-MARNE,,94,,,,,,,,,,,,,,,,,,,,,,,,,,,,,,,908381650,90838165000021,43.22B,,,,,,,,,,,sirene,
CHAUFFAGE GENIE CLIMATIQUE PLOMBERIE,,,a contacter,,,,,,,,,,,,cvc,,LAVENTIE,,62,,,,,,,,,,,,,,,,,,,,,,,,,,,,,,,331108803,33110880300080,43.22A,,,,,,,,,,,sirene,
CHAUFFAGE ISOLATION PLOMBERIE ENTRETIEN,,,a contacter,,,,,,,,,,,,cvc,,SARCELLES,,95,,,,,,,,,,,,,,,,,,,,,,,,,,,,,,,327477956,32747795600038,43.22A,,,,,,,,,,,sirene,
CHAUFFAGE LEFEBVRE,,,a contacter,,,,,,,,,,,,cvc,,CAMBRAI,,59,,,,,,,,,,,,,,,,,,,,,,,,,,,,,,,413868209,41386820900029,43.22A,,,,,,,,,,,sirene,
CHAUFFAGE MAINTENANCE DEPANNAGE,,,a contacter,,,,,,,,,,,,cvc,,TREGUEUX,,22,,,,,,,,,,,,,,,,,,,,,,,,,,,,,,,388847386,38884738600066,43.22B,,,,,,,,,,,sirene,
CHAUFFAGE PLOMBERIE ARTISANALE MURA,,,a contacter,,,,,,,,,,,,cvc,,SARROLA-CARCOPINO,,2A,,,,,,,,,,,,,,,,,,,,,,,,,,,,,,,400804274,40080427400035,43.22A,,,,,,,,,,,sirene,
CHAUFFAGE PLOMBERIE CARRARA,,,a contacter,,,,,,,,,,,,cvc,,BARBEZIEUX-SAINT-HILAIRE,,16,,,,,,,,,,,,,,,,,,,,,,,,,,,,,,,802543439,80254343900037,43.22A,,,,,,,,,,,sirene,
CHAUFFAGE PLOMBERIE CLIMATISATION MEDITERRANEE,,,a contacter,,,,,,,,,,,,cvc,,PUGET-SUR-ARGENS,,83,,,,,,,,,,,,,,,,,,,,,,,,,,,,,,,528941396,52894139600020,43.22B,,,,,,,,,,,sirene,
CHAUFFAGE PLOMBERIE CONCEPT,,,a contacter,,,,,,,,,,,,cvc,,LUCE,,28,,,,,,,,,,,,,,,,,,,,,,,,,,,,,,,533698395,53369839500027,43.22A,,,,,,,,,,,sirene,
CHAUFFAGE PLOMBERIE SANI & DEPANNAGE,,,a contacter,,,,,,,,,,,,cvc,,PITHIVIERS,,45,,,,,,,,,,,,,,,,,,,,,,,,,,,,,,,432831089,43283108900037,43.22B,,,,,,,,,,,sirene,
CHAUFFAGE RAMONAGE TADDIO,,,a contacter,,,,,,,,,,,,cvc,,BEDARRIDES,,84,,,,,,,,,,,,,,,,,,,,,,,,,,,,,,,314585266,31458526600013,43.22B,,,,,,,,,,,sirene,
CHAUFFAGE SANITAIRE ARMOR,,,a contacter,,,,,,,,,,,,cvc,,SAINT-BRIEUC,,22,,,,,,,,,,,,,,,,,,,,,,,,,,,,,,,308091164,30809116400027,43.22B,,,,,,,,,,,sirene,
CHAUFFAGE SANITAIRE DE L'AUNIS,,,a contacter,,,,,,,,,,,,cvc,,LUSSANT,,17,,,,,,,,,,,,,,,,,,,,,,,,,,,,,,,338919244,33891924400032,43.22A,,,,,,,,,,,sirene,
CHAUFFAGE SANITAIRE ET TUYAUTERIE INDUSTRIELLE,,,a contacter,,,,,,,,,,,,cvc,,ARBOIS,,39,,,,,,,,,,,,,,,,,,,,,,,,,,,,,,,349483479,34948347900011,43.22B,,,,,,,,,,,sirene,
CHAUFFAGE SANITAIRE GEORGES DIEBOLD,,,a contacter,,,,,,,,,,,,cvc,,HOCHFELDEN,,67,,,,,,,,,,,,,,,,,,,,,,,,,,,,,,,399721182,39972118200067,43.22B,,,,,,,,,,,sirene,
CHAUFFAGE SANITAIRE ISSOIS,,,a contacter,,,,,,,,,,,,cvc,,IS-SUR-TILLE,,21,,,,,,,,,,,,,,,,,,,,,,,,,,,,,,,513951087,51395108700024,43.22A,,,,,,,,,,,sirene,
CHAUFFAGE SANITAIRE JEANDEL-GROSDEMANGE,,,a contacter,,,,,,,,,,,,cvc,,CORBENAY,,70,,,,,,,,,,,,,,,,,,,,,,,,,,,,,,,676950041,67695004100043,43.22B,,,,,,,,,,,sirene,
CHAUFFAGE SANITAIRE MAYENNAIS,,,a contacter,,,,,,,,,,,,cvc,,LAVAL,,53,,,,,,,,,,,,,,,,,,,,,,,,,,,,,,,311902738,31190273800039,43.22B,,,,,,,,,,,sirene,
CHAUFFAGE SANITAIRE VENTIL. BELFORTAIN,,,a contacter,,,,,,,,,,,,cvc,,ARGIESANS,,90,,,,,,,,,,,,,,,,,,,,,,,,,,,,,,,449637404,44963740400038,43.22B,,,,,,,,,,,sirene,
CHAUFFAGE SERVIC MAINTENANCE & ENTRETIEN,,,a contacter,,,,,,,,,,,,cvc,,GRANDE-SYNTHE,,59,,,,,,,,,,,,,,,,,,,,,,,,,,,,,,,391110152,39111015200058,43.22B,,,,,,,,,,,sirene,
CHAUFFAGE VENTILATION SANITAIRE DAUPHINOIS,,,a contacter,,,,,,,,,,,,cvc,,SAINT-GEOIRS,,38,,,,,,,,,,,,,,,,,,,,,,,,,,,,,,,428892681,42889268100035,43.22B,,,,,,,,,,,sirene,
CHAUFFAGE VENTILATION TUYAUTERIE INDUSTR,,,a contacter,,,,,,,,,,,,cvc,,CHAPONOST,,69,,,,,,,,,,,,,,,,,,,,,,,,,,,,,,,306807538,30680753800047,43.22B,,,,,,,,,,,sirene,
CHAUFFAGE ZIEGELMEYER,,,a contacter,,,,,,,,,,,,cvc,,SAVERNE,,67,,,,,,,,,,,,,,,,,,,,,,,,,,,,,,,384634564,38463456400023,43.22B,,,,,,,,,,,sirene,
CHAUFFE & VOUS,,,a contacter,,,,,,,,,,,,cvc,,LE TAILLAN-MEDOC,,33,,,,,,,,,,,,,,,,,,,,,,,,,,,,,,,790571871,79057187100025,43.22A,,,,,,,,,,,sirene,
CHAUFFEO,,,a contacter,,,,,,,,,,,,cvc,,CLOUANGE,,57,,,,,,,,,,,,,,,,,,,,,,,,,,,,,,,517941829,51794182900031,43.22B,,,,,,,,,,,sirene,
CHAUFFSANI BATIMENT,,,a contacter,,,,,,,,,,,,cvc,,SAINT DENIS,,93,,,,,,,,,,,,,,,,,,,,,,,,,,,,,,,849486642,84948664200010,43.22B,,,,,,,,,,,sirene,
CHAUSSON - TEC,,,a contacter,,,,,,,,,,,,cvc,,ROCHE-LA-MOLIERE,,42,,,,,,,,,,,,,,,,,,,,,,,,,,,,,,,411470263,41147026300012,43.22B,,,,,,,,,,,sirene,
CHAUVET PLOMBERIE,,,a contacter,,,,,,,,,,,,cvc,,NARBONNE,,11,,,,,,,,,,,,,,,,,,,,,,,,,,,,,,,822420675,82242067500032,43.22A,,,,,,,,,,,sirene,
CHEMINEES CH,,,a contacter,,,,,,,,,,,,cvc,,BOULZICOURT,,08,,,,,,,,,,,,,,,,,,,,,,,,,,,,,,,540018868,54001886800013,43.22B,,,,,,,,,,,sirene,
CHEMINEES DA COSTA,,,a contacter,,,,,,,,,,,,cvc,,FILLIERE,,74,,,,,,,,,,,,,,,,,,,,,,,,,,,,,,,752245126,75224512600012,43.22B,,,,,,,,,,,sirene,
CHEMINEES ET POELES M DISCOUNT,,,a contacter,,,,,,,,,,,,cvc,,FONTAINE-FRANCAISE,,21,,,,,,,,,,,,,,,,,,,,,,,,,,,,,,,532927704,53292770400025,43.22B,,,,,,,,,,,sirene,
CHEMINEES FORTIN,,,a contacter,,,,,,,,,,,,cvc,,LA HAYE-PESNEL,,50,,,,,,,,,,,,,,,,,,,,,,,,,,,,,,,900865254,90086525400016,43.22B,,,,,,,,,,,sirene,
CHEMISAGES DU SUD-EST,,,a contacter,,,,,,,,,,,,cvc,,VAULX-EN-VELIN,,69,,,,,,,,,,,,,,,,,,,,,,,,,,,,,,,335130860,33513086000042,43.22B,,,,,,,,,,,sirene,
CHENE ENTREPRISE,,,a contacter,,,,,,,,,,,,cvc,,ROCHE-LEZ-BEAUPRE,,25,,,,,,,,,,,,,,,,,,,,,,,,,,,,,,,380559633,38055963300041,43.22B,,,,,,,,,,,sirene,
CHENILLOT DAVID,,,a contacter,,,,,,,,,,,,cvc,,FENAY,,21,,,,,,,,,,,,,,,,,,,,,,,,,,,,,,,442098919,44209891900032,43.22A,,,,,,,,,,,sirene,
CHEVALIER RESEAUX ENERGIES,,,a contacter,,,,,,,,,,,,cvc,,MALEMORT,,19,,,,,,,,,,,,,,,,,,,,,,,,,,,,,,,828675876,82867587600027,43.22A,,,,,,,,,,,sirene,
CHICHE PLOMBERIE,,,a contacter,,,,,,,,,,,,cvc,,MONTPELLIER,,34,,,,,,,,,,,,,,,,,,,,,,,,,,,,,,,422053850,42205385000026,43.22A,,,,,,,,,,,sirene,
CHRIS ENERGIE,,,a contacter,,,,,,,,,,,,cvc,,BOUGNON,,70,,,,,,,,,,,,,,,,,,,,,,,,,,,,,,,888573847,88857384700041,43.22B,,,,,,,,,,,sirene,
CHRISTIAN MORLAT,,,a contacter,,,,,,,,,,,,cvc,,CUSSET,,03,,,,,,,,,,,,,,,,,,,,,,,,,,,,,,,400098182,40009818200027,43.22A,,,,,,,,,,,sirene,
CHRISTIN S A S,,,a contacter,,,,,,,,,,,,cvc,,SAINT-GENIS-LAVAL,,69,,,,,,,,,,,,,,,,,,,,,,,,,,,,,,,380871277,38087127700030,43.22A,,,,,,,,,,,sirene,
CHRISTOPHE LE CORRE,,,a contacter,,,,,,,,,,,,cvc,,PLOMEUR,,29,,,,,,,,,,,,,,,,,,,,,,,,,,,,,,,815186572,81518657200039,43.22A,,,,,,,,,,,sirene,
CIE EUROPEENNE DE SERVICE CIAL,,,a contacter,,,,,,,,,,,,cvc,,MEYZIEU,,69,,,,,,,,,,,,,,,,,,,,,,,,,,,,,,,479739260,47973926000012,43.22B,,,,,,,,,,,sirene,
CIE GLE DE CHAUFFAGE ET CLIMATISATION,,,a contacter,,,,,,,,,,,,cvc,,SAINT LAURENT DU VAR,,06,,,,,,,,,,,,,,,,,,,,,,,,,,,,,,,961802758,96180275800022,43.22A,,,,,,,,,,,sirene,
CIEC,,,a contacter,,,,,,,,,,,,cvc,,PARIS,,75,,,,,,,,,,,,,,,,,,,,,,,,,,,,,,,433056223,43305622300152,43.22B,,,,,,,,,,,sirene,
CIEPIELA ET BERTRANUC,,,a contacter,,,,,,,,,,,,cvc,,CREIL,,60,,,,,,,,,,,,,,,,,,,,,,,,,,,,,,,780561403,78056140300103,43.22B,,,,,,,,,,,sirene,
CIGEC,,,a contacter,,,,,,,,,,,,cvc,,CHATILLON-SUR-THOUET,,79,,,,,,,,,,,,,,,,,,,,,,,,,,,,,,,434627766,43462776600026,43.22B,,,,,,,,,,,sirene,
CINEN,,,a contacter,,,,,,,,,,,,cvc,,SAINTE-LUCE-SUR-LOIRE,,44,,,,,,,,,,,,,,,,,,,,,,,,,,,,,,,484434592,48443459200040,43.22A,,,,,,,,,,,sirene,
CIRPE,,,a contacter,,,,,,,,,,,,cvc,,ILLKIRCH-GRAFFENSTADEN,,67,,,,,,,,,,,,,,,,,,,,,,,,,,,,,,,502916430,50291643000031,43.22B,,,,,,,,,,,sirene,
CISEPZ,,,a contacter,,,,,,,,,,,,cvc,,GRENOBLE,,38,,,,,,,,,,,,,,,,,,,,,,,,,,,,,,,054501291,05450129100030,43.22A,,,,,,,,,,,sirene,
CIT'O,,,a contacter,,,,,,,,,,,,cvc,,YFFINIAC,,22,,,,,,,,,,,,,,,,,,,,,,,,,,,,,,,839489978,83948997800024,43.22A,,,,,,,,,,,sirene,
CITC,,,a contacter,,,,,,,,,,,,cvc,,SAINT-DENIS,,93,,,,,,,,,,,,,,,,,,,,,,,,,,,,,,,324167121,32416712100031,43.22B,,,,,,,,,,,sirene,
CITEL,,,a contacter,,,,,,,,,,,,cvc,,CHALON-SUR-SAONE,,71,,,,,,,,,,,,,,,,,,,,,,,,,,,,,,,808485932,80848593200012,43.22B,,,,,,,,,,,sirene,
CJ ENERGIES,,,a contacter,,,,,,,,,,,,cvc,,BRIOLLAY,,49,,,,,,,,,,,,,,,,,,,,,,,,,,,,,,,534822838,53482283800023,43.22A,,,,,,,,,,,sirene,
CJC GOMES,,,a contacter,,,,,,,,,,,,cvc,,SANNOIS,,95,,,,,,,,,,,,,,,,,,,,,,,,,,,,,,,482741766,48274176600026,43.22A,,,,,,,,,,,sirene,
CK CLIM,,,a contacter,,,,,,,,,,,,cvc,,ANTONY,,92,,,,,,,,,,,,,,,,,,,,,,,,,,,,,,,838752152,83875215200028,43.22B,,,,,,,,,,,sirene,
CK ENERGIE,,,a contacter,,,,,,,,,,,,cvc,,FRANCHEVILLE,,69,,,,,,,,,,,,,,,,,,,,,,,,,,,,,,,814973384,81497338400146,43.22B,,,,,,,,,,,sirene,
CKAT AMENAGEMENT,,,a contacter,,,,,,,,,,,,cvc,,ROQUEFORT-LA-BEDOULE,,13,,,,,,,,,,,,,,,,,,,,,,,,,,,,,,,449176205,44917620500036,43.29A,,,,,,,,,,,sirene,
CLAISSE INSTALLATIONS,,,a contacter,,,,,,,,,,,,cvc,,CAMBRAI,,59,,,,,,,,,,,,,,,,,,,,,,,,,,,,,,,389338153,38933815300031,43.22B,,,,,,,,,,,sirene,
CLARA DISTRIBUTION,,,a contacter,,,,,,,,,,,,cvc,,GRIMAUD,,83,,,,,,,,,,,,,,,,,,,,,,,,,,,,,,,488712696,48871269600035,43.22B,,,,,,,,,,,sirene,
CLAUDE NAOUR (NAOUR CLAUDE CHAUFFAGE),,,a contacter,,,,,,,,,,,,cvc,,LANDAS,,59,,,,,,,,,,,,,,,,,,,,,,,,,,,,,,,534440425,53444042500039,43.22A,,,,,,,,,,,sirene,
CLEMENT,,,a contacter,,,,,,,,,,,,cvc,,VALENTON,,94,,,,,,,,,,,,,,,,,,,,,,,,,,,,,,,421476375,42147637500025,43.22A,,,,,,,,,,,sirene,
CLERC.TH,,,a contacter,,,,,,,,,,,,cvc,,CHATEAUNEUF-SUR-CHARENTE,,16,,,,,,,,,,,,,,,,,,,,,,,,,,,,,,,827549940,82754994000027,43.22A,,,,,,,,,,,sirene,
CLERICI,,,a contacter,,,,,,,,,,,,cvc,,MILLERY,,54,,,,,,,,,,,,,,,,,,,,,,,,,,,,,,,398132233,39813223300030,43.29A,,,,,,,,,,,sirene,
CLEROYT,,,a contacter,,,,,,,,,,,,cvc,,VIERZON,,18,,,,,,,,,,,,,,,,,,,,,,,,,,,,,,,918160920,91816092000024,43.22B,,,,,,,,,,,sirene,
CLIM DENFERT - BOURQUIN,,,a contacter,,,,,,,,,,,,cvc,,PARIS,,75,,,,,,,,,,,,,,,,,,,,,,,,,,,,,,,349349282,34934928200088,43.22B,,,,,,,,,,,sirene,
CLIM DENFERT MEDITERRANNEE,,,a contacter,,,,,,,,,,,,cvc,,CANNES,,06,,,,,,,,,,,,,,,,,,,,,,,,,,,,,,,510522865,51052286500029,43.22B,,,,,,,,,,,sirene,
CLIM DENFERT SERVICE,,,a contacter,,,,,,,,,,,,cvc,,STAINS,,93,,,,,,,,,,,,,,,,,,,,,,,,,,,,,,,323506592,32350659200035,43.22B,,,,,,,,,,,sirene,
CLIM ECO,,,a contacter,,,,,,,,,,,,cvc,,MOLINONS,,89,,,,,,,,,,,,,,,,,,,,,,,,,,,,,,,499138774,49913877400025,43.22B,,,,,,,,,,,sirene,
CLIM ENERGY SYSTEM,,,a contacter,,,,,,,,,,,,cvc,,LES ALLUETS-LE-ROI,,78,,,,,,,,,,,,,,,,,,,,,,,,,,,,,,,792000523,79200052300045,43.22B,,,,,,,,,,,sirene,
CLIM LAMBERT,,,a contacter,,,,,,,,,,,,cvc,,ORGEVAL,,78,,,,,,,,,,,,,,,,,,,,,,,,,,,,,,,429018260,42901826000019,43.22B,,,,,,,,,,,sirene,
CLIM SERVICES,,,a contacter,,,,,,,,,,,,cvc,,VILLEBON-SUR-YVETTE,,91,,,,,,,,,,,,,,,,,,,,,,,,,,,,,,,450603592,45060359200038,43.22B,,,,,,,,,,,sirene,
CLIM SOLUTION,,,a contacter,,,,,,,,,,,,cvc,,CROISSY-BEAUBOURG,,77,,,,,,,,,,,,,,,,,,,,,,,,,,,,,,,827475831,82747583100026,43.22B,,,,,,,,,,,sirene,
CLIM'SERV,,,a contacter,,,,,,,,,,,,cvc,,CHANTELOUP-EN-BRIE,,77,,,,,,,,,,,,,,,,,,,,,,,,,,,,,,,448794248,44879424800022,43.22B,,,,,,,,,,,sirene,
CLIMA JOINT,,,a contacter,,,,,,,,,,,,cvc,,CRETEIL,,94,,,,,,,,,,,,,,,,,,,,,,,,,,,,,,,331737643,33173764300055,43.22B,,,,,,,,,,,sirene,
CLIMA POSITIVO,,,a contacter,,,,,,,,,,,,cvc,,SAINTE-GENEVIEVE-DES-BOIS,,91,,,,,,,,,,,,,,,,,,,,,,,,,,,,,,,841291628,84129162800037,43.22B,,,,,,,,,,,sirene,
CLIMADOUR,,,a contacter,,,,,,,,,,,,cvc,,BAGNERES-DE-BIGORRE,,65,,,,,,,,,,,,,,,,,,,,,,,,,,,,,,,384182721,38418272100017,43.22B,,,,,,,,,,,sirene,
CLIMAGE,,,a contacter,,,,,,,,,,,,cvc,,TORCY,,77,,,,,,,,,,,,,,,,,,,,,,,,,,,,,,,494093727,49409372700043,43.22B,,,,,,,,,,,sirene,
CLIMAIR,,,a contacter,,,,,,,,,,,,cvc,,ARGENTEUIL,,95,,,,,,,,,,,,,,,,,,,,,,,,,,,,,,,831739453,83173945300023,43.22B,,,,,,,,,,,sirene,
CLIMAIRTEC,,,a contacter,,,,,,,,,,,,cvc,,CHATEAU-LANDON,,77,,,,,,,,,,,,,,,,,,,,,,,,,,,,,,,440638690,44063869000014,43.22B,,,,,,,,,,,sirene,
CLIMAMAX FRANCE,,,a contacter,,,,,,,,,,,,cvc,,TREMBLAY-EN-FRANCE,,93,,,,,,,,,,,,,,,,,,,,,,,,,,,,,,,451557136,45155713600038,43.22B,,,,,,,,,,,sirene,
CLIMAS,,,a contacter,,,,,,,,,,,,cvc,,ERAGNY,,95,,,,,,,,,,,,,,,,,,,,,,,,,,,,,,,482144664,48214466400034,43.22B,,,,,,,,,,,sirene,
CLIMASCIENCE,,,a contacter,,,,,,,,,,,,cvc,,LES ULIS,,91,,,,,,,,,,,,,,,,,,,,,,,,,,,,,,,340725506,34072550600059,43.22B,,,,,,,,,,,sirene,
CLIMASET ILE DE FRANCE,,,a contacter,,,,,,,,,,,,cvc,,ENNERY,,95,,,,,,,,,,,,,,,,,,,,,,,,,,,,,,,844079970,84407997000035,43.22B,,,,,,,,,,,sirene,
CLIMASET SUD-EST,,,a contacter,,,,,,,,,,,,cvc,,AUBAGNE,,13,,,,,,,,,,,,,,,,,,,,,,,,,,,,,,,493019459,49301945900012,43.22B,,,,,,,,,,,sirene,
CLIMAT CHAUFFAGE REFRIGERATION VENTILAT,,,a contacter,,,,,,,,,,,,cvc,,PARIS,,75,,,,,,,,,,,,,,,,,,,,,,,,,,,,,,,328033352,32803335200019,43.22B,,,,,,,,,,,sirene,
CLIMAT ENERGIE,,,a contacter,,,,,,,,,,,,cvc,,CARBONNE,,31,,,,,,,,,,,,,,,,,,,,,,,,,,,,,,,890504087,89050408700036,43.22B,,,,,,,,,,,sirene,
CLIMAT ENERGIE CONCEPT,,,a contacter,,,,,,,,,,,,cvc,,AULNAY-SOUS-BOIS,,93,,,,,,,,,,,,,,,,,,,,,,,,,,,,,,,818986184,81898618400062,43.22B,,,,,,,,,,,sirene,
CLIMAT EST,,,a contacter,,,,,,,,,,,,cvc,,OSTWALD,,67,,,,,,,,,,,,,,,,,,,,,,,,,,,,,,,830311759,83031175900013,43.22B,,,,,,,,,,,sirene,
CLIMAT ET CONFORT MOREAU,,,a contacter,,,,,,,,,,,,cvc,,CLISSON,,44,,,,,,,,,,,,,,,,,,,,,,,,,,,,,,,872802905,87280290500028,43.22A,,,,,,,,,,,sirene,
CLIMAT GENIE CLIMATIQUE,,,a contacter,,,,,,,,,,,,cvc,,LA FARLEDE,,83,,,,,,,,,,,,,,,,,,,,,,,,,,,,,,,879172245,87917224500026,43.22A,,,,,,,,,,,sirene,
CLIMAT HOME SERVICES,,,a contacter,,,,,,,,,,,,cvc,,AUSSONNE,,31,,,,,,,,,,,,,,,,,,,,,,,,,,,,,,,824053557,82405355700024,43.22B,,,,,,,,,,,sirene,
CLIMAT SUR FRANCE,,,a contacter,,,,,,,,,,,,cvc,,SAINT-ANDRE-LES-VERGERS,,10,,,,,,,,,,,,,,,,,,,,,,,,,,,,,,,842855264,84285526400029,43.22B,,,,,,,,,,,sirene,
CLIMAT SYSTEMS,,,a contacter,,,,,,,,,,,,cvc,,CHANTELOUP-EN-BRIE,,77,,,,,,,,,,,,,,,,,,,,,,,,,,,,,,,341375657,34137565700036,43.22B,,,,,,,,,,,sirene,
CLIMAT UNI VERT,,,a contacter,,,,,,,,,,,,cvc,,SAINT-GILLES-CROIX-DE-VIE,,85,,,,,,,,,,,,,,,,,,,,,,,,,,,,,,,490347994,49034799400041,43.22B,,,,,,,,,,,sirene,
CLIMATAIR,,,a contacter,,,,,,,,,,,,cvc,,SCIEZ,,74,,,,,,,,,,,,,,,,,,,,,,,,,,,,,,,492444229,49244422900024,43.22B,,,,,,,,,,,sirene,
CLIMATDEUX,,,a contacter,,,,,,,,,,,,cvc,,BIEVRES,,91,,,,,,,,,,,,,,,,,,,,,,,,,,,,,,,448615674,44861567400034,43.22B,,,,,,,,,,,sirene,
CLIMATEC,,,a contacter,,,,,,,,,,,,cvc,,PORTO-VECCHIO,,2A,,,,,,,,,,,,,,,,,,,,,,,,,,,,,,,445043904,44504390400033,43.22B,,,,,,,,,,,sirene,
CLIMATEC PYRENEES,,,a contacter,,,,,,,,,,,,cvc,,IBOS,,65,,,,,,,,,,,,,,,,,,,,,,,,,,,,,,,489246660,48924666000075,43.22B,,,,,,,,,,,sirene,
CLIMATECH,,,a contacter,,,,,,,,,,,,cvc,,CHAMPAGNEY,,70,,,,,,,,,,,,,,,,,,,,,,,,,,,,,,,814643789,81464378900021,43.22B,,,,,,,,,,,sirene,
CLIMATECH,,,a contacter,,,,,,,,,,,,cvc,,KOUROU,,973,,,,,,,,,,,,,,,,,,,,,,,,,,,,,,,798186417,79818641700019,43.22B,,,,,,,,,,,sirene,
CLIMATECH OUEST ARMOR,,,a contacter,,,,,,,,,,,,cvc,,PLOUMAGOAR,,22,,,,,,,,,,,,,,,,,,,,,,,,,,,,,,,312952070,31295207000026,43.22B,,,,,,,,,,,sirene,
CLIMATECH OUEST EMERAUDE,,,a contacter,,,,,,,,,,,,cvc,,PLOUMAGOAR,,22,,,,,,,,,,,,,,,,,,,,,,,,,,,,,,,306355033,30635503300052,43.22A,,,,,,,,,,,sirene,
CLIMATELEC,,,a contacter,,,,,,,,,,,,cvc,,LE CONTROIS-EN-SOLOGNE,,41,,,,,,,,,,,,,,,,,,,,,,,,,,,,,,,345254924,34525492400011,43.22B,,,,,,,,,,,sirene,
CLIMATER MAINTENANCE ILE-DE-FRANCE,,,a contacter,,,,,,,,,,,,cvc,,CHAMPIGNY-SUR-MARNE,,94,,,,,,,,,,,,,,,,,,,,,,,,,,,,,,,840767453,84076745300029,43.22B,,,,,,,,,,,sirene,
CLIMATER MAINTENANCE MEDITERRANEE,,,a contacter,,,,,,,,,,,,cvc,,VENDARGUES,,34,,,,,,,,,,,,,,,,,,,,,,,,,,,,,,,840688485,84068848500027,43.22B,,,,,,,,,,,sirene,
CLIMATER MAINTENANCE SUD-OUEST,,,a contacter,,,,,,,,,,,,cvc,,MONTAUBAN,,82,,,,,,,,,,,,,,,,,,,,,,,,,,,,,,,840676142,84067614200010,43.22B,,,,,,,,,,,sirene,
CLIMATHERM'INSTAL,,,a contacter,,,,,,,,,,,,cvc,,SENAS,,13,,,,,,,,,,,,,,,,,,,,,,,,,,,,,,,507527224,50752722400046,43.22B,,,,,,,,,,,sirene,
CLIMATIC,,,a contacter,,,,,,,,,,,,cvc,,OLLIOULES,,83,,,,,,,,,,,,,,,,,,,,,,,,,,,,,,,390018885,39001888500033,43.22B,,,,,,,,,,,sirene,
CLIMATIC ENERGIES,,,a contacter,,,,,,,,,,,,cvc,,CORBAS,,69,,,,,,,,,,,,,,,,,,,,,,,,,,,,,,,965507338,96550733800048,43.22A,,,,,,,,,,,sirene,
CLIMATIC ENTREPRISE,,,a contacter,,,,,,,,,,,,cvc,,FONTAINE,,38,,,,,,,,,,,,,,,,,,,,,,,,,,,,,,,491251815,49125181500057,43.22B,,,,,,,,,,,sirene,
CLIMATIKA 77,,,a contacter,,,,,,,,,,,,cvc,,PONTAULT-COMBAULT,,77,,,,,,,,,,,,,,,,,,,,,,,,,,,,,,,429178494,42917849400036,43.22B,,,,,,,,,,,sirene,
CLIMATIQUE ET THERMIQUE SERVICE,,,a contacter,,,,,,,,,,,,cvc,,TRETS,,13,,,,,,,,,,,,,,,,,,,,,,,,,,,,,,,402289755,40228975500041,43.22B,,,,,,,,,,,sirene,
CLIMATIS,,,a contacter,,,,,,,,,,,,cvc,,NANTERRE,,92,,,,,,,,,,,,,,,,,,,,,,,,,,,,,,,491591756,49159175600029,43.22B,,,,,,,,,,,sirene,
CLIMATISATION ASSISTANCE SERVICE,,,a contacter,,,,,,,,,,,,cvc,,MONTREUIL,,93,,,,,,,,,,,,,,,,,,,,,,,,,,,,,,,407952233,40795223300028,43.22B,,,,,,,,,,,sirene,
CLIMATISATION ET CHAUFFAGE IBANEZ,,,a contacter,,,,,,,,,,,,cvc,,SAINT-ESTEVE,,66,,,,,,,,,,,,,,,,,,,,,,,,,,,,,,,398881508,39888150800038,43.22B,,,,,,,,,,,sirene,
CLIMATISATION VENTILATION INDUSTRIELLE,,,a contacter,,,,,,,,,,,,cvc,,ARLES,,13,,,,,,,,,,,,,,,,,,,,,,,,,,,,,,,344832076,34483207600030,43.22B,,,,,,,,,,,sirene,
CLIMATISATION VENTILATION MONTAGE,,,a contacter,,,,,,,,,,,,cvc,,SAINT-HERBLAIN,,44,,,,,,,,,,,,,,,,,,,,,,,,,,,,,,,414406306,41440630600038,43.22B,,,,,,,,,,,sirene,
CLIMATPLUS,,,a contacter,,,,,,,,,,,,cvc,,LOGNES,,77,,,,,,,,,,,,,,,,,,,,,,,,,,,,,,,415074491,41507449100036,43.22B,,,,,,,,,,,sirene,
CLIMAVIE,,,a contacter,,,,,,,,,,,,cvc,,MAUGUIO,,34,,,,,,,,,,,,,,,,,,,,,,,,,,,,,,,428806343,42880634300029,43.22B,,,,,,,,,,,sirene,
CLIMAX,,,a contacter,,,,,,,,,,,,cvc,,TOULOUSE,,31,,,,,,,,,,,,,,,,,,,,,,,,,,,,,,,385343728,38534372800049,43.22B,,,,,,,,,,,sirene,
CLIMAX - GROUP ADEC,,,a contacter,,,,,,,,,,,,cvc,,PEIPIN,,04,,,,,,,,,,,,,,,,,,,,,,,,,,,,,,,450456678,45045667800017,43.22A,,,,,,,,,,,sirene,
CLIMAX SAV,,,a contacter,,,,,,,,,,,,cvc,,TOULOUSE,,31,,,,,,,,,,,,,,,,,,,,,,,,,,,,,,,442889291,44288929100013,43.22B,,,,,,,,,,,sirene,
CLIMAX66,,,a contacter,,,,,,,,,,,,cvc,,PERPIGNAN,,66,,,,,,,,,,,,,,,,,,,,,,,,,,,,,,,408880029,40888002900033,43.22B,,,,,,,,,,,sirene,
CLIMEA,,,a contacter,,,,,,,,,,,,cvc,,FONTENAY-SOUS-BOIS,,94,,,,,,,,,,,,,,,,,,,,,,,,,,,,,,,478063514,47806351400036,43.22B,,,,,,,,,,,sirene,
CLIMEHOME,,,a contacter,,,,,,,,,,,,cvc,,TOULOUSE,,31,,,,,,,,,,,,,,,,,,,,,,,,,,,,,,,831457775,83145777500052,43.22B,,,,,,,,,,,sirene,
CLIMELEC ENTREPRISE,,,a contacter,,,,,,,,,,,,cvc,,MARSEILLE,,13,,,,,,,,,,,,,,,,,,,,,,,,,,,,,,,418666574,41866657400037,43.22B,,,,,,,,,,,sirene,
CLIMERSON,,,a contacter,,,,,,,,,,,,cvc,,LONGPERRIER,,77,,,,,,,,,,,,,,,,,,,,,,,,,,,,,,,811524198,81152419800033,43.22B,,,,,,,,,,,sirene,
CLIMHOLIA,,,a contacter,,,,,,,,,,,,cvc,,BISCHHEIM,,67,,,,,,,,,,,,,,,,,,,,,,,,,,,,,,,822023982,82202398200058,43.22B,,,,,,,,,,,sirene,
CLIMOCONFORT,,,a contacter,,,,,,,,,,,,cvc,,SAINT-MARTIN-EN-HAUT,,69,,,,,,,,,,,,,,,,,,,,,,,,,,,,,,,453869570,45386957000037,43.22B,,,,,,,,,,,sirene,
CLIMTHERMIC,,,a contacter,,,,,,,,,,,,cvc,,PONS,,17,,,,,,,,,,,,,,,,,,,,,,,,,,,,,,,507976538,50797653800011,43.22B,,,,,,,,,,,sirene,
CLINIQUE DU CHAUFFAGE,,,a contacter,,,,,,,,,,,,cvc,,SAINT-ETIENNE-AU-MONT,,62,,,,,,,,,,,,,,,,,,,,,,,,,,,,,,,507764769,50776476900026,43.22A,,,,,,,,,,,sirene,
CLOAREC,,,a contacter,,,,,,,,,,,,cvc,,NOTRE DAME D'OE,,37,,,,,,,,,,,,,,,,,,,,,,,,,,,,,,,413910316,41391031600079,43.22B,,,,,,,,,,,sirene,
CLP,,,a contacter,,,,,,,,,,,,cvc,,SAINT-REMY-DE-PROVENCE,,13,,,,,,,,,,,,,,,,,,,,,,,,,,,,,,,445119274,44511927400022,43.22A,,,,,,,,,,,sirene,
CMH BATIMENT,,,a contacter,,,,,,,,,,,,cvc,,PARIS,,75,,,,,,,,,,,,,,,,,,,,,,,,,,,,,,,848765541,84876554100026,43.29A,,,,,,,,,,,sirene,
CMP FRANCE,,,a contacter,,,,,,,,,,,,cvc,,EPINAY-SOUS-SENART,,91,,,,,,,,,,,,,,,,,,,,,,,,,,,,,,,789253838,78925383800054,43.22B,,,,,,,,,,,sirene,
CNA VENTILATION,,,a contacter,,,,,,,,,,,,cvc,,LA CHAPELLE-SAINT-SEPULCRE,,45,,,,,,,,,,,,,,,,,,,,,,,,,,,,,,,831619671,83161967100025,43.22B,,,,,,,,,,,sirene,
COANDA ENERGIES,,,a contacter,,,,,,,,,,,,cvc,,CADAUJAC,,33,,,,,,,,,,,,,,,,,,,,,,,,,,,,,,,792434797,79243479700033,43.22B,,,,,,,,,,,sirene,
COBA ENERGIES,,,a contacter,,,,,,,,,,,,cvc,,BAYONNE,,64,,,,,,,,,,,,,,,,,,,,,,,,,,,,,,,445113103,44511310300052,43.22B,,,,,,,,,,,sirene,
COBAC,,,a contacter,,,,,,,,,,,,cvc,,COMBOURG,,35,,,,,,,,,,,,,,,,,,,,,,,,,,,,,,,413145582,41314558200016,43.22A,,,,,,,,,,,sirene,
COBEIMA,,,a contacter,,,,,,,,,,,,cvc,,SAINT-JACQUES-SUR-DARNETAL,,76,,,,,,,,,,,,,,,,,,,,,,,,,,,,,,,344947072,34494707200049,43.29A,,,,,,,,,,,sirene,
COENIMED SRL,,,a contacter,,,,,,,,,,,,cvc,,,,,,,,,,,,,,,,,,,,,,,,,,,,,,,,,,,818034571,81803457100013,43.22A,,,,,,,,,,,sirene,
COGECLIM,,,a contacter,,,,,,,,,,,,cvc,,RIS-ORANGIS,,91,,,,,,,,,,,,,,,,,,,,,,,,,,,,,,,821540713,82154071300020,43.22B,,,,,,,,,,,sirene,
COGECLIM ENERGIES,,,a contacter,,,,,,,,,,,,cvc,,SAINT-OUEN-L'AUMONE,,95,,,,,,,,,,,,,,,,,,,,,,,,,,,,,,,809184328,80918432800023,43.22B,,,,,,,,,,,sirene,
COGECLIM INDUSTRIE,,,a contacter,,,,,,,,,,,,cvc,,ALFORTVILLE,,94,,,,,,,,,,,,,,,,,,,,,,,,,,,,,,,510408941,51040894100035,43.22B,,,,,,,,,,,sirene,
COGECLIMA,,,a contacter,,,,,,,,,,,,cvc,,MONTMAGNY,,95,,,,,,,,,,,,,,,,,,,,,,,,,,,,,,,517738258,51773825800030,43.22B,,,,,,,,,,,sirene,
COGELI,,,a contacter,,,,,,,,,,,,cvc,,FALAISE,,14,,,,,,,,,,,,,,,,,,,,,,,,,,,,,,,799031133,79903113300058,43.22B,,,,,,,,,,,sirene,
COGO,,,a contacter,,,,,,,,,,,,cvc,,TOULOUSE,,31,,,,,,,,,,,,,,,,,,,,,,,,,,,,,,,911533875,91153387500025,43.22A,,,,,,,,,,,sirene,
COMATEF,,,a contacter,,,,,,,,,,,,cvc,,CARQUEFOU,,44,,,,,,,,,,,,,,,,,,,,,,,,,,,,,,,430199067,43019906700033,43.29A,,,,,,,,,,,sirene,
COMBES-BATIMENT,,,a contacter,,,,,,,,,,,,cvc,,VILLEFRANCHE-SUR-MER,,06,,,,,,,,,,,,,,,,,,,,,,,,,,,,,,,803490937,80349093700015,43.29A,,,,,,,,,,,sirene,
COMBLE-ECO,,,a contacter,,,,,,,,,,,,cvc,,MONTREUIL,,93,,,,,,,,,,,,,,,,,,,,,,,,,,,,,,,829950815,82995081500037,43.22A,,,,,,,,,,,sirene,
COMEXEL,,,a contacter,,,,,,,,,,,,cvc,,SAINTE-CONSORCE,,69,,,,,,,,,,,,,,,,,,,,,,,,,,,,,,,527592182,52759218200028,43.22B,,,,,,,,,,,sirene,
COMIN SARL,,,a contacter,,,,,,,,,,,,cvc,,ALLEZ-ET-CAZENEUVE,,47,,,,,,,,,,,,,,,,,,,,,,,,,,,,,,,409404456,40940445600025,43.22B,,,,,,,,,,,sirene,
COMISO FRANCE,,,a contacter,,,,,,,,,,,,cvc,,LE THILLAY,,95,,,,,,,,,,,,,,,,,,,,,,,,,,,,,,,383060175,38306017500015,43.29A,,,,,,,,,,,sirene,
COMPAGNIE AZUREENNE MAINTENANCE TECHNIQU,,,a contacter,,,,,,,,,,,,cvc,,PEGOMAS,,06,,,,,,,,,,,,,,,,,,,,,,,,,,,,,,,322281742,32228174200021,43.22B,,,,,,,,,,,sirene,
COMPAGNIE D INGENIERIE DES EAUX,,,a contacter,,,,,,,,,,,,cvc,,REMIRE-MONTJOLY,,973,,,,,,,,,,,,,,,,,,,,,,,,,,,,,,,399687821,39968782100039,43.22A,,,,,,,,,,,sirene,
COMPAGNIE EUROPEENNE DE TRAVAUX,,,a contacter,,,,,,,,,,,,cvc,,PARIS,,75,,,,,,,,,,,,,,,,,,,,,,,,,,,,,,,841538143,84153814300014,43.22A,,,,,,,,,,,sirene,
COMPAGNIE FRANCAISE DES ENERGIES NOUVELLES,,,a contacter,,,,,,,,,,,,cvc,,RIVIERES,,16,,,,,,,,,,,,,,,,,,,,,,,,,,,,,,,494705858,49470585800038,43.29A,,,,,,,,,,,sirene,
COMPAGNIE GENERALE DE MAINTENANCE IMMOBILIERE,,,a contacter,,,,,,,,,,,,cvc,,MERIGNAC,,33,,,,,,,,,,,,,,,,,,,,,,,,,,,,,,,389337718,38933771800065,43.22A,,,,,,,,,,,sirene,
COMPAGNIE MERIDIONALE D'APPLICATIONS THERMIQUES CMT,,,a contacter,,,,,,,,,,,,cvc,,AIX-EN-PROVENCE,,13,,,,,,,,,,,,,,,,,,,,,,,,,,,,,,,385221536,38522153600043,43.22B,,,,,,,,,,,sirene,
COMPAGNIE REGIONALE DE CHAUFFAGE PLOMBERIE,,,a contacter,,,,,,,,,,,,cvc,,GOMETZ-LE-CHATEL,,91,,,,,,,,,,,,,,,,,,,,,,,,,,,,,,,309540334,30954033400047,43.22B,,,,,,,,,,,sirene,
COMPTE ISOLATION,,,a contacter,,,,,,,,,,,,cvc,,ISSOIRE,,63,,,,,,,,,,,,,,,,,,,,,,,,,,,,,,,353198781,35319878100034,43.29A,,,,,,,,,,,sirene,
COMPTOIR MENAGER ALESIEN,,,a contacter,,,,,,,,,,,,cvc,,ALES,,30,,,,,,,,,,,,,,,,,,,,,,,,,,,,,,,393765482,39376548200012,43.22B,,,,,,,,,,,sirene,
"COMSA INSTALACIONES Y SISTEMAS INDUSTRIALES, S.A",,,a contacter,,,,,,,,,,,,cvc,,,,,,,,,,,,,,,,,,,,,,,,,,,,,,,,,,,538675232,53867523200010,43.22B,,,,,,,,,,,sirene,
CONAT SERVICES,,,a contacter,,,,,,,,,,,,cvc,,SAINTE-SAVINE,,10,,,,,,,,,,,,,,,,,,,,,,,,,,,,,,,889667580,88966758000027,43.22B,,,,,,,,,,,sirene,
CONCEPT,,,a contacter,,,,,,,,,,,,cvc,,HERBSHEIM,,67,,,,,,,,,,,,,,,,,,,,,,,,,,,,,,,824541296,82454129600011,43.22B,,,,,,,,,,,sirene,
CONCEPT ENERGY,,,a contacter,,,,,,,,,,,,cvc,,CRETEIL,,94,,,,,,,,,,,,,,,,,,,,,,,,,,,,,,,818946428,81894642800039,43.22B,,,,,,,,,,,sirene,
CONCEPT FROID,,,a contacter,,,,,,,,,,,,cvc,,LA POSSESSION,,974,,,,,,,,,,,,,,,,,,,,,,,,,,,,,,,377629340,37762934000060,43.22B,,,,,,,,,,,sirene,
CONCEPT ISOL'HABITAT,,,a contacter,,,,,,,,,,,,cvc,,NOYELLES-SOUS-LENS,,62,,,,,,,,,,,,,,,,,,,,,,,,,,,,,,,810230243,81023024300018,43.29A,,,,,,,,,,,sirene,
CONCEPT ISOLATION,,,a contacter,,,,,,,,,,,,cvc,,DOUDEVILLE,,76,,,,,,,,,,,,,,,,,,,,,,,,,,,,,,,803931039,80393103900025,43.29A,,,,,,,,,,,sirene,
CONCEPT TECHNOLOGY,,,a contacter,,,,,,,,,,,,cvc,,NICE,,06,,,,,,,,,,,,,,,,,,,,,,,,,,,,,,,488710575,48871057500025,43.22A,,,,,,,,,,,sirene,
CONDITIONAIR,,,a contacter,,,,,,,,,,,,cvc,,LA GARENNE-COLOMBES,,92,,,,,,,,,,,,,,,,,,,,,,,,,,,,,,,632023073,63202307300059,43.22B,,,,,,,,,,,sirene,
CONFOGAZ,,,a contacter,,,,,,,,,,,,cvc,,VILLEURBANNE,,69,,,,,,,,,,,,,,,,,,,,,,,,,,,,,,,431336858,43133685800037,43.22B,,,,,,,,,,,sirene,
CONFOGAZ IDF,,,a contacter,,,,,,,,,,,,cvc,,NEUILLY-SUR-MARNE,,93,,,,,,,,,,,,,,,,,,,,,,,,,,,,,,,810956052,81095605200015,43.22B,,,,,,,,,,,sirene,
CONFORMITE DE L HABITAT FRANCAIS,,,a contacter,,,,,,,,,,,,cvc,,SAINT-OUEN-L'AUMONE,,95,,,,,,,,,,,,,,,,,,,,,,,,,,,,,,,894051747,89405174700034,43.29A,,,,,,,,,,,sirene,
CONFORT 3D,,,a contacter,,,,,,,,,,,,cvc,,BRETIGNY-SUR-ORGE,,91,,,,,,,,,,,,,,,,,,,,,,,,,,,,,,,840106280,84010628000026,43.29A,,,,,,,,,,,sirene,
CONFORT CHAUFFAGE,,,a contacter,,,,,,,,,,,,cvc,,PIEGUT-PLUVIERS,,24,,,,,,,,,,,,,,,,,,,,,,,,,,,,,,,300702172,30070217200010,43.22B,,,,,,,,,,,sirene,
CONFORT CHAUFFAGE SANITAIRE CRESPIN,,,a contacter,,,,,,,,,,,,cvc,,BOULAZAC ISLE MANOIRE,,24,,,,,,,,,,,,,,,,,,,,,,,,,,,,,,,451098040,45109804000038,43.22A,,,,,,,,,,,sirene,
CONFORT ENERGIE,,,a contacter,,,,,,,,,,,,cvc,,TOULOUSE,,31,,,,,,,,,,,,,,,,,,,,,,,,,,,,,,,450222047,45022204700026,43.22B,,,,,,,,,,,sirene,
CONFORT ENERGIE CONCEPT,,,a contacter,,,,,,,,,,,,cvc,,LE MANS,,72,,,,,,,,,,,,,,,,,,,,,,,,,,,,,,,811605625,81160562500011,43.22A,,,,,,,,,,,sirene,
CONFORT ENERGIES,,,a contacter,,,,,,,,,,,,cvc,,SAINT-HERBLAIN,,44,,,,,,,,,,,,,,,,,,,,,,,,,,,,,,,424845402,42484540200058,43.22B,,,,,,,,,,,sirene,
CONFORT GAZ,,,a contacter,,,,,,,,,,,,cvc,,LORIENT,,56,,,,,,,,,,,,,,,,,,,,,,,,,,,,,,,801588005,80158800500026,43.22B,,,,,,,,,,,sirene,
CONFORT GAZ 2000 C.P.S.T,,,a contacter,,,,,,,,,,,,cvc,,LESQUIN,,59,,,,,,,,,,,,,,,,,,,,,,,,,,,,,,,322408394,32240839400060,43.22B,,,,,,,,,,,sirene,
CONFORT HABITAT SERVICES,,,a contacter,,,,,,,,,,,,cvc,,CASTRIES,,34,,,,,,,,,,,,,,,,,,,,,,,,,,,,,,,483534392,48353439200053,43.22B,,,,,,,,,,,sirene,
CONFORT MAINTENANCE SERVICES,,,a contacter,,,,,,,,,,,,cvc,,TOULOUSE,,31,,,,,,,,,,,,,,,,,,,,,,,,,,,,,,,383504487,38350448700034,43.22B,,,,,,,,,,,sirene,
CONFORTHERMIC-CONFORELEC,,,a contacter,,,,,,,,,,,,cvc,,BERNAY,,27,,,,,,,,,,,,,,,,,,,,,,,,,,,,,,,385259486,38525948600020,43.22B,,,,,,,,,,,sirene,
CONGRATEL,,,a contacter,,,,,,,,,,,,cvc,,LANDAUL,,56,,,,,,,,,,,,,,,,,,,,,,,,,,,,,,,839356466,83935646600020,43.22A,,,,,,,,,,,sirene,
CONSEIL CHAUFFAGE,,,a contacter,,,,,,,,,,,,cvc,,DARNETAL,,76,,,,,,,,,,,,,,,,,,,,,,,,,,,,,,,382686731,38268673100011,43.22B,,,,,,,,,,,sirene,
CONSEIL HABITAT ENERGIE,,,a contacter,,,,,,,,,,,,cvc,,LENS,,62,,,,,,,,,,,,,,,,,,,,,,,,,,,,,,,814572277,81457227700030,43.22B,,,,,,,,,,,sirene,
CONSEIL TECHNIQUE POUR L'HABITAT,,,a contacter,,,,,,,,,,,,cvc,,NANCY,,54,,,,,,,,,,,,,,,,,,,,,,,,,,,,,,,820985091,82098509100025,43.22B,,,,,,,,,,,sirene,
CONSEILS D'ARTISANS,,,a contacter,,,,,,,,,,,,cvc,,ASSE-LE-BOISNE,,72,,,,,,,,,,,,,,,,,,,,,,,,,,,,,,,532900503,53290050300030,43.22B,,,,,,,,,,,sirene,
CONSTRUCTIONS BABCOCK SERVICES,,,a contacter,,,,,,,,,,,,cvc,,GARDANNE,,13,,,,,,,,,,,,,,,,,,,,,,,,,,,,,,,912637196,91263719600011,43.22B,,,,,,,,,,,sirene,
CONTESSO,,,a contacter,,,,,,,,,,,,cvc,,LACHAPELLE-SOUS-AUBENAS,,07,,,,,,,,,,,,,,,,,,,,,,,,,,,,,,,502182413,50218241300026,43.22B,,,,,,,,,,,sirene,
CONVERT SA,,,a contacter,,,,,,,,,,,,cvc,,BOURG-EN-BRESSE,,01,,,,,,,,,,,,,,,,,,,,,,,,,,,,,,,308491604,30849160400036,43.22B,,,,,,,,,,,sirene,
COOPERATIVE OUVRIERE DU PAYS D'AUGE,,,a contacter,,,,,,,,,,,,cvc,,LISIEUX,,14,,,,,,,,,,,,,,,,,,,,,,,,,,,,,,,301592341,30159234100046,43.22B,,,,,,,,,,,sirene,
COOPERATIVE REMOISE ELECTRICITE CHAUFFAGE SANITAIRE,,,a contacter,,,,,,,,,,,,cvc,,REIMS,,51,,,,,,,,,,,,,,,,,,,,,,,,,,,,,,,328815816,32881581600025,43.22B,,,,,,,,,,,sirene,
COP ECOLOGIE,,,a contacter,,,,,,,,,,,,cvc,,PANTIN,,93,,,,,,,,,,,,,,,,,,,,,,,,,,,,,,,827958398,82795839800022,43.29A,,,,,,,,,,,sirene,
COP SOLUTIONS,,,a contacter,,,,,,,,,,,,cvc,,LE BOURGET-DU-LAC,,73,,,,,,,,,,,,,,,,,,,,,,,,,,,,,,,753291699,75329169900043,43.22B,,,,,,,,,,,sirene,
COPAXSO,,,a contacter,,,,,,,,,,,,cvc,,SOISSONS,,02,,,,,,,,,,,,,,,,,,,,,,,,,,,,,,,429655657,42965565700022,43.22B,,,,,,,,,,,sirene,
COPCIE SARL,,,a contacter,,,,,,,,,,,,cvc,,ANTONY,,92,,,,,,,,,,,,,,,,,,,,,,,,,,,,,,,622016459,62201645900043,43.22A,,,,,,,,,,,sirene,
COPHIGNON,,,a contacter,,,,,,,,,,,,cvc,,CHARLEVILLE-MEZIERES,,08,,,,,,,,,,,,,,,,,,,,,,,,,,,,,,,778116996,77811699600035,43.22B,,,,,,,,,,,sirene,
COPPERTEAM,,,a contacter,,,,,,,,,,,,cvc,,CHATOU,,78,,,,,,,,,,,,,,,,,,,,,,,,,,,,,,,810773051,81077305100034,43.22B,,,,,,,,,,,sirene,
COPROSUR,,,a contacter,,,,,,,,,,,,cvc,,PARIS,,75,,,,,,,,,,,,,,,,,,,,,,,,,,,,,,,794255240,79425524000044,43.22A,,,,,,,,,,,sirene,
CORAN-SOLDERA,,,a contacter,,,,,,,,,,,,cvc,,TERVILLE,,57,,,,,,,,,,,,,,,,,,,,,,,,,,,,,,,381663905,38166390500028,43.22A,,,,,,,,,,,sirene,
CORBE CLIMATIQUE,,,a contacter,,,,,,,,,,,,cvc,,LA GARNACHE,,85,,,,,,,,,,,,,,,,,,,,,,,,,,,,,,,447765314,44776531400029,43.22B,,,,,,,,,,,sirene,
CORDESSE,,,a contacter,,,,,,,,,,,,cvc,,NEUVEGLISE-SUR-TRUYERE,,15,,,,,,,,,,,,,,,,,,,,,,,,,,,,,,,451973515,45197351500021,43.22B,,,,,,,,,,,sirene,
CORDIER 85,,,a contacter,,,,,,,,,,,,cvc,,SAINT-REVEREND,,85,,,,,,,,,,,,,,,,,,,,,,,,,,,,,,,949402457,94940245700046,43.22B,,,,,,,,,,,sirene,
COREHA,,,a contacter,,,,,,,,,,,,cvc,,CORMELLES-LE-ROYAL,,14,,,,,,,,,,,,,,,,,,,,,,,,,,,,,,,822686564,82268656400037,43.22B,,,,,,,,,,,sirene,
CORNAIRE ET FILS,,,a contacter,,,,,,,,,,,,cvc,,AUZON,,43,,,,,,,,,,,,,,,,,,,,,,,,,,,,,,,423579184,42357918400015,43.22A,,,,,,,,,,,sirene,
CORNEC,,,a contacter,,,,,,,,,,,,cvc,,SAINT-JEAN-DE-LUZ,,64,,,,,,,,,,,,,,,,,,,,,,,,,,,,,,,389630526,38963052600041,43.22A,,,,,,,,,,,sirene,
CORNET,,,a contacter,,,,,,,,,,,,cvc,,FLEURE,,86,,,,,,,,,,,,,,,,,,,,,,,,,,,,,,,488314477,48831447700016,43.22A,,,,,,,,,,,sirene,
CORSE ENTRETIEN CHAUFFAGE CLIMATISATION,,,a contacter,,,,,,,,,,,,cvc,,BASTIA,,2B,,,,,,,,,,,,,,,,,,,,,,,,,,,,,,,345129449,34512944900020,43.22B,,,,,,,,,,,sirene,
CORSE INSTALLATION,,,a contacter,,,,,,,,,,,,cvc,,AJACCIO,,2A,,,,,,,,,,,,,,,,,,,,,,,,,,,,,,,439505785,43950578500022,43.22B,,,,,,,,,,,sirene,
CORSE TRAVAUX GAZ,,,a contacter,,,,,,,,,,,,cvc,,BIGUGLIA,,2B,,,,,,,,,,,,,,,,,,,,,,,,,,,,,,,509712287,50971228700028,43.22A,,,,,,,,,,,sirene,
CORSISO,,,a contacter,,,,,,,,,,,,cvc,,AJACCIO,,2A,,,,,,,,,,,,,,,,,,,,,,,,,,,,,,,820018125,82001812500022,43.29A,,,,,,,,,,,sirene,
COSI HOME ENERGY,,,a contacter,,,,,,,,,,,,cvc,,RIORGES,,42,,,,,,,,,,,,,,,,,,,,,,,,,,,,,,,832610315,83261031500018,43.29A,,,,,,,,,,,sirene,
COSKUN,,,a contacter,,,,,,,,,,,,cvc,,WISSEMBOURG,,67,,,,,,,,,,,,,,,,,,,,,,,,,,,,,,,828191163,82819116300017,43.29A,,,,,,,,,,,sirene,
COSSENET EDDY,,,a contacter,,,,,,,,,,,,cvc,,SAINT-MEMMIE,,51,,,,,,,,,,,,,,,,,,,,,,,,,,,,,,,515075356,51507535600029,43.22A,,,,,,,,,,,sirene,
COSTA SA,,,a contacter,,,,,,,,,,,,cvc,,CRETEIL,,94,,,,,,,,,,,,,,,,,,,,,,,,,,,,,,,785693938,78569393800017,43.22B,,,,,,,,,,,sirene,
COSY ECO,,,a contacter,,,,,,,,,,,,cvc,,OUGES,,21,,,,,,,,,,,,,,,,,,,,,,,,,,,,,,,523213908,52321390800040,43.22B,,,,,,,,,,,sirene,
COTE CLIM,,,a contacter,,,,,,,,,,,,cvc,,SAINT-DENIS,,93,,,,,,,,,,,,,,,,,,,,,,,,,,,,,,,452359599,45235959900019,43.22B,,,,,,,,,,,sirene,
COTENTIN ENERGIE  INDUSTRIE,,,a contacter,,,,,,,,,,,,cvc,,CHERBOURG-EN-COTENTIN,,50,,,,,,,,,,,,,,,,,,,,,,,,,,,,,,,752469882,75246988200027,43.22A,,,,,,,,,,,sirene,
COURANT NATUREL,,,a contacter,,,,,,,,,,,,cvc,,SOUAL,,81,,,,,,,,,,,,,,,,,,,,,,,,,,,,,,,500604756,50060475600048,43.22B,,,,,,,,,,,sirene,
COURCIER ARS,,,a contacter,,,,,,,,,,,,cvc,,ARS-EN-RE,,17,,,,,,,,,,,,,,,,,,,,,,,,,,,,,,,450087390,45008739000016,43.22A,,,,,,,,,,,sirene,
COURTET PIGNOLY,,,a contacter,,,,,,,,,,,,cvc,,LA TESTE-DE-BUCH,,33,,,,,,,,,,,,,,,,,,,,,,,,,,,,,,,513715235,51371523500026,43.22A,,,,,,,,,,,sirene,
COURTIN,,,a contacter,,,,,,,,,,,,cvc,,BRETTEVILLE-SUR-ODON,,14,,,,,,,,,,,,,,,,,,,,,,,,,,,,,,,421287764,42128776400011,43.22A,,,,,,,,,,,sirene,
COURTIN,,,a contacter,,,,,,,,,,,,cvc,,MAUBEUGE,,59,,,,,,,,,,,,,,,,,,,,,,,,,,,,,,,417501228,41750122800049,43.22B,,,,,,,,,,,sirene,
COUVERSTYL,,,a contacter,,,,,,,,,,,,cvc,,PARIS,,75,,,,,,,,,,,,,,,,,,,,,,,,,,,,,,,352112908,35211290800020,43.22A,,,,,,,,,,,sirene,
COUVERTURE METALLERIE BARDAGE,,,a contacter,,,,,,,,,,,,cvc,,ROANNE,,42,,,,,,,,,,,,,,,,,,,,,,,,,,,,,,,894400332,89440033200017,43.29A,,,,,,,,,,,sirene,
COUVERTURE PLOMBERIE SAINT GERMAIN,,,a contacter,,,,,,,,,,,,cvc,,PARIS,,75,,,,,,,,,,,,,,,,,,,,,,,,,,,,,,,351222179,35122217900019,43.22A,,,,,,,,,,,sirene,
CP ETOILE,,,a contacter,,,,,,,,,,,,cvc,,PARIS,,75,,,,,,,,,,,,,,,,,,,,,,,,,,,,,,,429529811,42952981100011,43.22A,,,,,,,,,,,sirene,
CP INSTALL,,,a contacter,,,,,,,,,,,,cvc,,CASTELCULIER,,47,,,,,,,,,,,,,,,,,,,,,,,,,,,,,,,792655052,79265505200027,43.29A,,,,,,,,,,,sirene,
CPC CONCEPT,,,a contacter,,,,,,,,,,,,cvc,,COMPANS,,77,,,,,,,,,,,,,,,,,,,,,,,,,,,,,,,814875316,81487531600022,43.22A,,,,,,,,,,,sirene,
CPC ENERGIE,,,a contacter,,,,,,,,,,,,cvc,,VAISON-LA-ROMAINE,,84,,,,,,,,,,,,,,,,,,,,,,,,,,,,,,,423606193,42360619300021,43.22A,,,,,,,,,,,sirene,
CPC78,,,a contacter,,,,,,,,,,,,cvc,,MAREIL-LE-GUYON,,78,,,,,,,,,,,,,,,,,,,,,,,,,,,,,,,453801722,45380172200043,43.22A,,,,,,,,,,,sirene,
CPIC,,,a contacter,,,,,,,,,,,,cvc,,ARCUEIL,,94,,,,,,,,,,,,,,,,,,,,,,,,,,,,,,,391516689,39151668900034,43.22A,,,,,,,,,,,sirene,
CPL BATIMENT,,,a contacter,,,,,,,,,,,,cvc,,CLICHY,,92,,,,,,,,,,,,,,,,,,,,,,,,,,,,,,,388332256,38833225600071,43.22A,,,,,,,,,,,sirene,
CPZ,,,a contacter,,,,,,,,,,,,cvc,,CAVAILLON,,84,,,,,,,,,,,,,,,,,,,,,,,,,,,,,,,830347829,83034782900012,43.22A,,,,,,,,,,,sirene,
CR CLIM,,,a contacter,,,,,,,,,,,,cvc,,TREMBLAY-EN-FRANCE,,93,,,,,,,,,,,,,,,,,,,,,,,,,,,,,,,453457970,45345797000011,43.22B,,,,,,,,,,,sirene,
CR2P,,,a contacter,,,,,,,,,,,,cvc,,SAINT-PAUL-LES-DAX,,40,,,,,,,,,,,,,,,,,,,,,,,,,,,,,,,890528110,89052811000012,43.22B,,,,,,,,,,,sirene,
CRAC CLIMA RHONE ALPES CONCEPT,,,a contacter,,,,,,,,,,,,cvc,,BRIGNAIS,,69,,,,,,,,,,,,,,,,,,,,,,,,,,,,,,,421828666,42182866600030,43.22B,,,,,,,,,,,sirene,
CRASNIER SEBASTIEN,,,a contacter,,,,,,,,,,,,cvc,,FENEU,,49,,,,,,,,,,,,,,,,,,,,,,,,,,,,,,,489217646,48921764600038,43.22A,,,,,,,,,,,sirene,
CREO ATELIER,,,a contacter,,,,,,,,,,,,cvc,,ANGERVILLE,,91,,,,,,,,,,,,,,,,,,,,,,,,,,,,,,,922099726,92209972600023,43.22B,,,,,,,,,,,sirene,
CREO FRANCE,,,a contacter,,,,,,,,,,,,cvc,,ILLKIRCH-GRAFFENSTADEN,,67,,,,,,,,,,,,,,,,,,,,,,,,,,,,,,,793685074,79368507400023,43.22B,,,,,,,,,,,sirene,
CREPIS FACADE CONSTRUCTION,,,a contacter,,,,,,,,,,,,cvc,,RUELLE-SUR-TOUVRE,,16,,,,,,,,,,,,,,,,,,,,,,,,,,,,,,,342526019,34252601900027,43.29A,,,,,,,,,,,sirene,
CRFM,,,a contacter,,,,,,,,,,,,cvc,,BRUGES,,33,,,,,,,,,,,,,,,,,,,,,,,,,,,,,,,809445950,80944595000052,43.29A,,,,,,,,,,,sirene,
CRISTAL AIR,,,a contacter,,,,,,,,,,,,cvc,,MONTEVRAIN,,77,,,,,,,,,,,,,,,,,,,,,,,,,,,,,,,510306772,51030677200037,43.22B,,,,,,,,,,,sirene,
CROS THERMIQUE,,,a contacter,,,,,,,,,,,,cvc,,SAINT-SYMPHORIEN-D'OZON,,69,,,,,,,,,,,,,,,,,,,,,,,,,,,,,,,752014522,75201452200029,43.22B,,,,,,,,,,,sirene,
CROZE,,,a contacter,,,,,,,,,,,,cvc,,BRIVES-CHARENSAC,,43,,,,,,,,,,,,,,,,,,,,,,,,,,,,,,,340902352,34090235200020,43.22B,,,,,,,,,,,sirene,
CRUSSON,,,a contacter,,,,,,,,,,,,cvc,,SAINT-LYPHARD,,44,,,,,,,,,,,,,,,,,,,,,,,,,,,,,,,905257697,90525769700029,43.22A,,,,,,,,,,,sirene,
CRYOFLUIDE 2,,,a contacter,,,,,,,,,,,,cvc,,BRECE,,35,,,,,,,,,,,,,,,,,,,,,,,,,,,,,,,913344529,91334452900015,43.22B,,,,,,,,,,,sirene,
CRYSTAL SERVICES,,,a contacter,,,,,,,,,,,,cvc,,CHOISY-LE-ROI,,94,,,,,,,,,,,,,,,,,,,,,,,,,,,,,,,334068723,33406872300041,43.22A,,,,,,,,,,,sirene,
CS3 PLOMBERIE,,,a contacter,,,,,,,,,,,,cvc,,GOUSSAINVILLE,,95,,,,,,,,,,,,,,,,,,,,,,,,,,,,,,,821285152,82128515200020,43.22A,,,,,,,,,,,sirene,
CSEI,,,a contacter,,,,,,,,,,,,cvc,,LE VERSOUD,,38,,,,,,,,,,,,,,,,,,,,,,,,,,,,,,,494138704,49413870400023,43.22A,,,,,,,,,,,sirene,
CST MARQUES,,,a contacter,,,,,,,,,,,,cvc,,SAINT-ETIENNE,,42,,,,,,,,,,,,,,,,,,,,,,,,,,,,,,,487674814,48767481400024,43.22A,,,,,,,,,,,sirene,
CTA,,,a contacter,,,,,,,,,,,,cvc,,CADAUJAC,,33,,,,,,,,,,,,,,,,,,,,,,,,,,,,,,,848137196,84813719600012,43.29A,,,,,,,,,,,sirene,
CTBG ENERGY PERFORMANCE,,,a contacter,,,,,,,,,,,,cvc,,NOISY-LE-SEC,,93,,,,,,,,,,,,,,,,,,,,,,,,,,,,,,,533019014,53301901400034,43.29A,,,,,,,,,,,sirene,
CTBG HOME RENOV,,,a contacter,,,,,,,,,,,,cvc,,GRIGNY,,91,,,,,,,,,,,,,,,,,,,,,,,,,,,,,,,504382623,50438262300024,43.29A,,,,,,,,,,,sirene,
CTF ISOLATION,,,a contacter,,,,,,,,,,,,cvc,,CHANTELOUP-EN-BRIE,,77,,,,,,,,,,,,,,,,,,,,,,,,,,,,,,,387873318,38787331800027,43.29A,,,,,,,,,,,sirene,
CTI BATIMENT,,,a contacter,,,,,,,,,,,,cvc,,PARIS,,75,,,,,,,,,,,,,,,,,,,,,,,,,,,,,,,749952784,74995278400017,43.22A,,,,,,,,,,,sirene,
CUENOT ENERGIES,,,a contacter,,,,,,,,,,,,cvc,,LEVIER,,25,,,,,,,,,,,,,,,,,,,,,,,,,,,,,,,382021517,38202151700026,43.22A,,,,,,,,,,,sirene,
CV CLIM,,,a contacter,,,,,,,,,,,,cvc,,LA MEZIERE,,35,,,,,,,,,,,,,,,,,,,,,,,,,,,,,,,498492404,49849240400021,43.22B,,,,,,,,,,,sirene,
CVC EVOLUTION,,,a contacter,,,,,,,,,,,,cvc,,PARIS,,75,,,,,,,,,,,,,,,,,,,,,,,,,,,,,,,980020770,98002077000015,43.22A,,,,,,,,,,,sirene,
CVC GROUP,,,a contacter,,,,,,,,,,,,cvc,,MAUGUIO,,34,,,,,,,,,,,,,,,,,,,,,,,,,,,,,,,537806788,53780678800023,43.22B,,,,,,,,,,,sirene,
CVC SOLUTIONS,,,a contacter,,,,,,,,,,,,cvc,,FLOIRAC,,33,,,,,,,,,,,,,,,,,,,,,,,,,,,,,,,841508880,84150888000041,43.22B,,,,,,,,,,,sirene,
CVCA ENERGIES,,,a contacter,,,,,,,,,,,,cvc,,ARLEUX,,59,,,,,,,,,,,,,,,,,,,,,,,,,,,,,,,804492544,80449254400023,43.22B,,,,,,,,,,,sirene,
CVCI,,,a contacter,,,,,,,,,,,,cvc,,ALLAUCH,,13,,,,,,,,,,,,,,,,,,,,,,,,,,,,,,,823875000,82387500000056,43.22B,,,,,,,,,,,sirene,
CVISO BAT,,,a contacter,,,,,,,,,,,,cvc,,ALFORTVILLE,,94,,,,,,,,,,,,,,,,,,,,,,,,,,,,,,,881690655,88169065500033,43.22B,,,,,,,,,,,sirene,
CWG PLOMBERIE,,,a contacter,,,,,,,,,,,,cvc,,TOULOUSE,,31,,,,,,,,,,,,,,,,,,,,,,,,,,,,,,,804906139,80490613900022,43.22A,,,,,,,,,,,sirene,
D E P S,,,a contacter,,,,,,,,,,,,cvc,,ROUEN,,76,,,,,,,,,,,,,,,,,,,,,,,,,,,,,,,509534772,50953477200033,43.22A,,,,,,,,,,,sirene,
D GAZ RENOVATION,,,a contacter,,,,,,,,,,,,cvc,,BAGNOLET,,93,,,,,,,,,,,,,,,,,,,,,,,,,,,,,,,823247002,82324700200020,43.22A,,,,,,,,,,,sirene,
D.B.P.,,,a contacter,,,,,,,,,,,,cvc,,PARIS,,75,,,,,,,,,,,,,,,,,,,,,,,,,,,,,,,494580095,49458009500037,43.22A,,,,,,,,,,,sirene,
D.C.F ISOLATION,,,a contacter,,,,,,,,,,,,cvc,,ABLON-SUR-SEINE,,94,,,,,,,,,,,,,,,,,,,,,,,,,,,,,,,403562838,40356283800017,43.29A,,,,,,,,,,,sirene,
D.E.P.C.,,,a contacter,,,,,,,,,,,,cvc,,TRELAZE,,49,,,,,,,,,,,,,,,,,,,,,,,,,,,,,,,443622881,44362288100037,43.22A,,,,,,,,,,,sirene,
D.E.S -DROME ELECTRICITE SERVICES,,,a contacter,,,,,,,,,,,,cvc,,ROMANS-SUR-ISERE,,26,,,,,,,,,,,,,,,,,,,,,,,,,,,,,,,517811709,51781170900016,43.22B,,,,,,,,,,,sirene,
DAGAND,,,a contacter,,,,,,,,,,,,cvc,,RUMILLY,,74,,,,,,,,,,,,,,,,,,,,,,,,,,,,,,,310360482,31036048200023,43.22A,,,,,,,,,,,sirene,
DAGNICOURT ETS,,,a contacter,,,,,,,,,,,,cvc,,GASNY,,27,,,,,,,,,,,,,,,,,,,,,,,,,,,,,,,442982724,44298272400027,43.22A,,,,,,,,,,,sirene,
DAMARPOL SARL,,,a contacter,,,,,,,,,,,,cvc,,AULNAY-SOUS-BOIS,,93,,,,,,,,,,,,,,,,,,,,,,,,,,,,,,,842863177,84286317700023,43.22A,,,,,,,,,,,sirene,
DAMOTTE GENIE CLIMATIQUE,,,a contacter,,,,,,,,,,,,cvc,,CHEVIGNY-SAINT-SAUVEUR,,21,,,,,,,,,,,,,,,,,,,,,,,,,,,,,,,801901893,80190189300058,43.22B,,,,,,,,,,,sirene,
DANIEL REMENANT,,,a contacter,,,,,,,,,,,,cvc,,SAINT-DIZIER,,52,,,,,,,,,,,,,,,,,,,,,,,,,,,,,,,494021876,49402187600011,43.22A,,,,,,,,,,,sirene,
DANIEL ROBERT,,,a contacter,,,,,,,,,,,,cvc,,IGNY,,91,,,,,,,,,,,,,,,,,,,,,,,,,,,,,,,410967947,41096794700020,43.22A,,,,,,,,,,,sirene,
DAO-THOLOZAN ENTREPRENEURS,,,a contacter,,,,,,,,,,,,cvc,,COURBEVOIE,,92,,,,,,,,,,,,,,,,,,,,,,,,,,,,,,,379790579,37979057900021,43.22A,,,,,,,,,,,sirene,
DARGENT THERMIQUE,,,a contacter,,,,,,,,,,,,cvc,,ST JEAN DE BRAYE,,45,,,,,,,,,,,,,,,,,,,,,,,,,,,,,,,323765404,32376540400021,43.22B,,,,,,,,,,,sirene,
DAUPHINE GAZ,,,a contacter,,,,,,,,,,,,cvc,,SAINT-JEAN-DE-MOIRANS,,38,,,,,,,,,,,,,,,,,,,,,,,,,,,,,,,316501220,31650122000032,43.22B,,,,,,,,,,,sirene,
DAUPHINE ISOLATION GAINES,,,a contacter,,,,,,,,,,,,cvc,,RILLIEUX-LA-PAPE,,69,,,,,,,,,,,,,,,,,,,,,,,,,,,,,,,451529101,45152910100052,43.22B,,,,,,,,,,,sirene,
DAUPHINE ISOLATION PROJECTION,,,a contacter,,,,,,,,,,,,cvc,,RILLIEUX-LA-PAPE,,69,,,,,,,,,,,,,,,,,,,,,,,,,,,,,,,421346891,42134689100102,43.29A,,,,,,,,,,,sirene,
DAVY,,,a contacter,,,,,,,,,,,,cvc,,PLEURTUIT,,35,,,,,,,,,,,,,,,,,,,,,,,,,,,,,,,447625393,44762539300015,43.22B,,,,,,,,,,,sirene,
DAYCLIM,,,a contacter,,,,,,,,,,,,cvc,,AULNAY-SOUS-BOIS,,93,,,,,,,,,,,,,,,,,,,,,,,,,,,,,,,750395329,75039532900022,43.22B,,,,,,,,,,,sirene,
DB MAINTENANCE,,,a contacter,,,,,,,,,,,,cvc,,MONTIGNY-LES-METZ,,57,,,,,,,,,,,,,,,,,,,,,,,,,,,,,,,837602861,83760286100010,43.22B,,,,,,,,,,,sirene,
DE LIMA ISO DEVELOPPEMENT,,,a contacter,,,,,,,,,,,,cvc,,BRUGUIERES,,31,,,,,,,,,,,,,,,,,,,,,,,,,,,,,,,808721336,80872133600028,43.29A,,,,,,,,,,,sirene,
DEAL - ECO,,,a contacter,,,,,,,,,,,,cvc,,DOMPIERRE-SUR-MER,,17,,,,,,,,,,,,,,,,,,,,,,,,,,,,,,,798693255,79869325500050,43.22B,,,,,,,,,,,sirene,
DEBEAUPTE ET FILS,,,a contacter,,,,,,,,,,,,cvc,,LIMOGES,,87,,,,,,,,,,,,,,,,,,,,,,,,,,,,,,,525030714,52503071400022,43.22A,,,,,,,,,,,sirene,
DEBIN CHAUFFAGE ET ASSOCIES,,,a contacter,,,,,,,,,,,,cvc,,NEUVILLE-DE-POITOU,,86,,,,,,,,,,,,,,,,,,,,,,,,,,,,,,,522731538,52273153800024,43.22A,,,,,,,,,,,sirene,
DECEO,,,a contacter,,,,,,,,,,,,cvc,,PISCOP,,95,,,,,,,,,,,,,,,,,,,,,,,,,,,,,,,530965334,53096533400036,43.22A,,,,,,,,,,,sirene,
DECHAMBRE,,,a contacter,,,,,,,,,,,,cvc,,DOUCHY-MONTCORBON,,45,,,,,,,,,,,,,,,,,,,,,,,,,,,,,,,837150010,83715001000010,43.22B,,,,,,,,,,,sirene,
DECIBEL FRANCE,,,a contacter,,,,,,,,,,,,cvc,,MIRIBEL,,01,,,,,,,,,,,,,,,,,,,,,,,,,,,,,,,418676847,41867684700027,43.29A,,,,,,,,,,,sirene,
DECLIC FIRE SYSTEM,,,a contacter,,,,,,,,,,,,cvc,,TOULOUSE,,31,,,,,,,,,,,,,,,,,,,,,,,,,,,,,,,524632676,52463267600036,43.22A,,,,,,,,,,,sirene,
DECO PARIS,,,a contacter,,,,,,,,,,,,cvc,,CREIL,,60,,,,,,,,,,,,,,,,,,,,,,,,,,,,,,,751162033,75116203300060,43.29A,,,,,,,,,,,sirene,
DECOFOR,,,a contacter,,,,,,,,,,,,cvc,,NANTERRE,,92,,,,,,,,,,,,,,,,,,,,,,,,,,,,,,,729809657,72980965700038,43.22A,,,,,,,,,,,sirene,
DECOPEINT,,,a contacter,,,,,,,,,,,,cvc,,KILSTETT,,67,,,,,,,,,,,,,,,,,,,,,,,,,,,,,,,708501127,70850112700052,43.29A,,,,,,,,,,,sirene,
DECOR ISOLATION,,,a contacter,,,,,,,,,,,,cvc,,CHELLES,,77,,,,,,,,,,,,,,,,,,,,,,,,,,,,,,,384782181,38478218100042,43.29A,,,,,,,,,,,sirene,
DEGRE CELSIUS,,,a contacter,,,,,,,,,,,,cvc,,PISCOP,,95,,,,,,,,,,,,,,,,,,,,,,,,,,,,,,,489800680,48980068000055,43.22B,,,,,,,,,,,sirene,
DEGRE CONFORT,,,a contacter,,,,,,,,,,,,cvc,,VERTOU,,44,,,,,,,,,,,,,,,,,,,,,,,,,,,,,,,493759427,49375942700047,43.22B,,,,,,,,,,,sirene,
DEGRISOL ILE DE FRANCE,,,a contacter,,,,,,,,,,,,cvc,,CHOISY-LE-ROI,,94,,,,,,,,,,,,,,,,,,,,,,,,,,,,,,,423718030,42371803000020,43.29A,,,,,,,,,,,sirene,
DEJARDIN BRUNO,,,a contacter,,,,,,,,,,,,cvc,,BAYONVILLERS,,80,,,,,,,,,,,,,,,,,,,,,,,,,,,,,,,819176108,81917610800010,43.22A,,,,,,,,,,,sirene,
DELABOUDINIERE,,,a contacter,,,,,,,,,,,,cvc,,LE MANS,,72,,,,,,,,,,,,,,,,,,,,,,,,,,,,,,,331357723,33135772300039,43.22B,,,,,,,,,,,sirene,
DELACOMMUNE ET DUMONT,,,a contacter,,,,,,,,,,,,cvc,,CHILLY-MAZARIN,,91,,,,,,,,,,,,,,,,,,,,,,,,,,,,,,,410301493,41030149300012,43.22A,,,,,,,,,,,sirene,
DELAGARDE COMPAGNONS FACADIERS,,,a contacter,,,,,,,,,,,,cvc,,AIX-EN-PROVENCE,,13,,,,,,,,,,,,,,,,,,,,,,,,,,,,,,,400023172,40002317200069,43.29A,,,,,,,,,,,sirene,
DELALANDE RETHORE,,,a contacter,,,,,,,,,,,,cvc,,LONGUE-JUMELLES,,49,,,,,,,,,,,,,,,,,,,,,,,,,,,,,,,454038373,45403837300022,43.22A,,,,,,,,,,,sirene,
DELALONDE SEBASTIEN,,,a contacter,,,,,,,,,,,,cvc,,PONTMAIN,,53,,,,,,,,,,,,,,,,,,,,,,,,,,,,,,,522285519,52228551900016,43.22A,,,,,,,,,,,sirene,
DELAMOTTE,,,a contacter,,,,,,,,,,,,cvc,,SAINT-LEONARD,,76,,,,,,,,,,,,,,,,,,,,,,,,,,,,,,,352773337,35277333700048,43.22B,,,,,,,,,,,sirene,
DELANNOY DEWAILLY ENTREPRISE,,,a contacter,,,,,,,,,,,,cvc,,ARMENTIERES,,59,,,,,,,,,,,,,,,,,,,,,,,,,,,,,,,389313255,38931325500017,43.22B,,,,,,,,,,,sirene,
DELANNOY DEWAILLY MAINTENANCE,,,a contacter,,,,,,,,,,,,cvc,,ARMENTIERES,,59,,,,,,,,,,,,,,,,,,,,,,,,,,,,,,,389492786,38949278600014,43.22B,,,,,,,,,,,sirene,
DELAUNAY SAS,,,a contacter,,,,,,,,,,,,cvc,,VILLERS-SAINT-SEPULCRE,,60,,,,,,,,,,,,,,,,,,,,,,,,,,,,,,,305118945,30511894500016,43.29A,,,,,,,,,,,sirene,
DELCAMBRE,,,a contacter,,,,,,,,,,,,cvc,,SAINT-SORNIN-LAVOLPS,,19,,,,,,,,,,,,,,,,,,,,,,,,,,,,,,,409707270,40970727000024,43.22B,,,,,,,,,,,sirene,
DELCAMBRE ET SUCCESSEURS,,,a contacter,,,,,,,,,,,,cvc,,OBJAT,,19,,,,,,,,,,,,,,,,,,,,,,,,,,,,,,,418148060,41814806000043,43.22B,,,,,,,,,,,sirene,
DELOSTAL ET THIBAULT,,,a contacter,,,,,,,,,,,,cvc,,COURBEVOIE,,92,,,,,,,,,,,,,,,,,,,,,,,,,,,,,,,324718915,32471891500055,43.22B,,,,,,,,,,,sirene,
DELTA CLIM,,,a contacter,,,,,,,,,,,,cvc,,FONTAINE,,38,,,,,,,,,,,,,,,,,,,,,,,,,,,,,,,415302272,41530227200034,43.22B,,,,,,,,,,,sirene,
DELTA CLIMAX,,,a contacter,,,,,,,,,,,,cvc,,IVRY-SUR-SEINE,,94,,,,,,,,,,,,,,,,,,,,,,,,,,,,,,,420481301,42048130100026,43.22B,,,,,,,,,,,sirene,
DELTA ENERGIE,,,a contacter,,,,,,,,,,,,cvc,,ENNERY,,95,,,,,,,,,,,,,,,,,,,,,,,,,,,,,,,844477984,84447798400034,43.22A,,,,,,,,,,,sirene,
DELTA INSTAL,,,a contacter,,,,,,,,,,,,cvc,,VERRIERES-LE-BUISSON,,91,,,,,,,,,,,,,,,,,,,,,,,,,,,,,,,818687634,81868763400035,43.22A,,,,,,,,,,,sirene,
DELTA RENOVE,,,a contacter,,,,,,,,,,,,cvc,,BONDY,,93,,,,,,,,,,,,,,,,,,,,,,,,,,,,,,,800389645,80038964500014,43.22A,,,,,,,,,,,sirene,
DELTA TECHNIQUE,,,a contacter,,,,,,,,,,,,cvc,,CAGNES-SUR-MER,,06,,,,,,,,,,,,,,,,,,,,,,,,,,,,,,,885361675,88536167500014,43.22B,,,,,,,,,,,sirene,
DELTA. TECH BY INDEPELEC,,,a contacter,,,,,,,,,,,,cvc,,EPREVILLE,,76,,,,,,,,,,,,,,,,,,,,,,,,,,,,,,,382410074,38241007400043,43.22B,,,,,,,,,,,sirene,
DELTAKLIMA,,,a contacter,,,,,,,,,,,,cvc,,GRAND-COURONNE,,76,,,,,,,,,,,,,,,,,,,,,,,,,,,,,,,879706752,87970675200026,43.22B,,,,,,,,,,,sirene,
DEMIREL,,,a contacter,,,,,,,,,,,,cvc,,SAINT-ETIENNE-LES-REMIREMONT,,88,,,,,,,,,,,,,,,,,,,,,,,,,,,,,,,829440304,82944030400022,43.29A,,,,,,,,,,,sirene,
DEMOULIN PLOMBERIE,,,a contacter,,,,,,,,,,,,cvc,,MONTPELLIER,,34,,,,,,,,,,,,,,,,,,,,,,,,,,,,,,,812931517,81293151700039,43.22A,,,,,,,,,,,sirene,
DENERGIE,,,a contacter,,,,,,,,,,,,cvc,,CORBAS,,69,,,,,,,,,,,,,,,,,,,,,,,,,,,,,,,522241132,52224113200037,43.22B,,,,,,,,,,,sirene,
DENIS COLIN,,,a contacter,,,,,,,,,,,,cvc,,LONGUEIL-ANNEL,,60,,,,,,,,,,,,,,,,,,,,,,,,,,,,,,,893197236,89319723600019,43.22A,,,,,,,,,,,sirene,
DENIS ROUSIER,,,a contacter,,,,,,,,,,,,cvc,,LHOMME,,72,,,,,,,,,,,,,,,,,,,,,,,,,,,,,,,511133597,51113359700027,43.22A,,,,,,,,,,,sirene,
DEPAN'CHAUFFAGE SERVICE,,,a contacter,,,,,,,,,,,,cvc,,VILLIERS-SUR-ORGE,,91,,,,,,,,,,,,,,,,,,,,,,,,,,,,,,,334416211,33441621100046,43.22B,,,,,,,,,,,sirene,
DEPAN'GAZ SANIT,,,a contacter,,,,,,,,,,,,cvc,,MONTELIMAR,,26,,,,,,,,,,,,,,,,,,,,,,,,,,,,,,,320485469,32048546900029,43.22B,,,,,,,,,,,sirene,
DEPANN AIX PRESS,,,a contacter,,,,,,,,,,,,cvc,,AIX-EN-PROVENCE,,13,,,,,,,,,,,,,,,,,,,,,,,,,,,,,,,830101945,83010194500020,43.22B,,,,,,,,,,,sirene,
DEPANN'GAZ - THERM'OPALE,,,a contacter,,,,,,,,,,,,cvc,,CARVIN,,62,,,,,,,,,,,,,,,,,,,,,,,,,,,,,,,319099453,31909945300049,43.22B,,,,,,,,,,,sirene,
DEPANN'OUEST,,,a contacter,,,,,,,,,,,,cvc,,SAINTE-LUCE-SUR-LOIRE,,44,,,,,,,,,,,,,,,,,,,,,,,,,,,,,,,498533066,49853306600029,43.22A,,,,,,,,,,,sirene,
DEPANNAGE,,,a contacter,,,,,,,,,,,,cvc,,CAVALAIRE-SUR-MER,,83,,,,,,,,,,,,,,,,,,,,,,,,,,,,,,,453727232,45372723200010,43.22A,,,,,,,,,,,sirene,
DEPANNAGE DAVID,,,a contacter,,,,,,,,,,,,cvc,,REICHSTETT,,67,,,,,,,,,,,,,,,,,,,,,,,,,,,,,,,529089534,52908953400026,43.22A,,,,,,,,,,,sirene,
DEPANNAGE GAZ,,,a contacter,,,,,,,,,,,,cvc,,BOULAZAC ISLE MANOIRE,,24,,,,,,,,,,,,,,,,,,,,,,,,,,,,,,,509452884,50945288400018,43.22A,,,,,,,,,,,sirene,
DEPANNAGES FRIGORISTES,,,a contacter,,,,,,,,,,,,cvc,,MORSANG-SUR-ORGE,,91,,,,,,,,,,,,,,,,,,,,,,,,,,,,,,,831699178,83169917800032,43.22B,,,,,,,,,,,sirene,
DEPANNAGES INSTALLATIONS SERVICES,,,a contacter,,,,,,,,,,,,cvc,,GRADIGNAN,,33,,,,,,,,,,,,,,,,,,,,,,,,,,,,,,,513092445,51309244500016,43.22A,,,,,,,,,,,sirene,
DEPERIERS CATHERINE,,,a contacter,,,,,,,,,,,,cvc,,MARIGNY-LE-LOZON,,50,,,,,,,,,,,,,,,,,,,,,,,,,,,,,,,482755873,48275587300015,43.22A,,,,,,,,,,,sirene,
DEPS,,,a contacter,,,,,,,,,,,,cvc,,CHATEAURENARD,,13,,,,,,,,,,,,,,,,,,,,,,,,,,,,,,,398281063,39828106300048,43.22A,,,,,,,,,,,sirene,
DERICHEBOURG ENERGIE,,,a contacter,,,,,,,,,,,,cvc,,CRETEIL,,94,,,,,,,,,,,,,,,,,,,,,,,,,,,,,,,325539609,32553960900108,43.22B,,,,,,,,,,,sirene,
DERUME ET FILS,,,a contacter,,,,,,,,,,,,cvc,,ABBEVILLE,,80,,,,,,,,,,,,,,,,,,,,,,,,,,,,,,,893680413,89368041300018,43.22A,,,,,,,,,,,sirene,
DESBARBIEUX VALENGREEN,,,a contacter,,,,,,,,,,,,cvc,,SAULTAIN,,59,,,,,,,,,,,,,,,,,,,,,,,,,,,,,,,900354226,90035422600020,43.22B,,,,,,,,,,,sirene,
DESCANTES,,,a contacter,,,,,,,,,,,,cvc,,MORET-LOING-ET-ORVANNE,,77,,,,,,,,,,,,,,,,,,,,,,,,,,,,,,,305009490,30500949000023,43.22A,,,,,,,,,,,sirene,
DESCHAMPS ABEL,,,a contacter,,,,,,,,,,,,cvc,,GUERET,,23,,,,,,,,,,,,,,,,,,,,,,,,,,,,,,,379669682,37966968200013,43.22B,,,,,,,,,,,sirene,
DESCHAMPS PERE ET FILS,,,a contacter,,,,,,,,,,,,cvc,,SANCE,,71,,,,,,,,,,,,,,,,,,,,,,,,,,,,,,,323649210,32364921000024,43.22B,,,,,,,,,,,sirene,
DESCHINKEL,,,a contacter,,,,,,,,,,,,cvc,,LAMBERSART,,59,,,,,,,,,,,,,,,,,,,,,,,,,,,,,,,511446148,51144614800013,43.22B,,,,,,,,,,,sirene,
DESENFUM,,,a contacter,,,,,,,,,,,,cvc,,STAINS,,93,,,,,,,,,,,,,,,,,,,,,,,,,,,,,,,453314718,45331471800066,43.22B,,,,,,,,,,,sirene,
DESENFUM'EST,,,a contacter,,,,,,,,,,,,cvc,,NIEDERHAUSBERGEN,,67,,,,,,,,,,,,,,,,,,,,,,,,,,,,,,,433703220,43370322000031,43.22B,,,,,,,,,,,sirene,
DESIGN WORKS SERVICES,,,a contacter,,,,,,,,,,,,cvc,,ROUSSET,,13,,,,,,,,,,,,,,,,,,,,,,,,,,,,,,,878398114,87839811400040,43.22B,,,,,,,,,,,sirene,
DESPRETZ SARL,,,a contacter,,,,,,,,,,,,cvc,,BEAUGENCY,,45,,,,,,,,,,,,,,,,,,,,,,,,,,,,,,,480200252,48020025200025,43.22A,,,,,,,,,,,sirene,
DESRIAC SOCIETE,,,a contacter,,,,,,,,,,,,cvc,,CAULNES,,22,,,,,,,,,,,,,,,,,,,,,,,,,,,,,,,027250174,02725017400029,43.22A,,,,,,,,,,,sirene,
DESRUES - GUINARD ET ASSOCIES,,,a contacter,,,,,,,,,,,,cvc,,SAINT-MALO,,35,,,,,,,,,,,,,,,,,,,,,,,,,,,,,,,423343912,42334391200048,43.22A,,,,,,,,,,,sirene,
DETAM,,,a contacter,,,,,,,,,,,,cvc,,NIEPPE,,59,,,,,,,,,,,,,,,,,,,,,,,,,,,,,,,399842723,39984272300088,43.29A,,,,,,,,,,,sirene,
DEVILLOISE DE CHAUFFAGE,,,a contacter,,,,,,,,,,,,cvc,,MAROMME,,76,,,,,,,,,,,,,,,,,,,,,,,,,,,,,,,395280274,39528027400030,43.22A,,,,,,,,,,,sirene,
DG CONSTRUCTION,,,a contacter,,,,,,,,,,,,cvc,,MONTGERON,,91,,,,,,,,,,,,,,,,,,,,,,,,,,,,,,,831178363,83117836300022,43.29A,,,,,,,,,,,sirene,
DG PLOMBERIE,,,a contacter,,,,,,,,,,,,cvc,,LA GUERCHE-DE-BRETAGNE,,35,,,,,,,,,,,,,,,,,,,,,,,,,,,,,,,810769075,81076907500039,43.22A,,,,,,,,,,,sirene,
DG SANITAIRE CHAUFFAGE,,,a contacter,,,,,,,,,,,,cvc,,ROUVROY,,62,,,,,,,,,,,,,,,,,,,,,,,,,,,,,,,841910565,84191056500024,43.22B,,,,,,,,,,,sirene,
DH ENERGIE,,,a contacter,,,,,,,,,,,,cvc,,PARIS,,75,,,,,,,,,,,,,,,,,,,,,,,,,,,,,,,850186388,85018638800029,43.22B,,,,,,,,,,,sirene,
DI GIUSTO SAS,,,a contacter,,,,,,,,,,,,cvc,,MULHOUSE,,68,,,,,,,,,,,,,,,,,,,,,,,,,,,,,,,351583463,35158346300028,43.22B,,,,,,,,,,,sirene,
DIASCLIM,,,a contacter,,,,,,,,,,,,cvc,,TOULOUSE,,31,,,,,,,,,,,,,,,,,,,,,,,,,,,,,,,818055980,81805598000036,43.22B,,,,,,,,,,,sirene,
DIEPDALE,,,a contacter,,,,,,,,,,,,cvc,,CHERRE-AU,,72,,,,,,,,,,,,,,,,,,,,,,,,,,,,,,,832793889,83279388900011,43.22A,,,,,,,,,,,sirene,
DIMEO,,,a contacter,,,,,,,,,,,,cvc,,BRON,,69,,,,,,,,,,,,,,,,,,,,,,,,,,,,,,,841927395,84192739500050,43.22B,,,,,,,,,,,sirene,
DISDERO,,,a contacter,,,,,,,,,,,,cvc,,VELIZY-VILLACOUBLAY,,78,,,,,,,,,,,,,,,,,,,,,,,,,,,,,,,552109134,55210913400049,43.22B,,,,,,,,,,,sirene,
DITOURS,,,a contacter,,,,,,,,,,,,cvc,,CHAMBRAY-LES-TOURS,,37,,,,,,,,,,,,,,,,,,,,,,,,,,,,,,,535058002,53505800200051,43.29A,,,,,,,,,,,sirene,
DIXIT,,,a contacter,,,,,,,,,,,,cvc,,VILLEJUST,,91,,,,,,,,,,,,,,,,,,,,,,,,,,,,,,,441390002,44139000200042,43.22B,,,,,,,,,,,sirene,
DIXNEUF,,,a contacter,,,,,,,,,,,,cvc,,LA SEGUINIERE,,49,,,,,,,,,,,,,,,,,,,,,,,,,,,,,,,421307612,42130761200026,43.22A,,,,,,,,,,,sirene,
DL THERMIQUE SARL,,,a contacter,,,,,,,,,,,,cvc,,MERPINS,,16,,,,,,,,,,,,,,,,,,,,,,,,,,,,,,,422973800,42297380000036,43.22B,,,,,,,,,,,sirene,
DLZ,,,a contacter,,,,,,,,,,,,cvc,,BLAGNAC,,31,,,,,,,,,,,,,,,,,,,,,,,,,,,,,,,839918083,83991808300032,43.22A,,,,,,,,,,,sirene,
DOMANGE ENTREPRISE,,,a contacter,,,,,,,,,,,,cvc,,ALFORTVILLE,,94,,,,,,,,,,,,,,,,,,,,,,,,,,,,,,,562087387,56208738700022,43.22A,,,,,,,,,,,sirene,
DOMIECO,,,a contacter,,,,,,,,,,,,cvc,,ORVAULT,,44,,,,,,,,,,,,,,,,,,,,,,,,,,,,,,,515245884,51524588400025,43.22B,,,,,,,,,,,sirene,
DOMINGOS,,,a contacter,,,,,,,,,,,,cvc,,ECHIROLLES,,38,,,,,,,,,,,,,,,,,,,,,,,,,,,,,,,494388259,49438825900033,43.22A,,,,,,,,,,,sirene,
DOMOTEC,,,a contacter,,,,,,,,,,,,cvc,,AIX-EN-PROVENCE,,13,,,,,,,,,,,,,,,,,,,,,,,,,,,,,,,392857124,39285712400029,43.22B,,,,,,,,,,,sirene,
DOMU TEC,,,a contacter,,,,,,,,,,,,cvc,,BESANCON,,25,,,,,,,,,,,,,,,,,,,,,,,,,,,,,,,538734906,53873490600018,43.22B,,,,,,,,,,,sirene,
DOUAY COLLINSE,,,a contacter,,,,,,,,,,,,cvc,,CAUDRY,,59,,,,,,,,,,,,,,,,,,,,,,,,,,,,,,,307712547,30771254700016,43.22B,,,,,,,,,,,sirene,
DOUBS CLIMAT,,,a contacter,,,,,,,,,,,,cvc,,BESANCON,,25,,,,,,,,,,,,,,,,,,,,,,,,,,,,,,,429863343,42986334300050,43.22B,,,,,,,,,,,sirene,
DOUMER PLOMBERIE,,,a contacter,,,,,,,,,,,,cvc,,BOISSY-L'AILLERIE,,95,,,,,,,,,,,,,,,,,,,,,,,,,,,,,,,328594619,32859461900053,43.22A,,,,,,,,,,,sirene,
DOUSSOT SERVICE ENERGIE,,,a contacter,,,,,,,,,,,,cvc,,DIJON,,21,,,,,,,,,,,,,,,,,,,,,,,,,,,,,,,498308436,49830843600027,43.22B,,,,,,,,,,,sirene,
DP GROUPE,,,a contacter,,,,,,,,,,,,cvc,,MEAUX,,77,,,,,,,,,,,,,,,,,,,,,,,,,,,,,,,379955545,37995554500049,43.22B,,,,,,,,,,,sirene,
DPR 45,,,a contacter,,,,,,,,,,,,cvc,,SAINT-JEAN-LE-BLANC,,45,,,,,,,,,,,,,,,,,,,,,,,,,,,,,,,830438917,83043891700023,43.29A,,,,,,,,,,,sirene,
DR HOUSE,,,a contacter,,,,,,,,,,,,cvc,,DOMPIERRE-SUR-MER,,17,,,,,,,,,,,,,,,,,,,,,,,,,,,,,,,891001430,89100143000026,43.29A,,,,,,,,,,,sirene,
DREAM,,,a contacter,,,,,,,,,,,,cvc,,PARIS,,75,,,,,,,,,,,,,,,,,,,,,,,,,,,,,,,798709606,79870960600015,43.22A,,,,,,,,,,,sirene,
DRIOT,,,a contacter,,,,,,,,,,,,cvc,,PARIS,,75,,,,,,,,,,,,,,,,,,,,,,,,,,,,,,,552051872,55205187200034,43.22A,,,,,,,,,,,sirene,
DS & C ASSOCIES,,,a contacter,,,,,,,,,,,,cvc,,SAINT-OUEN-L'AUMONE,,95,,,,,,,,,,,,,,,,,,,,,,,,,,,,,,,444283634,44428363400020,43.22A,,,,,,,,,,,sirene,
DS ISOLATION,,,a contacter,,,,,,,,,,,,cvc,,BY,,25,,,,,,,,,,,,,,,,,,,,,,,,,,,,,,,531508364,53150836400027,43.29A,,,,,,,,,,,sirene,
DSC ASPIRATION,,,a contacter,,,,,,,,,,,,cvc,,NANTERRE,,92,,,,,,,,,,,,,,,,,,,,,,,,,,,,,,,332651157,33265115700031,43.22B,,,,,,,,,,,sirene,
DSM,,,a contacter,,,,,,,,,,,,cvc,,CHELLES,,77,,,,,,,,,,,,,,,,,,,,,,,,,,,,,,,853991503,85399150300030,43.29A,,,,,,,,,,,sirene,
DUBOIS,,,a contacter,,,,,,,,,,,,cvc,,LA TESTE-DE-BUCH,,33,,,,,,,,,,,,,,,,,,,,,,,,,,,,,,,450325725,45032572500049,43.22A,,,,,,,,,,,sirene,
DUBOIS ISOLATION,,,a contacter,,,,,,,,,,,,cvc,,CHARNAY-LES-MACON,,71,,,,,,,,,,,,,,,,,,,,,,,,,,,,,,,353613318,35361331800107,43.29A,,,,,,,,,,,sirene,
DUBUIS,,,a contacter,,,,,,,,,,,,cvc,,CUINZIER,,42,,,,,,,,,,,,,,,,,,,,,,,,,,,,,,,802099648,80209964800015,43.22A,,,,,,,,,,,sirene,
DUCHATEL-LEDUC,,,a contacter,,,,,,,,,,,,cvc,,HUCQUELIERS,,62,,,,,,,,,,,,,,,,,,,,,,,,,,,,,,,800600678,80060067800034,43.22A,,,,,,,,,,,sirene,
DUCRE SAS,,,a contacter,,,,,,,,,,,,cvc,,ALENCON,,61,,,,,,,,,,,,,,,,,,,,,,,,,,,,,,,792502452,79250245200016,43.22B,,,,,,,,,,,sirene,
DULIPECC,,,a contacter,,,,,,,,,,,,cvc,,PONTCARRE,,77,,,,,,,,,,,,,,,,,,,,,,,,,,,,,,,388490575,38849057500056,43.22A,,,,,,,,,,,sirene,
DUMAS-GIRY,,,a contacter,,,,,,,,,,,,cvc,,MONTLUCON,,03,,,,,,,,,,,,,,,,,,,,,,,,,,,,,,,307180430,30718043000026,43.22B,,,,,,,,,,,sirene,
DUMOLARD SAS,,,a contacter,,,,,,,,,,,,cvc,,GRENOBLE,,38,,,,,,,,,,,,,,,,,,,,,,,,,,,,,,,073500209,07350020900025,43.22B,,,,,,,,,,,sirene,
DUMOUCHEL HPC,,,a contacter,,,,,,,,,,,,cvc,,PORT-JEROME-SUR-SEINE,,76,,,,,,,,,,,,,,,,,,,,,,,,,,,,,,,493965388,49396538800025,43.22A,,,,,,,,,,,sirene,
DUPERRAY,,,a contacter,,,,,,,,,,,,cvc,,ARAULES,,43,,,,,,,,,,,,,,,,,,,,,,,,,,,,,,,527604888,52760488800034,43.22A,,,,,,,,,,,sirene,
DUPLAA PIERRE,,,a contacter,,,,,,,,,,,,cvc,,LOURDES,,65,,,,,,,,,,,,,,,,,,,,,,,,,,,,,,,390708022,39070802200012,43.22B,,,,,,,,,,,sirene,
DUPRE HABITAT ENERGIES,,,a contacter,,,,,,,,,,,,cvc,,SAINTES,,17,,,,,,,,,,,,,,,,,,,,,,,,,,,,,,,882613821,88261382100017,43.22B,,,,,,,,,,,sirene,
DUPRE MAINTENANCE ENERGIES,,,a contacter,,,,,,,,,,,,cvc,,SAINTES,,17,,,,,,,,,,,,,,,,,,,,,,,,,,,,,,,882572563,88257256300014,43.22B,,,,,,,,,,,sirene,
DUPRE SOLUTIONS ENERGIES,,,a contacter,,,,,,,,,,,,cvc,,SAINTES,,17,,,,,,,,,,,,,,,,,,,,,,,,,,,,,,,882558927,88255892700019,43.22B,,,,,,,,,,,sirene,
DUQUESNE,,,a contacter,,,,,,,,,,,,cvc,,LE HAVRE,,76,,,,,,,,,,,,,,,,,,,,,,,,,,,,,,,539705996,53970599600020,43.22B,,,,,,,,,,,sirene,
DUREL,,,a contacter,,,,,,,,,,,,cvc,,MARTINVAST,,50,,,,,,,,,,,,,,,,,,,,,,,,,,,,,,,479863870,47986387000016,43.22A,,,,,,,,,,,sirene,
DUVAL MTF,,,a contacter,,,,,,,,,,,,cvc,,VERNON,,27,,,,,,,,,,,,,,,,,,,,,,,,,,,,,,,529566143,52956614300044,43.22A,,,,,,,,,,,sirene,
DVM GLOBAL SAS,,,a contacter,,,,,,,,,,,,cvc,,LE HAILLAN,,33,,,,,,,,,,,,,,,,,,,,,,,,,,,,,,,878052570,87805257000032,43.29A,,,,,,,,,,,sirene,
DYMEX,,,a contacter,,,,,,,,,,,,cvc,,PUGET-SUR-ARGENS,,83,,,,,,,,,,,,,,,,,,,,,,,,,,,,,,,494630825,49463082500045,43.29A,,,,,,,,,,,sirene,
DYNACLEAR,,,a contacter,,,,,,,,,,,,cvc,,COIGNIERES,,78,,,,,,,,,,,,,,,,,,,,,,,,,,,,,,,413199126,41319912600025,43.22B,,,,,,,,,,,sirene,
DZ FRANCE,,,a contacter,,,,,,,,,,,,cvc,,VALENCIENNES,,59,,,,,,,,,,,,,,,,,,,,,,,,,,,,,,,523783975,52378397500023,43.22B,,,,,,,,,,,sirene,
E 2 S,,,a contacter,,,,,,,,,,,,cvc,,VILLEURBANNE,,69,,,,,,,,,,,,,,,,,,,,,,,,,,,,,,,408468213,40846821300223,43.22B,,,,,,,,,,,sirene,
E B P S,,,a contacter,,,,,,,,,,,,cvc,,ALFORTVILLE,,94,,,,,,,,,,,,,,,,,,,,,,,,,,,,,,,413272816,41327281600047,43.29A,,,,,,,,,,,sirene,
E M V G,,,a contacter,,,,,,,,,,,,cvc,,CORBAS,,69,,,,,,,,,,,,,,,,,,,,,,,,,,,,,,,493596779,49359677900048,43.22B,,,,,,,,,,,sirene,
E-N-R-GIE,,,a contacter,,,,,,,,,,,,cvc,,COURTRY,,77,,,,,,,,,,,,,,,,,,,,,,,,,,,,,,,839899119,83989911900052,43.22B,,,,,,,,,,,sirene,
E.2.I.D,,,a contacter,,,,,,,,,,,,cvc,,AVIGNON,,84,,,,,,,,,,,,,,,,,,,,,,,,,,,,,,,484377833,48437783300021,43.29A,,,,,,,,,,,sirene,
E.B.S. ISOLATION,,,a contacter,,,,,,,,,,,,cvc,,CASTRES,,81,,,,,,,,,,,,,,,,,,,,,,,,,,,,,,,803915032,80391503200020,43.29A,,,,,,,,,,,sirene,
E.F.I.B,,,a contacter,,,,,,,,,,,,cvc,,LONGJUMEAU,,91,,,,,,,,,,,,,,,,,,,,,,,,,,,,,,,791270861,79127086100036,43.22B,,,,,,,,,,,sirene,
E.G.R.,,,a contacter,,,,,,,,,,,,cvc,,TRAPPES,,78,,,,,,,,,,,,,,,,,,,,,,,,,,,,,,,914879846,91487984600014,43.29A,,,,,,,,,,,sirene,
E.M.A CHR,,,a contacter,,,,,,,,,,,,cvc,,LA BATHIE,,73,,,,,,,,,,,,,,,,,,,,,,,,,,,,,,,922670062,92267006200020,43.22B,,,,,,,,,,,sirene,
E.P.B,,,a contacter,,,,,,,,,,,,cvc,,FAINS,,27,,,,,,,,,,,,,,,,,,,,,,,,,,,,,,,433269313,43326931300022,43.22A,,,,,,,,,,,sirene,
E.P.C.S.B.,,,a contacter,,,,,,,,,,,,cvc,,PUGET-SUR-ARGENS,,83,,,,,,,,,,,,,,,,,,,,,,,,,,,,,,,851360180,85136018000034,43.22A,,,,,,,,,,,sirene,
E.S.C.S,,,a contacter,,,,,,,,,,,,cvc,,CERNAY,,68,,,,,,,,,,,,,,,,,,,,,,,,,,,,,,,437617442,43761744200029,43.22A,,,,,,,,,,,sirene,
E.U.R.L. VETERO ISOLATION,,,a contacter,,,,,,,,,,,,cvc,,MARIGNANE,,13,,,,,,,,,,,,,,,,,,,,,,,,,,,,,,,509703757,50970375700047,43.29A,,,,,,,,,,,sirene,
EAU AIR SYSTEME,,,a contacter,,,,,,,,,,,,cvc,,FRETIN,,59,,,,,,,,,,,,,,,,,,,,,,,,,,,,,,,499195220,49919522000045,43.22B,,,,,,,,,,,sirene,
EAU BON TUYAU,,,a contacter,,,,,,,,,,,,cvc,,GIVENCHY-EN-GOHELLE,,62,,,,,,,,,,,,,,,,,,,,,,,,,,,,,,,847549904,84754990400021,43.22A,,,,,,,,,,,sirene,
EAU ET CHALEUR,,,a contacter,,,,,,,,,,,,cvc,,ABSCON,,59,,,,,,,,,,,,,,,,,,,,,,,,,,,,,,,815186143,81518614300021,43.22A,,,,,,,,,,,sirene,
EAU PLUS,,,a contacter,,,,,,,,,,,,cvc,,CHELLES,,77,,,,,,,,,,,,,,,,,,,,,,,,,,,,,,,500342076,50034207600030,43.22A,,,,,,,,,,,sirene,
EAU-AIR-SOL,,,a contacter,,,,,,,,,,,,cvc,,CALVISSON,,30,,,,,,,,,,,,,,,,,,,,,,,,,,,,,,,520712951,52071295100026,43.22A,,,,,,,,,,,sirene,
EAUTEC,,,a contacter,,,,,,,,,,,,cvc,,LILLE,,59,,,,,,,,,,,,,,,,,,,,,,,,,,,,,,,753235084,75323508400021,43.22A,,,,,,,,,,,sirene,
EBEA 35,,,a contacter,,,,,,,,,,,,cvc,,BREAL-SOUS-MONTFORT,,35,,,,,,,,,,,,,,,,,,,,,,,,,,,,,,,819727470,81972747000026,43.22B,,,,,,,,,,,sirene,
EC ENERGIES,,,a contacter,,,,,,,,,,,,cvc,,SABLE-SUR-SARTHE,,72,,,,,,,,,,,,,,,,,,,,,,,,,,,,,,,849676689,84967668900011,43.22B,,,,,,,,,,,sirene,
ECCI - DURBIANO,,,a contacter,,,,,,,,,,,,cvc,,ECHIROLLES,,38,,,,,,,,,,,,,,,,,,,,,,,,,,,,,,,794519595,79451959500027,43.22A,,,,,,,,,,,sirene,
ECCPM,,,a contacter,,,,,,,,,,,,cvc,,CRETEIL,,94,,,,,,,,,,,,,,,,,,,,,,,,,,,,,,,845202860,84520286000027,43.22A,,,,,,,,,,,sirene,
ECES,,,a contacter,,,,,,,,,,,,cvc,,EMERAINVILLE,,77,,,,,,,,,,,,,,,,,,,,,,,,,,,,,,,808013973,80801397300041,43.22B,,,,,,,,,,,sirene,
ECF PC,,,a contacter,,,,,,,,,,,,cvc,,PUSIGNAN,,69,,,,,,,,,,,,,,,,,,,,,,,,,,,,,,,794660050,79466005000012,43.29A,,,,,,,,,,,sirene,
ECLIM,,,a contacter,,,,,,,,,,,,cvc,,BEAUCOUZE,,49,,,,,,,,,,,,,,,,,,,,,,,,,,,,,,,493758064,49375806400031,43.22B,,,,,,,,,,,sirene,
ECO 2 ENERGIES,,,a contacter,,,,,,,,,,,,cvc,,MARLY,,59,,,,,,,,,,,,,,,,,,,,,,,,,,,,,,,507470920,50747092000046,43.22B,,,,,,,,,,,sirene,
ECO ATLANTIQUE,,,a contacter,,,,,,,,,,,,cvc,,SURGERES,,17,,,,,,,,,,,,,,,,,,,,,,,,,,,,,,,799435193,79943519300070,43.22B,,,,,,,,,,,sirene,
ECO ATTITUDES,,,a contacter,,,,,,,,,,,,cvc,,PLAISIR,,78,,,,,,,,,,,,,,,,,,,,,,,,,,,,,,,509592135,50959213500024,43.22B,,,,,,,,,,,sirene,
ECO CHAUF CONCEPT,,,a contacter,,,,,,,,,,,,cvc,,EYSINES,,33,,,,,,,,,,,,,,,,,,,,,,,,,,,,,,,495009656,49500965600036,43.22B,,,,,,,,,,,sirene,
ECO CHAUFFAGE AQUITAINE,,,a contacter,,,,,,,,,,,,cvc,,BORDEAUX,,33,,,,,,,,,,,,,,,,,,,,,,,,,,,,,,,904057452,90405745200016,43.22B,,,,,,,,,,,sirene,
ECO CONSO HABITAT,,,a contacter,,,,,,,,,,,,cvc,,TOURCOING,,59,,,,,,,,,,,,,,,,,,,,,,,,,,,,,,,904537859,90453785900020,43.22B,,,,,,,,,,,sirene,
ECO DESEMBOUAGE CHAUFFAGE,,,a contacter,,,,,,,,,,,,cvc,,VALDIVIENNE,,86,,,,,,,,,,,,,,,,,,,,,,,,,,,,,,,803642008,80364200800012,43.22A,,,,,,,,,,,sirene,
ECO ENERGIE GREEN,,,a contacter,,,,,,,,,,,,cvc,,VILLEPINTE,,93,,,,,,,,,,,,,,,,,,,,,,,,,,,,,,,804918852,80491885200042,43.22B,,,,,,,,,,,sirene,
ECO ENERGIE HABITAT,,,a contacter,,,,,,,,,,,,cvc,,LE MANS,,72,,,,,,,,,,,,,,,,,,,,,,,,,,,,,,,892090440,89209044000033,43.22B,,,,,,,,,,,sirene,
ECO ENERGIE ISOLATION,,,a contacter,,,,,,,,,,,,cvc,,MONTELIMAR,,26,,,,,,,,,,,,,,,,,,,,,,,,,,,,,,,838219970,83821997000012,43.29A,,,,,,,,,,,sirene,
ECO ENERGIE SYSTEMES,,,a contacter,,,,,,,,,,,,cvc,,TARARE,,69,,,,,,,,,,,,,,,,,,,,,,,,,,,,,,,482629615,48262961500022,43.22B,,,,,,,,,,,sirene,
ECO ENERGY SYSTEM,,,a contacter,,,,,,,,,,,,cvc,,BONDY,,93,,,,,,,,,,,,,,,,,,,,,,,,,,,,,,,789286234,78928623400024,43.22B,,,,,,,,,,,sirene,
ECO FRANCE,,,a contacter,,,,,,,,,,,,cvc,,ATHIS-MONS,,91,,,,,,,,,,,,,,,,,,,,,,,,,,,,,,,904446556,90444655600014,43.22B,,,,,,,,,,,sirene,
ECO ISOLATION EXPERT,,,a contacter,,,,,,,,,,,,cvc,,PARIS,,75,,,,,,,,,,,,,,,,,,,,,,,,,,,,,,,832707939,83270793900019,43.22A,,,,,,,,,,,sirene,
ECO L'EAU,,,a contacter,,,,,,,,,,,,cvc,,PUTEAUX,,92,,,,,,,,,,,,,,,,,,,,,,,,,,,,,,,533111167,53311116700011,43.22A,,,,,,,,,,,sirene,
ECO PLANET,,,a contacter,,,,,,,,,,,,cvc,,SAINT-MANDE,,94,,,,,,,,,,,,,,,,,,,,,,,,,,,,,,,910116060,91011606000013,43.22B,,,,,,,,,,,sirene,
ECO RENOV,,,a contacter,,,,,,,,,,,,cvc,,CHELLES,,77,,,,,,,,,,,,,,,,,,,,,,,,,,,,,,,832731590,83273159000028,43.22B,,,,,,,,,,,sirene,
ECO SMART FRANCE,,,a contacter,,,,,,,,,,,,cvc,,PARIS,,75,,,,,,,,,,,,,,,,,,,,,,,,,,,,,,,852270933,85227093300041,43.22B,,,,,,,,,,,sirene,
ECO SOLUTIONS,,,a contacter,,,,,,,,,,,,cvc,,PERIGNY,,17,,,,,,,,,,,,,,,,,,,,,,,,,,,,,,,853151181,85315118100072,43.22B,,,,,,,,,,,sirene,
ECO SYSTEME DURABLE,,,a contacter,,,,,,,,,,,,cvc,,PRESLES,,95,,,,,,,,,,,,,,,,,,,,,,,,,,,,,,,798922589,79892258900030,43.22B,,,,,,,,,,,sirene,
ECO THERME COSMOS,,,a contacter,,,,,,,,,,,,cvc,,SAINT-DENIS,,93,,,,,,,,,,,,,,,,,,,,,,,,,,,,,,,903516474,90351647400017,43.22B,,,,,,,,,,,sirene,
ECO'NOMY,,,a contacter,,,,,,,,,,,,cvc,,TREMBLAY-EN-FRANCE,,93,,,,,,,,,,,,,,,,,,,,,,,,,,,,,,,845111368,84511136800054,43.22B,,,,,,,,,,,sirene,
ECO-BAT,,,a contacter,,,,,,,,,,,,cvc,,CHARNAY-LES-MACON,,71,,,,,,,,,,,,,,,,,,,,,,,,,,,,,,,512824947,51282494700034,43.22B,,,,,,,,,,,sirene,
ECO-BIO CONCEPT DIFFUSION,,,a contacter,,,,,,,,,,,,cvc,,GUICHEN,,35,,,,,,,,,,,,,,,,,,,,,,,,,,,,,,,522253541,52225354100026,43.22B,,,,,,,,,,,sirene,
ECO-CLIM,,,a contacter,,,,,,,,,,,,cvc,,MARSEILLE,,13,,,,,,,,,,,,,,,,,,,,,,,,,,,,,,,814581310,81458131000020,43.22A,,,,,,,,,,,sirene,
ECO-LOGIQUE ENERGY,,,a contacter,,,,,,,,,,,,cvc,,BOZOULS,,12,,,,,,,,,,,,,,,,,,,,,,,,,,,,,,,507599181,50759918100017,43.22B,,,,,,,,,,,sirene,
ECO-LOGIS CHAUFFAGE,,,a contacter,,,,,,,,,,,,cvc,,CROLLES,,38,,,,,,,,,,,,,,,,,,,,,,,,,,,,,,,501451504,50145150400028,43.22B,,,,,,,,,,,sirene,
ECO-SYST,,,a contacter,,,,,,,,,,,,cvc,,BERNIS,,30,,,,,,,,,,,,,,,,,,,,,,,,,,,,,,,494639875,49463987500025,43.22B,,,,,,,,,,,sirene,
ECO-TEC HABITAT PRO CORSE (ETH PRO CORSE),,,a contacter,,,,,,,,,,,,cvc,,CORTE,,2B,,,,,,,,,,,,,,,,,,,,,,,,,,,,,,,891854978,89185497800014,43.29A,,,,,,,,,,,sirene,
ECO. TRAVAUX,,,a contacter,,,,,,,,,,,,cvc,,GIMEL-LES-CASCADES,,19,,,,,,,,,,,,,,,,,,,,,,,,,,,,,,,505399808,50539980800011,43.29A,,,,,,,,,,,sirene,
ECOBAT INDUSTRY,,,a contacter,,,,,,,,,,,,cvc,,PARIS,,75,,,,,,,,,,,,,,,,,,,,,,,,,,,,,,,884593054,88459305400023,43.22B,,,,,,,,,,,sirene,
ECOCHAUFFE 28,,,a contacter,,,,,,,,,,,,cvc,,NOGENT-LE-ROI,,28,,,,,,,,,,,,,,,,,,,,,,,,,,,,,,,527930952,52793095200033,43.22B,,,,,,,,,,,sirene,
ECODOUBIO,,,a contacter,,,,,,,,,,,,cvc,,LE BELIEU,,25,,,,,,,,,,,,,,,,,,,,,,,,,,,,,,,492991930,49299193000032,43.22B,,,,,,,,,,,sirene,
ECOGIA,,,a contacter,,,,,,,,,,,,cvc,,AUBAGNE,,13,,,,,,,,,,,,,,,,,,,,,,,,,,,,,,,488069642,48806964200020,43.22B,,,,,,,,,,,sirene,
ECOLOMIQUE,,,a contacter,,,,,,,,,,,,cvc,,BIAS,,47,,,,,,,,,,,,,,,,,,,,,,,,,,,,,,,790374276,79037427600034,43.29A,,,,,,,,,,,sirene,
ECOM CONSEIL,,,a contacter,,,,,,,,,,,,cvc,,PERPIGNAN,,66,,,,,,,,,,,,,,,,,,,,,,,,,,,,,,,411578826,41157882600033,43.22B,,,,,,,,,,,sirene,
ECONERGIA,,,a contacter,,,,,,,,,,,,cvc,,MARLY,,59,,,,,,,,,,,,,,,,,,,,,,,,,,,,,,,833484421,83348442100064,43.29A,,,,,,,,,,,sirene,
ECONERGIE,,,a contacter,,,,,,,,,,,,cvc,,VILLEMANDEUR,,45,,,,,,,,,,,,,,,,,,,,,,,,,,,,,,,494247174,49424717400027,43.22B,,,,,,,,,,,sirene,
ECONOMIE HABITAT,,,a contacter,,,,,,,,,,,,cvc,,TREMBLAY-EN-FRANCE,,93,,,,,,,,,,,,,,,,,,,,,,,,,,,,,,,880799770,88079977000016,43.22B,,,,,,,,,,,sirene,
ECONOMISO,,,a contacter,,,,,,,,,,,,cvc,,AURSEULLES,,14,,,,,,,,,,,,,,,,,,,,,,,,,,,,,,,840885602,84088560200044,43.29A,,,,,,,,,,,sirene,
ECONOVIA,,,a contacter,,,,,,,,,,,,cvc,,ALFORTVILLE,,94,,,,,,,,,,,,,,,,,,,,,,,,,,,,,,,524238631,52423863100039,43.22B,,,,,,,,,,,sirene,
ECONOWATT,,,a contacter,,,,,,,,,,,,cvc,,VETRAZ-MONTHOUX,,74,,,,,,,,,,,,,,,,,,,,,,,,,,,,,,,410904445,41090444500039,43.22B,,,,,,,,,,,sirene,
ECOPLUS,,,a contacter,,,,,,,,,,,,cvc,,HAGUENAU,,67,,,,,,,,,,,,,,,,,,,,,,,,,,,,,,,792016826,79201682600028,43.29A,,,,,,,,,,,sirene,
ECOPREST,,,a contacter,,,,,,,,,,,,cvc,,VILLEMATIER,,31,,,,,,,,,,,,,,,,,,,,,,,,,,,,,,,523289197,52328919700023,43.22B,,,,,,,,,,,sirene,
ECOTEP,,,a contacter,,,,,,,,,,,,cvc,,DOUVRIN,,62,,,,,,,,,,,,,,,,,,,,,,,,,,,,,,,312869209,31286920900055,43.22B,,,,,,,,,,,sirene,
ECOTHERM,,,a contacter,,,,,,,,,,,,cvc,,ALLONZIER-LA-CAILLE,,74,,,,,,,,,,,,,,,,,,,,,,,,,,,,,,,322505413,32250541300029,43.29A,,,,,,,,,,,sirene,
ECOTHERM ISOLATION,,,a contacter,,,,,,,,,,,,cvc,,MONDELANGE,,57,,,,,,,,,,,,,,,,,,,,,,,,,,,,,,,750665549,75066554900028,43.29A,,,,,,,,,,,sirene,
ECOVAIR,,,a contacter,,,,,,,,,,,,cvc,,COURBEVOIE,,92,,,,,,,,,,,,,,,,,,,,,,,,,,,,,,,830292710,83029271000068,43.22B,,,,,,,,,,,sirene,
ECOVERT,,,a contacter,,,,,,,,,,,,cvc,,L'UNION,,31,,,,,,,,,,,,,,,,,,,,,,,,,,,,,,,852200013,85220001300039,43.22B,,,,,,,,,,,sirene,
ECP FACILITIES,,,a contacter,,,,,,,,,,,,cvc,,ALFORTVILLE,,94,,,,,,,,,,,,,,,,,,,,,,,,,,,,,,,849325691,84932569100046,43.22B,,,,,,,,,,,sirene,
ECTA-SEEG,,,a contacter,,,,,,,,,,,,cvc,,ITTENHEIM,,67,,,,,,,,,,,,,,,,,,,,,,,,,,,,,,,443249651,44324965100045,43.22B,,,,,,,,,,,sirene,
ED ENERGY,,,a contacter,,,,,,,,,,,,cvc,,MERIGNAC,,33,,,,,,,,,,,,,,,,,,,,,,,,,,,,,,,810246470,81024647000035,43.22A,,,,,,,,,,,sirene,
EDA - ECLAIREMENT DESENFUMAGE AERATION,,,a contacter,,,,,,,,,,,,cvc,,BOURGOIN-JALLIEU,,38,,,,,,,,,,,,,,,,,,,,,,,,,,,,,,,488092511,48809251100010,43.22B,,,,,,,,,,,sirene,
EDDIA TRAVAUX,,,a contacter,,,,,,,,,,,,cvc,,SAINT-JEAN-DE-LA-RUELLE,,45,,,,,,,,,,,,,,,,,,,,,,,,,,,,,,,434429486,43442948600062,43.22B,,,,,,,,,,,sirene,
EDEN,,,a contacter,,,,,,,,,,,,cvc,,TRAPPES,,78,,,,,,,,,,,,,,,,,,,,,,,,,,,,,,,511342479,51134247900058,43.22B,,,,,,,,,,,sirene,
EDEN PLOMBERIE,,,a contacter,,,,,,,,,,,,cvc,,DECINES-CHARPIEU,,69,,,,,,,,,,,,,,,,,,,,,,,,,,,,,,,820072734,82007273400057,43.22A,,,,,,,,,,,sirene,
EDM INSTALLATION,,,a contacter,,,,,,,,,,,,cvc,,CASTRES,,81,,,,,,,,,,,,,,,,,,,,,,,,,,,,,,,853600856,85360085600043,43.22B,,,,,,,,,,,sirene,
EDRETHERM,,,a contacter,,,,,,,,,,,,cvc,,PORTES-LES-VALENCE,,26,,,,,,,,,,,,,,,,,,,,,,,,,,,,,,,850499260,85049926000022,43.22B,,,,,,,,,,,sirene,
EEGC,,,a contacter,,,,,,,,,,,,cvc,,LAMORLAYE,,60,,,,,,,,,,,,,,,,,,,,,,,,,,,,,,,501853691,50185369100035,43.22A,,,,,,,,,,,sirene,
EFFET D'O HABITAT,,,a contacter,,,,,,,,,,,,cvc,,SOUCHEZ,,62,,,,,,,,,,,,,,,,,,,,,,,,,,,,,,,810510479,81051047900027,43.22A,,,,,,,,,,,sirene,
EFFICA-SERVICE,,,a contacter,,,,,,,,,,,,cvc,,NEUILLY-SUR-MARNE,,93,,,,,,,,,,,,,,,,,,,,,,,,,,,,,,,746750207,74675020700043,43.22B,,,,,,,,,,,sirene,
EFFISCOP,,,a contacter,,,,,,,,,,,,cvc,,SAINT-GENIS-LAVAL,,69,,,,,,,,,,,,,,,,,,,,,,,,,,,,,,,917756116,91775611600021,43.22B,,,,,,,,,,,sirene,
EFITEK,,,a contacter,,,,,,,,,,,,cvc,,WIMILLE,,62,,,,,,,,,,,,,,,,,,,,,,,,,,,,,,,798404182,79840418200023,43.29A,,,,,,,,,,,sirene,
EFP SERVICES,,,a contacter,,,,,,,,,,,,cvc,,ELNE,,66,,,,,,,,,,,,,,,,,,,,,,,,,,,,,,,790610711,79061071100026,43.22B,,,,,,,,,,,sirene,
EGB,,,a contacter,,,,,,,,,,,,cvc,,CHANGE,,72,,,,,,,,,,,,,,,,,,,,,,,,,,,,,,,791692742,79169274200020,43.22A,,,,,,,,,,,sirene,
EGC,,,a contacter,,,,,,,,,,,,cvc,,SAVY-BERLETTE,,62,,,,,,,,,,,,,,,,,,,,,,,,,,,,,,,477671077,47767107700022,43.22A,,,,,,,,,,,sirene,
EGGENSCHWILER,,,a contacter,,,,,,,,,,,,cvc,,LES PAVILLONS-SOUS-BOIS,,93,,,,,,,,,,,,,,,,,,,,,,,,,,,,,,,326627262,32662726200024,43.22A,,,,,,,,,,,sirene,
EGIA GROUP,,,a contacter,,,,,,,,,,,,cvc,,PARIS,,75,,,,,,,,,,,,,,,,,,,,,,,,,,,,,,,504130733,50413073300018,43.22B,,,,,,,,,,,sirene,
EGIR,,,a contacter,,,,,,,,,,,,cvc,,STRASBOURG,,67,,,,,,,,,,,,,,,,,,,,,,,,,,,,,,,409207818,40920781800025,43.29A,,,,,,,,,,,sirene,
EGMH,,,a contacter,,,,,,,,,,,,cvc,,SAINT-PIERRE-DE-CHANDIEU,,69,,,,,,,,,,,,,,,,,,,,,,,,,,,,,,,489650051,48965005100027,43.22A,,,,,,,,,,,sirene,
EGMH NORD,,,a contacter,,,,,,,,,,,,cvc,,POTELLE,,59,,,,,,,,,,,,,,,,,,,,,,,,,,,,,,,843129263,84312926300011,43.22A,,,,,,,,,,,sirene,
EGS CLIM,,,a contacter,,,,,,,,,,,,cvc,,LYON,,69,,,,,,,,,,,,,,,,,,,,,,,,,,,,,,,394301212,39430121200020,43.22B,,,,,,,,,,,sirene,
EGS ENERGIES,,,a contacter,,,,,,,,,,,,cvc,,SAINT-LAURENT-DU-VAR,,06,,,,,,,,,,,,,,,,,,,,,,,,,,,,,,,424588952,42458895200087,43.22B,,,,,,,,,,,sirene,
EGTI 63,,,a contacter,,,,,,,,,,,,cvc,,CEBAZAT,,63,,,,,,,,,,,,,,,,,,,,,,,,,,,,,,,521097709,52109770900021,43.29A,,,,,,,,,,,sirene,
EHRHART,,,a contacter,,,,,,,,,,,,cvc,,RHINAU,,67,,,,,,,,,,,,,,,,,,,,,,,,,,,,,,,708502448,70850244800028,43.22A,,,,,,,,,,,sirene,
EI TUYAUTERIE ELECTRO MECANIQUE,,,a contacter,,,,,,,,,,,,cvc,,GARGENVILLE,,78,,,,,,,,,,,,,,,,,,,,,,,,,,,,,,,409879863,40987986300036,43.22A,,,,,,,,,,,sirene,
EIC BAT,,,a contacter,,,,,,,,,,,,cvc,,GRAND-FOUGERAY,,35,,,,,,,,,,,,,,,,,,,,,,,,,,,,,,,751890690,75189069000017,43.22B,,,,,,,,,,,sirene,
EIFFAGE ENERGIE SYSTEMES - BARTH,,,a contacter,,,,,,,,,,,,cvc,,CREIL,,60,,,,,,,,,,,,,,,,,,,,,,,,,,,,,,,310655626,31065562600037,43.22A,,,,,,,,,,,sirene,
EIFFAGE ENERGIE SYSTEMES - BOUCHEREZ METZ,,,a contacter,,,,,,,,,,,,cvc,,JOUY-AUX-ARCHES,,57,,,,,,,,,,,,,,,,,,,,,,,,,,,,,,,502675911,50267591100015,43.22A,,,,,,,,,,,sirene,
EIFFAGE ENERGIE SYSTEMES - BOUCHEREZ NANCY,,,a contacter,,,,,,,,,,,,cvc,,PULNOY,,54,,,,,,,,,,,,,,,,,,,,,,,,,,,,,,,445148810,44514881000044,43.22B,,,,,,,,,,,sirene,
EIFFAGE ENERGIE SYSTEMES - BOURGOGNE FRANCHE COMTE,,,a contacter,,,,,,,,,,,,cvc,,LONGVIC,,21,,,,,,,,,,,,,,,,,,,,,,,,,,,,,,,377768544,37776854400100,43.22B,,,,,,,,,,,sirene,
EIFFAGE ENERGIE SYSTEMES - CLEVIA EST,,,a contacter,,,,,,,,,,,,cvc,,LUDRES,,54,,,,,,,,,,,,,,,,,,,,,,,,,,,,,,,340023225,34002322500139,43.22B,,,,,,,,,,,sirene,
EIFFAGE ENERGIE SYSTEMES - CLEVIA IDF,,,a contacter,,,,,,,,,,,,cvc,,VELIZY-VILLACOUBLAY,,78,,,,,,,,,,,,,,,,,,,,,,,,,,,,,,,323814632,32381463200127,43.22B,,,,,,,,,,,sirene,
EIFFAGE ENERGIE SYSTEMES - CLEVIA MEDITERRANEE,,,a contacter,,,,,,,,,,,,cvc,,VITROLLES,,13,,,,,,,,,,,,,,,,,,,,,,,,,,,,,,,518137724,51813772400093,43.22B,,,,,,,,,,,sirene,
EIFFAGE ENERGIE SYSTEMES - CLEVIA NORD,,,a contacter,,,,,,,,,,,,cvc,,WAMBRECHIES,,59,,,,,,,,,,,,,,,,,,,,,,,,,,,,,,,518137757,51813775700077,43.22B,,,,,,,,,,,sirene,
EIFFAGE ENERGIE SYSTEMES - CLEVIA NOUVELLE AQUITAINE,,,a contacter,,,,,,,,,,,,cvc,,PESSAC,,33,,,,,,,,,,,,,,,,,,,,,,,,,,,,,,,518137773,51813777300116,43.22B,,,,,,,,,,,sirene,
EIFFAGE ENERGIE SYSTEMES - CLEVIA OUEST,,,a contacter,,,,,,,,,,,,cvc,,NANTES,,44,,,,,,,,,,,,,,,,,,,,,,,,,,,,,,,788373603,78837360300059,43.22B,,,,,,,,,,,sirene,
EIFFAGE ENERGIE SYSTEMES - CLEVIA SUD-OUEST,,,a contacter,,,,,,,,,,,,cvc,,TOULOUSE,,31,,,,,,,,,,,,,,,,,,,,,,,,,,,,,,,640800223,64080022300136,43.22B,,,,,,,,,,,sirene,
EIFFAGE ENERGIE SYSTEMES - EXPAIR,,,a contacter,,,,,,,,,,,,cvc,,LA PENNE-SUR-HUVEAUNE,,13,,,,,,,,,,,,,,,,,,,,,,,,,,,,,,,330385121,33038512100034,43.22B,,,,,,,,,,,sirene,
EIFFAGE ENERGIE SYSTEMES - GUADELOUPE,,,a contacter,,,,,,,,,,,,cvc,,BAIE-MAHAULT,,971,,,,,,,,,,,,,,,,,,,,,,,,,,,,,,,422620799,42262079900102,43.22B,,,,,,,,,,,sirene,
EIFFAGE ENERGIE SYSTEMES - INDUS PROVENCE,,,a contacter,,,,,,,,,,,,cvc,,CADEROUSSE,,84,,,,,,,,,,,,,,,,,,,,,,,,,,,,,,,518201793,51820179300032,43.22B,,,,,,,,,,,sirene,
EIFFAGE ENERGIE SYSTEMES - LAPLAGNE,,,a contacter,,,,,,,,,,,,cvc,,PESSAC,,33,,,,,,,,,,,,,,,,,,,,,,,,,,,,,,,424615870,42461587000039,43.22B,,,,,,,,,,,sirene,
EIFFAGE ENERGIE SYSTEMES - SEATH,,,a contacter,,,,,,,,,,,,cvc,,CHAMPIGNY-SUR-MARNE,,94,,,,,,,,,,,,,,,,,,,,,,,,,,,,,,,381793280,38179328000037,43.22B,,,,,,,,,,,sirene,
EIFFAGE ENERGIE SYSTEMES - SERVICES IDF,,,a contacter,,,,,,,,,,,,cvc,,SAINT-DENIS,,93,,,,,,,,,,,,,,,,,,,,,,,,,,,,,,,518201744,51820174400019,43.22B,,,,,,,,,,,sirene,
EIFFAGE ENERGIE SYSTEMES - SERVICES MEDITERRANEE,,,a contacter,,,,,,,,,,,,cvc,,VITROLLES,,13,,,,,,,,,,,,,,,,,,,,,,,,,,,,,,,478215320,47821532000035,43.22B,,,,,,,,,,,sirene,
EIZMENDI,,,a contacter,,,,,,,,,,,,cvc,,URRUGNE,,64,,,,,,,,,,,,,,,,,,,,,,,,,,,,,,,792835936,79283593600016,43.22B,,,,,,,,,,,sirene,
EJ-ENERGIES,,,a contacter,,,,,,,,,,,,cvc,,GEISPOLSHEIM,,67,,,,,,,,,,,,,,,,,,,,,,,,,,,,,,,312380306,31238030600034,43.22B,,,,,,,,,,,sirene,
EJ2B,,,a contacter,,,,,,,,,,,,cvc,,ANCENIS-SAINT-GEREON,,44,,,,,,,,,,,,,,,,,,,,,,,,,,,,,,,499395788,49939578800056,43.29A,,,,,,,,,,,sirene,
EKISO,,,a contacter,,,,,,,,,,,,cvc,,SAINT-JEAN-DE-BRAYE,,45,,,,,,,,,,,,,,,,,,,,,,,,,,,,,,,882302359,88230235900014,43.22B,,,,,,,,,,,sirene,
ELAIRGIE,,,a contacter,,,,,,,,,,,,cvc,,ARGENTAN,,61,,,,,,,,,,,,,,,,,,,,,,,,,,,,,,,308922251,30892225100027,43.22B,,,,,,,,,,,sirene,
ELAX ENERGIE,,,a contacter,,,,,,,,,,,,cvc,,PARIS,,75,,,,,,,,,,,,,,,,,,,,,,,,,,,,,,,817839343,81783934300057,43.22B,,,,,,,,,,,sirene,
ELEC GAZ SERVICE,,,a contacter,,,,,,,,,,,,cvc,,VILLEURBANNE,,69,,,,,,,,,,,,,,,,,,,,,,,,,,,,,,,306262437,30626243700032,43.22B,,,,,,,,,,,sirene,
ELEC'GAZ MAINTENANCE,,,a contacter,,,,,,,,,,,,cvc,,VIVIERS-DU-LAC,,73,,,,,,,,,,,,,,,,,,,,,,,,,,,,,,,491270864,49127086400037,43.22B,,,,,,,,,,,sirene,
ELECTRICITE CLIMATISATION 52,,,a contacter,,,,,,,,,,,,cvc,,CHAMARANDES-CHOIGNES,,52,,,,,,,,,,,,,,,,,,,,,,,,,,,,,,,413774183,41377418300037,43.22B,,,,,,,,,,,sirene,
ELECTRICITE DOMOTIQUE SECURITE INCENDIE,,,a contacter,,,,,,,,,,,,cvc,,GUIPAVAS,,29,,,,,,,,,,,,,,,,,,,,,,,,,,,,,,,391210713,39121071300023,43.22A,,,,,,,,,,,sirene,
ELECTRICITE VERTE DE FRANCE,,,a contacter,,,,,,,,,,,,cvc,,BAGNOLS-SUR-CEZE,,30,,,,,,,,,,,,,,,,,,,,,,,,,,,,,,,880327382,88032738200045,43.22B,,,,,,,,,,,sirene,
ELECTRO FROID SANITAIRE,,,a contacter,,,,,,,,,,,,cvc,,SAINTE-MARIE,,974,,,,,,,,,,,,,,,,,,,,,,,,,,,,,,,423975549,42397554900035,43.22B,,,,,,,,,,,sirene,
ELECTRO THERMIE,,,a contacter,,,,,,,,,,,,cvc,,PLOZEVET,,29,,,,,,,,,,,,,,,,,,,,,,,,,,,,,,,338515810,33851581000012,43.22A,,,,,,,,,,,sirene,
ELECTROFLUID,,,a contacter,,,,,,,,,,,,cvc,,ORGEVAL,,78,,,,,,,,,,,,,,,,,,,,,,,,,,,,,,,639800648,63980064800029,43.22B,,,,,,,,,,,sirene,
ELECTROGAZ,,,a contacter,,,,,,,,,,,,cvc,,MERIGNAC,,33,,,,,,,,,,,,,,,,,,,,,,,,,,,,,,,515137404,51513740400023,43.22B,,,,,,,,,,,sirene,
ELETER CONFORT,,,a contacter,,,,,,,,,,,,cvc,,PIA,,66,,,,,,,,,,,,,,,,,,,,,,,,,,,,,,,844682054,84468205400029,43.22B,,,,,,,,,,,sirene,
ELIMAX ENERGIES CONCEPTS,,,a contacter,,,,,,,,,,,,cvc,,LE MANS,,72,,,,,,,,,,,,,,,,,,,,,,,,,,,,,,,803284371,80328437100025,43.22B,,,,,,,,,,,sirene,
ELLO,,,a contacter,,,,,,,,,,,,cvc,,PLOUMAGOAR,,22,,,,,,,,,,,,,,,,,,,,,,,,,,,,,,,508314499,50831449900031,43.22A,,,,,,,,,,,sirene,
ELORN PLOMBERIE CHAUFFAGE,,,a contacter,,,,,,,,,,,,cvc,,PLOUGASTEL-DAOULAS,,29,,,,,,,,,,,,,,,,,,,,,,,,,,,,,,,312771991,31277199100030,43.22B,,,,,,,,,,,sirene,
ELYPSIO,,,a contacter,,,,,,,,,,,,cvc,,MONTERBLANC,,56,,,,,,,,,,,,,,,,,,,,,,,,,,,,,,,839062155,83906215500024,43.29A,,,,,,,,,,,sirene,
EMEOS,,,a contacter,,,,,,,,,,,,cvc,,COURTRY,,77,,,,,,,,,,,,,,,,,,,,,,,,,,,,,,,879142131,87914213100033,43.22A,,,,,,,,,,,sirene,
EMERAUDE SAS,,,a contacter,,,,,,,,,,,,cvc,,TREMBLAY-EN-FRANCE,,93,,,,,,,,,,,,,,,,,,,,,,,,,,,,,,,401253489,40125348900041,43.29A,,,,,,,,,,,sirene,
EMG ISOLATION,,,a contacter,,,,,,,,,,,,cvc,,GANNAT,,03,,,,,,,,,,,,,,,,,,,,,,,,,,,,,,,390710184,39071018400065,43.22B,,,,,,,,,,,sirene,
EMI GENIE CLIMATIQUE,,,a contacter,,,,,,,,,,,,cvc,,AMIENS,,80,,,,,,,,,,,,,,,,,,,,,,,,,,,,,,,521479824,52147982400018,43.22B,,,,,,,,,,,sirene,
EMICA,,,a contacter,,,,,,,,,,,,cvc,,MONTREUIL,,93,,,,,,,,,,,,,,,,,,,,,,,,,,,,,,,407898030,40789803000017,43.22B,,,,,,,,,,,sirene,
EMINSTAL,,,a contacter,,,,,,,,,,,,cvc,,PARIS,,75,,,,,,,,,,,,,,,,,,,,,,,,,,,,,,,877500595,87750059500021,43.22A,,,,,,,,,,,sirene,
EMITEC,,,a contacter,,,,,,,,,,,,cvc,,ANET,,28,,,,,,,,,,,,,,,,,,,,,,,,,,,,,,,405139254,40513925400040,43.22B,,,,,,,,,,,sirene,
EMMAC,,,a contacter,,,,,,,,,,,,cvc,,ALFORTVILLE,,94,,,,,,,,,,,,,,,,,,,,,,,,,,,,,,,832141923,83214192300025,43.22B,,,,,,,,,,,sirene,
EMPC,,,a contacter,,,,,,,,,,,,cvc,,AUBAGNE,,13,,,,,,,,,,,,,,,,,,,,,,,,,,,,,,,850036229,85003622900035,43.22A,,,,,,,,,,,sirene,
EN ECO,,,a contacter,,,,,,,,,,,,cvc,,BRETTEVILLE-SUR-ODON,,14,,,,,,,,,,,,,,,,,,,,,,,,,,,,,,,883144941,88314494100035,43.29A,,,,,,,,,,,sirene,
EN VERT LA TERRE,,,a contacter,,,,,,,,,,,,cvc,,SAANE-SAINT-JUST,,76,,,,,,,,,,,,,,,,,,,,,,,,,,,,,,,512157488,51215748800010,43.22B,,,,,,,,,,,sirene,
EN'GO BOURGOGNE,,,a contacter,,,,,,,,,,,,cvc,,SENOZAN,,71,,,,,,,,,,,,,,,,,,,,,,,,,,,,,,,315535864,31553586400088,43.22A,,,,,,,,,,,sirene,
ENEOLE,,,a contacter,,,,,,,,,,,,cvc,,SOUAL,,81,,,,,,,,,,,,,,,,,,,,,,,,,,,,,,,520138025,52013802500017,43.22B,,,,,,,,,,,sirene,
ENERBLUE,,,a contacter,,,,,,,,,,,,cvc,,NOISY-LE-SEC,,93,,,,,,,,,,,,,,,,,,,,,,,,,,,,,,,908177546,90817754600011,43.29A,,,,,,,,,,,sirene,
ENERCLEAN ENR,,,a contacter,,,,,,,,,,,,cvc,,MONTESSON,,78,,,,,,,,,,,,,,,,,,,,,,,,,,,,,,,514747898,51474789800013,43.22B,,,,,,,,,,,sirene,
ENERGEBAT,,,a contacter,,,,,,,,,,,,cvc,,TILLOY-LES-MOFFLAINES,,62,,,,,,,,,,,,,,,,,,,,,,,,,,,,,,,792041097,79204109700033,43.22A,,,,,,,,,,,sirene,
ENERGECO,,,a contacter,,,,,,,,,,,,cvc,,BAS-EN-BASSET,,43,,,,,,,,,,,,,,,,,,,,,,,,,,,,,,,401291034,40129103400049,43.22B,,,,,,,,,,,sirene,
ENERGECO SERVICE,,,a contacter,,,,,,,,,,,,cvc,,BAS-EN-BASSET,,43,,,,,,,,,,,,,,,,,,,,,,,,,,,,,,,483652418,48365241800029,43.22B,,,,,,,,,,,sirene,
ENERGETIQUE SANITAIRE,,,a contacter,,,,,,,,,,,,cvc,,MARSEILLE,,13,,,,,,,,,,,,,,,,,,,,,,,,,,,,,,,788139913,78813991300024,43.22B,,,,,,,,,,,sirene,
ENERGETIQUE SERVICES,,,a contacter,,,,,,,,,,,,cvc,,MARSEILLE,,13,,,,,,,,,,,,,,,,,,,,,,,,,,,,,,,833868391,83386839100016,43.22B,,,,,,,,,,,sirene,
ENERGICAL,,,a contacter,,,,,,,,,,,,cvc,,SAINTE-EULALIE,,33,,,,,,,,,,,,,,,,,,,,,,,,,,,,,,,794118943,79411894300016,43.22A,,,,,,,,,,,sirene,
ENERGIE 2000 PLUS,,,a contacter,,,,,,,,,,,,cvc,,COSNE-COURS-SUR-LOIRE,,58,,,,,,,,,,,,,,,,,,,,,,,,,,,,,,,794456921,79445692100012,43.22B,,,,,,,,,,,sirene,
ENERGIE CHAUFFAGE CONFORT,,,a contacter,,,,,,,,,,,,cvc,,L'ISLE-D'ESPAGNAC,,16,,,,,,,,,,,,,,,,,,,,,,,,,,,,,,,750653677,75065367700013,43.22B,,,,,,,,,,,sirene,
ENERGIE CONCEPT,,,a contacter,,,,,,,,,,,,cvc,,SAINT-DENIS,,974,,,,,,,,,,,,,,,,,,,,,,,,,,,,,,,405296369,40529636900086,43.22B,,,,,,,,,,,sirene,
ENERGIE FROID,,,a contacter,,,,,,,,,,,,cvc,,VITRY-EN-ARTOIS,,62,,,,,,,,,,,,,,,,,,,,,,,,,,,,,,,528379423,52837942300015,43.22B,,,,,,,,,,,sirene,
ENERGIE MAINTENANCE TRAVAUX,,,a contacter,,,,,,,,,,,,cvc,,ANTONY,,92,,,,,,,,,,,,,,,,,,,,,,,,,,,,,,,410176689,41017668900033,43.22B,,,,,,,,,,,sirene,
ENERGIE PLUS 53,,,a contacter,,,,,,,,,,,,cvc,,LAVAL,,53,,,,,,,,,,,,,,,,,,,,,,,,,,,,,,,556750230,55675023000014,43.22B,,,,,,,,,,,sirene,
ENERGIE PRO SARL,,,a contacter,,,,,,,,,,,,cvc,,TURENNE,,19,,,,,,,,,,,,,,,,,,,,,,,,,,,,,,,498585991,49858599100025,43.22B,,,,,,,,,,,sirene,
ENERGIE RENOUVELABLE CHAUFFAGE CLIMATISATION,,,a contacter,,,,,,,,,,,,cvc,,BULLY,,69,,,,,,,,,,,,,,,,,,,,,,,,,,,,,,,501434013,50143401300022,43.22A,,,,,,,,,,,sirene,
ENERGIE THERMIE,,,a contacter,,,,,,,,,,,,cvc,,PARIS,,75,,,,,,,,,,,,,,,,,,,,,,,,,,,,,,,881400980,88140098000028,43.22B,,,,,,,,,,,sirene,
ENERGIE VERTE ALTERNATIVE,,,a contacter,,,,,,,,,,,,cvc,,L'ETANG-SALE,,974,,,,,,,,,,,,,,,,,,,,,,,,,,,,,,,512773912,51277391200039,43.22B,,,,,,,,,,,sirene,
ENERGIES CHAUFFAGE SANITAIRE,,,a contacter,,,,,,,,,,,,cvc,,SAINT-RAPHAEL,,83,,,,,,,,,,,,,,,,,,,,,,,,,,,,,,,818736076,81873607600022,43.22A,,,,,,,,,,,sirene,
ENERGIES DOUBS CONFORT,,,a contacter,,,,,,,,,,,,cvc,,VILLERSEXEL,,70,,,,,,,,,,,,,,,,,,,,,,,,,,,,,,,795083542,79508354200030,43.22A,,,,,,,,,,,sirene,
ENERGIES FLUIDES,,,a contacter,,,,,,,,,,,,cvc,,SAINT-ANDRE-DE-SANGONIS,,34,,,,,,,,,,,,,,,,,,,,,,,,,,,,,,,491638821,49163882100042,43.22B,,,,,,,,,,,sirene,
ENERGIES GREEN,,,a contacter,,,,,,,,,,,,cvc,,ETREMBIERES,,74,,,,,,,,,,,,,,,,,,,,,,,,,,,,,,,834357758,83435775800012,43.22B,,,,,,,,,,,sirene,
ENERGIES MAINTENANCE CHAUFFAGE CLIMATISATION - EMC2,,,a contacter,,,,,,,,,,,,cvc,,GAP,,05,,,,,,,,,,,,,,,,,,,,,,,,,,,,,,,477962484,47796248400010,43.22B,,,,,,,,,,,sirene,
ENERGIES RENOUVELABLES DU SUD OUEST,,,a contacter,,,,,,,,,,,,cvc,,BEAUZELLE,,31,,,,,,,,,,,,,,,,,,,,,,,,,,,,,,,484873930,48487393000032,43.22B,,,,,,,,,,,sirene,
ENERGIES TERRE SOLEIL,,,a contacter,,,,,,,,,,,,cvc,,CHARNY OREE DE PUISAYE,,89,,,,,,,,,,,,,,,,,,,,,,,,,,,,,,,499856870,49985687000039,43.22A,,,,,,,,,,,sirene,
ENERGIES TUYAUTERIES CONCEPT,,,a contacter,,,,,,,,,,,,cvc,,TOUL,,54,,,,,,,,,,,,,,,,,,,,,,,,,,,,,,,884776873,88477687300033,43.22A,,,,,,,,,,,sirene,
ENERGITEK,,,a contacter,,,,,,,,,,,,cvc,,TREGUEUX,,22,,,,,,,,,,,,,,,,,,,,,,,,,,,,,,,539616425,53961642500028,43.22B,,,,,,,,,,,sirene,
ENERGY CONTROL,,,a contacter,,,,,,,,,,,,cvc,,LE CANNET,,06,,,,,,,,,,,,,,,,,,,,,,,,,,,,,,,421499013,42149901300066,43.22B,,,,,,,,,,,sirene,
ENERGY HABITAT,,,a contacter,,,,,,,,,,,,cvc,,CHERBOURG-EN-COTENTIN,,50,,,,,,,,,,,,,,,,,,,,,,,,,,,,,,,789461019,78946101900034,43.22B,,,,,,,,,,,sirene,
ENERGY SERVICES 52,,,a contacter,,,,,,,,,,,,cvc,,CHAUMONT,,52,,,,,,,,,,,,,,,,,,,,,,,,,,,,,,,501770390,50177039000018,43.22B,,,,,,,,,,,sirene,
ENERGY.D,,,a contacter,,,,,,,,,,,,cvc,,NIMES,,30,,,,,,,,,,,,,,,,,,,,,,,,,,,,,,,478737489,47873748900037,43.22A,,,,,,,,,,,sirene,
ENERGYPOSE,,,a contacter,,,,,,,,,,,,cvc,,LYON,,69,,,,,,,,,,,,,,,,,,,,,,,,,,,,,,,844646448,84464644800051,43.22B,,,,,,,,,,,sirene,
ENERGYS,,,a contacter,,,,,,,,,,,,cvc,,MUDAISON,,34,,,,,,,,,,,,,,,,,,,,,,,,,,,,,,,479737926,47973792600044,43.22B,,,,,,,,,,,sirene,
ENF,,,a contacter,,,,,,,,,,,,cvc,,FONTAINES-SUR-SAONE,,69,,,,,,,,,,,,,,,,,,,,,,,,,,,,,,,432634376,43263437600052,43.29A,,,,,,,,,,,sirene,
ENIRIS,,,a contacter,,,,,,,,,,,,cvc,,SAINT-ETIENNE,,42,,,,,,,,,,,,,,,,,,,,,,,,,,,,,,,877588038,87758803800035,43.22A,,,,,,,,,,,sirene,
ENR GP,,,a contacter,,,,,,,,,,,,cvc,,BAIE-MAHAULT,,971,,,,,,,,,,,,,,,,,,,,,,,,,,,,,,,901683235,90168323500013,43.29A,,,,,,,,,,,sirene,
ENR PRO,,,a contacter,,,,,,,,,,,,cvc,,NOGENT-SUR-MARNE,,94,,,,,,,,,,,,,,,,,,,,,,,,,,,,,,,812967404,81296740400029,43.22B,,,,,,,,,,,sirene,
ENR PRO HABITAT,,,a contacter,,,,,,,,,,,,cvc,,PARIS,,75,,,,,,,,,,,,,,,,,,,,,,,,,,,,,,,838954261,83895426100049,43.29A,,,,,,,,,,,sirene,
ENR SUD-EST,,,a contacter,,,,,,,,,,,,cvc,,PUGET-SUR-ARGENS,,83,,,,,,,,,,,,,,,,,,,,,,,,,,,,,,,513160739,51316073900027,43.22B,,,,,,,,,,,sirene,
ENR2J,,,a contacter,,,,,,,,,,,,cvc,,FIGEAC,,46,,,,,,,,,,,,,,,,,,,,,,,,,,,,,,,501901730,50190173000033,43.22B,,,,,,,,,,,sirene,
ENRGIA,,,a contacter,,,,,,,,,,,,cvc,,VILLENEUVE-LA-GARENNE,,92,,,,,,,,,,,,,,,,,,,,,,,,,,,,,,,883701047,88370104700028,43.22B,,,,,,,,,,,sirene,
ENT ALAIN SIMON,,,a contacter,,,,,,,,,,,,cvc,,CHATEAUGAY,,63,,,,,,,,,,,,,,,,,,,,,,,,,,,,,,,423927839,42392783900039,43.22B,,,,,,,,,,,sirene,
ENT BERNARD POTIER.ANCIEN.ENT. R.PERROT,,,a contacter,,,,,,,,,,,,cvc,,NEVERS,,58,,,,,,,,,,,,,,,,,,,,,,,,,,,,,,,311665913,31166591300035,43.22B,,,,,,,,,,,sirene,
ENT. LEBRETON,,,a contacter,,,,,,,,,,,,cvc,,VERSON,,14,,,,,,,,,,,,,,,,,,,,,,,,,,,,,,,449567502,44956750200025,43.22B,,,,,,,,,,,sirene,
ENT. THOUVENIN PHILIPPE,,,a contacter,,,,,,,,,,,,cvc,,MARLY,,57,,,,,,,,,,,,,,,,,,,,,,,,,,,,,,,819704917,81970491700015,43.22B,,,,,,,,,,,sirene,
ENTREP SANITAIRE CHAUFFAGE VENTILATION,,,a contacter,,,,,,,,,,,,cvc,,MARLY,,59,,,,,,,,,,,,,,,,,,,,,,,,,,,,,,,344357496,34435749600035,43.22A,,,,,,,,,,,sirene,
ENTREPRISE A. VIRGILI,,,a contacter,,,,,,,,,,,,cvc,,BERTRANGE,,57,,,,,,,,,,,,,,,,,,,,,,,,,,,,,,,787280049,78728004900026,43.22B,,,,,,,,,,,sirene,
ENTREPRISE ALAIN GARTISER,,,a contacter,,,,,,,,,,,,cvc,,TROYES,,10,,,,,,,,,,,,,,,,,,,,,,,,,,,,,,,353247588,35324758800026,43.22A,,,,,,,,,,,sirene,
ENTREPRISE ARTIGAUD,,,a contacter,,,,,,,,,,,,cvc,,PLEUDANIEL,,22,,,,,,,,,,,,,,,,,,,,,,,,,,,,,,,450604418,45060441800027,43.22A,,,,,,,,,,,sirene,
ENTREPRISE BAROUMES,,,a contacter,,,,,,,,,,,,cvc,,VILLENAVE-D'ORNON,,33,,,,,,,,,,,,,,,,,,,,,,,,,,,,,,,439701525,43970152500032,43.22A,,,,,,,,,,,sirene,
ENTREPRISE BEDOURET,,,a contacter,,,,,,,,,,,,cvc,,GRENADE SUR GARONNE,,31,,,,,,,,,,,,,,,,,,,,,,,,,,,,,,,449466937,44946693700025,43.22B,,,,,,,,,,,sirene,
ENTREPRISE BENOIT GUYOT,,,a contacter,,,,,,,,,,,,cvc,,FILLINGES,,74,,,,,,,,,,,,,,,,,,,,,,,,,,,,,,,492772967,49277296700047,43.22B,,,,,,,,,,,sirene,
ENTREPRISE BERNARD LEMAITRE,,,a contacter,,,,,,,,,,,,cvc,,PARIS,,75,,,,,,,,,,,,,,,,,,,,,,,,,,,,,,,312906126,31290612600023,43.22A,,,,,,,,,,,sirene,
ENTREPRISE BERNARDI,,,a contacter,,,,,,,,,,,,cvc,,ANNECY,,74,,,,,,,,,,,,,,,,,,,,,,,,,,,,,,,343187167,34318716700030,43.22B,,,,,,,,,,,sirene,
ENTREPRISE BESSE,,,a contacter,,,,,,,,,,,,cvc,,ATHEE SUR CHER,,37,,,,,,,,,,,,,,,,,,,,,,,,,,,,,,,515329886,51532988600029,43.22A,,,,,,,,,,,sirene,
ENTREPRISE BIANCHI MARC,,,a contacter,,,,,,,,,,,,cvc,,PEGOMAS,,06,,,,,,,,,,,,,,,,,,,,,,,,,,,,,,,383589611,38358961100037,43.22A,,,,,,,,,,,sirene,
ENTREPRISE BICHOT,,,a contacter,,,,,,,,,,,,cvc,,SAINTE-MARIE-DES-CHAMPS,,76,,,,,,,,,,,,,,,,,,,,,,,,,,,,,,,975980103,97598010300033,43.22B,,,,,,,,,,,sirene,
ENTREPRISE BINET,,,a contacter,,,,,,,,,,,,cvc,,SAINT-APOLLINAIRE,,21,,,,,,,,,,,,,,,,,,,,,,,,,,,,,,,819985763,81998576300021,43.22B,,,,,,,,,,,sirene,
ENTREPRISE BLANCHET,,,a contacter,,,,,,,,,,,,cvc,,CLERMONT-FERRAND,,63,,,,,,,,,,,,,,,,,,,,,,,,,,,,,,,869200543,86920054300039,43.22B,,,,,,,,,,,sirene,
ENTREPRISE BOCENO,,,a contacter,,,,,,,,,,,,cvc,,NIVILLAC,,56,,,,,,,,,,,,,,,,,,,,,,,,,,,,,,,503846693,50384669300011,43.22A,,,,,,,,,,,sirene,
ENTREPRISE BOUVARD,,,a contacter,,,,,,,,,,,,cvc,,VAULX-EN-VELIN,,69,,,,,,,,,,,,,,,,,,,,,,,,,,,,,,,302314943,30231494300044,43.22A,,,,,,,,,,,sirene,
ENTREPRISE BRIAND,,,a contacter,,,,,,,,,,,,cvc,,MONDOUBLEAU,,41,,,,,,,,,,,,,,,,,,,,,,,,,,,,,,,339787525,33978752500031,43.22A,,,,,,,,,,,sirene,
ENTREPRISE BRULAIRE,,,a contacter,,,,,,,,,,,,cvc,,DEUIL-LA-BARRE,,95,,,,,,,,,,,,,,,,,,,,,,,,,,,,,,,702010364,70201036400025,43.22A,,,,,,,,,,,sirene,
ENTREPRISE CASSAN,,,a contacter,,,,,,,,,,,,cvc,,BEZIERS,,34,,,,,,,,,,,,,,,,,,,,,,,,,,,,,,,662920503,66292050300049,43.22A,,,,,,,,,,,sirene,
ENTREPRISE CERETTI,,,a contacter,,,,,,,,,,,,cvc,,SUCY-EN-BRIE,,94,,,,,,,,,,,,,,,,,,,,,,,,,,,,,,,652038597,65203859700041,43.22B,,,,,,,,,,,sirene,
ENTREPRISE CHABANAL ET FILS,,,a contacter,,,,,,,,,,,,cvc,,VALENCE,,26,,,,,,,,,,,,,,,,,,,,,,,,,,,,,,,436580484,43658048400018,43.22A,,,,,,,,,,,sirene,
ENTREPRISE CHABERT ET TURBIN,,,a contacter,,,,,,,,,,,,cvc,,MOUTIERS,,73,,,,,,,,,,,,,,,,,,,,,,,,,,,,,,,318473782,31847378200064,43.22B,,,,,,,,,,,sirene,
ENTREPRISE CHARLES PEREIRA,,,a contacter,,,,,,,,,,,,cvc,,PARIS,,75,,,,,,,,,,,,,,,,,,,,,,,,,,,,,,,508728557,50872855700036,43.22A,,,,,,,,,,,sirene,
ENTREPRISE CHARPENTIER,,,a contacter,,,,,,,,,,,,cvc,,BRETIGNY-SUR-ORGE,,91,,,,,,,,,,,,,,,,,,,,,,,,,,,,,,,326422219,32642221900021,43.22B,,,,,,,,,,,sirene,
ENTREPRISE CHRISTOPHE BOUCHEZ,,,a contacter,,,,,,,,,,,,cvc,,FRETHUN,,62,,,,,,,,,,,,,,,,,,,,,,,,,,,,,,,418210639,41821063900021,43.22B,,,,,,,,,,,sirene,
ENTREPRISE CLAIRON,,,a contacter,,,,,,,,,,,,cvc,,PARIS,,75,,,,,,,,,,,,,,,,,,,,,,,,,,,,,,,572227296,57222729600033,43.22A,,,,,,,,,,,sirene,
ENTREPRISE COCATRIX COLLOMB,,,a contacter,,,,,,,,,,,,cvc,,ANNECY,,74,,,,,,,,,,,,,,,,,,,,,,,,,,,,,,,321658536,32165853600024,43.22B,,,,,,,,,,,sirene,
ENTREPRISE CONDAMINE,,,a contacter,,,,,,,,,,,,cvc,,BESANCON,,25,,,,,,,,,,,,,,,,,,,,,,,,,,,,,,,328347646,32834764600023,43.22A,,,,,,,,,,,sirene,
ENTREPRISE COULET,,,a contacter,,,,,,,,,,,,cvc,,LES ARCS,,83,,,,,,,,,,,,,,,,,,,,,,,,,,,,,,,480336569,48033656900037,43.22B,,,,,,,,,,,sirene,
ENTREPRISE COUTANT,,,a contacter,,,,,,,,,,,,cvc,,AIFFRES,,79,,,,,,,,,,,,,,,,,,,,,,,,,,,,,,,421582958,42158295800037,43.22A,,,,,,,,,,,sirene,
ENTREPRISE COUTAREL,,,a contacter,,,,,,,,,,,,cvc,,LEZOUX,,63,,,,,,,,,,,,,,,,,,,,,,,,,,,,,,,301073300,30107330000024,43.22B,,,,,,,,,,,sirene,
ENTREPRISE D'ELECTRICITE DUBOST-RECORBET,,,a contacter,,,,,,,,,,,,cvc,,SAIN-BEL,,69,,,,,,,,,,,,,,,,,,,,,,,,,,,,,,,683780126,68378012600051,43.22A,,,,,,,,,,,sirene,
ENTREPRISE DACHICOURT ET FILS,,,a contacter,,,,,,,,,,,,cvc,,ETAPLES,,62,,,,,,,,,,,,,,,,,,,,,,,,,,,,,,,388090888,38809088800032,43.22A,,,,,,,,,,,sirene,
ENTREPRISE DE CALORIFUGEAGE INDUSTRIEL,,,a contacter,,,,,,,,,,,,cvc,,ANGOULEME,,16,,,,,,,,,,,,,,,,,,,,,,,,,,,,,,,400342168,40034216800046,43.22B,,,,,,,,,,,sirene,
ENTREPRISE DE PLOMBERIE CHAUFFAGE ELECTRICITE JEAN LOUIS LEJOT,,,a contacter,,,,,,,,,,,,cvc,,LOUROUER-SAINT-LAURENT,,36,,,,,,,,,,,,,,,,,,,,,,,,,,,,,,,334515376,33451537600013,43.22A,,,,,,,,,,,sirene,
ENTREPRISE DECROI,,,a contacter,,,,,,,,,,,,cvc,,SAINT-MALO,,35,,,,,,,,,,,,,,,,,,,,,,,,,,,,,,,352972822,35297282200030,43.22A,,,,,,,,,,,sirene,
ENTREPRISE DESBOIS,,,a contacter,,,,,,,,,,,,cvc,,COSNE-COURS-SUR-LOIRE,,58,,,,,,,,,,,,,,,,,,,,,,,,,,,,,,,832312698,83231269800026,43.22A,,,,,,,,,,,sirene,
ENTREPRISE DETOISIEN SAS,,,a contacter,,,,,,,,,,,,cvc,,CACHAN,,94,,,,,,,,,,,,,,,,,,,,,,,,,,,,,,,339766024,33976602400022,43.22A,,,,,,,,,,,sirene,
ENTREPRISE DIDIER BAZIN,,,a contacter,,,,,,,,,,,,cvc,,ESSIGNY-LE-PETIT,,02,,,,,,,,,,,,,,,,,,,,,,,,,,,,,,,344696406,34469640600018,43.22A,,,,,,,,,,,sirene,
ENTREPRISE DIEULANGARD,,,a contacter,,,,,,,,,,,,cvc,,QUESSOY,,22,,,,,,,,,,,,,,,,,,,,,,,,,,,,,,,408778710,40877871000025,43.22A,,,,,,,,,,,sirene,
ENTREPRISE DORIDON,,,a contacter,,,,,,,,,,,,cvc,,CRECHES-SUR-SAONE,,71,,,,,,,,,,,,,,,,,,,,,,,,,,,,,,,477495220,47749522000022,43.22B,,,,,,,,,,,sirene,
ENTREPRISE DUMOLARD,,,a contacter,,,,,,,,,,,,cvc,,ROMAGNAT,,63,,,,,,,,,,,,,,,,,,,,,,,,,,,,,,,384201521,38420152100034,43.22A,,,,,,,,,,,sirene,
ENTREPRISE EAU SOLUTIONS,,,a contacter,,,,,,,,,,,,cvc,,LIVRY-GARGAN,,93,,,,,,,,,,,,,,,,,,,,,,,,,,,,,,,848398426,84839842600017,43.22A,,,,,,,,,,,sirene,
ENTREPRISE F.MAILLET,,,a contacter,,,,,,,,,,,,cvc,,LYON,,69,,,,,,,,,,,,,,,,,,,,,,,,,,,,,,,972501209,97250120900092,43.22B,,,,,,,,,,,sirene,
ENTREPRISE FABISOL,,,a contacter,,,,,,,,,,,,cvc,,SPYCKER,,59,,,,,,,,,,,,,,,,,,,,,,,,,,,,,,,825374820,82537482000025,43.29A,,,,,,,,,,,sirene,
ENTREPRISE FERRANTE SAV,,,a contacter,,,,,,,,,,,,cvc,,GRENOBLE,,38,,,,,,,,,,,,,,,,,,,,,,,,,,,,,,,405312216,40531221600030,43.22B,,,,,,,,,,,sirene,
ENTREPRISE FERRARD ET COMPAGNIE,,,a contacter,,,,,,,,,,,,cvc,,SAINT-ETIENNE,,42,,,,,,,,,,,,,,,,,,,,,,,,,,,,,,,654500537,65450053700034,43.22B,,,,,,,,,,,sirene,
ENTREPRISE FICHET,,,a contacter,,,,,,,,,,,,cvc,,POITIERS,,86,,,,,,,,,,,,,,,,,,,,,,,,,,,,,,,326880325,32688032500062,43.22B,,,,,,,,,,,sirene,
ENTREPRISE FLAMANT,,,a contacter,,,,,,,,,,,,cvc,,VILLIERS-SUR-MARNE,,94,,,,,,,,,,,,,,,,,,,,,,,,,,,,,,,309385094,30938509400029,43.22A,,,,,,,,,,,sirene,
ENTREPRISE FLORENT GUILLOT,,,a contacter,,,,,,,,,,,,cvc,,CLERMONT-FERRAND,,63,,,,,,,,,,,,,,,,,,,,,,,,,,,,,,,316101153,31610115300021,43.22A,,,,,,,,,,,sirene,
ENTREPRISE FOLTIER-RIGLET,,,a contacter,,,,,,,,,,,,cvc,,CHAON,,41,,,,,,,,,,,,,,,,,,,,,,,,,,,,,,,411507783,41150778300024,43.22A,,,,,,,,,,,sirene,
ENTREPRISE FOUCHARD,,,a contacter,,,,,,,,,,,,cvc,,COUTANCES,,50,,,,,,,,,,,,,,,,,,,,,,,,,,,,,,,377730874,37773087400015,43.22B,,,,,,,,,,,sirene,
ENTREPRISE FRANK,,,a contacter,,,,,,,,,,,,cvc,,OSTWALD,,67,,,,,,,,,,,,,,,,,,,,,,,,,,,,,,,718502438,71850243800028,43.22A,,,,,,,,,,,sirene,
ENTREPRISE GALLE,,,a contacter,,,,,,,,,,,,cvc,,ROMAGNE,,35,,,,,,,,,,,,,,,,,,,,,,,,,,,,,,,729200667,72920066700032,43.22B,,,,,,,,,,,sirene,
ENTREPRISE GARDES ET LAROCHE,,,a contacter,,,,,,,,,,,,cvc,,ROANNE,,42,,,,,,,,,,,,,,,,,,,,,,,,,,,,,,,302344007,30234400700026,43.22B,,,,,,,,,,,sirene,
ENTREPRISE GASQUET SARL,,,a contacter,,,,,,,,,,,,cvc,,DRAGUIGNAN,,83,,,,,,,,,,,,,,,,,,,,,,,,,,,,,,,732850433,73285043300028,43.22B,,,,,,,,,,,sirene,
ENTREPRISE GATEAU FRERES,,,a contacter,,,,,,,,,,,,cvc,,SAINT-GILLES-CROIX-DE-VIE,,85,,,,,,,,,,,,,,,,,,,,,,,,,,,,,,,320462278,32046227800039,43.22B,,,,,,,,,,,sirene,
ENTREPRISE GAYET SA,,,a contacter,,,,,,,,,,,,cvc,,TINQUEUX,,51,,,,,,,,,,,,,,,,,,,,,,,,,,,,,,,301211736,30121173600014,43.22B,,,,,,,,,,,sirene,
ENTREPRISE GENERALE DE CHAUFFAGE,,,a contacter,,,,,,,,,,,,cvc,,PUSEY,,70,,,,,,,,,,,,,,,,,,,,,,,,,,,,,,,320587884,32058788400018,43.22B,,,,,,,,,,,sirene,
ENTREPRISE GENERALE ELECTRIQUE,,,a contacter,,,,,,,,,,,,cvc,,TOULOUSE,,31,,,,,,,,,,,,,,,,,,,,,,,,,,,,,,,660801051,66080105100039,43.22B,,,,,,,,,,,sirene,
ENTREPRISE GENERALE ISOLATION PLATRERIE PLAFONDS,,,a contacter,,,,,,,,,,,,cvc,,MAGNY-LES-HAMEAUX,,78,,,,,,,,,,,,,,,,,,,,,,,,,,,,,,,791825169,79182516900026,43.29A,,,,,,,,,,,sirene,
ENTREPRISE GEORGES MAGALHAES,,,a contacter,,,,,,,,,,,,cvc,,CAUDEBEC-LES-ELBEUF,,76,,,,,,,,,,,,,,,,,,,,,,,,,,,,,,,347480733,34748073300034,43.29A,,,,,,,,,,,sirene,
ENTREPRISE GIGNAC ET COMPAGNIE,,,a contacter,,,,,,,,,,,,cvc,,LANGEAC,,43,,,,,,,,,,,,,,,,,,,,,,,,,,,,,,,667220016,66722001600055,43.22A,,,,,,,,,,,sirene,
ENTREPRISE GILLET,,,a contacter,,,,,,,,,,,,cvc,,CHARANCIEU,,38,,,,,,,,,,,,,,,,,,,,,,,,,,,,,,,653620161,65362016100030,43.22B,,,,,,,,,,,sirene,
ENTREPRISE GLE SERVICES ET MAINTENANCE,,,a contacter,,,,,,,,,,,,cvc,,SARREGUEMINES,,57,,,,,,,,,,,,,,,,,,,,,,,,,,,,,,,399831809,39983180900021,43.22B,,,,,,,,,,,sirene,
ENTREPRISE GONCALVES PLAN,,,a contacter,,,,,,,,,,,,cvc,,VAUX-LE-PENIL,,77,,,,,,,,,,,,,,,,,,,,,,,,,,,,,,,492583943,49258394300039,43.22A,,,,,,,,,,,sirene,
ENTREPRISE GRANDSIRE ET FILS,,,a contacter,,,,,,,,,,,,cvc,,AUMALE,,76,,,,,,,,,,,,,,,,,,,,,,,,,,,,,,,320118144,32011814400015,43.22B,,,,,,,,,,,sirene,
ENTREPRISE GREGGIO SA,,,a contacter,,,,,,,,,,,,cvc,,LA ROCHE-SUR-FORON,,74,,,,,,,,,,,,,,,,,,,,,,,,,,,,,,,605817105,60581710500030,43.22B,,,,,,,,,,,sirene,
ENTREPRISE GUIBAN SA,,,a contacter,,,,,,,,,,,,cvc,,CAUDAN,,56,,,,,,,,,,,,,,,,,,,,,,,,,,,,,,,321933616,32193361600013,43.22B,,,,,,,,,,,sirene,
ENTREPRISE GUILLO,,,a contacter,,,,,,,,,,,,cvc,,MEAUX,,77,,,,,,,,,,,,,,,,,,,,,,,,,,,,,,,747251536,74725153600021,43.22A,,,,,,,,,,,sirene,
ENTREPRISE GUITARD,,,a contacter,,,,,,,,,,,,cvc,,FONTAINE-LES-DIJON,,21,,,,,,,,,,,,,,,,,,,,,,,,,,,,,,,530970557,53097055700035,43.22A,,,,,,,,,,,sirene,
ENTREPRISE GUY ARTUS,,,a contacter,,,,,,,,,,,,cvc,,CHATOU,,78,,,,,,,,,,,,,,,,,,,,,,,,,,,,,,,384931507,38493150700014,43.22A,,,,,,,,,,,sirene,
ENTREPRISE HOUSSIN ET FILS,,,a contacter,,,,,,,,,,,,cvc,,CORBIGNY,,58,,,,,,,,,,,,,,,,,,,,,,,,,,,,,,,400163820,40016382000022,43.22A,,,,,,,,,,,sirene,
ENTREPRISE J BURLINCHON ET FILS,,,a contacter,,,,,,,,,,,,cvc,,PUSIGNAN,,69,,,,,,,,,,,,,,,,,,,,,,,,,,,,,,,350703138,35070313800031,43.22B,,,,,,,,,,,sirene,
ENTREPRISE J. J. FOSSARD,,,a contacter,,,,,,,,,,,,cvc,,FONTAINEBLEAU,,77,,,,,,,,,,,,,,,,,,,,,,,,,,,,,,,300217692,30021769200015,43.22A,,,,,,,,,,,sirene,
ENTREPRISE J.BELMONTE & FILS,,,a contacter,,,,,,,,,,,,cvc,,L'UNION,,31,,,,,,,,,,,,,,,,,,,,,,,,,,,,,,,321251506,32125150600028,43.22B,,,,,,,,,,,sirene,
ENTREPRISE JUSTUMUS,,,a contacter,,,,,,,,,,,,cvc,,AUCH,,32,,,,,,,,,,,,,,,,,,,,,,,,,,,,,,,396720146,39672014600028,43.22B,,,,,,,,,,,sirene,
ENTREPRISE LE CAMUS,,,a contacter,,,,,,,,,,,,cvc,,CLAIROIX,,60,,,,,,,,,,,,,,,,,,,,,,,,,,,,,,,398952176,39895217600020,43.22B,,,,,,,,,,,sirene,
ENTREPRISE LE MENER,,,a contacter,,,,,,,,,,,,cvc,,ECOUFLANT,,49,,,,,,,,,,,,,,,,,,,,,,,,,,,,,,,442859880,44285988000035,43.22B,,,,,,,,,,,sirene,
ENTREPRISE LEBLOND,,,a contacter,,,,,,,,,,,,cvc,,LE PERREY,,27,,,,,,,,,,,,,,,,,,,,,,,,,,,,,,,419501937,41950193700025,43.22B,,,,,,,,,,,sirene,
ENTREPRISE LECOMTE,,,a contacter,,,,,,,,,,,,cvc,,SAINT-FLORENT-SUR-CHER,,18,,,,,,,,,,,,,,,,,,,,,,,,,,,,,,,319357240,31935724000039,43.29A,,,,,,,,,,,sirene,
ENTREPRISE LEFORT FRANCHETEAU,,,a contacter,,,,,,,,,,,,cvc,,RUEIL MALMAISON,,92,,,,,,,,,,,,,,,,,,,,,,,,,,,,,,,326566148,32656614800077,43.22B,,,,,,,,,,,sirene,
ENTREPRISE LEGER - PAGNY,,,a contacter,,,,,,,,,,,,cvc,,PARIS,,75,,,,,,,,,,,,,,,,,,,,,,,,,,,,,,,572104057,57210405700037,43.22A,,,,,,,,,,,sirene,
ENTREPRISE LEROY,,,a contacter,,,,,,,,,,,,cvc,,BRUNOY,,91,,,,,,,,,,,,,,,,,,,,,,,,,,,,,,,969201201,96920120100023,43.22A,,,,,,,,,,,sirene,
ENTREPRISE LEVEQUE,,,a contacter,,,,,,,,,,,,cvc,,PITHIVIERS,,45,,,,,,,,,,,,,,,,,,,,,,,,,,,,,,,507607497,50760749700017,43.22A,,,,,,,,,,,sirene,
ENTREPRISE LEZORAY,,,a contacter,,,,,,,,,,,,cvc,,VERSON,,14,,,,,,,,,,,,,,,,,,,,,,,,,,,,,,,817508856,81750885600025,43.22A,,,,,,,,,,,sirene,
ENTREPRISE LIEVRE ET FILS,,,a contacter,,,,,,,,,,,,cvc,,SAINT-FONS,,69,,,,,,,,,,,,,,,,,,,,,,,,,,,,,,,324205525,32420552500037,43.22A,,,,,,,,,,,sirene,
ENTREPRISE LOYER,,,a contacter,,,,,,,,,,,,cvc,,SAINT-GERVAIS-LA-FORET,,41,,,,,,,,,,,,,,,,,,,,,,,,,,,,,,,380456384,38045638400029,43.22A,,,,,,,,,,,sirene,
ENTREPRISE MARC ROUSSEL,,,a contacter,,,,,,,,,,,,cvc,,COUPVRAY,,77,,,,,,,,,,,,,,,,,,,,,,,,,,,,,,,347990319,34799031900035,43.22B,,,,,,,,,,,sirene,
ENTREPRISE MAS,,,a contacter,,,,,,,,,,,,cvc,,RAMONVILLE-SAINT-AGNE,,31,,,,,,,,,,,,,,,,,,,,,,,,,,,,,,,352204150,35220415000044,43.22A,,,,,,,,,,,sirene,
ENTREPRISE MASSON,,,a contacter,,,,,,,,,,,,cvc,,PONT-SAINTE-MARIE,,10,,,,,,,,,,,,,,,,,,,,,,,,,,,,,,,572880052,57288005200020,43.22B,,,,,,,,,,,sirene,
ENTREPRISE MAUREL,,,a contacter,,,,,,,,,,,,cvc,,SAINT-MARTIN-DE-QUEYRIERES,,05,,,,,,,,,,,,,,,,,,,,,,,,,,,,,,,379767585,37976758500019,43.22B,,,,,,,,,,,sirene,
ENTREPRISE MICHAEL BONNION,,,a contacter,,,,,,,,,,,,cvc,,MEAUX,,77,,,,,,,,,,,,,,,,,,,,,,,,,,,,,,,792236044,79223604400030,43.22A,,,,,,,,,,,sirene,
ENTREPRISE MICHALET VIALON EMV,,,a contacter,,,,,,,,,,,,cvc,,RIVE-DE-GIER,,42,,,,,,,,,,,,,,,,,,,,,,,,,,,,,,,393667738,39366773800032,43.22A,,,,,,,,,,,sirene,
ENTREPRISE MICHEL GAIDDON,,,a contacter,,,,,,,,,,,,cvc,,RAMATUELLE,,83,,,,,,,,,,,,,,,,,,,,,,,,,,,,,,,312550189,31255018900020,43.22B,,,,,,,,,,,sirene,
ENTREPRISE MICHEL PERRET,,,a contacter,,,,,,,,,,,,cvc,,CHAMBERY,,73,,,,,,,,,,,,,,,,,,,,,,,,,,,,,,,311934053,31193405300019,43.22A,,,,,,,,,,,sirene,
ENTREPRISE MIROUX,,,a contacter,,,,,,,,,,,,cvc,,LILLE,,59,,,,,,,,,,,,,,,,,,,,,,,,,,,,,,,472502871,47250287100040,43.22B,,,,,,,,,,,sirene,
ENTREPRISE MOLIN,,,a contacter,,,,,,,,,,,,cvc,,ARBOIS,,39,,,,,,,,,,,,,,,,,,,,,,,,,,,,,,,626680094,62668009400028,43.22B,,,,,,,,,,,sirene,
ENTREPRISE MOOS,,,a contacter,,,,,,,,,,,,cvc,,AMPLEPUIS,,69,,,,,,,,,,,,,,,,,,,,,,,,,,,,,,,304952153,30495215300027,43.22B,,,,,,,,,,,sirene,
ENTREPRISE MORAND,,,a contacter,,,,,,,,,,,,cvc,,VIERZON,,18,,,,,,,,,,,,,,,,,,,,,,,,,,,,,,,423150739,42315073900013,43.22A,,,,,,,,,,,sirene,
ENTREPRISE MOREL ET COMPAGNIE,,,a contacter,,,,,,,,,,,,cvc,,THIAIS,,94,,,,,,,,,,,,,,,,,,,,,,,,,,,,,,,682021506,68202150600022,43.22A,,,,,,,,,,,sirene,
ENTREPRISE MORESVE,,,a contacter,,,,,,,,,,,,cvc,,LES PONTS-DE-CE,,49,,,,,,,,,,,,,,,,,,,,,,,,,,,,,,,385159751,38515975100028,43.22A,,,,,,,,,,,sirene,
ENTREPRISE MOUROUX,,,a contacter,,,,,,,,,,,,cvc,,CHATEAUROUX,,36,,,,,,,,,,,,,,,,,,,,,,,,,,,,,,,315080085,31508008500022,43.22A,,,,,,,,,,,sirene,
ENTREPRISE MULLER JMCD,,,a contacter,,,,,,,,,,,,cvc,,BONNEUIL-EN-FRANCE,,95,,,,,,,,,,,,,,,,,,,,,,,,,,,,,,,391187499,39118749900051,43.22A,,,,,,,,,,,sirene,
ENTREPRISE NEAULT,,,a contacter,,,,,,,,,,,,cvc,,LES SABLES D'OLONNE,,85,,,,,,,,,,,,,,,,,,,,,,,,,,,,,,,384178125,38417812500017,43.22A,,,,,,,,,,,sirene,
ENTREPRISE NERVET BROUSSEAU,,,a contacter,,,,,,,,,,,,cvc,,EPERNON,,28,,,,,,,,,,,,,,,,,,,,,,,,,,,,,,,806420600,80642060000025,43.22B,,,,,,,,,,,sirene,
ENTREPRISE NOUVELLE DU SUD EST,,,a contacter,,,,,,,,,,,,cvc,,LA PENNE-SUR-HUVEAUNE,,13,,,,,,,,,,,,,,,,,,,,,,,,,,,,,,,412769879,41276987900021,43.22A,,,,,,,,,,,sirene,
ENTREPRISE O ESTRADE,,,a contacter,,,,,,,,,,,,cvc,,PARIS,,75,,,,,,,,,,,,,,,,,,,,,,,,,,,,,,,592019806,59201980600047,43.22A,,,,,,,,,,,sirene,
ENTREPRISE OUVRARD,,,a contacter,,,,,,,,,,,,cvc,,LES HERBIERS,,85,,,,,,,,,,,,,,,,,,,,,,,,,,,,,,,314870387,31487038700045,43.22B,,,,,,,,,,,sirene,
ENTREPRISE P. ESSIQUE,,,a contacter,,,,,,,,,,,,cvc,,SAINT QUENTIN,,02,,,,,,,,,,,,,,,,,,,,,,,,,,,,,,,309384071,30938407100036,43.22A,,,,,,,,,,,sirene,
ENTREPRISE PARENTON ET FILS,,,a contacter,,,,,,,,,,,,cvc,,CARRIERES-SUR-SEINE,,78,,,,,,,,,,,,,,,,,,,,,,,,,,,,,,,609800594,60980059400028,43.22A,,,,,,,,,,,sirene,
ENTREPRISE PASDELOUP,,,a contacter,,,,,,,,,,,,cvc,,NICE,,06,,,,,,,,,,,,,,,,,,,,,,,,,,,,,,,334687217,33468721700011,43.22A,,,,,,,,,,,sirene,
ENTREPRISE PATIE MICHEL,,,a contacter,,,,,,,,,,,,cvc,,CARROS,,06,,,,,,,,,,,,,,,,,,,,,,,,,,,,,,,408608503,40860850300020,43.22A,,,,,,,,,,,sirene,
ENTREPRISE PATTOU,,,a contacter,,,,,,,,,,,,cvc,,LE PERREUX-SUR-MARNE,,94,,,,,,,,,,,,,,,,,,,,,,,,,,,,,,,732010657,73201065700037,43.22A,,,,,,,,,,,sirene,
ENTREPRISE PERRY,,,a contacter,,,,,,,,,,,,cvc,,PAU,,64,,,,,,,,,,,,,,,,,,,,,,,,,,,,,,,487715831,48771583100037,43.22B,,,,,,,,,,,sirene,
ENTREPRISE PICHOT ANDRE ET COMPAGNIE,,,a contacter,,,,,,,,,,,,cvc,,LEMPDES,,63,,,,,,,,,,,,,,,,,,,,,,,,,,,,,,,870200441,87020044100026,43.22A,,,,,,,,,,,sirene,
ENTREPRISE PICOULET,,,a contacter,,,,,,,,,,,,cvc,,SAINT-SOZY,,46,,,,,,,,,,,,,,,,,,,,,,,,,,,,,,,439675190,43967519000029,43.22A,,,,,,,,,,,sirene,
ENTREPRISE PIERRE COLLINET,,,a contacter,,,,,,,,,,,,cvc,,MEXIMIEUX,,01,,,,,,,,,,,,,,,,,,,,,,,,,,,,,,,771201266,77120126600026,43.22A,,,,,,,,,,,sirene,
ENTREPRISE PILLET DANIEL,,,a contacter,,,,,,,,,,,,cvc,,SAINT-BALDOPH,,73,,,,,,,,,,,,,,,,,,,,,,,,,,,,,,,348235805,34823580500028,43.22B,,,,,,,,,,,sirene,
ENTREPRISE PIOLAIN,,,a contacter,,,,,,,,,,,,cvc,,SAINT-MICHEL-CHEF-CHEF,,44,,,,,,,,,,,,,,,,,,,,,,,,,,,,,,,452741655,45274165500024,43.22A,,,,,,,,,,,sirene,
ENTREPRISE PIZON ET CIE,,,a contacter,,,,,,,,,,,,cvc,,MONTLUCON,,03,,,,,,,,,,,,,,,,,,,,,,,,,,,,,,,915850127,91585012700084,43.22A,,,,,,,,,,,sirene,
ENTREPRISE POINT SERVICE,,,a contacter,,,,,,,,,,,,cvc,,GISORS,,27,,,,,,,,,,,,,,,,,,,,,,,,,,,,,,,431391770,43139177000028,43.22B,,,,,,,,,,,sirene,
ENTREPRISE POMMEREUL,,,a contacter,,,,,,,,,,,,cvc,,LECOUSSE,,35,,,,,,,,,,,,,,,,,,,,,,,,,,,,,,,382185700,38218570000020,43.22A,,,,,,,,,,,sirene,
ENTREPRISE POTIER ET FILS,,,a contacter,,,,,,,,,,,,cvc,,SEMUR-EN-AUXOIS,,21,,,,,,,,,,,,,,,,,,,,,,,,,,,,,,,514563642,51456364200024,43.22A,,,,,,,,,,,sirene,
ENTREPRISE PRIEZ,,,a contacter,,,,,,,,,,,,cvc,,FONTENAY-AUX-ROSES,,92,,,,,,,,,,,,,,,,,,,,,,,,,,,,,,,348731217,34873121700017,43.22A,,,,,,,,,,,sirene,
ENTREPRISE PROTAIN,,,a contacter,,,,,,,,,,,,cvc,,IGNEY,,88,,,,,,,,,,,,,,,,,,,,,,,,,,,,,,,520521931,52052193100029,43.22B,,,,,,,,,,,sirene,
ENTREPRISE PROVENCALE D'ISOLATION,,,a contacter,,,,,,,,,,,,cvc,,SAINT-LAURENT-DU-VAR,,06,,,,,,,,,,,,,,,,,,,,,,,,,,,,,,,309688091,30968809100110,43.29A,,,,,,,,,,,sirene,
ENTREPRISE ROGER PLASSE,,,a contacter,,,,,,,,,,,,cvc,,POMMIERS,,69,,,,,,,,,,,,,,,,,,,,,,,,,,,,,,,342954864,34295486400035,43.22A,,,,,,,,,,,sirene,
ENTREPRISE ROMOLI,,,a contacter,,,,,,,,,,,,cvc,,SOUCIEU-EN-JARREST,,69,,,,,,,,,,,,,,,,,,,,,,,,,,,,,,,492245113,49224511300021,43.22B,,,,,,,,,,,sirene,
ENTREPRISE S. VOISIN,,,a contacter,,,,,,,,,,,,cvc,,LE CHESNAY-ROCQUENCOURT,,78,,,,,,,,,,,,,,,,,,,,,,,,,,,,,,,414970491,41497049100018,43.22A,,,,,,,,,,,sirene,
ENTREPRISE SABATTE,,,a contacter,,,,,,,,,,,,cvc,,UZOS,,64,,,,,,,,,,,,,,,,,,,,,,,,,,,,,,,382648038,38264803800026,43.22B,,,,,,,,,,,sirene,
ENTREPRISE SALLEE,,,a contacter,,,,,,,,,,,,cvc,,VALENCE,,26,,,,,,,,,,,,,,,,,,,,,,,,,,,,,,,436580286,43658028600025,43.22B,,,,,,,,,,,sirene,
ENTREPRISE SIMON,,,a contacter,,,,,,,,,,,,cvc,,BARNEVILLE-CARTERET,,50,,,,,,,,,,,,,,,,,,,,,,,,,,,,,,,322994674,32299467400024,43.22A,,,,,,,,,,,sirene,
ENTREPRISE SYLVAIN SALLERON,,,a contacter,,,,,,,,,,,,cvc,,PERIGUEUX,,24,,,,,,,,,,,,,,,,,,,,,,,,,,,,,,,392455432,39245543200022,43.22B,,,,,,,,,,,sirene,
ENTREPRISE TICO,,,a contacter,,,,,,,,,,,,cvc,,CONCARNEAU,,29,,,,,,,,,,,,,,,,,,,,,,,,,,,,,,,338841752,33884175200029,43.22A,,,,,,,,,,,sirene,
ENTREPRISE VENTURA,,,a contacter,,,,,,,,,,,,cvc,,SAINTE-GENEVIEVE-DES-BOIS,,91,,,,,,,,,,,,,,,,,,,,,,,,,,,,,,,414226894,41422689400031,43.29A,,,,,,,,,,,sirene,
ENTREPRISE VENTURA N,,,a contacter,,,,,,,,,,,,cvc,,SAINTE-GENEVIEVE-DES-BOIS,,91,,,,,,,,,,,,,,,,,,,,,,,,,,,,,,,477941751,47794175100042,43.29A,,,,,,,,,,,sirene,
ENTREPRISE VERBRUGGHE SA,,,a contacter,,,,,,,,,,,,cvc,,CROIX,,59,,,,,,,,,,,,,,,,,,,,,,,,,,,,,,,344655014,34465501400027,43.22B,,,,,,,,,,,sirene,
ENTREPRISE VIGREUX,,,a contacter,,,,,,,,,,,,cvc,,LIANCOURT,,60,,,,,,,,,,,,,,,,,,,,,,,,,,,,,,,480426212,48042621200019,43.22B,,,,,,,,,,,sirene,
ENTREPRISE VILLARET,,,a contacter,,,,,,,,,,,,cvc,,MURAT,,15,,,,,,,,,,,,,,,,,,,,,,,,,,,,,,,316644970,31664497000014,43.22B,,,,,,,,,,,sirene,
ENTREPRISE VILLETTE,,,a contacter,,,,,,,,,,,,cvc,,VILLAMPUY,,28,,,,,,,,,,,,,,,,,,,,,,,,,,,,,,,341450724,34145072400016,43.22B,,,,,,,,,,,sirene,
ENTREPRISE VILVOT ET FILS,,,a contacter,,,,,,,,,,,,cvc,,BASSE-HAM,,57,,,,,,,,,,,,,,,,,,,,,,,,,,,,,,,328678172,32867817200037,43.22A,,,,,,,,,,,sirene,
ENTREPRISE VINCENDON,,,a contacter,,,,,,,,,,,,cvc,,VALENCE,,26,,,,,,,,,,,,,,,,,,,,,,,,,,,,,,,343452884,34345288400020,43.22B,,,,,,,,,,,sirene,
ENTREPRISE VOLLONO SARL,,,a contacter,,,,,,,,,,,,cvc,,AUBAGNE,,13,,,,,,,,,,,,,,,,,,,,,,,,,,,,,,,064800535,06480053500052,43.22A,,,,,,,,,,,sirene,
ENTRETIEN INSTALLATION THERMIQUE PROVENCALE,,,a contacter,,,,,,,,,,,,cvc,,LES PENNES-MIRABEAU,,13,,,,,,,,,,,,,,,,,,,,,,,,,,,,,,,429949670,42994967000039,43.22B,,,,,,,,,,,sirene,
ENVELOPPE THERMIQUE POUR LE BATIMENT ET L'HABITAT (E.T.B.H),,,a contacter,,,,,,,,,,,,cvc,,PONT-A-MARCQ,,59,,,,,,,,,,,,,,,,,,,,,,,,,,,,,,,802520536,80252053600029,43.29A,,,,,,,,,,,sirene,
ENVIRONMENT CLIM,,,a contacter,,,,,,,,,,,,cvc,,EMERAINVILLE,,77,,,,,,,,,,,,,,,,,,,,,,,,,,,,,,,812312478,81231247800033,43.22B,,,,,,,,,,,sirene,
ENVIRONNEMENT MAINTENANCE ENERGIE,,,a contacter,,,,,,,,,,,,cvc,,BOISSY-SAINT-LEGER,,94,,,,,,,,,,,,,,,,,,,,,,,,,,,,,,,503290546,50329054600020,43.22B,,,,,,,,,,,sirene,
EOLE ENERGIE,,,a contacter,,,,,,,,,,,,cvc,,VILLENEUVE-LA-GARENNE,,92,,,,,,,,,,,,,,,,,,,,,,,,,,,,,,,829412766,82941276600026,43.22B,,,,,,,,,,,sirene,
EOLE THERMIE,,,a contacter,,,,,,,,,,,,cvc,,SAINT-LAURENT-MEDOC,,33,,,,,,,,,,,,,,,,,,,,,,,,,,,,,,,922578851,92257885100011,43.22A,,,,,,,,,,,sirene,
EOLYA,,,a contacter,,,,,,,,,,,,cvc,,SAINT-MARTIN-LE-VINOUX,,38,,,,,,,,,,,,,,,,,,,,,,,,,,,,,,,431369230,43136923000013,43.22B,,,,,,,,,,,sirene,
EP2C,,,a contacter,,,,,,,,,,,,cvc,,LA ROMAGNE,,49,,,,,,,,,,,,,,,,,,,,,,,,,,,,,,,802482653,80248265300010,43.22A,,,,,,,,,,,sirene,
EPC,,,a contacter,,,,,,,,,,,,cvc,,LIVRY-GARGAN,,93,,,,,,,,,,,,,,,,,,,,,,,,,,,,,,,500580592,50058059200037,43.22B,,,,,,,,,,,sirene,
EPEL,,,a contacter,,,,,,,,,,,,cvc,,CLICHY,,92,,,,,,,,,,,,,,,,,,,,,,,,,,,,,,,562078592,56207859200051,43.22A,,,,,,,,,,,sirene,
EPI BONNEFOY,,,a contacter,,,,,,,,,,,,cvc,,AVIGNON,,84,,,,,,,,,,,,,,,,,,,,,,,,,,,,,,,348277799,34827779900030,43.22B,,,,,,,,,,,sirene,
EPL,,,a contacter,,,,,,,,,,,,cvc,,LORMONT,,33,,,,,,,,,,,,,,,,,,,,,,,,,,,,,,,493485296,49348529600047,43.22A,,,,,,,,,,,sirene,
EPSC SARL,,,a contacter,,,,,,,,,,,,cvc,,LE TAMPON,,974,,,,,,,,,,,,,,,,,,,,,,,,,,,,,,,411774821,41177482100028,43.22A,,,,,,,,,,,sirene,
EQUANS,,,a contacter,,,,,,,,,,,,cvc,,,,,,,,,,,,,,,,,,,,,,,,,,,,,,,,,,,351984448,35198444800016,43.22B,,,,,,,,,,,sirene,
EQUILAB,,,a contacter,,,,,,,,,,,,cvc,,LABEGE,,31,,,,,,,,,,,,,,,,,,,,,,,,,,,,,,,414599985,41459998500010,43.22B,,,,,,,,,,,sirene,
EQUIPEMENT TECHNIQUE,,,a contacter,,,,,,,,,,,,cvc,,ROMANS-SUR-ISERE,,26,,,,,,,,,,,,,,,,,,,,,,,,,,,,,,,380338012,38033801200038,43.22B,,,,,,,,,,,sirene,
EQUIPEMENT THERMIQUE GUTZWILLER,,,a contacter,,,,,,,,,,,,cvc,,HEGENHEIM,,68,,,,,,,,,,,,,,,,,,,,,,,,,,,,,,,509185450,50918545000012,43.22B,,,,,,,,,,,sirene,
EQUIPEMENTS VONTHRON,,,a contacter,,,,,,,,,,,,cvc,,SAINTE-CROIX-EN-PLAINE,,68,,,,,,,,,,,,,,,,,,,,,,,,,,,,,,,327045811,32704581100038,43.22B,,,,,,,,,,,sirene,
ERA 94,,,a contacter,,,,,,,,,,,,cvc,,MONTREUIL,,93,,,,,,,,,,,,,,,,,,,,,,,,,,,,,,,423861459,42386145900026,43.22B,,,,,,,,,,,sirene,
ERA ENERGIE,,,a contacter,,,,,,,,,,,,cvc,,LE BOURGET,,93,,,,,,,,,,,,,,,,,,,,,,,,,,,,,,,891527475,89152747500034,43.29A,,,,,,,,,,,sirene,
ERA ENVIRONNEMENT,,,a contacter,,,,,,,,,,,,cvc,,LE BOURGET,,93,,,,,,,,,,,,,,,,,,,,,,,,,,,,,,,852932037,85293203700017,43.29A,,,,,,,,,,,sirene,
ERC,,,a contacter,,,,,,,,,,,,cvc,,EPOUVILLE,,76,,,,,,,,,,,,,,,,,,,,,,,,,,,,,,,481762441,48176244100014,43.22B,,,,,,,,,,,sirene,
EREO,,,a contacter,,,,,,,,,,,,cvc,,LAMBALLE-ARMOR,,22,,,,,,,,,,,,,,,,,,,,,,,,,,,,,,,344526934,34452693400056,43.22B,,,,,,,,,,,sirene,
ERIC ENERGY,,,a contacter,,,,,,,,,,,,cvc,,DRUMETTAZ-CLARAFOND,,73,,,,,,,,,,,,,,,,,,,,,,,,,,,,,,,393486311,39348631100037,43.22B,,,,,,,,,,,sirene,
ERIC LUTARD,,,a contacter,,,,,,,,,,,,cvc,,TAURIAC,,33,,,,,,,,,,,,,,,,,,,,,,,,,,,,,,,477920383,47792038300015,43.22A,,,,,,,,,,,sirene,
ERITEC,,,a contacter,,,,,,,,,,,,cvc,,SAINT-ORENS-DE-GAMEVILLE,,31,,,,,,,,,,,,,,,,,,,,,,,,,,,,,,,381364967,38136496700046,43.22B,,,,,,,,,,,sirene,
ERITHERM,,,a contacter,,,,,,,,,,,,cvc,,ALFORTVILLE,,94,,,,,,,,,,,,,,,,,,,,,,,,,,,,,,,333646206,33364620600040,43.22B,,,,,,,,,,,sirene,
ERM CHAUFFAGE,,,a contacter,,,,,,,,,,,,cvc,,GRENOBLE,,38,,,,,,,,,,,,,,,,,,,,,,,,,,,,,,,839367844,83936784400017,43.22B,,,,,,,,,,,sirene,
ERNEWEIN ET COMPAGNIE,,,a contacter,,,,,,,,,,,,cvc,,SOUFFLENHEIM,,67,,,,,,,,,,,,,,,,,,,,,,,,,,,,,,,658503537,65850353700024,43.22A,,,,,,,,,,,sirene,
EROS BATIMENT,,,a contacter,,,,,,,,,,,,cvc,,LIMEIL-BREVANNES,,94,,,,,,,,,,,,,,,,,,,,,,,,,,,,,,,881548416,88154841600018,43.22A,,,,,,,,,,,sirene,
ERRANDONEA,,,a contacter,,,,,,,,,,,,cvc,,BIDART,,64,,,,,,,,,,,,,,,,,,,,,,,,,,,,,,,477487904,47748790400021,43.22A,,,,,,,,,,,sirene,
ERTEC,,,a contacter,,,,,,,,,,,,cvc,,DOMONT,,95,,,,,,,,,,,,,,,,,,,,,,,,,,,,,,,344079413,34407941300037,43.22B,,,,,,,,,,,sirene,
ERTI,,,a contacter,,,,,,,,,,,,cvc,,FOUCHERES,,10,,,,,,,,,,,,,,,,,,,,,,,,,,,,,,,380014811,38001481100018,43.22B,,,,,,,,,,,sirene,
ERTI ETUDES REALISATIONS DE TRAVAUX D ISOLATION,,,a contacter,,,,,,,,,,,,cvc,,PARIS,,75,,,,,,,,,,,,,,,,,,,,,,,,,,,,,,,422239905,42223990500082,43.29A,,,,,,,,,,,sirene,
ESD,,,a contacter,,,,,,,,,,,,cvc,,PRESLES,,95,,,,,,,,,,,,,,,,,,,,,,,,,,,,,,,821872272,82187227200033,43.22B,,,,,,,,,,,sirene,
ESF ISOL,,,a contacter,,,,,,,,,,,,cvc,,COURTRY,,77,,,,,,,,,,,,,,,,,,,,,,,,,,,,,,,821797479,82179747900036,43.29A,,,,,,,,,,,sirene,
ESPACE EURO SERVICES,,,a contacter,,,,,,,,,,,,cvc,,CRETEIL,,94,,,,,,,,,,,,,,,,,,,,,,,,,,,,,,,350669925,35066992500066,43.22A,,,,,,,,,,,sirene,
ESPACE PLOMBERIE CHAUFFAGE,,,a contacter,,,,,,,,,,,,cvc,,AFA,,2A,,,,,,,,,,,,,,,,,,,,,,,,,,,,,,,378839781,37883978100028,43.22B,,,,,,,,,,,sirene,
ESPACE WENDLING,,,a contacter,,,,,,,,,,,,cvc,,MERTZWILLER,,67,,,,,,,,,,,,,,,,,,,,,,,,,,,,,,,503814691,50381469100013,43.22A,,,,,,,,,,,sirene,
ESPIL CHRISTOPHE,,,a contacter,,,,,,,,,,,,cvc,,BORDES,,64,,,,,,,,,,,,,,,,,,,,,,,,,,,,,,,491144044,49114404400048,43.22B,,,,,,,,,,,sirene,
ESPRIT-CLIM,,,a contacter,,,,,,,,,,,,cvc,,OSTWALD,,67,,,,,,,,,,,,,,,,,,,,,,,,,,,,,,,503913998,50391399800038,43.22B,,,,,,,,,,,sirene,
ESSAM,,,a contacter,,,,,,,,,,,,cvc,,VAULX-EN-VELIN,,69,,,,,,,,,,,,,,,,,,,,,,,,,,,,,,,332568831,33256883100058,43.22B,,,,,,,,,,,sirene,
ESSEMES SERVICES,,,a contacter,,,,,,,,,,,,cvc,,SONS-ET-RONCHERES,,02,,,,,,,,,,,,,,,,,,,,,,,,,,,,,,,399633452,39963345200251,43.22B,,,,,,,,,,,sirene,
EST HABITAT RENOVATION,,,a contacter,,,,,,,,,,,,cvc,,NICE,,06,,,,,,,,,,,,,,,,,,,,,,,,,,,,,,,535139687,53513968700052,43.22B,,,,,,,,,,,sirene,
EST ISOL,,,a contacter,,,,,,,,,,,,cvc,,LEYR,,54,,,,,,,,,,,,,,,,,,,,,,,,,,,,,,,814873550,81487355000036,43.29A,,,,,,,,,,,sirene,
ESTEVE FRERES,,,a contacter,,,,,,,,,,,,cvc,,LABEGUDE,,07,,,,,,,,,,,,,,,,,,,,,,,,,,,,,,,386320097,38632009700028,43.22A,,,,,,,,,,,sirene,
ESTUAIRE CHAUFFAGE PLOMBERIE SANITAIRE,,,a contacter,,,,,,,,,,,,cvc,,SAINT-BREVIN-LES-PINS,,44,,,,,,,,,,,,,,,,,,,,,,,,,,,,,,,434702742,43470274200025,43.22B,,,,,,,,,,,sirene,
ETABLISSEMENT BOISSET,,,a contacter,,,,,,,,,,,,cvc,,VALENCE,,26,,,,,,,,,,,,,,,,,,,,,,,,,,,,,,,324293307,32429330700033,43.22B,,,,,,,,,,,sirene,
ETABLISSEMENT FAUCHET,,,a contacter,,,,,,,,,,,,cvc,,CHAUCHE,,85,,,,,,,,,,,,,,,,,,,,,,,,,,,,,,,394622898,39462289800028,43.22B,,,,,,,,,,,sirene,
ETABLISSEMENT JEAN LOUIS HUET,,,a contacter,,,,,,,,,,,,cvc,,BERNAY,,27,,,,,,,,,,,,,,,,,,,,,,,,,,,,,,,341468155,34146815500021,43.22A,,,,,,,,,,,sirene,
ETABLISSEMENT LARUE,,,a contacter,,,,,,,,,,,,cvc,,SAINT-VICTOR-SUR-RHINS,,42,,,,,,,,,,,,,,,,,,,,,,,,,,,,,,,353855638,35385563800014,43.22A,,,,,,,,,,,sirene,
ETABLISSEMENT LUCIEN,,,a contacter,,,,,,,,,,,,cvc,,PARIS,,75,,,,,,,,,,,,,,,,,,,,,,,,,,,,,,,832814057,83281405700010,43.22A,,,,,,,,,,,sirene,
ETABLISSEMENT MICHALAIN,,,a contacter,,,,,,,,,,,,cvc,,PANTIN,,93,,,,,,,,,,,,,,,,,,,,,,,,,,,,,,,791886369,79188636900036,43.22B,,,,,,,,,,,sirene,
ETABLISSEMENT SERVAIS,,,a contacter,,,,,,,,,,,,cvc,,FEIGNIES,,59,,,,,,,,,,,,,,,,,,,,,,,,,,,,,,,776224636,77622463600048,43.22B,,,,,,,,,,,sirene,
ETABLISSEMENT VELEZ,,,a contacter,,,,,,,,,,,,cvc,,BAYONNE,,64,,,,,,,,,,,,,,,,,,,,,,,,,,,,,,,382741007,38274100700027,43.22B,,,,,,,,,,,sirene,
ETABLISSEMENTS AGASSE,,,a contacter,,,,,,,,,,,,cvc,,CAMPBON,,44,,,,,,,,,,,,,,,,,,,,,,,,,,,,,,,385344973,38534497300032,43.22A,,,,,,,,,,,sirene,
ETABLISSEMENTS ALBERT JUNG,,,a contacter,,,,,,,,,,,,cvc,,HILSENHEIM,,67,,,,,,,,,,,,,,,,,,,,,,,,,,,,,,,307108472,30710847200027,43.22B,,,,,,,,,,,sirene,
ETABLISSEMENTS ANDRE PENTECOTE,,,a contacter,,,,,,,,,,,,cvc,,DOMPIERRE-SUR-MER,,17,,,,,,,,,,,,,,,,,,,,,,,,,,,,,,,301367173,30136717300046,43.22A,,,,,,,,,,,sirene,
ETABLISSEMENTS BARRAS GILBERT,,,a contacter,,,,,,,,,,,,cvc,,BEUVREQUEN,,62,,,,,,,,,,,,,,,,,,,,,,,,,,,,,,,339988305,33998830500027,43.22B,,,,,,,,,,,sirene,
ETABLISSEMENTS BERTHOMME,,,a contacter,,,,,,,,,,,,cvc,,LA ROCHELLE,,17,,,,,,,,,,,,,,,,,,,,,,,,,,,,,,,317062339,31706233900021,43.22B,,,,,,,,,,,sirene,
ETABLISSEMENTS BIOTTEAU,,,a contacter,,,,,,,,,,,,cvc,,SEVREMOINE,,49,,,,,,,,,,,,,,,,,,,,,,,,,,,,,,,063200679,06320067900023,43.22B,,,,,,,,,,,sirene,
ETABLISSEMENTS BONNEL,,,a contacter,,,,,,,,,,,,cvc,,ECQUES,,62,,,,,,,,,,,,,,,,,,,,,,,,,,,,,,,310360961,31036096100018,43.22B,,,,,,,,,,,sirene,
ETABLISSEMENTS BOTREL,,,a contacter,,,,,,,,,,,,cvc,,PLOUMAGOAR,,22,,,,,,,,,,,,,,,,,,,,,,,,,,,,,,,303336465,30333646500032,43.22B,,,,,,,,,,,sirene,
ETABLISSEMENTS BRYERE,,,a contacter,,,,,,,,,,,,cvc,,SAINT-BRIEUC,,22,,,,,,,,,,,,,,,,,,,,,,,,,,,,,,,391771680,39177168000017,43.22B,,,,,,,,,,,sirene,
ETABLISSEMENTS BUGEAUD ET FILS,,,a contacter,,,,,,,,,,,,cvc,,HAUTEFORT,,24,,,,,,,,,,,,,,,,,,,,,,,,,,,,,,,452993702,45299370200029,43.22A,,,,,,,,,,,sirene,
ETABLISSEMENTS CHAUSSABEL,,,a contacter,,,,,,,,,,,,cvc,,UCEL,,07,,,,,,,,,,,,,,,,,,,,,,,,,,,,,,,300475829,30047582900010,43.22B,,,,,,,,,,,sirene,
ETABLISSEMENTS COINON,,,a contacter,,,,,,,,,,,,cvc,,SAINS-EN-GOHELLE,,62,,,,,,,,,,,,,,,,,,,,,,,,,,,,,,,517523692,51752369200021,43.22B,,,,,,,,,,,sirene,
ETABLISSEMENTS COMBE PERE ET FILS,,,a contacter,,,,,,,,,,,,cvc,,SAINT-JUST-SAINT-RAMBERT,,42,,,,,,,,,,,,,,,,,,,,,,,,,,,,,,,310025234,31002523400066,43.22A,,,,,,,,,,,sirene,
ETABLISSEMENTS CORNUS,,,a contacter,,,,,,,,,,,,cvc,,CASTRES,,81,,,,,,,,,,,,,,,,,,,,,,,,,,,,,,,487561631,48756163100051,43.22B,,,,,,,,,,,sirene,
ETABLISSEMENTS COURTOIS FRERES,,,a contacter,,,,,,,,,,,,cvc,,LONDINIERES,,76,,,,,,,,,,,,,,,,,,,,,,,,,,,,,,,340689140,34068914000010,43.22A,,,,,,,,,,,sirene,
ETABLISSEMENTS DALLEMAGNE,,,a contacter,,,,,,,,,,,,cvc,,JANZE,,35,,,,,,,,,,,,,,,,,,,,,,,,,,,,,,,509141115,50914111500022,43.22A,,,,,,,,,,,sirene,
ETABLISSEMENTS DEBERNARD,,,a contacter,,,,,,,,,,,,cvc,,ALLONNES,,49,,,,,,,,,,,,,,,,,,,,,,,,,,,,,,,666580212,66658021200031,43.22A,,,,,,,,,,,sirene,
ETABLISSEMENTS DELPECH,,,a contacter,,,,,,,,,,,,cvc,,CAHORS,,46,,,,,,,,,,,,,,,,,,,,,,,,,,,,,,,310997614,31099761400030,43.22B,,,,,,,,,,,sirene,
ETABLISSEMENTS DERRIEN JEAN,,,a contacter,,,,,,,,,,,,cvc,,LAMBALLE-ARMOR,,22,,,,,,,,,,,,,,,,,,,,,,,,,,,,,,,384227740,38422774000014,43.22B,,,,,,,,,,,sirene,
ETABLISSEMENTS DEVILLE,,,a contacter,,,,,,,,,,,,cvc,,TOURS,,37,,,,,,,,,,,,,,,,,,,,,,,,,,,,,,,714801032,71480103200042,43.22A,,,,,,,,,,,sirene,
ETABLISSEMENTS DI PIAZZA,,,a contacter,,,,,,,,,,,,cvc,,TOURNEFEUILLE,,31,,,,,,,,,,,,,,,,,,,,,,,,,,,,,,,529047540,52904754000024,43.22B,,,,,,,,,,,sirene,
ETABLISSEMENTS DIDIER MONT,,,a contacter,,,,,,,,,,,,cvc,,CAZOULS-LES-BEZIERS,,34,,,,,,,,,,,,,,,,,,,,,,,,,,,,,,,510806102,51080610200016,43.22A,,,,,,,,,,,sirene,
ETABLISSEMENTS DUMONT SA,,,a contacter,,,,,,,,,,,,cvc,,AVELIN,,59,,,,,,,,,,,,,,,,,,,,,,,,,,,,,,,305876781,30587678100041,43.22B,,,,,,,,,,,sirene,
ETABLISSEMENTS DUPLAN,,,a contacter,,,,,,,,,,,,cvc,,TONNEINS,,47,,,,,,,,,,,,,,,,,,,,,,,,,,,,,,,398984575,39898457500033,43.22A,,,,,,,,,,,sirene,
ETABLISSEMENTS DUPONT,,,a contacter,,,,,,,,,,,,cvc,,CHATUZANGE-LE-GOUBET,,26,,,,,,,,,,,,,,,,,,,,,,,,,,,,,,,441394012,44139401200021,43.22B,,,,,,,,,,,sirene,
ETABLISSEMENTS DURAND,,,a contacter,,,,,,,,,,,,cvc,,CARNAC,,56,,,,,,,,,,,,,,,,,,,,,,,,,,,,,,,318759305,31875930500036,43.22A,,,,,,,,,,,sirene,
ETABLISSEMENTS ENGMANN,,,a contacter,,,,,,,,,,,,cvc,,SAINT-ETIENNE,,42,,,,,,,,,,,,,,,,,,,,,,,,,,,,,,,351278353,35127835300021,43.22A,,,,,,,,,,,sirene,
ETABLISSEMENTS EURY,,,a contacter,,,,,,,,,,,,cvc,,CHARMES,,88,,,,,,,,,,,,,,,,,,,,,,,,,,,,,,,827250291,82725029100024,43.22B,,,,,,,,,,,sirene,
ETABLISSEMENTS FRANCOIS KLOEPFER,,,a contacter,,,,,,,,,,,,cvc,,JEBSHEIM,,68,,,,,,,,,,,,,,,,,,,,,,,,,,,,,,,452547144,45254714400017,43.22B,,,,,,,,,,,sirene,
ETABLISSEMENTS G FRANCOIS & FILS,,,a contacter,,,,,,,,,,,,cvc,,VILLERS-OUTREAUX,,59,,,,,,,,,,,,,,,,,,,,,,,,,,,,,,,325112498,32511249800010,43.22A,,,,,,,,,,,sirene,
ETABLISSEMENTS GAILLARD,,,a contacter,,,,,,,,,,,,cvc,,GOSNAY,,62,,,,,,,,,,,,,,,,,,,,,,,,,,,,,,,301791851,30179185100027,43.22B,,,,,,,,,,,sirene,
ETABLISSEMENTS GARREC ET COMPAGNIE,,,a contacter,,,,,,,,,,,,cvc,,AURAY,,56,,,,,,,,,,,,,,,,,,,,,,,,,,,,,,,306269069,30626906900036,43.22A,,,,,,,,,,,sirene,
ETABLISSEMENTS GARRIGUES,,,a contacter,,,,,,,,,,,,cvc,,BILLY-SUR-AISNE,,02,,,,,,,,,,,,,,,,,,,,,,,,,,,,,,,301773693,30177369300017,43.22B,,,,,,,,,,,sirene,
ETABLISSEMENTS GOCEL,,,a contacter,,,,,,,,,,,,cvc,,AUGNY,,57,,,,,,,,,,,,,,,,,,,,,,,,,,,,,,,319214441,31921444100093,43.22B,,,,,,,,,,,sirene,
ETABLISSEMENTS GOYAT,,,a contacter,,,,,,,,,,,,cvc,,QUIMPER,,29,,,,,,,,,,,,,,,,,,,,,,,,,,,,,,,377180153,37718015300035,43.22B,,,,,,,,,,,sirene,
ETABLISSEMENTS GRADASSI,,,a contacter,,,,,,,,,,,,cvc,,ARCIS-SUR-AUBE,,10,,,,,,,,,,,,,,,,,,,,,,,,,,,,,,,775554652,77555465200039,43.22B,,,,,,,,,,,sirene,
ETABLISSEMENTS GROS,,,a contacter,,,,,,,,,,,,cvc,,DOLE,,39,,,,,,,,,,,,,,,,,,,,,,,,,,,,,,,035650316,03565031600017,43.22B,,,,,,,,,,,sirene,
ETABLISSEMENTS H. PICARD,,,a contacter,,,,,,,,,,,,cvc,,LE PRE-SAINT-GERVAIS,,93,,,,,,,,,,,,,,,,,,,,,,,,,,,,,,,388270829,38827082900012,43.22B,,,,,,,,,,,sirene,
ETABLISSEMENTS H. SAINT-PAUL,,,a contacter,,,,,,,,,,,,cvc,,MARSEILLE,,13,,,,,,,,,,,,,,,,,,,,,,,,,,,,,,,061802070,06180207000062,43.22B,,,,,,,,,,,sirene,
ETABLISSEMENTS HOULLE,,,a contacter,,,,,,,,,,,,cvc,,SARREGUEMINES,,57,,,,,,,,,,,,,,,,,,,,,,,,,,,,,,,424954618,42495461800015,43.22B,,,,,,,,,,,sirene,
ETABLISSEMENTS HUBERT,,,a contacter,,,,,,,,,,,,cvc,,AUREILHAN,,65,,,,,,,,,,,,,,,,,,,,,,,,,,,,,,,389679432,38967943200010,43.22A,,,,,,,,,,,sirene,
ETABLISSEMENTS JAENICKE ET CIE INSTALLATEUR,,,a contacter,,,,,,,,,,,,cvc,,GUEBWILLER,,68,,,,,,,,,,,,,,,,,,,,,,,,,,,,,,,778911610,77891161000021,43.22B,,,,,,,,,,,sirene,
ETABLISSEMENTS JAWE,,,a contacter,,,,,,,,,,,,cvc,,SAINT-PARRES-AUX-TERTRES,,10,,,,,,,,,,,,,,,,,,,,,,,,,,,,,,,352582472,35258247200036,43.22B,,,,,,,,,,,sirene,
ETABLISSEMENTS JEAN CARCELLES,,,a contacter,,,,,,,,,,,,cvc,,CASTRES,,81,,,,,,,,,,,,,,,,,,,,,,,,,,,,,,,716420476,71642047600021,43.22B,,,,,,,,,,,sirene,
ETABLISSEMENTS JL DALMASSO,,,a contacter,,,,,,,,,,,,cvc,,MENTON,,06,,,,,,,,,,,,,,,,,,,,,,,,,,,,,,,424502698,42450269800014,43.22A,,,,,,,,,,,sirene,
ETABLISSEMENTS LABEYRIE - VIVES,,,a contacter,,,,,,,,,,,,cvc,,LEGE-CAP-FERRET,,33,,,,,,,,,,,,,,,,,,,,,,,,,,,,,,,323447656,32344765600030,43.22A,,,,,,,,,,,sirene,
ETABLISSEMENTS LE BOHEC,,,a contacter,,,,,,,,,,,,cvc,,LANDIVISIAU,,29,,,,,,,,,,,,,,,,,,,,,,,,,,,,,,,926950049,92695004900037,43.22B,,,,,,,,,,,sirene,
ETABLISSEMENTS LIEBERMANN,,,a contacter,,,,,,,,,,,,cvc,,SIERENTZ,,68,,,,,,,,,,,,,,,,,,,,,,,,,,,,,,,946451564,94645156400037,43.22B,,,,,,,,,,,sirene,
ETABLISSEMENTS LOISEAU,,,a contacter,,,,,,,,,,,,cvc,,CHARENTON-LE-PONT,,94,,,,,,,,,,,,,,,,,,,,,,,,,,,,,,,662012137,66201213700011,43.22A,,,,,,,,,,,sirene,
ETABLISSEMENTS LOOF,,,a contacter,,,,,,,,,,,,cvc,,MONETEAU,,89,,,,,,,,,,,,,,,,,,,,,,,,,,,,,,,312646854,31264685400025,43.22A,,,,,,,,,,,sirene,
ETABLISSEMENTS LOUIS MARELLI ET FILS,,,a contacter,,,,,,,,,,,,cvc,,PARIS,,75,,,,,,,,,,,,,,,,,,,,,,,,,,,,,,,572074037,57207403700019,43.22B,,,,,,,,,,,sirene,
ETABLISSEMENTS MAGRE,,,a contacter,,,,,,,,,,,,cvc,,QUESTEMBERT,,56,,,,,,,,,,,,,,,,,,,,,,,,,,,,,,,409903481,40990348100011,43.22A,,,,,,,,,,,sirene,
ETABLISSEMENTS MARQUANT,,,a contacter,,,,,,,,,,,,cvc,,BERGERAC,,24,,,,,,,,,,,,,,,,,,,,,,,,,,,,,,,501423834,50142383400024,43.22B,,,,,,,,,,,sirene,
ETABLISSEMENTS MARQUER,,,a contacter,,,,,,,,,,,,cvc,,SAINT-JAMES,,50,,,,,,,,,,,,,,,,,,,,,,,,,,,,,,,799313192,79931319200038,43.22A,,,,,,,,,,,sirene,
ETABLISSEMENTS MATHIEU GIRAUD,,,a contacter,,,,,,,,,,,,cvc,,PONT-DU-CHATEAU,,63,,,,,,,,,,,,,,,,,,,,,,,,,,,,,,,380361576,38036157600016,43.22B,,,,,,,,,,,sirene,
ETABLISSEMENTS MAUPIN,,,a contacter,,,,,,,,,,,,cvc,,FLEURE,,86,,,,,,,,,,,,,,,,,,,,,,,,,,,,,,,484294160,48429416000029,43.29A,,,,,,,,,,,sirene,
ETABLISSEMENTS MEIER,,,a contacter,,,,,,,,,,,,cvc,,PARIS,,75,,,,,,,,,,,,,,,,,,,,,,,,,,,,,,,552023293,55202329300038,43.22A,,,,,,,,,,,sirene,
ETABLISSEMENTS MERIL,,,a contacter,,,,,,,,,,,,cvc,,CLICHY,,92,,,,,,,,,,,,,,,,,,,,,,,,,,,,,,,350493482,35049348200029,43.22A,,,,,,,,,,,sirene,
ETABLISSEMENTS MICHEL LECLERC,,,a contacter,,,,,,,,,,,,cvc,,AMBRUMESNIL,,76,,,,,,,,,,,,,,,,,,,,,,,,,,,,,,,507560407,50756040700029,43.22A,,,,,,,,,,,sirene,
ETABLISSEMENTS MOREAU,,,a contacter,,,,,,,,,,,,cvc,,CHALON-SUR-SAONE,,71,,,,,,,,,,,,,,,,,,,,,,,,,,,,,,,428573489,42857348900013,43.22B,,,,,,,,,,,sirene,
ETABLISSEMENTS MORICE FRERES,,,a contacter,,,,,,,,,,,,cvc,,THEIX-NOYALO,,56,,,,,,,,,,,,,,,,,,,,,,,,,,,,,,,321723025,32172302500029,43.22B,,,,,,,,,,,sirene,
ETABLISSEMENTS MYOTTE ET COMPAGNIE,,,a contacter,,,,,,,,,,,,cvc,,ORCHAMPS-VENNES,,25,,,,,,,,,,,,,,,,,,,,,,,,,,,,,,,702820374,70282037400016,43.22B,,,,,,,,,,,sirene,
ETABLISSEMENTS NORMAND,,,a contacter,,,,,,,,,,,,cvc,,LIMOGES,,87,,,,,,,,,,,,,,,,,,,,,,,,,,,,,,,314120791,31412079100061,43.22B,,,,,,,,,,,sirene,
ETABLISSEMENTS ORMANCEY,,,a contacter,,,,,,,,,,,,cvc,,BRIENNE-LE-CHATEAU,,10,,,,,,,,,,,,,,,,,,,,,,,,,,,,,,,309159465,30915946500017,43.22B,,,,,,,,,,,sirene,
ETABLISSEMENTS OUVAROFF,,,a contacter,,,,,,,,,,,,cvc,,SALAISE-SUR-SANNE,,38,,,,,,,,,,,,,,,,,,,,,,,,,,,,,,,633680525,63368052500019,43.29A,,,,,,,,,,,sirene,
ETABLISSEMENTS PAULEAU-GINOUX,,,a contacter,,,,,,,,,,,,cvc,,GRAVESON,,13,,,,,,,,,,,,,,,,,,,,,,,,,,,,,,,818954588,81895458800021,43.22A,,,,,,,,,,,sirene,
ETABLISSEMENTS PEDRON,,,a contacter,,,,,,,,,,,,cvc,,THOREY-EN-PLAINE,,21,,,,,,,,,,,,,,,,,,,,,,,,,,,,,,,017250143,01725014300025,43.22A,,,,,,,,,,,sirene,
ETABLISSEMENTS PEROT,,,a contacter,,,,,,,,,,,,cvc,,COGNAC,,16,,,,,,,,,,,,,,,,,,,,,,,,,,,,,,,381421544,38142154400028,43.22B,,,,,,,,,,,sirene,
ETABLISSEMENTS PESSEY FOURNIER,,,a contacter,,,,,,,,,,,,cvc,,AYSE,,74,,,,,,,,,,,,,,,,,,,,,,,,,,,,,,,350666913,35066691300016,43.22B,,,,,,,,,,,sirene,
ETABLISSEMENTS PIERRE PESSELIER,,,a contacter,,,,,,,,,,,,cvc,,SAINT-MARTIN-D'HERES,,38,,,,,,,,,,,,,,,,,,,,,,,,,,,,,,,073503534,07350353400023,43.22B,,,,,,,,,,,sirene,
ETABLISSEMENTS PONSOL,,,a contacter,,,,,,,,,,,,cvc,,NARBONNE,,11,,,,,,,,,,,,,,,,,,,,,,,,,,,,,,,308066935,30806693500039,43.22B,,,,,,,,,,,sirene,
ETABLISSEMENTS QUERTELET,,,a contacter,,,,,,,,,,,,cvc,,REMY,,60,,,,,,,,,,,,,,,,,,,,,,,,,,,,,,,330374828,33037482800011,43.22B,,,,,,,,,,,sirene,
ETABLISSEMENTS R ALCARAZ,,,a contacter,,,,,,,,,,,,cvc,,SAINT-VULBAS,,01,,,,,,,,,,,,,,,,,,,,,,,,,,,,,,,348342098,34834209800046,43.22A,,,,,,,,,,,sirene,
ETABLISSEMENTS RENAUDEAU,,,a contacter,,,,,,,,,,,,cvc,,COUDEKERQUE-BRANCHE,,59,,,,,,,,,,,,,,,,,,,,,,,,,,,,,,,484011069,48401106900016,43.22B,,,,,,,,,,,sirene,
ETABLISSEMENTS RIGO JEAN PIERRE,,,a contacter,,,,,,,,,,,,cvc,,SAINTE-BAZEILLE,,47,,,,,,,,,,,,,,,,,,,,,,,,,,,,,,,408415248,40841524800025,43.22B,,,,,,,,,,,sirene,
ETABLISSEMENTS ROUSSEY ET FILS,,,a contacter,,,,,,,,,,,,cvc,,BARBY,,73,,,,,,,,,,,,,,,,,,,,,,,,,,,,,,,333172385,33317238500010,43.22B,,,,,,,,,,,sirene,
ETABLISSEMENTS ROUX GERALD,,,a contacter,,,,,,,,,,,,cvc,,SAINT-ETIENNE,,42,,,,,,,,,,,,,,,,,,,,,,,,,,,,,,,490906104,49090610400024,43.22A,,,,,,,,,,,sirene,
ETABLISSEMENTS SABLAYROLLES,,,a contacter,,,,,,,,,,,,cvc,,MAZAMET,,81,,,,,,,,,,,,,,,,,,,,,,,,,,,,,,,481351906,48135190600047,43.22B,,,,,,,,,,,sirene,
ETABLISSEMENTS SALLANDRE,,,a contacter,,,,,,,,,,,,cvc,,BAGNEUX,,92,,,,,,,,,,,,,,,,,,,,,,,,,,,,,,,732015409,73201540900038,43.22A,,,,,,,,,,,sirene,
ETABLISSEMENTS SERGE POISSON,,,a contacter,,,,,,,,,,,,cvc,,ANNECY,,74,,,,,,,,,,,,,,,,,,,,,,,,,,,,,,,319688263,31968826300031,43.22B,,,,,,,,,,,sirene,
ETABLISSEMENTS SINDT,,,a contacter,,,,,,,,,,,,cvc,,ETUPES,,25,,,,,,,,,,,,,,,,,,,,,,,,,,,,,,,531339109,53133910900013,43.22B,,,,,,,,,,,sirene,
ETABLISSEMENTS SOUBRANNE,,,a contacter,,,,,,,,,,,,cvc,,EGLETONS,,19,,,,,,,,,,,,,,,,,,,,,,,,,,,,,,,350438628,35043862800017,43.22A,,,,,,,,,,,sirene,
ETABLISSEMENTS SYLVESTRE,,,a contacter,,,,,,,,,,,,cvc,,AIGRE,,16,,,,,,,,,,,,,,,,,,,,,,,,,,,,,,,349281881,34928188100038,43.22B,,,,,,,,,,,sirene,
ETABLISSEMENTS THEVENET,,,a contacter,,,,,,,,,,,,cvc,,YZEURE,,03,,,,,,,,,,,,,,,,,,,,,,,,,,,,,,,317600195,31760019500018,43.22B,,,,,,,,,,,sirene,
ETABLISSEMENTS THOISON,,,a contacter,,,,,,,,,,,,cvc,,FRESNES,,94,,,,,,,,,,,,,,,,,,,,,,,,,,,,,,,302387931,30238793100041,43.22A,,,,,,,,,,,sirene,
ETABLISSEMENTS THUILIER,,,a contacter,,,,,,,,,,,,cvc,,BOURGOIN-JALLIEU,,38,,,,,,,,,,,,,,,,,,,,,,,,,,,,,,,302262621,30226262100022,43.22B,,,,,,,,,,,sirene,
ETABLISSEMENTS TRIBALLIER LAMANDA,,,a contacter,,,,,,,,,,,,cvc,,LOQUEFFRET,,29,,,,,,,,,,,,,,,,,,,,,,,,,,,,,,,411872013,41187201300023,43.22B,,,,,,,,,,,sirene,
ETABLISSEMENTS VALENTIN,,,a contacter,,,,,,,,,,,,cvc,,ASNIERES-SUR-SEINE,,92,,,,,,,,,,,,,,,,,,,,,,,,,,,,,,,572211704,57221170400067,43.22B,,,,,,,,,,,sirene,
ETABLISSEMENTS VINCENT,,,a contacter,,,,,,,,,,,,cvc,,CLICHY,,92,,,,,,,,,,,,,,,,,,,,,,,,,,,,,,,572069623,57206962300047,43.22A,,,,,,,,,,,sirene,
ETANCHE 2000 SAS,,,a contacter,,,,,,,,,,,,cvc,,RILHAC RANCON,,87,,,,,,,,,,,,,,,,,,,,,,,,,,,,,,,395054869,39505486900031,43.29A,,,,,,,,,,,sirene,
ETAO VENDEE,,,a contacter,,,,,,,,,,,,cvc,,MONTAIGU-VENDEE,,85,,,,,,,,,,,,,,,,,,,,,,,,,,,,,,,801951161,80195116100018,43.22B,,,,,,,,,,,sirene,
ETC,,,a contacter,,,,,,,,,,,,cvc,,NICE,,06,,,,,,,,,,,,,,,,,,,,,,,,,,,,,,,973803455,97380345500060,43.22A,,,,,,,,,,,sirene,
ETC PLOMBERIE,,,a contacter,,,,,,,,,,,,cvc,,SAINT-OUEN-DE-THOUBERVILLE,,27,,,,,,,,,,,,,,,,,,,,,,,,,,,,,,,479130296,47913029600052,43.22A,,,,,,,,,,,sirene,
ETCD,,,a contacter,,,,,,,,,,,,cvc,,PARIS,,75,,,,,,,,,,,,,,,,,,,,,,,,,,,,,,,531143733,53114373300057,43.22A,,,,,,,,,,,sirene,
ETHEVE RENOVATION BATIMENT,,,a contacter,,,,,,,,,,,,cvc,,LE TAMPON,,974,,,,,,,,,,,,,,,,,,,,,,,,,,,,,,,487450710,48745071000032,43.22A,,,,,,,,,,,sirene,
ETP LANFRANCHI,,,a contacter,,,,,,,,,,,,cvc,,VEZZANI,,2B,,,,,,,,,,,,,,,,,,,,,,,,,,,,,,,824435564,82443556400011,43.22A,,,,,,,,,,,sirene,
ETPC,,,a contacter,,,,,,,,,,,,cvc,,ARGENTEUIL,,95,,,,,,,,,,,,,,,,,,,,,,,,,,,,,,,533680732,53368073200039,43.22A,,,,,,,,,,,sirene,
ETS ANDRE BASTIEN & CIE,,,a contacter,,,,,,,,,,,,cvc,,PARIS,,75,,,,,,,,,,,,,,,,,,,,,,,,,,,,,,,602000630,60200063000015,43.22A,,,,,,,,,,,sirene,
ETS ANNALORO,,,a contacter,,,,,,,,,,,,cvc,,LA GORGUE,,59,,,,,,,,,,,,,,,,,,,,,,,,,,,,,,,398046391,39804639100023,43.22B,,,,,,,,,,,sirene,
ETS B.SEVESTRE,,,a contacter,,,,,,,,,,,,cvc,,VICHY,,03,,,,,,,,,,,,,,,,,,,,,,,,,,,,,,,420983066,42098306600028,43.22B,,,,,,,,,,,sirene,
ETS BAUGEY,,,a contacter,,,,,,,,,,,,cvc,,NIMES,,30,,,,,,,,,,,,,,,,,,,,,,,,,,,,,,,901965269,90196526900011,43.22A,,,,,,,,,,,sirene,
ETS BAUMANN CHAUFFAGE SANITAIRE,,,a contacter,,,,,,,,,,,,cvc,,MASEVAUX-NIEDERBRUCK,,68,,,,,,,,,,,,,,,,,,,,,,,,,,,,,,,311765457,31176545700024,43.22B,,,,,,,,,,,sirene,
ETS BERTIN HOY,,,a contacter,,,,,,,,,,,,cvc,,STIRING-WENDEL,,57,,,,,,,,,,,,,,,,,,,,,,,,,,,,,,,389065467,38906546700034,43.22B,,,,,,,,,,,sirene,
ETS BESSON,,,a contacter,,,,,,,,,,,,cvc,,SAINT-JUST-MALMONT,,43,,,,,,,,,,,,,,,,,,,,,,,,,,,,,,,478427057,47842705700011,43.22B,,,,,,,,,,,sirene,
ETS BEYER SA,,,a contacter,,,,,,,,,,,,cvc,,BRUMATH,,67,,,,,,,,,,,,,,,,,,,,,,,,,,,,,,,708500319,70850031900023,43.22A,,,,,,,,,,,sirene,
ETS BLED,,,a contacter,,,,,,,,,,,,cvc,,GANNES,,60,,,,,,,,,,,,,,,,,,,,,,,,,,,,,,,328046396,32804639600029,43.22B,,,,,,,,,,,sirene,
ETS BOULLARD,,,a contacter,,,,,,,,,,,,cvc,,HERBIGNAC,,44,,,,,,,,,,,,,,,,,,,,,,,,,,,,,,,423297670,42329767000014,43.22A,,,,,,,,,,,sirene,
ETS CL. DESBENOIT,,,a contacter,,,,,,,,,,,,cvc,,LE COTEAU,,42,,,,,,,,,,,,,,,,,,,,,,,,,,,,,,,405580093,40558009300020,43.22B,,,,,,,,,,,sirene,
ETS COLAS PEZERIL,,,a contacter,,,,,,,,,,,,cvc,,HIRSON,,02,,,,,,,,,,,,,,,,,,,,,,,,,,,,,,,804836971,80483697100031,43.22A,,,,,,,,,,,sirene,
ETS COLOMBO,,,a contacter,,,,,,,,,,,,cvc,,MOUGINS,,06,,,,,,,,,,,,,,,,,,,,,,,,,,,,,,,410539795,41053979500022,43.22A,,,,,,,,,,,sirene,
ETS DALMASSO,,,a contacter,,,,,,,,,,,,cvc,,ANTIBES,,06,,,,,,,,,,,,,,,,,,,,,,,,,,,,,,,452290877,45229087700029,43.22A,,,,,,,,,,,sirene,
ETS DESRAYAUD ET FILS,,,a contacter,,,,,,,,,,,,cvc,,BELLEVILLE-EN-BEAUJOLAIS,,69,,,,,,,,,,,,,,,,,,,,,,,,,,,,,,,613780048,61378004800088,43.22B,,,,,,,,,,,sirene,
ETS DEVILLIERS,,,a contacter,,,,,,,,,,,,cvc,,BOULOGNE-SUR-MER,,62,,,,,,,,,,,,,,,,,,,,,,,,,,,,,,,383376373,38337637300023,43.22B,,,,,,,,,,,sirene,
ETS DITCHI,,,a contacter,,,,,,,,,,,,cvc,,CHARENTON-LE-PONT,,94,,,,,,,,,,,,,,,,,,,,,,,,,,,,,,,793752494,79375249400039,43.22B,,,,,,,,,,,sirene,
ETS DOLLINGER PIERRE,,,a contacter,,,,,,,,,,,,cvc,,BERSTHEIM,,67,,,,,,,,,,,,,,,,,,,,,,,,,,,,,,,348178989,34817898900029,43.22B,,,,,,,,,,,sirene,
ETS DUCAUQUY,,,a contacter,,,,,,,,,,,,cvc,,ROYE,,80,,,,,,,,,,,,,,,,,,,,,,,,,,,,,,,419615315,41961531500027,43.22A,,,,,,,,,,,sirene,
ETS DURAND HERVE,,,a contacter,,,,,,,,,,,,cvc,,OREE D'ANJOU,,49,,,,,,,,,,,,,,,,,,,,,,,,,,,,,,,448243980,44824398000019,43.22B,,,,,,,,,,,sirene,
ETS DUTRIEVOZ,,,a contacter,,,,,,,,,,,,cvc,,LYON,,69,,,,,,,,,,,,,,,,,,,,,,,,,,,,,,,343267951,34326795100014,43.22A,,,,,,,,,,,sirene,
ETS EDOUARD BOFFO,,,a contacter,,,,,,,,,,,,cvc,,AMNEVILLE,,57,,,,,,,,,,,,,,,,,,,,,,,,,,,,,,,787080290,78708029000028,43.22A,,,,,,,,,,,sirene,
ETS FOUREL,,,a contacter,,,,,,,,,,,,cvc,,SAUZET,,26,,,,,,,,,,,,,,,,,,,,,,,,,,,,,,,429168131,42916813100028,43.22B,,,,,,,,,,,sirene,
ETS GABORIAU,,,a contacter,,,,,,,,,,,,cvc,,CHOLET,,49,,,,,,,,,,,,,,,,,,,,,,,,,,,,,,,318112091,31811209100034,43.22B,,,,,,,,,,,sirene,
ETS GABRIEL JEANNOT,,,a contacter,,,,,,,,,,,,cvc,,HENRIVILLE,,57,,,,,,,,,,,,,,,,,,,,,,,,,,,,,,,485185979,48518597900039,43.22B,,,,,,,,,,,sirene,
ETS GARRAUD FRANCHITTI,,,a contacter,,,,,,,,,,,,cvc,,CANNES,,06,,,,,,,,,,,,,,,,,,,,,,,,,,,,,,,330780875,33078087500036,43.22A,,,,,,,,,,,sirene,
ETS GENDRON,,,a contacter,,,,,,,,,,,,cvc,,MONTMOREAU,,16,,,,,,,,,,,,,,,,,,,,,,,,,,,,,,,353597057,35359705700028,43.22A,,,,,,,,,,,sirene,
ETS GERARD COLSON,,,a contacter,,,,,,,,,,,,cvc,,ENGLEFONTAINE,,59,,,,,,,,,,,,,,,,,,,,,,,,,,,,,,,313802118,31380211800031,43.22B,,,,,,,,,,,sirene,
ETS GILBERT BARBALAT,,,a contacter,,,,,,,,,,,,cvc,,MAICHE,,25,,,,,,,,,,,,,,,,,,,,,,,,,,,,,,,380625947,38062594700029,43.22B,,,,,,,,,,,sirene,
ETS GILBERT DUMORTIER,,,a contacter,,,,,,,,,,,,cvc,,HAUBOURDIN,,59,,,,,,,,,,,,,,,,,,,,,,,,,,,,,,,471501692,47150169200027,43.22A,,,,,,,,,,,sirene,
ETS GIRES,,,a contacter,,,,,,,,,,,,cvc,,TAIN-L'HERMITAGE,,26,,,,,,,,,,,,,,,,,,,,,,,,,,,,,,,421885914,42188591400026,43.22A,,,,,,,,,,,sirene,
ETS GRENAT,,,a contacter,,,,,,,,,,,,cvc,,DOUVAINE,,74,,,,,,,,,,,,,,,,,,,,,,,,,,,,,,,351470232,35147023200056,43.22A,,,,,,,,,,,sirene,
ETS HERVOUET YVON,,,a contacter,,,,,,,,,,,,cvc,,LES SORINIERES,,44,,,,,,,,,,,,,,,,,,,,,,,,,,,,,,,533833679,53383367900020,43.22B,,,,,,,,,,,sirene,
ETS HEYER ET MARTIN,,,a contacter,,,,,,,,,,,,cvc,,GIEN,,45,,,,,,,,,,,,,,,,,,,,,,,,,,,,,,,332122738,33212273800047,43.22B,,,,,,,,,,,sirene,
ETS HUSSER-BUHL,,,a contacter,,,,,,,,,,,,cvc,,ILLHAEUSERN,,68,,,,,,,,,,,,,,,,,,,,,,,,,,,,,,,899957229,89995722900011,43.22B,,,,,,,,,,,sirene,
ETS JACQUES PHILIPPE,,,a contacter,,,,,,,,,,,,cvc,,LUNEVILLE,,54,,,,,,,,,,,,,,,,,,,,,,,,,,,,,,,390363422,39036342200051,43.22B,,,,,,,,,,,sirene,
ETS JEAN PLANTINET,,,a contacter,,,,,,,,,,,,cvc,,FONTENAY-LE-COMTE,,85,,,,,,,,,,,,,,,,,,,,,,,,,,,,,,,344979505,34497950500023,43.22B,,,,,,,,,,,sirene,
ETS JOEL LOCHERON,,,a contacter,,,,,,,,,,,,cvc,,LAON,,02,,,,,,,,,,,,,,,,,,,,,,,,,,,,,,,350640827,35064082700027,43.22B,,,,,,,,,,,sirene,
ETS JOUVET,,,a contacter,,,,,,,,,,,,cvc,,ALLONNES,,72,,,,,,,,,,,,,,,,,,,,,,,,,,,,,,,309468692,30946869200020,43.22B,,,,,,,,,,,sirene,
ETS KOLB ET FILS,,,a contacter,,,,,,,,,,,,cvc,,WISSEMBOURG,,67,,,,,,,,,,,,,,,,,,,,,,,,,,,,,,,449936699,44993669900023,43.22B,,,,,,,,,,,sirene,
ETS LAVERGNE ANDRE,,,a contacter,,,,,,,,,,,,cvc,,PLEAUX,,15,,,,,,,,,,,,,,,,,,,,,,,,,,,,,,,404459638,40445963800015,43.22A,,,,,,,,,,,sirene,
ETS LEGUE,,,a contacter,,,,,,,,,,,,cvc,,SALEUX,,80,,,,,,,,,,,,,,,,,,,,,,,,,,,,,,,332554161,33255416100031,43.22B,,,,,,,,,,,sirene,
ETS LEMIERE,,,a contacter,,,,,,,,,,,,cvc,,LA CHAPELLE-EN-VERCORS,,26,,,,,,,,,,,,,,,,,,,,,,,,,,,,,,,834901621,83490162100013,43.22A,,,,,,,,,,,sirene,
ETS LEPAGE,,,a contacter,,,,,,,,,,,,cvc,,ASCOUX,,45,,,,,,,,,,,,,,,,,,,,,,,,,,,,,,,313334070,31333407000023,43.22B,,,,,,,,,,,sirene,
ETS LEPINE FRERES ET FILS,,,a contacter,,,,,,,,,,,,cvc,,COURS,,69,,,,,,,,,,,,,,,,,,,,,,,,,,,,,,,726980204,72698020400028,43.22A,,,,,,,,,,,sirene,
ETS LEROUX,,,a contacter,,,,,,,,,,,,cvc,,LA BAULE-ESCOUBLAC,,44,,,,,,,,,,,,,,,,,,,,,,,,,,,,,,,889038691,88903869100016,43.22A,,,,,,,,,,,sirene,
ETS LEVEQUE,,,a contacter,,,,,,,,,,,,cvc,,SANILHAC,,24,,,,,,,,,,,,,,,,,,,,,,,,,,,,,,,450094719,45009471900017,43.22A,,,,,,,,,,,sirene,
ETS MARCEL COUDRE,,,a contacter,,,,,,,,,,,,cvc,,BRIVE-LA-GAILLARDE,,19,,,,,,,,,,,,,,,,,,,,,,,,,,,,,,,393391545,39339154500026,43.22B,,,,,,,,,,,sirene,
ETS NAVARRO,,,a contacter,,,,,,,,,,,,cvc,,AMBON,,56,,,,,,,,,,,,,,,,,,,,,,,,,,,,,,,451740211,45174021100037,43.22A,,,,,,,,,,,sirene,
ETS PAGET MICHEL ET FILS,,,a contacter,,,,,,,,,,,,cvc,,COMBLOUX,,74,,,,,,,,,,,,,,,,,,,,,,,,,,,,,,,350815437,35081543700016,43.22B,,,,,,,,,,,sirene,
ETS PARIN-CLAIDIERE,,,a contacter,,,,,,,,,,,,cvc,,GLISY,,80,,,,,,,,,,,,,,,,,,,,,,,,,,,,,,,498139575,49813957500027,43.22B,,,,,,,,,,,sirene,
ETS PAYEN,,,a contacter,,,,,,,,,,,,cvc,,BEAUMONT-SUR-SARTHE,,72,,,,,,,,,,,,,,,,,,,,,,,,,,,,,,,381465632,38146563200028,43.22A,,,,,,,,,,,sirene,
ETS ROBERT CAMP,,,a contacter,,,,,,,,,,,,cvc,,SAINT-JUNIEN,,87,,,,,,,,,,,,,,,,,,,,,,,,,,,,,,,388627051,38862705100039,43.22B,,,,,,,,,,,sirene,
ETS SCHMITT A.,,,a contacter,,,,,,,,,,,,cvc,,WŒRTH,,67,,,,,,,,,,,,,,,,,,,,,,,,,,,,,,,738502616,73850261600043,43.22A,,,,,,,,,,,sirene,
ETS SERVIGNAT,,,a contacter,,,,,,,,,,,,cvc,,AMBERIEU-EN-BUGEY,,01,,,,,,,,,,,,,,,,,,,,,,,,,,,,,,,545820094,54582009400039,43.22B,,,,,,,,,,,sirene,
ETS SOULARD DIDIER,,,a contacter,,,,,,,,,,,,cvc,,POUZAUGES,,85,,,,,,,,,,,,,,,,,,,,,,,,,,,,,,,434802989,43480298900013,43.22B,,,,,,,,,,,sirene,
ETS TARRIEU ET DELOMMEL,,,a contacter,,,,,,,,,,,,cvc,,RUE,,80,,,,,,,,,,,,,,,,,,,,,,,,,,,,,,,997675418,99767541800021,43.22B,,,,,,,,,,,sirene,
ETS TCHOULFIAN,,,a contacter,,,,,,,,,,,,cvc,,PONT-EVEQUE,,38,,,,,,,,,,,,,,,,,,,,,,,,,,,,,,,327924635,32792463500029,43.29A,,,,,,,,,,,sirene,
ETS TROISGROS,,,a contacter,,,,,,,,,,,,cvc,,CORMEILLES-EN-PARISIS,,95,,,,,,,,,,,,,,,,,,,,,,,,,,,,,,,750390080,75039008000018,43.22A,,,,,,,,,,,sirene,
ETS VACKIER DELBOS,,,a contacter,,,,,,,,,,,,cvc,,TULLE,,19,,,,,,,,,,,,,,,,,,,,,,,,,,,,,,,387974751,38797475100019,43.22B,,,,,,,,,,,sirene,
ETS VAGNER,,,a contacter,,,,,,,,,,,,cvc,,SAINT-AVOLD,,57,,,,,,,,,,,,,,,,,,,,,,,,,,,,,,,352491260,35249126000035,43.22B,,,,,,,,,,,sirene,
ETS WILHELM,,,a contacter,,,,,,,,,,,,cvc,,BRUNSTATT-DIDENHEIM,,68,,,,,,,,,,,,,,,,,,,,,,,,,,,,,,,499077196,49907719600016,43.22B,,,,,,,,,,,sirene,
ETS. DESFORGES ET MEUNIER,,,a contacter,,,,,,,,,,,,cvc,,MAIGNELAY-MONTIGNY,,60,,,,,,,,,,,,,,,,,,,,,,,,,,,,,,,499400513,49940051300036,43.22B,,,,,,,,,,,sirene,
ETS. FAURE,,,a contacter,,,,,,,,,,,,cvc,,HERICOURT,,70,,,,,,,,,,,,,,,,,,,,,,,,,,,,,,,510816622,51081662200011,43.22B,,,,,,,,,,,sirene,
ETUDE ET SAUVEGARDE DES BATIMENTS,,,a contacter,,,,,,,,,,,,cvc,,JAUNAY-MARIGNY,,86,,,,,,,,,,,,,,,,,,,,,,,,,,,,,,,901989103,90198910300022,43.29A,,,,,,,,,,,sirene,
ETUDES ENERGETIQUES ET REALISATIONS DE TRAVAUX DE L'EST,,,a contacter,,,,,,,,,,,,cvc,,LUDRES,,54,,,,,,,,,,,,,,,,,,,,,,,,,,,,,,,523787018,52378701800051,43.22B,,,,,,,,,,,sirene,
ETUDES ET REALISATIONS TECHNIQUES,,,a contacter,,,,,,,,,,,,cvc,,ISSY-LES-MOULINEAUX,,92,,,,,,,,,,,,,,,,,,,,,,,,,,,,,,,429486160,42948616000022,43.22B,,,,,,,,,,,sirene,
ETUDES INSTALLATION MAINTENANCE INDUSTRI,,,a contacter,,,,,,,,,,,,cvc,,ETUPES,,25,,,,,,,,,,,,,,,,,,,,,,,,,,,,,,,316113208,31611320800037,43.22B,,,,,,,,,,,sirene,
EUGENE & GUSTAVE,,,a contacter,,,,,,,,,,,,cvc,,PARIS,,75,,,,,,,,,,,,,,,,,,,,,,,,,,,,,,,831204532,83120453200038,43.22A,,,,,,,,,,,sirene,
EURECLIM,,,a contacter,,,,,,,,,,,,cvc,,GEMENOS,,13,,,,,,,,,,,,,,,,,,,,,,,,,,,,,,,434344297,43434429700016,43.22B,,,,,,,,,,,sirene,
EURES,,,a contacter,,,,,,,,,,,,cvc,,VERT-SAINT-DENIS,,77,,,,,,,,,,,,,,,,,,,,,,,,,,,,,,,399859990,39985999000034,43.22B,,,,,,,,,,,sirene,
EURISOL,,,a contacter,,,,,,,,,,,,cvc,,CHAMPIGNY-SUR-MARNE,,94,,,,,,,,,,,,,,,,,,,,,,,,,,,,,,,423351261,42335126100031,43.29A,,,,,,,,,,,sirene,
EURL BARTHE LAURENT,,,a contacter,,,,,,,,,,,,cvc,,L'UNION,,31,,,,,,,,,,,,,,,,,,,,,,,,,,,,,,,415290766,41529076600021,43.22B,,,,,,,,,,,sirene,
EURL BELLIARD FILS,,,a contacter,,,,,,,,,,,,cvc,,BOMPAS,,66,,,,,,,,,,,,,,,,,,,,,,,,,,,,,,,488042169,48804216900018,43.22A,,,,,,,,,,,sirene,
EURL BOBET ERIC,,,a contacter,,,,,,,,,,,,cvc,,NOYAL-CHATILLON-SUR-SEICHE,,35,,,,,,,,,,,,,,,,,,,,,,,,,,,,,,,518471925,51847192500025,43.22A,,,,,,,,,,,sirene,
EURL BOURBONNAIS FLORENT,,,a contacter,,,,,,,,,,,,cvc,,VAUCOULEURS,,55,,,,,,,,,,,,,,,,,,,,,,,,,,,,,,,448863894,44886389400045,43.22A,,,,,,,,,,,sirene,
EURL BOURROUX,,,a contacter,,,,,,,,,,,,cvc,,BRIVE-LA-GAILLARDE,,19,,,,,,,,,,,,,,,,,,,,,,,,,,,,,,,453544850,45354485000044,43.22A,,,,,,,,,,,sirene,
EURL DAMARY,,,a contacter,,,,,,,,,,,,cvc,,LA CALOTTERIE,,62,,,,,,,,,,,,,,,,,,,,,,,,,,,,,,,423070283,42307028300035,43.22A,,,,,,,,,,,sirene,
EURL DANILO,,,a contacter,,,,,,,,,,,,cvc,,GUER,,56,,,,,,,,,,,,,,,,,,,,,,,,,,,,,,,410708218,41070821800020,43.22A,,,,,,,,,,,sirene,
EURL ERIC WATBLED,,,a contacter,,,,,,,,,,,,cvc,,SAINT-VALERY-SUR-SOMME,,80,,,,,,,,,,,,,,,,,,,,,,,,,,,,,,,529937617,52993761700031,43.22A,,,,,,,,,,,sirene,
EURL ERTLE ET FILS,,,a contacter,,,,,,,,,,,,cvc,,MUNSTER,,68,,,,,,,,,,,,,,,,,,,,,,,,,,,,,,,789897345,78989734500029,43.22B,,,,,,,,,,,sirene,
EURL FABIEN BOUCHER,,,a contacter,,,,,,,,,,,,cvc,,LEOGNAN,,33,,,,,,,,,,,,,,,,,,,,,,,,,,,,,,,812641728,81264172800033,43.22A,,,,,,,,,,,sirene,
EURL GERAUD LEGRAND,,,a contacter,,,,,,,,,,,,cvc,,BIACHE-SAINT-VAAST,,62,,,,,,,,,,,,,,,,,,,,,,,,,,,,,,,828917534,82891753400020,43.29A,,,,,,,,,,,sirene,
EURL MICHEL BERTRAND,,,a contacter,,,,,,,,,,,,cvc,,JOUE-SUR-ERDRE,,44,,,,,,,,,,,,,,,,,,,,,,,,,,,,,,,410490452,41049045200019,43.22A,,,,,,,,,,,sirene,
EURL OLIVIER COLAS,,,a contacter,,,,,,,,,,,,cvc,,MONTPONT-EN-BRESSE,,71,,,,,,,,,,,,,,,,,,,,,,,,,,,,,,,493910301,49391030100016,43.22B,,,,,,,,,,,sirene,
EURL PPF 22,,,a contacter,,,,,,,,,,,,cvc,,PLERNEUF,,22,,,,,,,,,,,,,,,,,,,,,,,,,,,,,,,834319436,83431943600012,43.29A,,,,,,,,,,,sirene,
EURL SENTENAC,,,a contacter,,,,,,,,,,,,cvc,,NEUVILLE-SUR-AIN,,01,,,,,,,,,,,,,,,,,,,,,,,,,,,,,,,391049590,39104959000022,43.22A,,,,,,,,,,,sirene,
EURO CHAUFF,,,a contacter,,,,,,,,,,,,cvc,,BRIE-COMTE-ROBERT,,77,,,,,,,,,,,,,,,,,,,,,,,,,,,,,,,440845378,44084537800049,43.22A,,,,,,,,,,,sirene,
EURO CHAUFF',,,a contacter,,,,,,,,,,,,cvc,,GRANGES-AUMONTZEY,,88,,,,,,,,,,,,,,,,,,,,,,,,,,,,,,,420506602,42050660200028,43.22B,,,,,,,,,,,sirene,
EURO CLIM PLUS,,,a contacter,,,,,,,,,,,,cvc,,EMERAINVILLE,,77,,,,,,,,,,,,,,,,,,,,,,,,,,,,,,,421399973,42139997300062,43.22B,,,,,,,,,,,sirene,
EURO GAZ,,,a contacter,,,,,,,,,,,,cvc,,BRIE-COMTE-ROBERT,,77,,,,,,,,,,,,,,,,,,,,,,,,,,,,,,,451752729,45175272900025,43.22B,,,,,,,,,,,sirene,
EURO METAL CLIMA FRANCE,,,a contacter,,,,,,,,,,,,cvc,,PARIS,,75,,,,,,,,,,,,,,,,,,,,,,,,,,,,,,,827610569,82761056900010,43.22B,,,,,,,,,,,sirene,
EURO PEINTURE 37,,,a contacter,,,,,,,,,,,,cvc,,JOUE-LES-TOURS,,37,,,,,,,,,,,,,,,,,,,,,,,,,,,,,,,452755671,45275567100040,43.29A,,,,,,,,,,,sirene,
EURO-SANICHAUFF,,,a contacter,,,,,,,,,,,,cvc,,ARMENTIERES,,59,,,,,,,,,,,,,,,,,,,,,,,,,,,,,,,800852790,80085279000016,43.22A,,,,,,,,,,,sirene,
EUROCONFORT,,,a contacter,,,,,,,,,,,,cvc,,EYBENS,,38,,,,,,,,,,,,,,,,,,,,,,,,,,,,,,,840323265,84032326500040,43.22B,,,,,,,,,,,sirene,
EUROP'ISOLATION,,,a contacter,,,,,,,,,,,,cvc,,CENON,,33,,,,,,,,,,,,,,,,,,,,,,,,,,,,,,,390662963,39066296300052,43.29A,,,,,,,,,,,sirene,
EUROPE ENERGIE ANJOU,,,a contacter,,,,,,,,,,,,cvc,,CHOLET,,49,,,,,,,,,,,,,,,,,,,,,,,,,,,,,,,884122474,88412247400015,43.22B,,,,,,,,,,,sirene,
EUROPE PLOMBERIE CHAUFFAGE,,,a contacter,,,,,,,,,,,,cvc,,LE PETIT-QUEVILLY,,76,,,,,,,,,,,,,,,,,,,,,,,,,,,,,,,412965667,41296566700022,43.22A,,,,,,,,,,,sirene,
EUROPE TUYAUTERIE INDUSTRIELLE,,,a contacter,,,,,,,,,,,,cvc,,PARIS,,75,,,,,,,,,,,,,,,,,,,,,,,,,,,,,,,818425118,81842511800028,43.22B,,,,,,,,,,,sirene,
EUROPISOL,,,a contacter,,,,,,,,,,,,cvc,,LE BOURGET,,93,,,,,,,,,,,,,,,,,,,,,,,,,,,,,,,852592021,85259202100012,43.29A,,,,,,,,,,,sirene,
EUROTEC H,,,a contacter,,,,,,,,,,,,cvc,,BOE,,47,,,,,,,,,,,,,,,,,,,,,,,,,,,,,,,419846688,41984668800085,43.22B,,,,,,,,,,,sirene,
EUROTHERM,,,a contacter,,,,,,,,,,,,cvc,,SOURDEVAL,,50,,,,,,,,,,,,,,,,,,,,,,,,,,,,,,,451932370,45193237000021,43.22A,,,,,,,,,,,sirene,
EUROTHERM,,,a contacter,,,,,,,,,,,,cvc,,FRAISSES,,42,,,,,,,,,,,,,,,,,,,,,,,,,,,,,,,441902004,44190200400049,43.22B,,,,,,,,,,,sirene,
EVEAA,,,a contacter,,,,,,,,,,,,cvc,,PESSAC,,33,,,,,,,,,,,,,,,,,,,,,,,,,,,,,,,888202017,88820201700016,43.22B,,,,,,,,,,,sirene,
EVEILLARD,,,a contacter,,,,,,,,,,,,cvc,,CARQUEFOU,,44,,,,,,,,,,,,,,,,,,,,,,,,,,,,,,,512997339,51299733900035,43.22B,,,,,,,,,,,sirene,
EVENO ISOLATION,,,a contacter,,,,,,,,,,,,cvc,,CAUDAN,,56,,,,,,,,,,,,,,,,,,,,,,,,,,,,,,,399977255,39997725500039,43.29A,,,,,,,,,,,sirene,
EVEREST ISOLATION,,,a contacter,,,,,,,,,,,,cvc,,ORANGE,,84,,,,,,,,,,,,,,,,,,,,,,,,,,,,,,,478005549,47800554900033,43.29A,,,,,,,,,,,sirene,
EVO'THERM,,,a contacter,,,,,,,,,,,,cvc,,SENS,,89,,,,,,,,,,,,,,,,,,,,,,,,,,,,,,,799283478,79928347800029,43.22B,,,,,,,,,,,sirene,
EVRARD &FILS,,,a contacter,,,,,,,,,,,,cvc,,CHATEAU-CHINON VILLE,,58,,,,,,,,,,,,,,,,,,,,,,,,,,,,,,,538548199,53854819900016,43.22B,,,,,,,,,,,sirene,
EVYNERGIE,,,a contacter,,,,,,,,,,,,cvc,,CALUIRE-ET-CUIRE,,69,,,,,,,,,,,,,,,,,,,,,,,,,,,,,,,795214030,79521403000038,43.29A,,,,,,,,,,,sirene,
EXERCE,,,a contacter,,,,,,,,,,,,cvc,,CORMEILLES-EN-PARISIS,,95,,,,,,,,,,,,,,,,,,,,,,,,,,,,,,,400916045,40091604500034,43.22B,,,,,,,,,,,sirene,
EXHELIA,,,a contacter,,,,,,,,,,,,cvc,,BENNWIHR,,68,,,,,,,,,,,,,,,,,,,,,,,,,,,,,,,798674024,79867402400038,43.22B,,,,,,,,,,,sirene,
EXILEN,,,a contacter,,,,,,,,,,,,cvc,,VOIRON,,38,,,,,,,,,,,,,,,,,,,,,,,,,,,,,,,403284656,40328465600036,43.22A,,,,,,,,,,,sirene,
EXO-GAINE SARL,,,a contacter,,,,,,,,,,,,cvc,,LAVAUR,,81,,,,,,,,,,,,,,,,,,,,,,,,,,,,,,,493648570,49364857000049,43.22B,,,,,,,,,,,sirene,
EXPERT CLIM,,,a contacter,,,,,,,,,,,,cvc,,THELUS,,62,,,,,,,,,,,,,,,,,,,,,,,,,,,,,,,501191506,50119150600036,43.22B,,,,,,,,,,,sirene,
EXPERT ENVIRONNEMENT HABITAT 21,,,a contacter,,,,,,,,,,,,cvc,,CHEVIGNY-SAINT-SAUVEUR,,21,,,,,,,,,,,,,,,,,,,,,,,,,,,,,,,795206663,79520666300036,43.29A,,,,,,,,,,,sirene,
EXPERT HABITAT,,,a contacter,,,,,,,,,,,,cvc,,MUNDOLSHEIM,,67,,,,,,,,,,,,,,,,,,,,,,,,,,,,,,,494816739,49481673900051,43.29A,,,,,,,,,,,sirene,
EXPERTS COMPAGNONS,,,a contacter,,,,,,,,,,,,cvc,,LE PERREUX-SUR-MARNE,,94,,,,,,,,,,,,,,,,,,,,,,,,,,,,,,,794022087,79402208700017,43.22B,,,,,,,,,,,sirene,
EXPLOIT ETS  NACENTA,,,a contacter,,,,,,,,,,,,cvc,,CARCASSONNE,,11,,,,,,,,,,,,,,,,,,,,,,,,,,,,,,,342668365,34266836500022,43.22B,,,,,,,,,,,sirene,
EXPLOITATION DES ETABLISSEMENTS GIBERT & MULA,,,a contacter,,,,,,,,,,,,cvc,,ALES,,30,,,,,,,,,,,,,,,,,,,,,,,,,,,,,,,307020024,30702002400070,43.22B,,,,,,,,,,,sirene,
EXPLOITATION GENIE CLIMATIQUE,,,a contacter,,,,,,,,,,,,cvc,,AFA,,2A,,,,,,,,,,,,,,,,,,,,,,,,,,,,,,,331376467,33137646700030,43.22B,,,,,,,,,,,sirene,
EXPRESS PLOMBERIE,,,a contacter,,,,,,,,,,,,cvc,,SAINT-DENIS,,93,,,,,,,,,,,,,,,,,,,,,,,,,,,,,,,823163746,82316374600022,43.22A,,,,,,,,,,,sirene,
EXTINCTIUM,,,a contacter,,,,,,,,,,,,cvc,,PITHIVIERS,,45,,,,,,,,,,,,,,,,,,,,,,,,,,,,,,,538787672,53878767200038,43.22A,,,,,,,,,,,sirene,
EYRARD,,,a contacter,,,,,,,,,,,,cvc,,CHARLEVILLE-MEZIERES,,08,,,,,,,,,,,,,,,,,,,,,,,,,,,,,,,453135832,45313583200013,43.22A,,,,,,,,,,,sirene,
F.M.G,,,a contacter,,,,,,,,,,,,cvc,,BAGNOLET,,93,,,,,,,,,,,,,,,,,,,,,,,,,,,,,,,797518081,79751808100022,43.29A,,,,,,,,,,,sirene,
F.R.H.,,,a contacter,,,,,,,,,,,,cvc,,PANTIN,,93,,,,,,,,,,,,,,,,,,,,,,,,,,,,,,,890493737,89049373700013,43.22B,,,,,,,,,,,sirene,
FAB. ISOLATION,,,a contacter,,,,,,,,,,,,cvc,,PANTIN,,93,,,,,,,,,,,,,,,,,,,,,,,,,,,,,,,507723591,50772359100024,43.29A,,,,,,,,,,,sirene,
FABRICE PLOMBERIE EURL,,,a contacter,,,,,,,,,,,,cvc,,LE PORT,,974,,,,,,,,,,,,,,,,,,,,,,,,,,,,,,,812934453,81293445300026,43.22A,,,,,,,,,,,sirene,
FABRICE ROCHEFORT (ASSISTANCE CHAUFFAGE),,,a contacter,,,,,,,,,,,,cvc,,CREYSSE,,24,,,,,,,,,,,,,,,,,,,,,,,,,,,,,,,438493371,43849337100068,43.22B,,,,,,,,,,,sirene,
FACADE ALU'12,,,a contacter,,,,,,,,,,,,cvc,,ONET-LE-CHATEAU,,12,,,,,,,,,,,,,,,,,,,,,,,,,,,,,,,500852819,50085281900019,43.29A,,,,,,,,,,,sirene,
FACADE DU RHIN,,,a contacter,,,,,,,,,,,,cvc,,STRASBOURG,,67,,,,,,,,,,,,,,,,,,,,,,,,,,,,,,,482949542,48294954200039,43.29A,,,,,,,,,,,sirene,
FACADEO RENOVATION,,,a contacter,,,,,,,,,,,,cvc,,SAINT-LO,,50,,,,,,,,,,,,,,,,,,,,,,,,,,,,,,,493669733,49366973300047,43.29A,,,,,,,,,,,sirene,
FACILACHAUFFER,,,a contacter,,,,,,,,,,,,cvc,,EVRY-COURCOURONNES,,91,,,,,,,,,,,,,,,,,,,,,,,,,,,,,,,534089800,53408980000021,43.22B,,,,,,,,,,,sirene,
FAMILY ENERGY,,,a contacter,,,,,,,,,,,,cvc,,BONREPOS-SUR-AUSSONNELLE,,31,,,,,,,,,,,,,,,,,,,,,,,,,,,,,,,900197963,90019796300029,43.22B,,,,,,,,,,,sirene,
FAMPLO,,,a contacter,,,,,,,,,,,,cvc,,NICE,,06,,,,,,,,,,,,,,,,,,,,,,,,,,,,,,,912646445,91264644500011,43.22A,,,,,,,,,,,sirene,
FARASSE FLUIDES,,,a contacter,,,,,,,,,,,,cvc,,CAMBRAI,,59,,,,,,,,,,,,,,,,,,,,,,,,,,,,,,,331802256,33180225600015,43.22B,,,,,,,,,,,sirene,
FARENEIT ENERGIES,,,a contacter,,,,,,,,,,,,cvc,,SAINT-NOM-LA-BRETECHE,,78,,,,,,,,,,,,,,,,,,,,,,,,,,,,,,,387576242,38757624200045,43.22B,,,,,,,,,,,sirene,
FAUCHARD J.P,,,a contacter,,,,,,,,,,,,cvc,,SAINT-CHRISTOPHE-DU-BOIS,,49,,,,,,,,,,,,,,,,,,,,,,,,,,,,,,,389306770,38930677000014,43.22A,,,,,,,,,,,sirene,
FAUGERAS THERMIQUE SANITAIRE,,,a contacter,,,,,,,,,,,,cvc,,BRIVE-LA-GAILLARDE,,19,,,,,,,,,,,,,,,,,,,,,,,,,,,,,,,407905181,40790518100027,43.22A,,,,,,,,,,,sirene,
FAVERGEAT SARL,,,a contacter,,,,,,,,,,,,cvc,,AUXERRE,,89,,,,,,,,,,,,,,,,,,,,,,,,,,,,,,,419264817,41926481700026,43.22A,,,,,,,,,,,sirene,
FAVORI BATIMENT,,,a contacter,,,,,,,,,,,,cvc,,PARIS,,75,,,,,,,,,,,,,,,,,,,,,,,,,,,,,,,753976091,75397609100037,43.22B,,,,,,,,,,,sirene,
FAVRE,,,a contacter,,,,,,,,,,,,cvc,,FLOIRAC,,33,,,,,,,,,,,,,,,,,,,,,,,,,,,,,,,334201191,33420119100031,43.22A,,,,,,,,,,,sirene,
FBE,,,a contacter,,,,,,,,,,,,cvc,,DOUARNENEZ,,29,,,,,,,,,,,,,,,,,,,,,,,,,,,,,,,527974257,52797425700018,43.22B,,,,,,,,,,,sirene,
FBM,,,a contacter,,,,,,,,,,,,cvc,,BRESSUIRE,,79,,,,,,,,,,,,,,,,,,,,,,,,,,,,,,,626820336,62682033600032,43.22B,,,,,,,,,,,sirene,
FCP,,,a contacter,,,,,,,,,,,,cvc,,NICE,,06,,,,,,,,,,,,,,,,,,,,,,,,,,,,,,,434269312,43426931200014,43.22A,,,,,,,,,,,sirene,
FD CLIM,,,a contacter,,,,,,,,,,,,cvc,,CHAMBLY,,60,,,,,,,,,,,,,,,,,,,,,,,,,,,,,,,848046314,84804631400045,43.22B,,,,,,,,,,,sirene,
FEASSON ENERGIES,,,a contacter,,,,,,,,,,,,cvc,,SAINT-ROMAIN-D'AY,,07,,,,,,,,,,,,,,,,,,,,,,,,,,,,,,,419528021,41952802100027,43.22B,,,,,,,,,,,sirene,
FENNIRI ISOLATION ENVIRONNEMENT,,,a contacter,,,,,,,,,,,,cvc,,AVIGNON,,84,,,,,,,,,,,,,,,,,,,,,,,,,,,,,,,529616849,52961684900012,43.29A,,,,,,,,,,,sirene,
FERICKS - MPI CONCEPT,,,a contacter,,,,,,,,,,,,cvc,,SAINT-AIGNAN,,41,,,,,,,,,,,,,,,,,,,,,,,,,,,,,,,410381263,41038126300038,43.22B,,,,,,,,,,,sirene,
FERN ENERGIES,,,a contacter,,,,,,,,,,,,cvc,,CERGY,,95,,,,,,,,,,,,,,,,,,,,,,,,,,,,,,,834064560,83406456000057,43.22B,,,,,,,,,,,sirene,
FERN SERVICES,,,a contacter,,,,,,,,,,,,cvc,,CERGY,,95,,,,,,,,,,,,,,,,,,,,,,,,,,,,,,,883446155,88344615500037,43.22B,,,,,,,,,,,sirene,
FERRE-DUPIN,,,a contacter,,,,,,,,,,,,cvc,,THIRON-GARDAIS,,28,,,,,,,,,,,,,,,,,,,,,,,,,,,,,,,397845587,39784558700039,43.22B,,,,,,,,,,,sirene,
FERREIRA SAS,,,a contacter,,,,,,,,,,,,cvc,,SAINT-EGREVE,,38,,,,,,,,,,,,,,,,,,,,,,,,,,,,,,,419802525,41980252500032,43.22A,,,,,,,,,,,sirene,
FFC INSTALLATION,,,a contacter,,,,,,,,,,,,cvc,,CARNIN,,59,,,,,,,,,,,,,,,,,,,,,,,,,,,,,,,808111637,80811163700019,43.22B,,,,,,,,,,,sirene,
FG PLOMBERIE,,,a contacter,,,,,,,,,,,,cvc,,PREVESSIN-MOENS,,01,,,,,,,,,,,,,,,,,,,,,,,,,,,,,,,829423953,82942395300027,43.22A,,,,,,,,,,,sirene,
FH ENERGIE,,,a contacter,,,,,,,,,,,,cvc,,THIONVILLE,,57,,,,,,,,,,,,,,,,,,,,,,,,,,,,,,,511696601,51169660100026,43.22B,,,,,,,,,,,sirene,
FHE SERVICES,,,a contacter,,,,,,,,,,,,cvc,,PERPIGNAN,,66,,,,,,,,,,,,,,,,,,,,,,,,,,,,,,,848666780,84866678000012,43.22B,,,,,,,,,,,sirene,
FI2C ITE,,,a contacter,,,,,,,,,,,,cvc,,ENGHIEN-LES-BAINS,,95,,,,,,,,,,,,,,,,,,,,,,,,,,,,,,,880851738,88085173800026,43.29A,,,,,,,,,,,sirene,
FIALON,,,a contacter,,,,,,,,,,,,cvc,,DONZERE,,26,,,,,,,,,,,,,,,,,,,,,,,,,,,,,,,845208560,84520856000019,43.22A,,,,,,,,,,,sirene,
FIE,,,a contacter,,,,,,,,,,,,cvc,,VAULX-EN-VELIN,,69,,,,,,,,,,,,,,,,,,,,,,,,,,,,,,,893850552,89385055200033,43.22B,,,,,,,,,,,sirene,
FINANCIERE FIALIN,,,a contacter,,,,,,,,,,,,cvc,,LEZIGNAN-CORBIERES,,11,,,,,,,,,,,,,,,,,,,,,,,,,,,,,,,343728366,34372836600034,43.22A,,,,,,,,,,,sirene,
FINISSADE,,,a contacter,,,,,,,,,,,,cvc,,BILLY-BERCLAU,,62,,,,,,,,,,,,,,,,,,,,,,,,,,,,,,,900839218,90083921800022,43.29A,,,,,,,,,,,sirene,
FIRST-BAT,,,a contacter,,,,,,,,,,,,cvc,,LIVRY-GARGAN,,93,,,,,,,,,,,,,,,,,,,,,,,,,,,,,,,800203556,80020355600025,43.22A,,,,,,,,,,,sirene,
FIRTINA CONCEPT BATIMENT,,,a contacter,,,,,,,,,,,,cvc,,MARSEILLE,,13,,,,,,,,,,,,,,,,,,,,,,,,,,,,,,,884367400,88436740000014,43.29A,,,,,,,,,,,sirene,
FJF,,,a contacter,,,,,,,,,,,,cvc,,BEAUCE LA ROMAINE,,41,,,,,,,,,,,,,,,,,,,,,,,,,,,,,,,828926477,82892647700021,43.22A,,,,,,,,,,,sirene,
FJF ENERGIES,,,a contacter,,,,,,,,,,,,cvc,,BEAUCE LA ROMAINE,,41,,,,,,,,,,,,,,,,,,,,,,,,,,,,,,,951715242,95171524200016,43.22A,,,,,,,,,,,sirene,
FK ENERGIE,,,a contacter,,,,,,,,,,,,cvc,,DROUVIN-LE-MARAIS,,62,,,,,,,,,,,,,,,,,,,,,,,,,,,,,,,505132175,50513217500017,43.22B,,,,,,,,,,,sirene,
FL PLOMBERIE,,,a contacter,,,,,,,,,,,,cvc,,CLICHY,,92,,,,,,,,,,,,,,,,,,,,,,,,,,,,,,,491736120,49173612000073,43.22A,,,,,,,,,,,sirene,
FLAMENT CALORIFUGE ISOLATION,,,a contacter,,,,,,,,,,,,cvc,,MARMOUTIER,,67,,,,,,,,,,,,,,,,,,,,,,,,,,,,,,,434684999,43468499900049,43.29A,,,,,,,,,,,sirene,
FLAMME BLEUE ENVIRONNEMENT,,,a contacter,,,,,,,,,,,,cvc,,CHAUNY,,02,,,,,,,,,,,,,,,,,,,,,,,,,,,,,,,893115113,89311511300027,43.22A,,,,,,,,,,,sirene,
FLAMMES SERVICES,,,a contacter,,,,,,,,,,,,cvc,,LES PONTS-DE-CE,,49,,,,,,,,,,,,,,,,,,,,,,,,,,,,,,,903555027,90355502700015,43.22B,,,,,,,,,,,sirene,
FLANDRES ARTOIS,,,a contacter,,,,,,,,,,,,cvc,,SAINT-MARTIN-LEZ-TATINGHEM,,62,,,,,,,,,,,,,,,,,,,,,,,,,,,,,,,453276552,45327655200016,43.22A,,,,,,,,,,,sirene,
FLANDRES PLOMBERIE,,,a contacter,,,,,,,,,,,,cvc,,SPYCKER,,59,,,,,,,,,,,,,,,,,,,,,,,,,,,,,,,494500630,49450063000038,43.22A,,,,,,,,,,,sirene,
FLASH ENERGY,,,a contacter,,,,,,,,,,,,cvc,,PERPIGNAN,,66,,,,,,,,,,,,,,,,,,,,,,,,,,,,,,,882388358,88238835800039,43.22B,,,,,,,,,,,sirene,
FLETY MACHIN,,,a contacter,,,,,,,,,,,,cvc,,AUTUN,,71,,,,,,,,,,,,,,,,,,,,,,,,,,,,,,,893025007,89302500700020,43.22B,,,,,,,,,,,sirene,
FLEURY-THERMIQUE,,,a contacter,,,,,,,,,,,,cvc,,SAINT-PIERRE-DE-VARENGEVILLE,,76,,,,,,,,,,,,,,,,,,,,,,,,,,,,,,,531714996,53171499600026,43.22B,,,,,,,,,,,sirene,
FLUID-SYSTEM,,,a contacter,,,,,,,,,,,,cvc,,LES PONTS-DE-CE,,49,,,,,,,,,,,,,,,,,,,,,,,,,,,,,,,538813544,53881354400029,43.22B,,,,,,,,,,,sirene,
FLUIDE CONFORT ENERGIE,,,a contacter,,,,,,,,,,,,cvc,,KERVIGNAC,,56,,,,,,,,,,,,,,,,,,,,,,,,,,,,,,,798447900,79844790000035,43.22B,,,,,,,,,,,sirene,
FLUIDE ENERGIE SERVICES,,,a contacter,,,,,,,,,,,,cvc,,VILLEMUR-SUR-TARN,,31,,,,,,,,,,,,,,,,,,,,,,,,,,,,,,,529188583,52918858300015,43.22B,,,,,,,,,,,sirene,
FLUIDES CLIMAT SERVICES,,,a contacter,,,,,,,,,,,,cvc,,COURTRY,,77,,,,,,,,,,,,,,,,,,,,,,,,,,,,,,,528362866,52836286600030,43.22B,,,,,,,,,,,sirene,
FLUIDES CONCEPT 66,,,a contacter,,,,,,,,,,,,cvc,,PERPIGNAN,,66,,,,,,,,,,,,,,,,,,,,,,,,,,,,,,,792855454,79285545400023,43.22A,,,,,,,,,,,sirene,
FLUIDES ET MAINTENANCES DE L'OUEST,,,a contacter,,,,,,,,,,,,cvc,,QUESSOY,,22,,,,,,,,,,,,,,,,,,,,,,,,,,,,,,,449483205,44948320500026,43.22A,,,,,,,,,,,sirene,
FLUIDES HABITAT,,,a contacter,,,,,,,,,,,,cvc,,CRECY-LA-CHAPELLE,,77,,,,,,,,,,,,,,,,,,,,,,,,,,,,,,,428774038,42877403800049,43.22A,,,,,,,,,,,sirene,
FLUZAT ENERGIE,,,a contacter,,,,,,,,,,,,cvc,,AINAY-LE-CHATEAU,,03,,,,,,,,,,,,,,,,,,,,,,,,,,,,,,,849368154,84936815400027,43.22A,,,,,,,,,,,sirene,
FM PLOMB,,,a contacter,,,,,,,,,,,,cvc,,SUCY-EN-BRIE,,94,,,,,,,,,,,,,,,,,,,,,,,,,,,,,,,834851289,83485128900027,43.22A,,,,,,,,,,,sirene,
FMC CLIMATISATION,,,a contacter,,,,,,,,,,,,cvc,,LE HAILLAN,,33,,,,,,,,,,,,,,,,,,,,,,,,,,,,,,,752522334,75252233400016,43.22B,,,,,,,,,,,sirene,
FMC MAINTENANCE,,,a contacter,,,,,,,,,,,,cvc,,LE HAILLAN,,33,,,,,,,,,,,,,,,,,,,,,,,,,,,,,,,812616019,81261601900012,43.22B,,,,,,,,,,,sirene,
FMP COURTOIS,,,a contacter,,,,,,,,,,,,cvc,,FORMERIE,,60,,,,,,,,,,,,,,,,,,,,,,,,,,,,,,,412986366,41298636600026,43.22A,,,,,,,,,,,sirene,
FONTAINE FRERES,,,a contacter,,,,,,,,,,,,cvc,,TOULON-SUR-ALLIER,,03,,,,,,,,,,,,,,,,,,,,,,,,,,,,,,,539653964,53965396400038,43.22B,,,,,,,,,,,sirene,
FONTAINE LAURENT,,,a contacter,,,,,,,,,,,,cvc,,GREMONVILLE,,76,,,,,,,,,,,,,,,,,,,,,,,,,,,,,,,402624753,40262475300057,43.22A,,,,,,,,,,,sirene,
FORET ENTREPRISE,,,a contacter,,,,,,,,,,,,cvc,,MONTREUIL,,93,,,,,,,,,,,,,,,,,,,,,,,,,,,,,,,349961789,34996178900030,43.22B,,,,,,,,,,,sirene,
FOREZ CALO,,,a contacter,,,,,,,,,,,,cvc,,SAINT-ETIENNE,,42,,,,,,,,,,,,,,,,,,,,,,,,,,,,,,,522043678,52204367800039,43.29A,,,,,,,,,,,sirene,
FORISSIER,,,a contacter,,,,,,,,,,,,cvc,,CRAINTILLEUX,,42,,,,,,,,,,,,,,,,,,,,,,,,,,,,,,,379643141,37964314100029,43.22B,,,,,,,,,,,sirene,
FOUQUERAY,,,a contacter,,,,,,,,,,,,cvc,,RUEIL-MALMAISON,,92,,,,,,,,,,,,,,,,,,,,,,,,,,,,,,,339270415,33927041500021,43.22A,,,,,,,,,,,sirene,
FOURNIE ET CIE,,,a contacter,,,,,,,,,,,,cvc,,SAUZE-ENTRE-BOIS,,79,,,,,,,,,,,,,,,,,,,,,,,,,,,,,,,431606425,43160642500012,43.22A,,,,,,,,,,,sirene,
FOURNIER ET FILS,,,a contacter,,,,,,,,,,,,cvc,,DUNKERQUE,,59,,,,,,,,,,,,,,,,,,,,,,,,,,,,,,,451827067,45182706700039,43.22B,,,,,,,,,,,sirene,
FOURNITURE ET POSE DE PANNEAUX ISOTHERMES DU RHONE,,,a contacter,,,,,,,,,,,,cvc,,CHATILLON,,69,,,,,,,,,,,,,,,,,,,,,,,,,,,,,,,811447366,81144736600014,43.29A,,,,,,,,,,,sirene,
FR PLOMBERIE,,,a contacter,,,,,,,,,,,,cvc,,NOGENT-LE-PHAYE,,28,,,,,,,,,,,,,,,,,,,,,,,,,,,,,,,843491275,84349127500023,43.22A,,,,,,,,,,,sirene,
FRABOULET-BENJAMIN SANITAIRE-PLM,,,a contacter,,,,,,,,,,,,cvc,,CLICHY,,92,,,,,,,,,,,,,,,,,,,,,,,,,,,,,,,810796367,81079636700045,43.22A,,,,,,,,,,,sirene,
FRANC COMTOISE DE CONFORT,,,a contacter,,,,,,,,,,,,cvc,,DOLE,,39,,,,,,,,,,,,,,,,,,,,,,,,,,,,,,,035850544,03585054400053,43.22B,,,,,,,,,,,sirene,
FRANCE - DOUCHE,,,a contacter,,,,,,,,,,,,cvc,,AIX-EN-PROVENCE,,13,,,,,,,,,,,,,,,,,,,,,,,,,,,,,,,798002473,79800247300014,43.22A,,,,,,,,,,,sirene,
FRANCE AFFAIRES EQUIPEMENTS,,,a contacter,,,,,,,,,,,,cvc,,VINCENNES,,94,,,,,,,,,,,,,,,,,,,,,,,,,,,,,,,750268062,75026806200031,43.22B,,,,,,,,,,,sirene,
FRANCE BATIMENT PRO,,,a contacter,,,,,,,,,,,,cvc,,FAMECK,,57,,,,,,,,,,,,,,,,,,,,,,,,,,,,,,,840111975,84011197500032,43.29A,,,,,,,,,,,sirene,
FRANCE BATIMENT RENOVATION ENTRETIEN,,,a contacter,,,,,,,,,,,,cvc,,PARIS,,75,,,,,,,,,,,,,,,,,,,,,,,,,,,,,,,353599988,35359998800055,43.22B,,,,,,,,,,,sirene,
FRANCE ECO SOLUTION,,,a contacter,,,,,,,,,,,,cvc,,BOULOGNE-BILLANCOURT,,92,,,,,,,,,,,,,,,,,,,,,,,,,,,,,,,853002293,85300229300027,43.22B,,,,,,,,,,,sirene,
FRANCE ENERGIE,,,a contacter,,,,,,,,,,,,cvc,,CRETEIL,,94,,,,,,,,,,,,,,,,,,,,,,,,,,,,,,,508650652,50865065200045,43.22A,,,,,,,,,,,sirene,
FRANCE ENERGIES,,,a contacter,,,,,,,,,,,,cvc,,SAINT-PAUL,,974,,,,,,,,,,,,,,,,,,,,,,,,,,,,,,,532074945,53207494500025,43.22B,,,,,,,,,,,sirene,
FRANCE ENERGY,,,a contacter,,,,,,,,,,,,cvc,,VENISSIEUX,,69,,,,,,,,,,,,,,,,,,,,,,,,,,,,,,,904772845,90477284500015,43.29A,,,,,,,,,,,sirene,
FRANCE FROID,,,a contacter,,,,,,,,,,,,cvc,,SCHŒLCHER,,972,,,,,,,,,,,,,,,,,,,,,,,,,,,,,,,511326324,51132632400023,43.22B,,,,,,,,,,,sirene,
FRANCE GEOTHERMIE 43,,,a contacter,,,,,,,,,,,,cvc,,SAINT-GERMAIN-LAPRADE,,43,,,,,,,,,,,,,,,,,,,,,,,,,,,,,,,434666111,43466611100035,43.22B,,,,,,,,,,,sirene,
FRANCE HABITAT ENR,,,a contacter,,,,,,,,,,,,cvc,,MONTUSSAN,,33,,,,,,,,,,,,,,,,,,,,,,,,,,,,,,,528703648,52870364800055,43.22B,,,,,,,,,,,sirene,
FRANCE ISOLATION,,,a contacter,,,,,,,,,,,,cvc,,STAINS,,93,,,,,,,,,,,,,,,,,,,,,,,,,,,,,,,508639093,50863909300014,43.29A,,,,,,,,,,,sirene,
FRANCE PLOMBERIE,,,a contacter,,,,,,,,,,,,cvc,,SAINT-BARTHELEMY-D'ANJOU,,49,,,,,,,,,,,,,,,,,,,,,,,,,,,,,,,528688724,52868872400046,43.22A,,,,,,,,,,,sirene,
FRANCE PRO HABITAT,,,a contacter,,,,,,,,,,,,cvc,,SAINT-SAUVEUR-D'AUNIS,,17,,,,,,,,,,,,,,,,,,,,,,,,,,,,,,,505154765,50515476500018,43.29A,,,,,,,,,,,sirene,
FRANCE SUD ISOLATION,,,a contacter,,,,,,,,,,,,cvc,,L'ISLE-JOURDAIN,,32,,,,,,,,,,,,,,,,,,,,,,,,,,,,,,,408720514,40872051400046,43.29A,,,,,,,,,,,sirene,
FRANCE THERME,,,a contacter,,,,,,,,,,,,cvc,,FONTENAY-SOUS-BOIS,,94,,,,,,,,,,,,,,,,,,,,,,,,,,,,,,,838507051,83850705100020,43.22B,,,,,,,,,,,sirene,
FRANCENERGIES,,,a contacter,,,,,,,,,,,,cvc,,LA RAVOIRE,,73,,,,,,,,,,,,,,,,,,,,,,,,,,,,,,,509463089,50946308900102,43.22B,,,,,,,,,,,sirene,
FRANCHE COMTE DEPANNAGE ENTRETIEN,,,a contacter,,,,,,,,,,,,cvc,,ORCHAMPS-VENNES,,25,,,,,,,,,,,,,,,,,,,,,,,,,,,,,,,435370416,43537041600032,43.22B,,,,,,,,,,,sirene,
FRANCHE INDUSTRIES,,,a contacter,,,,,,,,,,,,cvc,,PARIS,,75,,,,,,,,,,,,,,,,,,,,,,,,,,,,,,,402003750,40200375000013,43.22A,,,,,,,,,,,sirene,
FRANCHE-COMTE ISOLATION,,,a contacter,,,,,,,,,,,,cvc,,THISE,,25,,,,,,,,,,,,,,,,,,,,,,,,,,,,,,,300854197,30085419700047,43.29A,,,,,,,,,,,sirene,
FRANCHI AND CO,,,a contacter,,,,,,,,,,,,cvc,,MARSEILLE,,13,,,,,,,,,,,,,,,,,,,,,,,,,,,,,,,492458542,49245854200056,43.22A,,,,,,,,,,,sirene,
FRANCIS BURGUNDER,,,a contacter,,,,,,,,,,,,cvc,,KRUTH,,68,,,,,,,,,,,,,,,,,,,,,,,,,,,,,,,413958364,41395836400023,43.22A,,,,,,,,,,,sirene,
FRANCIS RAZES,,,a contacter,,,,,,,,,,,,cvc,,AUTERIVE,,31,,,,,,,,,,,,,,,,,,,,,,,,,,,,,,,412831927,41283192700030,43.22A,,,,,,,,,,,sirene,
FRANCIS SCHAUB,,,a contacter,,,,,,,,,,,,cvc,,BALDERSHEIM,,68,,,,,,,,,,,,,,,,,,,,,,,,,,,,,,,407525401,40752540100037,43.22A,,,,,,,,,,,sirene,
FRANCOIS PINA SARL,,,a contacter,,,,,,,,,,,,cvc,,CERNAY,,68,,,,,,,,,,,,,,,,,,,,,,,,,,,,,,,390003697,39000369700039,43.22A,,,,,,,,,,,sirene,
FRANK SERVICE,,,a contacter,,,,,,,,,,,,cvc,,VILLENEUVE-LOUBET,,06,,,,,,,,,,,,,,,,,,,,,,,,,,,,,,,319722567,31972256700041,43.22B,,,,,,,,,,,sirene,
FRED'EAU,,,a contacter,,,,,,,,,,,,cvc,,SAINT-BREVIN-LES-PINS,,44,,,,,,,,,,,,,,,,,,,,,,,,,,,,,,,794622837,79462283700027,43.22A,,,,,,,,,,,sirene,
FREENERGIE,,,a contacter,,,,,,,,,,,,cvc,,MULHOUSE,,68,,,,,,,,,,,,,,,,,,,,,,,,,,,,,,,520833310,52083331000052,43.22B,,,,,,,,,,,sirene,
FRESNEL ENERGIE,,,a contacter,,,,,,,,,,,,cvc,,COUERON,,44,,,,,,,,,,,,,,,,,,,,,,,,,,,,,,,451669717,45166971700030,43.22B,,,,,,,,,,,sirene,
FRICLIMA ENERGIES,,,a contacter,,,,,,,,,,,,cvc,,MAUGES-SUR-LOIRE,,49,,,,,,,,,,,,,,,,,,,,,,,,,,,,,,,489236075,48923607500029,43.22B,,,,,,,,,,,sirene,
FRIGELEC,,,a contacter,,,,,,,,,,,,cvc,,KOUROU,,973,,,,,,,,,,,,,,,,,,,,,,,,,,,,,,,428087456,42808745600011,43.22B,,,,,,,,,,,sirene,
FRIGEVAR,,,a contacter,,,,,,,,,,,,cvc,,LA SEYNE-SUR-MER,,83,,,,,,,,,,,,,,,,,,,,,,,,,,,,,,,504738246,50473824600025,43.22B,,,,,,,,,,,sirene,
FRIGEVAR MAINTENANCE,,,a contacter,,,,,,,,,,,,cvc,,SIX-FOURS-LES-PLAGES,,83,,,,,,,,,,,,,,,,,,,,,,,,,,,,,,,830465696,83046569600029,43.22B,,,,,,,,,,,sirene,
FRIMATHERM,,,a contacter,,,,,,,,,,,,cvc,,MAISONS-ALFORT,,94,,,,,,,,,,,,,,,,,,,,,,,,,,,,,,,998299408,99829940800042,43.22B,,,,,,,,,,,sirene,
FRISOL,,,a contacter,,,,,,,,,,,,cvc,,ENNEVELIN,,59,,,,,,,,,,,,,,,,,,,,,,,,,,,,,,,752107086,75210708600049,43.22B,,,,,,,,,,,sirene,
FRISQUET ASSISTANCE SARL PVE,,,a contacter,,,,,,,,,,,,cvc,,COIGNIERES,,78,,,,,,,,,,,,,,,,,,,,,,,,,,,,,,,438051260,43805126000034,43.22B,,,,,,,,,,,sirene,
FRITSCH,,,a contacter,,,,,,,,,,,,cvc,,LEVALLOIS-PERRET,,92,,,,,,,,,,,,,,,,,,,,,,,,,,,,,,,722006269,72200626900012,43.22A,,,,,,,,,,,sirene,
FRODEAU GUERY,,,a contacter,,,,,,,,,,,,cvc,,JAUNAY-MARIGNY,,86,,,,,,,,,,,,,,,,,,,,,,,,,,,,,,,387941768,38794176800047,43.22A,,,,,,,,,,,sirene,
FROID & SERVICES BRESSE,,,a contacter,,,,,,,,,,,,cvc,,SAINT-CYR-SUR-MENTHON,,01,,,,,,,,,,,,,,,,,,,,,,,,,,,,,,,382588119,38258811900026,43.22B,,,,,,,,,,,sirene,
FROID CHAUFFAGE PLOMBERIE,,,a contacter,,,,,,,,,,,,cvc,,LOZANNE,,69,,,,,,,,,,,,,,,,,,,,,,,,,,,,,,,790373682,79037368200018,43.22B,,,,,,,,,,,sirene,
FROID CLIMATISATION ASSISTANCE,,,a contacter,,,,,,,,,,,,cvc,,SIGNES,,83,,,,,,,,,,,,,,,,,,,,,,,,,,,,,,,439408626,43940862600075,43.22B,,,,,,,,,,,sirene,
FROID EXPRESS SERVICES,,,a contacter,,,,,,,,,,,,cvc,,LE LAMENTIN,,972,,,,,,,,,,,,,,,,,,,,,,,,,,,,,,,501604532,50160453200033,43.22B,,,,,,,,,,,sirene,
FROID THERMIQUE,,,a contacter,,,,,,,,,,,,cvc,,AUBAGNE,,13,,,,,,,,,,,,,,,,,,,,,,,,,,,,,,,810072165,81007216500030,43.22B,,,,,,,,,,,sirene,
FROID TOLOSAN,,,a contacter,,,,,,,,,,,,cvc,,VILLENEUVE TOLOSANE,,31,,,,,,,,,,,,,,,,,,,,,,,,,,,,,,,452542061,45254206100018,43.22B,,,,,,,,,,,sirene,
FULGONI,,,a contacter,,,,,,,,,,,,cvc,,CLICHY,,92,,,,,,,,,,,,,,,,,,,,,,,,,,,,,,,642048912,64204891200025,43.22B,,,,,,,,,,,sirene,
FUSIONYS,,,a contacter,,,,,,,,,,,,cvc,,SAINT-POL-DE-LEON,,29,,,,,,,,,,,,,,,,,,,,,,,,,,,,,,,902059351,90205935100012,43.22B,,,,,,,,,,,sirene,
FUTUR ENVIRONNEMENT,,,a contacter,,,,,,,,,,,,cvc,,PARIS,,75,,,,,,,,,,,,,,,,,,,,,,,,,,,,,,,801763640,80176364000027,43.22B,,,,,,,,,,,sirene,
G T GAZ,,,a contacter,,,,,,,,,,,,cvc,,MONTPELLIER,,34,,,,,,,,,,,,,,,,,,,,,,,,,,,,,,,308175058,30817505800020,43.22B,,,,,,,,,,,sirene,
G.C.L ENERGIE,,,a contacter,,,,,,,,,,,,cvc,,NORROY-LE-VENEUR,,57,,,,,,,,,,,,,,,,,,,,,,,,,,,,,,,793614207,79361420700025,43.22B,,,,,,,,,,,sirene,
G.C.V,,,a contacter,,,,,,,,,,,,cvc,,CHAMPIGNY-SUR-MARNE,,94,,,,,,,,,,,,,,,,,,,,,,,,,,,,,,,411261928,41126192800039,43.22B,,,,,,,,,,,sirene,
G.D.E.R,,,a contacter,,,,,,,,,,,,cvc,,SARCELLES,,95,,,,,,,,,,,,,,,,,,,,,,,,,,,,,,,752847756,75284775600034,43.22B,,,,,,,,,,,sirene,
G.D.I.,,,a contacter,,,,,,,,,,,,cvc,,RILLIEUX-LA-PAPE,,69,,,,,,,,,,,,,,,,,,,,,,,,,,,,,,,488895368,48889536800055,43.29A,,,,,,,,,,,sirene,
G.E.A.T.,,,a contacter,,,,,,,,,,,,cvc,,COURTRY,,77,,,,,,,,,,,,,,,,,,,,,,,,,,,,,,,451222871,45122287100050,43.22B,,,,,,,,,,,sirene,
G.E.P.H.ENTREPRISE,,,a contacter,,,,,,,,,,,,cvc,,TEMPLEMARS,,59,,,,,,,,,,,,,,,,,,,,,,,,,,,,,,,348237538,34823753800023,43.22B,,,,,,,,,,,sirene,
G.H. RAVALEMENT,,,a contacter,,,,,,,,,,,,cvc,,LE HAVRE,,76,,,,,,,,,,,,,,,,,,,,,,,,,,,,,,,533012068,53301206800011,43.29A,,,,,,,,,,,sirene,
G.MOUREAU ET FILS,,,a contacter,,,,,,,,,,,,cvc,,ISSOIRE,,63,,,,,,,,,,,,,,,,,,,,,,,,,,,,,,,411991755,41199175500033,43.22A,,,,,,,,,,,sirene,
G.P. FLUIDES,,,a contacter,,,,,,,,,,,,cvc,,BAILLY-ROMAINVILLIERS,,77,,,,,,,,,,,,,,,,,,,,,,,,,,,,,,,848420626,84842062600022,43.22B,,,,,,,,,,,sirene,
G.R.H HABITAT,,,a contacter,,,,,,,,,,,,cvc,,PONT-A-MARCQ,,59,,,,,,,,,,,,,,,,,,,,,,,,,,,,,,,504641507,50464150700026,43.22B,,,,,,,,,,,sirene,
G2C METZ,,,a contacter,,,,,,,,,,,,cvc,,MARLY,,57,,,,,,,,,,,,,,,,,,,,,,,,,,,,,,,801358888,80135888800031,43.22B,,,,,,,,,,,sirene,
G2R SOLUTIONS ET SERVICES,,,a contacter,,,,,,,,,,,,cvc,,LAVILLETERTRE,,60,,,,,,,,,,,,,,,,,,,,,,,,,,,,,,,788854735,78885473500024,43.22B,,,,,,,,,,,sirene,
G2T,,,a contacter,,,,,,,,,,,,cvc,,BETHONCOURT,,25,,,,,,,,,,,,,,,,,,,,,,,,,,,,,,,353891351,35389135100028,43.22B,,,,,,,,,,,sirene,
GAIA,,,a contacter,,,,,,,,,,,,cvc,,LILLE,,59,,,,,,,,,,,,,,,,,,,,,,,,,,,,,,,833599640,83359964000020,43.22B,,,,,,,,,,,sirene,
GAIA SERVICES ET PROSPECTIVE,,,a contacter,,,,,,,,,,,,cvc,,SAINT-LEU,,974,,,,,,,,,,,,,,,,,,,,,,,,,,,,,,,529983397,52998339700033,43.22B,,,,,,,,,,,sirene,
GAINES PLAFONDS ISOLATION 2,,,a contacter,,,,,,,,,,,,cvc,,ALLAUCH,,13,,,,,,,,,,,,,,,,,,,,,,,,,,,,,,,071804686,07180468600021,43.22B,,,,,,,,,,,sirene,
GALERIE DE L ESCAUT,,,a contacter,,,,,,,,,,,,cvc,,FRESNES-SUR-ESCAUT,,59,,,,,,,,,,,,,,,,,,,,,,,,,,,,,,,413868597,41386859700019,43.22B,,,,,,,,,,,sirene,
GALLAND,,,a contacter,,,,,,,,,,,,cvc,,BOURMONT-ENTRE-MEUSE-ET-MOUZON,,52,,,,,,,,,,,,,,,,,,,,,,,,,,,,,,,420105108,42010510800013,43.22B,,,,,,,,,,,sirene,
GALLIER,,,a contacter,,,,,,,,,,,,cvc,,SAINT-JEAN-DE-LA-RUELLE,,45,,,,,,,,,,,,,,,,,,,,,,,,,,,,,,,414953547,41495354700018,43.22B,,,,,,,,,,,sirene,
GALLOIS ROBERT ET ASSOCIES,,,a contacter,,,,,,,,,,,,cvc,,VARENNES-VAUZELLES,,58,,,,,,,,,,,,,,,,,,,,,,,,,,,,,,,434598173,43459817300012,43.22A,,,,,,,,,,,sirene,
GALLOUX ENTREPRISE,,,a contacter,,,,,,,,,,,,cvc,,BLOIS,,41,,,,,,,,,,,,,,,,,,,,,,,,,,,,,,,388324295,38832429500012,43.22B,,,,,,,,,,,sirene,
GANGLOFF MARC,,,a contacter,,,,,,,,,,,,cvc,,VENDENHEIM,,67,,,,,,,,,,,,,,,,,,,,,,,,,,,,,,,392628244,39262824400015,43.22A,,,,,,,,,,,sirene,
GARANKA CENTRE OUEST,,,a contacter,,,,,,,,,,,,cvc,,CHAMBRAY-LES-TOURS,,37,,,,,,,,,,,,,,,,,,,,,,,,,,,,,,,734800410,73480041000031,43.22B,,,,,,,,,,,sirene,
GARANKA ILE DE FRANCE SAS,,,a contacter,,,,,,,,,,,,cvc,,FONTENAY-SOUS-BOIS,,94,,,,,,,,,,,,,,,,,,,,,,,,,,,,,,,785108077,78510807700179,43.22B,,,,,,,,,,,sirene,
GARANKA NORD OUEST,,,a contacter,,,,,,,,,,,,cvc,,LE MANS,,72,,,,,,,,,,,,,,,,,,,,,,,,,,,,,,,325338333,32533833300025,43.22B,,,,,,,,,,,sirene,
GARANKA SUD EST,,,a contacter,,,,,,,,,,,,cvc,,CHAVANOD,,74,,,,,,,,,,,,,,,,,,,,,,,,,,,,,,,351782743,35178274300246,43.22B,,,,,,,,,,,sirene,
GARANKA SUD OUEST,,,a contacter,,,,,,,,,,,,cvc,,L'ISLE-D'ESPAGNAC,,16,,,,,,,,,,,,,,,,,,,,,,,,,,,,,,,392360624,39236062400036,43.22B,,,,,,,,,,,sirene,
GARBIL FRERES,,,a contacter,,,,,,,,,,,,cvc,,CRAPONNE-SUR-ARZON,,43,,,,,,,,,,,,,,,,,,,,,,,,,,,,,,,389012766,38901276600017,43.22A,,,,,,,,,,,sirene,
GARCIA RENOVATION,,,a contacter,,,,,,,,,,,,cvc,,SAINTE SAVINE,,10,,,,,,,,,,,,,,,,,,,,,,,,,,,,,,,889106241,88910624100017,43.29A,,,,,,,,,,,sirene,
GARNAULT ENTREPRISE,,,a contacter,,,,,,,,,,,,cvc,,CHAURAY,,79,,,,,,,,,,,,,,,,,,,,,,,,,,,,,,,343871208,34387120800025,43.22A,,,,,,,,,,,sirene,
GASCOGNE HABITAT,,,a contacter,,,,,,,,,,,,cvc,,CONDOM,,32,,,,,,,,,,,,,,,,,,,,,,,,,,,,,,,891959611,89195961100015,43.22B,,,,,,,,,,,sirene,
GASOLEC,,,a contacter,,,,,,,,,,,,cvc,,MALAKOFF,,92,,,,,,,,,,,,,,,,,,,,,,,,,,,,,,,792237810,79223781000025,43.22B,,,,,,,,,,,sirene,
GASPARINI HERVE,,,a contacter,,,,,,,,,,,,cvc,,SILLANS,,38,,,,,,,,,,,,,,,,,,,,,,,,,,,,,,,482702537,48270253700036,43.22B,,,,,,,,,,,sirene,
GAUME ENERGIES,,,a contacter,,,,,,,,,,,,cvc,,COULOUNIEIX-CHAMIERS,,24,,,,,,,,,,,,,,,,,,,,,,,,,,,,,,,813964566,81396456600026,43.22B,,,,,,,,,,,sirene,
GAYRAL ISOLATION,,,a contacter,,,,,,,,,,,,cvc,,DEYME,,31,,,,,,,,,,,,,,,,,,,,,,,,,,,,,,,515084838,51508483800033,43.29A,,,,,,,,,,,sirene,
GAZ 2000,,,a contacter,,,,,,,,,,,,cvc,,CEBAZAT,,63,,,,,,,,,,,,,,,,,,,,,,,,,,,,,,,391215191,39121519100035,43.22B,,,,,,,,,,,sirene,
GAZ 2000 ENERGIES,,,a contacter,,,,,,,,,,,,cvc,,LA VALETTE-DU-VAR,,83,,,,,,,,,,,,,,,,,,,,,,,,,,,,,,,913545182,91354518200010,43.22B,,,,,,,,,,,sirene,
GAZ 42,,,a contacter,,,,,,,,,,,,cvc,,LA FOUILLOUSE,,42,,,,,,,,,,,,,,,,,,,,,,,,,,,,,,,326117074,32611707400038,43.22B,,,,,,,,,,,sirene,
GAZ DEPANNAGE,,,a contacter,,,,,,,,,,,,cvc,,PLEUDIHEN-SUR-RANCE,,22,,,,,,,,,,,,,,,,,,,,,,,,,,,,,,,408774826,40877482600031,43.22B,,,,,,,,,,,sirene,
GAZ DEPANNAGE,,,a contacter,,,,,,,,,,,,cvc,,NIMES,,30,,,,,,,,,,,,,,,,,,,,,,,,,,,,,,,304012057,30401205700085,43.22B,,,,,,,,,,,sirene,
GAZ END,,,a contacter,,,,,,,,,,,,cvc,,CLERMONT-FERRAND,,63,,,,,,,,,,,,,,,,,,,,,,,,,,,,,,,872201371,87220137100020,43.22B,,,,,,,,,,,sirene,
GAZ FLASH,,,a contacter,,,,,,,,,,,,cvc,,PARIS,,75,,,,,,,,,,,,,,,,,,,,,,,,,,,,,,,652035247,65203524700012,43.22A,,,,,,,,,,,sirene,
GAZ MAINTENANCE,,,a contacter,,,,,,,,,,,,cvc,,MARSEILLE,,13,,,,,,,,,,,,,,,,,,,,,,,,,,,,,,,519108054,51910805400015,43.22B,,,,,,,,,,,sirene,
GAZ PURS ET FLUIDES,,,a contacter,,,,,,,,,,,,cvc,,PLAILLY,,60,,,,,,,,,,,,,,,,,,,,,,,,,,,,,,,305009466,30500946600031,43.22A,,,,,,,,,,,sirene,
GAZ SERVICE,,,a contacter,,,,,,,,,,,,cvc,,NIMES,,30,,,,,,,,,,,,,,,,,,,,,,,,,,,,,,,680200193,68020019300034,43.22B,,,,,,,,,,,sirene,
GAZ SERVICE,,,a contacter,,,,,,,,,,,,cvc,,MARLY,,59,,,,,,,,,,,,,,,,,,,,,,,,,,,,,,,718800477,71880047700165,43.22B,,,,,,,,,,,sirene,
GAZ SERVICE,,,a contacter,,,,,,,,,,,,cvc,,SAINT PIERRE LES ELBEUF,,76,,,,,,,,,,,,,,,,,,,,,,,,,,,,,,,329275986,32927598600035,43.22B,,,,,,,,,,,sirene,
GAZ SERVICE 45,,,a contacter,,,,,,,,,,,,cvc,,SAINT-PRYVE-SAINT-MESMIN,,45,,,,,,,,,,,,,,,,,,,,,,,,,,,,,,,378533889,37853388900028,43.22B,,,,,,,,,,,sirene,
GAZ SERVICE 80,,,a contacter,,,,,,,,,,,,cvc,,ABBEVILLE,,80,,,,,,,,,,,,,,,,,,,,,,,,,,,,,,,387450927,38745092700034,43.22B,,,,,,,,,,,sirene,
GAZ SERVICE RAPIDE,,,a contacter,,,,,,,,,,,,cvc,,EAUBONNE,,95,,,,,,,,,,,,,,,,,,,,,,,,,,,,,,,341304467,34130446700036,43.22B,,,,,,,,,,,sirene,
GAZ SERVICES,,,a contacter,,,,,,,,,,,,cvc,,LAVAU,,10,,,,,,,,,,,,,,,,,,,,,,,,,,,,,,,392677761,39267776100034,43.22B,,,,,,,,,,,sirene,
GAZ TECHNIC,,,a contacter,,,,,,,,,,,,cvc,,ATHIS-MONS,,91,,,,,,,,,,,,,,,,,,,,,,,,,,,,,,,483039939,48303993900036,43.22A,,,,,,,,,,,sirene,
GAZ TOULOIS,,,a contacter,,,,,,,,,,,,cvc,,TOUL,,54,,,,,,,,,,,,,,,,,,,,,,,,,,,,,,,340352897,34035289700029,43.22B,,,,,,,,,,,sirene,
GAZ'ELEC,,,a contacter,,,,,,,,,,,,cvc,,EVREUX,,27,,,,,,,,,,,,,,,,,,,,,,,,,,,,,,,483206736,48320673600025,43.22B,,,,,,,,,,,sirene,
GAZ'INTERVENTION,,,a contacter,,,,,,,,,,,,cvc,,ALLAUCH,,13,,,,,,,,,,,,,,,,,,,,,,,,,,,,,,,413364126,41336412600057,43.22B,,,,,,,,,,,sirene,
GAZABLOC S A R L,,,a contacter,,,,,,,,,,,,cvc,,VIROFLAY,,78,,,,,,,,,,,,,,,,,,,,,,,,,,,,,,,722024536,72202453600038,43.22B,,,,,,,,,,,sirene,
GAZECLAIR,,,a contacter,,,,,,,,,,,,cvc,,MONTMAGNY,,95,,,,,,,,,,,,,,,,,,,,,,,,,,,,,,,301855748,30185574800044,43.22A,,,,,,,,,,,sirene,
GAZEO + DEPANNAGE,,,a contacter,,,,,,,,,,,,cvc,,THIONVILLE,,57,,,,,,,,,,,,,,,,,,,,,,,,,,,,,,,813746633,81374663300037,43.22B,,,,,,,,,,,sirene,
GBB,,,a contacter,,,,,,,,,,,,cvc,,SAINTE-MARIE-DES-CHAMPS,,76,,,,,,,,,,,,,,,,,,,,,,,,,,,,,,,419506423,41950642300021,43.22B,,,,,,,,,,,sirene,
GBG ISOTHERME,,,a contacter,,,,,,,,,,,,cvc,,MONTREUIL,,93,,,,,,,,,,,,,,,,,,,,,,,,,,,,,,,901720581,90172058100023,43.22B,,,,,,,,,,,sirene,
GCS,,,a contacter,,,,,,,,,,,,cvc,,BOURG-BLANC,,29,,,,,,,,,,,,,,,,,,,,,,,,,,,,,,,487644296,48764429600013,43.22B,,,,,,,,,,,sirene,
GCTECH,,,a contacter,,,,,,,,,,,,cvc,,KILSTETT,,67,,,,,,,,,,,,,,,,,,,,,,,,,,,,,,,885403709,88540370900011,43.22B,,,,,,,,,,,sirene,
GD THERMIQUE,,,a contacter,,,,,,,,,,,,cvc,,MERY-SUR-OISE,,95,,,,,,,,,,,,,,,,,,,,,,,,,,,,,,,530240076,53024007600022,43.22A,,,,,,,,,,,sirene,
GDL.PRO,,,a contacter,,,,,,,,,,,,cvc,,ELVEN,,56,,,,,,,,,,,,,,,,,,,,,,,,,,,,,,,838570174,83857017400022,43.22B,,,,,,,,,,,sirene,
GECET SOLUTIONS,,,a contacter,,,,,,,,,,,,cvc,,TOURS,,37,,,,,,,,,,,,,,,,,,,,,,,,,,,,,,,880842620,88084262000036,43.22B,,,,,,,,,,,sirene,
GECKO ENERGIES,,,a contacter,,,,,,,,,,,,cvc,,COURCELLES-CHAUSSY,,57,,,,,,,,,,,,,,,,,,,,,,,,,,,,,,,752860635,75286063500016,43.22B,,,,,,,,,,,sirene,
GEF NEGOCES,,,a contacter,,,,,,,,,,,,cvc,,MONTPELLIER,,34,,,,,,,,,,,,,,,,,,,,,,,,,,,,,,,512807496,51280749600017,43.22B,,,,,,,,,,,sirene,
GEM,,,a contacter,,,,,,,,,,,,cvc,,VELIZY-VILLACOUBLAY,,78,,,,,,,,,,,,,,,,,,,,,,,,,,,,,,,722038270,72203827000038,43.22B,,,,,,,,,,,sirene,
GENEOL GENIE CLIMATIQUE,,,a contacter,,,,,,,,,,,,cvc,,VARENNES-VAUZELLES,,58,,,,,,,,,,,,,,,,,,,,,,,,,,,,,,,731880258,73188025800041,43.22B,,,,,,,,,,,sirene,
GENER FROID,,,a contacter,,,,,,,,,,,,cvc,,VITROLLES,,13,,,,,,,,,,,,,,,,,,,,,,,,,,,,,,,412111726,41211172600037,43.22B,,,,,,,,,,,sirene,
GENERALE D INSTALLATIONS ENERGETIQUES,,,a contacter,,,,,,,,,,,,cvc,,STRASBOURG,,67,,,,,,,,,,,,,,,,,,,,,,,,,,,,,,,333453991,33345399100015,43.22A,,,,,,,,,,,sirene,
GENERALE D'ELECTRICITE ET DE PLOMBERIE,,,a contacter,,,,,,,,,,,,cvc,,NICE,,06,,,,,,,,,,,,,,,,,,,,,,,,,,,,,,,488432097,48843209700068,43.22A,,,,,,,,,,,sirene,
GENERALE DE CHAUFFAGE MICHEL WEBER,,,a contacter,,,,,,,,,,,,cvc,,MAIZIERES-LES-METZ,,57,,,,,,,,,,,,,,,,,,,,,,,,,,,,,,,373800259,37380025900021,43.22B,,,,,,,,,,,sirene,
GENERALE DE COUVERTURE PLOMBERIE,,,a contacter,,,,,,,,,,,,cvc,,SUCY-EN-BRIE,,94,,,,,,,,,,,,,,,,,,,,,,,,,,,,,,,344383435,34438343500031,43.22A,,,,,,,,,,,sirene,
GENERALE GEOTHERMIE SOLUTIONS,,,a contacter,,,,,,,,,,,,cvc,,CRETEIL,,94,,,,,,,,,,,,,,,,,,,,,,,,,,,,,,,504719238,50471923800033,43.22B,,,,,,,,,,,sirene,
GENERALE THERMIQUE,,,a contacter,,,,,,,,,,,,cvc,,AVION,,62,,,,,,,,,,,,,,,,,,,,,,,,,,,,,,,510424872,51042487200032,43.22A,,,,,,,,,,,sirene,
GENERALE TRAVAUX INDUSTRIELS,,,a contacter,,,,,,,,,,,,cvc,,LAMANON,,13,,,,,,,,,,,,,,,,,,,,,,,,,,,,,,,378388854,37838885400028,43.22B,,,,,,,,,,,sirene,
GENICLIME SUD-OUEST,,,a contacter,,,,,,,,,,,,cvc,,MERIGNAC,,33,,,,,,,,,,,,,,,,,,,,,,,,,,,,,,,389967837,38996783700045,43.22B,,,,,,,,,,,sirene,
GENIE CLIM FRANCE,,,a contacter,,,,,,,,,,,,cvc,,LE HAILLAN,,33,,,,,,,,,,,,,,,,,,,,,,,,,,,,,,,922736533,92273653300022,43.22B,,,,,,,,,,,sirene,
GENIE CLIMATIQUE DE L EST,,,a contacter,,,,,,,,,,,,cvc,,HŒNHEIM,,67,,,,,,,,,,,,,,,,,,,,,,,,,,,,,,,324478403,32447840300045,43.22B,,,,,,,,,,,sirene,
GENIE CLIMATIQUE DE LORRAINE,,,a contacter,,,,,,,,,,,,cvc,,PULNOY,,54,,,,,,,,,,,,,,,,,,,,,,,,,,,,,,,480021989,48002198900029,43.22B,,,,,,,,,,,sirene,
GENIE CLIMATIQUE MISPOUILLE G.C.M,,,a contacter,,,,,,,,,,,,cvc,,MONTAUBAN,,82,,,,,,,,,,,,,,,,,,,,,,,,,,,,,,,397560475,39756047500055,43.22B,,,,,,,,,,,sirene,
GENIE CLIMATIQUE TUYAUTERIES INDUSTRIELLES EQUIPEMENTS PERIPHERIQUES DE ROTATIVES D'IMPRIMERIE.,,,a contacter,,,,,,,,,,,,cvc,,QUINCY-VOISINS,,77,,,,,,,,,,,,,,,,,,,,,,,,,,,,,,,419885017,41988501700022,43.22A,,,,,,,,,,,sirene,
GENIE THERM,,,a contacter,,,,,,,,,,,,cvc,,REHON,,54,,,,,,,,,,,,,,,,,,,,,,,,,,,,,,,450251418,45025141800031,43.22B,,,,,,,,,,,sirene,
GENIEISO,,,a contacter,,,,,,,,,,,,cvc,,LE BOURGET,,93,,,,,,,,,,,,,,,,,,,,,,,,,,,,,,,817795685,81779568500020,43.29A,,,,,,,,,,,sirene,
GENISAN,,,a contacter,,,,,,,,,,,,cvc,,CERCOTTES,,45,,,,,,,,,,,,,,,,,,,,,,,,,,,,,,,537991416,53799141600034,43.22A,,,,,,,,,,,sirene,
GENITHERMIE SAS,,,a contacter,,,,,,,,,,,,cvc,,CHEVILLON-SUR-HUILLARD,,45,,,,,,,,,,,,,,,,,,,,,,,,,,,,,,,453938250,45393825000025,43.22A,,,,,,,,,,,sirene,
GENIUS ENERGIES,,,a contacter,,,,,,,,,,,,cvc,,TOULOUSE,,31,,,,,,,,,,,,,,,,,,,,,,,,,,,,,,,849528484,84952848400017,43.22B,,,,,,,,,,,sirene,
GENTILINI FLORIAN,,,a contacter,,,,,,,,,,,,cvc,,ANTIBES,,06,,,,,,,,,,,,,,,,,,,,,,,,,,,,,,,793665845,79366584500012,43.22A,,,,,,,,,,,sirene,
GEO ENVIRONNEMENT,,,a contacter,,,,,,,,,,,,cvc,,TOULOUSE,,31,,,,,,,,,,,,,,,,,,,,,,,,,,,,,,,511670150,51167015000032,43.29A,,,,,,,,,,,sirene,
GEO T P,,,a contacter,,,,,,,,,,,,cvc,,TIGERY,,91,,,,,,,,,,,,,,,,,,,,,,,,,,,,,,,493942825,49394282500032,43.22A,,,,,,,,,,,sirene,
GEO'THERM,,,a contacter,,,,,,,,,,,,cvc,,NARBONNE,,11,,,,,,,,,,,,,,,,,,,,,,,,,,,,,,,909731093,90973109300011,43.22A,,,,,,,,,,,sirene,
GEO-DIS ENERGIES,,,a contacter,,,,,,,,,,,,cvc,,TRANGE,,72,,,,,,,,,,,,,,,,,,,,,,,,,,,,,,,522728179,52272817900014,43.22B,,,,,,,,,,,sirene,
GEO-OIKOS,,,a contacter,,,,,,,,,,,,cvc,,CHATEAUNEUF-DE-GALAURE,,26,,,,,,,,,,,,,,,,,,,,,,,,,,,,,,,495036865,49503686500030,43.22B,,,,,,,,,,,sirene,
GEOCLIM-LOIRE,,,a contacter,,,,,,,,,,,,cvc,,FEURS,,42,,,,,,,,,,,,,,,,,,,,,,,,,,,,,,,480113992,48011399200022,43.22A,,,,,,,,,,,sirene,
GEOFFROY PERE ET FILS,,,a contacter,,,,,,,,,,,,cvc,,PARTHENAY,,79,,,,,,,,,,,,,,,,,,,,,,,,,,,,,,,312271984,31227198400022,43.22B,,,,,,,,,,,sirene,
GEOSOLIA,,,a contacter,,,,,,,,,,,,cvc,,MANOSQUE,,04,,,,,,,,,,,,,,,,,,,,,,,,,,,,,,,451078273,45107827300039,43.22B,,,,,,,,,,,sirene,
GEOTECHNIC,,,a contacter,,,,,,,,,,,,cvc,,JOUE-SUR-ERDRE,,44,,,,,,,,,,,,,,,,,,,,,,,,,,,,,,,484361787,48436178700027,43.22B,,,,,,,,,,,sirene,
GEOTHERM-ECO,,,a contacter,,,,,,,,,,,,cvc,,TOULOUSE,,31,,,,,,,,,,,,,,,,,,,,,,,,,,,,,,,514091925,51409192500065,43.22B,,,,,,,,,,,sirene,
GEOTHERME CONFORT,,,a contacter,,,,,,,,,,,,cvc,,MONTS,,37,,,,,,,,,,,,,,,,,,,,,,,,,,,,,,,512013996,51201399600040,43.22B,,,,,,,,,,,sirene,
GEOTHERMIQUE,,,a contacter,,,,,,,,,,,,cvc,,ESLETTES,,76,,,,,,,,,,,,,,,,,,,,,,,,,,,,,,,442732939,44273293900024,43.22B,,,,,,,,,,,sirene,
GERARD - BOUVET,,,a contacter,,,,,,,,,,,,cvc,,SAINT-LAURENT-EN-GRANDVAUX,,39,,,,,,,,,,,,,,,,,,,,,,,,,,,,,,,421996752,42199675200018,43.22A,,,,,,,,,,,sirene,
GERARD PHILIPPE,,,a contacter,,,,,,,,,,,,cvc,,ORIGNY-SAINTE-BENOITE,,02,,,,,,,,,,,,,,,,,,,,,,,,,,,,,,,521937706,52193770600021,43.22B,,,,,,,,,,,sirene,
GERARD PHILIPPE AXONAISE,,,a contacter,,,,,,,,,,,,cvc,,VAUXBUIN,,02,,,,,,,,,,,,,,,,,,,,,,,,,,,,,,,797698917,79769891700029,43.22B,,,,,,,,,,,sirene,
GERBAUD ISOLATION,,,a contacter,,,,,,,,,,,,cvc,,LES BARTHES,,82,,,,,,,,,,,,,,,,,,,,,,,,,,,,,,,381267624,38126762400017,43.29A,,,,,,,,,,,sirene,
GERES,,,a contacter,,,,,,,,,,,,cvc,,MONTSOULT,,95,,,,,,,,,,,,,,,,,,,,,,,,,,,,,,,484507462,48450746200030,43.22A,,,,,,,,,,,sirene,
GERMAIN GERARD,,,a contacter,,,,,,,,,,,,cvc,,VALSERHONE,,01,,,,,,,,,,,,,,,,,,,,,,,,,,,,,,,433285525,43328552500013,43.22A,,,,,,,,,,,sirene,
GERMINAL,,,a contacter,,,,,,,,,,,,cvc,,ARGONAY,,74,,,,,,,,,,,,,,,,,,,,,,,,,,,,,,,316970433,31697043300041,43.22A,,,,,,,,,,,sirene,
GESCLIN,,,a contacter,,,,,,,,,,,,cvc,,CLICHY,,92,,,,,,,,,,,,,,,,,,,,,,,,,,,,,,,314547464,31454746400060,43.22B,,,,,,,,,,,sirene,
GESTEN,,,a contacter,,,,,,,,,,,,cvc,,GENNEVILLIERS,,92,,,,,,,,,,,,,,,,,,,,,,,,,,,,,,,337985485,33798548500081,43.22B,,,,,,,,,,,sirene,
GF 34,,,a contacter,,,,,,,,,,,,cvc,,LAVERUNE,,34,,,,,,,,,,,,,,,,,,,,,,,,,,,,,,,509683199,50968319900012,43.22B,,,,,,,,,,,sirene,
GH ENERGIES,,,a contacter,,,,,,,,,,,,cvc,,SAINT-GEORGES-DES-COTEAUX,,17,,,,,,,,,,,,,,,,,,,,,,,,,,,,,,,524309796,52430979600042,43.22B,,,,,,,,,,,sirene,
GH INSTALLATIONS 68,,,a contacter,,,,,,,,,,,,cvc,,BRUNSTATT-DIDENHEIM,,68,,,,,,,,,,,,,,,,,,,,,,,,,,,,,,,808637490,80863749000026,43.22B,,,,,,,,,,,sirene,
GHESQUIERE P.C.S,,,a contacter,,,,,,,,,,,,cvc,,SAINT-AMAND-LES-EAUX,,59,,,,,,,,,,,,,,,,,,,,,,,,,,,,,,,810883439,81088343900012,43.22A,,,,,,,,,,,sirene,
GIET ISOLBERRI,,,a contacter,,,,,,,,,,,,cvc,,BOURGES,,18,,,,,,,,,,,,,,,,,,,,,,,,,,,,,,,351574181,35157418100019,43.22A,,,,,,,,,,,sirene,
GIKA THERMIQUE,,,a contacter,,,,,,,,,,,,cvc,,LIVRY-GARGAN,,93,,,,,,,,,,,,,,,,,,,,,,,,,,,,,,,504672148,50467214800021,43.22B,,,,,,,,,,,sirene,
GIL TURPEAU BATIMENT (GTB),,,a contacter,,,,,,,,,,,,cvc,,NANTES,,44,,,,,,,,,,,,,,,,,,,,,,,,,,,,,,,300705761,30070576100041,43.29A,,,,,,,,,,,sirene,
GILBERT BEAUJANEAU,,,a contacter,,,,,,,,,,,,cvc,,NIEUIL-L'ESPOIR,,86,,,,,,,,,,,,,,,,,,,,,,,,,,,,,,,415146216,41514621600015,43.22A,,,,,,,,,,,sirene,
GILLE,,,a contacter,,,,,,,,,,,,cvc,,VERDUN,,55,,,,,,,,,,,,,,,,,,,,,,,,,,,,,,,319742458,31974245800031,43.22B,,,,,,,,,,,sirene,
GILLES BLOIS,,,a contacter,,,,,,,,,,,,cvc,,BEAUNE,,21,,,,,,,,,,,,,,,,,,,,,,,,,,,,,,,390049609,39004960900022,43.22A,,,,,,,,,,,sirene,
GINTAQUA,,,a contacter,,,,,,,,,,,,cvc,,TRAPPES,,78,,,,,,,,,,,,,,,,,,,,,,,,,,,,,,,819127366,81912736600063,43.22A,,,,,,,,,,,sirene,
GIRARD,,,a contacter,,,,,,,,,,,,cvc,,SAINT-JEAN-D'ANGELY,,17,,,,,,,,,,,,,,,,,,,,,,,,,,,,,,,841872013,84187201300021,43.22A,,,,,,,,,,,sirene,
GIRARD AND VERTALDI,,,a contacter,,,,,,,,,,,,cvc,,YERRES,,91,,,,,,,,,,,,,,,,,,,,,,,,,,,,,,,894670660,89467066000014,43.22A,,,,,,,,,,,sirene,
GIRARD PERE ET FILS,,,a contacter,,,,,,,,,,,,cvc,,GRAND'COMBE-CHATELEU,,25,,,,,,,,,,,,,,,,,,,,,,,,,,,,,,,328061635,32806163500020,43.22B,,,,,,,,,,,sirene,
GIRAUD,,,a contacter,,,,,,,,,,,,cvc,,LA GARDE,,83,,,,,,,,,,,,,,,,,,,,,,,,,,,,,,,323947564,32394756400056,43.22A,,,,,,,,,,,sirene,
GIRAUD ENERGIES,,,a contacter,,,,,,,,,,,,cvc,,COLOMBIER-SAUGNIEU,,69,,,,,,,,,,,,,,,,,,,,,,,,,,,,,,,341163863,34116386300036,43.22A,,,,,,,,,,,sirene,
GIRAUD SERGE ET FILS,,,a contacter,,,,,,,,,,,,cvc,,SAVIGNE,,86,,,,,,,,,,,,,,,,,,,,,,,,,,,,,,,329245682,32924568200011,43.22A,,,,,,,,,,,sirene,
GL RAVALEMENT,,,a contacter,,,,,,,,,,,,cvc,,CHALONS-EN-CHAMPAGNE,,51,,,,,,,,,,,,,,,,,,,,,,,,,,,,,,,507667715,50766771500019,43.29A,,,,,,,,,,,sirene,
GLE,,,a contacter,,,,,,,,,,,,cvc,,PANTIN,,93,,,,,,,,,,,,,,,,,,,,,,,,,,,,,,,829067826,82906782600034,43.22B,,,,,,,,,,,sirene,
GLENAT PERE ET FILS,,,a contacter,,,,,,,,,,,,cvc,,TULLINS,,38,,,,,,,,,,,,,,,,,,,,,,,,,,,,,,,392836938,39283693800028,43.22A,,,,,,,,,,,sirene,
GLOBAL ENERGIES ET SERVICES,,,a contacter,,,,,,,,,,,,cvc,,ENNERY,,95,,,,,,,,,,,,,,,,,,,,,,,,,,,,,,,802524744,80252474400025,43.22A,,,,,,,,,,,sirene,
GM MULTITECH,,,a contacter,,,,,,,,,,,,cvc,,CHAMPIGNY-SUR-MARNE,,94,,,,,,,,,,,,,,,,,,,,,,,,,,,,,,,789734670,78973467000027,43.22A,,,,,,,,,,,sirene,
GN ISOLATION,,,a contacter,,,,,,,,,,,,cvc,,SAINT-GEORGES-DU-BOIS,,72,,,,,,,,,,,,,,,,,,,,,,,,,,,,,,,920350402,92035040200011,43.29A,,,,,,,,,,,sirene,
GN RENOV,,,a contacter,,,,,,,,,,,,cvc,,ARGENTEUIL,,95,,,,,,,,,,,,,,,,,,,,,,,,,,,,,,,847760725,84776072500014,43.22A,,,,,,,,,,,sirene,
GOBINET,,,a contacter,,,,,,,,,,,,cvc,,RETHEL,,08,,,,,,,,,,,,,,,,,,,,,,,,,,,,,,,489227983,48922798300017,43.22A,,,,,,,,,,,sirene,
GODEFROY FILS,,,a contacter,,,,,,,,,,,,cvc,,SOTTEVILLE-LES-ROUEN,,76,,,,,,,,,,,,,,,,,,,,,,,,,,,,,,,344706437,34470643700011,43.22A,,,,,,,,,,,sirene,
GODIN CONSTRUCTION,,,a contacter,,,,,,,,,,,,cvc,,LANESTER,,56,,,,,,,,,,,,,,,,,,,,,,,,,,,,,,,850745233,85074523300013,43.22A,,,,,,,,,,,sirene,
GOKDUMAN M ET O SARL,,,a contacter,,,,,,,,,,,,cvc,,LONS-LE-SAUNIER,,39,,,,,,,,,,,,,,,,,,,,,,,,,,,,,,,490764313,49076431300048,43.29A,,,,,,,,,,,sirene,
GONCET,,,a contacter,,,,,,,,,,,,cvc,,MAILLAT,,01,,,,,,,,,,,,,,,,,,,,,,,,,,,,,,,770200988,77020098800028,43.22B,,,,,,,,,,,sirene,
GONNET ISOLATION SN,,,a contacter,,,,,,,,,,,,cvc,,RILLIEUX-LA-PAPE,,69,,,,,,,,,,,,,,,,,,,,,,,,,,,,,,,423255926,42325592600036,43.29A,,,,,,,,,,,sirene,
GOSSET BIO ENERGIES,,,a contacter,,,,,,,,,,,,cvc,,BOUTTENCOURT,,80,,,,,,,,,,,,,,,,,,,,,,,,,,,,,,,803868157,80386815700022,43.22B,,,,,,,,,,,sirene,
GOUGEON,,,a contacter,,,,,,,,,,,,cvc,,SAINT-PIERRE-LA-GARENNE,,27,,,,,,,,,,,,,,,,,,,,,,,,,,,,,,,666250170,66625017000030,43.22B,,,,,,,,,,,sirene,
GOURBEAU,,,a contacter,,,,,,,,,,,,cvc,,POITIERS,,86,,,,,,,,,,,,,,,,,,,,,,,,,,,,,,,350995379,35099537900038,43.22B,,,,,,,,,,,sirene,
GOURY,,,a contacter,,,,,,,,,,,,cvc,,GOLBEY,,88,,,,,,,,,,,,,,,,,,,,,,,,,,,,,,,824318323,82431832300014,43.22B,,,,,,,,,,,sirene,
GOUTAGNY PLOMBERIE CHAUFFAGE,,,a contacter,,,,,,,,,,,,cvc,,VEAUCHE,,42,,,,,,,,,,,,,,,,,,,,,,,,,,,,,,,828501940,82850194000021,43.22A,,,,,,,,,,,sirene,
GOYAT BREST,,,a contacter,,,,,,,,,,,,cvc,,GOUESNOU,,29,,,,,,,,,,,,,,,,,,,,,,,,,,,,,,,433813839,43381383900043,43.22A,,,,,,,,,,,sirene,
GP.BAT,,,a contacter,,,,,,,,,,,,cvc,,TREMBLAY-EN-FRANCE,,93,,,,,,,,,,,,,,,,,,,,,,,,,,,,,,,834040404,83404040400024,43.22A,,,,,,,,,,,sirene,
GPR,,,a contacter,,,,,,,,,,,,cvc,,ROGNONAS,,13,,,,,,,,,,,,,,,,,,,,,,,,,,,,,,,481923621,48192362100017,43.22B,,,,,,,,,,,sirene,
GR ENERGIES,,,a contacter,,,,,,,,,,,,cvc,,PLOUGASTEL-DAOULAS,,29,,,,,,,,,,,,,,,,,,,,,,,,,,,,,,,448557520,44855752000047,43.22A,,,,,,,,,,,sirene,
GRAF SERVICES PLUS,,,a contacter,,,,,,,,,,,,cvc,,COLMAR,,68,,,,,,,,,,,,,,,,,,,,,,,,,,,,,,,525133641,52513364100015,43.22B,,,,,,,,,,,sirene,
GREEN LABEL ISOLATION,,,a contacter,,,,,,,,,,,,cvc,,AUBIAC,,33,,,,,,,,,,,,,,,,,,,,,,,,,,,,,,,849149943,84914994300029,43.29A,,,,,,,,,,,sirene,
GREEN MAINTENANCE ENERGIES,,,a contacter,,,,,,,,,,,,cvc,,BOUILLARGUES,,30,,,,,,,,,,,,,,,,,,,,,,,,,,,,,,,910984285,91098428500049,43.22B,,,,,,,,,,,sirene,
GREEN POWER BATIMENT,,,a contacter,,,,,,,,,,,,cvc,,SARTROUVILLE,,78,,,,,,,,,,,,,,,,,,,,,,,,,,,,,,,530652403,53065240300029,43.22B,,,,,,,,,,,sirene,
GREEN SOLUTIONS,,,a contacter,,,,,,,,,,,,cvc,,SAINT-PAUL,,974,,,,,,,,,,,,,,,,,,,,,,,,,,,,,,,800107963,80010796300038,43.22B,,,,,,,,,,,sirene,
GREENWEST,,,a contacter,,,,,,,,,,,,cvc,,SAINTE-GEMME-LA-PLAINE,,85,,,,,,,,,,,,,,,,,,,,,,,,,,,,,,,853478857,85347885700024,43.22B,,,,,,,,,,,sirene,
GREINER ELECTRICITE ET ENERGIES NOUVELLES,,,a contacter,,,,,,,,,,,,cvc,,NIEDERMODERN,,67,,,,,,,,,,,,,,,,,,,,,,,,,,,,,,,338362049,33836204900029,43.22B,,,,,,,,,,,sirene,
GRENIER FREDERIC,,,a contacter,,,,,,,,,,,,cvc,,DAVEZIEUX,,07,,,,,,,,,,,,,,,,,,,,,,,,,,,,,,,418961256,41896125600082,43.22A,,,,,,,,,,,sirene,
GRETER SAS,,,a contacter,,,,,,,,,,,,cvc,,RETZWILLER,,68,,,,,,,,,,,,,,,,,,,,,,,,,,,,,,,947250080,94725008000043,43.22A,,,,,,,,,,,sirene,
GROMAIRE BERNARD ET FILS,,,a contacter,,,,,,,,,,,,cvc,,DOULAINCOURT-SAUCOURT,,52,,,,,,,,,,,,,,,,,,,,,,,,,,,,,,,501961197,50196119700016,43.22A,,,,,,,,,,,sirene,
GROUPE ADP,,,a contacter,,,,,,,,,,,,cvc,,JOUE-LES-TOURS,,37,,,,,,,,,,,,,,,,,,,,,,,,,,,,,,,950896175,95089617500037,43.29A,,,,,,,,,,,sirene,
GROUPE AVI,,,a contacter,,,,,,,,,,,,cvc,,TERRES-DE-CAUX,,76,,,,,,,,,,,,,,,,,,,,,,,,,,,,,,,393952619,39395261900020,43.22A,,,,,,,,,,,sirene,
GROUPE AXIS EUROPE,,,a contacter,,,,,,,,,,,,cvc,,SAINTE-CROIX-EN-PLAINE,,68,,,,,,,,,,,,,,,,,,,,,,,,,,,,,,,444186514,44418651400022,43.22B,,,,,,,,,,,sirene,
GROUPE B.C.E.E.,,,a contacter,,,,,,,,,,,,cvc,,ECULLY,,69,,,,,,,,,,,,,,,,,,,,,,,,,,,,,,,850058314,85005831400020,43.29A,,,,,,,,,,,sirene,
GROUPE CLIMA'THERM,,,a contacter,,,,,,,,,,,,cvc,,LA MOTTE-SERVOLEX,,73,,,,,,,,,,,,,,,,,,,,,,,,,,,,,,,904498383,90449838300028,43.22B,,,,,,,,,,,sirene,
GROUPE DE GAZ DE GIRONDE,,,a contacter,,,,,,,,,,,,cvc,,BORDEAUX,,33,,,,,,,,,,,,,,,,,,,,,,,,,,,,,,,385177290,38517729000033,43.22B,,,,,,,,,,,sirene,
GROUPE ECO ENERGIE,,,a contacter,,,,,,,,,,,,cvc,,ABLON-SUR-SEINE,,94,,,,,,,,,,,,,,,,,,,,,,,,,,,,,,,911647972,91164797200015,43.22B,,,,,,,,,,,sirene,
GROUPE ECO ENERGIE FRANCE,,,a contacter,,,,,,,,,,,,cvc,,LA GARENNE-COLOMBES,,92,,,,,,,,,,,,,,,,,,,,,,,,,,,,,,,851359216,85135921600039,43.22B,,,,,,,,,,,sirene,
GROUPE ECOLOGIE NATIONALE,,,a contacter,,,,,,,,,,,,cvc,,PARIS,,75,,,,,,,,,,,,,,,,,,,,,,,,,,,,,,,843128307,84312830700041,43.22B,,,,,,,,,,,sirene,
GROUPE ENDF,,,a contacter,,,,,,,,,,,,cvc,,PARIS,,75,,,,,,,,,,,,,,,,,,,,,,,,,,,,,,,798721080,79872108000017,43.22B,,,,,,,,,,,sirene,
GROUPE FLORE,,,a contacter,,,,,,,,,,,,cvc,,DOMERAT,,03,,,,,,,,,,,,,,,,,,,,,,,,,,,,,,,512739590,51273959000077,43.22B,,,,,,,,,,,sirene,
GROUPE FRANCAIS DES ENERGIES,,,a contacter,,,,,,,,,,,,cvc,,AUBAGNE,,13,,,,,,,,,,,,,,,,,,,,,,,,,,,,,,,792774473,79277447300021,43.22B,,,,,,,,,,,sirene,
GROUPE GLOBAL,,,a contacter,,,,,,,,,,,,cvc,,TREILLIERES,,44,,,,,,,,,,,,,,,,,,,,,,,,,,,,,,,797853439,79785343900033,43.29A,,,,,,,,,,,sirene,
GROUPE GREENOLIA,,,a contacter,,,,,,,,,,,,cvc,,PANTIN,,93,,,,,,,,,,,,,,,,,,,,,,,,,,,,,,,828071084,82807108400036,43.22A,,,,,,,,,,,sirene,
GROUPE INAE,,,a contacter,,,,,,,,,,,,cvc,,PORTES-LES-VALENCE,,26,,,,,,,,,,,,,,,,,,,,,,,,,,,,,,,839850096,83985009600026,43.29A,,,,,,,,,,,sirene,
GROUPE ISORE,,,a contacter,,,,,,,,,,,,cvc,,SAINT-BERTHEVIN,,53,,,,,,,,,,,,,,,,,,,,,,,,,,,,,,,349993428,34999342800037,43.29A,,,,,,,,,,,sirene,
GROUPE KERJEAN,,,a contacter,,,,,,,,,,,,cvc,,BODILIS,,29,,,,,,,,,,,,,,,,,,,,,,,,,,,,,,,421951567,42195156700021,43.22A,,,,,,,,,,,sirene,
GROUPE LEMAIRE,,,a contacter,,,,,,,,,,,,cvc,,COURTRY,,77,,,,,,,,,,,,,,,,,,,,,,,,,,,,,,,441565496,44156549600060,43.22A,,,,,,,,,,,sirene,
GROUPE MORLOT,,,a contacter,,,,,,,,,,,,cvc,,CONTREXEVILLE,,88,,,,,,,,,,,,,,,,,,,,,,,,,,,,,,,885172296,88517229600018,43.22B,,,,,,,,,,,sirene,
GROUPE ROY ENERGIE,,,a contacter,,,,,,,,,,,,cvc,,TOURY,,28,,,,,,,,,,,,,,,,,,,,,,,,,,,,,,,819855206,81985520600044,43.22B,,,,,,,,,,,sirene,
GROUPE RSTM,,,a contacter,,,,,,,,,,,,cvc,,TAVERNY,,95,,,,,,,,,,,,,,,,,,,,,,,,,,,,,,,532715299,53271529900030,43.22B,,,,,,,,,,,sirene,
GROUPE SOLUTION HABITAT,,,a contacter,,,,,,,,,,,,cvc,,PANTIN,,93,,,,,,,,,,,,,,,,,,,,,,,,,,,,,,,843567702,84356770200033,43.22B,,,,,,,,,,,sirene,
GROUPE SOLUTIONS ECON'HOME,,,a contacter,,,,,,,,,,,,cvc,,VAULX-EN-VELIN,,69,,,,,,,,,,,,,,,,,,,,,,,,,,,,,,,879571974,87957197400044,43.29A,,,,,,,,,,,sirene,
GROUPE TRANSITION ENERGETIQUE,,,a contacter,,,,,,,,,,,,cvc,,MAISONS-ALFORT,,94,,,,,,,,,,,,,,,,,,,,,,,,,,,,,,,848137352,84813735200045,43.29A,,,,,,,,,,,sirene,
GROUPE TRANSITION ENERGIE,,,a contacter,,,,,,,,,,,,cvc,,CLICHY,,92,,,,,,,,,,,,,,,,,,,,,,,,,,,,,,,827586496,82758649600032,43.22B,,,,,,,,,,,sirene,
GROUPEMENT DE TRAVAUX DU BATIMENT,,,a contacter,,,,,,,,,,,,cvc,,MONTREUIL,,93,,,,,,,,,,,,,,,,,,,,,,,,,,,,,,,308972868,30897286800027,43.22A,,,,,,,,,,,sirene,
GROUPEMENT REALISATION INDUSTRIEL DES FLUIDES,,,a contacter,,,,,,,,,,,,cvc,,VILLEJUIF,,94,,,,,,,,,,,,,,,,,,,,,,,,,,,,,,,329323869,32932386900027,43.22B,,,,,,,,,,,sirene,
GS ISOLATION,,,a contacter,,,,,,,,,,,,cvc,,GOUSSAINVILLE,,95,,,,,,,,,,,,,,,,,,,,,,,,,,,,,,,810353771,81035377100035,43.29A,,,,,,,,,,,sirene,
GT ISOL,,,a contacter,,,,,,,,,,,,cvc,,CHASPUZAC,,43,,,,,,,,,,,,,,,,,,,,,,,,,,,,,,,879208577,87920857700012,43.29A,,,,,,,,,,,sirene,
GTIM,,,a contacter,,,,,,,,,,,,cvc,,LE LAMENTIN,,972,,,,,,,,,,,,,,,,,,,,,,,,,,,,,,,818803041,81880304100040,43.22B,,,,,,,,,,,sirene,
GUADELOUPE ENTRETIEN MAINTENANCE,,,a contacter,,,,,,,,,,,,cvc,,LES ABYMES,,971,,,,,,,,,,,,,,,,,,,,,,,,,,,,,,,340317312,34031731200015,43.22B,,,,,,,,,,,sirene,
GUENIN THIERRY SARL,,,a contacter,,,,,,,,,,,,cvc,,VILLARS,,42,,,,,,,,,,,,,,,,,,,,,,,,,,,,,,,429071145,42907114500024,43.22A,,,,,,,,,,,sirene,
GUENO D,,,a contacter,,,,,,,,,,,,cvc,,TREGUEUX,,22,,,,,,,,,,,,,,,,,,,,,,,,,,,,,,,753034552,75303455200020,43.22A,,,,,,,,,,,sirene,
GUERIN SAS,,,a contacter,,,,,,,,,,,,cvc,,LA CHAPELLE-DE-GUINCHAY,,71,,,,,,,,,,,,,,,,,,,,,,,,,,,,,,,349058594,34905859400046,43.22B,,,,,,,,,,,sirene,
GUERUT DAVID,,,a contacter,,,,,,,,,,,,cvc,,SANCOINS,,18,,,,,,,,,,,,,,,,,,,,,,,,,,,,,,,822599957,82259995700021,43.22A,,,,,,,,,,,sirene,
GUIBOUD ETABLISSEMENTS,,,a contacter,,,,,,,,,,,,cvc,,EYBENS,,38,,,,,,,,,,,,,,,,,,,,,,,,,,,,,,,323491498,32349149800040,43.22B,,,,,,,,,,,sirene,
GUIGNERY & VILLAMAUX,,,a contacter,,,,,,,,,,,,cvc,,LE HAVRE,,76,,,,,,,,,,,,,,,,,,,,,,,,,,,,,,,318201175,31820117500037,43.22A,,,,,,,,,,,sirene,
GUILLAUME BUCHOU,,,a contacter,,,,,,,,,,,,cvc,,BOUGUENAIS,,44,,,,,,,,,,,,,,,,,,,,,,,,,,,,,,,497602151,49760215100043,43.22A,,,,,,,,,,,sirene,
GUILLO I.D.E,,,a contacter,,,,,,,,,,,,cvc,,MEAUX,,77,,,,,,,,,,,,,,,,,,,,,,,,,,,,,,,879785665,87978566500016,43.22A,,,,,,,,,,,sirene,
GUINIER GENIE CLIMATIQUE,,,a contacter,,,,,,,,,,,,cvc,,ALFORTVILLE,,94,,,,,,,,,,,,,,,,,,,,,,,,,,,,,,,308100684,30810068400049,43.22B,,,,,,,,,,,sirene,
GUINIER TECHNOLOGY SERVICES,,,a contacter,,,,,,,,,,,,cvc,,ALFORTVILLE,,94,,,,,,,,,,,,,,,,,,,,,,,,,,,,,,,394959027,39495902700027,43.22B,,,,,,,,,,,sirene,
GUIVARCH PLAFONDS,,,a contacter,,,,,,,,,,,,cvc,,TREMUSON,,22,,,,,,,,,,,,,,,,,,,,,,,,,,,,,,,408895209,40889520900026,43.29A,,,,,,,,,,,sirene,
GUY BAC,,,a contacter,,,,,,,,,,,,cvc,,SAINT-ESTEVE,,66,,,,,,,,,,,,,,,,,,,,,,,,,,,,,,,503504656,50350465600029,43.22A,,,,,,,,,,,sirene,
GUY LEBLANC SARL,,,a contacter,,,,,,,,,,,,cvc,,GUICHAINVILLE,,27,,,,,,,,,,,,,,,,,,,,,,,,,,,,,,,410087183,41008718300035,43.22B,,,,,,,,,,,sirene,
GUYENNE SANITAIRE,,,a contacter,,,,,,,,,,,,cvc,,MERIGNAC,,33,,,,,,,,,,,,,,,,,,,,,,,,,,,,,,,414655399,41465539900015,43.22A,,,,,,,,,,,sirene,
GUYOT OLIVIER,,,a contacter,,,,,,,,,,,,cvc,,OUROUX-EN-MORVAN,,58,,,,,,,,,,,,,,,,,,,,,,,,,,,,,,,751340811,75134081100023,43.22A,,,,,,,,,,,sirene,
H ENERGIES CLIM,,,a contacter,,,,,,,,,,,,cvc,,VILLERS-LES-NANCY,,54,,,,,,,,,,,,,,,,,,,,,,,,,,,,,,,813838844,81383884400021,43.22B,,,,,,,,,,,sirene,
H.D. MAINTENANCE,,,a contacter,,,,,,,,,,,,cvc,,ANNECY,,74,,,,,,,,,,,,,,,,,,,,,,,,,,,,,,,814809026,81480902600010,43.22B,,,,,,,,,,,sirene,
H.E.D.,,,a contacter,,,,,,,,,,,,cvc,,BESANCON,,25,,,,,,,,,,,,,,,,,,,,,,,,,,,,,,,444211239,44421123900033,43.22B,,,,,,,,,,,sirene,
H.L. PLOMBERIE,,,a contacter,,,,,,,,,,,,cvc,,BENOUVILLE,,14,,,,,,,,,,,,,,,,,,,,,,,,,,,,,,,524196078,52419607800025,43.22A,,,,,,,,,,,sirene,
H2 EAUX ENVIRONNEMENT,,,a contacter,,,,,,,,,,,,cvc,,ETANG-SUR-ARROUX,,71,,,,,,,,,,,,,,,,,,,,,,,,,,,,,,,510064710,51006471000013,43.22A,,,,,,,,,,,sirene,
H2AIR GT,,,a contacter,,,,,,,,,,,,cvc,,AMIENS,,80,,,,,,,,,,,,,,,,,,,,,,,,,,,,,,,537640773,53764077300025,43.22B,,,,,,,,,,,sirene,
H2L,,,a contacter,,,,,,,,,,,,cvc,,MALEMORT,,19,,,,,,,,,,,,,,,,,,,,,,,,,,,,,,,842763625,84276362500055,43.22B,,,,,,,,,,,sirene,
H3MK PLOMBERIE,,,a contacter,,,,,,,,,,,,cvc,,SAINT-OUEN-SUR-SEINE,,93,,,,,,,,,,,,,,,,,,,,,,,,,,,,,,,878817337,87881733700016,43.22B,,,,,,,,,,,sirene,
HABE ET FILS,,,a contacter,,,,,,,,,,,,cvc,,RANSPACH-LE-BAS,,68,,,,,,,,,,,,,,,,,,,,,,,,,,,,,,,305800641,30580064100022,43.22B,,,,,,,,,,,sirene,
HABIT AVENIR,,,a contacter,,,,,,,,,,,,cvc,,RIS-ORANGIS,,91,,,,,,,,,,,,,,,,,,,,,,,,,,,,,,,753957836,75395783600020,43.29A,,,,,,,,,,,sirene,
HABIT'CONFORT PYRENEES,,,a contacter,,,,,,,,,,,,cvc,,IBOS,,65,,,,,,,,,,,,,,,,,,,,,,,,,,,,,,,502344005,50234400500033,43.29A,,,,,,,,,,,sirene,
HABITAT & ENERGIES PAR ABREVIATION H & E,,,a contacter,,,,,,,,,,,,cvc,,SAINT-ORENS-DE-GAMEVILLE,,31,,,,,,,,,,,,,,,,,,,,,,,,,,,,,,,523386605,52338660500035,43.22B,,,,,,,,,,,sirene,
HABITAT CONFORT D ALSACE,,,a contacter,,,,,,,,,,,,cvc,,ECKBOLSHEIM,,67,,,,,,,,,,,,,,,,,,,,,,,,,,,,,,,350222477,35022247700027,43.22B,,,,,,,,,,,sirene,
HABITAT ENERGIES RENOUVELABLES,,,a contacter,,,,,,,,,,,,cvc,,TREGUEUX,,22,,,,,,,,,,,,,,,,,,,,,,,,,,,,,,,478564925,47856492500038,43.22B,,,,,,,,,,,sirene,
HABITAT RE 2020,,,a contacter,,,,,,,,,,,,cvc,,MERIGNAC,,33,,,,,,,,,,,,,,,,,,,,,,,,,,,,,,,832221881,83222188100036,43.22B,,,,,,,,,,,sirene,
HAIRFA CLIM,,,a contacter,,,,,,,,,,,,cvc,,BONDY,,93,,,,,,,,,,,,,,,,,,,,,,,,,,,,,,,829966001,82996600100010,43.22B,,,,,,,,,,,sirene,
HAKA ENERGY,,,a contacter,,,,,,,,,,,,cvc,,LE VIGAN,,46,,,,,,,,,,,,,,,,,,,,,,,,,,,,,,,750552002,75055200200032,43.22B,,,,,,,,,,,sirene,
HAKO SIPHOIDE INSTALLATION H.S.I.,,,a contacter,,,,,,,,,,,,cvc,,ARGENTEUIL,,95,,,,,,,,,,,,,,,,,,,,,,,,,,,,,,,903456903,90345690300017,43.22A,,,,,,,,,,,sirene,
HALLEN ENERGIES,,,a contacter,,,,,,,,,,,,cvc,,ESLETTES,,76,,,,,,,,,,,,,,,,,,,,,,,,,,,,,,,793141086,79314108600025,43.22A,,,,,,,,,,,sirene,
HAMON MOLARD,,,a contacter,,,,,,,,,,,,cvc,,SAINT-GREGOIRE,,35,,,,,,,,,,,,,,,,,,,,,,,,,,,,,,,579200932,57920093200021,43.22B,,,,,,,,,,,sirene,
HAPINOV,,,a contacter,,,,,,,,,,,,cvc,,MAREST,,62,,,,,,,,,,,,,,,,,,,,,,,,,,,,,,,809551211,80955121100042,43.22A,,,,,,,,,,,sirene,
HARDOU PLOMBERIE CHAUFFAGE,,,a contacter,,,,,,,,,,,,cvc,,LA GARDE,,83,,,,,,,,,,,,,,,,,,,,,,,,,,,,,,,521754952,52175495200021,43.22A,,,,,,,,,,,sirene,
HARLIN ENERGIE,,,a contacter,,,,,,,,,,,,cvc,,LUNERAY,,76,,,,,,,,,,,,,,,,,,,,,,,,,,,,,,,894022839,89402283900019,43.22B,,,,,,,,,,,sirene,
HARRY GRONDIN,,,a contacter,,,,,,,,,,,,cvc,,SAINT-DENIS,,974,,,,,,,,,,,,,,,,,,,,,,,,,,,,,,,341166890,34116689000093,43.22B,,,,,,,,,,,sirene,
HAUTE BRETAGNE ENERGIES,,,a contacter,,,,,,,,,,,,cvc,,RENNES,,35,,,,,,,,,,,,,,,,,,,,,,,,,,,,,,,898523816,89852381600020,43.22A,,,,,,,,,,,sirene,
HAUTERIVES CHAUFFAGE,,,a contacter,,,,,,,,,,,,cvc,,HAUTERIVES,,26,,,,,,,,,,,,,,,,,,,,,,,,,,,,,,,504789769,50478976900024,43.22B,,,,,,,,,,,sirene,
HBE,,,a contacter,,,,,,,,,,,,cvc,,QUINCIEUX,,69,,,,,,,,,,,,,,,,,,,,,,,,,,,,,,,520571605,52057160500044,43.22B,,,,,,,,,,,sirene,
HC TRADITION,,,a contacter,,,,,,,,,,,,cvc,,CHATUZANGE-LE-GOUBET,,26,,,,,,,,,,,,,,,,,,,,,,,,,,,,,,,492226527,49222652700017,43.22B,,,,,,,,,,,sirene,
HC2L,,,a contacter,,,,,,,,,,,,cvc,,THELUS,,62,,,,,,,,,,,,,,,,,,,,,,,,,,,,,,,879932416,87993241600024,43.22A,,,,,,,,,,,sirene,
HDF CHAUFFAGE,,,a contacter,,,,,,,,,,,,cvc,,BULLY-LES-MINES,,62,,,,,,,,,,,,,,,,,,,,,,,,,,,,,,,849239009,84923900900020,43.22A,,,,,,,,,,,sirene,
HEATING BY STANG,,,a contacter,,,,,,,,,,,,cvc,,PUILBOREAU,,17,,,,,,,,,,,,,,,,,,,,,,,,,,,,,,,803193101,80319310100026,43.22B,,,,,,,,,,,sirene,
HECFEUILLE SAS,,,a contacter,,,,,,,,,,,,cvc,,GUESNAIN,,59,,,,,,,,,,,,,,,,,,,,,,,,,,,,,,,321657553,32165755300020,43.22B,,,,,,,,,,,sirene,
HEINEN & HOPMAN FRANCE EURL,,,a contacter,,,,,,,,,,,,cvc,,LA CIOTAT,,13,,,,,,,,,,,,,,,,,,,,,,,,,,,,,,,817577885,81757788500020,43.22B,,,,,,,,,,,sirene,
HEINIS ENERGIES,,,a contacter,,,,,,,,,,,,cvc,,ALTKIRCH,,68,,,,,,,,,,,,,,,,,,,,,,,,,,,,,,,534205513,53420551300029,43.22B,,,,,,,,,,,sirene,
HELDT ISOLATION,,,a contacter,,,,,,,,,,,,cvc,,LOUVIERS,,27,,,,,,,,,,,,,,,,,,,,,,,,,,,,,,,814496121,81449612100033,43.29A,,,,,,,,,,,sirene,
HELIOENERGIE,,,a contacter,,,,,,,,,,,,cvc,,BUCHELAY,,78,,,,,,,,,,,,,,,,,,,,,,,,,,,,,,,519379523,51937952300045,43.22B,,,,,,,,,,,sirene,
HELIOS,,,a contacter,,,,,,,,,,,,cvc,,LENS,,62,,,,,,,,,,,,,,,,,,,,,,,,,,,,,,,842359945,84235994500016,43.22B,,,,,,,,,,,sirene,
HELIOS,,,a contacter,,,,,,,,,,,,cvc,,CERGY,,95,,,,,,,,,,,,,,,,,,,,,,,,,,,,,,,890022973,89002297300014,43.22A,,,,,,,,,,,sirene,
HELIOS HABITAT,,,a contacter,,,,,,,,,,,,cvc,,BEAUCE,,35,,,,,,,,,,,,,,,,,,,,,,,,,,,,,,,508352606,50835260600026,43.22B,,,,,,,,,,,sirene,
HELIOVIE,,,a contacter,,,,,,,,,,,,cvc,,STAINS,,93,,,,,,,,,,,,,,,,,,,,,,,,,,,,,,,907815112,90781511200038,43.22B,,,,,,,,,,,sirene,
HEMERA ENERGY,,,a contacter,,,,,,,,,,,,cvc,,PARIS,,75,,,,,,,,,,,,,,,,,,,,,,,,,,,,,,,807396569,80739656900046,43.29A,,,,,,,,,,,sirene,
HEMERY PLOMBERIE-CHAUFFAGE,,,a contacter,,,,,,,,,,,,cvc,,MEUCON,,56,,,,,,,,,,,,,,,,,,,,,,,,,,,,,,,484816368,48481636800019,43.22A,,,,,,,,,,,sirene,
HENO-DESCHANG CLIMATISATION,,,a contacter,,,,,,,,,,,,cvc,,WILWISHEIM,,67,,,,,,,,,,,,,,,,,,,,,,,,,,,,,,,490130457,49013045700024,43.22B,,,,,,,,,,,sirene,
HENRIQUES,,,a contacter,,,,,,,,,,,,cvc,,SAINT-JUNIEN,,87,,,,,,,,,,,,,,,,,,,,,,,,,,,,,,,328459367,32845936700020,43.22B,,,,,,,,,,,sirene,
HERA ENTREPRISE,,,a contacter,,,,,,,,,,,,cvc,,MERY-SUR-OISE,,95,,,,,,,,,,,,,,,,,,,,,,,,,,,,,,,438978678,43897867800029,43.22B,,,,,,,,,,,sirene,
HERA PLOMBERIE,,,a contacter,,,,,,,,,,,,cvc,,LYON,,69,,,,,,,,,,,,,,,,,,,,,,,,,,,,,,,403163694,40316369400025,43.22A,,,,,,,,,,,sirene,
HERP,,,a contacter,,,,,,,,,,,,cvc,,IRIGNY,,69,,,,,,,,,,,,,,,,,,,,,,,,,,,,,,,751216656,75121665600031,43.22B,,,,,,,,,,,sirene,
HERVE HEINRICH,,,a contacter,,,,,,,,,,,,cvc,,LUNEVILLE,,54,,,,,,,,,,,,,,,,,,,,,,,,,,,,,,,533392213,53339221300039,43.22A,,,,,,,,,,,sirene,
HEURTEVENT,,,a contacter,,,,,,,,,,,,cvc,,VAL-DE-SAANE,,76,,,,,,,,,,,,,,,,,,,,,,,,,,,,,,,350693560,35069356000012,43.22B,,,,,,,,,,,sirene,
HGE FRANCE,,,a contacter,,,,,,,,,,,,cvc,,CHEVRY-COSSIGNY,,77,,,,,,,,,,,,,,,,,,,,,,,,,,,,,,,792515322,79251532200024,43.22B,,,,,,,,,,,sirene,
HIRSCH ET FACY SARL,,,a contacter,,,,,,,,,,,,cvc,,VILLENEUVE-SAINT-GEORGES,,94,,,,,,,,,,,,,,,,,,,,,,,,,,,,,,,319369393,31936939300024,43.22B,,,,,,,,,,,sirene,
HKI PLOMBERIE,,,a contacter,,,,,,,,,,,,cvc,,PARIS,,75,,,,,,,,,,,,,,,,,,,,,,,,,,,,,,,804532406,80453240600035,43.22A,,,,,,,,,,,sirene,
HM ENERGIE,,,a contacter,,,,,,,,,,,,cvc,,ATHIS-MONS,,91,,,,,,,,,,,,,,,,,,,,,,,,,,,,,,,853359057,85335905700017,43.22A,,,,,,,,,,,sirene,
HM ENVIRONNEMENT,,,a contacter,,,,,,,,,,,,cvc,,PANTIN,,93,,,,,,,,,,,,,,,,,,,,,,,,,,,,,,,830752309,83075230900021,43.22B,,,,,,,,,,,sirene,
HM INSTAL,,,a contacter,,,,,,,,,,,,cvc,,COLLEGIEN,,77,,,,,,,,,,,,,,,,,,,,,,,,,,,,,,,809429376,80942937600035,43.22B,,,,,,,,,,,sirene,
HM PAC,,,a contacter,,,,,,,,,,,,cvc,,COLLEGIEN,,77,,,,,,,,,,,,,,,,,,,,,,,,,,,,,,,837522507,83752250700016,43.22B,,,,,,,,,,,sirene,
HM POSE,,,a contacter,,,,,,,,,,,,cvc,,LE MANS,,72,,,,,,,,,,,,,,,,,,,,,,,,,,,,,,,814802179,81480217900055,43.22A,,,,,,,,,,,sirene,
HM POSE,,,a contacter,,,,,,,,,,,,cvc,,COLLEGIEN,,77,,,,,,,,,,,,,,,,,,,,,,,,,,,,,,,818672271,81867227100025,43.22B,,,,,,,,,,,sirene,
HMPI,,,a contacter,,,,,,,,,,,,cvc,,DADONVILLE,,45,,,,,,,,,,,,,,,,,,,,,,,,,,,,,,,824713994,82471399400013,43.22A,,,,,,,,,,,sirene,
HNT ECO-LOGIS,,,a contacter,,,,,,,,,,,,cvc,,COHADE,,43,,,,,,,,,,,,,,,,,,,,,,,,,,,,,,,844709436,84470943600019,43.22B,,,,,,,,,,,sirene,
HOERRMANN,,,a contacter,,,,,,,,,,,,cvc,,TERVILLE,,57,,,,,,,,,,,,,,,,,,,,,,,,,,,,,,,844465245,84446524500018,43.22B,,,,,,,,,,,sirene,
HOLLEY DURAN,,,a contacter,,,,,,,,,,,,cvc,,VINCENNES,,94,,,,,,,,,,,,,,,,,,,,,,,,,,,,,,,652020207,65202020700021,43.22A,,,,,,,,,,,sirene,
HOM'ELEC,,,a contacter,,,,,,,,,,,,cvc,,SAINT-LAURENT-DE-LA-PREE,,17,,,,,,,,,,,,,,,,,,,,,,,,,,,,,,,508686375,50868637500017,43.22B,,,,,,,,,,,sirene,
HOME CONFORT,,,a contacter,,,,,,,,,,,,cvc,,VOURLES,,69,,,,,,,,,,,,,,,,,,,,,,,,,,,,,,,493063010,49306301000042,43.29A,,,,,,,,,,,sirene,
HOME ECO,,,a contacter,,,,,,,,,,,,cvc,,VALENCIENNES,,59,,,,,,,,,,,,,,,,,,,,,,,,,,,,,,,880569561,88056956100017,43.22B,,,,,,,,,,,sirene,
HOME ENERGY,,,a contacter,,,,,,,,,,,,cvc,,SAINT-DENIS-LES-SENS,,89,,,,,,,,,,,,,,,,,,,,,,,,,,,,,,,500592662,50059266200042,43.22A,,,,,,,,,,,sirene,
HOME EVOLUTION,,,a contacter,,,,,,,,,,,,cvc,,MAGNY-LES-HAMEAUX,,78,,,,,,,,,,,,,,,,,,,,,,,,,,,,,,,809997539,80999753900014,43.29A,,,,,,,,,,,sirene,
HOME RENOV 49,,,a contacter,,,,,,,,,,,,cvc,,SAUMUR,,49,,,,,,,,,,,,,,,,,,,,,,,,,,,,,,,825367410,82536741000016,43.22A,,,,,,,,,,,sirene,
HOME RENOV CONSTRUCTION,,,a contacter,,,,,,,,,,,,cvc,,HAZEBROUCK,,59,,,,,,,,,,,,,,,,,,,,,,,,,,,,,,,488027996,48802799600021,43.22B,,,,,,,,,,,sirene,
HOMESERVE ENERGIES SERVICES NORMANDIE,,,a contacter,,,,,,,,,,,,cvc,,VALOGNES,,50,,,,,,,,,,,,,,,,,,,,,,,,,,,,,,,500040829,50004082900011,43.22B,,,,,,,,,,,sirene,
HOMESERVE RENOV',,,a contacter,,,,,,,,,,,,cvc,,LYON,,69,,,,,,,,,,,,,,,,,,,,,,,,,,,,,,,525176228,52517622800084,43.22B,,,,,,,,,,,sirene,
HOMINOV,,,a contacter,,,,,,,,,,,,cvc,,ROGNONAS,,13,,,,,,,,,,,,,,,,,,,,,,,,,,,,,,,843871518,84387151800018,43.29A,,,,,,,,,,,sirene,
HOMZA SERVICES,,,a contacter,,,,,,,,,,,,cvc,,SAINT-LAURENT-BLANGY,,62,,,,,,,,,,,,,,,,,,,,,,,,,,,,,,,788982353,78898235300039,43.22B,,,,,,,,,,,sirene,
HOUDRY GRENOT,,,a contacter,,,,,,,,,,,,cvc,,PARIS,,75,,,,,,,,,,,,,,,,,,,,,,,,,,,,,,,410769467,41076946700011,43.22A,,,,,,,,,,,sirene,
HOUEIX,,,a contacter,,,,,,,,,,,,cvc,,PLOERMEL,,56,,,,,,,,,,,,,,,,,,,,,,,,,,,,,,,451686364,45168636400014,43.22A,,,,,,,,,,,sirene,
HOURTANE NICOLAS,,,a contacter,,,,,,,,,,,,cvc,,OLORON-SAINTE-MARIE,,64,,,,,,,,,,,,,,,,,,,,,,,,,,,,,,,438259228,43825922800023,43.22B,,,,,,,,,,,sirene,
HOUSSET CPES,,,a contacter,,,,,,,,,,,,cvc,,CONDE-SUR-VIRE,,50,,,,,,,,,,,,,,,,,,,,,,,,,,,,,,,393431119,39343111900030,43.22A,,,,,,,,,,,sirene,
HP PLOMBERIE ET ASSOCIES,,,a contacter,,,,,,,,,,,,cvc,,LES ANGLES,,30,,,,,,,,,,,,,,,,,,,,,,,,,,,,,,,842786196,84278619600019,43.22A,,,,,,,,,,,sirene,
HSI HAKO SECURITE INCENDIE,,,a contacter,,,,,,,,,,,,cvc,,ARGENTEUIL,,95,,,,,,,,,,,,,,,,,,,,,,,,,,,,,,,421330259,42133025900027,43.22A,,,,,,,,,,,sirene,
HUBERT,,,a contacter,,,,,,,,,,,,cvc,,BOUGIVAL,,78,,,,,,,,,,,,,,,,,,,,,,,,,,,,,,,385190640,38519064000024,43.22B,,,,,,,,,,,sirene,
HUBERT DEBRAY,,,a contacter,,,,,,,,,,,,cvc,,WARGNIES-LE-GRAND,,59,,,,,,,,,,,,,,,,,,,,,,,,,,,,,,,521438374,52143837400030,43.22B,,,,,,,,,,,sirene,
HUC CLIMATISATION,,,a contacter,,,,,,,,,,,,cvc,,NARBONNE,,11,,,,,,,,,,,,,,,,,,,,,,,,,,,,,,,490960499,49096049900054,43.22B,,,,,,,,,,,sirene,
HUG FLUIDES,,,a contacter,,,,,,,,,,,,cvc,,WITTELSHEIM,,68,,,,,,,,,,,,,,,,,,,,,,,,,,,,,,,840761928,84076192800026,43.22B,,,,,,,,,,,sirene,
HUGEL,,,a contacter,,,,,,,,,,,,cvc,,LES PAVILLONS-SOUS-BOIS,,93,,,,,,,,,,,,,,,,,,,,,,,,,,,,,,,444708150,44470815000016,43.22B,,,,,,,,,,,sirene,
HUMICLIMA GUADELOUPE,,,a contacter,,,,,,,,,,,,cvc,,BAIE-MAHAULT,,971,,,,,,,,,,,,,,,,,,,,,,,,,,,,,,,883426124,88342612400011,43.22A,,,,,,,,,,,sirene,
HUSSONNOIS,,,a contacter,,,,,,,,,,,,cvc,,SULLY-SUR-LOIRE,,45,,,,,,,,,,,,,,,,,,,,,,,,,,,,,,,434307120,43430712000031,43.22A,,,,,,,,,,,sirene,
HUZBAT INSTAL,,,a contacter,,,,,,,,,,,,cvc,,BOUSSY-SAINT-ANTOINE,,91,,,,,,,,,,,,,,,,,,,,,,,,,,,,,,,903162139,90316213900013,43.22A,,,,,,,,,,,sirene,
HYDREX,,,a contacter,,,,,,,,,,,,cvc,,PORTET-SUR-GARONNE,,31,,,,,,,,,,,,,,,,,,,,,,,,,,,,,,,842748378,84274837800051,43.22A,,,,,,,,,,,sirene,
HYDRIUM,,,a contacter,,,,,,,,,,,,cvc,,NICE,,06,,,,,,,,,,,,,,,,,,,,,,,,,,,,,,,830716361,83071636100019,43.22A,,,,,,,,,,,sirene,
HYDRO CONFORT,,,a contacter,,,,,,,,,,,,cvc,,MAINVILLIERS,,28,,,,,,,,,,,,,,,,,,,,,,,,,,,,,,,530518679,53051867900028,43.22A,,,,,,,,,,,sirene,
HYDRO THERM,,,a contacter,,,,,,,,,,,,cvc,,NICE,,06,,,,,,,,,,,,,,,,,,,,,,,,,,,,,,,480244771,48024477100014,43.22B,,,,,,,,,,,sirene,
HYDRO THERMIE,,,a contacter,,,,,,,,,,,,cvc,,NŒUX-LES-MINES,,62,,,,,,,,,,,,,,,,,,,,,,,,,,,,,,,351498688,35149868800016,43.22B,,,,,,,,,,,sirene,
HYDRO'CHAUFF,,,a contacter,,,,,,,,,,,,cvc,,ERQUINGHEM-LYS,,59,,,,,,,,,,,,,,,,,,,,,,,,,,,,,,,821340114,82134011400015,43.22B,,,,,,,,,,,sirene,
HYDRO-EAU,,,a contacter,,,,,,,,,,,,cvc,,PLAISANCE-DU-TOUCH,,31,,,,,,,,,,,,,,,,,,,,,,,,,,,,,,,900302860,90030286000011,43.22A,,,,,,,,,,,sirene,
HYDRO-THERM,,,a contacter,,,,,,,,,,,,cvc,,FOUESNANT,,29,,,,,,,,,,,,,,,,,,,,,,,,,,,,,,,835093113,83509311300024,43.22A,,,,,,,,,,,sirene,
HYDROLINE,,,a contacter,,,,,,,,,,,,cvc,,BILLY-BERCLAU,,62,,,,,,,,,,,,,,,,,,,,,,,,,,,,,,,392322681,39232268100066,43.22B,,,,,,,,,,,sirene,
HYDROSOLUTIONS,,,a contacter,,,,,,,,,,,,cvc,,ANNECY,,74,,,,,,,,,,,,,,,,,,,,,,,,,,,,,,,811993872,81199387200043,43.22A,,,,,,,,,,,sirene,
I C F E,,,a contacter,,,,,,,,,,,,cvc,,CROSNE,,91,,,,,,,,,,,,,,,,,,,,,,,,,,,,,,,433082559,43308255900041,43.29A,,,,,,,,,,,sirene,
I G C S 33 INSTAL GENIE CLIMAT SANIT,,,a contacter,,,,,,,,,,,,cvc,,CENON,,33,,,,,,,,,,,,,,,,,,,,,,,,,,,,,,,439840653,43984065300034,43.22B,,,,,,,,,,,sirene,
I M A O,,,a contacter,,,,,,,,,,,,cvc,,BONDUES,,59,,,,,,,,,,,,,,,,,,,,,,,,,,,,,,,524991247,52499124700031,43.22A,,,,,,,,,,,sirene,
I P F,,,a contacter,,,,,,,,,,,,cvc,,GRESY-SUR-AIX,,73,,,,,,,,,,,,,,,,,,,,,,,,,,,,,,,503699498,50369949800039,43.29A,,,,,,,,,,,sirene,
I T S FLUIDES PROCESS,,,a contacter,,,,,,,,,,,,cvc,,SAINT-JEAN-DE-BRAYE,,45,,,,,,,,,,,,,,,,,,,,,,,,,,,,,,,379479686,37947968600030,43.22B,,,,,,,,,,,sirene,
I-D PAC,,,a contacter,,,,,,,,,,,,cvc,,ASNIERES-SUR-SEINE,,92,,,,,,,,,,,,,,,,,,,,,,,,,,,,,,,878228725,87822872500023,43.22B,,,,,,,,,,,sirene,
I-M-T-C,,,a contacter,,,,,,,,,,,,cvc,,BEAUREPAIRE-EN-BRESSE,,71,,,,,,,,,,,,,,,,,,,,,,,,,,,,,,,453197089,45319708900023,43.22B,,,,,,,,,,,sirene,
I.C.O.S - ISOLATION CENTRE OUEST SERVICE ENTREPRISE NELIAS,,,a contacter,,,,,,,,,,,,cvc,,EYJEAUX,,87,,,,,,,,,,,,,,,,,,,,,,,,,,,,,,,830565685,83056568500013,43.29A,,,,,,,,,,,sirene,
I.D.R. 37,,,a contacter,,,,,,,,,,,,cvc,,LA VILLE-AUX-DAMES,,37,,,,,,,,,,,,,,,,,,,,,,,,,,,,,,,447488883,44748888300045,43.22A,,,,,,,,,,,sirene,
I.ENERGIE,,,a contacter,,,,,,,,,,,,cvc,,PLABENNEC,,29,,,,,,,,,,,,,,,,,,,,,,,,,,,,,,,480604099,48060409900022,43.22B,,,,,,,,,,,sirene,
I.ENERGIE 22,,,a contacter,,,,,,,,,,,,cvc,,SAINT-BRIEUC,,22,,,,,,,,,,,,,,,,,,,,,,,,,,,,,,,913654638,91365463800018,43.22A,,,,,,,,,,,sirene,
I.ENERGIE 44,,,a contacter,,,,,,,,,,,,cvc,,ORVAULT,,44,,,,,,,,,,,,,,,,,,,,,,,,,,,,,,,949881569,94988156900014,43.22B,,,,,,,,,,,sirene,
I.G.C,,,a contacter,,,,,,,,,,,,cvc,,VITROLLES,,13,,,,,,,,,,,,,,,,,,,,,,,,,,,,,,,503203945,50320394500038,43.22B,,,,,,,,,,,sirene,
I.M.D ENERGIES,,,a contacter,,,,,,,,,,,,cvc,,BOISSY-SAINT-LEGER,,94,,,,,,,,,,,,,,,,,,,,,,,,,,,,,,,829405877,82940587700038,43.22B,,,,,,,,,,,sirene,
I.T.S INSTALLATION THERMIQUE SANITAIRE,,,a contacter,,,,,,,,,,,,cvc,,ARGENTEUIL,,95,,,,,,,,,,,,,,,,,,,,,,,,,,,,,,,449603463,44960346300034,43.22B,,,,,,,,,,,sirene,
I.T.S.V,,,a contacter,,,,,,,,,,,,cvc,,BONDY,,93,,,,,,,,,,,,,,,,,,,,,,,,,,,,,,,531570166,53157016600029,43.22A,,,,,,,,,,,sirene,
I2A HABITAT,,,a contacter,,,,,,,,,,,,cvc,,LOURDES,,65,,,,,,,,,,,,,,,,,,,,,,,,,,,,,,,850741380,85074138000016,43.29A,,,,,,,,,,,sirene,
IBC,,,a contacter,,,,,,,,,,,,cvc,,PLERIN,,22,,,,,,,,,,,,,,,,,,,,,,,,,,,,,,,515139558,51513955800032,43.29A,,,,,,,,,,,sirene,
IBC ENR,,,a contacter,,,,,,,,,,,,cvc,,BELLEGARDE,,30,,,,,,,,,,,,,,,,,,,,,,,,,,,,,,,889770111,88977011100017,43.22B,,,,,,,,,,,sirene,
IBIS,,,a contacter,,,,,,,,,,,,cvc,,SAINT-OUEN-L'AUMONE,,95,,,,,,,,,,,,,,,,,,,,,,,,,,,,,,,750314122,75031412200029,43.29A,,,,,,,,,,,sirene,
IBP,,,a contacter,,,,,,,,,,,,cvc,,BOISSY-SAINT-LEGER,,94,,,,,,,,,,,,,,,,,,,,,,,,,,,,,,,828159137,82815913700011,43.29A,,,,,,,,,,,sirene,
IBS ENERGIE,,,a contacter,,,,,,,,,,,,cvc,,SAINTE-MAXIME,,83,,,,,,,,,,,,,,,,,,,,,,,,,,,,,,,838705440,83870544000025,43.22B,,,,,,,,,,,sirene,
ICARE PV,,,a contacter,,,,,,,,,,,,cvc,,FELINES,,07,,,,,,,,,,,,,,,,,,,,,,,,,,,,,,,505009548,50500954800056,43.22B,,,,,,,,,,,sirene,
ICE CUBE ENERGIE,,,a contacter,,,,,,,,,,,,cvc,,CHAMPS-SUR-MARNE,,77,,,,,,,,,,,,,,,,,,,,,,,,,,,,,,,840906077,84090607700036,43.22B,,,,,,,,,,,sirene,
ICS,,,a contacter,,,,,,,,,,,,cvc,,ECHIROLLES,,38,,,,,,,,,,,,,,,,,,,,,,,,,,,,,,,344046230,34404623000043,43.22A,,,,,,,,,,,sirene,
IDAC,,,a contacter,,,,,,,,,,,,cvc,,SAINT-MARCELLIN,,38,,,,,,,,,,,,,,,,,,,,,,,,,,,,,,,399408186,39940818600027,43.22B,,,,,,,,,,,sirene,
IDEAL (INSTALLATION & DEPANNAGE ALSACIEN DES LOGEMENTS),,,a contacter,,,,,,,,,,,,cvc,,STRASBOURG,,67,,,,,,,,,,,,,,,,,,,,,,,,,,,,,,,904726635,90472663500025,43.22B,,,,,,,,,,,sirene,
IDEAL CONCEPT,,,a contacter,,,,,,,,,,,,cvc,,FOLSCHVILLER,,57,,,,,,,,,,,,,,,,,,,,,,,,,,,,,,,851206797,85120679700025,43.22A,,,,,,,,,,,sirene,
IDEAL THERMIQUE PLOMBERIE,,,a contacter,,,,,,,,,,,,cvc,,LE PERREUX-SUR-MARNE,,94,,,,,,,,,,,,,,,,,,,,,,,,,,,,,,,815174420,81517442000035,43.22A,,,,,,,,,,,sirene,
IDEPRO HABITAT,,,a contacter,,,,,,,,,,,,cvc,,LONGVIC,,21,,,,,,,,,,,,,,,,,,,,,,,,,,,,,,,833462914,83346291400023,43.29A,,,,,,,,,,,sirene,
IDEX ENERGIE ANTILLES GUYANE,,,a contacter,,,,,,,,,,,,cvc,,DUCOS,,972,,,,,,,,,,,,,,,,,,,,,,,,,,,,,,,438858649,43885864900017,43.22B,,,,,,,,,,,sirene,
IDF CALORIFUGE,,,a contacter,,,,,,,,,,,,cvc,,GUITRANCOURT,,78,,,,,,,,,,,,,,,,,,,,,,,,,,,,,,,818851107,81885110700032,43.29A,,,,,,,,,,,sirene,
IEC TECH CO,,,a contacter,,,,,,,,,,,,cvc,,CAISSARGUES,,30,,,,,,,,,,,,,,,,,,,,,,,,,,,,,,,821245149,82124514900025,43.22B,,,,,,,,,,,sirene,
IENY,,,a contacter,,,,,,,,,,,,cvc,,BEAURAINS,,62,,,,,,,,,,,,,,,,,,,,,,,,,,,,,,,535354567,53535456700047,43.29A,,,,,,,,,,,sirene,
IFR,,,a contacter,,,,,,,,,,,,cvc,,CACHAN,,94,,,,,,,,,,,,,,,,,,,,,,,,,,,,,,,842706491,84270649100011,43.29A,,,,,,,,,,,sirene,
IGEO,,,a contacter,,,,,,,,,,,,cvc,,LA MEZIERE,,35,,,,,,,,,,,,,,,,,,,,,,,,,,,,,,,492265731,49226573100058,43.22B,,,,,,,,,,,sirene,
IHE ENERGIES,,,a contacter,,,,,,,,,,,,cvc,,SCHWEIGHOUSE-SUR-MODER,,67,,,,,,,,,,,,,,,,,,,,,,,,,,,,,,,884738238,88473823800028,43.22B,,,,,,,,,,,sirene,
IM NATURA ECO,,,a contacter,,,,,,,,,,,,cvc,,LA COURNEUVE,,93,,,,,,,,,,,,,,,,,,,,,,,,,,,,,,,852783265,85278326500022,43.29A,,,,,,,,,,,sirene,
IMATIC,,,a contacter,,,,,,,,,,,,cvc,,SAINT-DIE-DES-VOSGES,,88,,,,,,,,,,,,,,,,,,,,,,,,,,,,,,,505580548,50558054800038,43.22B,,,,,,,,,,,sirene,
IMATIC EPINAL,,,a contacter,,,,,,,,,,,,cvc,,EPINAL,,88,,,,,,,,,,,,,,,,,,,,,,,,,,,,,,,333519429,33351942900026,43.29A,,,,,,,,,,,sirene,
IMP,,,a contacter,,,,,,,,,,,,cvc,,FORCALQUIER,,04,,,,,,,,,,,,,,,,,,,,,,,,,,,,,,,532955077,53295507700039,43.29A,,,,,,,,,,,sirene,
IMPACT ENERGIE,,,a contacter,,,,,,,,,,,,cvc,,SAINT-AUNES,,34,,,,,,,,,,,,,,,,,,,,,,,,,,,,,,,807501879,80750187900017,43.22B,,,,,,,,,,,sirene,
IMPEC CLIM,,,a contacter,,,,,,,,,,,,cvc,,ALATA,,2A,,,,,,,,,,,,,,,,,,,,,,,,,,,,,,,792633570,79263357000017,43.22A,,,,,,,,,,,sirene,
IMTEC FACILITIES,,,a contacter,,,,,,,,,,,,cvc,,ARGENTEUIL,,95,,,,,,,,,,,,,,,,,,,,,,,,,,,,,,,828352807,82835280700030,43.22B,,,,,,,,,,,sirene,
INCOMA.FR DOMIA,,,a contacter,,,,,,,,,,,,cvc,,GARONS,,30,,,,,,,,,,,,,,,,,,,,,,,,,,,,,,,794170266,79417026600041,43.22A,,,,,,,,,,,sirene,
INDEL B FRANCE,,,a contacter,,,,,,,,,,,,cvc,,SARTROUVILLE,,78,,,,,,,,,,,,,,,,,,,,,,,,,,,,,,,352779219,35277921900059,43.22B,,,,,,,,,,,sirene,
INDUSTHERM,,,a contacter,,,,,,,,,,,,cvc,,CHAPONOST,,69,,,,,,,,,,,,,,,,,,,,,,,,,,,,,,,378943724,37894372400039,43.22B,,,,,,,,,,,sirene,
INDUSTISOL,,,a contacter,,,,,,,,,,,,cvc,,ANNECY,,74,,,,,,,,,,,,,,,,,,,,,,,,,,,,,,,413572751,41357275100027,43.29A,,,,,,,,,,,sirene,
INDUSTRIEL APPLICATION THERMIQUE,,,a contacter,,,,,,,,,,,,cvc,,PARIS,,75,,,,,,,,,,,,,,,,,,,,,,,,,,,,,,,562049866,56204986600014,43.22B,,,,,,,,,,,sirene,
INDUSTRIELLE DE CHAUFFAGE ENTREPRISES,,,a contacter,,,,,,,,,,,,cvc,,RUNGIS,,94,,,,,,,,,,,,,,,,,,,,,,,,,,,,,,,537934531,53793453100030,43.22B,,,,,,,,,,,sirene,
INEX,,,a contacter,,,,,,,,,,,,cvc,,COLLEGIEN,,77,,,,,,,,,,,,,,,,,,,,,,,,,,,,,,,831970215,83197021500032,43.22A,,,,,,,,,,,sirene,
INFO ECONOMIE D'ENERGIE,,,a contacter,,,,,,,,,,,,cvc,,MONTBOUCHER-SUR-JABRON,,26,,,,,,,,,,,,,,,,,,,,,,,,,,,,,,,830443495,83044349500023,43.29A,,,,,,,,,,,sirene,
INFORMATION ET DISTRIBUTION DE MATERIELS POUR LES ENERGIES NOUVELLES,,,a contacter,,,,,,,,,,,,cvc,,ROSHEIM,,67,,,,,,,,,,,,,,,,,,,,,,,,,,,,,,,321129496,32112949600048,43.22B,,,,,,,,,,,sirene,
INGENIERIE ENERGETIQUE GLOBALE,,,a contacter,,,,,,,,,,,,cvc,,CASTELGINEST,,31,,,,,,,,,,,,,,,,,,,,,,,,,,,,,,,520641085,52064108500078,43.22B,,,,,,,,,,,sirene,
INGENIERIE REALISATION INSTALLATION SANITAIRE,,,a contacter,,,,,,,,,,,,cvc,,CHAMPIGNY-SUR-MARNE,,94,,,,,,,,,,,,,,,,,,,,,,,,,,,,,,,419262423,41926242300041,43.22B,,,,,,,,,,,sirene,
INGENIERIE SOLUTION HABITAT,,,a contacter,,,,,,,,,,,,cvc,,LE RAINCY,,93,,,,,,,,,,,,,,,,,,,,,,,,,,,,,,,878251271,87825127100028,43.22B,,,,,,,,,,,sirene,
INGENIERIE TECHNIQUES D'EXTINCTION,,,a contacter,,,,,,,,,,,,cvc,,MERIGNAC,,33,,,,,,,,,,,,,,,,,,,,,,,,,,,,,,,907663223,90766322300010,43.22A,,,,,,,,,,,sirene,
INGETHERMIQUE,,,a contacter,,,,,,,,,,,,cvc,,SAINT-OUEN-L'AUMONE,,95,,,,,,,,,,,,,,,,,,,,,,,,,,,,,,,530348051,53034805100034,43.22B,,,,,,,,,,,sirene,
INITIALES,,,a contacter,,,,,,,,,,,,cvc,,LYON,,69,,,,,,,,,,,,,,,,,,,,,,,,,,,,,,,444879100,44487910000022,43.22A,,,,,,,,,,,sirene,
INNOVA,,,a contacter,,,,,,,,,,,,cvc,,PARIS,,75,,,,,,,,,,,,,,,,,,,,,,,,,,,,,,,531396653,53139665300028,43.22B,,,,,,,,,,,sirene,
INNOVE CONFORT,,,a contacter,,,,,,,,,,,,cvc,,NANTEUIL-LE-HAUDOUIN,,60,,,,,,,,,,,,,,,,,,,,,,,,,,,,,,,799494646,79949464600034,43.29A,,,,,,,,,,,sirene,
INOKER ENERGIE,,,a contacter,,,,,,,,,,,,cvc,,TINTENIAC,,35,,,,,,,,,,,,,,,,,,,,,,,,,,,,,,,514145671,51414567100046,43.22A,,,,,,,,,,,sirene,
INOVEO,,,a contacter,,,,,,,,,,,,cvc,,LE CRES,,34,,,,,,,,,,,,,,,,,,,,,,,,,,,,,,,852642610,85264261000038,43.22B,,,,,,,,,,,sirene,
INSISTA,,,a contacter,,,,,,,,,,,,cvc,,VILLEJUST,,91,,,,,,,,,,,,,,,,,,,,,,,,,,,,,,,881737456,88173745600023,43.22B,,,,,,,,,,,sirene,
INSTAL'CLIM,,,a contacter,,,,,,,,,,,,cvc,,TRESSIN,,59,,,,,,,,,,,,,,,,,,,,,,,,,,,,,,,338211626,33821162600043,43.22B,,,,,,,,,,,sirene,
INSTALL SYSTEM FRANCE,,,a contacter,,,,,,,,,,,,cvc,,TOULOUSE,,31,,,,,,,,,,,,,,,,,,,,,,,,,,,,,,,842986242,84298624200027,43.22B,,,,,,,,,,,sirene,
INSTALLAT. DEPANNAGE CHAUFFAGE SANITAIRE,,,a contacter,,,,,,,,,,,,cvc,,FAULQUEMONT,,57,,,,,,,,,,,,,,,,,,,,,,,,,,,,,,,452836927,45283692700031,43.22B,,,,,,,,,,,sirene,
INSTALLATION CHAUFFAGE PLOMBERIE,,,a contacter,,,,,,,,,,,,cvc,,MORIERES-LES-AVIGNON,,84,,,,,,,,,,,,,,,,,,,,,,,,,,,,,,,432699494,43269949400055,43.22A,,,,,,,,,,,sirene,
INSTALLATION CHAUFFAGE SANITAIRE,,,a contacter,,,,,,,,,,,,cvc,,BREST,,29,,,,,,,,,,,,,,,,,,,,,,,,,,,,,,,325907335,32590733500021,43.22B,,,,,,,,,,,sirene,
INSTALLATION D'EQUIPEMENTS DE CLIMATISATION (IEC),,,a contacter,,,,,,,,,,,,cvc,,LEVALLOIS-PERRET,,92,,,,,,,,,,,,,,,,,,,,,,,,,,,,,,,537625261,53762526100012,43.22B,,,,,,,,,,,sirene,
INSTALLATION FRIGORIFIQUE CLIMATISATION,,,a contacter,,,,,,,,,,,,cvc,,SAINT-NAZAIRE,,44,,,,,,,,,,,,,,,,,,,,,,,,,,,,,,,347434771,34743477100056,43.22B,,,,,,,,,,,sirene,
INSTALLATION MEDITERRANEE PLOMBERIE,,,a contacter,,,,,,,,,,,,cvc,,FREJUS,,83,,,,,,,,,,,,,,,,,,,,,,,,,,,,,,,352358006,35235800600026,43.22A,,,,,,,,,,,sirene,
INSTALLATION PLOMBERIE CHAUFFAGE,,,a contacter,,,,,,,,,,,,cvc,,BOULEURS,,77,,,,,,,,,,,,,,,,,,,,,,,,,,,,,,,799482484,79948248400042,43.22A,,,,,,,,,,,sirene,
INSTALLATION TECHNIQUE GENIE CLIMATIQUE,,,a contacter,,,,,,,,,,,,cvc,,LONGVIC,,21,,,,,,,,,,,,,,,,,,,,,,,,,,,,,,,440000305,44000030500076,43.22A,,,,,,,,,,,sirene,
INSTALLATIONS GENIE CLIMATIQUE ET SANITAIRE,,,a contacter,,,,,,,,,,,,cvc,,BAYONNE,,64,,,,,,,,,,,,,,,,,,,,,,,,,,,,,,,353067754,35306775400039,43.22A,,,,,,,,,,,sirene,
INTEGRATION SUR TERMINAUX AERAUL CLIMATI,,,a contacter,,,,,,,,,,,,cvc,,COULOMMIERS,,77,,,,,,,,,,,,,,,,,,,,,,,,,,,,,,,440622777,44062277700025,43.22B,,,,,,,,,,,sirene,
INTER CHAUFFAGE,,,a contacter,,,,,,,,,,,,cvc,,OUTREAU,,62,,,,,,,,,,,,,,,,,,,,,,,,,,,,,,,345015473,34501547300043,43.22B,,,,,,,,,,,sirene,
INTER ENERGIES SE,,,a contacter,,,,,,,,,,,,cvc,,LONS,,64,,,,,,,,,,,,,,,,,,,,,,,,,,,,,,,352651889,35265188900045,43.22B,,,,,,,,,,,sirene,
INTERGAZ SERVICES,,,a contacter,,,,,,,,,,,,cvc,,OLIVET,,45,,,,,,,,,,,,,,,,,,,,,,,,,,,,,,,437547003,43754700300016,43.22B,,,,,,,,,,,sirene,
INTERISOL,,,a contacter,,,,,,,,,,,,cvc,,ABIDOS,,64,,,,,,,,,,,,,,,,,,,,,,,,,,,,,,,301168936,30116893600021,43.29A,,,,,,,,,,,sirene,
INTERNORM,,,a contacter,,,,,,,,,,,,cvc,,NICE,,06,,,,,,,,,,,,,,,,,,,,,,,,,,,,,,,489276345,48927634500050,43.22B,,,,,,,,,,,sirene,
INTHERSANIT,,,a contacter,,,,,,,,,,,,cvc,,LA MOTTE-SERVOLEX,,73,,,,,,,,,,,,,,,,,,,,,,,,,,,,,,,335340279,33534027900033,43.22A,,,,,,,,,,,sirene,
IOD G T S,,,a contacter,,,,,,,,,,,,cvc,,LAROQUE-TIMBAUT,,47,,,,,,,,,,,,,,,,,,,,,,,,,,,,,,,481797272,48179727200012,43.22A,,,,,,,,,,,sirene,
IONER FRANCE,,,a contacter,,,,,,,,,,,,cvc,,GUERET,,23,,,,,,,,,,,,,,,,,,,,,,,,,,,,,,,512104142,51210414200033,43.22B,,,,,,,,,,,sirene,
IPBS,,,a contacter,,,,,,,,,,,,cvc,,REQUISTA,,12,,,,,,,,,,,,,,,,,,,,,,,,,,,,,,,489349407,48934940700036,43.29A,,,,,,,,,,,sirene,
IPC,,,a contacter,,,,,,,,,,,,cvc,,LE LAMENTIN,,972,,,,,,,,,,,,,,,,,,,,,,,,,,,,,,,512275520,51227552000017,43.22A,,,,,,,,,,,sirene,
IPC RENOVATION,,,a contacter,,,,,,,,,,,,cvc,,REIMS,,51,,,,,,,,,,,,,,,,,,,,,,,,,,,,,,,809703366,80970336600033,43.22A,,,,,,,,,,,sirene,
IPCV,,,a contacter,,,,,,,,,,,,cvc,,EMERAINVILLE,,77,,,,,,,,,,,,,,,,,,,,,,,,,,,,,,,880278734,88027873400038,43.22A,,,,,,,,,,,sirene,
IPE,,,a contacter,,,,,,,,,,,,cvc,,LE VESINET,,78,,,,,,,,,,,,,,,,,,,,,,,,,,,,,,,794203075,79420307500047,43.29A,,,,,,,,,,,sirene,
IPEC 95,,,a contacter,,,,,,,,,,,,cvc,,FREPILLON,,95,,,,,,,,,,,,,,,,,,,,,,,,,,,,,,,414878843,41487884300021,43.22B,,,,,,,,,,,sirene,
IPGO,,,a contacter,,,,,,,,,,,,cvc,,ROQUES,,31,,,,,,,,,,,,,,,,,,,,,,,,,,,,,,,795259415,79525941500037,43.29A,,,,,,,,,,,sirene,
IR AGENCEMENT,,,a contacter,,,,,,,,,,,,cvc,,PARIS,,75,,,,,,,,,,,,,,,,,,,,,,,,,,,,,,,852859982,85285998200013,43.29A,,,,,,,,,,,sirene,
IRH 54,,,a contacter,,,,,,,,,,,,cvc,,MAXEVILLE,,54,,,,,,,,,,,,,,,,,,,,,,,,,,,,,,,537669681,53766968100018,43.29A,,,,,,,,,,,sirene,
IRIGOYEN DAUGA ET ASSOCIES,,,a contacter,,,,,,,,,,,,cvc,,SAINT-GEOURS-DE-MAREMNE,,40,,,,,,,,,,,,,,,,,,,,,,,,,,,,,,,752274928,75227492800031,43.22B,,,,,,,,,,,sirene,
ISE,,,a contacter,,,,,,,,,,,,cvc,,LORGIES,,62,,,,,,,,,,,,,,,,,,,,,,,,,,,,,,,890233893,89023389300019,43.29A,,,,,,,,,,,sirene,
ISF ENERGIES,,,a contacter,,,,,,,,,,,,cvc,,SAINT-CYR-L'ECOLE,,78,,,,,,,,,,,,,,,,,,,,,,,,,,,,,,,792432700,79243270000054,43.22B,,,,,,,,,,,sirene,
ISGLO,,,a contacter,,,,,,,,,,,,cvc,,PUTEAUX,,92,,,,,,,,,,,,,,,,,,,,,,,,,,,,,,,912522299,91252229900011,43.29A,,,,,,,,,,,sirene,
ISISER PARIS,,,a contacter,,,,,,,,,,,,cvc,,ARGENTEUIL,,95,,,,,,,,,,,,,,,,,,,,,,,,,,,,,,,809528128,80952812800014,43.22A,,,,,,,,,,,sirene,
ISO & FACE,,,a contacter,,,,,,,,,,,,cvc,,LE TEICH,,33,,,,,,,,,,,,,,,,,,,,,,,,,,,,,,,821064326,82106432600027,43.29A,,,,,,,,,,,sirene,
ISO & FACE 40,,,a contacter,,,,,,,,,,,,cvc,,MIMIZAN,,40,,,,,,,,,,,,,,,,,,,,,,,,,,,,,,,910496306,91049630600010,43.29A,,,,,,,,,,,sirene,
ISO 55,,,a contacter,,,,,,,,,,,,cvc,,HAIRONVILLE,,55,,,,,,,,,,,,,,,,,,,,,,,,,,,,,,,440129989,44012998900032,43.29A,,,,,,,,,,,sirene,
ISO CHAUFF'CONFORT,,,a contacter,,,,,,,,,,,,cvc,,CIVRIEUX,,01,,,,,,,,,,,,,,,,,,,,,,,,,,,,,,,798100814,79810081400044,43.22B,,,,,,,,,,,sirene,
ISO CONFORT,,,a contacter,,,,,,,,,,,,cvc,,BOURG-BLANC,,29,,,,,,,,,,,,,,,,,,,,,,,,,,,,,,,894569367,89456936700036,43.29A,,,,,,,,,,,sirene,
ISO CONSEILS,,,a contacter,,,,,,,,,,,,cvc,,ALTHEN-DES-PALUDS,,84,,,,,,,,,,,,,,,,,,,,,,,,,,,,,,,802280412,80228041200031,43.29A,,,,,,,,,,,sirene,
ISO DES ALPES,,,a contacter,,,,,,,,,,,,cvc,,ANNECY,,74,,,,,,,,,,,,,,,,,,,,,,,,,,,,,,,878131135,87813113500013,43.29A,,,,,,,,,,,sirene,
ISO FRANCE HABITAT,,,a contacter,,,,,,,,,,,,cvc,,PARIS,,75,,,,,,,,,,,,,,,,,,,,,,,,,,,,,,,828569301,82856930100033,43.29A,,,,,,,,,,,sirene,
ISO HABITAT,,,a contacter,,,,,,,,,,,,cvc,,CERGY,,95,,,,,,,,,,,,,,,,,,,,,,,,,,,,,,,843387234,84338723400035,43.29A,,,,,,,,,,,sirene,
ISO INTER,,,a contacter,,,,,,,,,,,,cvc,,OBJAT,,19,,,,,,,,,,,,,,,,,,,,,,,,,,,,,,,329118400,32911840000020,43.22B,,,,,,,,,,,sirene,
ISO MED,,,a contacter,,,,,,,,,,,,cvc,,LE THOR,,84,,,,,,,,,,,,,,,,,,,,,,,,,,,,,,,753458306,75345830600036,43.29A,,,,,,,,,,,sirene,
ISO PROTEC FEU,,,a contacter,,,,,,,,,,,,cvc,,PARIS,,75,,,,,,,,,,,,,,,,,,,,,,,,,,,,,,,831849443,83184944300013,43.29A,,,,,,,,,,,sirene,
ISO SOUFFLE,,,a contacter,,,,,,,,,,,,cvc,,AVERMES,,03,,,,,,,,,,,,,,,,,,,,,,,,,,,,,,,483286589,48328658900054,43.29A,,,,,,,,,,,sirene,
ISO SPRAY INTERNATIONAL,,,a contacter,,,,,,,,,,,,cvc,,ARNOUVILLE,,95,,,,,,,,,,,,,,,,,,,,,,,,,,,,,,,538601295,53860129500065,43.29A,,,,,,,,,,,sirene,
ISO STAFF,,,a contacter,,,,,,,,,,,,cvc,,FOUQUIERES-LES-LENS,,62,,,,,,,,,,,,,,,,,,,,,,,,,,,,,,,819165333,81916533300017,43.22B,,,,,,,,,,,sirene,
ISO SYSTEMES,,,a contacter,,,,,,,,,,,,cvc,,FREPILLON,,95,,,,,,,,,,,,,,,,,,,,,,,,,,,,,,,510363922,51036392200061,43.29A,,,,,,,,,,,sirene,
ISO TECH NORMANDIE,,,a contacter,,,,,,,,,,,,cvc,,VIRE NORMANDIE,,14,,,,,,,,,,,,,,,,,,,,,,,,,,,,,,,448292011,44829201100013,43.29A,,,,,,,,,,,sirene,
ISO VPY,,,a contacter,,,,,,,,,,,,cvc,,GAGNY,,93,,,,,,,,,,,,,,,,,,,,,,,,,,,,,,,981822331,98182233100014,43.29A,,,,,,,,,,,sirene,
ISO-CHAUFFE,,,a contacter,,,,,,,,,,,,cvc,,SAINT-USAGE,,21,,,,,,,,,,,,,,,,,,,,,,,,,,,,,,,903727030,90372703000012,43.22A,,,,,,,,,,,sirene,
ISO-FACADES,,,a contacter,,,,,,,,,,,,cvc,,CHOLET,,49,,,,,,,,,,,,,,,,,,,,,,,,,,,,,,,525305223,52530522300048,43.29A,,,,,,,,,,,sirene,
ISO-LOGEMENT,,,a contacter,,,,,,,,,,,,cvc,,BOURG-ACHARD,,27,,,,,,,,,,,,,,,,,,,,,,,,,,,,,,,511388779,51138877900031,43.29A,,,,,,,,,,,sirene,
ISOBAT,,,a contacter,,,,,,,,,,,,cvc,,LE SEQUESTRE,,81,,,,,,,,,,,,,,,,,,,,,,,,,,,,,,,753575869,75357586900056,43.29A,,,,,,,,,,,sirene,
ISOBAT 93,,,a contacter,,,,,,,,,,,,cvc,,AUBERVILLIERS,,93,,,,,,,,,,,,,,,,,,,,,,,,,,,,,,,397483876,39748387600033,43.29A,,,,,,,,,,,sirene,
ISOCAB CONSTRUCT,,,a contacter,,,,,,,,,,,,cvc,,STEENVOORDE,,59,,,,,,,,,,,,,,,,,,,,,,,,,,,,,,,843763228,84376322800023,43.29A,,,,,,,,,,,sirene,
ISOCOP POSE,,,a contacter,,,,,,,,,,,,cvc,,CHOISY-LE-ROI,,94,,,,,,,,,,,,,,,,,,,,,,,,,,,,,,,917420184,91742018400025,43.22B,,,,,,,,,,,sirene,
ISODEAL,,,a contacter,,,,,,,,,,,,cvc,,MALVILLE,,44,,,,,,,,,,,,,,,,,,,,,,,,,,,,,,,822167284,82216728400048,43.29A,,,,,,,,,,,sirene,
ISODET,,,a contacter,,,,,,,,,,,,cvc,,SAINT-EVARZEC,,29,,,,,,,,,,,,,,,,,,,,,,,,,,,,,,,532636651,53263665100053,43.29A,,,,,,,,,,,sirene,
ISOFACADE SARL,,,a contacter,,,,,,,,,,,,cvc,,LISSES,,91,,,,,,,,,,,,,,,,,,,,,,,,,,,,,,,788867588,78886758800022,43.29A,,,,,,,,,,,sirene,
ISOFRAN,,,a contacter,,,,,,,,,,,,cvc,,MIRAMAS,,13,,,,,,,,,,,,,,,,,,,,,,,,,,,,,,,395027345,39502734500069,43.29A,,,,,,,,,,,sirene,
ISOL 2A 92,,,a contacter,,,,,,,,,,,,cvc,,LEVALLOIS-PERRET,,92,,,,,,,,,,,,,,,,,,,,,,,,,,,,,,,834592719,83459271900019,43.22B,,,,,,,,,,,sirene,
ISOL 56,,,a contacter,,,,,,,,,,,,cvc,,SAINT-AVE,,56,,,,,,,,,,,,,,,,,,,,,,,,,,,,,,,798174892,79817489200025,43.29A,,,,,,,,,,,sirene,
ISOL AGRO,,,a contacter,,,,,,,,,,,,cvc,,ANDREZIEUX-BOUTHEON,,42,,,,,,,,,,,,,,,,,,,,,,,,,,,,,,,343924536,34392453600042,43.22B,,,,,,,,,,,sirene,
ISOL BATI VAL,,,a contacter,,,,,,,,,,,,cvc,,VILLEPARISIS,,77,,,,,,,,,,,,,,,,,,,,,,,,,,,,,,,520754532,52075453200023,43.29A,,,,,,,,,,,sirene,
ISOL SUD EST,,,a contacter,,,,,,,,,,,,cvc,,VIDAUBAN,,83,,,,,,,,,,,,,,,,,,,,,,,,,,,,,,,421127671,42112767100020,43.29A,,,,,,,,,,,sirene,
ISOL'AVENIR,,,a contacter,,,,,,,,,,,,cvc,,LA BOUILLADISSE,,13,,,,,,,,,,,,,,,,,,,,,,,,,,,,,,,749903183,74990318300046,43.29A,,,,,,,,,,,sirene,
ISOL'EXPERT,,,a contacter,,,,,,,,,,,,cvc,,LANEUVEVILLE-DEVANT-NANCY,,54,,,,,,,,,,,,,,,,,,,,,,,,,,,,,,,538258989,53825898900044,43.29A,,,,,,,,,,,sirene,
ISOL-EX,,,a contacter,,,,,,,,,,,,cvc,,FLERS-EN-ESCREBIEUX,,59,,,,,,,,,,,,,,,,,,,,,,,,,,,,,,,879098085,87909808500019,43.29A,,,,,,,,,,,sirene,
ISOLA SUD OUEST,,,a contacter,,,,,,,,,,,,cvc,,SAINT-ASTIER,,24,,,,,,,,,,,,,,,,,,,,,,,,,,,,,,,500140876,50014087600029,43.29A,,,,,,,,,,,sirene,
ISOLA.CO,,,a contacter,,,,,,,,,,,,cvc,,METZ,,57,,,,,,,,,,,,,,,,,,,,,,,,,,,,,,,843912163,84391216300014,43.29A,,,,,,,,,,,sirene,
ISOLASUD,,,a contacter,,,,,,,,,,,,cvc,,SAINT-GENIS-DES-FONTAINES,,66,,,,,,,,,,,,,,,,,,,,,,,,,,,,,,,403108749,40310874900033,43.29A,,,,,,,,,,,sirene,
ISOLATION 14,,,a contacter,,,,,,,,,,,,cvc,,IVRY-SUR-SEINE,,94,,,,,,,,,,,,,,,,,,,,,,,,,,,,,,,433311313,43331131300020,43.29A,,,,,,,,,,,sirene,
ISOLATION 68,,,a contacter,,,,,,,,,,,,cvc,,KINGERSHEIM,,68,,,,,,,,,,,,,,,,,,,,,,,,,,,,,,,808901193,80890119300033,43.29A,,,,,,,,,,,sirene,
ISOLATION BATIMENT PROFESSIONNELLE,,,a contacter,,,,,,,,,,,,cvc,,BOUFFEMONT,,95,,,,,,,,,,,,,,,,,,,,,,,,,,,,,,,479466484,47946648400017,43.29A,,,,,,,,,,,sirene,
ISOLATION CALORIFUGE INDUSTRIEL,,,a contacter,,,,,,,,,,,,cvc,,LA CHAPELLE-SAINT-LUC,,10,,,,,,,,,,,,,,,,,,,,,,,,,,,,,,,499353829,49935382900041,43.22B,,,,,,,,,,,sirene,
ISOLATION CONSEIL,,,a contacter,,,,,,,,,,,,cvc,,VAL DE REUIL,,27,,,,,,,,,,,,,,,,,,,,,,,,,,,,,,,324927201,32492720100065,43.29A,,,,,,,,,,,sirene,
ISOLATION DE L'HABITAT FRANCAIS,,,a contacter,,,,,,,,,,,,cvc,,MOUANS-SARTOUX,,06,,,,,,,,,,,,,,,,,,,,,,,,,,,,,,,889289203,88928920300024,43.29A,,,,,,,,,,,sirene,
ISOLATION DES BATIMENTS CONTRE LE FROID,,,a contacter,,,,,,,,,,,,cvc,,BELLEVIGNY,,85,,,,,,,,,,,,,,,,,,,,,,,,,,,,,,,318800174,31880017400043,43.29A,,,,,,,,,,,sirene,
ISOLATION DOMMARTINOISE,,,a contacter,,,,,,,,,,,,cvc,,CIVRIEUX-D'AZERGUES,,69,,,,,,,,,,,,,,,,,,,,,,,,,,,,,,,347730871,34773087100048,43.29A,,,,,,,,,,,sirene,
ISOLATION DU FOREZ,,,a contacter,,,,,,,,,,,,cvc,,BOEN-SUR-LIGNON,,42,,,,,,,,,,,,,,,,,,,,,,,,,,,,,,,804728764,80472876400023,43.29A,,,,,,,,,,,sirene,
ISOLATION ECONOMIQUE 17,,,a contacter,,,,,,,,,,,,cvc,,SAINT GEORGES D'OLERON,,17,,,,,,,,,,,,,,,,,,,,,,,,,,,,,,,345295448,34529544800038,43.22A,,,,,,,,,,,sirene,
ISOLATION ET TRAITEMENT DE L'HABITAT,,,a contacter,,,,,,,,,,,,cvc,,MOURS-SAINT-EUSEBE,,26,,,,,,,,,,,,,,,,,,,,,,,,,,,,,,,521808634,52180863400054,43.29A,,,,,,,,,,,sirene,
ISOLATION FACADE MYRAL,,,a contacter,,,,,,,,,,,,cvc,,IS-SUR-TILLE,,21,,,,,,,,,,,,,,,,,,,,,,,,,,,,,,,512687047,51268704700047,43.29A,,,,,,,,,,,sirene,
ISOLATION FUTEE,,,a contacter,,,,,,,,,,,,cvc,,SAINT-EUSEBE,,71,,,,,,,,,,,,,,,,,,,,,,,,,,,,,,,832917298,83291729800040,43.29A,,,,,,,,,,,sirene,
ISOLATION THERMIQUE BOMBA,,,a contacter,,,,,,,,,,,,cvc,,NEUVILLE-SAINT-AMAND,,02,,,,,,,,,,,,,,,,,,,,,,,,,,,,,,,332047992,33204799200059,43.29A,,,,,,,,,,,sirene,
ISOLATION THERMIQUE INDUSTRIELLE,,,a contacter,,,,,,,,,,,,cvc,,MORSANG-SUR-ORGE,,91,,,,,,,,,,,,,,,,,,,,,,,,,,,,,,,397985581,39798558100032,43.22B,,,,,,,,,,,sirene,
ISOLATION THERMIQUE NIORTAISE,,,a contacter,,,,,,,,,,,,cvc,,ECHIRE,,79,,,,,,,,,,,,,,,,,,,,,,,,,,,,,,,442661286,44266128600017,43.29A,,,,,,,,,,,sirene,
ISOLATIONS RAUSCHMAIER SAS,,,a contacter,,,,,,,,,,,,cvc,,COLMAR,,68,,,,,,,,,,,,,,,,,,,,,,,,,,,,,,,916720808,91672080800028,43.29A,,,,,,,,,,,sirene,
ISOLAVIE,,,a contacter,,,,,,,,,,,,cvc,,SAINTE-LUCE-SUR-LOIRE,,44,,,,,,,,,,,,,,,,,,,,,,,,,,,,,,,514915131,51491513100023,43.29A,,,,,,,,,,,sirene,
ISOLBA 28,,,a contacter,,,,,,,,,,,,cvc,,BONNEVAL,,28,,,,,,,,,,,,,,,,,,,,,,,,,,,,,,,303486203,30348620300027,43.29A,,,,,,,,,,,sirene,
ISOLBA 41,,,a contacter,,,,,,,,,,,,cvc,,SAINT-OUEN,,41,,,,,,,,,,,,,,,,,,,,,,,,,,,,,,,385058755,38505875500013,43.29A,,,,,,,,,,,sirene,
ISOLBAT MARSEILLE,,,a contacter,,,,,,,,,,,,cvc,,MARSEILLE,,13,,,,,,,,,,,,,,,,,,,,,,,,,,,,,,,492026380,49202638000013,43.29A,,,,,,,,,,,sirene,
ISOLE,,,a contacter,,,,,,,,,,,,cvc,,LUC-LA-PRIMAUBE,,12,,,,,,,,,,,,,,,,,,,,,,,,,,,,,,,949361372,94936137200020,43.29A,,,,,,,,,,,sirene,
ISOLE PLUS ENERGIES,,,a contacter,,,,,,,,,,,,cvc,,MARSANNAY-LA-COTE,,21,,,,,,,,,,,,,,,,,,,,,,,,,,,,,,,513822619,51382261900039,43.29A,,,,,,,,,,,sirene,
ISOLEX,,,a contacter,,,,,,,,,,,,cvc,,SAINT-AVOLD,,57,,,,,,,,,,,,,,,,,,,,,,,,,,,,,,,881342273,88134227300037,43.29A,,,,,,,,,,,sirene,
ISOLIDARITE,,,a contacter,,,,,,,,,,,,cvc,,PARIS,,75,,,,,,,,,,,,,,,,,,,,,,,,,,,,,,,831236369,83123636900029,43.29A,,,,,,,,,,,sirene,
ISOLIS,,,a contacter,,,,,,,,,,,,cvc,,TARASCON,,13,,,,,,,,,,,,,,,,,,,,,,,,,,,,,,,503641060,50364106000010,43.29A,,,,,,,,,,,sirene,
ISOLKIT CALORIFUGE,,,a contacter,,,,,,,,,,,,cvc,,DREUX,,28,,,,,,,,,,,,,,,,,,,,,,,,,,,,,,,319981767,31998176700084,43.29A,,,,,,,,,,,sirene,
ISOLPROTECH,,,a contacter,,,,,,,,,,,,cvc,,PALAISEAU,,91,,,,,,,,,,,,,,,,,,,,,,,,,,,,,,,799027552,79902755200022,43.29A,,,,,,,,,,,sirene,
ISOLTERM,,,a contacter,,,,,,,,,,,,cvc,,ECHIROLLES,,38,,,,,,,,,,,,,,,,,,,,,,,,,,,,,,,851751743,85175174300028,43.29A,,,,,,,,,,,sirene,
ISOLVAR FRANCE,,,a contacter,,,,,,,,,,,,cvc,,SAINT-CANNAT,,13,,,,,,,,,,,,,,,,,,,,,,,,,,,,,,,750687287,75068728700052,43.29A,,,,,,,,,,,sirene,
ISOLYS,,,a contacter,,,,,,,,,,,,cvc,,VILLEDIEU-LES-POELES-ROUFFIGNY,,50,,,,,,,,,,,,,,,,,,,,,,,,,,,,,,,410227839,41022783900025,43.29A,,,,,,,,,,,sirene,
ISOMUR,,,a contacter,,,,,,,,,,,,cvc,,GLISY,,80,,,,,,,,,,,,,,,,,,,,,,,,,,,,,,,497711044,49771104400048,43.29A,,,,,,,,,,,sirene,
ISONEO,,,a contacter,,,,,,,,,,,,cvc,,SAINT-JUST-LE-MARTEL,,87,,,,,,,,,,,,,,,,,,,,,,,,,,,,,,,495334146,49533414600026,43.29A,,,,,,,,,,,sirene,
ISONERGI,,,a contacter,,,,,,,,,,,,cvc,,LA CHAPELLE-DES-FOUGERETZ,,35,,,,,,,,,,,,,,,,,,,,,,,,,,,,,,,889318101,88931810100017,43.29A,,,,,,,,,,,sirene,
ISONET,,,a contacter,,,,,,,,,,,,cvc,,CHAMPAGNE,,72,,,,,,,,,,,,,,,,,,,,,,,,,,,,,,,843412818,84341281800026,43.29A,,,,,,,,,,,sirene,
ISONEUF,,,a contacter,,,,,,,,,,,,cvc,,SAUJON,,17,,,,,,,,,,,,,,,,,,,,,,,,,,,,,,,790673487,79067348700027,43.29A,,,,,,,,,,,sirene,
ISONOR,,,a contacter,,,,,,,,,,,,cvc,,GRAVELINES,,59,,,,,,,,,,,,,,,,,,,,,,,,,,,,,,,438447112,43844711200063,43.29A,,,,,,,,,,,sirene,
ISONORM HABITAT,,,a contacter,,,,,,,,,,,,cvc,,ESSEY-LES-NANCY,,54,,,,,,,,,,,,,,,,,,,,,,,,,,,,,,,513146902,51314690200020,43.29A,,,,,,,,,,,sirene,
ISOPERF ENERGIE,,,a contacter,,,,,,,,,,,,cvc,,RUFFEY-LES-ECHIREY,,21,,,,,,,,,,,,,,,,,,,,,,,,,,,,,,,842379950,84237995000012,43.22A,,,,,,,,,,,sirene,
ISOPOLE FRANCE,,,a contacter,,,,,,,,,,,,cvc,,MONTCEAU-LES-MINES,,71,,,,,,,,,,,,,,,,,,,,,,,,,,,,,,,905403127,90540312700020,43.29A,,,,,,,,,,,sirene,
ISOPROM,,,a contacter,,,,,,,,,,,,cvc,,MARLENHEIM,,67,,,,,,,,,,,,,,,,,,,,,,,,,,,,,,,538374471,53837447100034,43.29A,,,,,,,,,,,sirene,
ISOPROTECT,,,a contacter,,,,,,,,,,,,cvc,,VIROFLAY,,78,,,,,,,,,,,,,,,,,,,,,,,,,,,,,,,399544246,39954424600024,43.29A,,,,,,,,,,,sirene,
ISOREV,,,a contacter,,,,,,,,,,,,cvc,,OSNY,,95,,,,,,,,,,,,,,,,,,,,,,,,,,,,,,,492015466,49201546600047,43.29A,,,,,,,,,,,sirene,
ISOSCOP,,,a contacter,,,,,,,,,,,,cvc,,VENDOME,,41,,,,,,,,,,,,,,,,,,,,,,,,,,,,,,,813138922,81313892200030,43.29A,,,,,,,,,,,sirene,
ISOTEA,,,a contacter,,,,,,,,,,,,cvc,,LAVERUNE,,34,,,,,,,,,,,,,,,,,,,,,,,,,,,,,,,451751432,45175143200035,43.22B,,,,,,,,,,,sirene,
ISOTEC 38,,,a contacter,,,,,,,,,,,,cvc,,EYBENS,,38,,,,,,,,,,,,,,,,,,,,,,,,,,,,,,,899209860,89920986000027,43.29A,,,,,,,,,,,sirene,
ISOTECHMO,,,a contacter,,,,,,,,,,,,cvc,,L'HAY-LES-ROSES,,94,,,,,,,,,,,,,,,,,,,,,,,,,,,,,,,692007735,69200773500024,43.29A,,,,,,,,,,,sirene,
ISOTHERM AURA,,,a contacter,,,,,,,,,,,,cvc,,VILLEFRANCHE-SUR-SAONE,,69,,,,,,,,,,,,,,,,,,,,,,,,,,,,,,,897892675,89789267500025,43.22B,,,,,,,,,,,sirene,
ISOTHERMO,,,a contacter,,,,,,,,,,,,cvc,,PANTIN,,93,,,,,,,,,,,,,,,,,,,,,,,,,,,,,,,527546154,52754615400032,43.29A,,,,,,,,,,,sirene,
ISOVAL,,,a contacter,,,,,,,,,,,,cvc,,SAINT-AY,,45,,,,,,,,,,,,,,,,,,,,,,,,,,,,,,,312937402,31293740200054,43.29A,,,,,,,,,,,sirene,
ISOVEO,,,a contacter,,,,,,,,,,,,cvc,,FRESNES,,94,,,,,,,,,,,,,,,,,,,,,,,,,,,,,,,800996670,80099667000041,43.29A,,,,,,,,,,,sirene,
ISOWECK,,,a contacter,,,,,,,,,,,,cvc,,MARMANDE,,47,,,,,,,,,,,,,,,,,,,,,,,,,,,,,,,348808007,34880800700044,43.29A,,,,,,,,,,,sirene,
ISTA AQUAGEST,,,a contacter,,,,,,,,,,,,cvc,,MASSY,,91,,,,,,,,,,,,,,,,,,,,,,,,,,,,,,,572056679,57205667900127,43.22A,,,,,,,,,,,sirene,
ISTA AZUREENNE DE COMPTAGE,,,a contacter,,,,,,,,,,,,cvc,,MASSY,,91,,,,,,,,,,,,,,,,,,,,,,,,,,,,,,,444882211,44488221100048,43.22A,,,,,,,,,,,sirene,
ISTA CID,,,a contacter,,,,,,,,,,,,cvc,,MASSY,,91,,,,,,,,,,,,,,,,,,,,,,,,,,,,,,,444791495,44479149500047,43.22A,,,,,,,,,,,sirene,
ISTCM,,,a contacter,,,,,,,,,,,,cvc,,LAGORD,,17,,,,,,,,,,,,,,,,,,,,,,,,,,,,,,,451551071,45155107100025,43.22A,,,,,,,,,,,sirene,
ISTER,,,a contacter,,,,,,,,,,,,cvc,,SAINT-OUEN-L'AUMONE,,95,,,,,,,,,,,,,,,,,,,,,,,,,,,,,,,750736621,75073662100038,43.22A,,,,,,,,,,,sirene,
ITBI,,,a contacter,,,,,,,,,,,,cvc,,LE PLESSIS-BELLEVILLE,,60,,,,,,,,,,,,,,,,,,,,,,,,,,,,,,,515409043,51540904300087,43.22B,,,,,,,,,,,sirene,
ITE - CLIMATIC (INSTALLATION DES TECHNIQUES DE L'ENERGIE - CLIMATIC),,,a contacter,,,,,,,,,,,,cvc,,CORBEIL-ESSONNES,,91,,,,,,,,,,,,,,,,,,,,,,,,,,,,,,,539366914,53936691400023,43.22B,,,,,,,,,,,sirene,
ITE RENOV SASU,,,a contacter,,,,,,,,,,,,cvc,,L'ISLE-D'ABEAU,,38,,,,,,,,,,,,,,,,,,,,,,,,,,,,,,,881611446,88161144600017,43.29A,,,,,,,,,,,sirene,
ITF,,,a contacter,,,,,,,,,,,,cvc,,VAUX-LE-PENIL,,77,,,,,,,,,,,,,,,,,,,,,,,,,,,,,,,792741704,79274170400029,43.22B,,,,,,,,,,,sirene,
ITS,,,a contacter,,,,,,,,,,,,cvc,,JANNEYRIAS,,38,,,,,,,,,,,,,,,,,,,,,,,,,,,,,,,428251276,42825127600062,43.22A,,,,,,,,,,,sirene,
IZOL 33,,,a contacter,,,,,,,,,,,,cvc,,PERISSAC,,33,,,,,,,,,,,,,,,,,,,,,,,,,,,,,,,519427181,51942718100028,43.29A,,,,,,,,,,,sirene,
IZOL FRANCE,,,a contacter,,,,,,,,,,,,cvc,,PARIS,,75,,,,,,,,,,,,,,,,,,,,,,,,,,,,,,,534782677,53478267700072,43.29A,,,,,,,,,,,sirene,
IZOL'ECO,,,a contacter,,,,,,,,,,,,cvc,,SAINT-HERBLAIN,,44,,,,,,,,,,,,,,,,,,,,,,,,,,,,,,,750731119,75073111900061,43.29A,,,,,,,,,,,sirene,
IZOLAROS,,,a contacter,,,,,,,,,,,,cvc,,AULNAY-SOUS-BOIS,,93,,,,,,,,,,,,,,,,,,,,,,,,,,,,,,,503163438,50316343800024,43.29A,,,,,,,,,,,sirene,
J&P FACILITIES,,,a contacter,,,,,,,,,,,,cvc,,MONTESSON,,78,,,,,,,,,,,,,,,,,,,,,,,,,,,,,,,881036883,88103688300018,43.22B,,,,,,,,,,,sirene,
J. CALIA,,,a contacter,,,,,,,,,,,,cvc,,NIMES,,30,,,,,,,,,,,,,,,,,,,,,,,,,,,,,,,329087316,32908731600025,43.22B,,,,,,,,,,,sirene,
J. D.,,,a contacter,,,,,,,,,,,,cvc,,LA CHATRE,,36,,,,,,,,,,,,,,,,,,,,,,,,,,,,,,,484419882,48441988200028,43.22A,,,,,,,,,,,sirene,
J. MORO ET F. PRATO,,,a contacter,,,,,,,,,,,,cvc,,MOUANS-SARTOUX,,06,,,,,,,,,,,,,,,,,,,,,,,,,,,,,,,315388405,31538840500021,43.22A,,,,,,,,,,,sirene,
J.B.VENTILATION,,,a contacter,,,,,,,,,,,,cvc,,CHAMPIGNY-SUR-MARNE,,94,,,,,,,,,,,,,,,,,,,,,,,,,,,,,,,419563358,41956335800029,43.22B,,,,,,,,,,,sirene,
J.C.S.,,,a contacter,,,,,,,,,,,,cvc,,CHATEL-SAINT-GERMAIN,,57,,,,,,,,,,,,,,,,,,,,,,,,,,,,,,,810267823,81026782300021,43.22B,,,,,,,,,,,sirene,
J.R. EVOLUTION,,,a contacter,,,,,,,,,,,,cvc,,LILLE,,59,,,,,,,,,,,,,,,,,,,,,,,,,,,,,,,518259619,51825961900030,43.22B,,,,,,,,,,,sirene,
JACKY MARIE,,,a contacter,,,,,,,,,,,,cvc,,SAINT-PIERRE-EN-AUGE,,14,,,,,,,,,,,,,,,,,,,,,,,,,,,,,,,478901556,47890155600017,43.22A,,,,,,,,,,,sirene,
JACOB ISOLATION THERMIQUE,,,a contacter,,,,,,,,,,,,cvc,,LE VERSOUD,,38,,,,,,,,,,,,,,,,,,,,,,,,,,,,,,,324076553,32407655300043,43.29A,,,,,,,,,,,sirene,
JACQUES CAILLEUX,,,a contacter,,,,,,,,,,,,cvc,,AMIENS,,80,,,,,,,,,,,,,,,,,,,,,,,,,,,,,,,402062731,40206273100011,43.22B,,,,,,,,,,,sirene,
JACQUES SCHILLOT,,,a contacter,,,,,,,,,,,,cvc,,SEICHAMPS,,54,,,,,,,,,,,,,,,,,,,,,,,,,,,,,,,321421513,32142151300011,43.22A,,,,,,,,,,,sirene,
JACQUIN FRERES,,,a contacter,,,,,,,,,,,,cvc,,CHAPONOST,,69,,,,,,,,,,,,,,,,,,,,,,,,,,,,,,,822998035,82299803500023,43.22B,,,,,,,,,,,sirene,
JADO,,,a contacter,,,,,,,,,,,,cvc,,HOUILLES,,78,,,,,,,,,,,,,,,,,,,,,,,,,,,,,,,533813010,53381301000022,43.22B,,,,,,,,,,,sirene,
JAILLET ENERGIES,,,a contacter,,,,,,,,,,,,cvc,,CHESSY,,69,,,,,,,,,,,,,,,,,,,,,,,,,,,,,,,752059899,75205989900019,43.22B,,,,,,,,,,,sirene,
JAMES CHAGUE,,,a contacter,,,,,,,,,,,,cvc,,THISE,,25,,,,,,,,,,,,,,,,,,,,,,,,,,,,,,,352932131,35293213100035,43.22B,,,,,,,,,,,sirene,
JAMOT ENERGIES SOLUTIONS,,,a contacter,,,,,,,,,,,,cvc,,RIBERAC,,24,,,,,,,,,,,,,,,,,,,,,,,,,,,,,,,341889186,34188918600027,43.22B,,,,,,,,,,,sirene,
JANIOUD,,,a contacter,,,,,,,,,,,,cvc,,FONTAINE,,38,,,,,,,,,,,,,,,,,,,,,,,,,,,,,,,330852310,33085231000029,43.22B,,,,,,,,,,,sirene,
JANIOUD SERVICE MAINTENANCE,,,a contacter,,,,,,,,,,,,cvc,,FONTAINE,,38,,,,,,,,,,,,,,,,,,,,,,,,,,,,,,,893246678,89324667800021,43.22B,,,,,,,,,,,sirene,
JAOUEN YANN,,,a contacter,,,,,,,,,,,,cvc,,POULLAN-SUR-MER,,29,,,,,,,,,,,,,,,,,,,,,,,,,,,,,,,803795624,80379562400029,43.22A,,,,,,,,,,,sirene,
JARNY SARL,,,a contacter,,,,,,,,,,,,cvc,,SAINTE-FOY,,85,,,,,,,,,,,,,,,,,,,,,,,,,,,,,,,478830904,47883090400015,43.22A,,,,,,,,,,,sirene,
JB-CLIM,,,a contacter,,,,,,,,,,,,cvc,,PORTO-VECCHIO,,2A,,,,,,,,,,,,,,,,,,,,,,,,,,,,,,,824317390,82431739000014,43.22B,,,,,,,,,,,sirene,
JCM CONFORT,,,a contacter,,,,,,,,,,,,cvc,,BEAUCOUZE,,49,,,,,,,,,,,,,,,,,,,,,,,,,,,,,,,487478448,48747844800029,43.22B,,,,,,,,,,,sirene,
JCP,,,a contacter,,,,,,,,,,,,cvc,,ITTENHEIM,,67,,,,,,,,,,,,,,,,,,,,,,,,,,,,,,,533659801,53365980100021,43.22B,,,,,,,,,,,sirene,
JDME,,,a contacter,,,,,,,,,,,,cvc,,HALLUIN,,59,,,,,,,,,,,,,,,,,,,,,,,,,,,,,,,812487239,81248723900038,43.22A,,,,,,,,,,,sirene,
JEAN FANTINO,,,a contacter,,,,,,,,,,,,cvc,,CANNES,,06,,,,,,,,,,,,,,,,,,,,,,,,,,,,,,,353784515,35378451500044,43.22B,,,,,,,,,,,sirene,
JEAN LUCY,,,a contacter,,,,,,,,,,,,cvc,,PARIS,,75,,,,,,,,,,,,,,,,,,,,,,,,,,,,,,,542051271,54205127100014,43.22A,,,,,,,,,,,sirene,
JEGADO,,,a contacter,,,,,,,,,,,,cvc,,NOTRE-DAME-DE-L'ISLE,,27,,,,,,,,,,,,,,,,,,,,,,,,,,,,,,,811803071,81180307100018,43.22B,,,,,,,,,,,sirene,
JESEL ET WIDEMANN ENERGIES,,,a contacter,,,,,,,,,,,,cvc,,COLLEGIEN,,77,,,,,,,,,,,,,,,,,,,,,,,,,,,,,,,751214156,75121415600042,43.22B,,,,,,,,,,,sirene,
JICAZ,,,a contacter,,,,,,,,,,,,cvc,,SAVIGNY-LE-TEMPLE,,77,,,,,,,,,,,,,,,,,,,,,,,,,,,,,,,850157900,85015790000026,43.22A,,,,,,,,,,,sirene,
JIM'EMAPS PLOMBERIE,,,a contacter,,,,,,,,,,,,cvc,,FORT-DE-FRANCE,,972,,,,,,,,,,,,,,,,,,,,,,,,,,,,,,,751494600,75149460000016,43.22A,,,,,,,,,,,sirene,
JJSS - ETABLISSEMENT SOULIER,,,a contacter,,,,,,,,,,,,cvc,,SAINT-PANTALEON-DE-LARCHE,,19,,,,,,,,,,,,,,,,,,,,,,,,,,,,,,,902014554,90201455400015,43.22A,,,,,,,,,,,sirene,
JM ENERGIE,,,a contacter,,,,,,,,,,,,cvc,,GENELARD,,71,,,,,,,,,,,,,,,,,,,,,,,,,,,,,,,502046113,50204611300010,43.22B,,,,,,,,,,,sirene,
JMB CONCEPT,,,a contacter,,,,,,,,,,,,cvc,,NERSAC,,16,,,,,,,,,,,,,,,,,,,,,,,,,,,,,,,484623749,48462374900021,43.22A,,,,,,,,,,,sirene,
JMC PLOMBERIE,,,a contacter,,,,,,,,,,,,cvc,,PORTO-VECCHIO,,2A,,,,,,,,,,,,,,,,,,,,,,,,,,,,,,,832786214,83278621400011,43.22A,,,,,,,,,,,sirene,
JMG,,,a contacter,,,,,,,,,,,,cvc,,COLLEGIEN,,77,,,,,,,,,,,,,,,,,,,,,,,,,,,,,,,534666359,53466635900045,43.22A,,,,,,,,,,,sirene,
JMT ENERGIE ET ISOLATIONS,,,a contacter,,,,,,,,,,,,cvc,,CHIRENS,,38,,,,,,,,,,,,,,,,,,,,,,,,,,,,,,,533941258,53394125800014,43.22A,,,,,,,,,,,sirene,
JNC THERMIQUE,,,a contacter,,,,,,,,,,,,cvc,,BOBIGNY,,93,,,,,,,,,,,,,,,,,,,,,,,,,,,,,,,843900366,84390036600017,43.22B,,,,,,,,,,,sirene,
JO FROID CLIMATISATION,,,a contacter,,,,,,,,,,,,cvc,,REMIRE-MONTJOLY,,973,,,,,,,,,,,,,,,,,,,,,,,,,,,,,,,813236379,81323637900026,43.22B,,,,,,,,,,,sirene,
JOB ISOLATION,,,a contacter,,,,,,,,,,,,cvc,,MONTROUGE,,92,,,,,,,,,,,,,,,,,,,,,,,,,,,,,,,491220711,49122071100031,43.29A,,,,,,,,,,,sirene,
JOEL DUBOIS,,,a contacter,,,,,,,,,,,,cvc,,GRENADE-SUR-L'ADOUR,,40,,,,,,,,,,,,,,,,,,,,,,,,,,,,,,,444620306,44462030600027,43.22A,,,,,,,,,,,sirene,
JOGGIN SERVICES,,,a contacter,,,,,,,,,,,,cvc,,PIA,,66,,,,,,,,,,,,,,,,,,,,,,,,,,,,,,,828399998,82839999800024,43.22B,,,,,,,,,,,sirene,
JOSAN ISO,,,a contacter,,,,,,,,,,,,cvc,,AULNAY-SOUS-BOIS,,93,,,,,,,,,,,,,,,,,,,,,,,,,,,,,,,430416594,43041659400058,43.29A,,,,,,,,,,,sirene,
JOSEPH FOUGERES,,,a contacter,,,,,,,,,,,,cvc,,VITRE,,35,,,,,,,,,,,,,,,,,,,,,,,,,,,,,,,384009189,38400918900034,43.22A,,,,,,,,,,,sirene,
JOURNET ENERGIES NOUVELLES,,,a contacter,,,,,,,,,,,,cvc,,NEUVY-GRANDCHAMP,,71,,,,,,,,,,,,,,,,,,,,,,,,,,,,,,,327125464,32712546400021,43.22B,,,,,,,,,,,sirene,
JOUTEAU ECS,,,a contacter,,,,,,,,,,,,cvc,,SAINT-VINCENT-STERLANGES,,85,,,,,,,,,,,,,,,,,,,,,,,,,,,,,,,491724498,49172449800028,43.22A,,,,,,,,,,,sirene,
JP2M,,,a contacter,,,,,,,,,,,,cvc,,MONTBRISON,,42,,,,,,,,,,,,,,,,,,,,,,,,,,,,,,,510915986,51091598600028,43.22B,,,,,,,,,,,sirene,
JPC 86,,,a contacter,,,,,,,,,,,,cvc,,FONTAINE-LE-COMTE,,86,,,,,,,,,,,,,,,,,,,,,,,,,,,,,,,494637028,49463702800031,43.22B,,,,,,,,,,,sirene,
JPC ENERGIE,,,a contacter,,,,,,,,,,,,cvc,,SAINT LOUBES,,33,,,,,,,,,,,,,,,,,,,,,,,,,,,,,,,752962688,75296268800020,43.22A,,,,,,,,,,,sirene,
JPP SERVICE,,,a contacter,,,,,,,,,,,,cvc,,BEZIERS,,34,,,,,,,,,,,,,,,,,,,,,,,,,,,,,,,413659350,41365935000024,43.22A,,,,,,,,,,,sirene,
JR ENERGIES,,,a contacter,,,,,,,,,,,,cvc,,DENIPAIRE,,88,,,,,,,,,,,,,,,,,,,,,,,,,,,,,,,814429726,81442972600015,43.22B,,,,,,,,,,,sirene,
JUILLARD CHAUFFAGE,,,a contacter,,,,,,,,,,,,cvc,,VIRIAT,,01,,,,,,,,,,,,,,,,,,,,,,,,,,,,,,,403589153,40358915300028,43.22B,,,,,,,,,,,sirene,
JUKI GENIE CLIMATIQUE,,,a contacter,,,,,,,,,,,,cvc,,STILL,,67,,,,,,,,,,,,,,,,,,,,,,,,,,,,,,,507968501,50796850100019,43.22B,,,,,,,,,,,sirene,
JULIANE,,,a contacter,,,,,,,,,,,,cvc,,LYON,,69,,,,,,,,,,,,,,,,,,,,,,,,,,,,,,,491763363,49176336300026,43.22A,,,,,,,,,,,sirene,
JULIEN CARNET (CARNET PLOMBERIE CHAUFFAGE),,,a contacter,,,,,,,,,,,,cvc,,LA CHAPELLE-SAINT-AUBERT,,35,,,,,,,,,,,,,,,,,,,,,,,,,,,,,,,819114497,81911449700020,43.22A,,,,,,,,,,,sirene,
JULLIAN ET CIE,,,a contacter,,,,,,,,,,,,cvc,,NIMES,,30,,,,,,,,,,,,,,,,,,,,,,,,,,,,,,,700200884,70020088400026,43.22B,,,,,,,,,,,sirene,
JUNG & DORGLER,,,a contacter,,,,,,,,,,,,cvc,,SERMERSHEIM,,67,,,,,,,,,,,,,,,,,,,,,,,,,,,,,,,835246505,83524650500019,43.22B,,,,,,,,,,,sirene,
JV SERVICES,,,a contacter,,,,,,,,,,,,cvc,,VAL-DE-REUIL,,27,,,,,,,,,,,,,,,,,,,,,,,,,,,,,,,478695133,47869513300049,43.22A,,,,,,,,,,,sirene,
K HELIOS,,,a contacter,,,,,,,,,,,,cvc,,SAINT-JULIEN-LES-ROSIERS,,30,,,,,,,,,,,,,,,,,,,,,,,,,,,,,,,511171928,51117192800019,43.22B,,,,,,,,,,,sirene,
K.F METALOMECANIQUE,,,a contacter,,,,,,,,,,,,cvc,,MONTGERON,,91,,,,,,,,,,,,,,,,,,,,,,,,,,,,,,,910486133,91048613300010,43.22A,,,,,,,,,,,sirene,
K.G.K.,,,a contacter,,,,,,,,,,,,cvc,,ARGENTEUIL,,95,,,,,,,,,,,,,,,,,,,,,,,,,,,,,,,539232777,53923277700026,43.22A,,,,,,,,,,,sirene,
K2FS,,,a contacter,,,,,,,,,,,,cvc,,BOULOGNE-SUR-MER,,62,,,,,,,,,,,,,,,,,,,,,,,,,,,,,,,853962280,85396228000022,43.22A,,,,,,,,,,,sirene,
K2M GENIE CLIMATIQUE,,,a contacter,,,,,,,,,,,,cvc,,BEZONS,,95,,,,,,,,,,,,,,,,,,,,,,,,,,,,,,,804092997,80409299700027,43.22A,,,,,,,,,,,sirene,
KA DE PLOMBERIE,,,a contacter,,,,,,,,,,,,cvc,,SAINT-JACQUES-SUR-DARNETAL,,76,,,,,,,,,,,,,,,,,,,,,,,,,,,,,,,530036912,53003691200059,43.22A,,,,,,,,,,,sirene,
KA SS,,,a contacter,,,,,,,,,,,,cvc,,L'HAY-LES-ROSES,,94,,,,,,,,,,,,,,,,,,,,,,,,,,,,,,,343780722,34378072200033,43.22A,,,,,,,,,,,sirene,
KALIS BT BATIMENT,,,a contacter,,,,,,,,,,,,cvc,,PARIS,,75,,,,,,,,,,,,,,,,,,,,,,,,,,,,,,,834316523,83431652300044,43.29A,,,,,,,,,,,sirene,
KALITEC GENIE CLIMATIQUE,,,a contacter,,,,,,,,,,,,cvc,,QUINT-FONSEGRIVES,,31,,,,,,,,,,,,,,,,,,,,,,,,,,,,,,,524698206,52469820600025,43.22B,,,,,,,,,,,sirene,
KALORIO,,,a contacter,,,,,,,,,,,,cvc,,SAINT-JUST,,34,,,,,,,,,,,,,,,,,,,,,,,,,,,,,,,903443356,90344335600014,43.22B,,,,,,,,,,,sirene,
KALOWRIE INDUSTRIE,,,a contacter,,,,,,,,,,,,cvc,,DOMLOUP,,35,,,,,,,,,,,,,,,,,,,,,,,,,,,,,,,340141829,34014182900036,43.29A,,,,,,,,,,,sirene,
KANTEM,,,a contacter,,,,,,,,,,,,cvc,,LE MANS,,72,,,,,,,,,,,,,,,,,,,,,,,,,,,,,,,438631079,43863107900029,43.22A,,,,,,,,,,,sirene,
KARMA BAT,,,a contacter,,,,,,,,,,,,cvc,,LES LILAS,,93,,,,,,,,,,,,,,,,,,,,,,,,,,,,,,,835074352,83507435200021,43.29A,,,,,,,,,,,sirene,
KD PROJECTIONS,,,a contacter,,,,,,,,,,,,cvc,,LE BLANC-MESNIL,,93,,,,,,,,,,,,,,,,,,,,,,,,,,,,,,,917937229,91793722900024,43.29A,,,,,,,,,,,sirene,
KDC,,,a contacter,,,,,,,,,,,,cvc,,L'ISLE-D'ABEAU,,38,,,,,,,,,,,,,,,,,,,,,,,,,,,,,,,495039448,49503944800057,43.22A,,,,,,,,,,,sirene,
KERC'HROM AGENCEMENT,,,a contacter,,,,,,,,,,,,cvc,,PLOMEUR,,29,,,,,,,,,,,,,,,,,,,,,,,,,,,,,,,508236486,50823648600025,43.29A,,,,,,,,,,,sirene,
KERNO - ELEC,,,a contacter,,,,,,,,,,,,cvc,,PLOUDANIEL,,29,,,,,,,,,,,,,,,,,,,,,,,,,,,,,,,452947294,45294729400024,43.22A,,,,,,,,,,,sirene,
KEVIN BREER (BKVENTILATION),,,a contacter,,,,,,,,,,,,cvc,,NORRENT-FONTES,,62,,,,,,,,,,,,,,,,,,,,,,,,,,,,,,,909799256,90979925600013,43.22B,,,,,,,,,,,sirene,
KIPING GENIE CLIMATIQUE ET MAINTENANCE,,,a contacter,,,,,,,,,,,,cvc,,MARSEILLE,,13,,,,,,,,,,,,,,,,,,,,,,,,,,,,,,,413972340,41397234000066,43.22B,,,,,,,,,,,sirene,
KLENER-RIKA 76,,,a contacter,,,,,,,,,,,,cvc,,BARENTIN,,76,,,,,,,,,,,,,,,,,,,,,,,,,,,,,,,533412771,53341277100016,43.22B,,,,,,,,,,,sirene,
KLIMA,,,a contacter,,,,,,,,,,,,cvc,,COLOMBES,,92,,,,,,,,,,,,,,,,,,,,,,,,,,,,,,,430212431,43021243100042,43.22B,,,,,,,,,,,sirene,
KLYMEO,,,a contacter,,,,,,,,,,,,cvc,,PUISEUX-PONTOISE,,95,,,,,,,,,,,,,,,,,,,,,,,,,,,,,,,843118019,84311801900028,43.22B,,,,,,,,,,,sirene,
KMG ENERGIES,,,a contacter,,,,,,,,,,,,cvc,,ROSPORDEN,,29,,,,,,,,,,,,,,,,,,,,,,,,,,,,,,,842894503,84289450300023,43.22A,,,,,,,,,,,sirene,
KN INSTALLATIONS,,,a contacter,,,,,,,,,,,,cvc,,EVRY-COURCOURONNES,,91,,,,,,,,,,,,,,,,,,,,,,,,,,,,,,,805273406,80527340600027,43.22A,,,,,,,,,,,sirene,
KOLIBRY,,,a contacter,,,,,,,,,,,,cvc,,CORPS-NUDS,,35,,,,,,,,,,,,,,,,,,,,,,,,,,,,,,,877784025,87778402500034,43.22B,,,,,,,,,,,sirene,
KOMBLISOL,,,a contacter,,,,,,,,,,,,cvc,,SAINT QUENTIN,,02,,,,,,,,,,,,,,,,,,,,,,,,,,,,,,,798908802,79890880200035,43.29A,,,,,,,,,,,sirene,
KOOV BRETAGNE,,,a contacter,,,,,,,,,,,,cvc,,QUIMPER,,29,,,,,,,,,,,,,,,,,,,,,,,,,,,,,,,504049065,50404906500064,43.29A,,,,,,,,,,,sirene,
KOOV NORMANDIE,,,a contacter,,,,,,,,,,,,cvc,,BARENTIN,,76,,,,,,,,,,,,,,,,,,,,,,,,,,,,,,,501609085,50160908500052,43.29A,,,,,,,,,,,sirene,
KOOV PAYS DE LA LOIRE,,,a contacter,,,,,,,,,,,,cvc,,BOUGUENAIS,,44,,,,,,,,,,,,,,,,,,,,,,,,,,,,,,,489805523,48980552300037,43.29A,,,,,,,,,,,sirene,
KRESS MAINTENANCE,,,a contacter,,,,,,,,,,,,cvc,,ROSHEIM,,67,,,,,,,,,,,,,,,,,,,,,,,,,,,,,,,519358691,51935869100011,43.22B,,,,,,,,,,,sirene,
KRESS TECHNIQUES DES FLUIDES ET DES ENERGIES ET KRESS TFE,,,a contacter,,,,,,,,,,,,cvc,,ROSHEIM,,67,,,,,,,,,,,,,,,,,,,,,,,,,,,,,,,402081442,40208144200038,43.22B,,,,,,,,,,,sirene,
KS RENOV,,,a contacter,,,,,,,,,,,,cvc,,FREPILLON,,95,,,,,,,,,,,,,,,,,,,,,,,,,,,,,,,807572268,80757226800058,43.29A,,,,,,,,,,,sirene,
L B S HABITAT,,,a contacter,,,,,,,,,,,,cvc,,PONTIVY,,56,,,,,,,,,,,,,,,,,,,,,,,,,,,,,,,344294913,34429491300019,43.22B,,,,,,,,,,,sirene,
L EXPRESS PLOMBERIE,,,a contacter,,,,,,,,,,,,cvc,,PARIS,,75,,,,,,,,,,,,,,,,,,,,,,,,,,,,,,,883002768,88300276800025,43.22A,,,,,,,,,,,sirene,
L'ASSAINISSEMENT AUTONOME,,,a contacter,,,,,,,,,,,,cvc,,SECLIN,,59,,,,,,,,,,,,,,,,,,,,,,,,,,,,,,,435018247,43501824700013,43.22A,,,,,,,,,,,sirene,
L'ATELIER DE PLOMBERIE,,,a contacter,,,,,,,,,,,,cvc,,MARSEILLE,,13,,,,,,,,,,,,,,,,,,,,,,,,,,,,,,,881028906,88102890600017,43.22B,,,,,,,,,,,sirene,
L'ATRE BARBEZILIEN,,,a contacter,,,,,,,,,,,,cvc,,BARBEZIEUX-SAINT-HILAIRE,,16,,,,,,,,,,,,,,,,,,,,,,,,,,,,,,,523203214,52320321400029,43.22B,,,,,,,,,,,sirene,
L'AVENIR BATIMENT,,,a contacter,,,,,,,,,,,,cvc,,CHAPONOST,,69,,,,,,,,,,,,,,,,,,,,,,,,,,,,,,,754053767,75405376700036,43.29A,,,,,,,,,,,sirene,
L'YONNE ISOLATION,,,a contacter,,,,,,,,,,,,cvc,,SENS,,89,,,,,,,,,,,,,,,,,,,,,,,,,,,,,,,309955052,30995505200035,43.29A,,,,,,,,,,,sirene,
L.G.C.,,,a contacter,,,,,,,,,,,,cvc,,FONTENAY-SUR-EURE,,28,,,,,,,,,,,,,,,,,,,,,,,,,,,,,,,439344946,43934494600017,43.22B,,,,,,,,,,,sirene,
L.G.T.P.,,,a contacter,,,,,,,,,,,,cvc,,ENSISHEIM,,68,,,,,,,,,,,,,,,,,,,,,,,,,,,,,,,382357788,38235778800035,43.22A,,,,,,,,,,,sirene,
L.M.P. PLOMBERIE,,,a contacter,,,,,,,,,,,,cvc,,VANNES,,56,,,,,,,,,,,,,,,,,,,,,,,,,,,,,,,798409140,79840914000018,43.22A,,,,,,,,,,,sirene,
L.O.T.A.N.,,,a contacter,,,,,,,,,,,,cvc,,PLAISANCE-DU-TOUCH,,31,,,,,,,,,,,,,,,,,,,,,,,,,,,,,,,804270155,80427015500026,43.22A,,,,,,,,,,,sirene,
L.P.M LITTORAL PLOMBERIE MEDITERRANNEE,,,a contacter,,,,,,,,,,,,cvc,,TOULON,,83,,,,,,,,,,,,,,,,,,,,,,,,,,,,,,,448257477,44825747700019,43.22A,,,,,,,,,,,sirene,
L3A,,,a contacter,,,,,,,,,,,,cvc,,BEAUCHAMP,,95,,,,,,,,,,,,,,,,,,,,,,,,,,,,,,,429941867,42994186700021,43.22B,,,,,,,,,,,sirene,
LA BOUTIQUE DU FEU,,,a contacter,,,,,,,,,,,,cvc,,GUJAN-MESTRAS,,33,,,,,,,,,,,,,,,,,,,,,,,,,,,,,,,395315385,39531538500033,43.22B,,,,,,,,,,,sirene,
LA BRIGADE DES FLUIDES,,,a contacter,,,,,,,,,,,,cvc,,LE PLESSIS-TREVISE,,94,,,,,,,,,,,,,,,,,,,,,,,,,,,,,,,879256899,87925689900011,43.22A,,,,,,,,,,,sirene,
LA CENTRALE DES EAUX,,,a contacter,,,,,,,,,,,,cvc,,CHILLY-MAZARIN,,91,,,,,,,,,,,,,,,,,,,,,,,,,,,,,,,392644167,39264416700034,43.22A,,,,,,,,,,,sirene,
LA CENTRALE DES ECONOMIES D ENERGIES,,,a contacter,,,,,,,,,,,,cvc,,COLLEGIEN,,77,,,,,,,,,,,,,,,,,,,,,,,,,,,,,,,849052212,84905221200024,43.22B,,,,,,,,,,,sirene,
LA FORCE VERTE,,,a contacter,,,,,,,,,,,,cvc,,EMERAINVILLE,,77,,,,,,,,,,,,,,,,,,,,,,,,,,,,,,,889640389,88964038900025,43.29A,,,,,,,,,,,sirene,
LA FRANCAISE DE L'ECOLOGIE,,,a contacter,,,,,,,,,,,,cvc,,PARIS,,75,,,,,,,,,,,,,,,,,,,,,,,,,,,,,,,915179071,91517907100013,43.22B,,,,,,,,,,,sirene,
LA LOUISIANE,,,a contacter,,,,,,,,,,,,cvc,,PARIS,,75,,,,,,,,,,,,,,,,,,,,,,,,,,,,,,,326102613,32610261300022,43.22A,,,,,,,,,,,sirene,
LA MAISON DES ARTISANS FRANCAIS,,,a contacter,,,,,,,,,,,,cvc,,TAVERNY,,95,,,,,,,,,,,,,,,,,,,,,,,,,,,,,,,951579119,95157911900011,43.29A,,,,,,,,,,,sirene,
LA MAISON DU CHAUFFAGE,,,a contacter,,,,,,,,,,,,cvc,,CERNAY-LES-REIMS,,51,,,,,,,,,,,,,,,,,,,,,,,,,,,,,,,810620922,81062092200023,43.22B,,,,,,,,,,,sirene,
LA MAISON DU CHAUFFAGE,,,a contacter,,,,,,,,,,,,cvc,,DECHY,,59,,,,,,,,,,,,,,,,,,,,,,,,,,,,,,,338445729,33844572900035,43.22B,,,,,,,,,,,sirene,
LA MAISON DU SANITAIRE ET DU CHAUFFAGE,,,a contacter,,,,,,,,,,,,cvc,,NASSANDRES SUR RISLE,,27,,,,,,,,,,,,,,,,,,,,,,,,,,,,,,,444934913,44493491300013,43.22B,,,,,,,,,,,sirene,
LA PHOCEENNE DE CONSTRUCTION ET D ISOLATION,,,a contacter,,,,,,,,,,,,cvc,,MARSEILLE,,13,,,,,,,,,,,,,,,,,,,,,,,,,,,,,,,751915745,75191574500028,43.29A,,,,,,,,,,,sirene,
LA SOLEILLADE,,,a contacter,,,,,,,,,,,,cvc,,BAGUER-MORVAN,,35,,,,,,,,,,,,,,,,,,,,,,,,,,,,,,,797457116,79745711600029,43.22B,,,,,,,,,,,sirene,
LABAT,,,a contacter,,,,,,,,,,,,cvc,,MONTAUBAN,,82,,,,,,,,,,,,,,,,,,,,,,,,,,,,,,,490639937,49063993700039,43.22A,,,,,,,,,,,sirene,
LABEAUNE JMC,,,a contacter,,,,,,,,,,,,cvc,,SUNDHOFFEN,,68,,,,,,,,,,,,,,,,,,,,,,,,,,,,,,,489560235,48956023500017,43.22B,,,,,,,,,,,sirene,
LABEAUNE SERVICE,,,a contacter,,,,,,,,,,,,cvc,,SUNDHOFFEN,,68,,,,,,,,,,,,,,,,,,,,,,,,,,,,,,,504470998,50447099800015,43.22B,,,,,,,,,,,sirene,
LABEL 2 PLOMBERIE,,,a contacter,,,,,,,,,,,,cvc,,GENAS,,69,,,,,,,,,,,,,,,,,,,,,,,,,,,,,,,810034983,81003498300033,43.22A,,,,,,,,,,,sirene,
LABEL ENERGIE,,,a contacter,,,,,,,,,,,,cvc,,CROISSY-BEAUBOURG,,77,,,,,,,,,,,,,,,,,,,,,,,,,,,,,,,890462625,89046262500025,43.22B,,,,,,,,,,,sirene,
LABEL FRANCE TOITURES,,,a contacter,,,,,,,,,,,,cvc,,LA MEZIERE,,35,,,,,,,,,,,,,,,,,,,,,,,,,,,,,,,534618095,53461809500036,43.29A,,,,,,,,,,,sirene,
LACHARNAY ET FILS,,,a contacter,,,,,,,,,,,,cvc,,ROMANS-SUR-ISERE,,26,,,,,,,,,,,,,,,,,,,,,,,,,,,,,,,413508870,41350887000024,43.22A,,,,,,,,,,,sirene,
LACLERGERIE BRESSE CHAUFFAGE SANITAIRE ZINGUERIE,,,a contacter,,,,,,,,,,,,cvc,,LOUHANS,,71,,,,,,,,,,,,,,,,,,,,,,,,,,,,,,,379205917,37920591700014,43.22B,,,,,,,,,,,sirene,
LACOUTURIERE ET CIE,,,a contacter,,,,,,,,,,,,cvc,,LIMOGES,,87,,,,,,,,,,,,,,,,,,,,,,,,,,,,,,,392078077,39207807700063,43.22B,,,,,,,,,,,sirene,
LADROSSE KRUPA,,,a contacter,,,,,,,,,,,,cvc,,MOULINS-LES-METZ,,57,,,,,,,,,,,,,,,,,,,,,,,,,,,,,,,795061720,79506172000020,43.22B,,,,,,,,,,,sirene,
LAGREZE & LACROUX,,,a contacter,,,,,,,,,,,,cvc,,TERSSAC,,81,,,,,,,,,,,,,,,,,,,,,,,,,,,,,,,305868515,30586851500043,43.22B,,,,,,,,,,,sirene,
LAIGNEL,,,a contacter,,,,,,,,,,,,cvc,,HAISNES,,62,,,,,,,,,,,,,,,,,,,,,,,,,,,,,,,408901361,40890136100019,43.22A,,,,,,,,,,,sirene,
"LAMANDE TCCE TUYAUTERIE, CHAUFFAGE, CALORIFUGEAGE, ELECTRICITE",,,a contacter,,,,,,,,,,,,cvc,,LE LOROUX-BOTTEREAU,,44,,,,,,,,,,,,,,,,,,,,,,,,,,,,,,,497594861,49759486100054,43.22A,,,,,,,,,,,sirene,
LAMAZOUADE,,,a contacter,,,,,,,,,,,,cvc,,ORX,,40,,,,,,,,,,,,,,,,,,,,,,,,,,,,,,,451330492,45133049200039,43.22B,,,,,,,,,,,sirene,
LAMPIN,,,a contacter,,,,,,,,,,,,cvc,,HAUTE-AVESNES,,62,,,,,,,,,,,,,,,,,,,,,,,,,,,,,,,488990409,48899040900028,43.22A,,,,,,,,,,,sirene,
LANARO,,,a contacter,,,,,,,,,,,,cvc,,UGINE,,73,,,,,,,,,,,,,,,,,,,,,,,,,,,,,,,878397884,87839788400015,43.22A,,,,,,,,,,,sirene,
LANCELOT,,,a contacter,,,,,,,,,,,,cvc,,LE BREUIL-EN-AUGE,,14,,,,,,,,,,,,,,,,,,,,,,,,,,,,,,,534572359,53457235900030,43.22A,,,,,,,,,,,sirene,
LAND CONFORT,,,a contacter,,,,,,,,,,,,cvc,,HAGETMAU,,40,,,,,,,,,,,,,,,,,,,,,,,,,,,,,,,420031403,42003140300033,43.22A,,,,,,,,,,,sirene,
LANDEL'ENERGIES,,,a contacter,,,,,,,,,,,,cvc,,SAINT-HILAIRE-DU-HARCOUET,,50,,,,,,,,,,,,,,,,,,,,,,,,,,,,,,,752356345,75235634500021,43.22A,,,,,,,,,,,sirene,
LANDY CLIM FROID,,,a contacter,,,,,,,,,,,,cvc,,VELIZY-VILLACOUBLAY,,78,,,,,,,,,,,,,,,,,,,,,,,,,,,,,,,682022926,68202292600039,43.22B,,,,,,,,,,,sirene,
LANGLOIS SOBRETI,,,a contacter,,,,,,,,,,,,cvc,,RENNES,,35,,,,,,,,,,,,,,,,,,,,,,,,,,,,,,,749200051,74920005100151,43.29A,,,,,,,,,,,sirene,
LANGUEDOC ISOLATION,,,a contacter,,,,,,,,,,,,cvc,,BEZIERS,,34,,,,,,,,,,,,,,,,,,,,,,,,,,,,,,,326232824,32623282400036,43.29A,,,,,,,,,,,sirene,
LANSARD ENERGIE,,,a contacter,,,,,,,,,,,,cvc,,ARGONAY,,74,,,,,,,,,,,,,,,,,,,,,,,,,,,,,,,344001169,34400116900020,43.22B,,,,,,,,,,,sirene,
LARBI MOHAMADI,,,a contacter,,,,,,,,,,,,cvc,,CORBEIL-ESSONNES,,91,,,,,,,,,,,,,,,,,,,,,,,,,,,,,,,488621889,48862188900028,43.22B,,,,,,,,,,,sirene,
LARCHER PARTICULIERS,,,a contacter,,,,,,,,,,,,cvc,,CLARBEC,,14,,,,,,,,,,,,,,,,,,,,,,,,,,,,,,,883633109,88363310900037,43.22A,,,,,,,,,,,sirene,
LARCHER SERVICES,,,a contacter,,,,,,,,,,,,cvc,,CORMELLES-LE-ROYAL,,14,,,,,,,,,,,,,,,,,,,,,,,,,,,,,,,883575417,88357541700018,43.22B,,,,,,,,,,,sirene,
LARGIER TECHNOLOGIE,,,a contacter,,,,,,,,,,,,cvc,,VALS-LES-BAINS,,07,,,,,,,,,,,,,,,,,,,,,,,,,,,,,,,402200562,40220056200013,43.22B,,,,,,,,,,,sirene,
LAROUMET SAS,,,a contacter,,,,,,,,,,,,cvc,,LANGOGNE,,48,,,,,,,,,,,,,,,,,,,,,,,,,,,,,,,319902094,31990209400097,43.22B,,,,,,,,,,,sirene,
LASHERME,,,a contacter,,,,,,,,,,,,cvc,,LE PUY-EN-VELAY,,43,,,,,,,,,,,,,,,,,,,,,,,,,,,,,,,908956774,90895677400016,43.22B,,,,,,,,,,,sirene,
LASPC EXPANSION,,,a contacter,,,,,,,,,,,,cvc,,PARIS,,75,,,,,,,,,,,,,,,,,,,,,,,,,,,,,,,829127216,82912721600010,43.22A,,,,,,,,,,,sirene,
LASSO,,,a contacter,,,,,,,,,,,,cvc,,BASSE-HAM,,57,,,,,,,,,,,,,,,,,,,,,,,,,,,,,,,350974929,35097492900050,43.22A,,,,,,,,,,,sirene,
LASTELLA GENIE CLIMATIQUE,,,a contacter,,,,,,,,,,,,cvc,,MARSANNAY-LA-COTE,,21,,,,,,,,,,,,,,,,,,,,,,,,,,,,,,,503303877,50330387700032,43.22B,,,,,,,,,,,sirene,
LAUMONIER SARL,,,a contacter,,,,,,,,,,,,cvc,,PONTOISE,,95,,,,,,,,,,,,,,,,,,,,,,,,,,,,,,,797867991,79786799100011,43.22A,,,,,,,,,,,sirene,
LAUNAY SAV,,,a contacter,,,,,,,,,,,,cvc,,KERTZFELD,,67,,,,,,,,,,,,,,,,,,,,,,,,,,,,,,,750428161,75042816100020,43.22B,,,,,,,,,,,sirene,
LAURENT,,,a contacter,,,,,,,,,,,,cvc,,GIBERVILLE,,14,,,,,,,,,,,,,,,,,,,,,,,,,,,,,,,521035162,52103516200036,43.22B,,,,,,,,,,,sirene,
LAURENT GERARD,,,a contacter,,,,,,,,,,,,cvc,,PREAUX,,76,,,,,,,,,,,,,,,,,,,,,,,,,,,,,,,484252705,48425270500021,43.22A,,,,,,,,,,,sirene,
LAURENT GONIDEC,,,a contacter,,,,,,,,,,,,cvc,,DOUARNENEZ,,29,,,,,,,,,,,,,,,,,,,,,,,,,,,,,,,529112401,52911240100045,43.22A,,,,,,,,,,,sirene,
LAURENTIN INSTALLATIONS,,,a contacter,,,,,,,,,,,,cvc,,TARBES,,65,,,,,,,,,,,,,,,,,,,,,,,,,,,,,,,441088739,44108873900038,43.22B,,,,,,,,,,,sirene,
LAURENTIN-GAZ SERVICE,,,a contacter,,,,,,,,,,,,cvc,,JUILLAN,,65,,,,,,,,,,,,,,,,,,,,,,,,,,,,,,,329425276,32942527600030,43.22B,,,,,,,,,,,sirene,
LAUSSERAND,,,a contacter,,,,,,,,,,,,cvc,,LES SEPTVALLONS,,02,,,,,,,,,,,,,,,,,,,,,,,,,,,,,,,920175825,92017582500016,43.22B,,,,,,,,,,,sirene,
LAVABRE & LECAMME,,,a contacter,,,,,,,,,,,,cvc,,LES CLAYES-SOUS-BOIS,,78,,,,,,,,,,,,,,,,,,,,,,,,,,,,,,,419664891,41966489100019,43.22A,,,,,,,,,,,sirene,
LAVAUR,,,a contacter,,,,,,,,,,,,cvc,,EGAT,,66,,,,,,,,,,,,,,,,,,,,,,,,,,,,,,,439287475,43928747500040,43.22A,,,,,,,,,,,sirene,
LB HABITAT,,,a contacter,,,,,,,,,,,,cvc,,ROQUEBRUNE-SUR-ARGENS,,83,,,,,,,,,,,,,,,,,,,,,,,,,,,,,,,883094120,88309412000028,43.22A,,,,,,,,,,,sirene,
LC CLIM,,,a contacter,,,,,,,,,,,,cvc,,EMERAINVILLE,,77,,,,,,,,,,,,,,,,,,,,,,,,,,,,,,,394025118,39402511800032,43.22B,,,,,,,,,,,sirene,
LC THERMIC,,,a contacter,,,,,,,,,,,,cvc,,STAINS,,93,,,,,,,,,,,,,,,,,,,,,,,,,,,,,,,841259187,84125918700018,43.22B,,,,,,,,,,,sirene,
LCM,,,a contacter,,,,,,,,,,,,cvc,,MESNIL-RAOUL,,76,,,,,,,,,,,,,,,,,,,,,,,,,,,,,,,414592261,41459226100047,43.22A,,,,,,,,,,,sirene,
LCM ENERGIE,,,a contacter,,,,,,,,,,,,cvc,,PLOEREN,,56,,,,,,,,,,,,,,,,,,,,,,,,,,,,,,,752732636,75273263600028,43.22A,,,,,,,,,,,sirene,
LCS,,,a contacter,,,,,,,,,,,,cvc,,VAULX-EN-VELIN,,69,,,,,,,,,,,,,,,,,,,,,,,,,,,,,,,502966633,50296663300021,43.22B,,,,,,,,,,,sirene,
LE BIHAN CORNOUAILLE,,,a contacter,,,,,,,,,,,,cvc,,QUIMPER,,29,,,,,,,,,,,,,,,,,,,,,,,,,,,,,,,442842860,44284286000037,43.22B,,,,,,,,,,,sirene,
LE BRETON YVON,,,a contacter,,,,,,,,,,,,cvc,,BINIC-ETABLES-SUR-MER,,22,,,,,,,,,,,,,,,,,,,,,,,,,,,,,,,500425822,50042582200011,43.22A,,,,,,,,,,,sirene,
LE BRUN - TURGIS,,,a contacter,,,,,,,,,,,,cvc,,SAINT-ARNOULT,,14,,,,,,,,,,,,,,,,,,,,,,,,,,,,,,,494755929,49475592900051,43.22A,,,,,,,,,,,sirene,
LE BRUN JEREMY,,,a contacter,,,,,,,,,,,,cvc,,LILLEBONNE,,76,,,,,,,,,,,,,,,,,,,,,,,,,,,,,,,798938627,79893862700022,43.22A,,,,,,,,,,,sirene,
LE CONFORT EN MARCHE,,,a contacter,,,,,,,,,,,,cvc,,LA SOUTERRAINE,,23,,,,,,,,,,,,,,,,,,,,,,,,,,,,,,,433451879,43345187900012,43.22B,,,,,,,,,,,sirene,
LE GALL PLAFONDS,,,a contacter,,,,,,,,,,,,cvc,,BREST,,29,,,,,,,,,,,,,,,,,,,,,,,,,,,,,,,325517571,32551757100023,43.29A,,,,,,,,,,,sirene,
LE GRAND ASSOCIES,,,a contacter,,,,,,,,,,,,cvc,,RENNES,,35,,,,,,,,,,,,,,,,,,,,,,,,,,,,,,,798093175,79809317500015,43.22A,,,,,,,,,,,sirene,
LE GROS,,,a contacter,,,,,,,,,,,,cvc,,MELGVEN,,29,,,,,,,,,,,,,,,,,,,,,,,,,,,,,,,828368928,82836892800010,43.22A,,,,,,,,,,,sirene,
LE JEUNE,,,a contacter,,,,,,,,,,,,cvc,,PLOUEDERN,,29,,,,,,,,,,,,,,,,,,,,,,,,,,,,,,,478657901,47865790100037,43.22A,,,,,,,,,,,sirene,
LE JEUNE ENTREPRISE,,,a contacter,,,,,,,,,,,,cvc,,TALENCE,,33,,,,,,,,,,,,,,,,,,,,,,,,,,,,,,,344109707,34410970700036,43.22B,,,,,,,,,,,sirene,
LE PETIT CHAUFFAGISTE,,,a contacter,,,,,,,,,,,,cvc,,HARGARTEN-AUX-MINES,,57,,,,,,,,,,,,,,,,,,,,,,,,,,,,,,,442683249,44268324900027,43.22B,,,,,,,,,,,sirene,
LE PLOMBIER BORDELAIS,,,a contacter,,,,,,,,,,,,cvc,,YVRAC,,33,,,,,,,,,,,,,,,,,,,,,,,,,,,,,,,820873701,82087370100016,43.22A,,,,,,,,,,,sirene,
LE PLOMBIER DE LA VIENNE,,,a contacter,,,,,,,,,,,,cvc,,ANTRAN,,86,,,,,,,,,,,,,,,,,,,,,,,,,,,,,,,850184607,85018460700024,43.22A,,,,,,,,,,,sirene,
LE ROL GENIE CLIMATIQUE,,,a contacter,,,,,,,,,,,,cvc,,SAINT-NAZAIRE,,44,,,,,,,,,,,,,,,,,,,,,,,,,,,,,,,499179976,49917997600026,43.22A,,,,,,,,,,,sirene,
LE TALLEC - CHAUVEL,,,a contacter,,,,,,,,,,,,cvc,,PLESCOP,,56,,,,,,,,,,,,,,,,,,,,,,,,,,,,,,,799331764,79933176400024,43.22B,,,,,,,,,,,sirene,
LE THIEC,,,a contacter,,,,,,,,,,,,cvc,,LA BAULE-ESCOUBLAC,,44,,,,,,,,,,,,,,,,,,,,,,,,,,,,,,,392093894,39209389400021,43.22A,,,,,,,,,,,sirene,
LEADER ENVIRONNEMENT,,,a contacter,,,,,,,,,,,,cvc,,PARIS,,75,,,,,,,,,,,,,,,,,,,,,,,,,,,,,,,901097287,90109728700030,43.22B,,,,,,,,,,,sirene,
LEAXEL,,,a contacter,,,,,,,,,,,,cvc,,SAINT-MARTIN-DE-LA-LIEUE,,14,,,,,,,,,,,,,,,,,,,,,,,,,,,,,,,513611335,51361133500037,43.22B,,,,,,,,,,,sirene,
LEBEL ENERGIE,,,a contacter,,,,,,,,,,,,cvc,,MARŒUIL,,62,,,,,,,,,,,,,,,,,,,,,,,,,,,,,,,839011525,83901152500012,43.22B,,,,,,,,,,,sirene,
LEBRE,,,a contacter,,,,,,,,,,,,cvc,,VIGNEUX-DE-BRETAGNE,,44,,,,,,,,,,,,,,,,,,,,,,,,,,,,,,,330241787,33024178700010,43.29A,,,,,,,,,,,sirene,
LECLERC JEAN-JACQUES ET CHERY GERARD,,,a contacter,,,,,,,,,,,,cvc,,ROUBAIX,,59,,,,,,,,,,,,,,,,,,,,,,,,,,,,,,,319203238,31920323800039,43.22B,,,,,,,,,,,sirene,
LECOCQ,,,a contacter,,,,,,,,,,,,cvc,,SAINTE-MAXIME,,83,,,,,,,,,,,,,,,,,,,,,,,,,,,,,,,529358269,52935826900031,43.22A,,,,,,,,,,,sirene,
LECOQ,,,a contacter,,,,,,,,,,,,cvc,,EYSINES,,33,,,,,,,,,,,,,,,,,,,,,,,,,,,,,,,472200294,47220029400024,43.22B,,,,,,,,,,,sirene,
LEDELEC-PV,,,a contacter,,,,,,,,,,,,cvc,,CASTELNAUDARY,,11,,,,,,,,,,,,,,,,,,,,,,,,,,,,,,,533116752,53311675200072,43.22B,,,,,,,,,,,sirene,
LEFEBVRE ET GENTILHOMME,,,a contacter,,,,,,,,,,,,cvc,,CROIX,,59,,,,,,,,,,,,,,,,,,,,,,,,,,,,,,,476780655,47678065500033,43.22B,,,,,,,,,,,sirene,
LEFEVE,,,a contacter,,,,,,,,,,,,cvc,,SAINT-PATERNE-RACAN,,37,,,,,,,,,,,,,,,,,,,,,,,,,,,,,,,348268475,34826847500046,43.29A,,,,,,,,,,,sirene,
LEGRAND GERARD DEPANNAGE GAZ,,,a contacter,,,,,,,,,,,,cvc,,PINEUILH,,33,,,,,,,,,,,,,,,,,,,,,,,,,,,,,,,444470280,44447028000025,43.22B,,,,,,,,,,,sirene,
LEM'BAT,,,a contacter,,,,,,,,,,,,cvc,,ARGENTEUIL,,95,,,,,,,,,,,,,,,,,,,,,,,,,,,,,,,840759948,84075994800010,43.22A,,,,,,,,,,,sirene,
LEMAIRE SAS,,,a contacter,,,,,,,,,,,,cvc,,TULLE,,19,,,,,,,,,,,,,,,,,,,,,,,,,,,,,,,825880305,82588030500024,43.22B,,,,,,,,,,,sirene,
LEMOINE AGYM,,,a contacter,,,,,,,,,,,,cvc,,SAINT-CAST-LE-GUILDO,,22,,,,,,,,,,,,,,,,,,,,,,,,,,,,,,,910804608,91080460800016,43.22A,,,,,,,,,,,sirene,
LEMONNIER BATIMENT,,,a contacter,,,,,,,,,,,,cvc,,GAVRAY-SUR-SIENNE,,50,,,,,,,,,,,,,,,,,,,,,,,,,,,,,,,821774536,82177453600030,43.22A,,,,,,,,,,,sirene,
LENGI,,,a contacter,,,,,,,,,,,,cvc,,SOIGNOLLES-EN-BRIE,,77,,,,,,,,,,,,,,,,,,,,,,,,,,,,,,,814496402,81449640200029,43.22B,,,,,,,,,,,sirene,
LEPRETRE ENERGIES,,,a contacter,,,,,,,,,,,,cvc,,DAINVILLE,,62,,,,,,,,,,,,,,,,,,,,,,,,,,,,,,,443027222,44302722200076,43.22B,,,,,,,,,,,sirene,
LES BONS ARTISANS,,,a contacter,,,,,,,,,,,,cvc,,CLICHY,,92,,,,,,,,,,,,,,,,,,,,,,,,,,,,,,,753805035,75380503500114,43.22A,,,,,,,,,,,sirene,
LES COMPAGNONS D'ERIC,,,a contacter,,,,,,,,,,,,cvc,,SAINT-MESMES,,77,,,,,,,,,,,,,,,,,,,,,,,,,,,,,,,329607816,32960781600025,43.22B,,,,,,,,,,,sirene,
LES COMPAGNONS DU BATIMENT,,,a contacter,,,,,,,,,,,,cvc,,SAINT-QUENTIN,,02,,,,,,,,,,,,,,,,,,,,,,,,,,,,,,,880757505,88075750500016,43.22B,,,,,,,,,,,sirene,
LES EXPERTS,,,a contacter,,,,,,,,,,,,cvc,,STAINS,,93,,,,,,,,,,,,,,,,,,,,,,,,,,,,,,,899939615,89993961500014,43.22B,,,,,,,,,,,sirene,
LES FLAMMES FRANCAISES,,,a contacter,,,,,,,,,,,,cvc,,GONCELIN,,38,,,,,,,,,,,,,,,,,,,,,,,,,,,,,,,508606647,50860664700016,43.22B,,,,,,,,,,,sirene,
LES PLAQUISTES DU NORD,,,a contacter,,,,,,,,,,,,cvc,,LA MADELEINE,,59,,,,,,,,,,,,,,,,,,,,,,,,,,,,,,,797731437,79773143700019,43.29A,,,,,,,,,,,sirene,
LES PLOMBIERS DU VERCORS,,,a contacter,,,,,,,,,,,,cvc,,BOURG-DE-PEAGE,,26,,,,,,,,,,,,,,,,,,,,,,,,,,,,,,,380504928,38050492800025,43.22B,,,,,,,,,,,sirene,
LES RENOVATEURS PARISIENS,,,a contacter,,,,,,,,,,,,cvc,,PARIS,,75,,,,,,,,,,,,,,,,,,,,,,,,,,,,,,,840761357,84076135700010,43.22B,,,,,,,,,,,sirene,
LESNE SERVICE,,,a contacter,,,,,,,,,,,,cvc,,LA MEZIERE,,35,,,,,,,,,,,,,,,,,,,,,,,,,,,,,,,421480807,42148080700021,43.22A,,,,,,,,,,,sirene,
LESPINASSE ENERGIES,,,a contacter,,,,,,,,,,,,cvc,,BELMONT-DE-LA-LOIRE,,42,,,,,,,,,,,,,,,,,,,,,,,,,,,,,,,953720000,95372000000017,43.22A,,,,,,,,,,,sirene,
LET LAFFORGUE,,,a contacter,,,,,,,,,,,,cvc,,L'ISLE-JOURDAIN,,32,,,,,,,,,,,,,,,,,,,,,,,,,,,,,,,301464780,30146478000040,43.22B,,,,,,,,,,,sirene,
LET LOUISE,,,a contacter,,,,,,,,,,,,cvc,,AUCH,,32,,,,,,,,,,,,,,,,,,,,,,,,,,,,,,,411152200,41115220000043,43.22B,,,,,,,,,,,sirene,
LEVEQUE FLUIDES,,,a contacter,,,,,,,,,,,,cvc,,LILLE,,59,,,,,,,,,,,,,,,,,,,,,,,,,,,,,,,328999354,32899935400025,43.22A,,,,,,,,,,,sirene,
LEVILLAIN CHAUFFAGE SANITAIRE,,,a contacter,,,,,,,,,,,,cvc,,CARPIQUET,,14,,,,,,,,,,,,,,,,,,,,,,,,,,,,,,,314271982,31427198200030,43.22B,,,,,,,,,,,sirene,
LF DEPANNAGE,,,a contacter,,,,,,,,,,,,cvc,,BLERE,,37,,,,,,,,,,,,,,,,,,,,,,,,,,,,,,,878497361,87849736100021,43.22A,,,,,,,,,,,sirene,
LF GROUPE,,,a contacter,,,,,,,,,,,,cvc,,LOCHES,,37,,,,,,,,,,,,,,,,,,,,,,,,,,,,,,,853764579,85376457900043,43.22B,,,,,,,,,,,sirene,
LGC HABITAT,,,a contacter,,,,,,,,,,,,cvc,,MARSANNAY-LA-COTE,,21,,,,,,,,,,,,,,,,,,,,,,,,,,,,,,,750734360,75073436000027,43.22B,,,,,,,,,,,sirene,
LH DEPANNAGE,,,a contacter,,,,,,,,,,,,cvc,,LE MANS,,72,,,,,,,,,,,,,,,,,,,,,,,,,,,,,,,822223780,82222378000039,43.22B,,,,,,,,,,,sirene,
LHERITIER HABITAT,,,a contacter,,,,,,,,,,,,cvc,,COMMERCY,,55,,,,,,,,,,,,,,,,,,,,,,,,,,,,,,,424215283,42421528300047,43.22B,,,,,,,,,,,sirene,
LHERITIER MAINTENANCE,,,a contacter,,,,,,,,,,,,cvc,,COMMERCY,,55,,,,,,,,,,,,,,,,,,,,,,,,,,,,,,,814912192,81491219200030,43.22B,,,,,,,,,,,sirene,
LHERITIER NANCY-METZ,,,a contacter,,,,,,,,,,,,cvc,,COMMERCY,,55,,,,,,,,,,,,,,,,,,,,,,,,,,,,,,,910257450,91025745000015,43.22B,,,,,,,,,,,sirene,
LHERITIER TERTIAIRE,,,a contacter,,,,,,,,,,,,cvc,,COMMERCY,,55,,,,,,,,,,,,,,,,,,,,,,,,,,,,,,,412973497,41297349700032,43.22B,,,,,,,,,,,sirene,
LIBAULT,,,a contacter,,,,,,,,,,,,cvc,,NEVERS,,58,,,,,,,,,,,,,,,,,,,,,,,,,,,,,,,711880229,71188022900028,43.22A,,,,,,,,,,,sirene,
LIK PLOMBERIE,,,a contacter,,,,,,,,,,,,cvc,,TRIEL-SUR-SEINE,,78,,,,,,,,,,,,,,,,,,,,,,,,,,,,,,,808893200,80889320000010,43.22A,,,,,,,,,,,sirene,
LILLECO FRANCE,,,a contacter,,,,,,,,,,,,cvc,,VILLENEUVE-D'ASCQ,,59,,,,,,,,,,,,,,,,,,,,,,,,,,,,,,,828773127,82877312700034,43.22B,,,,,,,,,,,sirene,
LION RENOVATION,,,a contacter,,,,,,,,,,,,cvc,,DIJON,,21,,,,,,,,,,,,,,,,,,,,,,,,,,,,,,,330548470,33054847000013,43.22A,,,,,,,,,,,sirene,
LITTORAL CLIMAT,,,a contacter,,,,,,,,,,,,cvc,,PERPIGNAN,,66,,,,,,,,,,,,,,,,,,,,,,,,,,,,,,,490727831,49072783100037,43.22B,,,,,,,,,,,sirene,
LITTORAL ENERGIES,,,a contacter,,,,,,,,,,,,cvc,,SAMER,,62,,,,,,,,,,,,,,,,,,,,,,,,,,,,,,,514514090,51451409000018,43.22A,,,,,,,,,,,sirene,
LITTORAL THERMIQUE SERVICES,,,a contacter,,,,,,,,,,,,cvc,,SPYCKER,,59,,,,,,,,,,,,,,,,,,,,,,,,,,,,,,,834574097,83457409700012,43.22B,,,,,,,,,,,sirene,
LJS,,,a contacter,,,,,,,,,,,,cvc,,GRAMAT,,46,,,,,,,,,,,,,,,,,,,,,,,,,,,,,,,429817299,42981729900028,43.22B,,,,,,,,,,,sirene,
LKD MULTISERVICES,,,a contacter,,,,,,,,,,,,cvc,,COMBS-LA-VILLE,,77,,,,,,,,,,,,,,,,,,,,,,,,,,,,,,,830967576,83096757600026,43.29A,,,,,,,,,,,sirene,
LM ENERGIES,,,a contacter,,,,,,,,,,,,cvc,,BEYNOST,,01,,,,,,,,,,,,,,,,,,,,,,,,,,,,,,,794689042,79468904200024,43.22B,,,,,,,,,,,sirene,
LME,,,a contacter,,,,,,,,,,,,cvc,,CHARENTON-LE-PONT,,94,,,,,,,,,,,,,,,,,,,,,,,,,,,,,,,788979383,78897938300064,43.22B,,,,,,,,,,,sirene,
LMVI,,,a contacter,,,,,,,,,,,,cvc,,MEREVILLE,,54,,,,,,,,,,,,,,,,,,,,,,,,,,,,,,,403004054,40300405400017,43.22B,,,,,,,,,,,sirene,
LOCATELLI HABITAT,,,a contacter,,,,,,,,,,,,cvc,,FROTEY-LES-VESOUL,,70,,,,,,,,,,,,,,,,,,,,,,,,,,,,,,,323624296,32362429600048,43.29A,,,,,,,,,,,sirene,
LOG BAT,,,a contacter,,,,,,,,,,,,cvc,,SCEAUX,,92,,,,,,,,,,,,,,,,,,,,,,,,,,,,,,,439774779,43977477900052,43.29A,,,,,,,,,,,sirene,
LOGIC ENERGY,,,a contacter,,,,,,,,,,,,cvc,,SAINT-BONNET-PRES-RIOM,,63,,,,,,,,,,,,,,,,,,,,,,,,,,,,,,,852266634,85226663400033,43.29A,,,,,,,,,,,sirene,
LOGICLIM,,,a contacter,,,,,,,,,,,,cvc,,FLEURY-MEROGIS,,91,,,,,,,,,,,,,,,,,,,,,,,,,,,,,,,424738524,42473852400042,43.22B,,,,,,,,,,,sirene,
LOGIS VERT,,,a contacter,,,,,,,,,,,,cvc,,CAUVICOURT,,14,,,,,,,,,,,,,,,,,,,,,,,,,,,,,,,534169644,53416964400059,43.22B,,,,,,,,,,,sirene,
LOGIS-FRANCE RENOVATION,,,a contacter,,,,,,,,,,,,cvc,,FREPILLON,,95,,,,,,,,,,,,,,,,,,,,,,,,,,,,,,,894228196,89422819600032,43.29A,,,,,,,,,,,sirene,
LOGODIN,,,a contacter,,,,,,,,,,,,cvc,,ORVAULT,,44,,,,,,,,,,,,,,,,,,,,,,,,,,,,,,,882663438,88266343800019,43.22A,,,,,,,,,,,sirene,
LOGSTOR FRANCE,,,a contacter,,,,,,,,,,,,cvc,,LYON,,69,,,,,,,,,,,,,,,,,,,,,,,,,,,,,,,483072377,48307237700078,43.22B,,,,,,,,,,,sirene,
LOISON GERARD'S,,,a contacter,,,,,,,,,,,,cvc,,AMBERIEUX-EN-DOMBES,,01,,,,,,,,,,,,,,,,,,,,,,,,,,,,,,,488899881,48889988100012,43.22A,,,,,,,,,,,sirene,
LONAPRO,,,a contacter,,,,,,,,,,,,cvc,,HOUPLINES,,59,,,,,,,,,,,,,,,,,,,,,,,,,,,,,,,849899786,84989978600016,43.22B,,,,,,,,,,,sirene,
LONG CHAUFFAGE,,,a contacter,,,,,,,,,,,,cvc,,SAINT-MAUR-DES-FOSSES,,94,,,,,,,,,,,,,,,,,,,,,,,,,,,,,,,403620388,40362038800021,43.22B,,,,,,,,,,,sirene,
LONGEAU SAMSON,,,a contacter,,,,,,,,,,,,cvc,,BRIOUX-SUR-BOUTONNE,,79,,,,,,,,,,,,,,,,,,,,,,,,,,,,,,,489181537,48918153700031,43.22A,,,,,,,,,,,sirene,
LONGEPE PERE ET FILS,,,a contacter,,,,,,,,,,,,cvc,,SELLES-SAINT-DENIS,,41,,,,,,,,,,,,,,,,,,,,,,,,,,,,,,,530007830,53000783000017,43.22A,,,,,,,,,,,sirene,
LOOK FACADE,,,a contacter,,,,,,,,,,,,cvc,,NŒUX-LES-MINES,,62,,,,,,,,,,,,,,,,,,,,,,,,,,,,,,,890383052,89038305200010,43.29A,,,,,,,,,,,sirene,
LOON PISCINES CHAUFFAGE CLIM,,,a contacter,,,,,,,,,,,,cvc,,PIREY,,25,,,,,,,,,,,,,,,,,,,,,,,,,,,,,,,429536139,42953613900018,43.22B,,,,,,,,,,,sirene,
LOPEZ PLOMBERIE ELECTRICITE,,,a contacter,,,,,,,,,,,,cvc,,LE PEAGE-DE-ROUSSILLON,,38,,,,,,,,,,,,,,,,,,,,,,,,,,,,,,,515190031,51519003100010,43.22A,,,,,,,,,,,sirene,
LOR ARTISOL,,,a contacter,,,,,,,,,,,,cvc,,CHELLES,,77,,,,,,,,,,,,,,,,,,,,,,,,,,,,,,,492012935,49201293500028,43.29A,,,,,,,,,,,sirene,
LORRAINE DEPANNAGE,,,a contacter,,,,,,,,,,,,cvc,,THIERVILLE-SUR-MEUSE,,55,,,,,,,,,,,,,,,,,,,,,,,,,,,,,,,820650802,82065080200011,43.22A,,,,,,,,,,,sirene,
LORRAINE ENERGIE,,,a contacter,,,,,,,,,,,,cvc,,THIERVILLE-SUR-MEUSE,,55,,,,,,,,,,,,,,,,,,,,,,,,,,,,,,,349925529,34992552900027,43.22B,,,,,,,,,,,sirene,
LORRAINE ENERGIE NANCY,,,a contacter,,,,,,,,,,,,cvc,,MAXEVILLE,,54,,,,,,,,,,,,,,,,,,,,,,,,,,,,,,,818727307,81872730700022,43.22A,,,,,,,,,,,sirene,
LORRAINE ENR,,,a contacter,,,,,,,,,,,,cvc,,METZ,,57,,,,,,,,,,,,,,,,,,,,,,,,,,,,,,,843406323,84340632300017,43.22B,,,,,,,,,,,sirene,
LORRY,,,a contacter,,,,,,,,,,,,cvc,,MARLY,,57,,,,,,,,,,,,,,,,,,,,,,,,,,,,,,,388150930,38815093000021,43.22B,,,,,,,,,,,sirene,
LORRY-DEP,,,a contacter,,,,,,,,,,,,cvc,,MARLY,,57,,,,,,,,,,,,,,,,,,,,,,,,,,,,,,,494141195,49414119500029,43.22B,,,,,,,,,,,sirene,
LOUVEL CHAUFFAGE,,,a contacter,,,,,,,,,,,,cvc,,ECQUEVILLY,,78,,,,,,,,,,,,,,,,,,,,,,,,,,,,,,,629803362,62980336200066,43.22B,,,,,,,,,,,sirene,
LPC,,,a contacter,,,,,,,,,,,,cvc,,SAINT-OUEN-SUR-SEINE,,93,,,,,,,,,,,,,,,,,,,,,,,,,,,,,,,881261473,88126147300014,43.22A,,,,,,,,,,,sirene,
LPL HABITAT,,,a contacter,,,,,,,,,,,,cvc,,THIANT,,59,,,,,,,,,,,,,,,,,,,,,,,,,,,,,,,445407786,44540778600034,43.22B,,,,,,,,,,,sirene,
LPS THERMIE,,,a contacter,,,,,,,,,,,,cvc,,CORAY,,29,,,,,,,,,,,,,,,,,,,,,,,,,,,,,,,489916726,48991672600032,43.22B,,,,,,,,,,,sirene,
LR CHAUFFAGE,,,a contacter,,,,,,,,,,,,cvc,,NOGENT SUR SEINE,,10,,,,,,,,,,,,,,,,,,,,,,,,,,,,,,,524115466,52411546600020,43.22A,,,,,,,,,,,sirene,
LR ENERGIES,,,a contacter,,,,,,,,,,,,cvc,,AGON-COUTAINVILLE,,50,,,,,,,,,,,,,,,,,,,,,,,,,,,,,,,440995603,44099560300030,43.22A,,,,,,,,,,,sirene,
LS CHAUFFAGE PLOMBERIE,,,a contacter,,,,,,,,,,,,cvc,,SAINTE-GENEVIEVE-DES-BOIS,,91,,,,,,,,,,,,,,,,,,,,,,,,,,,,,,,410157788,41015778800028,43.22A,,,,,,,,,,,sirene,
LSG,,,a contacter,,,,,,,,,,,,cvc,,SALLES-SUR-MER,,17,,,,,,,,,,,,,,,,,,,,,,,,,,,,,,,890871254,89087125400037,43.29A,,,,,,,,,,,sirene,
LTA SERVICES,,,a contacter,,,,,,,,,,,,cvc,,EPINAY-SOUS-SENART,,91,,,,,,,,,,,,,,,,,,,,,,,,,,,,,,,829066968,82906696800027,43.22A,,,,,,,,,,,sirene,
LTDF - LES TECHNICIENS DES FLUIDES,,,a contacter,,,,,,,,,,,,cvc,,SAINT-MAUR-DES-FOSSES,,94,,,,,,,,,,,,,,,,,,,,,,,,,,,,,,,722040078,72204007800023,43.22B,,,,,,,,,,,sirene,
LTIS PLOMBERIE,,,a contacter,,,,,,,,,,,,cvc,,GRENAY,,62,,,,,,,,,,,,,,,,,,,,,,,,,,,,,,,838823318,83882331800020,43.22A,,,,,,,,,,,sirene,
LTM GAUDEMER,,,a contacter,,,,,,,,,,,,cvc,,MULSANNE,,72,,,,,,,,,,,,,,,,,,,,,,,,,,,,,,,519149744,51914974400020,43.22A,,,,,,,,,,,sirene,
LTM GROUPE OPERATIONS,,,a contacter,,,,,,,,,,,,cvc,,MONTHOLON,,89,,,,,,,,,,,,,,,,,,,,,,,,,,,,,,,319851622,31985162200021,43.22B,,,,,,,,,,,sirene,
LUBIN ENERGY,,,a contacter,,,,,,,,,,,,cvc,,SAINT-JEAN-DE-LA-RUELLE,,45,,,,,,,,,,,,,,,,,,,,,,,,,,,,,,,537798696,53779869600028,43.22B,,,,,,,,,,,sirene,
LUBIN MAINTENANCE,,,a contacter,,,,,,,,,,,,cvc,,SAINT-JEAN-DE-LA-RUELLE,,45,,,,,,,,,,,,,,,,,,,,,,,,,,,,,,,505054163,50505416300017,43.22B,,,,,,,,,,,sirene,
LUCAS JULIEN,,,a contacter,,,,,,,,,,,,cvc,,GRACE-UZEL,,22,,,,,,,,,,,,,,,,,,,,,,,,,,,,,,,834794323,83479432300016,43.22B,,,,,,,,,,,sirene,
LUCAS REHA,,,a contacter,,,,,,,,,,,,cvc,,LAVAL,,53,,,,,,,,,,,,,,,,,,,,,,,,,,,,,,,389327933,38932793300021,43.29A,,,,,,,,,,,sirene,
LUCATHERMY,,,a contacter,,,,,,,,,,,,cvc,,HAUTE-GOULAINE,,44,,,,,,,,,,,,,,,,,,,,,,,,,,,,,,,428793558,42879355800035,43.22B,,,,,,,,,,,sirene,
LUDEL,,,a contacter,,,,,,,,,,,,cvc,,BOURG-LES-VALENCE,,26,,,,,,,,,,,,,,,,,,,,,,,,,,,,,,,828397760,82839776000012,43.29A,,,,,,,,,,,sirene,
LUDOVIC CABIN PLOMBERIE - L.C.P,,,a contacter,,,,,,,,,,,,cvc,,LE PETIT-QUEVILLY,,76,,,,,,,,,,,,,,,,,,,,,,,,,,,,,,,842205346,84220534600039,43.22A,,,,,,,,,,,sirene,
LUMIFEU,,,a contacter,,,,,,,,,,,,cvc,,CONFLANS-SAINTE-HONORINE,,78,,,,,,,,,,,,,,,,,,,,,,,,,,,,,,,811610443,81161044300038,43.22B,,,,,,,,,,,sirene,
LVI,,,a contacter,,,,,,,,,,,,cvc,,THELUS,,62,,,,,,,,,,,,,,,,,,,,,,,,,,,,,,,534027156,53402715600015,43.22B,,,,,,,,,,,sirene,
M C F  INSTAL,,,a contacter,,,,,,,,,,,,cvc,,ROSNY-SOUS-BOIS,,93,,,,,,,,,,,,,,,,,,,,,,,,,,,,,,,514913367,51491336700033,43.22B,,,,,,,,,,,sirene,
M E S MAINTENANCE ENERGIE SERVICES,,,a contacter,,,,,,,,,,,,cvc,,BRIGNAIS,,69,,,,,,,,,,,,,,,,,,,,,,,,,,,,,,,539894535,53989453500019,43.22B,,,,,,,,,,,sirene,
M ENERGIES SERVICE,,,a contacter,,,,,,,,,,,,cvc,,LUDRES,,54,,,,,,,,,,,,,,,,,,,,,,,,,,,,,,,480731769,48073176900083,43.22B,,,,,,,,,,,sirene,
M J P BARDAGE,,,a contacter,,,,,,,,,,,,cvc,,CORBAS,,69,,,,,,,,,,,,,,,,,,,,,,,,,,,,,,,483878716,48387871600057,43.29A,,,,,,,,,,,sirene,
M P C,,,a contacter,,,,,,,,,,,,cvc,,SAINT-GENIS-LAVAL,,69,,,,,,,,,,,,,,,,,,,,,,,,,,,,,,,411133473,41113347300040,43.22A,,,,,,,,,,,sirene,
M REFRIGERATION,,,a contacter,,,,,,,,,,,,cvc,,LUDRES,,54,,,,,,,,,,,,,,,,,,,,,,,,,,,,,,,977904879,97790487900011,43.22B,,,,,,,,,,,sirene,
M V I,,,a contacter,,,,,,,,,,,,cvc,,AMBERIEU-EN-BUGEY,,01,,,,,,,,,,,,,,,,,,,,,,,,,,,,,,,431272962,43127296200025,43.22B,,,,,,,,,,,sirene,
M&A PLAFONDS,,,a contacter,,,,,,,,,,,,cvc,,REIMS,,51,,,,,,,,,,,,,,,,,,,,,,,,,,,,,,,801307786,80130778600021,43.29A,,,,,,,,,,,sirene,
M&M ENERGIES,,,a contacter,,,,,,,,,,,,cvc,,SAINT-OUEN-L'AUMONE,,95,,,,,,,,,,,,,,,,,,,,,,,,,,,,,,,879393528,87939352800028,43.22A,,,,,,,,,,,sirene,
M&N ENERGY,,,a contacter,,,,,,,,,,,,cvc,,ALFORTVILLE,,94,,,,,,,,,,,,,,,,,,,,,,,,,,,,,,,838909877,83890987700014,43.22B,,,,,,,,,,,sirene,
M'Y HOUSE,,,a contacter,,,,,,,,,,,,cvc,,BUROS,,64,,,,,,,,,,,,,,,,,,,,,,,,,,,,,,,891556003,89155600300046,43.22B,,,,,,,,,,,sirene,
M.B.PLOMBERIE,,,a contacter,,,,,,,,,,,,cvc,,L'ISLE-ADAM,,95,,,,,,,,,,,,,,,,,,,,,,,,,,,,,,,498380518,49838051800064,43.22A,,,,,,,,,,,sirene,
M.C CALORIFUGE,,,a contacter,,,,,,,,,,,,cvc,,PARIS,,75,,,,,,,,,,,,,,,,,,,,,,,,,,,,,,,801376260,80137626000056,43.29A,,,,,,,,,,,sirene,
M.C.F. - MONTAGE CHAMBRES FRIGORIFIQUES,,,a contacter,,,,,,,,,,,,cvc,,JANZE,,35,,,,,,,,,,,,,,,,,,,,,,,,,,,,,,,438792137,43879213700020,43.29A,,,,,,,,,,,sirene,
M.C.I.M,,,a contacter,,,,,,,,,,,,cvc,,DRANCY,,93,,,,,,,,,,,,,,,,,,,,,,,,,,,,,,,534964416,53496441600018,43.22A,,,,,,,,,,,sirene,
M.E.N.,,,a contacter,,,,,,,,,,,,cvc,,POUILLY-SOUS-CHARLIEU,,42,,,,,,,,,,,,,,,,,,,,,,,,,,,,,,,495164220,49516422000040,43.22B,,,,,,,,,,,sirene,
M.ENERGIES EXPLOITATION,,,a contacter,,,,,,,,,,,,cvc,,LUDRES,,54,,,,,,,,,,,,,,,,,,,,,,,,,,,,,,,350749289,35074928900012,43.22B,,,,,,,,,,,sirene,
M.P.C.C,,,a contacter,,,,,,,,,,,,cvc,,LA ROCHE-DE-GLUN,,26,,,,,,,,,,,,,,,,,,,,,,,,,,,,,,,814485405,81448540500041,43.22A,,,,,,,,,,,sirene,
M.R ITE CONCEPT,,,a contacter,,,,,,,,,,,,cvc,,SAINT-GERMAIN-DU-PUCH,,33,,,,,,,,,,,,,,,,,,,,,,,,,,,,,,,812906535,81290653500032,43.29A,,,,,,,,,,,sirene,
M.V.18,,,a contacter,,,,,,,,,,,,cvc,,SAINT-MARTIN-D'AUXIGNY,,18,,,,,,,,,,,,,,,,,,,,,,,,,,,,,,,414028936,41402893600022,43.29A,,,,,,,,,,,sirene,
MA.VI.INSTALLAZIONI S R L,,,a contacter,,,,,,,,,,,,cvc,,,,,,,,,,,,,,,,,,,,,,,,,,,,,,,,,,,821261120,82126112000017,43.22B,,,,,,,,,,,sirene,
MAC SERVICES,,,a contacter,,,,,,,,,,,,cvc,,SARTROUVILLE,,78,,,,,,,,,,,,,,,,,,,,,,,,,,,,,,,888260510,88826051000019,43.29A,,,,,,,,,,,sirene,
MACHADO FILS TERTIAIRE,,,a contacter,,,,,,,,,,,,cvc,,CEBAZAT,,63,,,,,,,,,,,,,,,,,,,,,,,,,,,,,,,877603571,87760357100010,43.22A,,,,,,,,,,,sirene,
MACIEJOWSKI SERVICES SARL,,,a contacter,,,,,,,,,,,,cvc,,LIMOGES,,87,,,,,,,,,,,,,,,,,,,,,,,,,,,,,,,409138732,40913873200022,43.22B,,,,,,,,,,,sirene,
MACLEM VAR,,,a contacter,,,,,,,,,,,,cvc,,SALON-DE-PROVENCE,,13,,,,,,,,,,,,,,,,,,,,,,,,,,,,,,,849034145,84903414500037,43.22B,,,,,,,,,,,sirene,
MADISOLATION,,,a contacter,,,,,,,,,,,,cvc,,REIMS,,51,,,,,,,,,,,,,,,,,,,,,,,,,,,,,,,438180820,43818082000096,43.29A,,,,,,,,,,,sirene,
MAGNANI COUVERTURE ZINGUERIE,,,a contacter,,,,,,,,,,,,cvc,,CARLING,,57,,,,,,,,,,,,,,,,,,,,,,,,,,,,,,,330939810,33093981000017,43.22A,,,,,,,,,,,sirene,
MAGNE ET PALMER,,,a contacter,,,,,,,,,,,,cvc,,TOULOUSE,,31,,,,,,,,,,,,,,,,,,,,,,,,,,,,,,,499039964,49903996400030,43.22A,,,,,,,,,,,sirene,
MAGRIT,,,a contacter,,,,,,,,,,,,cvc,,USSEL,,19,,,,,,,,,,,,,,,,,,,,,,,,,,,,,,,329844047,32984404700053,43.22A,,,,,,,,,,,sirene,
MAHEY,,,a contacter,,,,,,,,,,,,cvc,,SAINT-MALO,,35,,,,,,,,,,,,,,,,,,,,,,,,,,,,,,,895780070,89578007000028,43.22A,,,,,,,,,,,sirene,
MAIGRET,,,a contacter,,,,,,,,,,,,cvc,,ETRELLES,,35,,,,,,,,,,,,,,,,,,,,,,,,,,,,,,,502462278,50246227800016,43.22A,,,,,,,,,,,sirene,
MAINDRON,,,a contacter,,,,,,,,,,,,cvc,,LE POIRE-SUR-VIE,,85,,,,,,,,,,,,,,,,,,,,,,,,,,,,,,,438400301,43840030100026,43.22A,,,,,,,,,,,sirene,
MAINTENANCE CAIZERGUES,,,a contacter,,,,,,,,,,,,cvc,,MONTPELLIER,,34,,,,,,,,,,,,,,,,,,,,,,,,,,,,,,,888619319,88861931900013,43.22B,,,,,,,,,,,sirene,
MAINTENANCE CHAUD FROID ELECTRICITE,,,a contacter,,,,,,,,,,,,cvc,,JOUY-EN-JOSAS,,78,,,,,,,,,,,,,,,,,,,,,,,,,,,,,,,334305745,33430574500062,43.22B,,,,,,,,,,,sirene,
MAINTENANCE CLIMATIQUE INSULAIRE,,,a contacter,,,,,,,,,,,,cvc,,BORGO,,2B,,,,,,,,,,,,,,,,,,,,,,,,,,,,,,,884682493,88468249300017,43.22B,,,,,,,,,,,sirene,
MAINTENANCE COLD MATERIEL,,,a contacter,,,,,,,,,,,,cvc,,SAINTE-MARIE,,974,,,,,,,,,,,,,,,,,,,,,,,,,,,,,,,810598151,81059815100043,43.22B,,,,,,,,,,,sirene,
MAINTENANCE DEPANNAGE SERVICES,,,a contacter,,,,,,,,,,,,cvc,,AURILLAC,,15,,,,,,,,,,,,,,,,,,,,,,,,,,,,,,,387990971,38799097100047,43.22B,,,,,,,,,,,sirene,
MAINTENANCE DEPANNAGE TOUTES ENERGIES,,,a contacter,,,,,,,,,,,,cvc,,OFFEMONT,,90,,,,,,,,,,,,,,,,,,,,,,,,,,,,,,,433618493,43361849300046,43.22B,,,,,,,,,,,sirene,
MAINTENANCE EXPLOITATION TELEGESTION,,,a contacter,,,,,,,,,,,,cvc,,RODEZ,,12,,,,,,,,,,,,,,,,,,,,,,,,,,,,,,,409238789,40923878900021,43.22B,,,,,,,,,,,sirene,
MAINTENANCE FRANCILIENNE,,,a contacter,,,,,,,,,,,,cvc,,BUC,,78,,,,,,,,,,,,,,,,,,,,,,,,,,,,,,,503420671,50342067100011,43.22A,,,,,,,,,,,sirene,
MAINTENANCE GENIE CLIMATIQUE,,,a contacter,,,,,,,,,,,,cvc,,TEMPLEMARS,,59,,,,,,,,,,,,,,,,,,,,,,,,,,,,,,,340090364,34009036400035,43.22B,,,,,,,,,,,sirene,
MAINTENANCE PRESTATION LOGEMENT,,,a contacter,,,,,,,,,,,,cvc,,LILLE,,59,,,,,,,,,,,,,,,,,,,,,,,,,,,,,,,850321837,85032183700039,43.22A,,,,,,,,,,,sirene,
MAINTENANCE SERVICE ENR,,,a contacter,,,,,,,,,,,,cvc,,MONTAUBAN,,82,,,,,,,,,,,,,,,,,,,,,,,,,,,,,,,889535464,88953546400016,43.22B,,,,,,,,,,,sirene,
MAINTENANCE TECHNIQUE CHAUFFAGE MA.T.CH,,,a contacter,,,,,,,,,,,,cvc,,SAINT-ETIENNE,,42,,,,,,,,,,,,,,,,,,,,,,,,,,,,,,,950405647,95040564700039,43.22B,,,,,,,,,,,sirene,
MAINTENANCE THERMIQUE,,,a contacter,,,,,,,,,,,,cvc,,BEZIERS,,34,,,,,,,,,,,,,,,,,,,,,,,,,,,,,,,450757653,45075765300032,43.22B,,,,,,,,,,,sirene,
MAINTENANCE TRAVAUX PLOMBERIE CHAUFFAGE,,,a contacter,,,,,,,,,,,,cvc,,SAINT-OUEN-L'AUMONE,,95,,,,,,,,,,,,,,,,,,,,,,,,,,,,,,,508691185,50869118500039,43.22A,,,,,,,,,,,sirene,
MAINTYS,,,a contacter,,,,,,,,,,,,cvc,,LES ALLUETS-LE-ROI,,78,,,,,,,,,,,,,,,,,,,,,,,,,,,,,,,894264589,89426458900017,43.22B,,,,,,,,,,,sirene,
MAISON CALVAYRAC - MC,,,a contacter,,,,,,,,,,,,cvc,,LACAUNE,,81,,,,,,,,,,,,,,,,,,,,,,,,,,,,,,,909168742,90916874200023,43.22A,,,,,,,,,,,sirene,
MAISON GEORGES DAVID,,,a contacter,,,,,,,,,,,,cvc,,COLAYRAC-SAINT-CIRQ,,47,,,,,,,,,,,,,,,,,,,,,,,,,,,,,,,026220145,02622014500028,43.22B,,,,,,,,,,,sirene,
MAISON XAVIER FRUH,,,a contacter,,,,,,,,,,,,cvc,,COLMAR,,68,,,,,,,,,,,,,,,,,,,,,,,,,,,,,,,915420822,91542082200024,43.22B,,,,,,,,,,,sirene,
MAKO,,,a contacter,,,,,,,,,,,,cvc,,GIERES,,38,,,,,,,,,,,,,,,,,,,,,,,,,,,,,,,830651055,83065105500022,43.22A,,,,,,,,,,,sirene,
MANGEANT ENERGIES,,,a contacter,,,,,,,,,,,,cvc,,POCE-SUR-CISSE,,37,,,,,,,,,,,,,,,,,,,,,,,,,,,,,,,434285938,43428593800016,43.22A,,,,,,,,,,,sirene,
MANGEON SOC,,,a contacter,,,,,,,,,,,,cvc,,VARENNES-VAUZELLES,,58,,,,,,,,,,,,,,,,,,,,,,,,,,,,,,,541880043,54188004300032,43.22A,,,,,,,,,,,sirene,
MANIX FLUIDE,,,a contacter,,,,,,,,,,,,cvc,,BRAS-PANON,,974,,,,,,,,,,,,,,,,,,,,,,,,,,,,,,,441679883,44167988300021,43.22A,,,,,,,,,,,sirene,
MANOSQUE ENERGIES PLOMBERIE,,,a contacter,,,,,,,,,,,,cvc,,MANOSQUE,,04,,,,,,,,,,,,,,,,,,,,,,,,,,,,,,,389394339,38939433900037,43.22A,,,,,,,,,,,sirene,
MAP,,,a contacter,,,,,,,,,,,,cvc,,L'ILE-SAINT-DENIS,,93,,,,,,,,,,,,,,,,,,,,,,,,,,,,,,,834909616,83490961600023,43.29A,,,,,,,,,,,sirene,
MARC CLIMATISATION PACA,,,a contacter,,,,,,,,,,,,cvc,,FREJUS,,83,,,,,,,,,,,,,,,,,,,,,,,,,,,,,,,899474928,89947492800012,43.22B,,,,,,,,,,,sirene,
MARCC SARL,,,a contacter,,,,,,,,,,,,cvc,,EAUBONNE,,95,,,,,,,,,,,,,,,,,,,,,,,,,,,,,,,347698359,34769835900077,43.22B,,,,,,,,,,,sirene,
MARCO CERULLI,,,a contacter,,,,,,,,,,,,cvc,,SEREMANGE-ERZANGE,,57,,,,,,,,,,,,,,,,,,,,,,,,,,,,,,,434434528,43443452800015,43.22A,,,,,,,,,,,sirene,
MARCO CLIMATISATION,,,a contacter,,,,,,,,,,,,cvc,,LA CHAPELLE-SAINT-LUC,,10,,,,,,,,,,,,,,,,,,,,,,,,,,,,,,,843722299,84372229900024,43.22B,,,,,,,,,,,sirene,
MARCON,,,a contacter,,,,,,,,,,,,cvc,,YSSINGEAUX,,43,,,,,,,,,,,,,,,,,,,,,,,,,,,,,,,306646563,30664656300024,43.22A,,,,,,,,,,,sirene,
MARINIER,,,a contacter,,,,,,,,,,,,cvc,,CHAMBRAY-LES-TOURS,,37,,,,,,,,,,,,,,,,,,,,,,,,,,,,,,,493599252,49359925200027,43.22A,,,,,,,,,,,sirene,
MARINISOL,,,a contacter,,,,,,,,,,,,cvc,,TRIGNAC,,44,,,,,,,,,,,,,,,,,,,,,,,,,,,,,,,428143077,42814307700058,43.29A,,,,,,,,,,,sirene,
MARION ENERGIES,,,a contacter,,,,,,,,,,,,cvc,,MONTAIGU-VENDEE,,85,,,,,,,,,,,,,,,,,,,,,,,,,,,,,,,825078256,82507825600021,43.22A,,,,,,,,,,,sirene,
MARION ISOLATION.2,,,a contacter,,,,,,,,,,,,cvc,,VILLEURBANNE,,69,,,,,,,,,,,,,,,,,,,,,,,,,,,,,,,790933915,79093391500023,43.29A,,,,,,,,,,,sirene,
MARISOL,,,a contacter,,,,,,,,,,,,cvc,,SAINT-OMER-EN-CHAUSSEE,,60,,,,,,,,,,,,,,,,,,,,,,,,,,,,,,,527120745,52712074500015,43.29A,,,,,,,,,,,sirene,
MARLIER CHAUFFAGE CLIM,,,a contacter,,,,,,,,,,,,cvc,,AULNAY-SOUS-BOIS,,93,,,,,,,,,,,,,,,,,,,,,,,,,,,,,,,803080548,80308054800032,43.22B,,,,,,,,,,,sirene,
MARLY SERVICE,,,a contacter,,,,,,,,,,,,cvc,,MAREIL-MARLY,,78,,,,,,,,,,,,,,,,,,,,,,,,,,,,,,,394094767,39409476700032,43.22A,,,,,,,,,,,sirene,
MARNE ISOLATION,,,a contacter,,,,,,,,,,,,cvc,,WITRY-LES-REIMS,,51,,,,,,,,,,,,,,,,,,,,,,,,,,,,,,,534760871,53476087100028,43.29A,,,,,,,,,,,sirene,
MARSIS,,,a contacter,,,,,,,,,,,,cvc,,GOURDON,,46,,,,,,,,,,,,,,,,,,,,,,,,,,,,,,,452831456,45283145600010,43.22A,,,,,,,,,,,sirene,
MARSOL MAINTENANCE,,,a contacter,,,,,,,,,,,,cvc,,AUCH,,32,,,,,,,,,,,,,,,,,,,,,,,,,,,,,,,888845245,88884524500016,43.22A,,,,,,,,,,,sirene,
MARTIN,,,a contacter,,,,,,,,,,,,cvc,,CIVRIEUX,,01,,,,,,,,,,,,,,,,,,,,,,,,,,,,,,,340817774,34081777400045,43.22A,,,,,,,,,,,sirene,
MARTIN FILS SARL,,,a contacter,,,,,,,,,,,,cvc,,MONTAYRAL,,47,,,,,,,,,,,,,,,,,,,,,,,,,,,,,,,330054081,33005408100055,43.22B,,,,,,,,,,,sirene,
MARTIN FREDERIC SARL,,,a contacter,,,,,,,,,,,,cvc,,VIENNE,,38,,,,,,,,,,,,,,,,,,,,,,,,,,,,,,,417634664,41763466400045,43.22A,,,,,,,,,,,sirene,
MARTINEAU & FILS,,,a contacter,,,,,,,,,,,,cvc,,LES SABLES D'OLONNE,,85,,,,,,,,,,,,,,,,,,,,,,,,,,,,,,,879700268,87970026800011,43.22A,,,,,,,,,,,sirene,
MARTINET THIBAULT ENTREPRISE,,,a contacter,,,,,,,,,,,,cvc,,PARIS,,75,,,,,,,,,,,,,,,,,,,,,,,,,,,,,,,408403632,40840363200016,43.22A,,,,,,,,,,,sirene,
MARTINEZ ISOLATION,,,a contacter,,,,,,,,,,,,cvc,,PONT-D'AIN,,01,,,,,,,,,,,,,,,,,,,,,,,,,,,,,,,484362447,48436244700035,43.29A,,,,,,,,,,,sirene,
MARTINVAL,,,a contacter,,,,,,,,,,,,cvc,,BLANCS-COTEAUX,,51,,,,,,,,,,,,,,,,,,,,,,,,,,,,,,,326126471,32612647100043,43.22A,,,,,,,,,,,sirene,
MAS.L,,,a contacter,,,,,,,,,,,,cvc,,GREZ-SUR-LOING,,77,,,,,,,,,,,,,,,,,,,,,,,,,,,,,,,479373292,47937329200024,43.22A,,,,,,,,,,,sirene,
MASTER AIR CONDITIONING,,,a contacter,,,,,,,,,,,,cvc,,CHAMPIGNY-SUR-MARNE,,94,,,,,,,,,,,,,,,,,,,,,,,,,,,,,,,494268832,49426883200040,43.22B,,,,,,,,,,,sirene,
MASTEROVIT,,,a contacter,,,,,,,,,,,,cvc,,VILLEPARISIS,,77,,,,,,,,,,,,,,,,,,,,,,,,,,,,,,,899623318,89962331800016,43.22B,,,,,,,,,,,sirene,
MATE,,,a contacter,,,,,,,,,,,,cvc,,LA ROCHE-SUR-YON,,85,,,,,,,,,,,,,,,,,,,,,,,,,,,,,,,324667344,32466734400026,43.22B,,,,,,,,,,,sirene,
MATHIEU ENTREPRISE,,,a contacter,,,,,,,,,,,,cvc,,REIMS,,51,,,,,,,,,,,,,,,,,,,,,,,,,,,,,,,340890755,34089075500028,43.22B,,,,,,,,,,,sirene,
MATHIS-PHILIP,,,a contacter,,,,,,,,,,,,cvc,,VITTEL,,88,,,,,,,,,,,,,,,,,,,,,,,,,,,,,,,379813751,37981375100045,43.22A,,,,,,,,,,,sirene,
MATHYSS,,,a contacter,,,,,,,,,,,,cvc,,GUIDEL,,56,,,,,,,,,,,,,,,,,,,,,,,,,,,,,,,507608362,50760836200020,43.22A,,,,,,,,,,,sirene,
MATLEX ENERGIES,,,a contacter,,,,,,,,,,,,cvc,,CAPPELLE-EN-PEVELE,,59,,,,,,,,,,,,,,,,,,,,,,,,,,,,,,,493115380,49311538000047,43.22B,,,,,,,,,,,sirene,
MATREX,,,a contacter,,,,,,,,,,,,cvc,,AUBIGNY-AU-BAC,,59,,,,,,,,,,,,,,,,,,,,,,,,,,,,,,,441880648,44188064800049,43.22A,,,,,,,,,,,sirene,
MAUGER GAZ MEDICAUX,,,a contacter,,,,,,,,,,,,cvc,,SAINT-JEAN-DU-CARDONNAY,,76,,,,,,,,,,,,,,,,,,,,,,,,,,,,,,,382614147,38261414700033,43.22A,,,,,,,,,,,sirene,
MAUPRIVEZ,,,a contacter,,,,,,,,,,,,cvc,,AMBLENY,,02,,,,,,,,,,,,,,,,,,,,,,,,,,,,,,,351853833,35185383300025,43.22B,,,,,,,,,,,sirene,
MAURY-MERCEUR,,,a contacter,,,,,,,,,,,,cvc,,LUYNES,,37,,,,,,,,,,,,,,,,,,,,,,,,,,,,,,,409201449,40920144900025,43.22A,,,,,,,,,,,sirene,
MAVERICK RENOVATION,,,a contacter,,,,,,,,,,,,cvc,,LE PERREUX-SUR-MARNE,,94,,,,,,,,,,,,,,,,,,,,,,,,,,,,,,,809080328,80908032800036,43.22B,,,,,,,,,,,sirene,
MAXPLOM PLOMBERIE CHAUFFAGE VENTILATION CLIMATISATION,,,a contacter,,,,,,,,,,,,cvc,,PECHABOU,,31,,,,,,,,,,,,,,,,,,,,,,,,,,,,,,,752027359,75202735900039,43.22A,,,,,,,,,,,sirene,
MAYET-POUPART,,,a contacter,,,,,,,,,,,,cvc,,VALLONS-DE-L'ERDRE,,44,,,,,,,,,,,,,,,,,,,,,,,,,,,,,,,801367020,80136702000014,43.22A,,,,,,,,,,,sirene,
MAZET SOLUTIONS,,,a contacter,,,,,,,,,,,,cvc,,GIAT,,63,,,,,,,,,,,,,,,,,,,,,,,,,,,,,,,838294676,83829467600013,43.22B,,,,,,,,,,,sirene,
MBS SERVICES ET TRAVAUX,,,a contacter,,,,,,,,,,,,cvc,,HERBLAY-SUR-SEINE,,95,,,,,,,,,,,,,,,,,,,,,,,,,,,,,,,907932750,90793275000017,43.22A,,,,,,,,,,,sirene,
MC 2,,,a contacter,,,,,,,,,,,,cvc,,SAINT-MARTIN-DE-SEIGNANX,,40,,,,,,,,,,,,,,,,,,,,,,,,,,,,,,,381532282,38153228200039,43.22B,,,,,,,,,,,sirene,
MC2 CALORIFUGE & ISOLATION,,,a contacter,,,,,,,,,,,,cvc,,CLERMONT-FERRAND,,63,,,,,,,,,,,,,,,,,,,,,,,,,,,,,,,529714388,52971438800046,43.22A,,,,,,,,,,,sirene,
MC2 PLOMBERIE CHAUFFAGE,,,a contacter,,,,,,,,,,,,cvc,,CLERMONT-FERRAND,,63,,,,,,,,,,,,,,,,,,,,,,,,,,,,,,,880838735,88083873500020,43.22A,,,,,,,,,,,sirene,
MCCS,,,a contacter,,,,,,,,,,,,cvc,,HERBLAY-SUR-SEINE,,95,,,,,,,,,,,,,,,,,,,,,,,,,,,,,,,479939068,47993906800033,43.22B,,,,,,,,,,,sirene,
MCD BATIMENT,,,a contacter,,,,,,,,,,,,cvc,,EMERAINVILLE,,77,,,,,,,,,,,,,,,,,,,,,,,,,,,,,,,908057938,90805793800023,43.22A,,,,,,,,,,,sirene,
MCE RENOVATION,,,a contacter,,,,,,,,,,,,cvc,,BOULOGNE-BILLANCOURT,,92,,,,,,,,,,,,,,,,,,,,,,,,,,,,,,,342828522,34282852200025,43.22A,,,,,,,,,,,sirene,
MCES,,,a contacter,,,,,,,,,,,,cvc,,SAINTE-SUZANNE-ET-CHAMMES,,53,,,,,,,,,,,,,,,,,,,,,,,,,,,,,,,889953626,88995362600021,43.29A,,,,,,,,,,,sirene,
MCP,,,a contacter,,,,,,,,,,,,cvc,,CHAMBLY,,60,,,,,,,,,,,,,,,,,,,,,,,,,,,,,,,829363209,82936320900034,43.22A,,,,,,,,,,,sirene,
MD CONSTRUCTION,,,a contacter,,,,,,,,,,,,cvc,,GAGNY,,93,,,,,,,,,,,,,,,,,,,,,,,,,,,,,,,909982514,90998251400012,43.22B,,,,,,,,,,,sirene,
MD GENIE CLIMATIQUE,,,a contacter,,,,,,,,,,,,cvc,,NOISEAU,,94,,,,,,,,,,,,,,,,,,,,,,,,,,,,,,,893628818,89362881800021,43.22A,,,,,,,,,,,sirene,
MD OUEST,,,a contacter,,,,,,,,,,,,cvc,,SAINT-HILAIRE-DE-RIEZ,,85,,,,,,,,,,,,,,,,,,,,,,,,,,,,,,,501305783,50130578300026,43.22A,,,,,,,,,,,sirene,
MDG PLOMBERIE,,,a contacter,,,,,,,,,,,,cvc,,BIARRITZ,,64,,,,,,,,,,,,,,,,,,,,,,,,,,,,,,,810786624,81078662400017,43.22A,,,,,,,,,,,sirene,
MDI SOLUTIONS,,,a contacter,,,,,,,,,,,,cvc,,LA COURNEUVE,,93,,,,,,,,,,,,,,,,,,,,,,,,,,,,,,,443227186,44322718600030,43.29A,,,,,,,,,,,sirene,
MDS ISO,,,a contacter,,,,,,,,,,,,cvc,,VAUDHERLAND,,95,,,,,,,,,,,,,,,,,,,,,,,,,,,,,,,920244183,92024418300017,43.29A,,,,,,,,,,,sirene,
ME ENERGIES,,,a contacter,,,,,,,,,,,,cvc,,LANUEJOULS,,12,,,,,,,,,,,,,,,,,,,,,,,,,,,,,,,841596349,84159634900024,43.22A,,,,,,,,,,,sirene,
MEA ET MERTZ,,,a contacter,,,,,,,,,,,,cvc,,ARS-SUR-MOSELLE,,57,,,,,,,,,,,,,,,,,,,,,,,,,,,,,,,353658925,35365892500022,43.22B,,,,,,,,,,,sirene,
MECHAUD JOHAN,,,a contacter,,,,,,,,,,,,cvc,,LES COTES-D'AREY,,38,,,,,,,,,,,,,,,,,,,,,,,,,,,,,,,520007089,52000708900037,43.22B,,,,,,,,,,,sirene,
MEDIA SYSTEME,,,a contacter,,,,,,,,,,,,cvc,,PARIS,,75,,,,,,,,,,,,,,,,,,,,,,,,,,,,,,,512647074,51264707400099,43.22B,,,,,,,,,,,sirene,
MEDIC TUBE,,,a contacter,,,,,,,,,,,,cvc,,MAROMME,,76,,,,,,,,,,,,,,,,,,,,,,,,,,,,,,,882218159,88221815900011,43.22A,,,,,,,,,,,sirene,
MEDKUMO,,,a contacter,,,,,,,,,,,,cvc,,MIREVAL,,34,,,,,,,,,,,,,,,,,,,,,,,,,,,,,,,799898697,79989869700021,43.22B,,,,,,,,,,,sirene,
MEILLEUR HABITAT DE FRANCE,,,a contacter,,,,,,,,,,,,cvc,,BILLY-SUR-AISNE,,02,,,,,,,,,,,,,,,,,,,,,,,,,,,,,,,831994769,83199476900071,43.29A,,,,,,,,,,,sirene,
MENDES TONY,,,a contacter,,,,,,,,,,,,cvc,,LAUDUN-L'ARDOISE,,30,,,,,,,,,,,,,,,,,,,,,,,,,,,,,,,448612515,44861251500016,43.22B,,,,,,,,,,,sirene,
MENUISERIE ISOLATION DU CENTRE,,,a contacter,,,,,,,,,,,,cvc,,SAINT-JEAN-LE-BLANC,,45,,,,,,,,,,,,,,,,,,,,,,,,,,,,,,,824459374,82445937400040,43.29A,,,,,,,,,,,sirene,
MERAT ETABLISSEMENTS,,,a contacter,,,,,,,,,,,,cvc,,LA TRINITE,,06,,,,,,,,,,,,,,,,,,,,,,,,,,,,,,,429515216,42951521600035,43.22A,,,,,,,,,,,sirene,
MERCIER,,,a contacter,,,,,,,,,,,,cvc,,TREMBLAY-EN-FRANCE,,93,,,,,,,,,,,,,,,,,,,,,,,,,,,,,,,422589333,42258933300125,43.22A,,,,,,,,,,,sirene,
MERLIN ETUDE DEVELOPPEMENT THERMIQUE,,,a contacter,,,,,,,,,,,,cvc,,SAINT-GEORGES-D'ESPERANCHE,,38,,,,,,,,,,,,,,,,,,,,,,,,,,,,,,,423538776,42353877600018,43.22B,,,,,,,,,,,sirene,
METAYER FILS,,,a contacter,,,,,,,,,,,,cvc,,CONCHES-EN-OUCHE,,27,,,,,,,,,,,,,,,,,,,,,,,,,,,,,,,532812815,53281281500019,43.22A,,,,,,,,,,,sirene,
METEM,,,a contacter,,,,,,,,,,,,cvc,,GEISPOLSHEIM,,67,,,,,,,,,,,,,,,,,,,,,,,,,,,,,,,791164221,79116422100024,43.29A,,,,,,,,,,,sirene,
METHODY,,,a contacter,,,,,,,,,,,,cvc,,SAINT-AME,,88,,,,,,,,,,,,,,,,,,,,,,,,,,,,,,,902515154,90251515400018,43.22A,,,,,,,,,,,sirene,
MEYER ISOLATION,,,a contacter,,,,,,,,,,,,cvc,,KINGERSHEIM,,68,,,,,,,,,,,,,,,,,,,,,,,,,,,,,,,318392453,31839245300060,43.22B,,,,,,,,,,,sirene,
MEYK SYSTEM PARIS,,,a contacter,,,,,,,,,,,,cvc,,POISSY,,78,,,,,,,,,,,,,,,,,,,,,,,,,,,,,,,389347881,38934788100028,43.29A,,,,,,,,,,,sirene,
MEYRIER SAS,,,a contacter,,,,,,,,,,,,cvc,,THONON-LES-BAINS,,74,,,,,,,,,,,,,,,,,,,,,,,,,,,,,,,797280070,79728007000021,43.22B,,,,,,,,,,,sirene,
MF CALORIFUGE,,,a contacter,,,,,,,,,,,,cvc,,BACOUEL,,60,,,,,,,,,,,,,,,,,,,,,,,,,,,,,,,529254542,52925454200028,43.29A,,,,,,,,,,,sirene,
MGC CHAUFFAGE ET CLIMATISATION,,,a contacter,,,,,,,,,,,,cvc,,SAINT-SULPICE-LA-POINTE,,81,,,,,,,,,,,,,,,,,,,,,,,,,,,,,,,493196729,49319672900021,43.22B,,,,,,,,,,,sirene,
MGD,,,a contacter,,,,,,,,,,,,cvc,,CANTELEU,,76,,,,,,,,,,,,,,,,,,,,,,,,,,,,,,,919987271,91998727100013,43.29A,,,,,,,,,,,sirene,
MH G,,,a contacter,,,,,,,,,,,,cvc,,IVRY-SUR-SEINE,,94,,,,,,,,,,,,,,,,,,,,,,,,,,,,,,,833205602,83320560200042,43.22B,,,,,,,,,,,sirene,
MI-FRANCE,,,a contacter,,,,,,,,,,,,cvc,,NOISY-LE-GRAND,,93,,,,,,,,,,,,,,,,,,,,,,,,,,,,,,,829442227,82944222700015,43.22B,,,,,,,,,,,sirene,
MI3D,,,a contacter,,,,,,,,,,,,cvc,,MEAUX,,77,,,,,,,,,,,,,,,,,,,,,,,,,,,,,,,789944907,78994490700045,43.22B,,,,,,,,,,,sirene,
MICHEL BARBALAT,,,a contacter,,,,,,,,,,,,cvc,,ANNECY,,74,,,,,,,,,,,,,,,,,,,,,,,,,,,,,,,315320291,31532029100034,43.22B,,,,,,,,,,,sirene,
MICHEL BARBE,,,a contacter,,,,,,,,,,,,cvc,,AURILLAC,,15,,,,,,,,,,,,,,,,,,,,,,,,,,,,,,,418214763,41821476300025,43.22A,,,,,,,,,,,sirene,
MICHEL BARGET,,,a contacter,,,,,,,,,,,,cvc,,SEREILHAC,,87,,,,,,,,,,,,,,,,,,,,,,,,,,,,,,,491463659,49146365900020,43.22A,,,,,,,,,,,sirene,
MICHEL GLEN,,,a contacter,,,,,,,,,,,,cvc,,LES SORINIERES,,44,,,,,,,,,,,,,,,,,,,,,,,,,,,,,,,507758464,50775846400022,43.22B,,,,,,,,,,,sirene,
MICHEL RENAULT,,,a contacter,,,,,,,,,,,,cvc,,GUICHAINVILLE,,27,,,,,,,,,,,,,,,,,,,,,,,,,,,,,,,409792397,40979239700021,43.22A,,,,,,,,,,,sirene,
MICHEL RENE,,,a contacter,,,,,,,,,,,,cvc,,LAMPERTHEIM,,67,,,,,,,,,,,,,,,,,,,,,,,,,,,,,,,728505504,72850550400023,43.22A,,,,,,,,,,,sirene,
MICKAEL KROMM ISOLATION,,,a contacter,,,,,,,,,,,,cvc,,LONGEVILLE-LES-SAINT-AVOLD,,57,,,,,,,,,,,,,,,,,,,,,,,,,,,,,,,799250725,79925072500030,43.29A,,,,,,,,,,,sirene,
MICKAEL SAVARY,,,a contacter,,,,,,,,,,,,cvc,,CROISILLES,,14,,,,,,,,,,,,,,,,,,,,,,,,,,,,,,,503001489,50300148900015,43.22A,,,,,,,,,,,sirene,
MICR'EAU,,,a contacter,,,,,,,,,,,,cvc,,PARIS,,75,,,,,,,,,,,,,,,,,,,,,,,,,,,,,,,422599779,42259977900028,43.22B,,,,,,,,,,,sirene,
MIDI MAINTENANCE,,,a contacter,,,,,,,,,,,,cvc,,MENDE,,48,,,,,,,,,,,,,,,,,,,,,,,,,,,,,,,439076407,43907640700030,43.22B,,,,,,,,,,,sirene,
MIDI SERVICES HABITAT (M.S),,,a contacter,,,,,,,,,,,,cvc,,MARGUERITTES,,30,,,,,,,,,,,,,,,,,,,,,,,,,,,,,,,432889277,43288927700054,43.22A,,,,,,,,,,,sirene,
MIDI THERMIQUE SERVICE,,,a contacter,,,,,,,,,,,,cvc,,LUC-LA-PRIMAUBE,,12,,,,,,,,,,,,,,,,,,,,,,,,,,,,,,,334613833,33461383300055,43.22B,,,,,,,,,,,sirene,
MIDOT SEBASTIEN,,,a contacter,,,,,,,,,,,,cvc,,MONTBOZON,,70,,,,,,,,,,,,,,,,,,,,,,,,,,,,,,,523825347,52382534700017,43.22B,,,,,,,,,,,sirene,
MIEUX BATIR 13,,,a contacter,,,,,,,,,,,,cvc,,ROQUEFORT-LA-BEDOULE,,13,,,,,,,,,,,,,,,,,,,,,,,,,,,,,,,893097568,89309756800016,43.29A,,,,,,,,,,,sirene,
MIEUX RENOVER 77,,,a contacter,,,,,,,,,,,,cvc,,LIEUSAINT,,77,,,,,,,,,,,,,,,,,,,,,,,,,,,,,,,510801707,51080170700033,43.29A,,,,,,,,,,,sirene,
MIEUX RENOVER 91,,,a contacter,,,,,,,,,,,,cvc,,SAINT-PIERRE-DU-PERRAY,,91,,,,,,,,,,,,,,,,,,,,,,,,,,,,,,,493917439,49391743900108,43.29A,,,,,,,,,,,sirene,
MIEUX RENOVER 94,,,a contacter,,,,,,,,,,,,cvc,,CRETEIL,,94,,,,,,,,,,,,,,,,,,,,,,,,,,,,,,,750079360,75007936000038,43.29A,,,,,,,,,,,sirene,
MIGEON B,,,a contacter,,,,,,,,,,,,cvc,,SAINT-JEAN-DE-THOUARS,,79,,,,,,,,,,,,,,,,,,,,,,,,,,,,,,,379380520,37938052000013,43.22B,,,,,,,,,,,sirene,
MILDER,,,a contacter,,,,,,,,,,,,cvc,,COLLEGIEN,,77,,,,,,,,,,,,,,,,,,,,,,,,,,,,,,,802499681,80249968100046,43.22A,,,,,,,,,,,sirene,
MILLIOT JACQUEMART,,,a contacter,,,,,,,,,,,,cvc,,IWUY,,59,,,,,,,,,,,,,,,,,,,,,,,,,,,,,,,512690231,51269023100026,43.22B,,,,,,,,,,,sirene,
MILON CALORIFUGE,,,a contacter,,,,,,,,,,,,cvc,,MONTAUBAN-DE-BRETAGNE,,35,,,,,,,,,,,,,,,,,,,,,,,,,,,,,,,834482382,83448238200027,43.29A,,,,,,,,,,,sirene,
MILON-ISOLATION,,,a contacter,,,,,,,,,,,,cvc,,MONTAUBAN-DE-BRETAGNE,,35,,,,,,,,,,,,,,,,,,,,,,,,,,,,,,,338239247,33823924700046,43.29A,,,,,,,,,,,sirene,
MINIMAX FRANCE SAS,,,a contacter,,,,,,,,,,,,cvc,,SAINT-QUENTIN-FALLAVIER,,38,,,,,,,,,,,,,,,,,,,,,,,,,,,,,,,482491974,48249197400184,43.22A,,,,,,,,,,,sirene,
MINODIER E G C M,,,a contacter,,,,,,,,,,,,cvc,,ANNEYRON,,26,,,,,,,,,,,,,,,,,,,,,,,,,,,,,,,310718556,31071855600049,43.22B,,,,,,,,,,,sirene,
MINORIA CONCEPT,,,a contacter,,,,,,,,,,,,cvc,,LA BREDE,,33,,,,,,,,,,,,,,,,,,,,,,,,,,,,,,,831989470,83198947000024,43.22B,,,,,,,,,,,sirene,
MISO DESENFUMAGE,,,a contacter,,,,,,,,,,,,cvc,,MAZERES,,33,,,,,,,,,,,,,,,,,,,,,,,,,,,,,,,416780138,41678013800069,43.22B,,,,,,,,,,,sirene,
MISSENARD ENERGIE,,,a contacter,,,,,,,,,,,,cvc,,MAISONS-ALFORT,,94,,,,,,,,,,,,,,,,,,,,,,,,,,,,,,,793650086,79365008600044,43.22B,,,,,,,,,,,sirene,
MIXENERGIE,,,a contacter,,,,,,,,,,,,cvc,,OUROUX-SUR-SAONE,,71,,,,,,,,,,,,,,,,,,,,,,,,,,,,,,,505309617,50530961700049,43.22B,,,,,,,,,,,sirene,
MN ISOLATION,,,a contacter,,,,,,,,,,,,cvc,,DRANCY,,93,,,,,,,,,,,,,,,,,,,,,,,,,,,,,,,801436361,80143636100035,43.29A,,,,,,,,,,,sirene,
MN2B,,,a contacter,,,,,,,,,,,,cvc,,OUVEILLAN,,11,,,,,,,,,,,,,,,,,,,,,,,,,,,,,,,538654641,53865464100017,43.22B,,,,,,,,,,,sirene,
MODERN AIR,,,a contacter,,,,,,,,,,,,cvc,,DRAGUIGNAN,,83,,,,,,,,,,,,,,,,,,,,,,,,,,,,,,,913580726,91358072600010,43.22B,,,,,,,,,,,sirene,
MOEBS,,,a contacter,,,,,,,,,,,,cvc,,ILLKIRCH-GRAFFENSTADEN,,67,,,,,,,,,,,,,,,,,,,,,,,,,,,,,,,320237803,32023780300046,43.22A,,,,,,,,,,,sirene,
MOLENAT ENERGIES,,,a contacter,,,,,,,,,,,,cvc,,CONQUES-EN-ROUERGUE,,12,,,,,,,,,,,,,,,,,,,,,,,,,,,,,,,401288394,40128839400034,43.22A,,,,,,,,,,,sirene,
MOMENTO TRAVAUX,,,a contacter,,,,,,,,,,,,cvc,,SAINT-BARTHELEMY-D'ANJOU,,49,,,,,,,,,,,,,,,,,,,,,,,,,,,,,,,851773655,85177365500028,43.22A,,,,,,,,,,,sirene,
MON P'TIT DEPANNEUR,,,a contacter,,,,,,,,,,,,cvc,,LILLE,,59,,,,,,,,,,,,,,,,,,,,,,,,,,,,,,,828043141,82804314100013,43.22A,,,,,,,,,,,sirene,
MONDE DU BATIMENT,,,a contacter,,,,,,,,,,,,cvc,,EVRY-COURCOURONNES,,91,,,,,,,,,,,,,,,,,,,,,,,,,,,,,,,900860271,90086027100015,43.22A,,,,,,,,,,,sirene,
MONDIALISOL SA,,,a contacter,,,,,,,,,,,,cvc,,SAINT-PRIX,,95,,,,,,,,,,,,,,,,,,,,,,,,,,,,,,,352783369,35278336900023,43.29A,,,,,,,,,,,sirene,
MONIER GENIE CLIM,,,a contacter,,,,,,,,,,,,cvc,,YZEURE,,03,,,,,,,,,,,,,,,,,,,,,,,,,,,,,,,479997215,47999721500013,43.22B,,,,,,,,,,,sirene,
MONTANT GENIE CLIMATIQUE,,,a contacter,,,,,,,,,,,,cvc,,REIGNIER-ESERY,,74,,,,,,,,,,,,,,,,,,,,,,,,,,,,,,,884788688,88478868800015,43.22B,,,,,,,,,,,sirene,
MONTATHERM,,,a contacter,,,,,,,,,,,,cvc,,VILLENEUVE-LE-ROI,,94,,,,,,,,,,,,,,,,,,,,,,,,,,,,,,,809234842,80923484200015,43.22B,,,,,,,,,,,sirene,
MONTEIL ET CIE,,,a contacter,,,,,,,,,,,,cvc,,PARIS,,75,,,,,,,,,,,,,,,,,,,,,,,,,,,,,,,642018923,64201892300036,43.22A,,,,,,,,,,,sirene,
MONTES,,,a contacter,,,,,,,,,,,,cvc,,GEMBRIE,,65,,,,,,,,,,,,,,,,,,,,,,,,,,,,,,,808367247,80836724700018,43.22A,,,,,,,,,,,sirene,
MOREAUD MAINTENANCE DEPANNAGE -  2MD,,,a contacter,,,,,,,,,,,,cvc,,L'ISLE-D'ESPAGNAC,,16,,,,,,,,,,,,,,,,,,,,,,,,,,,,,,,810707240,81070724000034,43.22B,,,,,,,,,,,sirene,
MORELLEC HABITAT,,,a contacter,,,,,,,,,,,,cvc,,PAIMPOL,,22,,,,,,,,,,,,,,,,,,,,,,,,,,,,,,,891119190,89111919000017,43.22A,,,,,,,,,,,sirene,
MORVAN ET DANIEL,,,a contacter,,,,,,,,,,,,cvc,,LANMEUR,,29,,,,,,,,,,,,,,,,,,,,,,,,,,,,,,,334608403,33460840300021,43.22B,,,,,,,,,,,sirene,
MOTIF,,,a contacter,,,,,,,,,,,,cvc,,GUESNAIN,,59,,,,,,,,,,,,,,,,,,,,,,,,,,,,,,,382063873,38206387300022,43.22B,,,,,,,,,,,sirene,
MOTRALEC,,,a contacter,,,,,,,,,,,,cvc,,HERBLAY-SUR-SEINE,,95,,,,,,,,,,,,,,,,,,,,,,,,,,,,,,,305663551,30566355100052,43.22B,,,,,,,,,,,sirene,
MOULINIE,,,a contacter,,,,,,,,,,,,cvc,,NERAC,,47,,,,,,,,,,,,,,,,,,,,,,,,,,,,,,,400516688,40051668800019,43.22B,,,,,,,,,,,sirene,
MOULOUD CHENA (EUROPE GAZ SERVICES),,,a contacter,,,,,,,,,,,,cvc,,LE PETIT-QUEVILLY,,76,,,,,,,,,,,,,,,,,,,,,,,,,,,,,,,530423268,53042326800024,43.22A,,,,,,,,,,,sirene,
MOYNET ENERGIE,,,a contacter,,,,,,,,,,,,cvc,,LAVAUR,,81,,,,,,,,,,,,,,,,,,,,,,,,,,,,,,,440739969,44073996900010,43.22B,,,,,,,,,,,sirene,
MOZRANISOLATIONS,,,a contacter,,,,,,,,,,,,cvc,,GRIGNY,,91,,,,,,,,,,,,,,,,,,,,,,,,,,,,,,,892492356,89249235600019,43.22B,,,,,,,,,,,sirene,
MP GAZ,,,a contacter,,,,,,,,,,,,cvc,,PARIS,,75,,,,,,,,,,,,,,,,,,,,,,,,,,,,,,,414815027,41481502700027,43.22B,,,,,,,,,,,sirene,
MP RENOVATION,,,a contacter,,,,,,,,,,,,cvc,,GRESY-SUR-AIX,,73,,,,,,,,,,,,,,,,,,,,,,,,,,,,,,,392059267,39205926700022,43.29A,,,,,,,,,,,sirene,
MPC THERMIQUE,,,a contacter,,,,,,,,,,,,cvc,,BONNEUIL-EN-FRANCE,,95,,,,,,,,,,,,,,,,,,,,,,,,,,,,,,,914637038,91463703800011,43.22B,,,,,,,,,,,sirene,
MPF ISOLATION,,,a contacter,,,,,,,,,,,,cvc,,MONTIGNY-EN-GOHELLE,,62,,,,,,,,,,,,,,,,,,,,,,,,,,,,,,,910729433,91072943300029,43.29A,,,,,,,,,,,sirene,
MQG - MONTAGE QUALITE GIROUARD,,,a contacter,,,,,,,,,,,,cvc,,MIREBEAU,,86,,,,,,,,,,,,,,,,,,,,,,,,,,,,,,,481370625,48137062500032,43.22B,,,,,,,,,,,sirene,
MRC,,,a contacter,,,,,,,,,,,,cvc,,MONTIGNY-LES-CORMEILLES,,95,,,,,,,,,,,,,,,,,,,,,,,,,,,,,,,530153949,53015394900041,43.29A,,,,,,,,,,,sirene,
MS CONCEPT,,,a contacter,,,,,,,,,,,,cvc,,BETSCHDORF,,67,,,,,,,,,,,,,,,,,,,,,,,,,,,,,,,824543631,82454363100025,43.22B,,,,,,,,,,,sirene,
MS2B,,,a contacter,,,,,,,,,,,,cvc,,SAINT-APOLLINAIRE,,21,,,,,,,,,,,,,,,,,,,,,,,,,,,,,,,831240148,83124014800013,43.22A,,,,,,,,,,,sirene,
MS2D GENIE CLIMATIQUE,,,a contacter,,,,,,,,,,,,cvc,,LONGVIC,,21,,,,,,,,,,,,,,,,,,,,,,,,,,,,,,,848937355,84893735500032,43.22B,,,,,,,,,,,sirene,
MSB 23,,,a contacter,,,,,,,,,,,,cvc,,GUERET,,23,,,,,,,,,,,,,,,,,,,,,,,,,,,,,,,793537218,79353721800034,43.29A,,,,,,,,,,,sirene,
MSG CHAUFFAGE-SANITAIRE,,,a contacter,,,,,,,,,,,,cvc,,YUTZ,,57,,,,,,,,,,,,,,,,,,,,,,,,,,,,,,,848027876,84802787600020,43.22B,,,,,,,,,,,sirene,
MT BTP,,,a contacter,,,,,,,,,,,,cvc,,ALFORTVILLE,,94,,,,,,,,,,,,,,,,,,,,,,,,,,,,,,,850148826,85014882600033,43.22A,,,,,,,,,,,sirene,
MT THERMIC,,,a contacter,,,,,,,,,,,,cvc,,LIEVIN,,62,,,,,,,,,,,,,,,,,,,,,,,,,,,,,,,840645949,84064594900024,43.22B,,,,,,,,,,,sirene,
MTAIR,,,a contacter,,,,,,,,,,,,cvc,,DOMONT,,95,,,,,,,,,,,,,,,,,,,,,,,,,,,,,,,382051431,38205143100023,43.22B,,,,,,,,,,,sirene,
MTC-SERVICES,,,a contacter,,,,,,,,,,,,cvc,,SAVIGNY-SUR-ORGE,,91,,,,,,,,,,,,,,,,,,,,,,,,,,,,,,,789061637,78906163700037,43.22B,,,,,,,,,,,sirene,
MTEC,,,a contacter,,,,,,,,,,,,cvc,,MAZERES,,09,,,,,,,,,,,,,,,,,,,,,,,,,,,,,,,807769351,80776935100022,43.22B,,,,,,,,,,,sirene,
MTPF,,,a contacter,,,,,,,,,,,,cvc,,TOULOUSE,,31,,,,,,,,,,,,,,,,,,,,,,,,,,,,,,,815211503,81521150300017,43.22B,,,,,,,,,,,sirene,
MULARD CVC,,,a contacter,,,,,,,,,,,,cvc,,EPINOY,,62,,,,,,,,,,,,,,,,,,,,,,,,,,,,,,,977813955,97781395500027,43.22B,,,,,,,,,,,sirene,
MULLER CLIMATISATION,,,a contacter,,,,,,,,,,,,cvc,,HESINGUE,,68,,,,,,,,,,,,,,,,,,,,,,,,,,,,,,,344235841,34423584100022,43.22B,,,,,,,,,,,sirene,
MULTI CONNEXIONS,,,a contacter,,,,,,,,,,,,cvc,,MAUBEC,,84,,,,,,,,,,,,,,,,,,,,,,,,,,,,,,,398099325,39809932500043,43.22A,,,,,,,,,,,sirene,
MULTI SERVICES,,,a contacter,,,,,,,,,,,,cvc,,MORTAIN-BOCAGE,,50,,,,,,,,,,,,,,,,,,,,,,,,,,,,,,,388929879,38892987900020,43.22B,,,,,,,,,,,sirene,
MULTIDEP,,,a contacter,,,,,,,,,,,,cvc,,FILLINGES,,74,,,,,,,,,,,,,,,,,,,,,,,,,,,,,,,337748024,33774802400037,43.22B,,,,,,,,,,,sirene,
MULTIMEN SERVICES,,,a contacter,,,,,,,,,,,,cvc,,VILLENEUVE-D'ASCQ,,59,,,,,,,,,,,,,,,,,,,,,,,,,,,,,,,531877629,53187762900026,43.22B,,,,,,,,,,,sirene,
MULTINERGIE,,,a contacter,,,,,,,,,,,,cvc,,BEZIERS,,34,,,,,,,,,,,,,,,,,,,,,,,,,,,,,,,530923937,53092393700037,43.22B,,,,,,,,,,,sirene,
MULTITECHNIQUE CERETANE DU VALLESPIR,,,a contacter,,,,,,,,,,,,cvc,,CERET,,66,,,,,,,,,,,,,,,,,,,,,,,,,,,,,,,922285036,92228503600013,43.22A,,,,,,,,,,,sirene,
MULTITECHNIQUE DE BATIMENTS-M.T.B.,,,a contacter,,,,,,,,,,,,cvc,,SEVRES,,92,,,,,,,,,,,,,,,,,,,,,,,,,,,,,,,722052040,72205204000051,43.22B,,,,,,,,,,,sirene,
MULTITRAVAUX,,,a contacter,,,,,,,,,,,,cvc,,ECOUFLANT,,49,,,,,,,,,,,,,,,,,,,,,,,,,,,,,,,379817646,37981764600035,43.22A,,,,,,,,,,,sirene,
MUNIER,,,a contacter,,,,,,,,,,,,cvc,,SAINT-APOLLINAIRE,,21,,,,,,,,,,,,,,,,,,,,,,,,,,,,,,,015752868,01575286800032,43.22B,,,,,,,,,,,sirene,
MUST,,,a contacter,,,,,,,,,,,,cvc,,MAXEVILLE,,54,,,,,,,,,,,,,,,,,,,,,,,,,,,,,,,790123855,79012385500278,43.22B,,,,,,,,,,,sirene,
MV AIR,,,a contacter,,,,,,,,,,,,cvc,,ARGONAY,,74,,,,,,,,,,,,,,,,,,,,,,,,,,,,,,,333998458,33399845800033,43.22B,,,,,,,,,,,sirene,
MV ENERGIES,,,a contacter,,,,,,,,,,,,cvc,,MONTALIEU-VERCIEU,,38,,,,,,,,,,,,,,,,,,,,,,,,,,,,,,,523136992,52313699200063,43.22A,,,,,,,,,,,sirene,
MVJP,,,a contacter,,,,,,,,,,,,cvc,,BERGERAC,,24,,,,,,,,,,,,,,,,,,,,,,,,,,,,,,,519957435,51995743500117,43.22B,,,,,,,,,,,sirene,
MX CLIMFROID,,,a contacter,,,,,,,,,,,,cvc,,CROISSY-BEAUBOURG,,77,,,,,,,,,,,,,,,,,,,,,,,,,,,,,,,820811065,82081106500029,43.22B,,,,,,,,,,,sirene,
MY THERMY,,,a contacter,,,,,,,,,,,,cvc,,SAINT-MARS-DE-COUTAIS,,44,,,,,,,,,,,,,,,,,,,,,,,,,,,,,,,539997460,53999746000024,43.22B,,,,,,,,,,,sirene,
N JOHANN,,,a contacter,,,,,,,,,,,,cvc,,DRAGUIGNAN,,83,,,,,,,,,,,,,,,,,,,,,,,,,,,,,,,808315972,80831597200022,43.22A,,,,,,,,,,,sirene,
N.C.I.,,,a contacter,,,,,,,,,,,,cvc,,SAINT-GERMAIN-DE-LA-GRANGE,,78,,,,,,,,,,,,,,,,,,,,,,,,,,,,,,,534811609,53481160900021,43.29A,,,,,,,,,,,sirene,
N.E.R.J.-JALU,,,a contacter,,,,,,,,,,,,cvc,,SAINT-MEEN-LE-GRAND,,35,,,,,,,,,,,,,,,,,,,,,,,,,,,,,,,508207024,50820702400029,43.22B,,,,,,,,,,,sirene,
NABET PRESTA,,,a contacter,,,,,,,,,,,,cvc,,PARIS,,75,,,,,,,,,,,,,,,,,,,,,,,,,,,,,,,828785576,82878557600038,43.29A,,,,,,,,,,,sirene,
NADALON,,,a contacter,,,,,,,,,,,,cvc,,MAILLOT,,89,,,,,,,,,,,,,,,,,,,,,,,,,,,,,,,705972339,70597233900034,43.22A,,,,,,,,,,,sirene,
NATA BATIMENT,,,a contacter,,,,,,,,,,,,cvc,,MENNECY,,91,,,,,,,,,,,,,,,,,,,,,,,,,,,,,,,821614153,82161415300038,43.29A,,,,,,,,,,,sirene,
NATHERM,,,a contacter,,,,,,,,,,,,cvc,,GLEIZE,,69,,,,,,,,,,,,,,,,,,,,,,,,,,,,,,,484334529,48433452900027,43.22B,,,,,,,,,,,sirene,
NATIONAL FROID,,,a contacter,,,,,,,,,,,,cvc,,PARIS,,75,,,,,,,,,,,,,,,,,,,,,,,,,,,,,,,514818921,51481892100017,43.22B,,,,,,,,,,,sirene,
NATU PRO,,,a contacter,,,,,,,,,,,,cvc,,PARIS,,75,,,,,,,,,,,,,,,,,,,,,,,,,,,,,,,978438166,97843816600032,43.22B,,,,,,,,,,,sirene,
NATURE ENERGIE FRANCE,,,a contacter,,,,,,,,,,,,cvc,,GUEWENHEIM,,68,,,,,,,,,,,,,,,,,,,,,,,,,,,,,,,480466952,48046695200045,43.22B,,,,,,,,,,,sirene,
NATURE'L AMENAGEMENTS,,,a contacter,,,,,,,,,,,,cvc,,SAINT-ANDRE-DE-DOUBLE,,24,,,,,,,,,,,,,,,,,,,,,,,,,,,,,,,825293665,82529366500030,43.22A,,,,,,,,,,,sirene,
NAVIPLAST MARINE INDUSTRIE,,,a contacter,,,,,,,,,,,,cvc,,LANESTER,,56,,,,,,,,,,,,,,,,,,,,,,,,,,,,,,,301851218,30185121800042,43.29A,,,,,,,,,,,sirene,
NC 2008 ENVIRONNEMENT,,,a contacter,,,,,,,,,,,,cvc,,SOLAIZE,,69,,,,,,,,,,,,,,,,,,,,,,,,,,,,,,,812950970,81295097000143,43.29A,,,,,,,,,,,sirene,
ND SERVICES THERMIQUE,,,a contacter,,,,,,,,,,,,cvc,,SAINT-ETIENNE-DU-ROUVRAY,,76,,,,,,,,,,,,,,,,,,,,,,,,,,,,,,,753321892,75332189200022,43.22B,,,,,,,,,,,sirene,
NEC+SERVICES,,,a contacter,,,,,,,,,,,,cvc,,TAIN-L'HERMITAGE,,26,,,,,,,,,,,,,,,,,,,,,,,,,,,,,,,521943647,52194364700011,43.22B,,,,,,,,,,,sirene,
NEEL FRAISSE,,,a contacter,,,,,,,,,,,,cvc,,MONTBRISON,,42,,,,,,,,,,,,,,,,,,,,,,,,,,,,,,,434865291,43486529100034,43.22A,,,,,,,,,,,sirene,
NEF CONCEPT,,,a contacter,,,,,,,,,,,,cvc,,RICHWILLER,,68,,,,,,,,,,,,,,,,,,,,,,,,,,,,,,,849872999,84987299900032,43.29A,,,,,,,,,,,sirene,
NEFIS,,,a contacter,,,,,,,,,,,,cvc,,PARIS,,75,,,,,,,,,,,,,,,,,,,,,,,,,,,,,,,510700958,51070095800034,43.22A,,,,,,,,,,,sirene,
NELIOS,,,a contacter,,,,,,,,,,,,cvc,,BAGNEUX,,92,,,,,,,,,,,,,,,,,,,,,,,,,,,,,,,804390888,80439088800019,43.22B,,,,,,,,,,,sirene,
NEO,,,a contacter,,,,,,,,,,,,cvc,,MOUGINS,,06,,,,,,,,,,,,,,,,,,,,,,,,,,,,,,,454022617,45402261700046,43.22B,,,,,,,,,,,sirene,
NEO CONCEPT HABITAT,,,a contacter,,,,,,,,,,,,cvc,,CASTANET-TOLOSAN,,31,,,,,,,,,,,,,,,,,,,,,,,,,,,,,,,815311352,81531135200018,43.29A,,,,,,,,,,,sirene,
NEO THERM,,,a contacter,,,,,,,,,,,,cvc,,LE PRE-SAINT-GERVAIS,,93,,,,,,,,,,,,,,,,,,,,,,,,,,,,,,,507386514,50738651400032,43.22B,,,,,,,,,,,sirene,
NEOTEK,,,a contacter,,,,,,,,,,,,cvc,,SAINTE-MARIE,,974,,,,,,,,,,,,,,,,,,,,,,,,,,,,,,,812797645,81279764500023,43.22B,,,,,,,,,,,sirene,
NEOTHERMIC,,,a contacter,,,,,,,,,,,,cvc,,NANTES,,44,,,,,,,,,,,,,,,,,,,,,,,,,,,,,,,751729773,75172977300034,43.22A,,,,,,,,,,,sirene,
NEOVOLT,,,a contacter,,,,,,,,,,,,cvc,,SCHLIERBACH,,68,,,,,,,,,,,,,,,,,,,,,,,,,,,,,,,512540998,51254099800030,43.22A,,,,,,,,,,,sirene,
NESTIER,,,a contacter,,,,,,,,,,,,cvc,,MAZINGHEM,,62,,,,,,,,,,,,,,,,,,,,,,,,,,,,,,,432822112,43282211200012,43.22B,,,,,,,,,,,sirene,
NEW SGSC,,,a contacter,,,,,,,,,,,,cvc,,MARLY,,57,,,,,,,,,,,,,,,,,,,,,,,,,,,,,,,829257823,82925782300015,43.22B,,,,,,,,,,,sirene,
NEW WAVE ENERGIES,,,a contacter,,,,,,,,,,,,cvc,,LIMOGES,,87,,,,,,,,,,,,,,,,,,,,,,,,,,,,,,,800247272,80024727200068,43.22B,,,,,,,,,,,sirene,
NEWAY,,,a contacter,,,,,,,,,,,,cvc,,NOISY-LE-SEC,,93,,,,,,,,,,,,,,,,,,,,,,,,,,,,,,,533245338,53324533800058,43.22B,,,,,,,,,,,sirene,
NEWCLIM,,,a contacter,,,,,,,,,,,,cvc,,VILLEURBANNE,,69,,,,,,,,,,,,,,,,,,,,,,,,,,,,,,,884633017,88463301700030,43.22B,,,,,,,,,,,sirene,
NEXSON GROUP - SERVICES,,,a contacter,,,,,,,,,,,,cvc,,CAMBOUNET-SUR-LE-SOR,,81,,,,,,,,,,,,,,,,,,,,,,,,,,,,,,,892564113,89256411300033,43.22B,,,,,,,,,,,sirene,
NICE PLOMBERIE,,,a contacter,,,,,,,,,,,,cvc,,NICE,,06,,,,,,,,,,,,,,,,,,,,,,,,,,,,,,,954802062,95480206200040,43.22A,,,,,,,,,,,sirene,
NICOISE ENTRETIEN RENOVATION,,,a contacter,,,,,,,,,,,,cvc,,LA TRINITE,,06,,,,,,,,,,,,,,,,,,,,,,,,,,,,,,,317008555,31700855500052,43.22B,,,,,,,,,,,sirene,
NICOLAS,,,a contacter,,,,,,,,,,,,cvc,,NIMES,,30,,,,,,,,,,,,,,,,,,,,,,,,,,,,,,,461800054,46180005400086,43.22B,,,,,,,,,,,sirene,
NICOLAS MATHIEU,,,a contacter,,,,,,,,,,,,cvc,,MIREPOIX,,09,,,,,,,,,,,,,,,,,,,,,,,,,,,,,,,480868751,48086875100011,43.22A,,,,,,,,,,,sirene,
NICOLAS RAHOUX,,,a contacter,,,,,,,,,,,,cvc,,ALBI,,81,,,,,,,,,,,,,,,,,,,,,,,,,,,,,,,484104070,48410407000038,43.22B,,,,,,,,,,,sirene,
NIETO LOIC,,,a contacter,,,,,,,,,,,,cvc,,FREJUS,,83,,,,,,,,,,,,,,,,,,,,,,,,,,,,,,,810667477,81066747700022,43.22A,,,,,,,,,,,sirene,
NIL ENTREPRISE,,,a contacter,,,,,,,,,,,,cvc,,TRAPPES,,78,,,,,,,,,,,,,,,,,,,,,,,,,,,,,,,813739687,81373968700016,43.22A,,,,,,,,,,,sirene,
NIMACLIM,,,a contacter,,,,,,,,,,,,cvc,,CAISSARGUES,,30,,,,,,,,,,,,,,,,,,,,,,,,,,,,,,,412468233,41246823300033,43.22B,,,,,,,,,,,sirene,
NJCE,,,a contacter,,,,,,,,,,,,cvc,,MONTREUIL,,93,,,,,,,,,,,,,,,,,,,,,,,,,,,,,,,522317551,52231755100037,43.22B,,,,,,,,,,,sirene,
NOGUEIRA,,,a contacter,,,,,,,,,,,,cvc,,SAINT-LAURENT-MEDOC,,33,,,,,,,,,,,,,,,,,,,,,,,,,,,,,,,499273258,49927325800040,43.22A,,,,,,,,,,,sirene,
NOLAPRO,,,a contacter,,,,,,,,,,,,cvc,,LIVRY-GARGAN,,93,,,,,,,,,,,,,,,,,,,,,,,,,,,,,,,903439339,90343933900016,43.22B,,,,,,,,,,,sirene,
NORD CHAUFFAGE SERVICES,,,a contacter,,,,,,,,,,,,cvc,,WAMBRECHIES,,59,,,,,,,,,,,,,,,,,,,,,,,,,,,,,,,500390323,50039032300052,43.22B,,,,,,,,,,,sirene,
NORD CLIMATISATION,,,a contacter,,,,,,,,,,,,cvc,,HEM,,59,,,,,,,,,,,,,,,,,,,,,,,,,,,,,,,886680354,88668035400026,43.22B,,,,,,,,,,,sirene,
NORD HVAC,,,a contacter,,,,,,,,,,,,cvc,,SAINT-HILAIRE-SUR-HELPE,,59,,,,,,,,,,,,,,,,,,,,,,,,,,,,,,,811734284,81173428400011,43.22B,,,,,,,,,,,sirene,
NORD ISOLATION,,,a contacter,,,,,,,,,,,,cvc,,SCHILTIGHEIM,,67,,,,,,,,,,,,,,,,,,,,,,,,,,,,,,,411098981,41109898100045,43.29A,,,,,,,,,,,sirene,
NORD VENTILATION,,,a contacter,,,,,,,,,,,,cvc,,DUNKERQUE,,59,,,,,,,,,,,,,,,,,,,,,,,,,,,,,,,824898936,82489893600011,43.22B,,,,,,,,,,,sirene,
NORDFLAM,,,a contacter,,,,,,,,,,,,cvc,,PONT-A-MARCQ,,59,,,,,,,,,,,,,,,,,,,,,,,,,,,,,,,316056779,31605677900044,43.22B,,,,,,,,,,,sirene,
NORDTHERM,,,a contacter,,,,,,,,,,,,cvc,,LE BOURGET,,93,,,,,,,,,,,,,,,,,,,,,,,,,,,,,,,495059495,49505949500020,43.22B,,,,,,,,,,,sirene,
NORISO,,,a contacter,,,,,,,,,,,,cvc,,KERVIGNAC,,56,,,,,,,,,,,,,,,,,,,,,,,,,,,,,,,433551777,43355177700025,43.29A,,,,,,,,,,,sirene,
NORMANDIE ISOLATION NORMISOL,,,a contacter,,,,,,,,,,,,cvc,,CANTELEU,,76,,,,,,,,,,,,,,,,,,,,,,,,,,,,,,,310324801,31032480100037,43.29A,,,,,,,,,,,sirene,
NOUVEL AIR ECO,,,a contacter,,,,,,,,,,,,cvc,,PANTIN,,93,,,,,,,,,,,,,,,,,,,,,,,,,,,,,,,880136296,88013629600030,43.22B,,,,,,,,,,,sirene,
NOUVELLE PELCENER,,,a contacter,,,,,,,,,,,,cvc,,EMMERIN,,59,,,,,,,,,,,,,,,,,,,,,,,,,,,,,,,810761528,81076152800027,43.22B,,,,,,,,,,,sirene,
NOUVELLERE,,,a contacter,,,,,,,,,,,,cvc,,PARIS,,75,,,,,,,,,,,,,,,,,,,,,,,,,,,,,,,801941402,80194140200027,43.22B,,,,,,,,,,,sirene,
NOVA ENERGIE,,,a contacter,,,,,,,,,,,,cvc,,ROMAGNE,,35,,,,,,,,,,,,,,,,,,,,,,,,,,,,,,,910273259,91027325900010,43.22B,,,,,,,,,,,sirene,
NOVATHERMIQUE,,,a contacter,,,,,,,,,,,,cvc,,CHAMPLAN,,91,,,,,,,,,,,,,,,,,,,,,,,,,,,,,,,819908898,81990889800037,43.22A,,,,,,,,,,,sirene,
NOVECOLOGY,,,a contacter,,,,,,,,,,,,cvc,,PONTAULT-COMBAULT,,77,,,,,,,,,,,,,,,,,,,,,,,,,,,,,,,849947809,84994780900026,43.22B,,,,,,,,,,,sirene,
NOVELGIE,,,a contacter,,,,,,,,,,,,cvc,,SEVREMOINE,,49,,,,,,,,,,,,,,,,,,,,,,,,,,,,,,,838369940,83836994000021,43.22B,,,,,,,,,,,sirene,
NOVELIO,,,a contacter,,,,,,,,,,,,cvc,,VILLEFRANCHE-SUR-SAONE,,69,,,,,,,,,,,,,,,,,,,,,,,,,,,,,,,525105987,52510598700032,43.22B,,,,,,,,,,,sirene,
NOVHA PLOMBERIE,,,a contacter,,,,,,,,,,,,cvc,,LYON,,69,,,,,,,,,,,,,,,,,,,,,,,,,,,,,,,304328123,30432812300027,43.22A,,,,,,,,,,,sirene,
NOVOCLIM,,,a contacter,,,,,,,,,,,,cvc,,VIGNEUX-DE-BRETAGNE,,44,,,,,,,,,,,,,,,,,,,,,,,,,,,,,,,502267008,50226700800022,43.22B,,,,,,,,,,,sirene,
NR,,,a contacter,,,,,,,,,,,,cvc,,CARENTAN-LES-MARAIS,,50,,,,,,,,,,,,,,,,,,,,,,,,,,,,,,,844627711,84462771100014,43.29A,,,,,,,,,,,sirene,
NR HABITATION,,,a contacter,,,,,,,,,,,,cvc,,DOMPIERRE-SUR-MER,,17,,,,,,,,,,,,,,,,,,,,,,,,,,,,,,,917472748,91747274800016,43.22A,,,,,,,,,,,sirene,
NRGIE CONSEIL,,,a contacter,,,,,,,,,,,,cvc,,EGUILLES,,13,,,,,,,,,,,,,,,,,,,,,,,,,,,,,,,880379581,88037958100031,43.22B,,,,,,,,,,,sirene,
NRJ INGENIERIE,,,a contacter,,,,,,,,,,,,cvc,,LE CRES,,34,,,,,,,,,,,,,,,,,,,,,,,,,,,,,,,834633067,83463306700022,43.22B,,,,,,,,,,,sirene,
NRJ PLOMBERIE CHAUFFAGE,,,a contacter,,,,,,,,,,,,cvc,,PIA,,66,,,,,,,,,,,,,,,,,,,,,,,,,,,,,,,533309472,53330947200025,43.22A,,,,,,,,,,,sirene,
NRJ.MULTI-SERVICES,,,a contacter,,,,,,,,,,,,cvc,,AUGNY,,57,,,,,,,,,,,,,,,,,,,,,,,,,,,,,,,502657539,50265753900040,43.22B,,,,,,,,,,,sirene,
NUAGE,,,a contacter,,,,,,,,,,,,cvc,,LA TALAUDIERE,,42,,,,,,,,,,,,,,,,,,,,,,,,,,,,,,,539841635,53984163500045,43.29A,,,,,,,,,,,sirene,
NUVIATECH PROTECTION,,,a contacter,,,,,,,,,,,,cvc,,MORESTEL,,38,,,,,,,,,,,,,,,,,,,,,,,,,,,,,,,319024899,31902489900035,43.29A,,,,,,,,,,,sirene,
O.C.I BATIMENT,,,a contacter,,,,,,,,,,,,cvc,,ORLY,,94,,,,,,,,,,,,,,,,,,,,,,,,,,,,,,,903843290,90384329000011,43.22A,,,,,,,,,,,sirene,
O2 TOIT SERVICES,,,a contacter,,,,,,,,,,,,cvc,,AIX-EN-PROVENCE,,13,,,,,,,,,,,,,,,,,,,,,,,,,,,,,,,789845450,78984545000020,43.22B,,,,,,,,,,,sirene,
OBS PLOMBERIE,,,a contacter,,,,,,,,,,,,cvc,,BREVIANDES,,10,,,,,,,,,,,,,,,,,,,,,,,,,,,,,,,490873908,49087390800019,43.22A,,,,,,,,,,,sirene,
OCEATEC MAINTENANCE,,,a contacter,,,,,,,,,,,,cvc,,BREST,,29,,,,,,,,,,,,,,,,,,,,,,,,,,,,,,,429160781,42916078100036,43.22B,,,,,,,,,,,sirene,
OCELLIS ENERGIES,,,a contacter,,,,,,,,,,,,cvc,,SURESNES,,92,,,,,,,,,,,,,,,,,,,,,,,,,,,,,,,838440147,83844014700026,43.22B,,,,,,,,,,,sirene,
OCO,,,a contacter,,,,,,,,,,,,cvc,,SAINT-ANDRE,,974,,,,,,,,,,,,,,,,,,,,,,,,,,,,,,,979585973,97958597300014,43.22B,,,,,,,,,,,sirene,
OEL,,,a contacter,,,,,,,,,,,,cvc,,KERSAINT PLABENNEC,,29,,,,,,,,,,,,,,,,,,,,,,,,,,,,,,,502816028,50281602800026,43.29A,,,,,,,,,,,sirene,
OGER ROUSSEAU -COUDRAIS,,,a contacter,,,,,,,,,,,,cvc,,BEAUPREAU-EN-MAUGES,,49,,,,,,,,,,,,,,,,,,,,,,,,,,,,,,,814036539,81403653900058,43.22A,,,,,,,,,,,sirene,
OGETHERM,,,a contacter,,,,,,,,,,,,cvc,,COURNON-D'AUVERGNE,,63,,,,,,,,,,,,,,,,,,,,,,,,,,,,,,,890256514,89025651400013,43.22B,,,,,,,,,,,sirene,
OISE THERMIQUE,,,a contacter,,,,,,,,,,,,cvc,,BORNEL,,60,,,,,,,,,,,,,,,,,,,,,,,,,,,,,,,498459890,49845989000022,43.22B,,,,,,,,,,,sirene,
OLIVIER CAILLAUD,,,a contacter,,,,,,,,,,,,cvc,,CHAMPAGNE,,17,,,,,,,,,,,,,,,,,,,,,,,,,,,,,,,420401291,42040129100026,43.22B,,,,,,,,,,,sirene,
OLIVIER PENEAU (ENTREPRISE LETIESSE),,,a contacter,,,,,,,,,,,,cvc,,NOTRE-DAME-D'OE,,37,,,,,,,,,,,,,,,,,,,,,,,,,,,,,,,499686723,49968672300028,43.22B,,,,,,,,,,,sirene,
OMEGA FUITE,,,a contacter,,,,,,,,,,,,cvc,,PARIS,,75,,,,,,,,,,,,,,,,,,,,,,,,,,,,,,,898818901,89881890100024,43.22A,,,,,,,,,,,sirene,
OMEO,,,a contacter,,,,,,,,,,,,cvc,,OIGNIES,,62,,,,,,,,,,,,,,,,,,,,,,,,,,,,,,,523461135,52346113500122,43.22B,,,,,,,,,,,sirene,
OMEO SERVICES,,,a contacter,,,,,,,,,,,,cvc,,OIGNIES,,62,,,,,,,,,,,,,,,,,,,,,,,,,,,,,,,824926901,82492690100037,43.22B,,,,,,,,,,,sirene,
OMNIS FLUIDES,,,a contacter,,,,,,,,,,,,cvc,,PETITE-ILE,,974,,,,,,,,,,,,,,,,,,,,,,,,,,,,,,,894456409,89445640900016,43.22B,,,,,,,,,,,sirene,
OMNIUM GENIE CLIMATIQUE,,,a contacter,,,,,,,,,,,,cvc,,SAINT-PAUL,,974,,,,,,,,,,,,,,,,,,,,,,,,,,,,,,,499527133,49952713300031,43.22B,,,,,,,,,,,sirene,
OMNIUM PLOMBERIE MODERNE,,,a contacter,,,,,,,,,,,,cvc,,CROISSY-BEAUBOURG,,77,,,,,,,,,,,,,,,,,,,,,,,,,,,,,,,534627732,53462773200033,43.22A,,,,,,,,,,,sirene,
ONRBAT,,,a contacter,,,,,,,,,,,,cvc,,CHAMPIGNY-SUR-MARNE,,94,,,,,,,,,,,,,,,,,,,,,,,,,,,,,,,884952433,88495243300024,43.22B,,,,,,,,,,,sirene,
OPALE ENERGIE SERVICES,,,a contacter,,,,,,,,,,,,cvc,,BOULOGNE-SUR-MER,,62,,,,,,,,,,,,,,,,,,,,,,,,,,,,,,,520304882,52030488200027,43.22A,,,,,,,,,,,sirene,
OPALE GEOTHERMIE,,,a contacter,,,,,,,,,,,,cvc,,AUTINGUES,,62,,,,,,,,,,,,,,,,,,,,,,,,,,,,,,,493883805,49388380500019,43.22B,,,,,,,,,,,sirene,
OPEMA,,,a contacter,,,,,,,,,,,,cvc,,SAINT-ETIENNE,,42,,,,,,,,,,,,,,,,,,,,,,,,,,,,,,,440858835,44085883500034,43.29A,,,,,,,,,,,sirene,
OPTEOR ILE DE FRANCE,,,a contacter,,,,,,,,,,,,cvc,,GENNEVILLIERS,,92,,,,,,,,,,,,,,,,,,,,,,,,,,,,,,,699802609,69980260900072,43.22B,,,,,,,,,,,sirene,
OPTIHOME,,,a contacter,,,,,,,,,,,,cvc,,RONCQ,,59,,,,,,,,,,,,,,,,,,,,,,,,,,,,,,,517795753,51779575300022,43.22B,,,,,,,,,,,sirene,
OPTIM'HOME ENERGIE,,,a contacter,,,,,,,,,,,,cvc,,BRUGES,,33,,,,,,,,,,,,,,,,,,,,,,,,,,,,,,,893277178,89327717800024,43.22A,,,,,,,,,,,sirene,
OPTIMISATION ENERGETIQUE-OPEN,,,a contacter,,,,,,,,,,,,cvc,,VAIRES-SUR-MARNE,,77,,,,,,,,,,,,,,,,,,,,,,,,,,,,,,,820119972,82011997200041,43.22A,,,,,,,,,,,sirene,
OPTIMISO,,,a contacter,,,,,,,,,,,,cvc,,CHOLET,,49,,,,,,,,,,,,,,,,,,,,,,,,,,,,,,,829010040,82901004000030,43.22B,,,,,,,,,,,sirene,
OREO,,,a contacter,,,,,,,,,,,,cvc,,AIX-EN-PROVENCE,,13,,,,,,,,,,,,,,,,,,,,,,,,,,,,,,,499792067,49979206700021,43.22B,,,,,,,,,,,sirene,
ORIOL,,,a contacter,,,,,,,,,,,,cvc,,SAINT-ETIENNE,,42,,,,,,,,,,,,,,,,,,,,,,,,,,,,,,,694500968,69450096800029,43.22B,,,,,,,,,,,sirene,
ORLANDO FILIPE,,,a contacter,,,,,,,,,,,,cvc,,LESPIGNAN,,34,,,,,,,,,,,,,,,,,,,,,,,,,,,,,,,448130443,44813044300014,43.29A,,,,,,,,,,,sirene,
ORTI LABESSOUILLE,,,a contacter,,,,,,,,,,,,cvc,,CASTRES,,81,,,,,,,,,,,,,,,,,,,,,,,,,,,,,,,841053648,84105364800025,43.22A,,,,,,,,,,,sirene,
OSTAL,,,a contacter,,,,,,,,,,,,cvc,,SIGEAN,,11,,,,,,,,,,,,,,,,,,,,,,,,,,,,,,,813744877,81374487700016,43.29A,,,,,,,,,,,sirene,
OUEST DEPANNAGE,,,a contacter,,,,,,,,,,,,cvc,,LINAS,,91,,,,,,,,,,,,,,,,,,,,,,,,,,,,,,,450307574,45030757400035,43.22A,,,,,,,,,,,sirene,
OUEST ENERGIE,,,a contacter,,,,,,,,,,,,cvc,,MELGVEN,,29,,,,,,,,,,,,,,,,,,,,,,,,,,,,,,,438965535,43896553500042,43.29A,,,,,,,,,,,sirene,
OUEST ENERGIES CONCEPTS,,,a contacter,,,,,,,,,,,,cvc,,ANCENIS-SAINT-GEREON,,44,,,,,,,,,,,,,,,,,,,,,,,,,,,,,,,523229573,52322957300028,43.22B,,,,,,,,,,,sirene,
OUEST PLOMBERIE ELECTRICITE,,,a contacter,,,,,,,,,,,,cvc,,GRANDCHAMP-DES-FONTAINES,,44,,,,,,,,,,,,,,,,,,,,,,,,,,,,,,,392471637,39247163700034,43.22B,,,,,,,,,,,sirene,
OV ISOLATION,,,a contacter,,,,,,,,,,,,cvc,,CHOISY-AU-BAC,,60,,,,,,,,,,,,,,,,,,,,,,,,,,,,,,,790696116,79069611600033,43.29A,,,,,,,,,,,sirene,
OVALPRO-ARA,,,a contacter,,,,,,,,,,,,cvc,,LA FOUILLOUSE,,42,,,,,,,,,,,,,,,,,,,,,,,,,,,,,,,980020267,98002026700020,43.29A,,,,,,,,,,,sirene,
OXALLI,,,a contacter,,,,,,,,,,,,cvc,,MERY,,73,,,,,,,,,,,,,,,,,,,,,,,,,,,,,,,789396504,78939650400019,43.22B,,,,,,,,,,,sirene,
OZENNE ENERGIES - OZENNE CONCEPTION,,,a contacter,,,,,,,,,,,,cvc,,VIRE NORMANDIE,,14,,,,,,,,,,,,,,,,,,,,,,,,,,,,,,,339773749,33977374900066,43.22B,,,,,,,,,,,sirene,
OZONERGIES,,,a contacter,,,,,,,,,,,,cvc,,TREGUEUX,,22,,,,,,,,,,,,,,,,,,,,,,,,,,,,,,,509545026,50954502600049,43.22B,,,,,,,,,,,sirene,
P BEYNEL,,,a contacter,,,,,,,,,,,,cvc,,EYSINES,,33,,,,,,,,,,,,,,,,,,,,,,,,,,,,,,,515040046,51504004600051,43.22B,,,,,,,,,,,sirene,
P C S B,,,a contacter,,,,,,,,,,,,cvc,,ALES,,30,,,,,,,,,,,,,,,,,,,,,,,,,,,,,,,413677949,41367794900054,43.22A,,,,,,,,,,,sirene,
P DEBARLE ENTREPRISE,,,a contacter,,,,,,,,,,,,cvc,,NEUILLY-SUR-SEINE,,92,,,,,,,,,,,,,,,,,,,,,,,,,,,,,,,315483776,31548377600029,43.22A,,,,,,,,,,,sirene,
P-TEC,,,a contacter,,,,,,,,,,,,cvc,,COURTRY,,77,,,,,,,,,,,,,,,,,,,,,,,,,,,,,,,808779789,80877978900052,43.22A,,,,,,,,,,,sirene,
P.B.F PLOMBIERS - MIROITIERS,,,a contacter,,,,,,,,,,,,cvc,,VILLARD-BONNOT,,38,,,,,,,,,,,,,,,,,,,,,,,,,,,,,,,534386719,53438671900023,43.22A,,,,,,,,,,,sirene,
P.C.P.V.,,,a contacter,,,,,,,,,,,,cvc,,HAM,,80,,,,,,,,,,,,,,,,,,,,,,,,,,,,,,,448311209,44831120900044,43.22A,,,,,,,,,,,sirene,
P.C.S.,,,a contacter,,,,,,,,,,,,cvc,,DREUX,,28,,,,,,,,,,,,,,,,,,,,,,,,,,,,,,,483118774,48311877400023,43.22B,,,,,,,,,,,sirene,
P.C.S. SERVICES,,,a contacter,,,,,,,,,,,,cvc,,TARBES,,65,,,,,,,,,,,,,,,,,,,,,,,,,,,,,,,493210314,49321031400024,43.22A,,,,,,,,,,,sirene,
P.S.B,,,a contacter,,,,,,,,,,,,cvc,,AUBERVILLIERS,,93,,,,,,,,,,,,,,,,,,,,,,,,,,,,,,,830821534,83082153400013,43.22A,,,,,,,,,,,sirene,
P.V.P,,,a contacter,,,,,,,,,,,,cvc,,GENNEVILLIERS,,92,,,,,,,,,,,,,,,,,,,,,,,,,,,,,,,552005670,55200567000054,43.22A,,,,,,,,,,,sirene,
"P2A BATIMENT (PLOMBERIE, ELECTRICITE ET CHAUFFAGISTE)",,,a contacter,,,,,,,,,,,,cvc,,LE BOURGET,,93,,,,,,,,,,,,,,,,,,,,,,,,,,,,,,,539750711,53975071100035,43.22A,,,,,,,,,,,sirene,
P2C ENERGIES,,,a contacter,,,,,,,,,,,,cvc,,LE NEUBOURG,,27,,,,,,,,,,,,,,,,,,,,,,,,,,,,,,,391656741,39165674100033,43.22A,,,,,,,,,,,sirene,
PAC ACCESS,,,a contacter,,,,,,,,,,,,cvc,,VILLEURBANNE,,69,,,,,,,,,,,,,,,,,,,,,,,,,,,,,,,845356815,84535681500025,43.22B,,,,,,,,,,,sirene,
PAC ENERGIE SOLIDAIRE,,,a contacter,,,,,,,,,,,,cvc,,MONTELIMAR,,26,,,,,,,,,,,,,,,,,,,,,,,,,,,,,,,887899839,88789983900021,43.22B,,,,,,,,,,,sirene,
PACAQUITAINE,,,a contacter,,,,,,,,,,,,cvc,,MUGRON,,40,,,,,,,,,,,,,,,,,,,,,,,,,,,,,,,833310816,83331081600032,43.22B,,,,,,,,,,,sirene,
PACTE ISOLATIONS,,,a contacter,,,,,,,,,,,,cvc,,GENNEVILLIERS,,92,,,,,,,,,,,,,,,,,,,,,,,,,,,,,,,844577874,84457787400036,43.29A,,,,,,,,,,,sirene,
PAE MULTISERVICE,,,a contacter,,,,,,,,,,,,cvc,,BAILLARGUES,,34,,,,,,,,,,,,,,,,,,,,,,,,,,,,,,,905210134,90521013400037,43.22B,,,,,,,,,,,sirene,
PAILLAS LAURENT EURL,,,a contacter,,,,,,,,,,,,cvc,,PRIX-LES-MEZIERES,,08,,,,,,,,,,,,,,,,,,,,,,,,,,,,,,,395301104,39530110400018,43.22A,,,,,,,,,,,sirene,
PAJOT-CHENECHAUD,,,a contacter,,,,,,,,,,,,cvc,,LES SABLES D'OLONNE,,85,,,,,,,,,,,,,,,,,,,,,,,,,,,,,,,487380081,48738008100017,43.22B,,,,,,,,,,,sirene,
PALLUET FRERES,,,a contacter,,,,,,,,,,,,cvc,,SAINT-CYR-DE-FAVIERES,,42,,,,,,,,,,,,,,,,,,,,,,,,,,,,,,,433062379,43306237900030,43.22A,,,,,,,,,,,sirene,
PANDA,,,a contacter,,,,,,,,,,,,cvc,,FRANCONVILLE,,95,,,,,,,,,,,,,,,,,,,,,,,,,,,,,,,920358330,92035833000016,43.29A,,,,,,,,,,,sirene,
PARBAUD,,,a contacter,,,,,,,,,,,,cvc,,LA SOUTERRAINE,,23,,,,,,,,,,,,,,,,,,,,,,,,,,,,,,,508152386,50815238600019,43.22B,,,,,,,,,,,sirene,
PARCHET OLIVIER,,,a contacter,,,,,,,,,,,,cvc,,VIUZ-EN-SALLAZ,,74,,,,,,,,,,,,,,,,,,,,,,,,,,,,,,,442707709,44270770900022,43.22B,,,,,,,,,,,sirene,
PARE,,,a contacter,,,,,,,,,,,,cvc,,SIX-FOURS-LES-PLAGES,,83,,,,,,,,,,,,,,,,,,,,,,,,,,,,,,,391674231,39167423100025,43.22A,,,,,,,,,,,sirene,
PARIEST,,,a contacter,,,,,,,,,,,,cvc,,CRECY-LA-CHAPELLE,,77,,,,,,,,,,,,,,,,,,,,,,,,,,,,,,,808984876,80898487600025,43.22B,,,,,,,,,,,sirene,
PARISOL ET FLOCAGE,,,a contacter,,,,,,,,,,,,cvc,,SAINT-MARD,,77,,,,,,,,,,,,,,,,,,,,,,,,,,,,,,,484223003,48422300300050,43.22B,,,,,,,,,,,sirene,
PARTENAIRE HABITAT,,,a contacter,,,,,,,,,,,,cvc,,CHATELLERAULT,,86,,,,,,,,,,,,,,,,,,,,,,,,,,,,,,,483207007,48320700700061,43.29A,,,,,,,,,,,sirene,
PARTNER CHAUFFAGE,,,a contacter,,,,,,,,,,,,cvc,,LARRINGES,,74,,,,,,,,,,,,,,,,,,,,,,,,,,,,,,,434274767,43427476700020,43.22A,,,,,,,,,,,sirene,
PASCAL CHAPALAIN,,,a contacter,,,,,,,,,,,,cvc,,PLOUIGNEAU,,29,,,,,,,,,,,,,,,,,,,,,,,,,,,,,,,534489166,53448916600015,43.22A,,,,,,,,,,,sirene,
PASINI FRERES,,,a contacter,,,,,,,,,,,,cvc,,SEYSSINS,,38,,,,,,,,,,,,,,,,,,,,,,,,,,,,,,,068500479,06850047900057,43.22B,,,,,,,,,,,sirene,
PASQUIER BERJONNEAU,,,a contacter,,,,,,,,,,,,cvc,,ANGLES,,85,,,,,,,,,,,,,,,,,,,,,,,,,,,,,,,453152191,45315219100012,43.22A,,,,,,,,,,,sirene,
PASSION CLIM,,,a contacter,,,,,,,,,,,,cvc,,RICHWILLER,,68,,,,,,,,,,,,,,,,,,,,,,,,,,,,,,,810724344,81072434400025,43.22B,,,,,,,,,,,sirene,
PATINET,,,a contacter,,,,,,,,,,,,cvc,,REIMS,,51,,,,,,,,,,,,,,,,,,,,,,,,,,,,,,,348814013,34881401300028,43.22B,,,,,,,,,,,sirene,
PATRICK ELISABETH,,,a contacter,,,,,,,,,,,,cvc,,SOLIERS,,14,,,,,,,,,,,,,,,,,,,,,,,,,,,,,,,419041082,41904108200035,43.22A,,,,,,,,,,,sirene,
PC 93,,,a contacter,,,,,,,,,,,,cvc,,BOBIGNY,,93,,,,,,,,,,,,,,,,,,,,,,,,,,,,,,,909485658,90948565800019,43.22A,,,,,,,,,,,sirene,
PC BAT,,,a contacter,,,,,,,,,,,,cvc,,VITRY-SUR-SEINE,,94,,,,,,,,,,,,,,,,,,,,,,,,,,,,,,,830065835,83006583500019,43.22A,,,,,,,,,,,sirene,
PC CARROZZA,,,a contacter,,,,,,,,,,,,cvc,,ROQUEBRUNE-SUR-ARGENS,,83,,,,,,,,,,,,,,,,,,,,,,,,,,,,,,,805362035,80536203500026,43.22A,,,,,,,,,,,sirene,
PC DISTRIBUTION,,,a contacter,,,,,,,,,,,,cvc,,MAGNE,,79,,,,,,,,,,,,,,,,,,,,,,,,,,,,,,,808790703,80879070300025,43.22A,,,,,,,,,,,sirene,
PC ELEC,,,a contacter,,,,,,,,,,,,cvc,,COMBOURG,,35,,,,,,,,,,,,,,,,,,,,,,,,,,,,,,,791306707,79130670700039,43.29A,,,,,,,,,,,sirene,
PC RENOVATION,,,a contacter,,,,,,,,,,,,cvc,,LE BOUSCAT,,33,,,,,,,,,,,,,,,,,,,,,,,,,,,,,,,891926289,89192628900010,43.29A,,,,,,,,,,,sirene,
PC2E,,,a contacter,,,,,,,,,,,,cvc,,AVOINE,,37,,,,,,,,,,,,,,,,,,,,,,,,,,,,,,,499788065,49978806500039,43.22A,,,,,,,,,,,sirene,
PC2S,,,a contacter,,,,,,,,,,,,cvc,,LES LILAS,,93,,,,,,,,,,,,,,,,,,,,,,,,,,,,,,,902833995,90283399500019,43.22A,,,,,,,,,,,sirene,
PCC. IDF,,,a contacter,,,,,,,,,,,,cvc,,ARNOUVILLE,,95,,,,,,,,,,,,,,,,,,,,,,,,,,,,,,,507828010,50782801000037,43.22A,,,,,,,,,,,sirene,
PCC.REALISATION,,,a contacter,,,,,,,,,,,,cvc,,PARIS,,75,,,,,,,,,,,,,,,,,,,,,,,,,,,,,,,880716303,88071630300024,43.22A,,,,,,,,,,,sirene,
PCD,,,a contacter,,,,,,,,,,,,cvc,,FLEURY-LES-AUBRAIS,,45,,,,,,,,,,,,,,,,,,,,,,,,,,,,,,,788479236,78847923600044,43.22A,,,,,,,,,,,sirene,
PCI DECOR,,,a contacter,,,,,,,,,,,,cvc,,LE MANS,,72,,,,,,,,,,,,,,,,,,,,,,,,,,,,,,,819769670,81976967000020,43.29A,,,,,,,,,,,sirene,
PCS,,,a contacter,,,,,,,,,,,,cvc,,VILLENEUVE-LE-ROI,,94,,,,,,,,,,,,,,,,,,,,,,,,,,,,,,,892173667,89217366700023,43.22A,,,,,,,,,,,sirene,
PCV 2A,,,a contacter,,,,,,,,,,,,cvc,,SARROLA-CARCOPINO,,2A,,,,,,,,,,,,,,,,,,,,,,,,,,,,,,,517748646,51774864600034,43.22B,,,,,,,,,,,sirene,
PCV-THERM,,,a contacter,,,,,,,,,,,,cvc,,BOBIGNY,,93,,,,,,,,,,,,,,,,,,,,,,,,,,,,,,,818005597,81800559700021,43.22A,,,,,,,,,,,sirene,
PECQUENARD F. PERE & FILS,,,a contacter,,,,,,,,,,,,cvc,,IVRY-LA-BATAILLE,,27,,,,,,,,,,,,,,,,,,,,,,,,,,,,,,,384078705,38407870500025,43.22A,,,,,,,,,,,sirene,
PECS COTE D AZUR,,,a contacter,,,,,,,,,,,,cvc,,LE MUY,,83,,,,,,,,,,,,,,,,,,,,,,,,,,,,,,,833809536,83380953600026,43.22A,,,,,,,,,,,sirene,
PECS LANGUEDOC,,,a contacter,,,,,,,,,,,,cvc,,MONTPELLIER,,34,,,,,,,,,,,,,,,,,,,,,,,,,,,,,,,824366207,82436620700010,43.22A,,,,,,,,,,,sirene,
PEFC,,,a contacter,,,,,,,,,,,,cvc,,SAINTE-SUZANNE,,974,,,,,,,,,,,,,,,,,,,,,,,,,,,,,,,841047640,84104764000039,43.22B,,,,,,,,,,,sirene,
PEGAZ,,,a contacter,,,,,,,,,,,,cvc,,LE PERREUX-SUR-MARNE,,94,,,,,,,,,,,,,,,,,,,,,,,,,,,,,,,439928573,43992857300039,43.22B,,,,,,,,,,,sirene,
PEM TECHNOLOGIES,,,a contacter,,,,,,,,,,,,cvc,,SAINT-OUEN-L'AUMONE,,95,,,,,,,,,,,,,,,,,,,,,,,,,,,,,,,539166124,53916612400021,43.22B,,,,,,,,,,,sirene,
PERFHOME,,,a contacter,,,,,,,,,,,,cvc,,SEQUEDIN,,59,,,,,,,,,,,,,,,,,,,,,,,,,,,,,,,519021398,51902139800036,43.22B,,,,,,,,,,,sirene,
PERFORMANCE ACTION CLIMATIQUE,,,a contacter,,,,,,,,,,,,cvc,,NICE,,06,,,,,,,,,,,,,,,,,,,,,,,,,,,,,,,421835497,42183549700015,43.22B,,,,,,,,,,,sirene,
PERRAUDEAU P.E.C.,,,a contacter,,,,,,,,,,,,cvc,,PALLUAU,,85,,,,,,,,,,,,,,,,,,,,,,,,,,,,,,,540065000,54006500000015,43.22A,,,,,,,,,,,sirene,
PES ISOLATION,,,a contacter,,,,,,,,,,,,cvc,,MALAKOFF,,92,,,,,,,,,,,,,,,,,,,,,,,,,,,,,,,812484384,81248438400027,43.29A,,,,,,,,,,,sirene,
PETTON ENERGIES,,,a contacter,,,,,,,,,,,,cvc,,SAINT RENAN,,29,,,,,,,,,,,,,,,,,,,,,,,,,,,,,,,330908138,33090813800028,43.22B,,,,,,,,,,,sirene,
PFRIMMER VALENTIN SARL,,,a contacter,,,,,,,,,,,,cvc,,BETSCHDORF,,67,,,,,,,,,,,,,,,,,,,,,,,,,,,,,,,314789520,31478952000025,43.22A,,,,,,,,,,,sirene,
PGA PLOMBERIE,,,a contacter,,,,,,,,,,,,cvc,,AUBERVILLIERS,,93,,,,,,,,,,,,,,,,,,,,,,,,,,,,,,,829311810,82931181000016,43.22A,,,,,,,,,,,sirene,
PH ENERGIES,,,a contacter,,,,,,,,,,,,cvc,,FLEURY-SUR-ORNE,,14,,,,,,,,,,,,,,,,,,,,,,,,,,,,,,,482121647,48212164700028,43.22B,,,,,,,,,,,sirene,
PH7,,,a contacter,,,,,,,,,,,,cvc,,SALEILLES,,66,,,,,,,,,,,,,,,,,,,,,,,,,,,,,,,523691681,52369168100028,43.22A,,,,,,,,,,,sirene,
PHEBUS,,,a contacter,,,,,,,,,,,,cvc,,CHAMPAGNE-AU-MONT-D'OR,,69,,,,,,,,,,,,,,,,,,,,,,,,,,,,,,,309285617,30928561700077,43.22B,,,,,,,,,,,sirene,
PHIL ENERGIE,,,a contacter,,,,,,,,,,,,cvc,,NOYELLES-SOUS-LENS,,62,,,,,,,,,,,,,,,,,,,,,,,,,,,,,,,878963461,87896346100024,43.22B,,,,,,,,,,,sirene,
PHILAQUA,,,a contacter,,,,,,,,,,,,cvc,,CONFLANS-SAINTE-HONORINE,,78,,,,,,,,,,,,,,,,,,,,,,,,,,,,,,,829825884,82982588400036,43.22A,,,,,,,,,,,sirene,
PHILIPPE BAILLY THERMI GAZ,,,a contacter,,,,,,,,,,,,cvc,,VAUX-SUR-MER,,17,,,,,,,,,,,,,,,,,,,,,,,,,,,,,,,421551276,42155127600023,43.22B,,,,,,,,,,,sirene,
PHILIPPE LENEVEU (ENTREPRISE LENEVEU),,,a contacter,,,,,,,,,,,,cvc,,BOIS D ARCY,,78,,,,,,,,,,,,,,,,,,,,,,,,,,,,,,,433225554,43322555400040,43.22A,,,,,,,,,,,sirene,
PI INSTALL,,,a contacter,,,,,,,,,,,,cvc,,MONTREVEL-EN-BRESSE,,01,,,,,,,,,,,,,,,,,,,,,,,,,,,,,,,439229386,43922938600024,43.29A,,,,,,,,,,,sirene,
PICARD,,,a contacter,,,,,,,,,,,,cvc,,SAINT-CLAUDE,,39,,,,,,,,,,,,,,,,,,,,,,,,,,,,,,,300220233,30022023300054,43.22B,,,,,,,,,,,sirene,
PICHON,,,a contacter,,,,,,,,,,,,cvc,,SAINTE-SIGOLENE,,43,,,,,,,,,,,,,,,,,,,,,,,,,,,,,,,317928661,31792866100022,43.22B,,,,,,,,,,,sirene,
PICOT FRERES ENTREPRENEURS,,,a contacter,,,,,,,,,,,,cvc,,ERMONT,,95,,,,,,,,,,,,,,,,,,,,,,,,,,,,,,,578201972,57820197200028,43.22A,,,,,,,,,,,sirene,
PICOTY TECH 16-17,,,a contacter,,,,,,,,,,,,cvc,,CHAMPNIERS,,16,,,,,,,,,,,,,,,,,,,,,,,,,,,,,,,443905690,44390569000055,43.22A,,,,,,,,,,,sirene,
PIEPLU PAUL,,,a contacter,,,,,,,,,,,,cvc,,SANNERVILLE,,14,,,,,,,,,,,,,,,,,,,,,,,,,,,,,,,483527644,48352764400015,43.22A,,,,,,,,,,,sirene,
PIERIC,,,a contacter,,,,,,,,,,,,cvc,,CAPPELLE-LA-GRANDE,,59,,,,,,,,,,,,,,,,,,,,,,,,,,,,,,,444852016,44485201600021,43.22B,,,,,,,,,,,sirene,
PIERRE BUSCEMI,,,a contacter,,,,,,,,,,,,cvc,,MARSEILLE,,13,,,,,,,,,,,,,,,,,,,,,,,,,,,,,,,507608867,50760886700028,43.22A,,,,,,,,,,,sirene,
PIERRE GIORDANI,,,a contacter,,,,,,,,,,,,cvc,,BIGUGLIA,,2B,,,,,,,,,,,,,,,,,,,,,,,,,,,,,,,438451718,43845171800045,43.22B,,,,,,,,,,,sirene,
PIERRE MORILLE DEPANNAGE,,,a contacter,,,,,,,,,,,,cvc,,GUERMANTES,,77,,,,,,,,,,,,,,,,,,,,,,,,,,,,,,,411284839,41128483900015,43.22B,,,,,,,,,,,sirene,
PIERRE STREIFF,,,a contacter,,,,,,,,,,,,cvc,,SAINT-MARTIN-LE-VINOUX,,38,,,,,,,,,,,,,,,,,,,,,,,,,,,,,,,341519056,34151905600012,43.22B,,,,,,,,,,,sirene,
PIM,,,a contacter,,,,,,,,,,,,cvc,,VALLAURIS,,06,,,,,,,,,,,,,,,,,,,,,,,,,,,,,,,424448017,42444801700048,43.29A,,,,,,,,,,,sirene,
PINEAU THERMIC SYSTEM,,,a contacter,,,,,,,,,,,,cvc,,CRAON,,53,,,,,,,,,,,,,,,,,,,,,,,,,,,,,,,312614209,31261420900046,43.22B,,,,,,,,,,,sirene,
PINTO SECURITE INCENDIE DESENFUMAGE,,,a contacter,,,,,,,,,,,,cvc,,SAINT-OUEN-L'AUMONE,,95,,,,,,,,,,,,,,,,,,,,,,,,,,,,,,,402427900,40242790000046,43.22A,,,,,,,,,,,sirene,
PIQUET ET FILS,,,a contacter,,,,,,,,,,,,cvc,,VINCENNES,,94,,,,,,,,,,,,,,,,,,,,,,,,,,,,,,,752535336,75253533600016,43.22A,,,,,,,,,,,sirene,
PIQUOT,,,a contacter,,,,,,,,,,,,cvc,,CAEN,,14,,,,,,,,,,,,,,,,,,,,,,,,,,,,,,,315175828,31517582800021,43.22B,,,,,,,,,,,sirene,
PLAFOND'ECO,,,a contacter,,,,,,,,,,,,cvc,,LOISON-SOUS-LENS,,62,,,,,,,,,,,,,,,,,,,,,,,,,,,,,,,791194533,79119453300018,43.29A,,,,,,,,,,,sirene,
PLANETE SERVICE,,,a contacter,,,,,,,,,,,,cvc,,LE BOURGET,,93,,,,,,,,,,,,,,,,,,,,,,,,,,,,,,,505244103,50524410300725,43.29A,,,,,,,,,,,sirene,
PLANITIS ENERGIE,,,a contacter,,,,,,,,,,,,cvc,,PARIS,,75,,,,,,,,,,,,,,,,,,,,,,,,,,,,,,,825158470,82515847000062,43.29A,,,,,,,,,,,sirene,
PLANTELIN SARL,,,a contacter,,,,,,,,,,,,cvc,,CHATENAY-MALABRY,,92,,,,,,,,,,,,,,,,,,,,,,,,,,,,,,,493178040,49317804000066,43.29A,,,,,,,,,,,sirene,
PLANTIN BATIMENT,,,a contacter,,,,,,,,,,,,cvc,,GEVEZE,,35,,,,,,,,,,,,,,,,,,,,,,,,,,,,,,,439560426,43956042600025,43.22A,,,,,,,,,,,sirene,
PLASTICA,,,a contacter,,,,,,,,,,,,cvc,,SAESSOLSHEIM,,67,,,,,,,,,,,,,,,,,,,,,,,,,,,,,,,333925592,33392559200037,43.29A,,,,,,,,,,,sirene,
PLOMAX,,,a contacter,,,,,,,,,,,,cvc,,TOULOUSE,,31,,,,,,,,,,,,,,,,,,,,,,,,,,,,,,,491416327,49141632700014,43.22A,,,,,,,,,,,sirene,
PLOMB ECO,,,a contacter,,,,,,,,,,,,cvc,,CAYENNE,,973,,,,,,,,,,,,,,,,,,,,,,,,,,,,,,,524881323,52488132300033,43.22A,,,,,,,,,,,sirene,
PLOMB ECO DEPANNAGE,,,a contacter,,,,,,,,,,,,cvc,,CAYENNE,,973,,,,,,,,,,,,,,,,,,,,,,,,,,,,,,,849497755,84949775500033,43.22A,,,,,,,,,,,sirene,
PLOMB ELEC SYSTEME,,,a contacter,,,,,,,,,,,,cvc,,USSAC,,19,,,,,,,,,,,,,,,,,,,,,,,,,,,,,,,504494584,50449458400023,43.22A,,,,,,,,,,,sirene,
PLOMB TECH,,,a contacter,,,,,,,,,,,,cvc,,CAYENNE,,973,,,,,,,,,,,,,,,,,,,,,,,,,,,,,,,830472619,83047261900030,43.22A,,,,,,,,,,,sirene,
PLOMB'IMMO GUYANE,,,a contacter,,,,,,,,,,,,cvc,,MATOURY,,973,,,,,,,,,,,,,,,,,,,,,,,,,,,,,,,880862115,88086211500016,43.22A,,,,,,,,,,,sirene,
PLOMBELEC,,,a contacter,,,,,,,,,,,,cvc,,CHASSIEU,,69,,,,,,,,,,,,,,,,,,,,,,,,,,,,,,,501903447,50190344700040,43.22A,,,,,,,,,,,sirene,
PLOMBEO,,,a contacter,,,,,,,,,,,,cvc,,MAREUIL-SUR-LAY-DISSAIS,,85,,,,,,,,,,,,,,,,,,,,,,,,,,,,,,,333801512,33380151200034,43.22A,,,,,,,,,,,sirene,
PLOMBERI CHAUFFAGE VENTILATION ENTRETIEN,,,a contacter,,,,,,,,,,,,cvc,,EVRY-COURCOURONNES,,91,,,,,,,,,,,,,,,,,,,,,,,,,,,,,,,318962891,31896289100038,43.22A,,,,,,,,,,,sirene,
PLOMBERIE BERGUES,,,a contacter,,,,,,,,,,,,cvc,,RILLIEUX-LA-PAPE,,69,,,,,,,,,,,,,,,,,,,,,,,,,,,,,,,532353315,53235331500015,43.22A,,,,,,,,,,,sirene,
PLOMBERIE CALADOISE,,,a contacter,,,,,,,,,,,,cvc,,VILLEFRANCHE-SUR-SAONE,,69,,,,,,,,,,,,,,,,,,,,,,,,,,,,,,,789768769,78976876900034,43.22A,,,,,,,,,,,sirene,
PLOMBERIE CHAUFFAGE CLIMATISATION,,,a contacter,,,,,,,,,,,,cvc,,COIGNIERES,,78,,,,,,,,,,,,,,,,,,,,,,,,,,,,,,,499891406,49989140600021,43.22A,,,,,,,,,,,sirene,
PLOMBERIE CHAUFFAGE DU TRAPEL,,,a contacter,,,,,,,,,,,,cvc,,VILLEMOUSTAUSSOU,,11,,,,,,,,,,,,,,,,,,,,,,,,,,,,,,,799179494,79917949400023,43.22A,,,,,,,,,,,sirene,
PLOMBERIE CHAUFFAGE LEMARQUAND,,,a contacter,,,,,,,,,,,,cvc,,FREJUS,,83,,,,,,,,,,,,,,,,,,,,,,,,,,,,,,,393939335,39393933500039,43.22A,,,,,,,,,,,sirene,
PLOMBERIE COUTRILLONNE,,,a contacter,,,,,,,,,,,,cvc,,COUTRAS,,33,,,,,,,,,,,,,,,,,,,,,,,,,,,,,,,809711468,80971146800029,43.22A,,,,,,,,,,,sirene,
PLOMBERIE DE LA TET,,,a contacter,,,,,,,,,,,,cvc,,PONTEILLA,,66,,,,,,,,,,,,,,,,,,,,,,,,,,,,,,,443390851,44339085100022,43.22A,,,,,,,,,,,sirene,
PLOMBERIE DU HAUT BERRY,,,a contacter,,,,,,,,,,,,cvc,,QUANTILLY,,18,,,,,,,,,,,,,,,,,,,,,,,,,,,,,,,432368132,43236813200044,43.22A,,,,,,,,,,,sirene,
PLOMBERIE ELECTRICITE CHAUFFAGE SOLAIRE,,,a contacter,,,,,,,,,,,,cvc,,ROUSSET,,13,,,,,,,,,,,,,,,,,,,,,,,,,,,,,,,789758059,78975805900040,43.22A,,,,,,,,,,,sirene,
PLOMBERIE ELECTRICITE MOULINS,,,a contacter,,,,,,,,,,,,cvc,,MAULEON,,79,,,,,,,,,,,,,,,,,,,,,,,,,,,,,,,480246495,48024649500026,43.22A,,,,,,,,,,,sirene,
PLOMBERIE GENEVRIER,,,a contacter,,,,,,,,,,,,cvc,,VAULX-EN-VELIN,,69,,,,,,,,,,,,,,,,,,,,,,,,,,,,,,,481013894,48101389400029,43.22A,,,,,,,,,,,sirene,
PLOMBERIE GERARD,,,a contacter,,,,,,,,,,,,cvc,,VAULX-EN-VELIN,,69,,,,,,,,,,,,,,,,,,,,,,,,,,,,,,,321071102,32107110200024,43.22A,,,,,,,,,,,sirene,
PLOMBERIE GRANGE,,,a contacter,,,,,,,,,,,,cvc,,BELLERIVE-SUR-ALLIER,,03,,,,,,,,,,,,,,,,,,,,,,,,,,,,,,,443114608,44311460800021,43.22A,,,,,,,,,,,sirene,
PLOMBERIE PRO,,,a contacter,,,,,,,,,,,,cvc,,SAINT-OUEN-L'AUMONE,,95,,,,,,,,,,,,,,,,,,,,,,,,,,,,,,,753715176,75371517600032,43.22A,,,,,,,,,,,sirene,
PLOMBERIE SANITAIRE VENTILATION REUNION,,,a contacter,,,,,,,,,,,,cvc,,SAINT-DENIS,,974,,,,,,,,,,,,,,,,,,,,,,,,,,,,,,,522296078,52229607800010,43.22A,,,,,,,,,,,sirene,
PLOMBERIE SERVICE,,,a contacter,,,,,,,,,,,,cvc,,VANVES,,92,,,,,,,,,,,,,,,,,,,,,,,,,,,,,,,309647386,30964738600031,43.22A,,,,,,,,,,,sirene,
PLOMBERIE SOISSONS,,,a contacter,,,,,,,,,,,,cvc,,RAVEL,,63,,,,,,,,,,,,,,,,,,,,,,,,,,,,,,,384187514,38418751400011,43.22A,,,,,,,,,,,sirene,
PLOMBIER EXCEPTIONNEL,,,a contacter,,,,,,,,,,,,cvc,,DRANCY,,93,,,,,,,,,,,,,,,,,,,,,,,,,,,,,,,818277816,81827781600018,43.22A,,,,,,,,,,,sirene,
PLOUZENNEC,,,a contacter,,,,,,,,,,,,cvc,,PLOVAN,,29,,,,,,,,,,,,,,,,,,,,,,,,,,,,,,,950614495,95061449500022,43.22A,,,,,,,,,,,sirene,
PLUS 18,,,a contacter,,,,,,,,,,,,cvc,,SAINT-DOULCHARD,,18,,,,,,,,,,,,,,,,,,,,,,,,,,,,,,,323147710,32314771000038,43.29A,,,,,,,,,,,sirene,
PLUT,,,a contacter,,,,,,,,,,,,cvc,,SAINT-CALAIS,,72,,,,,,,,,,,,,,,,,,,,,,,,,,,,,,,344989389,34498938900012,43.22B,,,,,,,,,,,sirene,
POINT CLIM,,,a contacter,,,,,,,,,,,,cvc,,MALAKOFF,,92,,,,,,,,,,,,,,,,,,,,,,,,,,,,,,,498397843,49839784300091,43.22B,,,,,,,,,,,sirene,
POL'AIR FLUIDES,,,a contacter,,,,,,,,,,,,cvc,,RUMILLY,,74,,,,,,,,,,,,,,,,,,,,,,,,,,,,,,,394316715,39431671500033,43.22B,,,,,,,,,,,sirene,
POLAT ET FILS,,,a contacter,,,,,,,,,,,,cvc,,THIERS,,63,,,,,,,,,,,,,,,,,,,,,,,,,,,,,,,438854614,43885461400031,43.29A,,,,,,,,,,,sirene,
POLE RENOVATION DE NORMANDIE,,,a contacter,,,,,,,,,,,,cvc,,SANNERVILLE,,14,,,,,,,,,,,,,,,,,,,,,,,,,,,,,,,901423079,90142307900028,43.29A,,,,,,,,,,,sirene,
POLECO,,,a contacter,,,,,,,,,,,,cvc,,IFS,,14,,,,,,,,,,,,,,,,,,,,,,,,,,,,,,,837896075,83789607500020,43.22B,,,,,,,,,,,sirene,
POLEN',,,a contacter,,,,,,,,,,,,cvc,,AMBERIEU-EN-BUGEY,,01,,,,,,,,,,,,,,,,,,,,,,,,,,,,,,,523700771,52370077100026,43.29A,,,,,,,,,,,sirene,
POLIZZANO PLOMBERIE,,,a contacter,,,,,,,,,,,,cvc,,AUBAGNE,,13,,,,,,,,,,,,,,,,,,,,,,,,,,,,,,,499501740,49950174000033,43.22A,,,,,,,,,,,sirene,
POLLE,,,a contacter,,,,,,,,,,,,cvc,,BEAUVAIS,,60,,,,,,,,,,,,,,,,,,,,,,,,,,,,,,,452487135,45248713500033,43.22A,,,,,,,,,,,sirene,
POLY CHAUFFAGE,,,a contacter,,,,,,,,,,,,cvc,,MORSANG-SUR-ORGE,,91,,,,,,,,,,,,,,,,,,,,,,,,,,,,,,,320750334,32075033400015,43.22B,,,,,,,,,,,sirene,
POLYTHERM,,,a contacter,,,,,,,,,,,,cvc,,BISCHHEIM,,67,,,,,,,,,,,,,,,,,,,,,,,,,,,,,,,658500632,65850063200034,43.22B,,,,,,,,,,,sirene,
POMMIER,,,a contacter,,,,,,,,,,,,cvc,,SAINT-ETIENNE,,42,,,,,,,,,,,,,,,,,,,,,,,,,,,,,,,432461887,43246188700023,43.22B,,,,,,,,,,,sirene,
PORTHEAULT,,,a contacter,,,,,,,,,,,,cvc,,CLICHY,,92,,,,,,,,,,,,,,,,,,,,,,,,,,,,,,,350554929,35055492900025,43.22A,,,,,,,,,,,sirene,
POSEO ENERGIES RENOUVELABLES,,,a contacter,,,,,,,,,,,,cvc,,ANTIBES,,06,,,,,,,,,,,,,,,,,,,,,,,,,,,,,,,809454564,80945456400026,43.22B,,,,,,,,,,,sirene,
POUESSEL ENTREPRISE,,,a contacter,,,,,,,,,,,,cvc,,NOYAL-CHATILLON-SUR-SEICHE,,35,,,,,,,,,,,,,,,,,,,,,,,,,,,,,,,391528072,39152807200013,43.22A,,,,,,,,,,,sirene,
POUMIRAU PAU,,,a contacter,,,,,,,,,,,,cvc,,MORLAAS,,64,,,,,,,,,,,,,,,,,,,,,,,,,,,,,,,096980040,09698004000032,43.22B,,,,,,,,,,,sirene,
POVOFOR 2000,,,a contacter,,,,,,,,,,,,cvc,,CHATEAUNEUF-DU-FAOU,,29,,,,,,,,,,,,,,,,,,,,,,,,,,,,,,,423770767,42377076700022,43.22B,,,,,,,,,,,sirene,
PP62,,,a contacter,,,,,,,,,,,,cvc,,CALAIS,,62,,,,,,,,,,,,,,,,,,,,,,,,,,,,,,,845394345,84539434500027,43.29A,,,,,,,,,,,sirene,
PPF 29,,,a contacter,,,,,,,,,,,,cvc,,PLOUEDERN,,29,,,,,,,,,,,,,,,,,,,,,,,,,,,,,,,880388483,88038848300039,43.22B,,,,,,,,,,,sirene,
PPLR,,,a contacter,,,,,,,,,,,,cvc,,SAINT-GENIS-LAVAL,,69,,,,,,,,,,,,,,,,,,,,,,,,,,,,,,,511517559,51151755900023,43.22B,,,,,,,,,,,sirene,
PPR,,,a contacter,,,,,,,,,,,,cvc,,SAINTE-LUCE-SUR-LOIRE,,44,,,,,,,,,,,,,,,,,,,,,,,,,,,,,,,910403369,91040336900010,43.29A,,,,,,,,,,,sirene,
PPR,,,a contacter,,,,,,,,,,,,cvc,,CLICHY-SOUS-BOIS,,93,,,,,,,,,,,,,,,,,,,,,,,,,,,,,,,510805997,51080599700028,43.22A,,,,,,,,,,,sirene,
PRAGMA,,,a contacter,,,,,,,,,,,,cvc,,PONTOISE,,95,,,,,,,,,,,,,,,,,,,,,,,,,,,,,,,877951277,87795127700038,43.22B,,,,,,,,,,,sirene,
PREFAB'SEINE,,,a contacter,,,,,,,,,,,,cvc,,BOLBEC,,76,,,,,,,,,,,,,,,,,,,,,,,,,,,,,,,524278132,52427813200021,43.29A,,,,,,,,,,,sirene,
PREST ASSAINISSEMENT,,,a contacter,,,,,,,,,,,,cvc,,DURY,,80,,,,,,,,,,,,,,,,,,,,,,,,,,,,,,,789486149,78948614900022,43.22A,,,,,,,,,,,sirene,
PRESTA 16,,,a contacter,,,,,,,,,,,,cvc,,ANAIS,,16,,,,,,,,,,,,,,,,,,,,,,,,,,,,,,,512495334,51249533400025,43.22B,,,,,,,,,,,sirene,
PRESTA SERVICES,,,a contacter,,,,,,,,,,,,cvc,,BRESLES,,60,,,,,,,,,,,,,,,,,,,,,,,,,,,,,,,840964795,84096479500032,43.22B,,,,,,,,,,,sirene,
PRESTAGAZ,,,a contacter,,,,,,,,,,,,cvc,,LIMAS,,69,,,,,,,,,,,,,,,,,,,,,,,,,,,,,,,537564676,53756467600048,43.22A,,,,,,,,,,,sirene,
PRESTAPRIM,,,a contacter,,,,,,,,,,,,cvc,,AUBERVILLIERS,,93,,,,,,,,,,,,,,,,,,,,,,,,,,,,,,,882543739,88254373900016,43.22B,,,,,,,,,,,sirene,
PRESTIGE CHAPE-ISOLANT,,,a contacter,,,,,,,,,,,,cvc,,PONT-A-MOUSSON,,54,,,,,,,,,,,,,,,,,,,,,,,,,,,,,,,813681632,81368163200010,43.29A,,,,,,,,,,,sirene,
PRIME ENVIRONNEMENT,,,a contacter,,,,,,,,,,,,cvc,,SAINT-BRICE-SOUS-FORET,,95,,,,,,,,,,,,,,,,,,,,,,,,,,,,,,,852369511,85236951100039,43.22B,,,,,,,,,,,sirene,
PRIMO TRAVAUX,,,a contacter,,,,,,,,,,,,cvc,,TOULOUSE,,31,,,,,,,,,,,,,,,,,,,,,,,,,,,,,,,910597426,91059742600022,43.22A,,,,,,,,,,,sirene,
PRISOL,,,a contacter,,,,,,,,,,,,cvc,,LE DRENNEC,,29,,,,,,,,,,,,,,,,,,,,,,,,,,,,,,,829552850,82955285000010,43.29A,,,,,,,,,,,sirene,
PRO - CLIM,,,a contacter,,,,,,,,,,,,cvc,,PROPRIANO,,2A,,,,,,,,,,,,,,,,,,,,,,,,,,,,,,,492587613,49258761300034,43.22B,,,,,,,,,,,sirene,
PRO - THERM,,,a contacter,,,,,,,,,,,,cvc,,SAINTE-SUZANNE,,974,,,,,,,,,,,,,,,,,,,,,,,,,,,,,,,794477604,79447760400019,43.22B,,,,,,,,,,,sirene,
PRO CALO,,,a contacter,,,,,,,,,,,,cvc,,POISAT,,38,,,,,,,,,,,,,,,,,,,,,,,,,,,,,,,795229319,79522931900020,43.29A,,,,,,,,,,,sirene,
PRO CLIM 17,,,a contacter,,,,,,,,,,,,cvc,,AYTRE,,17,,,,,,,,,,,,,,,,,,,,,,,,,,,,,,,448009589,44800958900038,43.22B,,,,,,,,,,,sirene,
PRO CLIM ENERGIES,,,a contacter,,,,,,,,,,,,cvc,,CUSSET,,03,,,,,,,,,,,,,,,,,,,,,,,,,,,,,,,397946450,39794645000046,43.22B,,,,,,,,,,,sirene,
PRO ENERGIE,,,a contacter,,,,,,,,,,,,cvc,,TERSSAC,,81,,,,,,,,,,,,,,,,,,,,,,,,,,,,,,,435279575,43527957500037,43.22B,,,,,,,,,,,sirene,
PRO ENERGY PLUS,,,a contacter,,,,,,,,,,,,cvc,,IVRY-SUR-SEINE,,94,,,,,,,,,,,,,,,,,,,,,,,,,,,,,,,808588404,80858840400026,43.22B,,,,,,,,,,,sirene,
PRO EVOLUTION BAT S,,,a contacter,,,,,,,,,,,,cvc,,VILLIERS-LE-BEL,,95,,,,,,,,,,,,,,,,,,,,,,,,,,,,,,,492590542,49259054200048,43.29A,,,,,,,,,,,sirene,
PRO FACADE,,,a contacter,,,,,,,,,,,,cvc,,METZ,,57,,,,,,,,,,,,,,,,,,,,,,,,,,,,,,,484152491,48415249100029,43.29A,,,,,,,,,,,sirene,
PRO FLUIDE,,,a contacter,,,,,,,,,,,,cvc,,CLICHY-SOUS-BOIS,,93,,,,,,,,,,,,,,,,,,,,,,,,,,,,,,,849503156,84950315600028,43.22A,,,,,,,,,,,sirene,
PRO FROID PLOMB'ELEC,,,a contacter,,,,,,,,,,,,cvc,,SALON-DE-PROVENCE,,13,,,,,,,,,,,,,,,,,,,,,,,,,,,,,,,810277566,81027756600032,43.22B,,,,,,,,,,,sirene,
PRO FROID SERVICES,,,a contacter,,,,,,,,,,,,cvc,,LE FRANCOIS,,972,,,,,,,,,,,,,,,,,,,,,,,,,,,,,,,523772275,52377227500013,43.22B,,,,,,,,,,,sirene,
PRO GAZ,,,a contacter,,,,,,,,,,,,cvc,,CREUZIER-LE-NEUF,,03,,,,,,,,,,,,,,,,,,,,,,,,,,,,,,,504721747,50472174700021,43.22B,,,,,,,,,,,sirene,
PRO ROSS EAU,,,a contacter,,,,,,,,,,,,cvc,,BONDOUFLE,,91,,,,,,,,,,,,,,,,,,,,,,,,,,,,,,,477874150,47787415000048,43.22A,,,,,,,,,,,sirene,
PRO THERMIQUE,,,a contacter,,,,,,,,,,,,cvc,,ASNIERES-SUR-SEINE,,92,,,,,,,,,,,,,,,,,,,,,,,,,,,,,,,909820334,90982033400011,43.22B,,,,,,,,,,,sirene,
PRO-VENTIL 33,,,a contacter,,,,,,,,,,,,cvc,,MARSAS,,33,,,,,,,,,,,,,,,,,,,,,,,,,,,,,,,831735311,83173531100035,43.22B,,,,,,,,,,,sirene,
PROCHALOR,,,a contacter,,,,,,,,,,,,cvc,,SAINT-DENIS,,93,,,,,,,,,,,,,,,,,,,,,,,,,,,,,,,784325631,78432563100108,43.22B,,,,,,,,,,,sirene,
PROCLIM,,,a contacter,,,,,,,,,,,,cvc,,L'ILE ROUSSE,,2B,,,,,,,,,,,,,,,,,,,,,,,,,,,,,,,490771912,49077191200030,43.22A,,,,,,,,,,,sirene,
PROCOPIO ISOLATION,,,a contacter,,,,,,,,,,,,cvc,,LE PETIT-QUEVILLY,,76,,,,,,,,,,,,,,,,,,,,,,,,,,,,,,,430483354,43048335400030,43.29A,,,,,,,,,,,sirene,
PRODAF,,,a contacter,,,,,,,,,,,,cvc,,NOISEAU,,94,,,,,,,,,,,,,,,,,,,,,,,,,,,,,,,830584470,83058447000017,43.22A,,,,,,,,,,,sirene,
PRODITHERM,,,a contacter,,,,,,,,,,,,cvc,,MAROLLES-EN-HUREPOIX,,91,,,,,,,,,,,,,,,,,,,,,,,,,,,,,,,420513228,42051322800056,43.22B,,,,,,,,,,,sirene,
PROFIRE GENIE CLIMATIQUE,,,a contacter,,,,,,,,,,,,cvc,,LYON,,69,,,,,,,,,,,,,,,,,,,,,,,,,,,,,,,851837427,85183742700042,43.22B,,,,,,,,,,,sirene,
PROFLAM,,,a contacter,,,,,,,,,,,,cvc,,ONGLES,,04,,,,,,,,,,,,,,,,,,,,,,,,,,,,,,,792612152,79261215200043,43.22B,,,,,,,,,,,sirene,
PROFLUIDE,,,a contacter,,,,,,,,,,,,cvc,,SACLAY,,91,,,,,,,,,,,,,,,,,,,,,,,,,,,,,,,417588050,41758805000035,43.22A,,,,,,,,,,,sirene,
PROFLUIDES,,,a contacter,,,,,,,,,,,,cvc,,LIVRY-GARGAN,,93,,,,,,,,,,,,,,,,,,,,,,,,,,,,,,,840056618,84005661800019,43.22B,,,,,,,,,,,sirene,
PROGAINES,,,a contacter,,,,,,,,,,,,cvc,,NIMES,,30,,,,,,,,,,,,,,,,,,,,,,,,,,,,,,,912388014,91238801400017,43.29A,,,,,,,,,,,sirene,
PROGNON S.A.S,,,a contacter,,,,,,,,,,,,cvc,,PIERRELAYE,,95,,,,,,,,,,,,,,,,,,,,,,,,,,,,,,,434941878,43494187800028,43.22A,,,,,,,,,,,sirene,
PROJET-CLIM 31,,,a contacter,,,,,,,,,,,,cvc,,TOULOUSE,,31,,,,,,,,,,,,,,,,,,,,,,,,,,,,,,,450204136,45020413600029,43.22B,,,,,,,,,,,sirene,
PROLUMEO,,,a contacter,,,,,,,,,,,,cvc,,GLEIZE,,69,,,,,,,,,,,,,,,,,,,,,,,,,,,,,,,501893168,50189316800051,43.22A,,,,,,,,,,,sirene,
PROMAG DISTRIBUTION,,,a contacter,,,,,,,,,,,,cvc,,VILLEBON-SUR-YVETTE,,91,,,,,,,,,,,,,,,,,,,,,,,,,,,,,,,419992169,41999216900047,43.29A,,,,,,,,,,,sirene,
PROSECO SN,,,a contacter,,,,,,,,,,,,cvc,,MERIGNAC,,33,,,,,,,,,,,,,,,,,,,,,,,,,,,,,,,818976953,81897695300021,43.29A,,,,,,,,,,,sirene,
PROTEC FEU RISQUES SPECIAUX,,,a contacter,,,,,,,,,,,,cvc,,FREPILLON,,95,,,,,,,,,,,,,,,,,,,,,,,,,,,,,,,508824638,50882463800037,43.22A,,,,,,,,,,,sirene,
PROTECH CLIM,,,a contacter,,,,,,,,,,,,cvc,,SAINT LAURENT DU VAR,,06,,,,,,,,,,,,,,,,,,,,,,,,,,,,,,,807629993,80762999300021,43.22B,,,,,,,,,,,sirene,
PROTHERM SOCIETE D'EXPLOITATION DES ETABLISSEMENTS BREDEAU,,,a contacter,,,,,,,,,,,,cvc,,EMERAINVILLE,,77,,,,,,,,,,,,,,,,,,,,,,,,,,,,,,,351376413,35137641300040,43.22B,,,,,,,,,,,sirene,
PROTHERMIC,,,a contacter,,,,,,,,,,,,cvc,,PLUGUFFAN,,29,,,,,,,,,,,,,,,,,,,,,,,,,,,,,,,401427109,40142710900020,43.22A,,,,,,,,,,,sirene,
PROTHERMIC,,,a contacter,,,,,,,,,,,,cvc,,BAILLY-ROMAINVILLIERS,,77,,,,,,,,,,,,,,,,,,,,,,,,,,,,,,,840840896,84084089600020,43.22B,,,,,,,,,,,sirene,
PROTHERMOS,,,a contacter,,,,,,,,,,,,cvc,,NOTRE-DAME-DE-BONDEVILLE,,76,,,,,,,,,,,,,,,,,,,,,,,,,,,,,,,490877107,49087710700048,43.22B,,,,,,,,,,,sirene,
PROVENCE CLIMATISATION,,,a contacter,,,,,,,,,,,,cvc,,FREJUS,,83,,,,,,,,,,,,,,,,,,,,,,,,,,,,,,,429969389,42996938900023,43.22B,,,,,,,,,,,sirene,
PROVENCE ENERGIE SOLAIRE SERVICES,,,a contacter,,,,,,,,,,,,cvc,,LA CIOTAT,,13,,,,,,,,,,,,,,,,,,,,,,,,,,,,,,,477561765,47756176500041,43.22B,,,,,,,,,,,sirene,
PROVENCE MAINTENANCE SERVICES,,,a contacter,,,,,,,,,,,,cvc,,AIX-EN-PROVENCE,,13,,,,,,,,,,,,,,,,,,,,,,,,,,,,,,,433899788,43389978800072,43.22B,,,,,,,,,,,sirene,
PROXI HABITAT,,,a contacter,,,,,,,,,,,,cvc,,CHELLES,,77,,,,,,,,,,,,,,,,,,,,,,,,,,,,,,,833875586,83387558600020,43.22B,,,,,,,,,,,sirene,
PROXISO EST,,,a contacter,,,,,,,,,,,,cvc,,METZ,,57,,,,,,,,,,,,,,,,,,,,,,,,,,,,,,,522905132,52290513200026,43.29A,,,,,,,,,,,sirene,
PROXISO OUEST,,,a contacter,,,,,,,,,,,,cvc,,DREUX,,28,,,,,,,,,,,,,,,,,,,,,,,,,,,,,,,850664848,85066484800015,43.29A,,,,,,,,,,,sirene,
PSD,,,a contacter,,,,,,,,,,,,cvc,,LA MURE,,38,,,,,,,,,,,,,,,,,,,,,,,,,,,,,,,508109972,50810997200036,43.22B,,,,,,,,,,,sirene,
PUEL GENIE CLIMATIQUE,,,a contacter,,,,,,,,,,,,cvc,,CENON,,33,,,,,,,,,,,,,,,,,,,,,,,,,,,,,,,807632856,80763285600025,43.22A,,,,,,,,,,,sirene,
PYD,,,a contacter,,,,,,,,,,,,cvc,,LIMERZEL,,56,,,,,,,,,,,,,,,,,,,,,,,,,,,,,,,540073657,54007365700020,43.22A,,,,,,,,,,,sirene,
PYRETHERM,,,a contacter,,,,,,,,,,,,cvc,,ESTANCARBON,,31,,,,,,,,,,,,,,,,,,,,,,,,,,,,,,,333160489,33316048900030,43.22B,,,,,,,,,,,sirene,
Q.L.S,,,a contacter,,,,,,,,,,,,cvc,,ARGENTAN,,61,,,,,,,,,,,,,,,,,,,,,,,,,,,,,,,418149241,41814924100022,43.22B,,,,,,,,,,,sirene,
QLIMATE,,,a contacter,,,,,,,,,,,,cvc,,EVRY-COURCOURONNES,,91,,,,,,,,,,,,,,,,,,,,,,,,,,,,,,,892316720,89231672000010,43.22B,,,,,,,,,,,sirene,
QUALI CONFORT,,,a contacter,,,,,,,,,,,,cvc,,PLOUEDERN,,29,,,,,,,,,,,,,,,,,,,,,,,,,,,,,,,431899954,43189995400090,43.29A,,,,,,,,,,,sirene,
QUALICLIM SN,,,a contacter,,,,,,,,,,,,cvc,,MONTELIMAR,,26,,,,,,,,,,,,,,,,,,,,,,,,,,,,,,,484859038,48485903800032,43.22B,,,,,,,,,,,sirene,
QUALISOL,,,a contacter,,,,,,,,,,,,cvc,,LENS,,62,,,,,,,,,,,,,,,,,,,,,,,,,,,,,,,401206297,40120629700038,43.29A,,,,,,,,,,,sirene,
QUALIT' & CLIM',,,a contacter,,,,,,,,,,,,cvc,,RECY,,51,,,,,,,,,,,,,,,,,,,,,,,,,,,,,,,508303716,50830371600031,43.22B,,,,,,,,,,,sirene,
QUALITHERM,,,a contacter,,,,,,,,,,,,cvc,,LA CIOTAT,,13,,,,,,,,,,,,,,,,,,,,,,,,,,,,,,,810697482,81069748200026,43.22A,,,,,,,,,,,sirene,
QUALITHERMY,,,a contacter,,,,,,,,,,,,cvc,,CHAMPS-SUR-MARNE,,77,,,,,,,,,,,,,,,,,,,,,,,,,,,,,,,803273093,80327309300010,43.22B,,,,,,,,,,,sirene,
QUARK BATIMENTS,,,a contacter,,,,,,,,,,,,cvc,,CHATEAUGIRON,,35,,,,,,,,,,,,,,,,,,,,,,,,,,,,,,,382193894,38219389400039,43.22B,,,,,,,,,,,sirene,
QUATIRIS FRANCE,,,a contacter,,,,,,,,,,,,cvc,,LAROQUE D'OLMES,,09,,,,,,,,,,,,,,,,,,,,,,,,,,,,,,,830766531,83076653100016,43.22B,,,,,,,,,,,sirene,
QUATRO LOGEMENT,,,a contacter,,,,,,,,,,,,cvc,,BOURG-LES-VALENCE,,26,,,,,,,,,,,,,,,,,,,,,,,,,,,,,,,892620055,89262005500020,43.22B,,,,,,,,,,,sirene,
QUENTIN COPIN,,,a contacter,,,,,,,,,,,,cvc,,SAINS-DU-NORD,,59,,,,,,,,,,,,,,,,,,,,,,,,,,,,,,,831464276,83146427600029,43.22B,,,,,,,,,,,sirene,
QUERCY CONFORT,,,a contacter,,,,,,,,,,,,cvc,,MOISSAC,,82,,,,,,,,,,,,,,,,,,,,,,,,,,,,,,,351551452,35155145200011,43.22B,,,,,,,,,,,sirene,
QUERCY REFRIGERATION,,,a contacter,,,,,,,,,,,,cvc,,MOISSAC,,82,,,,,,,,,,,,,,,,,,,,,,,,,,,,,,,497933937,49793393700060,43.22B,,,,,,,,,,,sirene,
R CONFORT,,,a contacter,,,,,,,,,,,,cvc,,LE VERSOUD,,38,,,,,,,,,,,,,,,,,,,,,,,,,,,,,,,487605131,48760513100050,43.22B,,,,,,,,,,,sirene,
R&D ENERGIE,,,a contacter,,,,,,,,,,,,cvc,,SAINT-PRIEST,,69,,,,,,,,,,,,,,,,,,,,,,,,,,,,,,,881396683,88139668300024,43.22B,,,,,,,,,,,sirene,
R&O - AIR ET EAU,,,a contacter,,,,,,,,,,,,cvc,,SAINT-REMY-LES-CHEVREUSE,,78,,,,,,,,,,,,,,,,,,,,,,,,,,,,,,,393571823,39357182300029,43.22B,,,,,,,,,,,sirene,
R'ELEC ENERGIE,,,a contacter,,,,,,,,,,,,cvc,,QUINCY-SOUS-SENART,,91,,,,,,,,,,,,,,,,,,,,,,,,,,,,,,,832809743,83280974300046,43.22B,,,,,,,,,,,sirene,
R-CLIM,,,a contacter,,,,,,,,,,,,cvc,,CARPENTRAS,,84,,,,,,,,,,,,,,,,,,,,,,,,,,,,,,,853011567,85301156700015,43.22B,,,,,,,,,,,sirene,
R.C.G,,,a contacter,,,,,,,,,,,,cvc,,SAINTE-SAVINE,,10,,,,,,,,,,,,,,,,,,,,,,,,,,,,,,,839260486,83926048600023,43.22A,,,,,,,,,,,sirene,
R.C.H. (REGION CENTRE HABITAT),,,a contacter,,,,,,,,,,,,cvc,,VARENNES VAUZELLES,,58,,,,,,,,,,,,,,,,,,,,,,,,,,,,,,,441254968,44125496800015,43.29A,,,,,,,,,,,sirene,
R.C.H. MEDITERRANNEE,,,a contacter,,,,,,,,,,,,cvc,,LANCON-PROVENCE,,13,,,,,,,,,,,,,,,,,,,,,,,,,,,,,,,443143201,44314320100012,43.22B,,,,,,,,,,,sirene,
R.C.L.H. REGION CENTRE LOIRE HABITAT,,,a contacter,,,,,,,,,,,,cvc,,SELLES-SUR-CHER,,41,,,,,,,,,,,,,,,,,,,,,,,,,,,,,,,750596868,75059686800018,43.29A,,,,,,,,,,,sirene,
R.C.O. PLOMBERIE,,,a contacter,,,,,,,,,,,,cvc,,BALMA,,31,,,,,,,,,,,,,,,,,,,,,,,,,,,,,,,533530549,53353054900039,43.22A,,,,,,,,,,,sirene,
R.O.H. REGION OUEST HABITAT,,,a contacter,,,,,,,,,,,,cvc,,DOMPIERRE-SUR-MER,,17,,,,,,,,,,,,,,,,,,,,,,,,,,,,,,,837848621,83784862100046,43.22B,,,,,,,,,,,sirene,
R.V. PLOMBERIE,,,a contacter,,,,,,,,,,,,cvc,,SAMOIS-SUR-SEINE,,77,,,,,,,,,,,,,,,,,,,,,,,,,,,,,,,532048311,53204831100031,43.22B,,,,,,,,,,,sirene,
R3C INGENIERIE,,,a contacter,,,,,,,,,,,,cvc,,VILLEJUST,,91,,,,,,,,,,,,,,,,,,,,,,,,,,,,,,,841472137,84147213700022,43.22B,,,,,,,,,,,sirene,
RA ISOLATIONS,,,a contacter,,,,,,,,,,,,cvc,,HENRIVILLE,,57,,,,,,,,,,,,,,,,,,,,,,,,,,,,,,,538127408,53812740800044,43.29A,,,,,,,,,,,sirene,
RABY,,,a contacter,,,,,,,,,,,,cvc,,FONTAINES-SUR-SAONE,,69,,,,,,,,,,,,,,,,,,,,,,,,,,,,,,,519220123,51922012300037,43.22B,,,,,,,,,,,sirene,
RACCOPRO,,,a contacter,,,,,,,,,,,,cvc,,GROSLAY,,95,,,,,,,,,,,,,,,,,,,,,,,,,,,,,,,819728338,81972833800024,43.22A,,,,,,,,,,,sirene,
RAES,,,a contacter,,,,,,,,,,,,cvc,,RONCQ,,59,,,,,,,,,,,,,,,,,,,,,,,,,,,,,,,303433932,30343393200041,43.22B,,,,,,,,,,,sirene,
RAMERY ENERGIES,,,a contacter,,,,,,,,,,,,cvc,,ERQUINGHEM-LYS,,59,,,,,,,,,,,,,,,,,,,,,,,,,,,,,,,356200295,35620029500091,43.22B,,,,,,,,,,,sirene,
RAMUSHI ISOLATION,,,a contacter,,,,,,,,,,,,cvc,,ANNEMASSE,,74,,,,,,,,,,,,,,,,,,,,,,,,,,,,,,,841257348,84125734800034,43.29A,,,,,,,,,,,sirene,
RATEAU CHAUFFAGE,,,a contacter,,,,,,,,,,,,cvc,,AYTRE,,17,,,,,,,,,,,,,,,,,,,,,,,,,,,,,,,313180143,31318014300015,43.22B,,,,,,,,,,,sirene,
RATEAU FRERES,,,a contacter,,,,,,,,,,,,cvc,,THOUARS,,79,,,,,,,,,,,,,,,,,,,,,,,,,,,,,,,437489214,43748921400043,43.22A,,,,,,,,,,,sirene,
RAVALEMENT MODERNE ETS LHERBIER,,,a contacter,,,,,,,,,,,,cvc,,NEUVILLE-SOUS-MONTREUIL,,62,,,,,,,,,,,,,,,,,,,,,,,,,,,,,,,350989778,35098977800047,43.29A,,,,,,,,,,,sirene,
RAVELLI CLIMAT-SERVICE,,,a contacter,,,,,,,,,,,,cvc,,PARIS 11,,75,,,,,,,,,,,,,,,,,,,,,,,,,,,,,,,478483092,47848309200035,43.22B,,,,,,,,,,,sirene,
RAVIER,,,a contacter,,,,,,,,,,,,cvc,,VELIZY-VILLACOUBLAY,,78,,,,,,,,,,,,,,,,,,,,,,,,,,,,,,,582045704,58204570400100,43.22A,,,,,,,,,,,sirene,
RAVOIRE SCOP,,,a contacter,,,,,,,,,,,,cvc,,CHAMBERY,,73,,,,,,,,,,,,,,,,,,,,,,,,,,,,,,,838654515,83865451500017,43.22A,,,,,,,,,,,sirene,
RAYNIER SARL,,,a contacter,,,,,,,,,,,,cvc,,CARCASSONNE,,11,,,,,,,,,,,,,,,,,,,,,,,,,,,,,,,335291894,33529189400038,43.22A,,,,,,,,,,,sirene,
RC CLIMATISATION,,,a contacter,,,,,,,,,,,,cvc,,SALON-DE-PROVENCE,,13,,,,,,,,,,,,,,,,,,,,,,,,,,,,,,,411747306,41174730600032,43.22B,,,,,,,,,,,sirene,
RC PC,,,a contacter,,,,,,,,,,,,cvc,,LE MUY,,83,,,,,,,,,,,,,,,,,,,,,,,,,,,,,,,898495023,89849502300019,43.22B,,,,,,,,,,,sirene,
RCGC,,,a contacter,,,,,,,,,,,,cvc,,ORLY,,94,,,,,,,,,,,,,,,,,,,,,,,,,,,,,,,534811229,53481122900036,43.22B,,,,,,,,,,,sirene,
RCS CLIMATISATION,,,a contacter,,,,,,,,,,,,cvc,,SAINT-LAURENT-DU-VAR,,06,,,,,,,,,,,,,,,,,,,,,,,,,,,,,,,479107161,47910716100032,43.22B,,,,,,,,,,,sirene,
RDB ENERGIES,,,a contacter,,,,,,,,,,,,cvc,,MONTMARAULT,,03,,,,,,,,,,,,,,,,,,,,,,,,,,,,,,,820207397,82020739700010,43.22B,,,,,,,,,,,sirene,
REALISATIONS MEDICALES ET INDUSTRIELLES,,,a contacter,,,,,,,,,,,,cvc,,MARSEILLE,,13,,,,,,,,,,,,,,,,,,,,,,,,,,,,,,,330781279,33078127900022,43.22A,,,,,,,,,,,sirene,
REBOUL COTTE CLIMATIQUE,,,a contacter,,,,,,,,,,,,cvc,,PLOUGASTEL-DAOULAS,,29,,,,,,,,,,,,,,,,,,,,,,,,,,,,,,,437690704,43769070400030,43.22B,,,,,,,,,,,sirene,
RECSACLIM,,,a contacter,,,,,,,,,,,,cvc,,NISSAN-LEZ-ENSERUNE,,34,,,,,,,,,,,,,,,,,,,,,,,,,,,,,,,311700967,31170096700046,43.22B,,,,,,,,,,,sirene,
RED ENERGY,,,a contacter,,,,,,,,,,,,cvc,,MARTIGUES,,13,,,,,,,,,,,,,,,,,,,,,,,,,,,,,,,488791997,48879199700031,43.22B,,,,,,,,,,,sirene,
REFAIT TA MAISON,,,a contacter,,,,,,,,,,,,cvc,,MENDE,,48,,,,,,,,,,,,,,,,,,,,,,,,,,,,,,,952071231,95207123100015,43.22B,,,,,,,,,,,sirene,
REFERENCES,,,a contacter,,,,,,,,,,,,cvc,,DRAVEIL,,91,,,,,,,,,,,,,,,,,,,,,,,,,,,,,,,447642216,44764221600033,43.22A,,,,,,,,,,,sirene,
REFRICONCEPT,,,a contacter,,,,,,,,,,,,cvc,,SAINT-PRIEST,,69,,,,,,,,,,,,,,,,,,,,,,,,,,,,,,,895245900,89524590000025,43.22B,,,,,,,,,,,sirene,
REFRITECH OI,,,a contacter,,,,,,,,,,,,cvc,,LE PORT,,974,,,,,,,,,,,,,,,,,,,,,,,,,,,,,,,824016398,82401639800029,43.22B,,,,,,,,,,,sirene,
REGIS GLATZ (GLATZ JEAN CLAUDE ET FILS),,,a contacter,,,,,,,,,,,,cvc,,INGERSHEIM,,68,,,,,,,,,,,,,,,,,,,,,,,,,,,,,,,480852359,48085235900029,43.22A,,,,,,,,,,,sirene,
REGULATION PLOMBERIE CHAUFFAGE SANITAIRE R.P.C.S,,,a contacter,,,,,,,,,,,,cvc,,CHEVRY-COSSIGNY,,77,,,,,,,,,,,,,,,,,,,,,,,,,,,,,,,327666996,32766699600035,43.22A,,,,,,,,,,,sirene,
REHABILITATION VENTILATION MAINTENANCE,,,a contacter,,,,,,,,,,,,cvc,,THOUROTTE,,60,,,,,,,,,,,,,,,,,,,,,,,,,,,,,,,401591581,40159158100046,43.22B,,,,,,,,,,,sirene,
REM-ISOL,,,a contacter,,,,,,,,,,,,cvc,,CORBAS,,69,,,,,,,,,,,,,,,,,,,,,,,,,,,,,,,328999610,32899961000053,43.29A,,,,,,,,,,,sirene,
REMY MARTIN,,,a contacter,,,,,,,,,,,,cvc,,BEAURAINVILLE,,62,,,,,,,,,,,,,,,,,,,,,,,,,,,,,,,402049043,40204904300019,43.22B,,,,,,,,,,,sirene,
RENAISSANCE,,,a contacter,,,,,,,,,,,,cvc,,LE PLESSIS-BELLEVILLE,,60,,,,,,,,,,,,,,,,,,,,,,,,,,,,,,,920346731,92034673100010,43.22B,,,,,,,,,,,sirene,
RENAUD CLIM SERVICE,,,a contacter,,,,,,,,,,,,cvc,,GOLBEY,,88,,,,,,,,,,,,,,,,,,,,,,,,,,,,,,,520789199,52078919900038,43.22B,,,,,,,,,,,sirene,
RENE GRAF,,,a contacter,,,,,,,,,,,,cvc,,COLMAR,,68,,,,,,,,,,,,,,,,,,,,,,,,,,,,,,,340313527,34031352700038,43.22B,,,,,,,,,,,sirene,
RENE MOLE,,,a contacter,,,,,,,,,,,,cvc,,PONT-EVEQUE,,38,,,,,,,,,,,,,,,,,,,,,,,,,,,,,,,493529234,49352923400020,43.22A,,,,,,,,,,,sirene,
RENE ROSSELIN,,,a contacter,,,,,,,,,,,,cvc,,SAINT-MEEN-LE-GRAND,,35,,,,,,,,,,,,,,,,,,,,,,,,,,,,,,,822735296,82273529600011,43.22A,,,,,,,,,,,sirene,
RENE TESTE - PLOMBERIE COUVERTURE CHAUFFAGE DEPANNAGE REPARATION ENTRETIEN,,,a contacter,,,,,,,,,,,,cvc,,PONT-L'EVEQUE,,60,,,,,,,,,,,,,,,,,,,,,,,,,,,,,,,381884956,38188495600032,43.22A,,,,,,,,,,,sirene,
RENECO,,,a contacter,,,,,,,,,,,,cvc,,SAINT-PIERRE,,974,,,,,,,,,,,,,,,,,,,,,,,,,,,,,,,901486902,90148690200033,43.29A,,,,,,,,,,,sirene,
RENO A-Z,,,a contacter,,,,,,,,,,,,cvc,,PARIS,,75,,,,,,,,,,,,,,,,,,,,,,,,,,,,,,,978125490,97812549000018,43.22B,,,,,,,,,,,sirene,
RENO OUEST,,,a contacter,,,,,,,,,,,,cvc,,CARQUEFOU,,44,,,,,,,,,,,,,,,,,,,,,,,,,,,,,,,539815548,53981554800034,43.29A,,,,,,,,,,,sirene,
RENO PRO CONFORT,,,a contacter,,,,,,,,,,,,cvc,,LE BOSC-DU-THEIL,,27,,,,,,,,,,,,,,,,,,,,,,,,,,,,,,,822011169,82201116900023,43.29A,,,,,,,,,,,sirene,
RENOPLOMB,,,a contacter,,,,,,,,,,,,cvc,,PARIS,,75,,,,,,,,,,,,,,,,,,,,,,,,,,,,,,,537595977,53759597700019,43.22A,,,,,,,,,,,sirene,
RENOV AT HOME,,,a contacter,,,,,,,,,,,,cvc,,CRAON,,53,,,,,,,,,,,,,,,,,,,,,,,,,,,,,,,818917395,81891739500027,43.29A,,,,,,,,,,,sirene,
RENOV TCE,,,a contacter,,,,,,,,,,,,cvc,,PONTAULT-COMBAULT,,77,,,,,,,,,,,,,,,,,,,,,,,,,,,,,,,832467625,83246762500022,43.22A,,,,,,,,,,,sirene,
RENOV'ACTION,,,a contacter,,,,,,,,,,,,cvc,,CHEIX-EN-RETZ,,44,,,,,,,,,,,,,,,,,,,,,,,,,,,,,,,883749277,88374927700041,43.22A,,,,,,,,,,,sirene,
RENOV'ENERGIES,,,a contacter,,,,,,,,,,,,cvc,,DRULINGEN,,67,,,,,,,,,,,,,,,,,,,,,,,,,,,,,,,810161091,81016109100014,43.22B,,,,,,,,,,,sirene,
RENOV'EXPERT,,,a contacter,,,,,,,,,,,,cvc,,CHERBOURG-EN-COTENTIN,,50,,,,,,,,,,,,,,,,,,,,,,,,,,,,,,,823537691,82353769100011,43.29A,,,,,,,,,,,sirene,
RENOVAIR GENIE CLIMATIQUE,,,a contacter,,,,,,,,,,,,cvc,,CHATILLON,,92,,,,,,,,,,,,,,,,,,,,,,,,,,,,,,,353748809,35374880900038,43.22B,,,,,,,,,,,sirene,
RENOVATION DURABLE,,,a contacter,,,,,,,,,,,,cvc,,SAINT-LAURENT-DU-VAR,,06,,,,,,,,,,,,,,,,,,,,,,,,,,,,,,,897991253,89799125300013,43.29A,,,,,,,,,,,sirene,
RENOVCANALISATION RC CONTRACTORS,,,a contacter,,,,,,,,,,,,cvc,,NICE,,06,,,,,,,,,,,,,,,,,,,,,,,,,,,,,,,819129065,81912906500036,43.22A,,,,,,,,,,,sirene,
REOLIAN MULTITEC,,,a contacter,,,,,,,,,,,,cvc,,CRETEIL,,94,,,,,,,,,,,,,,,,,,,,,,,,,,,,,,,692017189,69201718900097,43.22A,,,,,,,,,,,sirene,
REPPELIN ENTREPRISE SARL,,,a contacter,,,,,,,,,,,,cvc,,CHASSIEU,,69,,,,,,,,,,,,,,,,,,,,,,,,,,,,,,,958503898,95850389800024,43.29A,,,,,,,,,,,sirene,
RES-AIR,,,a contacter,,,,,,,,,,,,cvc,,AUTRUY-SUR-JUINE,,45,,,,,,,,,,,,,,,,,,,,,,,,,,,,,,,538931429,53893142900012,43.22B,,,,,,,,,,,sirene,
RESEAUX PROTECTION INCENDIE,,,a contacter,,,,,,,,,,,,cvc,,BORDEAUX,,33,,,,,,,,,,,,,,,,,,,,,,,,,,,,,,,438597304,43859730400049,43.22A,,,,,,,,,,,sirene,
RESERVE ET COMPAGNIE,,,a contacter,,,,,,,,,,,,cvc,,MARSEILLE,,13,,,,,,,,,,,,,,,,,,,,,,,,,,,,,,,068804285,06880428500036,43.22A,,,,,,,,,,,sirene,
RESISTAFF,,,a contacter,,,,,,,,,,,,cvc,,ORGERES,,35,,,,,,,,,,,,,,,,,,,,,,,,,,,,,,,447860602,44786060200013,43.22B,,,,,,,,,,,sirene,
RESITECH,,,a contacter,,,,,,,,,,,,cvc,,ANTIBES,,06,,,,,,,,,,,,,,,,,,,,,,,,,,,,,,,849448550,84944855000012,43.22A,,,,,,,,,,,sirene,
RESONANCE,,,a contacter,,,,,,,,,,,,cvc,,AUBERVILLIERS,,93,,,,,,,,,,,,,,,,,,,,,,,,,,,,,,,840435606,84043560600024,43.29A,,,,,,,,,,,sirene,
RESTOR ISOL S.A.R.L,,,a contacter,,,,,,,,,,,,cvc,,GARGENVILLE,,78,,,,,,,,,,,,,,,,,,,,,,,,,,,,,,,752002584,75200258400056,43.29A,,,,,,,,,,,sirene,
RETAILLEAU,,,a contacter,,,,,,,,,,,,cvc,,SAINT-MICHEL-CHEF-CHEF,,44,,,,,,,,,,,,,,,,,,,,,,,,,,,,,,,500343280,50034328000011,43.22A,,,,,,,,,,,sirene,
RETBI VENTILATION PLOMBERIE,,,a contacter,,,,,,,,,,,,cvc,,SARTROUVILLE,,78,,,,,,,,,,,,,,,,,,,,,,,,,,,,,,,800195885,80019588500028,43.22A,,,,,,,,,,,sirene,
REULIER,,,a contacter,,,,,,,,,,,,cvc,,INGRANDES-LE-FRESNE-SUR-LOIRE,,49,,,,,,,,,,,,,,,,,,,,,,,,,,,,,,,482881455,48288145500018,43.22B,,,,,,,,,,,sirene,
REY ENERGIES SERVICES,,,a contacter,,,,,,,,,,,,cvc,,SAINT-ETIENNE,,42,,,,,,,,,,,,,,,,,,,,,,,,,,,,,,,520028556,52002855600022,43.22B,,,,,,,,,,,sirene,
REY FRERES SARL,,,a contacter,,,,,,,,,,,,cvc,,SAINT-GENIX-LES-VILLAGES,,73,,,,,,,,,,,,,,,,,,,,,,,,,,,,,,,746820265,74682026500013,43.22A,,,,,,,,,,,sirene,
REY SA,,,a contacter,,,,,,,,,,,,cvc,,SAINT-ETIENNE,,42,,,,,,,,,,,,,,,,,,,,,,,,,,,,,,,584500581,58450058100023,43.22B,,,,,,,,,,,sirene,
RHIN CLIMATISATION,,,a contacter,,,,,,,,,,,,cvc,,ECKBOLSHEIM,,67,,,,,,,,,,,,,,,,,,,,,,,,,,,,,,,678501677,67850167700028,43.22B,,,,,,,,,,,sirene,
RHIN CLIMATISATION 68,,,a contacter,,,,,,,,,,,,cvc,,ENSISHEIM,,68,,,,,,,,,,,,,,,,,,,,,,,,,,,,,,,438475139,43847513900020,43.22B,,,,,,,,,,,sirene,
RHONE AVENIR ENERGIE,,,a contacter,,,,,,,,,,,,cvc,,SOLAIZE,,69,,,,,,,,,,,,,,,,,,,,,,,,,,,,,,,823068424,82306842400121,43.29A,,,,,,,,,,,sirene,
RHONE FLUIDE,,,a contacter,,,,,,,,,,,,cvc,,SAINT-GENIS-LAVAL,,69,,,,,,,,,,,,,,,,,,,,,,,,,,,,,,,424803229,42480322900048,43.22B,,,,,,,,,,,sirene,
RHONE SERVICE,,,a contacter,,,,,,,,,,,,cvc,,CALUIRE-ET-CUIRE,,69,,,,,,,,,,,,,,,,,,,,,,,,,,,,,,,887668762,88766876200032,43.29A,,,,,,,,,,,sirene,
RIBOULET MICHEL,,,a contacter,,,,,,,,,,,,cvc,,AUDINCOURT,,25,,,,,,,,,,,,,,,,,,,,,,,,,,,,,,,429081680,42908168000028,43.22B,,,,,,,,,,,sirene,
RICHARD VALENGREEN,,,a contacter,,,,,,,,,,,,cvc,,CAMBRAI,,59,,,,,,,,,,,,,,,,,,,,,,,,,,,,,,,831074125,83107412500046,43.22B,,,,,,,,,,,sirene,
RIGAUDIER,,,a contacter,,,,,,,,,,,,cvc,,CHARNAY-LES-MACON,,71,,,,,,,,,,,,,,,,,,,,,,,,,,,,,,,394081863,39408186300018,43.22A,,,,,,,,,,,sirene,
RIKA AMIENS,,,a contacter,,,,,,,,,,,,cvc,,BOVES,,80,,,,,,,,,,,,,,,,,,,,,,,,,,,,,,,887844645,88784464500010,43.22B,,,,,,,,,,,sirene,
RIMBERT SARL,,,a contacter,,,,,,,,,,,,cvc,,OCTEVILLE-SUR-MER,,76,,,,,,,,,,,,,,,,,,,,,,,,,,,,,,,442135281,44213528100032,43.22B,,,,,,,,,,,sirene,
RIMEY-MEILLE,,,a contacter,,,,,,,,,,,,cvc,,SAINT-MARTIN-D'HERES,,38,,,,,,,,,,,,,,,,,,,,,,,,,,,,,,,377726377,37772637700056,43.22B,,,,,,,,,,,sirene,
RIVA-GROUP,,,a contacter,,,,,,,,,,,,cvc,,GENNEVILLIERS,,92,,,,,,,,,,,,,,,,,,,,,,,,,,,,,,,821270287,82127028700021,43.22B,,,,,,,,,,,sirene,
RL ISOLATION VENTILATION,,,a contacter,,,,,,,,,,,,cvc,,PERENCHIES,,59,,,,,,,,,,,,,,,,,,,,,,,,,,,,,,,814905485,81490548500037,43.29A,,,,,,,,,,,sirene,
RLS PLOMBERIE,,,a contacter,,,,,,,,,,,,cvc,,LE ROBERT,,972,,,,,,,,,,,,,,,,,,,,,,,,,,,,,,,533039590,53303959000021,43.22A,,,,,,,,,,,sirene,
RMS ECO,,,a contacter,,,,,,,,,,,,cvc,,PERSAN,,95,,,,,,,,,,,,,,,,,,,,,,,,,,,,,,,981170194,98117019400014,43.22B,,,,,,,,,,,sirene,
RN SETE,,,a contacter,,,,,,,,,,,,cvc,,GIEN,,45,,,,,,,,,,,,,,,,,,,,,,,,,,,,,,,331942029,33194202900033,43.22B,,,,,,,,,,,sirene,
ROBERT CLIMATISATION,,,a contacter,,,,,,,,,,,,cvc,,OZOIR-LA-FERRIERE,,77,,,,,,,,,,,,,,,,,,,,,,,,,,,,,,,751902982,75190298200055,43.22B,,,,,,,,,,,sirene,
ROBIN ENERGIES,,,a contacter,,,,,,,,,,,,cvc,,SAINT-DENIS-LA-CHEVASSE,,85,,,,,,,,,,,,,,,,,,,,,,,,,,,,,,,443348156,44334815600052,43.22A,,,,,,,,,,,sirene,
ROBINA PLOMBERIE,,,a contacter,,,,,,,,,,,,cvc,,COURTRY,,77,,,,,,,,,,,,,,,,,,,,,,,,,,,,,,,817953409,81795340900031,43.22A,,,,,,,,,,,sirene,
ROBINET,,,a contacter,,,,,,,,,,,,cvc,,LES PONTS-DE-CE,,49,,,,,,,,,,,,,,,,,,,,,,,,,,,,,,,501477772,50147777200021,43.22A,,,,,,,,,,,sirene,
ROBITAILLE ENERGIE,,,a contacter,,,,,,,,,,,,cvc,,DOUDEVILLE,,76,,,,,,,,,,,,,,,,,,,,,,,,,,,,,,,519841431,51984143100033,43.22A,,,,,,,,,,,sirene,
ROGER ALLARD,,,a contacter,,,,,,,,,,,,cvc,,APT,,84,,,,,,,,,,,,,,,,,,,,,,,,,,,,,,,435365101,43536510100011,43.22B,,,,,,,,,,,sirene,
ROGER DENIS,,,a contacter,,,,,,,,,,,,cvc,,DUCOS,,972,,,,,,,,,,,,,,,,,,,,,,,,,,,,,,,314022633,31402263300015,43.22A,,,,,,,,,,,sirene,
ROGER MAIRE ET FILS,,,a contacter,,,,,,,,,,,,cvc,,MARLY,,57,,,,,,,,,,,,,,,,,,,,,,,,,,,,,,,385260880,38526088000021,43.22B,,,,,,,,,,,sirene,
ROGER RENARD ENTREPRISE,,,a contacter,,,,,,,,,,,,cvc,,PERPIGNAN,,66,,,,,,,,,,,,,,,,,,,,,,,,,,,,,,,301863163,30186316300046,43.22B,,,,,,,,,,,sirene,
ROLLAIS,,,a contacter,,,,,,,,,,,,cvc,,PLESSE,,44,,,,,,,,,,,,,,,,,,,,,,,,,,,,,,,450662762,45066276200019,43.22A,,,,,,,,,,,sirene,
ROMAIN ISOLATION,,,a contacter,,,,,,,,,,,,cvc,,VAULX-EN-VELIN,,69,,,,,,,,,,,,,,,,,,,,,,,,,,,,,,,517840039,51784003900039,43.29A,,,,,,,,,,,sirene,
ROMAIN PASCAL,,,a contacter,,,,,,,,,,,,cvc,,POISVILLIERS,,28,,,,,,,,,,,,,,,,,,,,,,,,,,,,,,,487646184,48764618400027,43.22A,,,,,,,,,,,sirene,
ROMAX MEDITERRANEE,,,a contacter,,,,,,,,,,,,cvc,,BOUC-BEL-AIR,,13,,,,,,,,,,,,,,,,,,,,,,,,,,,,,,,499438562,49943856200039,43.22A,,,,,,,,,,,sirene,
ROQUE PLOMBERIE,,,a contacter,,,,,,,,,,,,cvc,,MEYZIEU,,69,,,,,,,,,,,,,,,,,,,,,,,,,,,,,,,512720053,51272005300028,43.22A,,,,,,,,,,,sirene,
ROQUET,,,a contacter,,,,,,,,,,,,cvc,,REDON,,35,,,,,,,,,,,,,,,,,,,,,,,,,,,,,,,413107434,41310743400016,43.22A,,,,,,,,,,,sirene,
ROSSET SARL,,,a contacter,,,,,,,,,,,,cvc,,UGINE,,73,,,,,,,,,,,,,,,,,,,,,,,,,,,,,,,316464460,31646446000013,43.22B,,,,,,,,,,,sirene,
ROTH DAVID DISTRIBUTIONS,,,a contacter,,,,,,,,,,,,cvc,,ENSISHEIM,,68,,,,,,,,,,,,,,,,,,,,,,,,,,,,,,,447960527,44796052700037,43.22B,,,,,,,,,,,sirene,
ROUGNON,,,a contacter,,,,,,,,,,,,cvc,,VELIZY-VILLACOUBLAY,,78,,,,,,,,,,,,,,,,,,,,,,,,,,,,,,,428788707,42878870700035,43.22B,,,,,,,,,,,sirene,
ROULOF ENERGIE,,,a contacter,,,,,,,,,,,,cvc,,SAINT-PAUL,,974,,,,,,,,,,,,,,,,,,,,,,,,,,,,,,,809806474,80980647400031,43.22B,,,,,,,,,,,sirene,
ROUSSEAU CASTRES ENERGIES - RCE,,,a contacter,,,,,,,,,,,,cvc,,SAINT-ETIENNE-DU-ROUVRAY,,76,,,,,,,,,,,,,,,,,,,,,,,,,,,,,,,877536631,87753663100063,43.22B,,,,,,,,,,,sirene,
ROUSSEAU LOIC,,,a contacter,,,,,,,,,,,,cvc,,NOMEXY,,88,,,,,,,,,,,,,,,,,,,,,,,,,,,,,,,840965990,84096599000020,43.22B,,,,,,,,,,,sirene,
ROUSSELET,,,a contacter,,,,,,,,,,,,cvc,,AIGLUN,,04,,,,,,,,,,,,,,,,,,,,,,,,,,,,,,,348211079,34821107900028,43.22B,,,,,,,,,,,sirene,
ROUSSIN ENERGIES,,,a contacter,,,,,,,,,,,,cvc,,FONTAINE,,38,,,,,,,,,,,,,,,,,,,,,,,,,,,,,,,381063932,38106393200036,43.22B,,,,,,,,,,,sirene,
ROYAL ENERGIES,,,a contacter,,,,,,,,,,,,cvc,,MONTREUIL,,93,,,,,,,,,,,,,,,,,,,,,,,,,,,,,,,918370024,91837002400021,43.22B,,,,,,,,,,,sirene,
RP CP,,,a contacter,,,,,,,,,,,,cvc,,SAINT-OUEN-SUR-SEINE,,93,,,,,,,,,,,,,,,,,,,,,,,,,,,,,,,844047779,84404777900021,43.22A,,,,,,,,,,,sirene,
RPCE,,,a contacter,,,,,,,,,,,,cvc,,PETIT-MARS,,44,,,,,,,,,,,,,,,,,,,,,,,,,,,,,,,517568127,51756812700024,43.22A,,,,,,,,,,,sirene,
RPGP FACADES LIMOGES,,,a contacter,,,,,,,,,,,,cvc,,SAINT-YRIEIX-LA-PERCHE,,87,,,,,,,,,,,,,,,,,,,,,,,,,,,,,,,808607279,80860727900029,43.29A,,,,,,,,,,,sirene,
RS CONFORT PLUS,,,a contacter,,,,,,,,,,,,cvc,,SAINT-GERMIER,,81,,,,,,,,,,,,,,,,,,,,,,,,,,,,,,,503756801,50375680100018,43.22B,,,,,,,,,,,sirene,
RSDI,,,a contacter,,,,,,,,,,,,cvc,,PARIS,,75,,,,,,,,,,,,,,,,,,,,,,,,,,,,,,,900103243,90010324300029,43.29A,,,,,,,,,,,sirene,
RTC,,,a contacter,,,,,,,,,,,,cvc,,SAINT-AIGNAN,,41,,,,,,,,,,,,,,,,,,,,,,,,,,,,,,,438149668,43814966800024,43.22A,,,,,,,,,,,sirene,
RUAUX TECHNIQUE ENERGIE,,,a contacter,,,,,,,,,,,,cvc,,MAROLLES,,14,,,,,,,,,,,,,,,,,,,,,,,,,,,,,,,504975483,50497548300018,43.22B,,,,,,,,,,,sirene,
RUBERT MORGAN,,,a contacter,,,,,,,,,,,,cvc,,LAVERUNE,,34,,,,,,,,,,,,,,,,,,,,,,,,,,,,,,,499855922,49985592200047,43.22A,,,,,,,,,,,sirene,
RUBIN SAS,,,a contacter,,,,,,,,,,,,cvc,,THYEZ,,74,,,,,,,,,,,,,,,,,,,,,,,,,,,,,,,315766717,31576671700047,43.22B,,,,,,,,,,,sirene,
RUBINO PERE ET FILS,,,a contacter,,,,,,,,,,,,cvc,,GRENOBLE,,38,,,,,,,,,,,,,,,,,,,,,,,,,,,,,,,338152861,33815286100021,43.22A,,,,,,,,,,,sirene,
RUFFET CHASTANET,,,a contacter,,,,,,,,,,,,cvc,,BRIVE-LA-GAILLARDE,,19,,,,,,,,,,,,,,,,,,,,,,,,,,,,,,,677020059,67702005900015,43.22B,,,,,,,,,,,sirene,
S 3 C,,,a contacter,,,,,,,,,,,,cvc,,BRIARE,,45,,,,,,,,,,,,,,,,,,,,,,,,,,,,,,,385160056,38516005600011,43.22A,,,,,,,,,,,sirene,
S A R C C LIM,,,a contacter,,,,,,,,,,,,cvc,,HENIN-BEAUMONT,,62,,,,,,,,,,,,,,,,,,,,,,,,,,,,,,,491449997,49144999700023,43.22A,,,,,,,,,,,sirene,
S B I BATIMENT,,,a contacter,,,,,,,,,,,,cvc,,FLEVILLE-DEVANT-NANCY,,54,,,,,,,,,,,,,,,,,,,,,,,,,,,,,,,431290402,43129040200038,43.29A,,,,,,,,,,,sirene,
S C H SOLUTIONS CONFORT HABITAT,,,a contacter,,,,,,,,,,,,cvc,,HEM,,59,,,,,,,,,,,,,,,,,,,,,,,,,,,,,,,535014666,53501466600023,43.29A,,,,,,,,,,,sirene,
S E GUNAY,,,a contacter,,,,,,,,,,,,cvc,,FORBACH,,57,,,,,,,,,,,,,,,,,,,,,,,,,,,,,,,442739900,44273990000037,43.29A,,,,,,,,,,,sirene,
S E T E M I,,,a contacter,,,,,,,,,,,,cvc,,SURESNES,,92,,,,,,,,,,,,,,,,,,,,,,,,,,,,,,,317959526,31795952600045,43.22B,,,,,,,,,,,sirene,
S N E A,,,a contacter,,,,,,,,,,,,cvc,,VALENTON,,94,,,,,,,,,,,,,,,,,,,,,,,,,,,,,,,300986239,30098623900048,43.22A,,,,,,,,,,,sirene,
S PETIT,,,a contacter,,,,,,,,,,,,cvc,,PARIS,,75,,,,,,,,,,,,,,,,,,,,,,,,,,,,,,,498235589,49823558900021,43.22A,,,,,,,,,,,sirene,
S R STROH,,,a contacter,,,,,,,,,,,,cvc,,PHALSBOURG,,57,,,,,,,,,,,,,,,,,,,,,,,,,,,,,,,533776639,53377663900023,43.22B,,,,,,,,,,,sirene,
S.A.R.L. BNB ISOLATION,,,a contacter,,,,,,,,,,,,cvc,,LES PAVILLONS-SOUS-BOIS,,93,,,,,,,,,,,,,,,,,,,,,,,,,,,,,,,843968041,84396804100031,43.29A,,,,,,,,,,,sirene,
S.A.R.L. DEFRIZE GENIE CLIMATIQUE,,,a contacter,,,,,,,,,,,,cvc,,CERNAY-LES-REIMS,,51,,,,,,,,,,,,,,,,,,,,,,,,,,,,,,,329437719,32943771900043,43.22B,,,,,,,,,,,sirene,
S.A.S. ALLARD,,,a contacter,,,,,,,,,,,,cvc,,SARGE-LES-LE-MANS,,72,,,,,,,,,,,,,,,,,,,,,,,,,,,,,,,339965527,33996552700023,43.22B,,,,,,,,,,,sirene,
S.A.V. ENERGIE,,,a contacter,,,,,,,,,,,,cvc,,LE PUY-EN-VELAY,,43,,,,,,,,,,,,,,,,,,,,,,,,,,,,,,,423401066,42340106600034,43.22B,,,,,,,,,,,sirene,
S.B.C.,,,a contacter,,,,,,,,,,,,cvc,,SAVIGNY-LES-BEAUNE,,21,,,,,,,,,,,,,,,,,,,,,,,,,,,,,,,447949413,44794941300028,43.22B,,,,,,,,,,,sirene,
S.B.J.,,,a contacter,,,,,,,,,,,,cvc,,RUPT,,52,,,,,,,,,,,,,,,,,,,,,,,,,,,,,,,516280047,51628004700015,43.22A,,,,,,,,,,,sirene,
S.C.E. ESPARGILIERE,,,a contacter,,,,,,,,,,,,cvc,,DRAVEIL,,91,,,,,,,,,,,,,,,,,,,,,,,,,,,,,,,320707532,32070753200026,43.22A,,,,,,,,,,,sirene,
S.C.F.,,,a contacter,,,,,,,,,,,,cvc,,LA FERTE MACE,,61,,,,,,,,,,,,,,,,,,,,,,,,,,,,,,,348487513,34848751300049,43.22B,,,,,,,,,,,sirene,
S.C.F. NORMANDIE,,,a contacter,,,,,,,,,,,,cvc,,VERSON,,14,,,,,,,,,,,,,,,,,,,,,,,,,,,,,,,752654442,75265444200017,43.22B,,,,,,,,,,,sirene,
S.C.T,,,a contacter,,,,,,,,,,,,cvc,,MONTATAIRE,,60,,,,,,,,,,,,,,,,,,,,,,,,,,,,,,,815086046,81508604600027,43.22B,,,,,,,,,,,sirene,
S.E.C.S.,,,a contacter,,,,,,,,,,,,cvc,,MARSEILLE,,13,,,,,,,,,,,,,,,,,,,,,,,,,,,,,,,812213965,81221396500021,43.22B,,,,,,,,,,,sirene,
S.E.R.,,,a contacter,,,,,,,,,,,,cvc,,ROISSY-EN-BRIE,,77,,,,,,,,,,,,,,,,,,,,,,,,,,,,,,,326740131,32674013100023,43.22B,,,,,,,,,,,sirene,
S.K.L.,,,a contacter,,,,,,,,,,,,cvc,,SAINT-SYMPHORIEN-D'OZON,,69,,,,,,,,,,,,,,,,,,,,,,,,,,,,,,,319731980,31973198000037,43.22B,,,,,,,,,,,sirene,
S.L. THERMIQUE,,,a contacter,,,,,,,,,,,,cvc,,LIMOGES,,87,,,,,,,,,,,,,,,,,,,,,,,,,,,,,,,794124909,79412490900035,43.22A,,,,,,,,,,,sirene,
S.M.A.I. - SOCIETE MAJOLANE D'ACOUSTIQUE ET D'ISOLATION,,,a contacter,,,,,,,,,,,,cvc,,JONS,,69,,,,,,,,,,,,,,,,,,,,,,,,,,,,,,,348585340,34858534000030,43.29A,,,,,,,,,,,sirene,
S.M.J FLUIDE,,,a contacter,,,,,,,,,,,,cvc,,MONTLHERY,,91,,,,,,,,,,,,,,,,,,,,,,,,,,,,,,,893609842,89360984200024,43.22B,,,,,,,,,,,sirene,
S.M.P.F,,,a contacter,,,,,,,,,,,,cvc,,VOUREY,,38,,,,,,,,,,,,,,,,,,,,,,,,,,,,,,,482491933,48249193300032,43.29A,,,,,,,,,,,sirene,
S.N. BEGAUD,,,a contacter,,,,,,,,,,,,cvc,,VIMY,,62,,,,,,,,,,,,,,,,,,,,,,,,,,,,,,,798286225,79828622500023,43.29A,,,,,,,,,,,sirene,
S.P.C.C.,,,a contacter,,,,,,,,,,,,cvc,,PARIS,,75,,,,,,,,,,,,,,,,,,,,,,,,,,,,,,,493547152,49354715200048,43.22A,,,,,,,,,,,sirene,
S2ED SOLUTIONS EN ENERGIES DURABLES,,,a contacter,,,,,,,,,,,,cvc,,MONTAMISE,,86,,,,,,,,,,,,,,,,,,,,,,,,,,,,,,,411389596,41138959600015,43.22B,,,,,,,,,,,sirene,
S2J CONCEPT CLIM,,,a contacter,,,,,,,,,,,,cvc,,MOUGINS,,06,,,,,,,,,,,,,,,,,,,,,,,,,,,,,,,750941585,75094158500010,43.22B,,,,,,,,,,,sirene,
S2O SERVICES,,,a contacter,,,,,,,,,,,,cvc,,TRITH-SAINT-LEGER,,59,,,,,,,,,,,,,,,,,,,,,,,,,,,,,,,820303576,82030357600020,43.22B,,,,,,,,,,,sirene,
S7S,,,a contacter,,,,,,,,,,,,cvc,,,,,,,,,,,,,,,,,,,,,,,,,,,,,,,,,,,840283105,84028310500012,43.22B,,,,,,,,,,,sirene,
SA DESAVOY,,,a contacter,,,,,,,,,,,,cvc,,MOREUIL,,80,,,,,,,,,,,,,,,,,,,,,,,,,,,,,,,384403648,38440364800015,43.22B,,,,,,,,,,,sirene,
SA DESCHAMPS LATHUS,,,a contacter,,,,,,,,,,,,cvc,,CHASSENEUIL-DU-POITOU,,86,,,,,,,,,,,,,,,,,,,,,,,,,,,,,,,301096236,30109623600023,43.22B,,,,,,,,,,,sirene,
SA ENTREPRISE OLIVIER,,,a contacter,,,,,,,,,,,,cvc,,ORIGNOLLES,,17,,,,,,,,,,,,,,,,,,,,,,,,,,,,,,,318165438,31816543800017,43.29A,,,,,,,,,,,sirene,
SA GEPEM,,,a contacter,,,,,,,,,,,,cvc,,TOURS,,37,,,,,,,,,,,,,,,,,,,,,,,,,,,,,,,352825772,35282577200044,43.22A,,,,,,,,,,,sirene,
SA MAUMON ET MAUMON,,,a contacter,,,,,,,,,,,,cvc,,GRADIGNAN,,33,,,,,,,,,,,,,,,,,,,,,,,,,,,,,,,382576494,38257649400027,43.22B,,,,,,,,,,,sirene,
SA MORIN WANDERPEPEN,,,a contacter,,,,,,,,,,,,cvc,,PRESLES-ET-THIERNY,,02,,,,,,,,,,,,,,,,,,,,,,,,,,,,,,,353575533,35357553300016,43.22B,,,,,,,,,,,sirene,
SA PAGES,,,a contacter,,,,,,,,,,,,cvc,,BEZIERS,,34,,,,,,,,,,,,,,,,,,,,,,,,,,,,,,,332844612,33284461200025,43.22B,,,,,,,,,,,sirene,
SA SORETHERM PICARDIE,,,a contacter,,,,,,,,,,,,cvc,,CHAVIGNON,,02,,,,,,,,,,,,,,,,,,,,,,,,,,,,,,,335292389,33529238900046,43.22B,,,,,,,,,,,sirene,
SABATIER,,,a contacter,,,,,,,,,,,,cvc,,SAINT-PAUL-EN-JAREZ,,42,,,,,,,,,,,,,,,,,,,,,,,,,,,,,,,302344056,30234405600072,43.22A,,,,,,,,,,,sirene,
SABEKO LYON,,,a contacter,,,,,,,,,,,,cvc,,DECINES-CHARPIEU,,69,,,,,,,,,,,,,,,,,,,,,,,,,,,,,,,794226233,79422623300037,43.22A,,,,,,,,,,,sirene,
SACCODEP,,,a contacter,,,,,,,,,,,,cvc,,MILLERY,,54,,,,,,,,,,,,,,,,,,,,,,,,,,,,,,,404330458,40433045800054,43.22A,,,,,,,,,,,sirene,
SACHA,,,a contacter,,,,,,,,,,,,cvc,,BOBIGNY,,93,,,,,,,,,,,,,,,,,,,,,,,,,,,,,,,823107511,82310751100045,43.22B,,,,,,,,,,,sirene,
SADAKA,,,a contacter,,,,,,,,,,,,cvc,,VANVES,,92,,,,,,,,,,,,,,,,,,,,,,,,,,,,,,,409188638,40918863800046,43.22A,,,,,,,,,,,sirene,
SADEMAT SA,,,a contacter,,,,,,,,,,,,cvc,,SAINT-MAUR-DES-FOSSES,,94,,,,,,,,,,,,,,,,,,,,,,,,,,,,,,,592056212,59205621200018,43.22B,,,,,,,,,,,sirene,
SAGA TERTIAIRE,,,a contacter,,,,,,,,,,,,cvc,,BOIS-COLOMBES,,92,,,,,,,,,,,,,,,,,,,,,,,,,,,,,,,509116422,50911642200049,43.22A,,,,,,,,,,,sirene,
SAINOPURE,,,a contacter,,,,,,,,,,,,cvc,,FONTCOUVERTE,,17,,,,,,,,,,,,,,,,,,,,,,,,,,,,,,,382798437,38279843700036,43.22A,,,,,,,,,,,sirene,
SAINT ELOI FOUGERE,,,a contacter,,,,,,,,,,,,cvc,,MONTAMISE,,86,,,,,,,,,,,,,,,,,,,,,,,,,,,,,,,345300164,34530016400018,43.22A,,,,,,,,,,,sirene,
SAINT ETIENNE GAZ ENTRETIEN,,,a contacter,,,,,,,,,,,,cvc,,SORBIERS,,42,,,,,,,,,,,,,,,,,,,,,,,,,,,,,,,380667782,38066778200037,43.22B,,,,,,,,,,,sirene,
SAINTANGE,,,a contacter,,,,,,,,,,,,cvc,,BOURG-LES-VALENCE,,26,,,,,,,,,,,,,,,,,,,,,,,,,,,,,,,490631751,49063175100024,43.22A,,,,,,,,,,,sirene,
SAIREL,,,a contacter,,,,,,,,,,,,cvc,,MAUBEUGE,,59,,,,,,,,,,,,,,,,,,,,,,,,,,,,,,,500914494,50091449400033,43.22B,,,,,,,,,,,sirene,
SAIT SUD OUEST,,,a contacter,,,,,,,,,,,,cvc,,SAINT-GAUDENS,,31,,,,,,,,,,,,,,,,,,,,,,,,,,,,,,,803552942,80355294200028,43.29A,,,,,,,,,,,sirene,
SAITA ENTREPRISE,,,a contacter,,,,,,,,,,,,cvc,,VILLENAVE-D'ORNON,,33,,,,,,,,,,,,,,,,,,,,,,,,,,,,,,,420306029,42030602900034,43.22B,,,,,,,,,,,sirene,
SALANGRE ET COMPAGNIE,,,a contacter,,,,,,,,,,,,cvc,,HAUBOURDIN,,59,,,,,,,,,,,,,,,,,,,,,,,,,,,,,,,439770850,43977085000014,43.22B,,,,,,,,,,,sirene,
SALORD,,,a contacter,,,,,,,,,,,,cvc,,CORMEILLES-EN-PARISIS,,95,,,,,,,,,,,,,,,,,,,,,,,,,,,,,,,493007793,49300779300034,43.29A,,,,,,,,,,,sirene,
SAMAT,,,a contacter,,,,,,,,,,,,cvc,,LORIENT,,56,,,,,,,,,,,,,,,,,,,,,,,,,,,,,,,483025300,48302530000029,43.22A,,,,,,,,,,,sirene,
SAMIT,,,a contacter,,,,,,,,,,,,cvc,,ROUVROY,,62,,,,,,,,,,,,,,,,,,,,,,,,,,,,,,,339103897,33910389700031,43.22A,,,,,,,,,,,sirene,
SAMSELEC INDUSTRIE,,,a contacter,,,,,,,,,,,,cvc,,LA LANDE-PATRY,,61,,,,,,,,,,,,,,,,,,,,,,,,,,,,,,,847758844,84775884400017,43.22B,,,,,,,,,,,sirene,
SANCAR,,,a contacter,,,,,,,,,,,,cvc,,ERSTEIN,,67,,,,,,,,,,,,,,,,,,,,,,,,,,,,,,,450353735,45035373500035,43.22B,,,,,,,,,,,sirene,
SANECT COTENTIN,,,a contacter,,,,,,,,,,,,cvc,,CHERBOURG-EN-COTENTIN,,50,,,,,,,,,,,,,,,,,,,,,,,,,,,,,,,438753725,43875372500029,43.22A,,,,,,,,,,,sirene,
SANI BEAUNE,,,a contacter,,,,,,,,,,,,cvc,,SAVIGNY-LES-BEAUNE,,21,,,,,,,,,,,,,,,,,,,,,,,,,,,,,,,447934431,44793443100027,43.22B,,,,,,,,,,,sirene,
SANI CHAUFFE,,,a contacter,,,,,,,,,,,,cvc,,TRIEMBACH-AU-VAL,,67,,,,,,,,,,,,,,,,,,,,,,,,,,,,,,,315104646,31510464600031,43.22A,,,,,,,,,,,sirene,
SANI CONFORT,,,a contacter,,,,,,,,,,,,cvc,,LE MAY-SUR-EVRE,,49,,,,,,,,,,,,,,,,,,,,,,,,,,,,,,,304475502,30447550200049,43.22A,,,,,,,,,,,sirene,
SANI CONFORT,,,a contacter,,,,,,,,,,,,cvc,,MONTCEAU-LES-MINES,,71,,,,,,,,,,,,,,,,,,,,,,,,,,,,,,,807394515,80739451500025,43.22A,,,,,,,,,,,sirene,
SANI CONFORT GAZ ETABLISSEMENTS CUENIN,,,a contacter,,,,,,,,,,,,cvc,,VALENTIGNEY,,25,,,,,,,,,,,,,,,,,,,,,,,,,,,,,,,304690308,30469030800024,43.22B,,,,,,,,,,,sirene,
SANI CUISINES 7,,,a contacter,,,,,,,,,,,,cvc,,VERQUIERES,,13,,,,,,,,,,,,,,,,,,,,,,,,,,,,,,,300577913,30057791300019,43.22A,,,,,,,,,,,sirene,
SANI THERM 60,,,a contacter,,,,,,,,,,,,cvc,,LE THILLAY,,95,,,,,,,,,,,,,,,,,,,,,,,,,,,,,,,393033717,39303371700033,43.22B,,,,,,,,,,,sirene,
SANI THERM SERVICES BATIMENT BASTIA LECA ARMAND,,,a contacter,,,,,,,,,,,,cvc,,BASTIA,,2B,,,,,,,,,,,,,,,,,,,,,,,,,,,,,,,487584310,48758431000014,43.22B,,,,,,,,,,,sirene,
SANI THERMIC,,,a contacter,,,,,,,,,,,,cvc,,ROISSY-EN-BRIE,,77,,,,,,,,,,,,,,,,,,,,,,,,,,,,,,,341824266,34182426600033,43.22B,,,,,,,,,,,sirene,
SANI-CHAUFFE,,,a contacter,,,,,,,,,,,,cvc,,NOGENT-SUR-OISE,,60,,,,,,,,,,,,,,,,,,,,,,,,,,,,,,,484898077,48489807700025,43.22A,,,,,,,,,,,sirene,
SANI-NANCY,,,a contacter,,,,,,,,,,,,cvc,,HEILLECOURT,,54,,,,,,,,,,,,,,,,,,,,,,,,,,,,,,,433840485,43384048500018,43.22B,,,,,,,,,,,sirene,
SANI-THERMIQUE,,,a contacter,,,,,,,,,,,,cvc,,MOULINS,,03,,,,,,,,,,,,,,,,,,,,,,,,,,,,,,,936950203,93695020300039,43.22A,,,,,,,,,,,sirene,
SANICAP,,,a contacter,,,,,,,,,,,,cvc,,CAPPELLE-LA-GRANDE,,59,,,,,,,,,,,,,,,,,,,,,,,,,,,,,,,385064407,38506440700021,43.22A,,,,,,,,,,,sirene,
SANICHAUF,,,a contacter,,,,,,,,,,,,cvc,,SARREBOURG,,57,,,,,,,,,,,,,,,,,,,,,,,,,,,,,,,344655642,34465564200033,43.22B,,,,,,,,,,,sirene,
SANICHAUFF,,,a contacter,,,,,,,,,,,,cvc,,ARQUES,,62,,,,,,,,,,,,,,,,,,,,,,,,,,,,,,,576680029,57668002900021,43.22A,,,,,,,,,,,sirene,
SANICLIM,,,a contacter,,,,,,,,,,,,cvc,,ARTIX,,64,,,,,,,,,,,,,,,,,,,,,,,,,,,,,,,311461768,31146176800070,43.22A,,,,,,,,,,,sirene,
SANICLIM,,,a contacter,,,,,,,,,,,,cvc,,ASNIERES-SUR-SEINE,,92,,,,,,,,,,,,,,,,,,,,,,,,,,,,,,,306535212,30653521200022,43.22B,,,,,,,,,,,sirene,
SANICONFORT ENERGYS,,,a contacter,,,,,,,,,,,,cvc,,TOURS,,37,,,,,,,,,,,,,,,,,,,,,,,,,,,,,,,753955061,75395506100027,43.22B,,,,,,,,,,,sirene,
SANIDEAL,,,a contacter,,,,,,,,,,,,cvc,,JASSERON,,01,,,,,,,,,,,,,,,,,,,,,,,,,,,,,,,798084687,79808468700010,43.22B,,,,,,,,,,,sirene,
SANIFROID SERVICES,,,a contacter,,,,,,,,,,,,cvc,,SAINT-AVOLD,,57,,,,,,,,,,,,,,,,,,,,,,,,,,,,,,,910104736,91010473600020,43.22B,,,,,,,,,,,sirene,
SANILOGIS,,,a contacter,,,,,,,,,,,,cvc,,VILLEURBANNE,,69,,,,,,,,,,,,,,,,,,,,,,,,,,,,,,,434500237,43450023700038,43.22A,,,,,,,,,,,sirene,
SANIMAX,,,a contacter,,,,,,,,,,,,cvc,,PARIS,,75,,,,,,,,,,,,,,,,,,,,,,,,,,,,,,,524722808,52472280800036,43.22A,,,,,,,,,,,sirene,
SANIMENOU,,,a contacter,,,,,,,,,,,,cvc,,SAINTE-MENEHOULD,,51,,,,,,,,,,,,,,,,,,,,,,,,,,,,,,,307113472,30711347200038,43.22A,,,,,,,,,,,sirene,
SANIPAC,,,a contacter,,,,,,,,,,,,cvc,,ANNONAY,,07,,,,,,,,,,,,,,,,,,,,,,,,,,,,,,,320888324,32088832400045,43.22B,,,,,,,,,,,sirene,
SANIQUATAIR,,,a contacter,,,,,,,,,,,,cvc,,BONS-EN-CHABLAIS,,74,,,,,,,,,,,,,,,,,,,,,,,,,,,,,,,818878985,81887898500014,43.22B,,,,,,,,,,,sirene,
SANISERE,,,a contacter,,,,,,,,,,,,cvc,,SAINT-MARTIN-D'HERES,,38,,,,,,,,,,,,,,,,,,,,,,,,,,,,,,,487737991,48773799100025,43.22A,,,,,,,,,,,sirene,
SANIT CHAUFFAGE,,,a contacter,,,,,,,,,,,,cvc,,MARSEILLE,,13,,,,,,,,,,,,,,,,,,,,,,,,,,,,,,,389225558,38922555800029,43.22A,,,,,,,,,,,sirene,
SANIT CONFORT,,,a contacter,,,,,,,,,,,,cvc,,PLERIN,,22,,,,,,,,,,,,,,,,,,,,,,,,,,,,,,,343978060,34397806000055,43.22A,,,,,,,,,,,sirene,
SANITAIRE CHAUFFAGE BALDOCCHI,,,a contacter,,,,,,,,,,,,cvc,,BASTIA,,2B,,,,,,,,,,,,,,,,,,,,,,,,,,,,,,,324549674,32454967400020,43.22A,,,,,,,,,,,sirene,
SANITAIRE COUVERTURE EQUIPEMENT ELECTRIQ,,,a contacter,,,,,,,,,,,,cvc,,CHAVILLE,,92,,,,,,,,,,,,,,,,,,,,,,,,,,,,,,,403947773,40394777300046,43.22B,,,,,,,,,,,sirene,
SANITAIRE PLOMBERIE ELECTRICITE CHAUFFAG,,,a contacter,,,,,,,,,,,,cvc,,MARSEILLE,,13,,,,,,,,,,,,,,,,,,,,,,,,,,,,,,,334763679,33476367900035,43.22B,,,,,,,,,,,sirene,
SANITAIRE THERMIQUE ELECTRICITE,,,a contacter,,,,,,,,,,,,cvc,,DIJON,,21,,,,,,,,,,,,,,,,,,,,,,,,,,,,,,,324989375,32498937500047,43.22B,,,,,,,,,,,sirene,
SANITHERM,,,a contacter,,,,,,,,,,,,cvc,,PERROS-GUIREC,,22,,,,,,,,,,,,,,,,,,,,,,,,,,,,,,,390534212,39053421200035,43.22A,,,,,,,,,,,sirene,
SANITHERM,,,a contacter,,,,,,,,,,,,cvc,,QUIMPER,,29,,,,,,,,,,,,,,,,,,,,,,,,,,,,,,,319748422,31974842200064,43.22B,,,,,,,,,,,sirene,
SANITHERM,,,a contacter,,,,,,,,,,,,cvc,,BRESSUIRE,,79,,,,,,,,,,,,,,,,,,,,,,,,,,,,,,,627120173,62712017300026,43.22B,,,,,,,,,,,sirene,
SANITHERM CONCEPT,,,a contacter,,,,,,,,,,,,cvc,,COULOMBS,,28,,,,,,,,,,,,,,,,,,,,,,,,,,,,,,,819320896,81932089600015,43.22B,,,,,,,,,,,sirene,
SANITHERM J. BLANC-TAILLEUR,,,a contacter,,,,,,,,,,,,cvc,,COURCHEVEL,,73,,,,,,,,,,,,,,,,,,,,,,,,,,,,,,,419255492,41925549200045,43.22A,,,,,,,,,,,sirene,
SANITHERME,,,a contacter,,,,,,,,,,,,cvc,,PARIS,,75,,,,,,,,,,,,,,,,,,,,,,,,,,,,,,,752511873,75251187300024,43.22A,,,,,,,,,,,sirene,
SANITHERMELEC,,,a contacter,,,,,,,,,,,,cvc,,CHEMILLE-EN-ANJOU,,49,,,,,,,,,,,,,,,,,,,,,,,,,,,,,,,309879930,30987993000050,43.22A,,,,,,,,,,,sirene,
SANITHERMIC,,,a contacter,,,,,,,,,,,,cvc,,CASTRIES,,34,,,,,,,,,,,,,,,,,,,,,,,,,,,,,,,414481713,41448171300025,43.22B,,,,,,,,,,,sirene,
SANITVAL,,,a contacter,,,,,,,,,,,,cvc,,MOUANS-SARTOUX,,06,,,,,,,,,,,,,,,,,,,,,,,,,,,,,,,313643512,31364351200053,43.22A,,,,,,,,,,,sirene,
SANO CLIMAT,,,a contacter,,,,,,,,,,,,cvc,,ALFORTVILLE,,94,,,,,,,,,,,,,,,,,,,,,,,,,,,,,,,895313849,89531384900013,43.22B,,,,,,,,,,,sirene,
SANTALLIER,,,a contacter,,,,,,,,,,,,cvc,,MAISONS-ALFORT,,94,,,,,,,,,,,,,,,,,,,,,,,,,,,,,,,313668972,31366897200018,43.22A,,,,,,,,,,,sirene,
SANYBAT,,,a contacter,,,,,,,,,,,,cvc,,LA MURETTE,,38,,,,,,,,,,,,,,,,,,,,,,,,,,,,,,,497588715,49758871500027,43.22B,,,,,,,,,,,sirene,
SARIE JEAN CLAUDE ENTREPRISE,,,a contacter,,,,,,,,,,,,cvc,,LOURDES,,65,,,,,,,,,,,,,,,,,,,,,,,,,,,,,,,380949297,38094929700028,43.22A,,,,,,,,,,,sirene,
SARL 05 DOUBLAGE,,,a contacter,,,,,,,,,,,,cvc,,EMBRUN,,05,,,,,,,,,,,,,,,,,,,,,,,,,,,,,,,812340362,81234036200019,43.29A,,,,,,,,,,,sirene,
SARL 2PBAT,,,a contacter,,,,,,,,,,,,cvc,,SAUJON,,17,,,,,,,,,,,,,,,,,,,,,,,,,,,,,,,830217535,83021753500020,43.22A,,,,,,,,,,,sirene,
SARL A A T,,,a contacter,,,,,,,,,,,,cvc,,WITRY-LES-REIMS,,51,,,,,,,,,,,,,,,,,,,,,,,,,,,,,,,428232912,42823291200025,43.22A,,,,,,,,,,,sirene,
SARL A ROBINE,,,a contacter,,,,,,,,,,,,cvc,,VILLEDIEU-LES-POELES-ROUFFIGNY,,50,,,,,,,,,,,,,,,,,,,,,,,,,,,,,,,331565499,33156549900042,43.22B,,,,,,,,,,,sirene,
SARL A.C.P.,,,a contacter,,,,,,,,,,,,cvc,,POLLESTRES,,66,,,,,,,,,,,,,,,,,,,,,,,,,,,,,,,443825872,44382587200015,43.22B,,,,,,,,,,,sirene,
SARL ABV SERVICES,,,a contacter,,,,,,,,,,,,cvc,,DECINES-CHARPIEU,,69,,,,,,,,,,,,,,,,,,,,,,,,,,,,,,,409055654,40905565400035,43.22B,,,,,,,,,,,sirene,
SARL AG,,,a contacter,,,,,,,,,,,,cvc,,ALBI,,81,,,,,,,,,,,,,,,,,,,,,,,,,,,,,,,502102007,50210200700049,43.22B,,,,,,,,,,,sirene,
SARL AGISOL,,,a contacter,,,,,,,,,,,,cvc,,FONTAINE,,38,,,,,,,,,,,,,,,,,,,,,,,,,,,,,,,398221895,39822189500038,43.29A,,,,,,,,,,,sirene,
SARL ANDRE BERTHAUD ET FILS,,,a contacter,,,,,,,,,,,,cvc,,GIVRY,,71,,,,,,,,,,,,,,,,,,,,,,,,,,,,,,,379628332,37962833200023,43.22B,,,,,,,,,,,sirene,
SARL ANTOINE MARINO,,,a contacter,,,,,,,,,,,,cvc,,THOUROTTE,,60,,,,,,,,,,,,,,,,,,,,,,,,,,,,,,,449101765,44910176500013,43.22B,,,,,,,,,,,sirene,
SARL APGC,,,a contacter,,,,,,,,,,,,cvc,,ISLE,,87,,,,,,,,,,,,,,,,,,,,,,,,,,,,,,,812833978,81283397800024,43.22A,,,,,,,,,,,sirene,
SARL ARMANDO ALVES,,,a contacter,,,,,,,,,,,,cvc,,SAINT-PRIEST-EN-JAREZ,,42,,,,,,,,,,,,,,,,,,,,,,,,,,,,,,,421652017,42165201700037,43.22B,,,,,,,,,,,sirene,
SARL AST PLOMBERIE,,,a contacter,,,,,,,,,,,,cvc,,CHAMBLY,,60,,,,,,,,,,,,,,,,,,,,,,,,,,,,,,,530381672,53038167200027,43.22A,,,,,,,,,,,sirene,
SARL ATLANTIGAZ,,,a contacter,,,,,,,,,,,,cvc,,LA ROCHELLE,,17,,,,,,,,,,,,,,,,,,,,,,,,,,,,,,,403293061,40329306100012,43.22B,,,,,,,,,,,sirene,
SARL AUBAS PEYRAS,,,a contacter,,,,,,,,,,,,cvc,,LIMOGES,,87,,,,,,,,,,,,,,,,,,,,,,,,,,,,,,,444525000,44452500000022,43.22B,,,,,,,,,,,sirene,
SARL AUBRIAT,,,a contacter,,,,,,,,,,,,cvc,,EPINAL,,88,,,,,,,,,,,,,,,,,,,,,,,,,,,,,,,484763339,48476333900013,43.29A,,,,,,,,,,,sirene,
SARL AUVERGNE GAZ,,,a contacter,,,,,,,,,,,,cvc,,ROMAGNAT,,63,,,,,,,,,,,,,,,,,,,,,,,,,,,,,,,398218347,39821834700027,43.22B,,,,,,,,,,,sirene,
SARL AZAY CHAUFFAGE,,,a contacter,,,,,,,,,,,,cvc,,LA CRECHE,,79,,,,,,,,,,,,,,,,,,,,,,,,,,,,,,,422542605,42254260500031,43.22B,,,,,,,,,,,sirene,
SARL BARIL,,,a contacter,,,,,,,,,,,,cvc,,SAINT-JEAN-DE-MONTS,,85,,,,,,,,,,,,,,,,,,,,,,,,,,,,,,,791344146,79134414600026,43.22A,,,,,,,,,,,sirene,
SARL BARRARD,,,a contacter,,,,,,,,,,,,cvc,,BORGO,,2B,,,,,,,,,,,,,,,,,,,,,,,,,,,,,,,317401289,31740128900028,43.22A,,,,,,,,,,,sirene,
SARL BERNARD DUVAL,,,a contacter,,,,,,,,,,,,cvc,,LE VAL D'OCRE,,89,,,,,,,,,,,,,,,,,,,,,,,,,,,,,,,383392420,38339242000014,43.22B,,,,,,,,,,,sirene,
SARL BIHANNIC,,,a contacter,,,,,,,,,,,,cvc,,LE HAVRE,,76,,,,,,,,,,,,,,,,,,,,,,,,,,,,,,,313897738,31389773800057,43.22A,,,,,,,,,,,sirene,
SARL BOSCHUNG,,,a contacter,,,,,,,,,,,,cvc,,WASSY,,52,,,,,,,,,,,,,,,,,,,,,,,,,,,,,,,433075058,43307505800027,43.22B,,,,,,,,,,,sirene,
SARL BOST.T,,,a contacter,,,,,,,,,,,,cvc,,ROANNE,,42,,,,,,,,,,,,,,,,,,,,,,,,,,,,,,,453321077,45332107700035,43.22A,,,,,,,,,,,sirene,
SARL BOUCHERAT,,,a contacter,,,,,,,,,,,,cvc,,CHATEAUMEILLANT,,18,,,,,,,,,,,,,,,,,,,,,,,,,,,,,,,389685678,38968567800028,43.22A,,,,,,,,,,,sirene,
SARL BOUCHET,,,a contacter,,,,,,,,,,,,cvc,,ROCHECHOUART,,87,,,,,,,,,,,,,,,,,,,,,,,,,,,,,,,522723691,52272369100013,43.22B,,,,,,,,,,,sirene,
SARL BOUHOURS,,,a contacter,,,,,,,,,,,,cvc,,CHATEAUNEUF-SUR-LOIRE,,45,,,,,,,,,,,,,,,,,,,,,,,,,,,,,,,411395437,41139543700022,43.22B,,,,,,,,,,,sirene,
SARL BRIMAUD,,,a contacter,,,,,,,,,,,,cvc,,SAINT-BENOIT,,86,,,,,,,,,,,,,,,,,,,,,,,,,,,,,,,392639928,39263992800028,43.22B,,,,,,,,,,,sirene,
SARL BROCHIER,,,a contacter,,,,,,,,,,,,cvc,,GAP,,05,,,,,,,,,,,,,,,,,,,,,,,,,,,,,,,389715442,38971544200015,43.22A,,,,,,,,,,,sirene,
SARL BROUSSE,,,a contacter,,,,,,,,,,,,cvc,,PONTAUMUR,,63,,,,,,,,,,,,,,,,,,,,,,,,,,,,,,,388770489,38877048900028,43.22A,,,,,,,,,,,sirene,
SARL BRUNEAU,,,a contacter,,,,,,,,,,,,cvc,,TADEN,,22,,,,,,,,,,,,,,,,,,,,,,,,,,,,,,,480096932,48009693200011,43.22A,,,,,,,,,,,sirene,
SARL BRUNIER,,,a contacter,,,,,,,,,,,,cvc,,VILLEPINTE,,93,,,,,,,,,,,,,,,,,,,,,,,,,,,,,,,318275682,31827568200058,43.22B,,,,,,,,,,,sirene,
SARL BT  QUALIT,,,a contacter,,,,,,,,,,,,cvc,,ISSY-LES-MOULINEAUX,,92,,,,,,,,,,,,,,,,,,,,,,,,,,,,,,,793498908,79349890800110,43.22A,,,,,,,,,,,sirene,
SARL BURG,,,a contacter,,,,,,,,,,,,cvc,,FONTOY,,57,,,,,,,,,,,,,,,,,,,,,,,,,,,,,,,787080142,78708014200021,43.22A,,,,,,,,,,,sirene,
SARL CACHAU ET FILS,,,a contacter,,,,,,,,,,,,cvc,,LABASTIDE-MONREJEAU,,64,,,,,,,,,,,,,,,,,,,,,,,,,,,,,,,429956139,42995613900035,43.22B,,,,,,,,,,,sirene,
SARL CALECO,,,a contacter,,,,,,,,,,,,cvc,,HYERES,,83,,,,,,,,,,,,,,,,,,,,,,,,,,,,,,,342249315,34224931500025,43.22B,,,,,,,,,,,sirene,
SARL CALITHERM,,,a contacter,,,,,,,,,,,,cvc,,PONT-A-MARCQ,,59,,,,,,,,,,,,,,,,,,,,,,,,,,,,,,,491869301,49186930100029,43.29A,,,,,,,,,,,sirene,
SARL CANOPEE,,,a contacter,,,,,,,,,,,,cvc,,CHALONNES-SUR-LOIRE,,49,,,,,,,,,,,,,,,,,,,,,,,,,,,,,,,813929270,81392927000037,43.29A,,,,,,,,,,,sirene,
SARL CAPANACCIA JEAN NOEL,,,a contacter,,,,,,,,,,,,cvc,,PORTO-VECCHIO,,2A,,,,,,,,,,,,,,,,,,,,,,,,,,,,,,,421678269,42167826900026,43.22A,,,,,,,,,,,sirene,
SARL CARDOSO ET FILS,,,a contacter,,,,,,,,,,,,cvc,,FRESNES,,94,,,,,,,,,,,,,,,,,,,,,,,,,,,,,,,450168604,45016860400038,43.22B,,,,,,,,,,,sirene,
SARL CARLES,,,a contacter,,,,,,,,,,,,cvc,,WARGNIES-LE-GRAND,,59,,,,,,,,,,,,,,,,,,,,,,,,,,,,,,,480574300,48057430000020,43.22B,,,,,,,,,,,sirene,
SARL CARLESSO FRERES,,,a contacter,,,,,,,,,,,,cvc,,VILLARD-BONNOT,,38,,,,,,,,,,,,,,,,,,,,,,,,,,,,,,,070501119,07050111900013,43.22A,,,,,,,,,,,sirene,
SARL CAROLINE BRETON,,,a contacter,,,,,,,,,,,,cvc,,BOURGVALLEES,,50,,,,,,,,,,,,,,,,,,,,,,,,,,,,,,,507603769,50760376900013,43.22A,,,,,,,,,,,sirene,
SARL CARRE ET ASSOCIES,,,a contacter,,,,,,,,,,,,cvc,,FONTENAY-LE-COMTE,,85,,,,,,,,,,,,,,,,,,,,,,,,,,,,,,,349744425,34974442500050,43.22B,,,,,,,,,,,sirene,
SARL CASTOLDI,,,a contacter,,,,,,,,,,,,cvc,,GIVET,,08,,,,,,,,,,,,,,,,,,,,,,,,,,,,,,,444144323,44414432300029,43.22B,,,,,,,,,,,sirene,
SARL CHAILLOU,,,a contacter,,,,,,,,,,,,cvc,,MONTMIRAIL,,72,,,,,,,,,,,,,,,,,,,,,,,,,,,,,,,383691698,38369169800039,43.22A,,,,,,,,,,,sirene,
SARL CHAMBRIER BRUNO,,,a contacter,,,,,,,,,,,,cvc,,SAINT-GATIEN-DES-BOIS,,14,,,,,,,,,,,,,,,,,,,,,,,,,,,,,,,814102281,81410228100015,43.22A,,,,,,,,,,,sirene,
SARL CHAMEROY,,,a contacter,,,,,,,,,,,,cvc,,WITRY-LES-REIMS,,51,,,,,,,,,,,,,,,,,,,,,,,,,,,,,,,495013443,49501344300025,43.22B,,,,,,,,,,,sirene,
SARL CHAUFFAGE PLOMBERIE SERVICES,,,a contacter,,,,,,,,,,,,cvc,,LOUDEAC,,22,,,,,,,,,,,,,,,,,,,,,,,,,,,,,,,347420069,34742006900036,43.22A,,,,,,,,,,,sirene,
SARL CHAUFFAGE SANITAIRE BARBELIN,,,a contacter,,,,,,,,,,,,cvc,,LEY,,57,,,,,,,,,,,,,,,,,,,,,,,,,,,,,,,404752438,40475243800022,43.22B,,,,,,,,,,,sirene,
SARL CHENE,,,a contacter,,,,,,,,,,,,cvc,,ROCHECHOUART,,87,,,,,,,,,,,,,,,,,,,,,,,,,,,,,,,491141636,49114163600010,43.22A,,,,,,,,,,,sirene,
SARL CK REFRIGERATION,,,a contacter,,,,,,,,,,,,cvc,,NEUVILLE-SAINT-REMY,,59,,,,,,,,,,,,,,,,,,,,,,,,,,,,,,,498769058,49876905800039,43.22B,,,,,,,,,,,sirene,
SARL CLAUDE CELLAN,,,a contacter,,,,,,,,,,,,cvc,,ANGLET,,64,,,,,,,,,,,,,,,,,,,,,,,,,,,,,,,379645781,37964578100012,43.22A,,,,,,,,,,,sirene,
SARL CLEAN,,,a contacter,,,,,,,,,,,,cvc,,EPINAY-SUR-SEINE,,93,,,,,,,,,,,,,,,,,,,,,,,,,,,,,,,843000779,84300077900010,43.22A,,,,,,,,,,,sirene,
SARL CLIMATHERM DEMETS FERNANDES,,,a contacter,,,,,,,,,,,,cvc,,MARCOUSSIS,,91,,,,,,,,,,,,,,,,,,,,,,,,,,,,,,,314868951,31486895100059,43.22B,,,,,,,,,,,sirene,
SARL CODEFROID,,,a contacter,,,,,,,,,,,,cvc,,BONNEVILLE,,74,,,,,,,,,,,,,,,,,,,,,,,,,,,,,,,418564779,41856477900043,43.22B,,,,,,,,,,,sirene,
SARL COLLET,,,a contacter,,,,,,,,,,,,cvc,,CHALON-SUR-SAONE,,71,,,,,,,,,,,,,,,,,,,,,,,,,,,,,,,340635028,34063502800020,43.22A,,,,,,,,,,,sirene,
SARL COMTE GAZ,,,a contacter,,,,,,,,,,,,cvc,,TOULOUSE,,31,,,,,,,,,,,,,,,,,,,,,,,,,,,,,,,533973020,53397302000027,43.22A,,,,,,,,,,,sirene,
SARL CORDEVANT,,,a contacter,,,,,,,,,,,,cvc,,RIBEMONT,,02,,,,,,,,,,,,,,,,,,,,,,,,,,,,,,,503080756,50308075600011,43.22B,,,,,,,,,,,sirene,
SARL COULEUR SOLEIL,,,a contacter,,,,,,,,,,,,cvc,,TERSSAC,,81,,,,,,,,,,,,,,,,,,,,,,,,,,,,,,,453495228,45349522800042,43.29A,,,,,,,,,,,sirene,
SARL CREA'SOLAIR,,,a contacter,,,,,,,,,,,,cvc,,NIMES,,30,,,,,,,,,,,,,,,,,,,,,,,,,,,,,,,511535023,51153502300028,43.22B,,,,,,,,,,,sirene,
SARL CREPIS RHIN,,,a contacter,,,,,,,,,,,,cvc,,OSTWALD,,67,,,,,,,,,,,,,,,,,,,,,,,,,,,,,,,439403072,43940307200028,43.29A,,,,,,,,,,,sirene,
SARL CRPC,,,a contacter,,,,,,,,,,,,cvc,,LATTES,,34,,,,,,,,,,,,,,,,,,,,,,,,,,,,,,,435140785,43514078500021,43.22A,,,,,,,,,,,sirene,
SARL CRUSEM ENTREPRISE,,,a contacter,,,,,,,,,,,,cvc,,MARANGE-SILVANGE,,57,,,,,,,,,,,,,,,,,,,,,,,,,,,,,,,479209595,47920959500020,43.22B,,,,,,,,,,,sirene,
SARL CSEIP DONCIEUX,,,a contacter,,,,,,,,,,,,cvc,,SAINT-JEAN-DE-LA-RUELLE,,45,,,,,,,,,,,,,,,,,,,,,,,,,,,,,,,384262069,38426206900048,43.22A,,,,,,,,,,,sirene,
SARL D'EXPLOITATION LHERMENIER,,,a contacter,,,,,,,,,,,,cvc,,LE MANS,,72,,,,,,,,,,,,,,,,,,,,,,,,,,,,,,,382745412,38274541200066,43.22B,,,,,,,,,,,sirene,
SARL D.DELPLANQUE,,,a contacter,,,,,,,,,,,,cvc,,ARQUES,,62,,,,,,,,,,,,,,,,,,,,,,,,,,,,,,,432156529,43215652900054,43.22B,,,,,,,,,,,sirene,
SARL DECROOCQ,,,a contacter,,,,,,,,,,,,cvc,,WORMHOUT,,59,,,,,,,,,,,,,,,,,,,,,,,,,,,,,,,339082968,33908296800019,43.22A,,,,,,,,,,,sirene,
SARL DEMOUGE,,,a contacter,,,,,,,,,,,,cvc,,MERCEY-LE-GRAND,,25,,,,,,,,,,,,,,,,,,,,,,,,,,,,,,,325537108,32553710800012,43.22A,,,,,,,,,,,sirene,
SARL DESMONT - MONTAGE INSDUSTRIEL FRANCE,,,a contacter,,,,,,,,,,,,cvc,,MARSEILLE,,13,,,,,,,,,,,,,,,,,,,,,,,,,,,,,,,789589405,78958940500024,43.22B,,,,,,,,,,,sirene,
SARL DLA BATIMENT,,,a contacter,,,,,,,,,,,,cvc,,L'ETANG-SALE,,974,,,,,,,,,,,,,,,,,,,,,,,,,,,,,,,804278489,80427848900039,43.22B,,,,,,,,,,,sirene,
SARL DORKEL,,,a contacter,,,,,,,,,,,,cvc,,RIMLING,,57,,,,,,,,,,,,,,,,,,,,,,,,,,,,,,,400141966,40014196600061,43.22B,,,,,,,,,,,sirene,
SARL DOUZET,,,a contacter,,,,,,,,,,,,cvc,,BEYNOST,,01,,,,,,,,,,,,,,,,,,,,,,,,,,,,,,,772201497,77220149700041,43.22A,,,,,,,,,,,sirene,
SARL DUBRAY,,,a contacter,,,,,,,,,,,,cvc,,L'HERBERGEMENT,,85,,,,,,,,,,,,,,,,,,,,,,,,,,,,,,,835084062,83508406200016,43.22A,,,,,,,,,,,sirene,
SARL DY ET FILS,,,a contacter,,,,,,,,,,,,cvc,,DINARD,,35,,,,,,,,,,,,,,,,,,,,,,,,,,,,,,,797838083,79783808300021,43.22A,,,,,,,,,,,sirene,
SARL E C A S,,,a contacter,,,,,,,,,,,,cvc,,VALENCE,,26,,,,,,,,,,,,,,,,,,,,,,,,,,,,,,,437080096,43708009600039,43.22B,,,,,,,,,,,sirene,
SARL E.V.M - EMIRY VELICKY MARC,,,a contacter,,,,,,,,,,,,cvc,,GASNY,,27,,,,,,,,,,,,,,,,,,,,,,,,,,,,,,,451269807,45126980700025,43.22A,,,,,,,,,,,sirene,
SARL ECO ENERGIE CONCEPT,,,a contacter,,,,,,,,,,,,cvc,,COGNAC,,16,,,,,,,,,,,,,,,,,,,,,,,,,,,,,,,501777940,50177794000039,43.22B,,,,,,,,,,,sirene,
SARL ECO OUATE,,,a contacter,,,,,,,,,,,,cvc,,GOUESNOU,,29,,,,,,,,,,,,,,,,,,,,,,,,,,,,,,,492173489,49217348900062,43.29A,,,,,,,,,,,sirene,
SARL EDM,,,a contacter,,,,,,,,,,,,cvc,,CHENNEVIERES-SUR-MARNE,,94,,,,,,,,,,,,,,,,,,,,,,,,,,,,,,,410442925,41044292500039,43.22A,,,,,,,,,,,sirene,
SARL ENTREPRISE LE BIHAN DANIEL ET FILS,,,a contacter,,,,,,,,,,,,cvc,,BEGARD,,22,,,,,,,,,,,,,,,,,,,,,,,,,,,,,,,408861466,40886146600030,43.22A,,,,,,,,,,,sirene,
SARL ENTREPRISE TANGUY,,,a contacter,,,,,,,,,,,,cvc,,TREGUNC,,29,,,,,,,,,,,,,,,,,,,,,,,,,,,,,,,410575732,41057573200012,43.22A,,,,,,,,,,,sirene,
SARL ENTREPRISE VILLAS,,,a contacter,,,,,,,,,,,,cvc,,PERLES-ET-CASTELET,,09,,,,,,,,,,,,,,,,,,,,,,,,,,,,,,,343646352,34364635200025,43.22A,,,,,,,,,,,sirene,
SARL ETABLISSEMENT LEGAVE,,,a contacter,,,,,,,,,,,,cvc,,PONTCHATEAU,,44,,,,,,,,,,,,,,,,,,,,,,,,,,,,,,,511342131,51134213100022,43.22B,,,,,,,,,,,sirene,
SARL ETS PUZIO JC,,,a contacter,,,,,,,,,,,,cvc,,CHELLES,,77,,,,,,,,,,,,,,,,,,,,,,,,,,,,,,,411416480,41141648000027,43.22B,,,,,,,,,,,sirene,
SARL EUROVENTILATION,,,a contacter,,,,,,,,,,,,cvc,,ARGENTEUIL,,95,,,,,,,,,,,,,,,,,,,,,,,,,,,,,,,525252250,52525225000028,43.22B,,,,,,,,,,,sirene,
SARL F.M.A.,,,a contacter,,,,,,,,,,,,cvc,,GRETZ-ARMAINVILLIERS,,77,,,,,,,,,,,,,,,,,,,,,,,,,,,,,,,444375083,44437508300037,43.29A,,,,,,,,,,,sirene,
SARL FASO FRERES,,,a contacter,,,,,,,,,,,,cvc,,GANDRANGE,,57,,,,,,,,,,,,,,,,,,,,,,,,,,,,,,,410830749,41083074900025,43.22A,,,,,,,,,,,sirene,
SARL FIEVRE FRERES,,,a contacter,,,,,,,,,,,,cvc,,JARD-SUR-MER,,85,,,,,,,,,,,,,,,,,,,,,,,,,,,,,,,497636605,49763660500014,43.22A,,,,,,,,,,,sirene,
SARL FORCENERGIE,,,a contacter,,,,,,,,,,,,cvc,,GENESTON,,44,,,,,,,,,,,,,,,,,,,,,,,,,,,,,,,532143773,53214377300028,43.22B,,,,,,,,,,,sirene,
SARL FOUCTEAU,,,a contacter,,,,,,,,,,,,cvc,,LENCLOITRE,,86,,,,,,,,,,,,,,,,,,,,,,,,,,,,,,,383783479,38378347900025,43.22B,,,,,,,,,,,sirene,
SARL GAETAN GALIANA,,,a contacter,,,,,,,,,,,,cvc,,LE FAUGA,,31,,,,,,,,,,,,,,,,,,,,,,,,,,,,,,,442886198,44288619800021,43.22B,,,,,,,,,,,sirene,
SARL GAMON,,,a contacter,,,,,,,,,,,,cvc,,ROMANS-SUR-ISERE,,26,,,,,,,,,,,,,,,,,,,,,,,,,,,,,,,950309070,95030907000023,43.22A,,,,,,,,,,,sirene,
SARL GAZ DEPANNAGE,,,a contacter,,,,,,,,,,,,cvc,,LUISANT,,28,,,,,,,,,,,,,,,,,,,,,,,,,,,,,,,327695755,32769575500048,43.22B,,,,,,,,,,,sirene,
SARL GAZ TECHNIQUE,,,a contacter,,,,,,,,,,,,cvc,,ROMAGNAT,,63,,,,,,,,,,,,,,,,,,,,,,,,,,,,,,,440244747,44024474700018,43.22B,,,,,,,,,,,sirene,
SARL GENERAL EQUIPEMENT,,,a contacter,,,,,,,,,,,,cvc,,LE HAILLAN,,33,,,,,,,,,,,,,,,,,,,,,,,,,,,,,,,420608895,42060889500033,43.22B,,,,,,,,,,,sirene,
SARL GENEVE,,,a contacter,,,,,,,,,,,,cvc,,TAILLIS,,35,,,,,,,,,,,,,,,,,,,,,,,,,,,,,,,437981384,43798138400021,43.22A,,,,,,,,,,,sirene,
SARL GENTIL THERMIQUE,,,a contacter,,,,,,,,,,,,cvc,,AHUY,,21,,,,,,,,,,,,,,,,,,,,,,,,,,,,,,,480602150,48060215000025,43.22B,,,,,,,,,,,sirene,
SARL GERARD AYGLON ET COMPAGNIE,,,a contacter,,,,,,,,,,,,cvc,,LAURAC-EN-VIVARAIS,,07,,,,,,,,,,,,,,,,,,,,,,,,,,,,,,,327764726,32776472600037,43.29A,,,,,,,,,,,sirene,
SARL GILET ET BERNARD,,,a contacter,,,,,,,,,,,,cvc,,MOULINS,,03,,,,,,,,,,,,,,,,,,,,,,,,,,,,,,,527535181,52753518100020,43.22B,,,,,,,,,,,sirene,
SARL GIRON,,,a contacter,,,,,,,,,,,,cvc,,VIC-LE-COMTE,,63,,,,,,,,,,,,,,,,,,,,,,,,,,,,,,,403458995,40345899500020,43.22B,,,,,,,,,,,sirene,
SARL GODIN MAN,,,a contacter,,,,,,,,,,,,cvc,,NIEPPE,,59,,,,,,,,,,,,,,,,,,,,,,,,,,,,,,,815112743,81511274300027,43.22A,,,,,,,,,,,sirene,
SARL GOLFE ECO ENERGIE,,,a contacter,,,,,,,,,,,,cvc,,GRAND-CHAMP,,56,,,,,,,,,,,,,,,,,,,,,,,,,,,,,,,878552454,87855245400026,43.22B,,,,,,,,,,,sirene,
SARL GOTTI,,,a contacter,,,,,,,,,,,,cvc,,LONS-LE-SAUNIER,,39,,,,,,,,,,,,,,,,,,,,,,,,,,,,,,,391989670,39198967000032,43.22B,,,,,,,,,,,sirene,
SARL GROUPE MENARD ENERGIE,,,a contacter,,,,,,,,,,,,cvc,,SAINT-PORCHAIRE,,17,,,,,,,,,,,,,,,,,,,,,,,,,,,,,,,479979791,47997979100056,43.22A,,,,,,,,,,,sirene,
SARL GUILLAUME,,,a contacter,,,,,,,,,,,,cvc,,GOUVIEUX,,60,,,,,,,,,,,,,,,,,,,,,,,,,,,,,,,483497103,48349710300034,43.22B,,,,,,,,,,,sirene,
SARL HABITAT CONFORT,,,a contacter,,,,,,,,,,,,cvc,,BOURGOGNE-FRESNE,,51,,,,,,,,,,,,,,,,,,,,,,,,,,,,,,,443675988,44367598800028,43.22A,,,,,,,,,,,sirene,
SARL HERVE,,,a contacter,,,,,,,,,,,,cvc,,VITRE,,35,,,,,,,,,,,,,,,,,,,,,,,,,,,,,,,340535400,34053540000022,43.22B,,,,,,,,,,,sirene,
SARL HOURY,,,a contacter,,,,,,,,,,,,cvc,,FEROLLES,,45,,,,,,,,,,,,,,,,,,,,,,,,,,,,,,,504408733,50440873300021,43.22A,,,,,,,,,,,sirene,
SARL HUGUES PAYEN,,,a contacter,,,,,,,,,,,,cvc,,DAINVILLE,,62,,,,,,,,,,,,,,,,,,,,,,,,,,,,,,,439493552,43949355200038,43.22B,,,,,,,,,,,sirene,
SARL HURON FRERES,,,a contacter,,,,,,,,,,,,cvc,,SAINT-VIVIEN,,17,,,,,,,,,,,,,,,,,,,,,,,,,,,,,,,538994641,53899464100024,43.22A,,,,,,,,,,,sirene,
SARL HYDRO ELEC,,,a contacter,,,,,,,,,,,,cvc,,AJACCIO,,2A,,,,,,,,,,,,,,,,,,,,,,,,,,,,,,,393459698,39345969800022,43.22A,,,,,,,,,,,sirene,
SARL I.D.O,,,a contacter,,,,,,,,,,,,cvc,,BEAUVAIS,,60,,,,,,,,,,,,,,,,,,,,,,,,,,,,,,,514608439,51460843900014,43.29A,,,,,,,,,,,sirene,
SARL ISO TECHNIQUE.,,,a contacter,,,,,,,,,,,,cvc,,RUMILLY,,74,,,,,,,,,,,,,,,,,,,,,,,,,,,,,,,418106696,41810669600028,43.29A,,,,,,,,,,,sirene,
SARL ISOL FLAMME,,,a contacter,,,,,,,,,,,,cvc,,SARCELLES,,95,,,,,,,,,,,,,,,,,,,,,,,,,,,,,,,447841495,44784149500024,43.29A,,,,,,,,,,,sirene,
SARL ISOLUX,,,a contacter,,,,,,,,,,,,cvc,,CHAINGY,,45,,,,,,,,,,,,,,,,,,,,,,,,,,,,,,,314090861,31409086100043,43.29A,,,,,,,,,,,sirene,
SARL JEAN MARIE BOUTTEAUX,,,a contacter,,,,,,,,,,,,cvc,,LOUVIGNIES-QUESNOY,,59,,,,,,,,,,,,,,,,,,,,,,,,,,,,,,,342063427,34206342700013,43.22B,,,,,,,,,,,sirene,
SARL JEAN PIERRE RICHARD,,,a contacter,,,,,,,,,,,,cvc,,PAIMPOL,,22,,,,,,,,,,,,,,,,,,,,,,,,,,,,,,,453746646,45374664600018,43.22A,,,,,,,,,,,sirene,
SARL JEAN-CLAUDE LAURENT,,,a contacter,,,,,,,,,,,,cvc,,CHANTELLE,,03,,,,,,,,,,,,,,,,,,,,,,,,,,,,,,,797555240,79755524000010,43.22A,,,,,,,,,,,sirene,
SARL JEAN-MAX COSTER,,,a contacter,,,,,,,,,,,,cvc,,RAMBERVILLERS,,88,,,,,,,,,,,,,,,,,,,,,,,,,,,,,,,491260584,49126058400025,43.22B,,,,,,,,,,,sirene,
SARL JEAN-MICHEL VECHART,,,a contacter,,,,,,,,,,,,cvc,,AIRAINES,,80,,,,,,,,,,,,,,,,,,,,,,,,,,,,,,,497903641,49790364100015,43.22A,,,,,,,,,,,sirene,
SARL LAGIER FILS,,,a contacter,,,,,,,,,,,,cvc,,VILLENEUVE-LES-AVIGNON,,30,,,,,,,,,,,,,,,,,,,,,,,,,,,,,,,344903430,34490343000033,43.22A,,,,,,,,,,,sirene,
SARL LANCIA,,,a contacter,,,,,,,,,,,,cvc,,VALSERHONE,,01,,,,,,,,,,,,,,,,,,,,,,,,,,,,,,,393537568,39353756800023,43.22B,,,,,,,,,,,sirene,
SARL LAQUESTE ET ALESSI,,,a contacter,,,,,,,,,,,,cvc,,CUTRY,,54,,,,,,,,,,,,,,,,,,,,,,,,,,,,,,,331160549,33116054900019,43.22B,,,,,,,,,,,sirene,
SARL LAVIGNA,,,a contacter,,,,,,,,,,,,cvc,,SAINT-CREPIN,,05,,,,,,,,,,,,,,,,,,,,,,,,,,,,,,,331036269,33103626900024,43.22A,,,,,,,,,,,sirene,
SARL LBG,,,a contacter,,,,,,,,,,,,cvc,,COLOMBES,,92,,,,,,,,,,,,,,,,,,,,,,,,,,,,,,,798044194,79804419400032,43.22B,,,,,,,,,,,sirene,
SARL LES 3 ARTISANS,,,a contacter,,,,,,,,,,,,cvc,,PREMESQUES,,59,,,,,,,,,,,,,,,,,,,,,,,,,,,,,,,353505381,35350538100023,43.22A,,,,,,,,,,,sirene,
SARL LES ETS CAZES,,,a contacter,,,,,,,,,,,,cvc,,TOULOUGES,,66,,,,,,,,,,,,,,,,,,,,,,,,,,,,,,,431249861,43124986100029,43.22A,,,,,,,,,,,sirene,
SARL LES THERMICIENS GASCONS,,,a contacter,,,,,,,,,,,,cvc,,JEGUN,,32,,,,,,,,,,,,,,,,,,,,,,,,,,,,,,,527842140,52784214000032,43.22B,,,,,,,,,,,sirene,
SARL LESECQ,,,a contacter,,,,,,,,,,,,cvc,,BERNAY,,27,,,,,,,,,,,,,,,,,,,,,,,,,,,,,,,449957182,44995718200016,43.22B,,,,,,,,,,,sirene,
SARL LEYMONIE,,,a contacter,,,,,,,,,,,,cvc,,NEVERS,,58,,,,,,,,,,,,,,,,,,,,,,,,,,,,,,,447839440,44783944000016,43.22A,,,,,,,,,,,sirene,
SARL LISOLEUR,,,a contacter,,,,,,,,,,,,cvc,,LA SEGUINIERE,,49,,,,,,,,,,,,,,,,,,,,,,,,,,,,,,,413965971,41396597100034,43.29A,,,,,,,,,,,sirene,
SARL M.T.I.,,,a contacter,,,,,,,,,,,,cvc,,SAINT-PAUL,,33,,,,,,,,,,,,,,,,,,,,,,,,,,,,,,,490554904,49055490400014,43.22B,,,,,,,,,,,sirene,
SARL MACOIN,,,a contacter,,,,,,,,,,,,cvc,,MESNAC,,16,,,,,,,,,,,,,,,,,,,,,,,,,,,,,,,428082853,42808285300022,43.22B,,,,,,,,,,,sirene,
SARL MARC,,,a contacter,,,,,,,,,,,,cvc,,TOULOUGES,,66,,,,,,,,,,,,,,,,,,,,,,,,,,,,,,,334707940,33470794000030,43.22A,,,,,,,,,,,sirene,
SARL MARINHO,,,a contacter,,,,,,,,,,,,cvc,,PARIS,,75,,,,,,,,,,,,,,,,,,,,,,,,,,,,,,,845049303,84504930300017,43.29A,,,,,,,,,,,sirene,
SARL MARTINEZ,,,a contacter,,,,,,,,,,,,cvc,,LA GARDE,,83,,,,,,,,,,,,,,,,,,,,,,,,,,,,,,,382361467,38236146700030,43.22A,,,,,,,,,,,sirene,
SARL MGS CALORIFUGE,,,a contacter,,,,,,,,,,,,cvc,,SAINT-PARDOUX-DU-BREUIL,,47,,,,,,,,,,,,,,,,,,,,,,,,,,,,,,,344107420,34410742000038,43.29A,,,,,,,,,,,sirene,
SARL MIMEUR F.,,,a contacter,,,,,,,,,,,,cvc,,GENELARD,,71,,,,,,,,,,,,,,,,,,,,,,,,,,,,,,,529745093,52974509300011,43.22B,,,,,,,,,,,sirene,
SARL MIMOUN,,,a contacter,,,,,,,,,,,,cvc,,PARIS,,75,,,,,,,,,,,,,,,,,,,,,,,,,,,,,,,843921990,84392199000019,43.22A,,,,,,,,,,,sirene,
SARL MISSLIN,,,a contacter,,,,,,,,,,,,cvc,,BOUXWILLER,,68,,,,,,,,,,,,,,,,,,,,,,,,,,,,,,,788625960,78862596000018,43.22B,,,,,,,,,,,sirene,
SARL MONNIER,,,a contacter,,,,,,,,,,,,cvc,,SAINT-DIONISY,,30,,,,,,,,,,,,,,,,,,,,,,,,,,,,,,,390259208,39025920800028,43.22A,,,,,,,,,,,sirene,
SARL MORISOT,,,a contacter,,,,,,,,,,,,cvc,,SAINTS-GEOSMES,,52,,,,,,,,,,,,,,,,,,,,,,,,,,,,,,,499546372,49954637200024,43.22B,,,,,,,,,,,sirene,
SARL MOURON ET FILS,,,a contacter,,,,,,,,,,,,cvc,,LORP-SENTARAILLE,,09,,,,,,,,,,,,,,,,,,,,,,,,,,,,,,,524027588,52402758800036,43.22B,,,,,,,,,,,sirene,
SARL NAPOLI FRERES,,,a contacter,,,,,,,,,,,,cvc,,CLOUANGE,,57,,,,,,,,,,,,,,,,,,,,,,,,,,,,,,,381444108,38144410800025,43.29A,,,,,,,,,,,sirene,
SARL NAVARRO-LE GRAND BAIN,,,a contacter,,,,,,,,,,,,cvc,,SILLINGY,,74,,,,,,,,,,,,,,,,,,,,,,,,,,,,,,,430257246,43025724600016,43.22B,,,,,,,,,,,sirene,
SARL NICOLAS CUNY,,,a contacter,,,,,,,,,,,,cvc,,GUGNECOURT,,88,,,,,,,,,,,,,,,,,,,,,,,,,,,,,,,751038936,75103893600025,43.22A,,,,,,,,,,,sirene,
SARL OCEANIC FROID,,,a contacter,,,,,,,,,,,,cvc,,SAINTE-SUZANNE,,974,,,,,,,,,,,,,,,,,,,,,,,,,,,,,,,803362938,80336293800026,43.22B,,,,,,,,,,,sirene,
SARL OLIVIER,,,a contacter,,,,,,,,,,,,cvc,,HAUTE-GOULAINE,,44,,,,,,,,,,,,,,,,,,,,,,,,,,,,,,,351536347,35153634700013,43.22A,,,,,,,,,,,sirene,
SARL P C E R G,,,a contacter,,,,,,,,,,,,cvc,,COURTRY,,77,,,,,,,,,,,,,,,,,,,,,,,,,,,,,,,539212258,53921225800054,43.22A,,,,,,,,,,,sirene,
SARL PALMIE,,,a contacter,,,,,,,,,,,,cvc,,LA LOUBIERE,,12,,,,,,,,,,,,,,,,,,,,,,,,,,,,,,,428969034,42896903400027,43.22A,,,,,,,,,,,sirene,
SARL PATRICE CHEVALIER,,,a contacter,,,,,,,,,,,,cvc,,LA CHAPELLE-HEULIN,,44,,,,,,,,,,,,,,,,,,,,,,,,,,,,,,,389528746,38952874600024,43.22A,,,,,,,,,,,sirene,
SARL PAUL CLAVIER,,,a contacter,,,,,,,,,,,,cvc,,LA CHAPELLE-SUR-ERDRE,,44,,,,,,,,,,,,,,,,,,,,,,,,,,,,,,,411956493,41195649300018,43.22A,,,,,,,,,,,sirene,
SARL PAYOT ET FILS,,,a contacter,,,,,,,,,,,,cvc,,CHATILLON LE DUC,,25,,,,,,,,,,,,,,,,,,,,,,,,,,,,,,,342458635,34245863500014,43.22B,,,,,,,,,,,sirene,
SARL PAYS,,,a contacter,,,,,,,,,,,,cvc,,SAINTE-EULALIE,,33,,,,,,,,,,,,,,,,,,,,,,,,,,,,,,,448271023,44827102300013,43.22A,,,,,,,,,,,sirene,
SARL PCKB,,,a contacter,,,,,,,,,,,,cvc,,NEUILLY-SUR-MARNE,,93,,,,,,,,,,,,,,,,,,,,,,,,,,,,,,,797951159,79795115900012,43.22A,,,,,,,,,,,sirene,
SARL PIQUEE,,,a contacter,,,,,,,,,,,,cvc,,FAYL-BILLOT,,52,,,,,,,,,,,,,,,,,,,,,,,,,,,,,,,408220895,40822089500028,43.22B,,,,,,,,,,,sirene,
SARL PLOMBERIE SOLAIRE GRONDIN,,,a contacter,,,,,,,,,,,,cvc,,SAINT-PIERRE,,974,,,,,,,,,,,,,,,,,,,,,,,,,,,,,,,833393747,83339374700039,43.22B,,,,,,,,,,,sirene,
SARL PLVS BTP,,,a contacter,,,,,,,,,,,,cvc,,PARIS,,75,,,,,,,,,,,,,,,,,,,,,,,,,,,,,,,419706163,41970616300039,43.22A,,,,,,,,,,,sirene,
SARL POTDEVIN LUDOVIC,,,a contacter,,,,,,,,,,,,cvc,,EVRAN,,22,,,,,,,,,,,,,,,,,,,,,,,,,,,,,,,489298620,48929862000027,43.22A,,,,,,,,,,,sirene,
SARL PUCHAUD WILLIAM,,,a contacter,,,,,,,,,,,,cvc,,CHAUVIGNY,,86,,,,,,,,,,,,,,,,,,,,,,,,,,,,,,,414800656,41480065600020,43.22B,,,,,,,,,,,sirene,
SARL QUIMPER GAZ,,,a contacter,,,,,,,,,,,,cvc,,PLUGUFFAN,,29,,,,,,,,,,,,,,,,,,,,,,,,,,,,,,,334053766,33405376600039,43.22B,,,,,,,,,,,sirene,
SARL RAVAT,,,a contacter,,,,,,,,,,,,cvc,,LA GORGUE,,59,,,,,,,,,,,,,,,,,,,,,,,,,,,,,,,510696735,51069673500032,43.22B,,,,,,,,,,,sirene,
SARL RAYMOND PARMENTIER,,,a contacter,,,,,,,,,,,,cvc,,RAMONCHAMP,,88,,,,,,,,,,,,,,,,,,,,,,,,,,,,,,,379812340,37981234000014,43.29A,,,,,,,,,,,sirene,
SARL RENE PUJOL ET FILS,,,a contacter,,,,,,,,,,,,cvc,,MIRAMONT-DE-COMMINGES,,31,,,,,,,,,,,,,,,,,,,,,,,,,,,,,,,412941700,41294170000038,43.22A,,,,,,,,,,,sirene,
SARL RIBOT,,,a contacter,,,,,,,,,,,,cvc,,MELLE,,79,,,,,,,,,,,,,,,,,,,,,,,,,,,,,,,412350498,41235049800025,43.22B,,,,,,,,,,,sirene,
SARL RL PROCLIM,,,a contacter,,,,,,,,,,,,cvc,,SAINT-MARTIN-LA-PLAINE,,42,,,,,,,,,,,,,,,,,,,,,,,,,,,,,,,878805498,87880549800010,43.22A,,,,,,,,,,,sirene,
SARL ROGE LECONTE,,,a contacter,,,,,,,,,,,,cvc,,CHAMPIGNY-SUR-MARNE,,94,,,,,,,,,,,,,,,,,,,,,,,,,,,,,,,699801577,69980157700049,43.22A,,,,,,,,,,,sirene,
SARL ROIRAND,,,a contacter,,,,,,,,,,,,cvc,,LA ROCHE-SUR-YON,,85,,,,,,,,,,,,,,,,,,,,,,,,,,,,,,,381224385,38122438500033,43.22A,,,,,,,,,,,sirene,
SARL ROUSSEL CHAUFFAGE,,,a contacter,,,,,,,,,,,,cvc,,LUXEUIL-LES-BAINS,,70,,,,,,,,,,,,,,,,,,,,,,,,,,,,,,,389029257,38902925700018,43.22B,,,,,,,,,,,sirene,
SARL SANTIN,,,a contacter,,,,,,,,,,,,cvc,,BEAUMONT DE LOMAGNE,,82,,,,,,,,,,,,,,,,,,,,,,,,,,,,,,,450618475,45061847500047,43.22A,,,,,,,,,,,sirene,
SARL SARDA WETISCHEK,,,a contacter,,,,,,,,,,,,cvc,,CHAUNY,,02,,,,,,,,,,,,,,,,,,,,,,,,,,,,,,,414142125,41414212500023,43.22A,,,,,,,,,,,sirene,
SARL SERSET,,,a contacter,,,,,,,,,,,,cvc,,BEGLES,,33,,,,,,,,,,,,,,,,,,,,,,,,,,,,,,,316881226,31688122600054,43.22B,,,,,,,,,,,sirene,
SARL SICP,,,a contacter,,,,,,,,,,,,cvc,,LE TRAIT,,76,,,,,,,,,,,,,,,,,,,,,,,,,,,,,,,393583653,39358365300034,43.29A,,,,,,,,,,,sirene,
SARL SITACLIM,,,a contacter,,,,,,,,,,,,cvc,,HERBLAY-SUR-SEINE,,95,,,,,,,,,,,,,,,,,,,,,,,,,,,,,,,537798886,53779888600041,43.22B,,,,,,,,,,,sirene,
SARL SM 5,,,a contacter,,,,,,,,,,,,cvc,,JOUY-LE-MOUTIER,,95,,,,,,,,,,,,,,,,,,,,,,,,,,,,,,,402253843,40225384300070,43.22B,,,,,,,,,,,sirene,
SARL SOCIETE CHIGNOLI,,,a contacter,,,,,,,,,,,,cvc,,ROMAINVILLE,,93,,,,,,,,,,,,,,,,,,,,,,,,,,,,,,,300570892,30057089200046,43.22B,,,,,,,,,,,sirene,
SARL SOPODEX,,,a contacter,,,,,,,,,,,,cvc,,PARIS,,75,,,,,,,,,,,,,,,,,,,,,,,,,,,,,,,323903989,32390398900016,43.22B,,,,,,,,,,,sirene,
SARL SP2M GENIE CLIMATIQUE,,,a contacter,,,,,,,,,,,,cvc,,SAINT-DENIS,,93,,,,,,,,,,,,,,,,,,,,,,,,,,,,,,,800711616,80071161600014,43.22A,,,,,,,,,,,sirene,
SARL STEPHANE RAYNAUD,,,a contacter,,,,,,,,,,,,cvc,,LAPEYROUSE-FOSSAT,,31,,,,,,,,,,,,,,,,,,,,,,,,,,,,,,,478119696,47811969600027,43.22A,,,,,,,,,,,sirene,
SARL STROYBAT,,,a contacter,,,,,,,,,,,,cvc,,SAINT-MAUR-DES-FOSSES,,94,,,,,,,,,,,,,,,,,,,,,,,,,,,,,,,799894480,79989448000026,43.29A,,,,,,,,,,,sirene,
SARL T.C.P.E.,,,a contacter,,,,,,,,,,,,cvc,,CHALLANS,,85,,,,,,,,,,,,,,,,,,,,,,,,,,,,,,,482474699,48247469900048,43.22B,,,,,,,,,,,sirene,
SARL T.E.E.M,,,a contacter,,,,,,,,,,,,cvc,,VALENTON,,94,,,,,,,,,,,,,,,,,,,,,,,,,,,,,,,750930034,75093003400020,43.22B,,,,,,,,,,,sirene,
SARL TCPC,,,a contacter,,,,,,,,,,,,cvc,,OLIVET,,45,,,,,,,,,,,,,,,,,,,,,,,,,,,,,,,808078794,80807879400027,43.22A,,,,,,,,,,,sirene,
SARL THERM SANIT EQUIPEMENT HYDRAULIQUE,,,a contacter,,,,,,,,,,,,cvc,,SILLINGY,,74,,,,,,,,,,,,,,,,,,,,,,,,,,,,,,,433281318,43328131800017,43.22B,,,,,,,,,,,sirene,
SARL THERMI DEPANNAGE,,,a contacter,,,,,,,,,,,,cvc,,POUILLY-SOUS-CHARLIEU,,42,,,,,,,,,,,,,,,,,,,,,,,,,,,,,,,330264664,33026466400039,43.22B,,,,,,,,,,,sirene,
SARL THERMICLIM,,,a contacter,,,,,,,,,,,,cvc,,MARTINVAST,,50,,,,,,,,,,,,,,,,,,,,,,,,,,,,,,,381944453,38194445300046,43.22B,,,,,,,,,,,sirene,
SARL THERMO FUEL,,,a contacter,,,,,,,,,,,,cvc,,SAINT-PRIEST,,69,,,,,,,,,,,,,,,,,,,,,,,,,,,,,,,959501149,95950114900063,43.22B,,,,,,,,,,,sirene,
SARL THIBAUD,,,a contacter,,,,,,,,,,,,cvc,,PORNIC,,44,,,,,,,,,,,,,,,,,,,,,,,,,,,,,,,321675134,32167513400043,43.22A,,,,,,,,,,,sirene,
SARL TOLSAU,,,a contacter,,,,,,,,,,,,cvc,,PORTET-SUR-GARONNE,,31,,,,,,,,,,,,,,,,,,,,,,,,,,,,,,,432545200,43254520000045,43.22A,,,,,,,,,,,sirene,
SARL UNIPERSONNELLE BRIAND CHRISTIAN,,,a contacter,,,,,,,,,,,,cvc,,LES TOUCHES,,44,,,,,,,,,,,,,,,,,,,,,,,,,,,,,,,397778903,39777890300013,43.22A,,,,,,,,,,,sirene,
SARL VALDROME CHAUFFAGE,,,a contacter,,,,,,,,,,,,cvc,,AOUSTE-SUR-SYE,,26,,,,,,,,,,,,,,,,,,,,,,,,,,,,,,,434938122,43493812200034,43.22A,,,,,,,,,,,sirene,
SARL VAUCLIN,,,a contacter,,,,,,,,,,,,cvc,,GONFREVILLE-L'ORCHER,,76,,,,,,,,,,,,,,,,,,,,,,,,,,,,,,,448935494,44893549400063,43.22B,,,,,,,,,,,sirene,
SARL VENTIL AIR,,,a contacter,,,,,,,,,,,,cvc,,VITRY-SUR-SEINE,,94,,,,,,,,,,,,,,,,,,,,,,,,,,,,,,,521185991,52118599100044,43.22A,,,,,,,,,,,sirene,
SARL VIGOT-LETEMPLIER,,,a contacter,,,,,,,,,,,,cvc,,QUETTREVILLE-SUR-SIENNE,,50,,,,,,,,,,,,,,,,,,,,,,,,,,,,,,,811582709,81158270900010,43.22A,,,,,,,,,,,sirene,
SARL VIKTOR,,,a contacter,,,,,,,,,,,,cvc,,SAINT-ARNOULT,,14,,,,,,,,,,,,,,,,,,,,,,,,,,,,,,,420774069,42077406900041,43.22A,,,,,,,,,,,sirene,
SARL WANT'AID,,,a contacter,,,,,,,,,,,,cvc,,MONTAIGU-VENDEE,,85,,,,,,,,,,,,,,,,,,,,,,,,,,,,,,,523429975,52342997500031,43.22B,,,,,,,,,,,sirene,
SARL YVES THOMAS,,,a contacter,,,,,,,,,,,,cvc,,FECAMP,,76,,,,,,,,,,,,,,,,,,,,,,,,,,,,,,,383727971,38372797100012,43.22B,,,,,,,,,,,sirene,
SAS 29 DIFFUSION,,,a contacter,,,,,,,,,,,,cvc,,LANDIVISIAU,,29,,,,,,,,,,,,,,,,,,,,,,,,,,,,,,,447538810,44753881000030,43.22B,,,,,,,,,,,sirene,
SAS ARPLAK,,,a contacter,,,,,,,,,,,,cvc,,RIVES-DU-LOIR-EN-ANJOU,,49,,,,,,,,,,,,,,,,,,,,,,,,,,,,,,,400576112,40057611200041,43.29A,,,,,,,,,,,sirene,
SAS BERNARD,,,a contacter,,,,,,,,,,,,cvc,,BELLEVIGNY,,85,,,,,,,,,,,,,,,,,,,,,,,,,,,,,,,431437854,43143785400026,43.22A,,,,,,,,,,,sirene,
SAS BOISSONNADE,,,a contacter,,,,,,,,,,,,cvc,,ONET-LE-CHATEAU,,12,,,,,,,,,,,,,,,,,,,,,,,,,,,,,,,333963593,33396359300038,43.22B,,,,,,,,,,,sirene,
SAS BORDRON ASSOCIES,,,a contacter,,,,,,,,,,,,cvc,,CHOLET,,49,,,,,,,,,,,,,,,,,,,,,,,,,,,,,,,388893513,38889351300027,43.22A,,,,,,,,,,,sirene,
SAS CASTANIER,,,a contacter,,,,,,,,,,,,cvc,,LE HAVRE,,76,,,,,,,,,,,,,,,,,,,,,,,,,,,,,,,329109151,32910915100111,43.22B,,,,,,,,,,,sirene,
SAS CATANIA PHILIPPE,,,a contacter,,,,,,,,,,,,cvc,,MARTIGUES,,13,,,,,,,,,,,,,,,,,,,,,,,,,,,,,,,450848254,45084825400030,43.22A,,,,,,,,,,,sirene,
SAS CLAIR'EQUEAUX,,,a contacter,,,,,,,,,,,,cvc,,REIMS,,51,,,,,,,,,,,,,,,,,,,,,,,,,,,,,,,523499119,52349911900064,43.22A,,,,,,,,,,,sirene,
SAS CUCHEROUSSET,,,a contacter,,,,,,,,,,,,cvc,,VALDAHON,,25,,,,,,,,,,,,,,,,,,,,,,,,,,,,,,,513853101,51385310100022,43.22B,,,,,,,,,,,sirene,
SAS DEGUY,,,a contacter,,,,,,,,,,,,cvc,,LEMPDES,,63,,,,,,,,,,,,,,,,,,,,,,,,,,,,,,,378791974,37879197400033,43.22B,,,,,,,,,,,sirene,
SAS DELAGE,,,a contacter,,,,,,,,,,,,cvc,,ROYAN,,17,,,,,,,,,,,,,,,,,,,,,,,,,,,,,,,377928742,37792874200032,43.22A,,,,,,,,,,,sirene,
SAS DENEUX,,,a contacter,,,,,,,,,,,,cvc,,HUCHENNEVILLE,,80,,,,,,,,,,,,,,,,,,,,,,,,,,,,,,,531277747,53127774700048,43.22B,,,,,,,,,,,sirene,
SAS DESBIENDRAS,,,a contacter,,,,,,,,,,,,cvc,,SAINT-VALERY-SUR-SOMME,,80,,,,,,,,,,,,,,,,,,,,,,,,,,,,,,,390010213,39001021300010,43.22B,,,,,,,,,,,sirene,
SAS DOUBLET,,,a contacter,,,,,,,,,,,,cvc,,POILLEY,,50,,,,,,,,,,,,,,,,,,,,,,,,,,,,,,,418950606,41895060600032,43.22A,,,,,,,,,,,sirene,
SAS DUN ENERGIES,,,a contacter,,,,,,,,,,,,cvc,,DUN-SUR-AURON,,18,,,,,,,,,,,,,,,,,,,,,,,,,,,,,,,487422891,48742289100027,43.22A,,,,,,,,,,,sirene,
SAS ENTREPRISE MOLLIERE,,,a contacter,,,,,,,,,,,,cvc,,LAILLY-EN-VAL,,45,,,,,,,,,,,,,,,,,,,,,,,,,,,,,,,087281002,08728100200029,43.22B,,,,,,,,,,,sirene,
SAS ETS VALET,,,a contacter,,,,,,,,,,,,cvc,,AURILLAC,,15,,,,,,,,,,,,,,,,,,,,,,,,,,,,,,,389511759,38951175900018,43.22B,,,,,,,,,,,sirene,
SAS HENON,,,a contacter,,,,,,,,,,,,cvc,,ACHERES,,78,,,,,,,,,,,,,,,,,,,,,,,,,,,,,,,500370291,50037029100022,43.22A,,,,,,,,,,,sirene,
SAS ISO SUR FRANCE,,,a contacter,,,,,,,,,,,,cvc,,SAINT-ANDRE-LES-VERGERS,,10,,,,,,,,,,,,,,,,,,,,,,,,,,,,,,,883778763,88377876300010,43.29A,,,,,,,,,,,sirene,
SAS JOEL MORTIER ET FILS,,,a contacter,,,,,,,,,,,,cvc,,LIMOGES,,87,,,,,,,,,,,,,,,,,,,,,,,,,,,,,,,440195279,44019527900029,43.22A,,,,,,,,,,,sirene,
SAS JOEL TARDIEU,,,a contacter,,,,,,,,,,,,cvc,,SAINT-FLOUR,,15,,,,,,,,,,,,,,,,,,,,,,,,,,,,,,,801425851,80142585100012,43.22B,,,,,,,,,,,sirene,
SAS KLEIN,,,a contacter,,,,,,,,,,,,cvc,,LONGVIC,,21,,,,,,,,,,,,,,,,,,,,,,,,,,,,,,,381209113,38120911300038,43.22B,,,,,,,,,,,sirene,
SAS LAUMONIER,,,a contacter,,,,,,,,,,,,cvc,,CLICHY,,92,,,,,,,,,,,,,,,,,,,,,,,,,,,,,,,829948389,82994838900012,43.22A,,,,,,,,,,,sirene,
SAS MAGNE ROBERT,,,a contacter,,,,,,,,,,,,cvc,,LEMPDES,,63,,,,,,,,,,,,,,,,,,,,,,,,,,,,,,,411979701,41197970100033,43.22B,,,,,,,,,,,sirene,
SAS MARCOT,,,a contacter,,,,,,,,,,,,cvc,,SAINT-AME,,88,,,,,,,,,,,,,,,,,,,,,,,,,,,,,,,892696337,89269633700013,43.22B,,,,,,,,,,,sirene,
SAS MORAND-BERREE,,,a contacter,,,,,,,,,,,,cvc,,SAINT-JACQUES-DE-LA-LANDE,,35,,,,,,,,,,,,,,,,,,,,,,,,,,,,,,,340918622,34091862200028,43.29A,,,,,,,,,,,sirene,
SAS NEPTUNE,,,a contacter,,,,,,,,,,,,cvc,,MONTMORENCY,,95,,,,,,,,,,,,,,,,,,,,,,,,,,,,,,,538073313,53807331300081,43.29A,,,,,,,,,,,sirene,
SAS PALISSOT,,,a contacter,,,,,,,,,,,,cvc,,BUCEY-LES-GY,,70,,,,,,,,,,,,,,,,,,,,,,,,,,,,,,,427050109,42705010900011,43.22B,,,,,,,,,,,sirene,
SAS PETIOT,,,a contacter,,,,,,,,,,,,cvc,,ECOYEUX,,17,,,,,,,,,,,,,,,,,,,,,,,,,,,,,,,444013270,44401327000020,43.22A,,,,,,,,,,,sirene,
SAS PHB,,,a contacter,,,,,,,,,,,,cvc,,SAINT-DENIS,,974,,,,,,,,,,,,,,,,,,,,,,,,,,,,,,,835294570,83529457000063,43.22A,,,,,,,,,,,sirene,
SAS PONCET,,,a contacter,,,,,,,,,,,,cvc,,POISY,,74,,,,,,,,,,,,,,,,,,,,,,,,,,,,,,,424685097,42468509700026,43.22A,,,,,,,,,,,sirene,
SAS QUELIN,,,a contacter,,,,,,,,,,,,cvc,,CURBIGNY,,71,,,,,,,,,,,,,,,,,,,,,,,,,,,,,,,445229750,44522975000010,43.22A,,,,,,,,,,,sirene,
SAS RINGOOT,,,a contacter,,,,,,,,,,,,cvc,,SARLAT-LA-CANEDA,,24,,,,,,,,,,,,,,,,,,,,,,,,,,,,,,,353862444,35386244400026,43.22B,,,,,,,,,,,sirene,
SAS ROCHE,,,a contacter,,,,,,,,,,,,cvc,,AVERMES,,03,,,,,,,,,,,,,,,,,,,,,,,,,,,,,,,385368071,38536807100036,43.22A,,,,,,,,,,,sirene,
SAS SNE CALOIN,,,a contacter,,,,,,,,,,,,cvc,,LE TOUQUET-PARIS-PLAGE,,62,,,,,,,,,,,,,,,,,,,,,,,,,,,,,,,830636288,83063628800011,43.22A,,,,,,,,,,,sirene,
SAS SOC ALSACIENNE DE SERVICES,,,a contacter,,,,,,,,,,,,cvc,,STRASBOURG,,67,,,,,,,,,,,,,,,,,,,,,,,,,,,,,,,323160093,32316009300064,43.22A,,,,,,,,,,,sirene,
SAS TEC,,,a contacter,,,,,,,,,,,,cvc,,PARIS,,75,,,,,,,,,,,,,,,,,,,,,,,,,,,,,,,434664926,43466492600020,43.29A,,,,,,,,,,,sirene,
SAS THERMOVALIE,,,a contacter,,,,,,,,,,,,cvc,,TOULOUSE,,31,,,,,,,,,,,,,,,,,,,,,,,,,,,,,,,910291202,91029120200026,43.29A,,,,,,,,,,,sirene,
SAS TRUCHET,,,a contacter,,,,,,,,,,,,cvc,,BEUZEVILLE,,27,,,,,,,,,,,,,,,,,,,,,,,,,,,,,,,479948705,47994870500039,43.22A,,,,,,,,,,,sirene,
SAS VALENTI JACQUES,,,a contacter,,,,,,,,,,,,cvc,,PUSIGNAN,,69,,,,,,,,,,,,,,,,,,,,,,,,,,,,,,,438569402,43856940200052,43.22A,,,,,,,,,,,sirene,
SAS VENITUCCI,,,a contacter,,,,,,,,,,,,cvc,,FONTAINE,,38,,,,,,,,,,,,,,,,,,,,,,,,,,,,,,,332428093,33242809300030,43.22A,,,,,,,,,,,sirene,
SAS YVAN GAUTIER,,,a contacter,,,,,,,,,,,,cvc,,SAINT-MALO,,35,,,,,,,,,,,,,,,,,,,,,,,,,,,,,,,839323136,83932313600011,43.22A,,,,,,,,,,,sirene,
SASU ASSISTANCE EAU CHAUDE ET CHAUFFAGE,,,a contacter,,,,,,,,,,,,cvc,,NANTIAT,,87,,,,,,,,,,,,,,,,,,,,,,,,,,,,,,,819230301,81923030100049,43.22B,,,,,,,,,,,sirene,
SASU NET ISOL,,,a contacter,,,,,,,,,,,,cvc,,ROUBAIX,,59,,,,,,,,,,,,,,,,,,,,,,,,,,,,,,,890654494,89065449400016,43.29A,,,,,,,,,,,sirene,
SASU PHENIX ENERGIE,,,a contacter,,,,,,,,,,,,cvc,,LOGNES,,77,,,,,,,,,,,,,,,,,,,,,,,,,,,,,,,905286027,90528602700024,43.22B,,,,,,,,,,,sirene,
SASU RM CALORIFUGE,,,a contacter,,,,,,,,,,,,cvc,,LE LAMENTIN,,972,,,,,,,,,,,,,,,,,,,,,,,,,,,,,,,813403995,81340399500026,43.29A,,,,,,,,,,,sirene,
SASU TAS,,,a contacter,,,,,,,,,,,,cvc,,HESINGUE,,68,,,,,,,,,,,,,,,,,,,,,,,,,,,,,,,851553156,85155315600023,43.22B,,,,,,,,,,,sirene,
SATNAM PRO,,,a contacter,,,,,,,,,,,,cvc,,LE BLANC-MESNIL,,93,,,,,,,,,,,,,,,,,,,,,,,,,,,,,,,430419515,43041951500043,43.29A,,,,,,,,,,,sirene,
SAUVAGET CHAUFFAGE ET SANITAIRE,,,a contacter,,,,,,,,,,,,cvc,,YENNE,,73,,,,,,,,,,,,,,,,,,,,,,,,,,,,,,,503451064,50345106400029,43.22B,,,,,,,,,,,sirene,
SAUVAGET SAS,,,a contacter,,,,,,,,,,,,cvc,,PARIS,,75,,,,,,,,,,,,,,,,,,,,,,,,,,,,,,,834403982,83440398200038,43.22B,,,,,,,,,,,sirene,
SAUVE CALORIFUGE TUYAUTERIE GAINE,,,a contacter,,,,,,,,,,,,cvc,,SAINTE-CECILE,,50,,,,,,,,,,,,,,,,,,,,,,,,,,,,,,,533942140,53394214000021,43.29A,,,,,,,,,,,sirene,
SAV DARTHOU & FILS,,,a contacter,,,,,,,,,,,,cvc,,LIMOGES,,87,,,,,,,,,,,,,,,,,,,,,,,,,,,,,,,301769147,30176914700044,43.22B,,,,,,,,,,,sirene,
SAV-GCL,,,a contacter,,,,,,,,,,,,cvc,,VENDOME,,41,,,,,,,,,,,,,,,,,,,,,,,,,,,,,,,502639131,50263913100023,43.22B,,,,,,,,,,,sirene,
SAVETEC,,,a contacter,,,,,,,,,,,,cvc,,SAINT-GILLES,,35,,,,,,,,,,,,,,,,,,,,,,,,,,,,,,,539433763,53943376300015,43.22B,,,,,,,,,,,sirene,
SAVIE,,,a contacter,,,,,,,,,,,,cvc,,MAUGUIO,,34,,,,,,,,,,,,,,,,,,,,,,,,,,,,,,,808624753,80862475300014,43.22B,,,,,,,,,,,sirene,
SAVIOLI,,,a contacter,,,,,,,,,,,,cvc,,LYON,,69,,,,,,,,,,,,,,,,,,,,,,,,,,,,,,,389129933,38912993300021,43.22B,,,,,,,,,,,sirene,
SAVITEC HABITAT,,,a contacter,,,,,,,,,,,,cvc,,LILLE,,59,,,,,,,,,,,,,,,,,,,,,,,,,,,,,,,453562035,45356203500080,43.22A,,,,,,,,,,,sirene,
SBP,,,a contacter,,,,,,,,,,,,cvc,,SAINT-AVERTIN,,37,,,,,,,,,,,,,,,,,,,,,,,,,,,,,,,513779199,51377919900043,43.22B,,,,,,,,,,,sirene,
SBP CENTRE,,,a contacter,,,,,,,,,,,,cvc,,SAINT-AVERTIN,,37,,,,,,,,,,,,,,,,,,,,,,,,,,,,,,,900752528,90075252800019,43.22A,,,,,,,,,,,sirene,
SC CHALEUR ANGERS,,,a contacter,,,,,,,,,,,,cvc,,SAINT-BARTHELEMY-D'ANJOU,,49,,,,,,,,,,,,,,,,,,,,,,,,,,,,,,,889982716,88998271600017,43.22B,,,,,,,,,,,sirene,
SCALABRINI ET CLAVEL,,,a contacter,,,,,,,,,,,,cvc,,POISY,,74,,,,,,,,,,,,,,,,,,,,,,,,,,,,,,,323036368,32303636800013,43.22A,,,,,,,,,,,sirene,
SCALISOL,,,a contacter,,,,,,,,,,,,cvc,,SAINTE-GENEVIEVE-DES-BOIS,,91,,,,,,,,,,,,,,,,,,,,,,,,,,,,,,,448533919,44853391900016,43.22B,,,,,,,,,,,sirene,
SCAM TUYAUTERIE PLOMBERIE,,,a contacter,,,,,,,,,,,,cvc,,POISSY,,78,,,,,,,,,,,,,,,,,,,,,,,,,,,,,,,899233340,89923334000020,43.22A,,,,,,,,,,,sirene,
SCARLET,,,a contacter,,,,,,,,,,,,cvc,,DAX,,40,,,,,,,,,,,,,,,,,,,,,,,,,,,,,,,853575454,85357545400022,43.22B,,,,,,,,,,,sirene,
SCEM,,,a contacter,,,,,,,,,,,,cvc,,SAINT-OUEN-SUR-SEINE,,93,,,,,,,,,,,,,,,,,,,,,,,,,,,,,,,831011622,83101162200014,43.22B,,,,,,,,,,,sirene,
SCES,,,a contacter,,,,,,,,,,,,cvc,,POUZAUGES,,85,,,,,,,,,,,,,,,,,,,,,,,,,,,,,,,450886411,45088641100021,43.22A,,,,,,,,,,,sirene,
SCES THERMIQUES APPLIQUES TRAITEMENT EAU,,,a contacter,,,,,,,,,,,,cvc,,FEUCHEROLLES,,78,,,,,,,,,,,,,,,,,,,,,,,,,,,,,,,303458962,30345896200071,43.22B,,,,,,,,,,,sirene,
SCHAEFER NICOLAS,,,a contacter,,,,,,,,,,,,cvc,,PETIT-REDERCHING,,57,,,,,,,,,,,,,,,,,,,,,,,,,,,,,,,384223806,38422380600025,43.22B,,,,,,,,,,,sirene,
SCHAFF CHAUFFAGE,,,a contacter,,,,,,,,,,,,cvc,,MONTOIS-LA-MONTAGNE,,57,,,,,,,,,,,,,,,,,,,,,,,,,,,,,,,509585238,50958523800025,43.22B,,,,,,,,,,,sirene,
SCHNEIDER ENERGIES,,,a contacter,,,,,,,,,,,,cvc,,SCHILTIGHEIM,,67,,,,,,,,,,,,,,,,,,,,,,,,,,,,,,,849209036,84920903600037,43.22A,,,,,,,,,,,sirene,
SCHNEIDER ET COMPAGNIE,,,a contacter,,,,,,,,,,,,cvc,,VIRY-CHATILLON,,91,,,,,,,,,,,,,,,,,,,,,,,,,,,,,,,954200804,95420080400019,43.22A,,,,,,,,,,,sirene,
SCHUCH,,,a contacter,,,,,,,,,,,,cvc,,SCHILTIGHEIM,,67,,,,,,,,,,,,,,,,,,,,,,,,,,,,,,,698501780,69850178000036,43.22A,,,,,,,,,,,sirene,
SCHUMANN PLUS,,,a contacter,,,,,,,,,,,,cvc,,THIONVILLE,,57,,,,,,,,,,,,,,,,,,,,,,,,,,,,,,,822393559,82239355900023,43.22B,,,,,,,,,,,sirene,
SCJ DIGARD,,,a contacter,,,,,,,,,,,,cvc,,LE CHATELET-EN-BRIE,,77,,,,,,,,,,,,,,,,,,,,,,,,,,,,,,,813272002,81327200200029,43.22A,,,,,,,,,,,sirene,
SCOTTI,,,a contacter,,,,,,,,,,,,cvc,,SAINT-DIVY,,29,,,,,,,,,,,,,,,,,,,,,,,,,,,,,,,750945875,75094587500037,43.22A,,,,,,,,,,,sirene,
SCPL TUYAUTERIE,,,a contacter,,,,,,,,,,,,cvc,,VILLENEUVE-LE-ROI,,94,,,,,,,,,,,,,,,,,,,,,,,,,,,,,,,352362842,35236284200036,43.22B,,,,,,,,,,,sirene,
SE D'ELECTRICITE ET DE CHAUFFAGE,,,a contacter,,,,,,,,,,,,cvc,,BOURGES,,18,,,,,,,,,,,,,,,,,,,,,,,,,,,,,,,501441711,50144171100022,43.22B,,,,,,,,,,,sirene,
SE2C E.M.S. BUATOIS FEVRE,,,a contacter,,,,,,,,,,,,cvc,,SEVREY,,71,,,,,,,,,,,,,,,,,,,,,,,,,,,,,,,539584771,53958477100049,43.22A,,,,,,,,,,,sirene,
SE2N NEVEU,,,a contacter,,,,,,,,,,,,cvc,,ROISSY EN BRIE,,77,,,,,,,,,,,,,,,,,,,,,,,,,,,,,,,451777288,45177728800023,43.22B,,,,,,,,,,,sirene,
SEBASTIEN LE MINDU,,,a contacter,,,,,,,,,,,,cvc,,MINIHY-TREGUIER,,22,,,,,,,,,,,,,,,,,,,,,,,,,,,,,,,809056658,80905665800010,43.22A,,,,,,,,,,,sirene,
SECAFI,,,a contacter,,,,,,,,,,,,cvc,,CARQUEFOU,,44,,,,,,,,,,,,,,,,,,,,,,,,,,,,,,,393485966,39348596600013,43.22B,,,,,,,,,,,sirene,
SECB,,,a contacter,,,,,,,,,,,,cvc,,BELLAC,,87,,,,,,,,,,,,,,,,,,,,,,,,,,,,,,,772501094,77250109400027,43.22B,,,,,,,,,,,sirene,
SECOP,,,a contacter,,,,,,,,,,,,cvc,,CHANGE,,72,,,,,,,,,,,,,,,,,,,,,,,,,,,,,,,303888994,30388899400066,43.22A,,,,,,,,,,,sirene,
SECOURS CHAUFFAGE GARCON,,,a contacter,,,,,,,,,,,,cvc,,SAINT-NAZAIRE,,44,,,,,,,,,,,,,,,,,,,,,,,,,,,,,,,423705862,42370586200039,43.22B,,,,,,,,,,,sirene,
SECOURS FROID INGENIERIE,,,a contacter,,,,,,,,,,,,cvc,,LES ABYMES,,971,,,,,,,,,,,,,,,,,,,,,,,,,,,,,,,830929352,83092935200011,43.22B,,,,,,,,,,,sirene,
SECTIFI,,,a contacter,,,,,,,,,,,,cvc,,SAINT-JULIEN-DE-CONCELLES,,44,,,,,,,,,,,,,,,,,,,,,,,,,,,,,,,799433842,79943384200017,43.29A,,,,,,,,,,,sirene,
SECURITE INCENDIE SIA,,,a contacter,,,,,,,,,,,,cvc,,TAVERNY,,95,,,,,,,,,,,,,,,,,,,,,,,,,,,,,,,321422560,32142256000045,43.22B,,,,,,,,,,,sirene,
SEDAN SERVICE CHAUFFAGE ET RENOVATION,,,a contacter,,,,,,,,,,,,cvc,,WADELINCOURT,,08,,,,,,,,,,,,,,,,,,,,,,,,,,,,,,,418303103,41830310300034,43.22B,,,,,,,,,,,sirene,
SEDICAM,,,a contacter,,,,,,,,,,,,cvc,,SAINT-FONS,,69,,,,,,,,,,,,,,,,,,,,,,,,,,,,,,,302096219,30209621900050,43.22B,,,,,,,,,,,sirene,
SEE AMARDEILH,,,a contacter,,,,,,,,,,,,cvc,,SAINT-QUIRC,,09,,,,,,,,,,,,,,,,,,,,,,,,,,,,,,,392287181,39228718100011,43.22A,,,,,,,,,,,sirene,
SEE BETON,,,a contacter,,,,,,,,,,,,cvc,,YGOS-SAINT-SATURNIN,,40,,,,,,,,,,,,,,,,,,,,,,,,,,,,,,,385111943,38511194300044,43.22B,,,,,,,,,,,sirene,
SEE CHICOINE,,,a contacter,,,,,,,,,,,,cvc,,ROHAN,,56,,,,,,,,,,,,,,,,,,,,,,,,,,,,,,,381941111,38194111100019,43.22B,,,,,,,,,,,sirene,
SEE LLARI,,,a contacter,,,,,,,,,,,,cvc,,BESSAN,,34,,,,,,,,,,,,,,,,,,,,,,,,,,,,,,,853528586,85352858600011,43.22A,,,,,,,,,,,sirene,
SEEN,,,a contacter,,,,,,,,,,,,cvc,,BURNHAUPT-LE-HAUT,,68,,,,,,,,,,,,,,,,,,,,,,,,,,,,,,,813299732,81329973200020,43.22B,,,,,,,,,,,sirene,
"SEFIAM - SOCIETE D'ETUDE, DE FABRICATION ET D'INDUSTRIALISATION POUR L'AERONOTIQUE MILITAIRE",,,a contacter,,,,,,,,,,,,cvc,,ALBARET-SAINTE-MARIE,,48,,,,,,,,,,,,,,,,,,,,,,,,,,,,,,,797050101,79705010100048,43.22A,,,,,,,,,,,sirene,
SEGOTEC,,,a contacter,,,,,,,,,,,,cvc,,VERNOUILLET,,78,,,,,,,,,,,,,,,,,,,,,,,,,,,,,,,353169360,35316936000024,43.22B,,,,,,,,,,,sirene,
SEGURA SAS,,,a contacter,,,,,,,,,,,,cvc,,VILLEMOIRIEU,,38,,,,,,,,,,,,,,,,,,,,,,,,,,,,,,,349101279,34910127900041,43.22A,,,,,,,,,,,sirene,
SEICLIM,,,a contacter,,,,,,,,,,,,cvc,,BRINDAS,,69,,,,,,,,,,,,,,,,,,,,,,,,,,,,,,,848943817,84894381700025,43.22B,,,,,,,,,,,sirene,
SEINE MARNAISE DE CHAUFFE RATIONNELLE,,,a contacter,,,,,,,,,,,,cvc,,VAUX-LE-PENIL,,77,,,,,,,,,,,,,,,,,,,,,,,,,,,,,,,788336055,78833605500082,43.22B,,,,,,,,,,,sirene,
SELFCITY INC.,,,a contacter,,,,,,,,,,,,cvc,,TOULOUSE,,31,,,,,,,,,,,,,,,,,,,,,,,,,,,,,,,848601779,84860177900012,43.22A,,,,,,,,,,,sirene,
SELMAC EXPLOITATION,,,a contacter,,,,,,,,,,,,cvc,,AVIGNON,,84,,,,,,,,,,,,,,,,,,,,,,,,,,,,,,,324206531,32420653100026,43.22B,,,,,,,,,,,sirene,
SEMAGEC,,,a contacter,,,,,,,,,,,,cvc,,MAUGUIO,,34,,,,,,,,,,,,,,,,,,,,,,,,,,,,,,,479065906,47906590600055,43.22B,,,,,,,,,,,sirene,
SEMATEC,,,a contacter,,,,,,,,,,,,cvc,,CROISSY-SUR-SEINE,,78,,,,,,,,,,,,,,,,,,,,,,,,,,,,,,,422241737,42224173700044,43.22B,,,,,,,,,,,sirene,
SENABRA-ISOTHERM,,,a contacter,,,,,,,,,,,,cvc,,BRIE-COMTE-ROBERT,,77,,,,,,,,,,,,,,,,,,,,,,,,,,,,,,,338101660,33810166000045,43.29A,,,,,,,,,,,sirene,
SENLECQ ECO SYSTEMES,,,a contacter,,,,,,,,,,,,cvc,,AUDRUICQ,,62,,,,,,,,,,,,,,,,,,,,,,,,,,,,,,,498915198,49891519800010,43.22B,,,,,,,,,,,sirene,
SEO,,,a contacter,,,,,,,,,,,,cvc,,ORVAULT,,44,,,,,,,,,,,,,,,,,,,,,,,,,,,,,,,917690000,91769000000018,43.22A,,,,,,,,,,,sirene,
SER VENT ELEC,,,a contacter,,,,,,,,,,,,cvc,,FONTENAY-TRESIGNY,,77,,,,,,,,,,,,,,,,,,,,,,,,,,,,,,,326185014,32618501400023,43.22B,,,,,,,,,,,sirene,
SERAGAZ,,,a contacter,,,,,,,,,,,,cvc,,PARIS,,75,,,,,,,,,,,,,,,,,,,,,,,,,,,,,,,332039122,33203912200012,43.22A,,,,,,,,,,,sirene,
SERBER 2.0,,,a contacter,,,,,,,,,,,,cvc,,ARES,,33,,,,,,,,,,,,,,,,,,,,,,,,,,,,,,,535089395,53508939500045,43.22A,,,,,,,,,,,sirene,
SERCLIM,,,a contacter,,,,,,,,,,,,cvc,,CARCASSONNE,,11,,,,,,,,,,,,,,,,,,,,,,,,,,,,,,,380481531,38048153100123,43.22B,,,,,,,,,,,sirene,
SERCS,,,a contacter,,,,,,,,,,,,cvc,,BEUVILLERS,,14,,,,,,,,,,,,,,,,,,,,,,,,,,,,,,,504654997,50465499700023,43.22B,,,,,,,,,,,sirene,
SEREL PACA,,,a contacter,,,,,,,,,,,,cvc,,LA GARDE,,83,,,,,,,,,,,,,,,,,,,,,,,,,,,,,,,833958853,83395885300024,43.22B,,,,,,,,,,,sirene,
SERGE LOVISOLO,,,a contacter,,,,,,,,,,,,cvc,,BEAUVOIR-DE-MARC,,38,,,,,,,,,,,,,,,,,,,,,,,,,,,,,,,422474114,42247411400028,43.29A,,,,,,,,,,,sirene,
SERMATECH,,,a contacter,,,,,,,,,,,,cvc,,VALLAURIS,,06,,,,,,,,,,,,,,,,,,,,,,,,,,,,,,,381776921,38177692100029,43.22A,,,,,,,,,,,sirene,
SERMIEXIA,,,a contacter,,,,,,,,,,,,cvc,,CUGAND,,85,,,,,,,,,,,,,,,,,,,,,,,,,,,,,,,319393427,31939342700038,43.29A,,,,,,,,,,,sirene,
SEROUX,,,a contacter,,,,,,,,,,,,cvc,,CASTELNAU-LE-LEZ,,34,,,,,,,,,,,,,,,,,,,,,,,,,,,,,,,521429324,52142932400028,43.22B,,,,,,,,,,,sirene,
SERPIB INDUSTRIE,,,a contacter,,,,,,,,,,,,cvc,,BOIS-D'ARCY,,78,,,,,,,,,,,,,,,,,,,,,,,,,,,,,,,334216165,33421616500061,43.29A,,,,,,,,,,,sirene,
SERPOLET BIDAUD SAS,,,a contacter,,,,,,,,,,,,cvc,,RUY-MONTCEAU,,38,,,,,,,,,,,,,,,,,,,,,,,,,,,,,,,439852435,43985243500023,43.22B,,,,,,,,,,,sirene,
SERTH-SOCIETE D ETUDES ET REALISATIONS DE TRAVAUX POUR L HABITAT,,,a contacter,,,,,,,,,,,,cvc,,BOBIGNY,,93,,,,,,,,,,,,,,,,,,,,,,,,,,,,,,,839483039,83948303900013,43.22A,,,,,,,,,,,sirene,
SERVI GAZ,,,a contacter,,,,,,,,,,,,cvc,,INGRE,,45,,,,,,,,,,,,,,,,,,,,,,,,,,,,,,,950457242,95045724200044,43.22B,,,,,,,,,,,sirene,
SERVICE ENTRETIEN MAINTENANCE PACA,,,a contacter,,,,,,,,,,,,cvc,,LA GARDE,,83,,,,,,,,,,,,,,,,,,,,,,,,,,,,,,,793313255,79331325500044,43.22B,,,,,,,,,,,sirene,
SERVICE ENTRETIEN RAPIDE FUEL OIL,,,a contacter,,,,,,,,,,,,cvc,,TREVE,,22,,,,,,,,,,,,,,,,,,,,,,,,,,,,,,,301029831,30102983100031,43.22B,,,,,,,,,,,sirene,
SERVICE MAINTENANCE CHAUFFAGE  S M C DEPANNAGE,,,a contacter,,,,,,,,,,,,cvc,,LORIENT,,56,,,,,,,,,,,,,,,,,,,,,,,,,,,,,,,332773662,33277366200041,43.22A,,,,,,,,,,,sirene,
SERVICE MAINTENANCE SECURITE S.M.S,,,a contacter,,,,,,,,,,,,cvc,,SAINT-QUENTIN,,02,,,,,,,,,,,,,,,,,,,,,,,,,,,,,,,387704125,38770412500062,43.22A,,,,,,,,,,,sirene,
SERVICES DIAGNOSTICS VERIF PERIODIQUES,,,a contacter,,,,,,,,,,,,cvc,,LE BLANC-MESNIL,,93,,,,,,,,,,,,,,,,,,,,,,,,,,,,,,,443228978,44322897800047,43.22A,,,,,,,,,,,sirene,
SERVICES ENERGIES,,,a contacter,,,,,,,,,,,,cvc,,SAINT-SEBASTIEN-SUR-LOIRE,,44,,,,,,,,,,,,,,,,,,,,,,,,,,,,,,,950020610,95002061000032,43.22B,,,,,,,,,,,sirene,
SERVICES MAINTENANCE ENERGIES,,,a contacter,,,,,,,,,,,,cvc,,MONTPELLIER,,34,,,,,,,,,,,,,,,,,,,,,,,,,,,,,,,793865023,79386502300055,43.22B,,,,,,,,,,,sirene,
SERVICES TECHNIQUES ENERGIE,,,a contacter,,,,,,,,,,,,cvc,,ANTIBES,,06,,,,,,,,,,,,,,,,,,,,,,,,,,,,,,,810702134,81070213400018,43.22B,,,,,,,,,,,sirene,
SERVICES THERMI SANIT,,,a contacter,,,,,,,,,,,,cvc,,NEUVILLE-SAINT-REMY,,59,,,,,,,,,,,,,,,,,,,,,,,,,,,,,,,383589819,38358981900010,43.22B,,,,,,,,,,,sirene,
SERVICES VENTILATION MAINTENANCE,,,a contacter,,,,,,,,,,,,cvc,,ROISSY-EN-FRANCE,,95,,,,,,,,,,,,,,,,,,,,,,,,,,,,,,,339669509,33966950900046,43.22B,,,,,,,,,,,sirene,
SERVICONFOR,,,a contacter,,,,,,,,,,,,cvc,,PARIS,,75,,,,,,,,,,,,,,,,,,,,,,,,,,,,,,,662016864,66201686400040,43.22A,,,,,,,,,,,sirene,
SERVIGAZ,,,a contacter,,,,,,,,,,,,cvc,,VILLEURBANNE,,69,,,,,,,,,,,,,,,,,,,,,,,,,,,,,,,388903205,38890320500010,43.22B,,,,,,,,,,,sirene,
SERVIGAZ ENR,,,a contacter,,,,,,,,,,,,cvc,,LYON,,69,,,,,,,,,,,,,,,,,,,,,,,,,,,,,,,920452927,92045292700014,43.22B,,,,,,,,,,,sirene,
SES POUGET AND CO,,,a contacter,,,,,,,,,,,,cvc,,GRASSE,,06,,,,,,,,,,,,,,,,,,,,,,,,,,,,,,,449630557,44963055700022,43.22B,,,,,,,,,,,sirene,
SESEM,,,a contacter,,,,,,,,,,,,cvc,,SAINT-DENIS,,93,,,,,,,,,,,,,,,,,,,,,,,,,,,,,,,652022062,65202206200051,43.22B,,,,,,,,,,,sirene,
SET SUD OUEST,,,a contacter,,,,,,,,,,,,cvc,,BOULOC,,31,,,,,,,,,,,,,,,,,,,,,,,,,,,,,,,441514510,44151451000029,43.22B,,,,,,,,,,,sirene,
SETHEC,,,a contacter,,,,,,,,,,,,cvc,,NICE,,06,,,,,,,,,,,,,,,,,,,,,,,,,,,,,,,389342098,38934209800024,43.22B,,,,,,,,,,,sirene,
SETHES,,,a contacter,,,,,,,,,,,,cvc,,GUILERS,,29,,,,,,,,,,,,,,,,,,,,,,,,,,,,,,,492010707,49201070700023,43.22A,,,,,,,,,,,sirene,
SETIM,,,a contacter,,,,,,,,,,,,cvc,,CAILLOUX-SUR-FONTAINES,,69,,,,,,,,,,,,,,,,,,,,,,,,,,,,,,,450730700,45073070000033,43.22A,,,,,,,,,,,sirene,
SETIM SAV,,,a contacter,,,,,,,,,,,,cvc,,CAILLOUX-SUR-FONTAINES,,69,,,,,,,,,,,,,,,,,,,,,,,,,,,,,,,802824185,80282418500010,43.22A,,,,,,,,,,,sirene,
SETO,,,a contacter,,,,,,,,,,,,cvc,,PLATEAU D'HAUTEVILLE,,01,,,,,,,,,,,,,,,,,,,,,,,,,,,,,,,479290215,47929021500017,43.22B,,,,,,,,,,,sirene,
SEVESTE,,,a contacter,,,,,,,,,,,,cvc,,COULOMMIERS,,77,,,,,,,,,,,,,,,,,,,,,,,,,,,,,,,920521754,92052175400035,43.22A,,,,,,,,,,,sirene,
SFB THERMIQUE,,,a contacter,,,,,,,,,,,,cvc,,EVREUX,,27,,,,,,,,,,,,,,,,,,,,,,,,,,,,,,,850629858,85062985800026,43.22A,,,,,,,,,,,sirene,
SGVL,,,a contacter,,,,,,,,,,,,cvc,,SAINT-LUBIN-DES-JONCHERETS,,28,,,,,,,,,,,,,,,,,,,,,,,,,,,,,,,838953776,83895377600013,43.22B,,,,,,,,,,,sirene,
SIATHERM SA,,,a contacter,,,,,,,,,,,,cvc,,MONTESSON,,78,,,,,,,,,,,,,,,,,,,,,,,,,,,,,,,659803084,65980308400055,43.22B,,,,,,,,,,,sirene,
SIET BOETSCH,,,a contacter,,,,,,,,,,,,cvc,,COLMAR,,68,,,,,,,,,,,,,,,,,,,,,,,,,,,,,,,322045378,32204537800021,43.22B,,,,,,,,,,,sirene,
SIETRA PROVENCE,,,a contacter,,,,,,,,,,,,cvc,,PIERRELATTE,,26,,,,,,,,,,,,,,,,,,,,,,,,,,,,,,,313987307,31398730700029,43.22B,,,,,,,,,,,sirene,
SIGMA,,,a contacter,,,,,,,,,,,,cvc,,NANTERRE,,92,,,,,,,,,,,,,,,,,,,,,,,,,,,,,,,850403114,85040311400018,43.29A,,,,,,,,,,,sirene,
SIGMA ISOLATION,,,a contacter,,,,,,,,,,,,cvc,,BOULOGNE-BILLANCOURT,,92,,,,,,,,,,,,,,,,,,,,,,,,,,,,,,,881809594,88180959400016,43.29A,,,,,,,,,,,sirene,
SIGNORI,,,a contacter,,,,,,,,,,,,cvc,,THISE,,25,,,,,,,,,,,,,,,,,,,,,,,,,,,,,,,652820564,65282056400027,43.22B,,,,,,,,,,,sirene,
SILENCE-HOME,,,a contacter,,,,,,,,,,,,cvc,,CUSSET,,03,,,,,,,,,,,,,,,,,,,,,,,,,,,,,,,804856995,80485699500027,43.29A,,,,,,,,,,,sirene,
SILFEO GENIE CLIMATIQUE,,,a contacter,,,,,,,,,,,,cvc,,DIJON,,21,,,,,,,,,,,,,,,,,,,,,,,,,,,,,,,450691860,45069186000032,43.22B,,,,,,,,,,,sirene,
SILHAN ENERGIE,,,a contacter,,,,,,,,,,,,cvc,,MONTELIMAR,,26,,,,,,,,,,,,,,,,,,,,,,,,,,,,,,,889061115,88906111500032,43.22B,,,,,,,,,,,sirene,
SIMIAN PERE ET FILS,,,a contacter,,,,,,,,,,,,cvc,,NEUILLY-SUR-MARNE,,93,,,,,,,,,,,,,,,,,,,,,,,,,,,,,,,331843920,33184392000025,43.22B,,,,,,,,,,,sirene,
SIMON,,,a contacter,,,,,,,,,,,,cvc,,AVIGNON,,84,,,,,,,,,,,,,,,,,,,,,,,,,,,,,,,441358504,44135850400021,43.22B,,,,,,,,,,,sirene,
SIMON 4 G,,,a contacter,,,,,,,,,,,,cvc,,AULNAY-SOUS-BOIS,,93,,,,,,,,,,,,,,,,,,,,,,,,,,,,,,,322481490,32248149000025,43.22A,,,,,,,,,,,sirene,
SINAI,,,a contacter,,,,,,,,,,,,cvc,,PARIS,,75,,,,,,,,,,,,,,,,,,,,,,,,,,,,,,,922508023,92250802300020,43.29A,,,,,,,,,,,sirene,
SIONNEAU,,,a contacter,,,,,,,,,,,,cvc,,REIMS,,51,,,,,,,,,,,,,,,,,,,,,,,,,,,,,,,335783635,33578363500055,43.29A,,,,,,,,,,,sirene,
SIPC,,,a contacter,,,,,,,,,,,,cvc,,LIMEIL-BREVANNES,,94,,,,,,,,,,,,,,,,,,,,,,,,,,,,,,,533522058,53352205800023,43.29A,,,,,,,,,,,sirene,
SIRIUS CONCEPT,,,a contacter,,,,,,,,,,,,cvc,,PUGET-SUR-ARGENS,,83,,,,,,,,,,,,,,,,,,,,,,,,,,,,,,,393464276,39346427600061,43.22B,,,,,,,,,,,sirene,
SISTEM PROVENCE,,,a contacter,,,,,,,,,,,,cvc,,PERTUIS,,84,,,,,,,,,,,,,,,,,,,,,,,,,,,,,,,532255023,53225502300022,43.22B,,,,,,,,,,,sirene,
SIT EAU SAS,,,a contacter,,,,,,,,,,,,cvc,,BALLAINVILLIERS,,91,,,,,,,,,,,,,,,,,,,,,,,,,,,,,,,799995618,79999561800045,43.22A,,,,,,,,,,,sirene,
SITEME,,,a contacter,,,,,,,,,,,,cvc,,CROISSY-BEAUBOURG,,77,,,,,,,,,,,,,,,,,,,,,,,,,,,,,,,501684344,50168434400044,43.22B,,,,,,,,,,,sirene,
SITHEC,,,a contacter,,,,,,,,,,,,cvc,,LOGNES,,77,,,,,,,,,,,,,,,,,,,,,,,,,,,,,,,342683075,34268307500069,43.22B,,,,,,,,,,,sirene,
SITHS,,,a contacter,,,,,,,,,,,,cvc,,LES SORINIERES,,44,,,,,,,,,,,,,,,,,,,,,,,,,,,,,,,539576520,53957652000032,43.22A,,,,,,,,,,,sirene,
SITID ISOLATION,,,a contacter,,,,,,,,,,,,cvc,,SEYSSINS,,38,,,,,,,,,,,,,,,,,,,,,,,,,,,,,,,534568845,53456884500034,43.29A,,,,,,,,,,,sirene,
SIX M ENERGIE,,,a contacter,,,,,,,,,,,,cvc,,CHALON-SUR-SAONE,,71,,,,,,,,,,,,,,,,,,,,,,,,,,,,,,,793931379,79393137900028,43.22B,,,,,,,,,,,sirene,
SKY RENOV,,,a contacter,,,,,,,,,,,,cvc,,PARIS,,75,,,,,,,,,,,,,,,,,,,,,,,,,,,,,,,889563045,88956304500018,43.22A,,,,,,,,,,,sirene,
SL2A,,,a contacter,,,,,,,,,,,,cvc,,PARIS,,75,,,,,,,,,,,,,,,,,,,,,,,,,,,,,,,820748036,82074803600051,43.22A,,,,,,,,,,,sirene,
SLAT,,,a contacter,,,,,,,,,,,,cvc,,EAUBONNE,,95,,,,,,,,,,,,,,,,,,,,,,,,,,,,,,,332921188,33292118800022,43.29A,,,,,,,,,,,sirene,
SLK CLIM,,,a contacter,,,,,,,,,,,,cvc,,FREPILLON,,95,,,,,,,,,,,,,,,,,,,,,,,,,,,,,,,514300805,51430080500033,43.22B,,,,,,,,,,,sirene,
SME CONFORT,,,a contacter,,,,,,,,,,,,cvc,,ROULLET-SAINT-ESTEPHE,,16,,,,,,,,,,,,,,,,,,,,,,,,,,,,,,,489248211,48924821100026,43.22A,,,,,,,,,,,sirene,
SMEA,,,a contacter,,,,,,,,,,,,cvc,,LE PETIT-QUEVILLY,,76,,,,,,,,,,,,,,,,,,,,,,,,,,,,,,,820016525,82001652500041,43.22A,,,,,,,,,,,sirene,
SMEF AZUR,,,a contacter,,,,,,,,,,,,cvc,,LA FARE LES OLIVIERS,,13,,,,,,,,,,,,,,,,,,,,,,,,,,,,,,,331034819,33103481900044,43.22B,,,,,,,,,,,sirene,
SMI,,,a contacter,,,,,,,,,,,,cvc,,BROONS,,22,,,,,,,,,,,,,,,,,,,,,,,,,,,,,,,439352238,43935223800034,43.22B,,,,,,,,,,,sirene,
SMT ENERGIES,,,a contacter,,,,,,,,,,,,cvc,,VEAUCHE,,42,,,,,,,,,,,,,,,,,,,,,,,,,,,,,,,349179804,34917980400035,43.22B,,,,,,,,,,,sirene,
SN ARGOAT TURBO DIFFUSION,,,a contacter,,,,,,,,,,,,cvc,,CALLAC,,22,,,,,,,,,,,,,,,,,,,,,,,,,,,,,,,824800973,82480097300011,43.22B,,,,,,,,,,,sirene,
SN C.P.A.P.,,,a contacter,,,,,,,,,,,,cvc,,MANTES-LA-VILLE,,78,,,,,,,,,,,,,,,,,,,,,,,,,,,,,,,523899680,52389968000020,43.22B,,,,,,,,,,,sirene,
SN KOCH,,,a contacter,,,,,,,,,,,,cvc,,SAINT-QUENTIN,,02,,,,,,,,,,,,,,,,,,,,,,,,,,,,,,,879582070,87958207000014,43.22B,,,,,,,,,,,sirene,
SN MANSUY,,,a contacter,,,,,,,,,,,,cvc,,MESSEIN,,54,,,,,,,,,,,,,,,,,,,,,,,,,,,,,,,438964538,43896453800047,43.22B,,,,,,,,,,,sirene,
SNIPCA,,,a contacter,,,,,,,,,,,,cvc,,TAVERNY,,95,,,,,,,,,,,,,,,,,,,,,,,,,,,,,,,448079251,44807925100022,43.22A,,,,,,,,,,,sirene,
SNV PLOMBERIE,,,a contacter,,,,,,,,,,,,cvc,,ARDRES,,62,,,,,,,,,,,,,,,,,,,,,,,,,,,,,,,830734513,83073451300021,43.22A,,,,,,,,,,,sirene,
SOBRAPI ISOLATION,,,a contacter,,,,,,,,,,,,cvc,,VIRIAT,,01,,,,,,,,,,,,,,,,,,,,,,,,,,,,,,,521252569,52125256900020,43.29A,,,,,,,,,,,sirene,
SOC ANTONA ET COFI,,,a contacter,,,,,,,,,,,,cvc,,GARCHES,,92,,,,,,,,,,,,,,,,,,,,,,,,,,,,,,,552090896,55209089600044,43.22B,,,,,,,,,,,sirene,
SOC APPLICATION CONFORT THERMIQUE,,,a contacter,,,,,,,,,,,,cvc,,SAINT-JEANNET,,06,,,,,,,,,,,,,,,,,,,,,,,,,,,,,,,310106778,31010677800023,43.22B,,,,,,,,,,,sirene,
SOC ASSIST TECH EXPL MAITENANCE,,,a contacter,,,,,,,,,,,,cvc,,MONTMORENCY,,95,,,,,,,,,,,,,,,,,,,,,,,,,,,,,,,311210223,31121022300054,43.22B,,,,,,,,,,,sirene,
SOC CABLAGE REAMENAG EXTENSION,,,a contacter,,,,,,,,,,,,cvc,,MAGNAC-SUR-TOUVRE,,16,,,,,,,,,,,,,,,,,,,,,,,,,,,,,,,324714377,32471437700011,43.22B,,,,,,,,,,,sirene,
SOC CLIMATISATION CHAUD FROID,,,a contacter,,,,,,,,,,,,cvc,,VALBONNE,,06,,,,,,,,,,,,,,,,,,,,,,,,,,,,,,,377582515,37758251500047,43.22B,,,,,,,,,,,sirene,
SOC D'EXPLOITATION DES ETS SEPUI,,,a contacter,,,,,,,,,,,,cvc,,MAFFLIERS,,95,,,,,,,,,,,,,,,,,,,,,,,,,,,,,,,351047113,35104711300037,43.22B,,,,,,,,,,,sirene,
SOC D'EXPLOITATION SOPEC,,,a contacter,,,,,,,,,,,,cvc,,CORTE,,2B,,,,,,,,,,,,,,,,,,,,,,,,,,,,,,,335184255,33518425500016,43.22A,,,,,,,,,,,sirene,
SOC DE CALORIFUGE-PEINTURE-ISOLATION,,,a contacter,,,,,,,,,,,,cvc,,SAINT-ESTEVE,,66,,,,,,,,,,,,,,,,,,,,,,,,,,,,,,,479757940,47975794000057,43.29A,,,,,,,,,,,sirene,
SOC DES ETS JACQUES BAREYRE,,,a contacter,,,,,,,,,,,,cvc,,PESSAC,,33,,,,,,,,,,,,,,,,,,,,,,,,,,,,,,,305708612,30570861200026,43.22A,,,,,,,,,,,sirene,
SOC E 3,,,a contacter,,,,,,,,,,,,cvc,,COLOMBES,,92,,,,,,,,,,,,,,,,,,,,,,,,,,,,,,,319557138,31955713800033,43.22B,,,,,,,,,,,sirene,
SOC ENTREPRISE RINGENBACH,,,a contacter,,,,,,,,,,,,cvc,,PIERREFITTE-SUR-SEINE,,93,,,,,,,,,,,,,,,,,,,,,,,,,,,,,,,672006418,67200641800020,43.22A,,,,,,,,,,,sirene,
SOC ENTRETIEN ET DE DEPANNAGE GAZ,,,a contacter,,,,,,,,,,,,cvc,,LA SEGUINIERE,,49,,,,,,,,,,,,,,,,,,,,,,,,,,,,,,,353536980,35353698000025,43.22B,,,,,,,,,,,sirene,
SOC ETUDES REALISATIONS THERMIQUES,,,a contacter,,,,,,,,,,,,cvc,,CHARTRES,,28,,,,,,,,,,,,,,,,,,,,,,,,,,,,,,,329479539,32947953900036,43.22B,,,,,,,,,,,sirene,
SOC EXPL ENTRE GUY FOURNIER,,,a contacter,,,,,,,,,,,,cvc,,MONT-DE-MARSAN,,40,,,,,,,,,,,,,,,,,,,,,,,,,,,,,,,304327539,30432753900017,43.22B,,,,,,,,,,,sirene,
SOC EXPL ETS FERNAND ROUSTAN,,,a contacter,,,,,,,,,,,,cvc,,MONTAUROUX,,83,,,,,,,,,,,,,,,,,,,,,,,,,,,,,,,327259396,32725939600023,43.22A,,,,,,,,,,,sirene,
SOC EXPL PLOMBERIE CHAUFFAGE ARMORICAINE,,,a contacter,,,,,,,,,,,,cvc,,PLERIN,,22,,,,,,,,,,,,,,,,,,,,,,,,,,,,,,,497180356,49718035600030,43.22B,,,,,,,,,,,sirene,
SOC EXPLOIT MAISON SCHIERER JUNG,,,a contacter,,,,,,,,,,,,cvc,,STRASBOURG,,67,,,,,,,,,,,,,,,,,,,,,,,,,,,,,,,728500901,72850090100026,43.22B,,,,,,,,,,,sirene,
SOC EXPLOIT RECHERC TECH AVANC CONSTR,,,a contacter,,,,,,,,,,,,cvc,,PALAISEAU,,91,,,,,,,,,,,,,,,,,,,,,,,,,,,,,,,450193255,45019325500020,43.29A,,,,,,,,,,,sirene,
SOC EXPLOITATION ETS ALLARD,,,a contacter,,,,,,,,,,,,cvc,,SAINT-YRIEIX-SUR-CHARENTE,,16,,,,,,,,,,,,,,,,,,,,,,,,,,,,,,,380601567,38060156700015,43.22B,,,,,,,,,,,sirene,
SOC EXPLOITATION ETS FRIDERICH,,,a contacter,,,,,,,,,,,,cvc,,L'HOPITAL,,57,,,,,,,,,,,,,,,,,,,,,,,,,,,,,,,325436061,32543606100015,43.22B,,,,,,,,,,,sirene,
SOC FR DE CALORIFUGE (SARL FRANCAL),,,a contacter,,,,,,,,,,,,cvc,,MIRAMAS,,13,,,,,,,,,,,,,,,,,,,,,,,,,,,,,,,480378983,48037898300039,43.29A,,,,,,,,,,,sirene,
SOC FR THERMIQ INSTALLATION EXPLOITATION,,,a contacter,,,,,,,,,,,,cvc,,SURESNES,,92,,,,,,,,,,,,,,,,,,,,,,,,,,,,,,,682016787,68201678700025,43.22B,,,,,,,,,,,sirene,
SOC FRANCAISE FOYERS ECONOMIQUES,,,a contacter,,,,,,,,,,,,cvc,,NANTERRE,,92,,,,,,,,,,,,,,,,,,,,,,,,,,,,,,,410363352,41036335200023,43.22B,,,,,,,,,,,sirene,
SOC GERECO PLOMBERIE COUVERT,,,a contacter,,,,,,,,,,,,cvc,,PARIS,,75,,,,,,,,,,,,,,,,,,,,,,,,,,,,,,,652047325,65204732500020,43.22A,,,,,,,,,,,sirene,
SOC GUYANAISE DE PLOMBERIE,,,a contacter,,,,,,,,,,,,cvc,,MATOURY,,973,,,,,,,,,,,,,,,,,,,,,,,,,,,,,,,338136831,33813683100017,43.22A,,,,,,,,,,,sirene,
SOC INDUS DETARTRAGE CHIMIQUE,,,a contacter,,,,,,,,,,,,cvc,,BOBIGNY,,93,,,,,,,,,,,,,,,,,,,,,,,,,,,,,,,334769585,33476958500046,43.22B,,,,,,,,,,,sirene,
SOC MAINTENANCE AMENAGEMENT ET PLOMBERIE,,,a contacter,,,,,,,,,,,,cvc,,PARIS,,75,,,,,,,,,,,,,,,,,,,,,,,,,,,,,,,497835579,49783557900044,43.22A,,,,,,,,,,,sirene,
SOC NOUV DES ETS GARRAUD,,,a contacter,,,,,,,,,,,,cvc,,CHASSENON,,16,,,,,,,,,,,,,,,,,,,,,,,,,,,,,,,483513131,48351313100019,43.22A,,,,,,,,,,,sirene,
SOC NOUVELLE HENRI CONRAUX,,,a contacter,,,,,,,,,,,,cvc,,CHALONS-EN-CHAMPAGNE,,51,,,,,,,,,,,,,,,,,,,,,,,,,,,,,,,404854572,40485457200066,43.22B,,,,,,,,,,,sirene,
SOC OUVRIERS PLOMBIERS COUVREURS ZINGUEU,,,a contacter,,,,,,,,,,,,cvc,,LIMOGES,,87,,,,,,,,,,,,,,,,,,,,,,,,,,,,,,,757500855,75750085500114,43.22B,,,,,,,,,,,sirene,
SOC REGIONALE ISOLAT CALORIFUGE,,,a contacter,,,,,,,,,,,,cvc,,SAINT-PRIEST-EN-JAREZ,,42,,,,,,,,,,,,,,,,,,,,,,,,,,,,,,,734501679,73450167900041,43.29A,,,,,,,,,,,sirene,
SOC RENOVATION ENTRETIEN FACADES BETON,,,a contacter,,,,,,,,,,,,cvc,,LORMONT,,33,,,,,,,,,,,,,,,,,,,,,,,,,,,,,,,472202845,47220284500112,43.29A,,,,,,,,,,,sirene,
SOCIETE  B.PETILLAT-LOISON,,,a contacter,,,,,,,,,,,,cvc,,LA CHAPELLE-SUR-OREUSE,,89,,,,,,,,,,,,,,,,,,,,,,,,,,,,,,,342928330,34292833000022,43.22A,,,,,,,,,,,sirene,
SOCIETE  V.B. GAZ,,,a contacter,,,,,,,,,,,,cvc,,CRETEIL,,94,,,,,,,,,,,,,,,,,,,,,,,,,,,,,,,339143265,33914326500041,43.22B,,,,,,,,,,,sirene,
SOCIETE ABIVEN,,,a contacter,,,,,,,,,,,,cvc,,SAINT-DIVY,,29,,,,,,,,,,,,,,,,,,,,,,,,,,,,,,,418952651,41895265100028,43.22B,,,,,,,,,,,sirene,
SOCIETE ALLOT,,,a contacter,,,,,,,,,,,,cvc,,NOGENT-SUR-AUBE,,10,,,,,,,,,,,,,,,,,,,,,,,,,,,,,,,302021274,30202127400022,43.22A,,,,,,,,,,,sirene,
SOCIETE ALPINE D'ISOLATION THERMIQUE,,,a contacter,,,,,,,,,,,,cvc,,BRESSON,,38,,,,,,,,,,,,,,,,,,,,,,,,,,,,,,,070501580,07050158000024,43.29A,,,,,,,,,,,sirene,
SOCIETE APPLICATION TECHNIQUES,,,a contacter,,,,,,,,,,,,cvc,,PLOUGONVEN,,29,,,,,,,,,,,,,,,,,,,,,,,,,,,,,,,324697259,32469725900012,43.22A,,,,,,,,,,,sirene,
SOCIETE ARNAUD ET FILS,,,a contacter,,,,,,,,,,,,cvc,,PAMIERS,,09,,,,,,,,,,,,,,,,,,,,,,,,,,,,,,,382795235,38279523500037,43.22B,,,,,,,,,,,sirene,
SOCIETE AULNAYSIENNE DE CHAUFFE,,,a contacter,,,,,,,,,,,,cvc,,NOISY-LE-GRAND,,93,,,,,,,,,,,,,,,,,,,,,,,,,,,,,,,331068304,33106830400038,43.22B,,,,,,,,,,,sirene,
SOCIETE AURION ET COMPAGNIE,,,a contacter,,,,,,,,,,,,cvc,,CHAMPIGNY-SUR-MARNE,,94,,,,,,,,,,,,,,,,,,,,,,,,,,,,,,,383026564,38302656400047,43.22B,,,,,,,,,,,sirene,
SOCIETE B.M,,,a contacter,,,,,,,,,,,,cvc,,LAVELANET,,09,,,,,,,,,,,,,,,,,,,,,,,,,,,,,,,514213941,51421394100016,43.22A,,,,,,,,,,,sirene,
SOCIETE BADIE,,,a contacter,,,,,,,,,,,,cvc,,TONNEINS,,47,,,,,,,,,,,,,,,,,,,,,,,,,,,,,,,726350093,72635009300019,43.22B,,,,,,,,,,,sirene,
SOCIETE BAT'ISOL,,,a contacter,,,,,,,,,,,,cvc,,FRANCONVILLE,,95,,,,,,,,,,,,,,,,,,,,,,,,,,,,,,,420073504,42007350400029,43.29A,,,,,,,,,,,sirene,
SOCIETE BITERROISE D'ETANCHEITE,,,a contacter,,,,,,,,,,,,cvc,,VILLENEUVE-LES-BEZIERS,,34,,,,,,,,,,,,,,,,,,,,,,,,,,,,,,,795371400,79537140000016,43.29A,,,,,,,,,,,sirene,
SOCIETE BONNIN FILS,,,a contacter,,,,,,,,,,,,cvc,,TASSENIERES,,39,,,,,,,,,,,,,,,,,,,,,,,,,,,,,,,315638049,31563804900017,43.22B,,,,,,,,,,,sirene,
SOCIETE BORDANOVA,,,a contacter,,,,,,,,,,,,cvc,,CHARBONNIERES-LES-BAINS,,69,,,,,,,,,,,,,,,,,,,,,,,,,,,,,,,727180226,72718022600043,43.22A,,,,,,,,,,,sirene,
SOCIETE BRAGARDE D'AMENAGEMENTS,,,a contacter,,,,,,,,,,,,cvc,,SAINT-DIZIER,,52,,,,,,,,,,,,,,,,,,,,,,,,,,,,,,,516080041,51608004100028,43.22A,,,,,,,,,,,sirene,
SOCIETE BUCZEK,,,a contacter,,,,,,,,,,,,cvc,,REIMS,,51,,,,,,,,,,,,,,,,,,,,,,,,,,,,,,,408426575,40842657500036,43.22B,,,,,,,,,,,sirene,
SOCIETE CELTIC CHAUFFAGE,,,a contacter,,,,,,,,,,,,cvc,,GUIPAVAS,,29,,,,,,,,,,,,,,,,,,,,,,,,,,,,,,,402856207,40285620700038,43.22A,,,,,,,,,,,sirene,
SOCIETE CHAUFFAGE DU LITTORAL,,,a contacter,,,,,,,,,,,,cvc,,COUDEKERQUE-BRANCHE,,59,,,,,,,,,,,,,,,,,,,,,,,,,,,,,,,307190652,30719065200031,43.22B,,,,,,,,,,,sirene,
SOCIETE COOPERATIVE D'ENTRETIEN THERMIQUE ELECTRIQUE CONDITIONNEMENT,,,a contacter,,,,,,,,,,,,cvc,,LE MANS,,72,,,,,,,,,,,,,,,,,,,,,,,,,,,,,,,313244105,31324410500034,43.22B,,,,,,,,,,,sirene,
SOCIETE D EXPLOITATION DE PLOMBERIE,,,a contacter,,,,,,,,,,,,cvc,,NICE,,06,,,,,,,,,,,,,,,,,,,,,,,,,,,,,,,493710990,49371099000042,43.22A,,,,,,,,,,,sirene,
SOCIETE D INGENIERIE MAINTENANCE EXPLOITATION,,,a contacter,,,,,,,,,,,,cvc,,CESSON-SEVIGNE,,35,,,,,,,,,,,,,,,,,,,,,,,,,,,,,,,307132142,30713214200067,43.22B,,,,,,,,,,,sirene,
SOCIETE D INSTALLATION DE PLOMBERIE D ELECTRICITE DE CHAUFFAGE ET DE CLIMATISATION,,,a contacter,,,,,,,,,,,,cvc,,VELAUX,,13,,,,,,,,,,,,,,,,,,,,,,,,,,,,,,,538788936,53878893600028,43.22A,,,,,,,,,,,sirene,
SOCIETE D INSTALLATIONS DE PLOMBERIE ELECTRICITE CHAUFFAGE TUYAUTERIES,,,a contacter,,,,,,,,,,,,cvc,,LES PONTS-DE-CE,,49,,,,,,,,,,,,,,,,,,,,,,,,,,,,,,,300822723,30082272300072,43.22A,,,,,,,,,,,sirene,
SOCIETE D'APPLICATION DE PRODUITS ISOLANTS,,,a contacter,,,,,,,,,,,,cvc,,CIVRIEUX,,01,,,,,,,,,,,,,,,,,,,,,,,,,,,,,,,881309504,88130950400028,43.29A,,,,,,,,,,,sirene,
SOCIETE D'APPLICATION DES PRODUITS D'ETANCHEITE,,,a contacter,,,,,,,,,,,,cvc,,TINQUEUX,,51,,,,,,,,,,,,,,,,,,,,,,,,,,,,,,,315882761,31588276100051,43.29A,,,,,,,,,,,sirene,
SOCIETE D'APPLICATIONS DES TECHNIQUES D'EQUIPEMENT DU BATIMENT,,,a contacter,,,,,,,,,,,,cvc,,GRAND-COURONNE,,76,,,,,,,,,,,,,,,,,,,,,,,,,,,,,,,314927880,31492788000042,43.22B,,,,,,,,,,,sirene,
SOCIETE D'ENTRETIEN ET DE MAINTENANCE,,,a contacter,,,,,,,,,,,,cvc,,BAILLY-ROMAINVILLIERS,,77,,,,,,,,,,,,,,,,,,,,,,,,,,,,,,,319012746,31901274600057,43.22B,,,,,,,,,,,sirene,
SOCIETE D'EQUIPEMENT DE CHAUFFAGE ET DE PLOMBERIE,,,a contacter,,,,,,,,,,,,cvc,,GRIGNY,,69,,,,,,,,,,,,,,,,,,,,,,,,,,,,,,,332012954,33201295400043,43.22B,,,,,,,,,,,sirene,
SOCIETE D'EQUIPEMENTS THERMIQUES ET DE REALISATIONS INDUSTRIELLES SODETRI,,,a contacter,,,,,,,,,,,,cvc,,SAINT-GEORGES-LES-BAILLARGEAUX,,86,,,,,,,,,,,,,,,,,,,,,,,,,,,,,,,315652388,31565238800028,43.22B,,,,,,,,,,,sirene,
SOCIETE D'ETUDES ET DE REALISATIONS ELECTRO-MECANIQUES ET ELECTRIQUES - SREME,,,a contacter,,,,,,,,,,,,cvc,,MONTREUIL,,93,,,,,,,,,,,,,,,,,,,,,,,,,,,,,,,306505173,30650517300048,43.22B,,,,,,,,,,,sirene,
SOCIETE D'ETUDES TECHNIQUES ET DE REALISATIONS INDUSTRIELLES SETRI,,,a contacter,,,,,,,,,,,,cvc,,BEAUFORT-EN-ANJOU,,49,,,,,,,,,,,,,,,,,,,,,,,,,,,,,,,383577764,38357776400053,43.29A,,,,,,,,,,,sirene,
SOCIETE D'EXPLOITATION DES ETABLISSEMENTS LEVEZIER,,,a contacter,,,,,,,,,,,,cvc,,CLEF VALLEE D'EURE,,27,,,,,,,,,,,,,,,,,,,,,,,,,,,,,,,314481250,31448125000012,43.29A,,,,,,,,,,,sirene,
SOCIETE D'EXPLOITATION DES ETABLISSEMENTS SANI-EXPRESS,,,a contacter,,,,,,,,,,,,cvc,,PARIS,,75,,,,,,,,,,,,,,,,,,,,,,,,,,,,,,,309304038,30930403800016,43.22A,,,,,,,,,,,sirene,
SOCIETE D'EXPLOITATION DU BATIMENT,,,a contacter,,,,,,,,,,,,cvc,,VIC-EN-BIGORRE,,65,,,,,,,,,,,,,,,,,,,,,,,,,,,,,,,301791638,30179163800028,43.22A,,,,,,,,,,,sirene,
SOCIETE D'INSTALLATION DE CHAUFFAGE - SIC,,,a contacter,,,,,,,,,,,,cvc,,PARIS,,75,,,,,,,,,,,,,,,,,,,,,,,,,,,,,,,412512147,41251214700023,43.22A,,,,,,,,,,,sirene,
SOCIETE D'INSTALLATION THERMIQUE ELECTRIQUE ET CLIMATIQUE,,,a contacter,,,,,,,,,,,,cvc,,LES HERBIERS,,85,,,,,,,,,,,,,,,,,,,,,,,,,,,,,,,398526160,39852616000047,43.22B,,,,,,,,,,,sirene,
SOCIETE D'INVESTISSEMENT POUR L'ENERGIE,,,a contacter,,,,,,,,,,,,cvc,,NANTERRE,,92,,,,,,,,,,,,,,,,,,,,,,,,,,,,,,,572175818,57217581800036,43.22A,,,,,,,,,,,sirene,
SOCIETE DAIAN,,,a contacter,,,,,,,,,,,,cvc,,TONNERRE,,89,,,,,,,,,,,,,,,,,,,,,,,,,,,,,,,751439225,75143922500028,43.22A,,,,,,,,,,,sirene,
SOCIETE DAUPHINOISE DE CHAUFFAGE,,,a contacter,,,,,,,,,,,,cvc,,GENISSIEUX,,26,,,,,,,,,,,,,,,,,,,,,,,,,,,,,,,410715734,41071573400019,43.22B,,,,,,,,,,,sirene,
SOCIETE DE CLIMATISATION ET MAINTENANCE,,,a contacter,,,,,,,,,,,,cvc,,BAIE-MAHAULT,,971,,,,,,,,,,,,,,,,,,,,,,,,,,,,,,,443497797,44349779700029,43.22B,,,,,,,,,,,sirene,
SOCIETE DE DISTRIBUTION DU SUD D'EQUIPEMENT POUR LA TUYAUTERIE I NDUSTRIELLE ET LA PROTECTION INCENDIE S D S,,,a contacter,,,,,,,,,,,,cvc,,DOMAZAN,,30,,,,,,,,,,,,,,,,,,,,,,,,,,,,,,,350059655,35005965500059,43.22B,,,,,,,,,,,sirene,
SOCIETE DE MAINTENANCE ET D'EXPLOITATION DE CHAUFFAGE DU SUD OUEST,,,a contacter,,,,,,,,,,,,cvc,,AUCH,,32,,,,,,,,,,,,,,,,,,,,,,,,,,,,,,,350054094,35005409400049,43.22B,,,,,,,,,,,sirene,
SOCIETE DE MAINTENANCE ET DE CONDUITE D'INSTALLATION -SOMECI IDA,,,a contacter,,,,,,,,,,,,cvc,,VILLEFONTAINE,,38,,,,,,,,,,,,,,,,,,,,,,,,,,,,,,,519259964,51925996400012,43.22B,,,,,,,,,,,sirene,
SOCIETE DE MAINTENANCE ET DE CONDUITE D'INSTALLATIONS,,,a contacter,,,,,,,,,,,,cvc,,DARDILLY,,69,,,,,,,,,,,,,,,,,,,,,,,,,,,,,,,302394788,30239478800046,43.22B,,,,,,,,,,,sirene,
SOCIETE DE MONTAGE AERAULIQUE CLIMATISATION,,,a contacter,,,,,,,,,,,,cvc,,YERRES,,91,,,,,,,,,,,,,,,,,,,,,,,,,,,,,,,423204536,42320453600043,43.22B,,,,,,,,,,,sirene,
SOCIETE DE PEINTURE - D'ETUDES - BATIMENT - INDUSTRIEL S.P.E.B.I.,,,a contacter,,,,,,,,,,,,cvc,,CROISSY-BEAUBOURG,,77,,,,,,,,,,,,,,,,,,,,,,,,,,,,,,,331539528,33153952800058,43.29A,,,,,,,,,,,sirene,
SOCIETE DE PLOMBERIE ET DE CHAUFFAGE POUR L'IMMOBILIER ET L'INDUSTRIE,,,a contacter,,,,,,,,,,,,cvc,,PONTCARRE,,77,,,,,,,,,,,,,,,,,,,,,,,,,,,,,,,381626415,38162641500057,43.22A,,,,,,,,,,,sirene,
SOCIETE DE PROMOTION DES METHODES DE CONSTRUCTION,,,a contacter,,,,,,,,,,,,cvc,,ABREST,,03,,,,,,,,,,,,,,,,,,,,,,,,,,,,,,,307378331,30737833100044,43.29A,,,,,,,,,,,sirene,
SOCIETE DE TRAVAUX D ISOLATION ET DE MENUISERIE,,,a contacter,,,,,,,,,,,,cvc,,MONTMAGNY,,95,,,,,,,,,,,,,,,,,,,,,,,,,,,,,,,411313539,41131353900040,43.29A,,,,,,,,,,,sirene,
SOCIETE DE TRAVAUX ET EXPLOITATION THERMIQUE,,,a contacter,,,,,,,,,,,,cvc,,EPINAY-SUR-SEINE,,93,,,,,,,,,,,,,,,,,,,,,,,,,,,,,,,840754352,84075435200044,43.22B,,,,,,,,,,,sirene,
SOCIETE DE VENTILATION DE CLIMATISATION ET DE TRAVAUX,,,a contacter,,,,,,,,,,,,cvc,,BELLEU,,02,,,,,,,,,,,,,,,,,,,,,,,,,,,,,,,409117165,40911716500038,43.22A,,,,,,,,,,,sirene,
SOCIETE DEPANNAGE GAZ,,,a contacter,,,,,,,,,,,,cvc,,ROGNAC,,13,,,,,,,,,,,,,,,,,,,,,,,,,,,,,,,637180837,63718083700048,43.22B,,,,,,,,,,,sirene,
SOCIETE DEPANNAGE INSTALLATIONS SERVICES,,,a contacter,,,,,,,,,,,,cvc,,YUTZ,,57,,,,,,,,,,,,,,,,,,,,,,,,,,,,,,,850403155,85040315500037,43.22B,,,,,,,,,,,sirene,
SOCIETE DES ETABLISSEMENTS FERRERO,,,a contacter,,,,,,,,,,,,cvc,,MARSEILLE,,13,,,,,,,,,,,,,,,,,,,,,,,,,,,,,,,415295658,41529565800041,43.22A,,,,,,,,,,,sirene,
SOCIETE DESROUSSEAUX,,,a contacter,,,,,,,,,,,,cvc,,CARMAUX,,81,,,,,,,,,,,,,,,,,,,,,,,,,,,,,,,812725984,81272598400023,43.22B,,,,,,,,,,,sirene,
SOCIETE DI BENEDETTO,,,a contacter,,,,,,,,,,,,cvc,,SANNOIS,,95,,,,,,,,,,,,,,,,,,,,,,,,,,,,,,,308146604,30814660400068,43.22A,,,,,,,,,,,sirene,
SOCIETE DUPRE,,,a contacter,,,,,,,,,,,,cvc,,SAINT-GERMAIN-EN-COGLES,,35,,,,,,,,,,,,,,,,,,,,,,,,,,,,,,,418515813,41851581300016,43.22A,,,,,,,,,,,sirene,
SOCIETE ELECTRO SERVICE GAZ MAZOUT,,,a contacter,,,,,,,,,,,,cvc,,PAMIERS,,09,,,,,,,,,,,,,,,,,,,,,,,,,,,,,,,303218275,30321827500038,43.22B,,,,,,,,,,,sirene,
SOCIETE ENTRETIEN EXPLOITATION MAINTENANCE,,,a contacter,,,,,,,,,,,,cvc,,CORMEILLES-EN-PARISIS,,95,,,,,,,,,,,,,,,,,,,,,,,,,,,,,,,317193613,31719361300070,43.22B,,,,,,,,,,,sirene,
SOCIETE EUROPEENNE D'ETANCHEITE FLEISCHMAN,,,a contacter,,,,,,,,,,,,cvc,,CARRIERES-SUR-SEINE,,78,,,,,,,,,,,,,,,,,,,,,,,,,,,,,,,321920563,32192056300038,43.29A,,,,,,,,,,,sirene,
SOCIETE FORESTIERE DU VAL DE L'INDRE,,,a contacter,,,,,,,,,,,,cvc,,DRUYE,,37,,,,,,,,,,,,,,,,,,,,,,,,,,,,,,,402056766,40205676600049,43.22B,,,,,,,,,,,sirene,
SOCIETE FRANCAISE D ISOLATION,,,a contacter,,,,,,,,,,,,cvc,,TREILLIERES,,44,,,,,,,,,,,,,,,,,,,,,,,,,,,,,,,311460596,31146059600035,43.29A,,,,,,,,,,,sirene,
SOCIETE FRANCAISE D'INSTALLATION ET D'EXPLOITATION DES EQUIPEMENTS THERMODYNAMIQUES,,,a contacter,,,,,,,,,,,,cvc,,COURBEVOIE,,92,,,,,,,,,,,,,,,,,,,,,,,,,,,,,,,807880596,80788059600034,43.22B,,,,,,,,,,,sirene,
SOCIETE FRANCAISE DE TRAITEMENT DES EAUX,,,a contacter,,,,,,,,,,,,cvc,,AUBAGNE,,13,,,,,,,,,,,,,,,,,,,,,,,,,,,,,,,391953023,39195302300044,43.22A,,,,,,,,,,,sirene,
SOCIETE FRIGORIFIQUE DU SUD,,,a contacter,,,,,,,,,,,,cvc,,LE TAMPON,,974,,,,,,,,,,,,,,,,,,,,,,,,,,,,,,,514991371,51499137100022,43.22B,,,,,,,,,,,sirene,
SOCIETE GALAND,,,a contacter,,,,,,,,,,,,cvc,,LORIENT,,56,,,,,,,,,,,,,,,,,,,,,,,,,,,,,,,393680160,39368016000024,43.22A,,,,,,,,,,,sirene,
SOCIETE GENERALE DE PLOMBERIE ET ASSAINISSEMENT,,,a contacter,,,,,,,,,,,,cvc,,AUBAGNE,,13,,,,,,,,,,,,,,,,,,,,,,,,,,,,,,,323297135,32329713500036,43.22A,,,,,,,,,,,sirene,
SOCIETE GRENOBLOISE D'INSTALLATIONS CHAUFFAGE SANITAIRE,,,a contacter,,,,,,,,,,,,cvc,,SAINT-MARTIN-D'HERES,,38,,,,,,,,,,,,,,,,,,,,,,,,,,,,,,,312667199,31266719900045,43.22A,,,,,,,,,,,sirene,
SOCIETE GUIOT VIOLETTE ET COMPAGNIE,,,a contacter,,,,,,,,,,,,cvc,,SEDAN,,08,,,,,,,,,,,,,,,,,,,,,,,,,,,,,,,310068978,31006897800041,43.22B,,,,,,,,,,,sirene,
SOCIETE INDUSTRIELLE D'ISOLATION DU NORD,,,a contacter,,,,,,,,,,,,cvc,,ECOURT-SAINT-QUENTIN,,62,,,,,,,,,,,,,,,,,,,,,,,,,,,,,,,353948953,35394895300032,43.29A,,,,,,,,,,,sirene,
SOCIETE INGENIERIE DESENFUMAGE REUNION SID REUNION,,,a contacter,,,,,,,,,,,,cvc,,LE TAMPON,,974,,,,,,,,,,,,,,,,,,,,,,,,,,,,,,,838386886,83838688600025,43.22B,,,,,,,,,,,sirene,
SOCIETE JEAN CLAUDE STARCEVIC,,,a contacter,,,,,,,,,,,,cvc,,RUFFEC,,16,,,,,,,,,,,,,,,,,,,,,,,,,,,,,,,384407128,38440712800022,43.22A,,,,,,,,,,,sirene,
SOCIETE JEAN RIVIERE,,,a contacter,,,,,,,,,,,,cvc,,VILLEURBANNE,,69,,,,,,,,,,,,,,,,,,,,,,,,,,,,,,,312951809,31295180900044,43.22A,,,,,,,,,,,sirene,
SOCIETE JOHNNY BLAISE,,,a contacter,,,,,,,,,,,,cvc,,LES MUREAUX,,78,,,,,,,,,,,,,,,,,,,,,,,,,,,,,,,423056142,42305614200031,43.22B,,,,,,,,,,,sirene,
SOCIETE LAURENT GAGNAIRE,,,a contacter,,,,,,,,,,,,cvc,,REIMS,,51,,,,,,,,,,,,,,,,,,,,,,,,,,,,,,,529699555,52969955500031,43.22A,,,,,,,,,,,sirene,
SOCIETE LECLERT,,,a contacter,,,,,,,,,,,,cvc,,VINAY,,51,,,,,,,,,,,,,,,,,,,,,,,,,,,,,,,343622478,34362247800026,43.22A,,,,,,,,,,,sirene,
SOCIETE LEMAITRE,,,a contacter,,,,,,,,,,,,cvc,,SAINT-JEAN-DES-CHAMPS,,50,,,,,,,,,,,,,,,,,,,,,,,,,,,,,,,423340157,42334015700050,43.22A,,,,,,,,,,,sirene,
SOCIETE LYONNAISE ELECTRO THERMIQUE,,,a contacter,,,,,,,,,,,,cvc,,SAINT-PRIEST,,69,,,,,,,,,,,,,,,,,,,,,,,,,,,,,,,301620837,30162083700072,43.22B,,,,,,,,,,,sirene,
SOCIETE MACE ET FROGE,,,a contacter,,,,,,,,,,,,cvc,,RENNES,,35,,,,,,,,,,,,,,,,,,,,,,,,,,,,,,,325493898,32549389800069,43.22B,,,,,,,,,,,sirene,
SOCIETE MAINTENANCE ENERGIE RENOUVELABLE,,,a contacter,,,,,,,,,,,,cvc,,GOND-PONTOUVRE,,16,,,,,,,,,,,,,,,,,,,,,,,,,,,,,,,499781193,49978119300028,43.22B,,,,,,,,,,,sirene,
SOCIETE MAINTENANCE EXPLOIT.CLIMATIQUE,,,a contacter,,,,,,,,,,,,cvc,,SAINT-MAUR-DES-FOSSES,,94,,,,,,,,,,,,,,,,,,,,,,,,,,,,,,,388054454,38805445400029,43.22B,,,,,,,,,,,sirene,
SOCIETE MAMELET JALLET,,,a contacter,,,,,,,,,,,,cvc,,PLOEMEUR,,56,,,,,,,,,,,,,,,,,,,,,,,,,,,,,,,857500706,85750070600034,43.22B,,,,,,,,,,,sirene,
SOCIETE MAYENNAISE D'ELECTRICITE ET DE CHAUFFAGE,,,a contacter,,,,,,,,,,,,cvc,,LAVAL,,53,,,,,,,,,,,,,,,,,,,,,,,,,,,,,,,311768162,31176816200027,43.22A,,,,,,,,,,,sirene,
SOCIETE MEDITERRANEENNE D'APPLICATIONS THERMIQUES ET DE CONDITIO,,,a contacter,,,,,,,,,,,,cvc,,AUBAGNE,,13,,,,,,,,,,,,,,,,,,,,,,,,,,,,,,,063804231,06380423100031,43.22A,,,,,,,,,,,sirene,
SOCIETE MEDITERRANEENNE DES TECHNIQUES,,,a contacter,,,,,,,,,,,,cvc,,SAINT-LAURENT-DU-VAR,,06,,,,,,,,,,,,,,,,,,,,,,,,,,,,,,,442363735,44236373500022,43.22B,,,,,,,,,,,sirene,
SOCIETE MEUSIENNE EN ENERGIES,,,a contacter,,,,,,,,,,,,cvc,,STENAY,,55,,,,,,,,,,,,,,,,,,,,,,,,,,,,,,,521402578,52140257800012,43.22A,,,,,,,,,,,sirene,
SOCIETE MUNOZ,,,a contacter,,,,,,,,,,,,cvc,,RAISMES,,59,,,,,,,,,,,,,,,,,,,,,,,,,,,,,,,388424798,38842479800030,43.22B,,,,,,,,,,,sirene,
SOCIETE NOUVELLE BAUDOUIN,,,a contacter,,,,,,,,,,,,cvc,,ANGRIE,,49,,,,,,,,,,,,,,,,,,,,,,,,,,,,,,,817779218,81777921800012,43.22B,,,,,,,,,,,sirene,
SOCIETE NOUVELLE CASAGRANDE,,,a contacter,,,,,,,,,,,,cvc,,VAUX-LE-PENIL,,77,,,,,,,,,,,,,,,,,,,,,,,,,,,,,,,487756553,48775655300029,43.22A,,,,,,,,,,,sirene,
SOCIETE NOUVELLE CHAPUIS,,,a contacter,,,,,,,,,,,,cvc,,LIMONEST,,69,,,,,,,,,,,,,,,,,,,,,,,,,,,,,,,384371548,38437154800049,43.22A,,,,,,,,,,,sirene,
SOCIETE NOUVELLE CLIMSANIT,,,a contacter,,,,,,,,,,,,cvc,,BOURG-EN-BRESSE,,01,,,,,,,,,,,,,,,,,,,,,,,,,,,,,,,881812044,88181204400025,43.22B,,,,,,,,,,,sirene,
SOCIETE NOUVELLE D'INSTALLATION DE CHAUFFAGE,,,a contacter,,,,,,,,,,,,cvc,,VERNOUILLET,,28,,,,,,,,,,,,,,,,,,,,,,,,,,,,,,,308147149,30814714900030,43.22B,,,,,,,,,,,sirene,
SOCIETE NOUVELLE DE REHABILITATION,,,a contacter,,,,,,,,,,,,cvc,,SAINT-BERTHEVIN,,53,,,,,,,,,,,,,,,,,,,,,,,,,,,,,,,329491583,32949158300038,43.29A,,,,,,,,,,,sirene,
SOCIETE NOUVELLE DORMET SND,,,a contacter,,,,,,,,,,,,cvc,,CHATEAU-GONTIER-SUR-MAYENNE,,53,,,,,,,,,,,,,,,,,,,,,,,,,,,,,,,791739451,79173945100023,43.22B,,,,,,,,,,,sirene,
SOCIETE NOUVELLE FIDON,,,a contacter,,,,,,,,,,,,cvc,,CUINCY,,59,,,,,,,,,,,,,,,,,,,,,,,,,,,,,,,811699909,81169990900024,43.22B,,,,,,,,,,,sirene,
SOCIETE NOUVELLE IMHOFF,,,a contacter,,,,,,,,,,,,cvc,,SAINT-NABORD,,88,,,,,,,,,,,,,,,,,,,,,,,,,,,,,,,889709077,88970907700032,43.22B,,,,,,,,,,,sirene,
SOCIETE NOUVELLE LECQ ET LEFEBVRE,,,a contacter,,,,,,,,,,,,cvc,,LE COTEAU,,42,,,,,,,,,,,,,,,,,,,,,,,,,,,,,,,515290302,51529030200030,43.22B,,,,,,,,,,,sirene,
SOCIETE NOUVELLE LENOIR,,,a contacter,,,,,,,,,,,,cvc,,RENAZE,,53,,,,,,,,,,,,,,,,,,,,,,,,,,,,,,,817743875,81774387500012,43.22B,,,,,,,,,,,sirene,
SOCIETE NOUVELLE LESTABLE MOLISSON,,,a contacter,,,,,,,,,,,,cvc,,CHINON,,37,,,,,,,,,,,,,,,,,,,,,,,,,,,,,,,800802621,80080262100030,43.22B,,,,,,,,,,,sirene,
SOCIETE NOUVELLE MIRANDEL,,,a contacter,,,,,,,,,,,,cvc,,MAISONS-EN-CHAMPAGNE,,51,,,,,,,,,,,,,,,,,,,,,,,,,,,,,,,808183172,80818317200010,43.22B,,,,,,,,,,,sirene,
SOCIETE NOUVELLE PEINY,,,a contacter,,,,,,,,,,,,cvc,,CHELLES,,77,,,,,,,,,,,,,,,,,,,,,,,,,,,,,,,423315712,42331571200012,43.22B,,,,,,,,,,,sirene,
SOCIETE NOUVELLE PICCHIOTTINO,,,a contacter,,,,,,,,,,,,cvc,,ANNECY,,74,,,,,,,,,,,,,,,,,,,,,,,,,,,,,,,482931078,48293107800034,43.22A,,,,,,,,,,,sirene,
SOCIETE NOUVELLE SNPC,,,a contacter,,,,,,,,,,,,cvc,,CHAMPIGNY-SUR-MARNE,,94,,,,,,,,,,,,,,,,,,,,,,,,,,,,,,,389719014,38971901400018,43.22A,,,,,,,,,,,sirene,
SOCIETE OLIVIERSIMONNET,,,a contacter,,,,,,,,,,,,cvc,,DISSAY,,86,,,,,,,,,,,,,,,,,,,,,,,,,,,,,,,490954229,49095422900020,43.22A,,,,,,,,,,,sirene,
SOCIETE PAINEAU ET ASSOCIES,,,a contacter,,,,,,,,,,,,cvc,,CONNERRE,,72,,,,,,,,,,,,,,,,,,,,,,,,,,,,,,,885181164,88518116400017,43.22A,,,,,,,,,,,sirene,
SOCIETE PARISIENNE DE CHAUFFAGE PLOMBERIE,,,a contacter,,,,,,,,,,,,cvc,,SUCY-EN-BRIE,,94,,,,,,,,,,,,,,,,,,,,,,,,,,,,,,,562107250,56210725000044,43.22A,,,,,,,,,,,sirene,
SOCIETE PLOMBERIE AZUREENNE CHAUFFAGE ENTRETIEN SPACE,,,a contacter,,,,,,,,,,,,cvc,,ROQUEFORT-LA-BEDOULE,,13,,,,,,,,,,,,,,,,,,,,,,,,,,,,,,,389863424,38986342400047,43.22A,,,,,,,,,,,sirene,
SOCIETE PLOMBERIE CHAUFFAGE VENTILATION,,,a contacter,,,,,,,,,,,,cvc,,EVRY-COURCOURONNES,,91,,,,,,,,,,,,,,,,,,,,,,,,,,,,,,,419710090,41971009000046,43.22A,,,,,,,,,,,sirene,
SOCIETE PLOMBERIE COUVERTURE,,,a contacter,,,,,,,,,,,,cvc,,PARIS,,75,,,,,,,,,,,,,,,,,,,,,,,,,,,,,,,483311882,48331188200037,43.22A,,,,,,,,,,,sirene,
SOCIETE PLOMBERIE EQUIPEMENT MAINTENANCE,,,a contacter,,,,,,,,,,,,cvc,,ARTIX,,64,,,,,,,,,,,,,,,,,,,,,,,,,,,,,,,389368762,38936876200065,43.22A,,,,,,,,,,,sirene,
SOCIETE PLUMAS,,,a contacter,,,,,,,,,,,,cvc,,LE MANS,,72,,,,,,,,,,,,,,,,,,,,,,,,,,,,,,,324419043,32441904300025,43.22B,,,,,,,,,,,sirene,
SOCIETE REUNIONNAISE PLOMBERIE SANITAIRE DE L'EST SARL,,,a contacter,,,,,,,,,,,,cvc,,SAINTE-SUZANNE,,974,,,,,,,,,,,,,,,,,,,,,,,,,,,,,,,431243823,43124382300025,43.22A,,,,,,,,,,,sirene,
SOCIETE SAVOIE CHAUFFAGE SANITAIRE - SCS,,,a contacter,,,,,,,,,,,,cvc,,LA RAVOIRE,,73,,,,,,,,,,,,,,,,,,,,,,,,,,,,,,,339576290,33957629000052,43.22B,,,,,,,,,,,sirene,
SOCIETE SUVELIER DIDIER,,,a contacter,,,,,,,,,,,,cvc,,WASQUEHAL,,59,,,,,,,,,,,,,,,,,,,,,,,,,,,,,,,537630246,53763024600024,43.22A,,,,,,,,,,,sirene,
SOCIETE T.C.P.E.,,,a contacter,,,,,,,,,,,,cvc,,CHAMBRAY-LES-TOURS,,37,,,,,,,,,,,,,,,,,,,,,,,,,,,,,,,333023422,33302342200087,43.22B,,,,,,,,,,,sirene,
SOCIETE TECHNIQUE PROVENCE SANITAIRE,,,a contacter,,,,,,,,,,,,cvc,,CANNES,,06,,,,,,,,,,,,,,,,,,,,,,,,,,,,,,,303285159,30328515900032,43.22A,,,,,,,,,,,sirene,
SOCIETE THERMIQUE INDUSTRIELLE DE L'OISE,,,a contacter,,,,,,,,,,,,cvc,,VILLERS-SAINT-PAUL,,60,,,,,,,,,,,,,,,,,,,,,,,,,,,,,,,415162833,41516283300024,43.22B,,,,,,,,,,,sirene,
SOCIETE THIAISIENNE DE CHAUFFAGE,,,a contacter,,,,,,,,,,,,cvc,,CHOISY-LE-ROI,,94,,,,,,,,,,,,,,,,,,,,,,,,,,,,,,,304953011,30495301100034,43.22B,,,,,,,,,,,sirene,
SOCIETE TOULOUSAINE INSTALLATION GAZ,,,a contacter,,,,,,,,,,,,cvc,,ASPET,,31,,,,,,,,,,,,,,,,,,,,,,,,,,,,,,,315947317,31594731700048,43.22A,,,,,,,,,,,sirene,
SOCIETE TOURNOIS SAS,,,a contacter,,,,,,,,,,,,cvc,,BUC,,78,,,,,,,,,,,,,,,,,,,,,,,,,,,,,,,669800617,66980061700021,43.22B,,,,,,,,,,,sirene,
SOCIETE WOJEWODKA,,,a contacter,,,,,,,,,,,,cvc,,MERCIN-ET-VAUX,,02,,,,,,,,,,,,,,,,,,,,,,,,,,,,,,,326849916,32684991600019,43.22B,,,,,,,,,,,sirene,
SODER CHAUF-VANNIER-BIZEUL,,,a contacter,,,,,,,,,,,,cvc,,LOUVRES,,95,,,,,,,,,,,,,,,,,,,,,,,,,,,,,,,310827217,31082721700038,43.22B,,,,,,,,,,,sirene,
SODEX INDUSTRIE ENERGIE,,,a contacter,,,,,,,,,,,,cvc,,CARPIQUET,,14,,,,,,,,,,,,,,,,,,,,,,,,,,,,,,,807440714,80744071400028,43.29A,,,,,,,,,,,sirene,
SODEXAL,,,a contacter,,,,,,,,,,,,cvc,,MARSEILLE,,13,,,,,,,,,,,,,,,,,,,,,,,,,,,,,,,060803335,06080333500029,43.22A,,,,,,,,,,,sirene,
SODEXO JUSTICE SERVICES,,,a contacter,,,,,,,,,,,,cvc,,GUYANCOURT,,78,,,,,,,,,,,,,,,,,,,,,,,,,,,,,,,310239702,31023970200338,43.22B,,,,,,,,,,,sirene,
SODIMAV SA,,,a contacter,,,,,,,,,,,,cvc,,MONTMOROT,,39,,,,,,,,,,,,,,,,,,,,,,,,,,,,,,,333998722,33399872200024,43.29A,,,,,,,,,,,sirene,
SOFFI MARNE AMENAGEMENT - EGDI,,,a contacter,,,,,,,,,,,,cvc,,CERNAY-LES-REIMS,,51,,,,,,,,,,,,,,,,,,,,,,,,,,,,,,,337381362,33738136200033,43.29A,,,,,,,,,,,sirene,
SOFRADI SUD OUEST,,,a contacter,,,,,,,,,,,,cvc,,LONS,,64,,,,,,,,,,,,,,,,,,,,,,,,,,,,,,,508875721,50887572100047,43.29A,,,,,,,,,,,sirene,
SOFRISOL,,,a contacter,,,,,,,,,,,,cvc,,VILLENEUVE-SAINT-GEORGES,,94,,,,,,,,,,,,,,,,,,,,,,,,,,,,,,,330503194,33050319400053,43.29A,,,,,,,,,,,sirene,
SOFTAIR,,,a contacter,,,,,,,,,,,,cvc,,SAVIGNY-SUR-ORGE,,91,,,,,,,,,,,,,,,,,,,,,,,,,,,,,,,448476770,44847677000046,43.22B,,,,,,,,,,,sirene,
SOGEC ENERGIES,,,a contacter,,,,,,,,,,,,cvc,,ORLEANS,,45,,,,,,,,,,,,,,,,,,,,,,,,,,,,,,,304802663,30480266300068,43.22B,,,,,,,,,,,sirene,
SOGECLIMA,,,a contacter,,,,,,,,,,,,cvc,,COUR-CHEVERNY,,41,,,,,,,,,,,,,,,,,,,,,,,,,,,,,,,800270670,80027067000014,43.22A,,,,,,,,,,,sirene,
SOGETHA,,,a contacter,,,,,,,,,,,,cvc,,GAP,,05,,,,,,,,,,,,,,,,,,,,,,,,,,,,,,,533265328,53326532800021,43.22B,,,,,,,,,,,sirene,
SOGETHERM,,,a contacter,,,,,,,,,,,,cvc,,LE MANS,,72,,,,,,,,,,,,,,,,,,,,,,,,,,,,,,,539648352,53964835200018,43.22B,,,,,,,,,,,sirene,
SOGITEC,,,a contacter,,,,,,,,,,,,cvc,,MARSEILLE,,13,,,,,,,,,,,,,,,,,,,,,,,,,,,,,,,377673793,37767379300040,43.22B,,,,,,,,,,,sirene,
SOJETHERM,,,a contacter,,,,,,,,,,,,cvc,,GOUSSAINVILLE,,95,,,,,,,,,,,,,,,,,,,,,,,,,,,,,,,828295238,82829523800020,43.22A,,,,,,,,,,,sirene,
SOLAIRE CLIM CHAUFFAGE,,,a contacter,,,,,,,,,,,,cvc,,VEAUCHE,,42,,,,,,,,,,,,,,,,,,,,,,,,,,,,,,,891052672,89105267200112,43.22B,,,,,,,,,,,sirene,
SOLANUM,,,a contacter,,,,,,,,,,,,cvc,,BAGNEUX,,92,,,,,,,,,,,,,,,,,,,,,,,,,,,,,,,511404113,51140411300033,43.22B,,,,,,,,,,,sirene,
SOLARO BAT,,,a contacter,,,,,,,,,,,,cvc,,CHELLES,,77,,,,,,,,,,,,,,,,,,,,,,,,,,,,,,,888561040,88856104000021,43.29A,,,,,,,,,,,sirene,
SOLARTEC,,,a contacter,,,,,,,,,,,,cvc,,FAREINS,,01,,,,,,,,,,,,,,,,,,,,,,,,,,,,,,,514417799,51441779900020,43.22B,,,,,,,,,,,sirene,
SOLARTECHNIC,,,a contacter,,,,,,,,,,,,cvc,,GIGEAN,,34,,,,,,,,,,,,,,,,,,,,,,,,,,,,,,,823990593,82399059300050,43.22B,,,,,,,,,,,sirene,
SOLARTIS,,,a contacter,,,,,,,,,,,,cvc,,PERPIGNAN,,66,,,,,,,,,,,,,,,,,,,,,,,,,,,,,,,914450911,91445091100021,43.22B,,,,,,,,,,,sirene,
SOLECOBOIS,,,a contacter,,,,,,,,,,,,cvc,,SAINT-ELOI,,23,,,,,,,,,,,,,,,,,,,,,,,,,,,,,,,529696932,52969693200019,43.22B,,,,,,,,,,,sirene,
SOLEIL FACADES 68,,,a contacter,,,,,,,,,,,,cvc,,SAUSHEIM,,68,,,,,,,,,,,,,,,,,,,,,,,,,,,,,,,803182211,80318221100042,43.29A,,,,,,,,,,,sirene,
SOLEO,,,a contacter,,,,,,,,,,,,cvc,,MARSEILLE,,13,,,,,,,,,,,,,,,,,,,,,,,,,,,,,,,501891733,50189173300047,43.22A,,,,,,,,,,,sirene,
SOLEY K'RAIB,,,a contacter,,,,,,,,,,,,cvc,,BAIE MAHAULT,,971,,,,,,,,,,,,,,,,,,,,,,,,,,,,,,,818442949,81844294900025,43.22B,,,,,,,,,,,sirene,
SOLTECH NRJ,,,a contacter,,,,,,,,,,,,cvc,,CHENIMENIL,,88,,,,,,,,,,,,,,,,,,,,,,,,,,,,,,,799916929,79991692900059,43.22B,,,,,,,,,,,sirene,
SOLUCHAUFF',,,a contacter,,,,,,,,,,,,cvc,,LOIRE-AUTHION,,49,,,,,,,,,,,,,,,,,,,,,,,,,,,,,,,792181208,79218120800036,43.22B,,,,,,,,,,,sirene,
SOLUGAZ,,,a contacter,,,,,,,,,,,,cvc,,NEUILLY-SUR-MARNE,,93,,,,,,,,,,,,,,,,,,,,,,,,,,,,,,,792806143,79280614300022,43.22A,,,,,,,,,,,sirene,
SOLUTHERM,,,a contacter,,,,,,,,,,,,cvc,,CHENNEVIERES-SUR-MARNE,,94,,,,,,,,,,,,,,,,,,,,,,,,,,,,,,,480733021,48073302100020,43.22B,,,,,,,,,,,sirene,
SOLUTION ENERGIE,,,a contacter,,,,,,,,,,,,cvc,,MONTUSSAN,,33,,,,,,,,,,,,,,,,,,,,,,,,,,,,,,,441014909,44101490900051,43.22B,,,,,,,,,,,sirene,
SOLUTION ENR,,,a contacter,,,,,,,,,,,,cvc,,CABESTANY,,66,,,,,,,,,,,,,,,,,,,,,,,,,,,,,,,889165460,88916546000011,43.22A,,,,,,,,,,,sirene,
SOLUTION ISOLATION,,,a contacter,,,,,,,,,,,,cvc,,PUSEY,,70,,,,,,,,,,,,,,,,,,,,,,,,,,,,,,,803842723,80384272300022,43.29A,,,,,,,,,,,sirene,
SOLUTION MAG SERVICE,,,a contacter,,,,,,,,,,,,cvc,,MURET,,31,,,,,,,,,,,,,,,,,,,,,,,,,,,,,,,503143414,50314341400038,43.22B,,,,,,,,,,,sirene,
SOLUTION TECHNIQUE EN GENIE CLIMATIQUE,,,a contacter,,,,,,,,,,,,cvc,,JOINVILLE-LE-PONT,,94,,,,,,,,,,,,,,,,,,,,,,,,,,,,,,,888089331,88808933100019,43.22B,,,,,,,,,,,sirene,
SOLUTIONS ETUDES ET REALISATIONS ENERGETIQUES,,,a contacter,,,,,,,,,,,,cvc,,DRUMETTAZ-CLARAFOND,,73,,,,,,,,,,,,,,,,,,,,,,,,,,,,,,,801432121,80143212100045,43.22A,,,,,,,,,,,sirene,
SOLVAC,,,a contacter,,,,,,,,,,,,cvc,,PARIS,,75,,,,,,,,,,,,,,,,,,,,,,,,,,,,,,,312857238,31285723800025,43.22B,,,,,,,,,,,sirene,
SOMATH SOCIETE DE MAINTENANCE ET D'APPLICATIONS THERMIQUES,,,a contacter,,,,,,,,,,,,cvc,,COIGNIERES,,78,,,,,,,,,,,,,,,,,,,,,,,,,,,,,,,389091596,38909159600046,43.22B,,,,,,,,,,,sirene,
SOMECLIM,,,a contacter,,,,,,,,,,,,cvc,,HEUDEBOUVILLE,,27,,,,,,,,,,,,,,,,,,,,,,,,,,,,,,,407677459,40767745900049,43.22B,,,,,,,,,,,sirene,
SOMIC,,,a contacter,,,,,,,,,,,,cvc,,DRAGUIGNAN,,83,,,,,,,,,,,,,,,,,,,,,,,,,,,,,,,799551247,79955124700023,43.22B,,,,,,,,,,,sirene,
SOMSOU-PONS,,,a contacter,,,,,,,,,,,,cvc,,PARIS,,75,,,,,,,,,,,,,,,,,,,,,,,,,,,,,,,582097457,58209745700052,43.22A,,,,,,,,,,,sirene,
SONTOT'GAZ,,,a contacter,,,,,,,,,,,,cvc,,AUDINCOURT,,25,,,,,,,,,,,,,,,,,,,,,,,,,,,,,,,434559134,43455913400045,43.22B,,,,,,,,,,,sirene,
SOPEC,,,a contacter,,,,,,,,,,,,cvc,,VERN-SUR-SEICHE,,35,,,,,,,,,,,,,,,,,,,,,,,,,,,,,,,337711725,33771172500032,43.22B,,,,,,,,,,,sirene,
SOPEX,,,a contacter,,,,,,,,,,,,cvc,,BAGNOLET,,93,,,,,,,,,,,,,,,,,,,,,,,,,,,,,,,419409834,41940983400027,43.29A,,,,,,,,,,,sirene,
SOPEX-CEMT,,,a contacter,,,,,,,,,,,,cvc,,PARIS,,75,,,,,,,,,,,,,,,,,,,,,,,,,,,,,,,795067610,79506761000019,43.22A,,,,,,,,,,,sirene,
SOPRO ENERGIES,,,a contacter,,,,,,,,,,,,cvc,,BEAUMONT,,63,,,,,,,,,,,,,,,,,,,,,,,,,,,,,,,802352989,80235298900015,43.22B,,,,,,,,,,,sirene,
SOREDI - HENRY,,,a contacter,,,,,,,,,,,,cvc,,ORBEY,,68,,,,,,,,,,,,,,,,,,,,,,,,,,,,,,,917320335,91732033500032,43.22A,,,,,,,,,,,sirene,
SOREF MIDI PYRENEES,,,a contacter,,,,,,,,,,,,cvc,,PECHBONNIEU,,31,,,,,,,,,,,,,,,,,,,,,,,,,,,,,,,888831179,88883117900013,43.22B,,,,,,,,,,,sirene,
SORHOTHERM,,,a contacter,,,,,,,,,,,,cvc,,VILLETTE-D'ANTHON,,38,,,,,,,,,,,,,,,,,,,,,,,,,,,,,,,439667106,43966710600025,43.22B,,,,,,,,,,,sirene,
SOS GAZ,,,a contacter,,,,,,,,,,,,cvc,,GOND-PONTOUVRE,,16,,,,,,,,,,,,,,,,,,,,,,,,,,,,,,,441073046,44107304600019,43.22A,,,,,,,,,,,sirene,
SOTTON PERE ET FILS,,,a contacter,,,,,,,,,,,,cvc,,MABLY,,42,,,,,,,,,,,,,,,,,,,,,,,,,,,,,,,439633322,43963332200029,43.22A,,,,,,,,,,,sirene,
SOUDINOX,,,a contacter,,,,,,,,,,,,cvc,,BRESSUIRE,,79,,,,,,,,,,,,,,,,,,,,,,,,,,,,,,,434447603,43444760300037,43.22A,,,,,,,,,,,sirene,
SP 95,,,a contacter,,,,,,,,,,,,cvc,,DOMONT,,95,,,,,,,,,,,,,,,,,,,,,,,,,,,,,,,804695856,80469585600034,43.22B,,,,,,,,,,,sirene,
SP GENIE CLIMATIQUE,,,a contacter,,,,,,,,,,,,cvc,,CLAMART,,92,,,,,,,,,,,,,,,,,,,,,,,,,,,,,,,888837747,88883774700037,43.22B,,,,,,,,,,,sirene,
SPC,,,a contacter,,,,,,,,,,,,cvc,,GRIGNY,,91,,,,,,,,,,,,,,,,,,,,,,,,,,,,,,,948482484,94848248400037,43.22A,,,,,,,,,,,sirene,
SPC BAT,,,a contacter,,,,,,,,,,,,cvc,,TREMBLAY-EN-FRANCE,,93,,,,,,,,,,,,,,,,,,,,,,,,,,,,,,,839651163,83965116300033,43.22A,,,,,,,,,,,sirene,
SPEC,,,a contacter,,,,,,,,,,,,cvc,,CAMARET-SUR-AIGUES,,84,,,,,,,,,,,,,,,,,,,,,,,,,,,,,,,483870275,48387027500037,43.22A,,,,,,,,,,,sirene,
SPECV,,,a contacter,,,,,,,,,,,,cvc,,CROISSY-BEAUBOURG,,77,,,,,,,,,,,,,,,,,,,,,,,,,,,,,,,418306098,41830609800058,43.22A,,,,,,,,,,,sirene,
SPEED'ELEC,,,a contacter,,,,,,,,,,,,cvc,,SAINT-AVE,,56,,,,,,,,,,,,,,,,,,,,,,,,,,,,,,,490093366,49009336600030,43.22A,,,,,,,,,,,sirene,
SPEHNER,,,a contacter,,,,,,,,,,,,cvc,,GEISPOLSHEIM,,67,,,,,,,,,,,,,,,,,,,,,,,,,,,,,,,390229201,39022920100012,43.22B,,,,,,,,,,,sirene,
SPIE BATIGNOLLES ENERGIE - SOPAC,,,a contacter,,,,,,,,,,,,cvc,,POMPAIRE,,79,,,,,,,,,,,,,,,,,,,,,,,,,,,,,,,305775652,30577565200020,43.22B,,,,,,,,,,,sirene,
SPIE BATIGNOLLES ENERGIE GRAND SUD,,,a contacter,,,,,,,,,,,,cvc,,AIX-EN-PROVENCE,,13,,,,,,,,,,,,,,,,,,,,,,,,,,,,,,,073801631,07380163100117,43.22B,,,,,,,,,,,sirene,
SPIE PROTECTION INCENDIE,,,a contacter,,,,,,,,,,,,cvc,,SAINT-OUEN-SUR-SEINE,,93,,,,,,,,,,,,,,,,,,,,,,,,,,,,,,,380759902,38075990200055,43.29A,,,,,,,,,,,sirene,
SPOBAM,,,a contacter,,,,,,,,,,,,cvc,,PINSAGUEL,,31,,,,,,,,,,,,,,,,,,,,,,,,,,,,,,,481149193,48114919300049,43.22B,,,,,,,,,,,sirene,
SPR BATIMENT,,,a contacter,,,,,,,,,,,,cvc,,VILLENEUVE-LE-ROI,,94,,,,,,,,,,,,,,,,,,,,,,,,,,,,,,,820264356,82026435600024,43.22A,,,,,,,,,,,sirene,
SPRINKLER CONCEPT MEDIS,,,a contacter,,,,,,,,,,,,cvc,,SARREBOURG,,57,,,,,,,,,,,,,,,,,,,,,,,,,,,,,,,498538289,49853828900048,43.22A,,,,,,,,,,,sirene,
SQUIBAN,,,a contacter,,,,,,,,,,,,cvc,,PLOUGASTEL-DAOULAS,,29,,,,,,,,,,,,,,,,,,,,,,,,,,,,,,,434861316,43486131600017,43.22B,,,,,,,,,,,sirene,
SRC & CIE,,,a contacter,,,,,,,,,,,,cvc,,CREUTZWALD,,57,,,,,,,,,,,,,,,,,,,,,,,,,,,,,,,802343830,80234383000013,43.22B,,,,,,,,,,,sirene,
SRG EVOLUTION,,,a contacter,,,,,,,,,,,,cvc,,BOIS-COLOMBES,,92,,,,,,,,,,,,,,,,,,,,,,,,,,,,,,,789366275,78936627500046,43.22A,,,,,,,,,,,sirene,
ST CHAUFFAGE,,,a contacter,,,,,,,,,,,,cvc,,ENNERY,,57,,,,,,,,,,,,,,,,,,,,,,,,,,,,,,,901410209,90141020900026,43.22B,,,,,,,,,,,sirene,
STA RESEAUX,,,a contacter,,,,,,,,,,,,cvc,,SANTENY,,94,,,,,,,,,,,,,,,,,,,,,,,,,,,,,,,880923552,88092355200041,43.22A,,,,,,,,,,,sirene,
STAL-NET FRANCE,,,a contacter,,,,,,,,,,,,cvc,,POMPERTUZAT,,31,,,,,,,,,,,,,,,,,,,,,,,,,,,,,,,849073820,84907382000011,43.22A,,,,,,,,,,,sirene,
STALLINI,,,a contacter,,,,,,,,,,,,cvc,,MULHOUSE,,68,,,,,,,,,,,,,,,,,,,,,,,,,,,,,,,947350195,94735019500030,43.22A,,,,,,,,,,,sirene,
STAM ACOUSTIQUE,,,a contacter,,,,,,,,,,,,cvc,,SCHILTIGHEIM,,67,,,,,,,,,,,,,,,,,,,,,,,,,,,,,,,390867950,39086795000037,43.29A,,,,,,,,,,,sirene,
STE D'EXPLOITATION THERMIQUE,,,a contacter,,,,,,,,,,,,cvc,,LE PLESSIS-BOUCHARD,,95,,,,,,,,,,,,,,,,,,,,,,,,,,,,,,,391065919,39106591900030,43.22B,,,,,,,,,,,sirene,
STE DALAIGRE ENTREPRISE,,,a contacter,,,,,,,,,,,,cvc,,CHAMPIGNY-SUR-MARNE,,94,,,,,,,,,,,,,,,,,,,,,,,,,,,,,,,305321911,30532191100045,43.22A,,,,,,,,,,,sirene,
STE DE VENTE ET DE REPARATION DE MATERIEL HOTELIER,,,a contacter,,,,,,,,,,,,cvc,,FREJUS,,83,,,,,,,,,,,,,,,,,,,,,,,,,,,,,,,340611656,34061165600067,43.22B,,,,,,,,,,,sirene,
STE DES ETS SERRANO,,,a contacter,,,,,,,,,,,,cvc,,VILLENEUVE-LES-MAGUELONE,,34,,,,,,,,,,,,,,,,,,,,,,,,,,,,,,,353186570,35318657000027,43.22A,,,,,,,,,,,sirene,
STE ENT COUVERT PLOMBERIE INSTAL THERMIQ,,,a contacter,,,,,,,,,,,,cvc,,GENNEVILLIERS,,92,,,,,,,,,,,,,,,,,,,,,,,,,,,,,,,622004513,62200451300033,43.22B,,,,,,,,,,,sirene,
STE EUROPEENNE SERVICES,,,a contacter,,,,,,,,,,,,cvc,,GRIGNY,,91,,,,,,,,,,,,,,,,,,,,,,,,,,,,,,,384737870,38473787000087,43.29A,,,,,,,,,,,sirene,
STE EXPL DES ETS L WACQUANT,,,a contacter,,,,,,,,,,,,cvc,,MEUDON,,92,,,,,,,,,,,,,,,,,,,,,,,,,,,,,,,311625537,31162553700015,43.22A,,,,,,,,,,,sirene,
STE GENIE CLIMATIQUE SERVICE,,,a contacter,,,,,,,,,,,,cvc,,ANTIBES,,06,,,,,,,,,,,,,,,,,,,,,,,,,,,,,,,353112717,35311271700023,43.22B,,,,,,,,,,,sirene,
STE MEUNIER G.-C.,,,a contacter,,,,,,,,,,,,cvc,,SAINTE-VERGE,,79,,,,,,,,,,,,,,,,,,,,,,,,,,,,,,,324046515,32404651500049,43.22B,,,,,,,,,,,sirene,
STE SERRE DANIEL,,,a contacter,,,,,,,,,,,,cvc,,RUOMS,,07,,,,,,,,,,,,,,,,,,,,,,,,,,,,,,,453032542,45303254200020,43.22A,,,,,,,,,,,sirene,
STEAM'O,,,a contacter,,,,,,,,,,,,cvc,,LEVALLOIS-PERRET,,92,,,,,,,,,,,,,,,,,,,,,,,,,,,,,,,503258766,50325876600115,43.22B,,,,,,,,,,,sirene,
STEINER - WEY,,,a contacter,,,,,,,,,,,,cvc,,BITCHE,,57,,,,,,,,,,,,,,,,,,,,,,,,,,,,,,,351873351,35187335100024,43.22B,,,,,,,,,,,sirene,
STEINLE SANITAIRE ET CHAUFFAGE,,,a contacter,,,,,,,,,,,,cvc,,MITTELWIHR,,68,,,,,,,,,,,,,,,,,,,,,,,,,,,,,,,349179598,34917959800017,43.22A,,,,,,,,,,,sirene,
STEM DUBOIS ASSOCIES,,,a contacter,,,,,,,,,,,,cvc,,GAGNY,,93,,,,,,,,,,,,,,,,,,,,,,,,,,,,,,,501195291,50119529100023,43.22B,,,,,,,,,,,sirene,
STEPHANE COESNON,,,a contacter,,,,,,,,,,,,cvc,,CONCHES-EN-OUCHE,,27,,,,,,,,,,,,,,,,,,,,,,,,,,,,,,,523349330,52334933000028,43.22A,,,,,,,,,,,sirene,
STEPHANE VETILLARD,,,a contacter,,,,,,,,,,,,cvc,,EVRON,,53,,,,,,,,,,,,,,,,,,,,,,,,,,,,,,,411468382,41146838200048,43.22A,,,,,,,,,,,sirene,
STEPHENS CAVINATO,,,a contacter,,,,,,,,,,,,cvc,,GAP,,05,,,,,,,,,,,,,,,,,,,,,,,,,,,,,,,890986029,89098602900035,43.22A,,,,,,,,,,,sirene,
STEVENIN-NIOBEY,,,a contacter,,,,,,,,,,,,cvc,,SAINT-LO,,50,,,,,,,,,,,,,,,,,,,,,,,,,,,,,,,821070786,82107078600016,43.22A,,,,,,,,,,,sirene,
STIHLE FRERES,,,a contacter,,,,,,,,,,,,cvc,,WIHR-AU-VAL,,68,,,,,,,,,,,,,,,,,,,,,,,,,,,,,,,438416067,43841606700017,43.22B,,,,,,,,,,,sirene,
STIHLE FRERES 67,,,a contacter,,,,,,,,,,,,cvc,,ILLKIRCH-GRAFFENSTADEN,,67,,,,,,,,,,,,,,,,,,,,,,,,,,,,,,,325049682,32504968200041,43.22B,,,,,,,,,,,sirene,
STIHLE S.A.V.,,,a contacter,,,,,,,,,,,,cvc,,WINTZENHEIM,,68,,,,,,,,,,,,,,,,,,,,,,,,,,,,,,,388879678,38887967800018,43.22B,,,,,,,,,,,sirene,
STIHLE SUD ALSACE,,,a contacter,,,,,,,,,,,,cvc,,HESINGUE,,68,,,,,,,,,,,,,,,,,,,,,,,,,,,,,,,817611726,81761172600016,43.22B,,,,,,,,,,,sirene,
STINC SOCIETE DE TUYAUTERIE INDUSTRIELLE NORMANDE CLIM,,,a contacter,,,,,,,,,,,,cvc,,EVREUX,,27,,,,,,,,,,,,,,,,,,,,,,,,,,,,,,,351224464,35122446400039,43.22B,,,,,,,,,,,sirene,
STIS,,,a contacter,,,,,,,,,,,,cvc,,CHATEAUNEUF-LES-MARTIGUES,,13,,,,,,,,,,,,,,,,,,,,,,,,,,,,,,,319202875,31920287500021,43.22A,,,,,,,,,,,sirene,
STM,,,a contacter,,,,,,,,,,,,cvc,,LE FOLGOET,,29,,,,,,,,,,,,,,,,,,,,,,,,,,,,,,,795398106,79539810600018,43.22A,,,,,,,,,,,sirene,
STME,,,a contacter,,,,,,,,,,,,cvc,,GRASSE,,06,,,,,,,,,,,,,,,,,,,,,,,,,,,,,,,439400920,43940092000039,43.22B,,,,,,,,,,,sirene,
STP MONTAGE,,,a contacter,,,,,,,,,,,,cvc,,PARIS,,75,,,,,,,,,,,,,,,,,,,,,,,,,,,,,,,888747649,88874764900018,43.22A,,,,,,,,,,,sirene,
STT ISOL,,,a contacter,,,,,,,,,,,,cvc,,EMERAINVILLE,,77,,,,,,,,,,,,,,,,,,,,,,,,,,,,,,,523244739,52324473900034,43.29A,,,,,,,,,,,sirene,
STV MECANIQUE,,,a contacter,,,,,,,,,,,,cvc,,BLAMONT,,54,,,,,,,,,,,,,,,,,,,,,,,,,,,,,,,790816938,79081693800027,43.22B,,,,,,,,,,,sirene,
SUBRA CALMONT SANITAIRE THERMIQUE,,,a contacter,,,,,,,,,,,,cvc,,CALMONT,,31,,,,,,,,,,,,,,,,,,,,,,,,,,,,,,,530560432,53056043200011,43.22A,,,,,,,,,,,sirene,
SUD AVEYRON CHAUFFAGE MICHEL VERDIER,,,a contacter,,,,,,,,,,,,cvc,,MILLAU,,12,,,,,,,,,,,,,,,,,,,,,,,,,,,,,,,433992419,43399241900039,43.22B,,,,,,,,,,,sirene,
SUD CLIMAT,,,a contacter,,,,,,,,,,,,cvc,,VALLAURIS,,06,,,,,,,,,,,,,,,,,,,,,,,,,,,,,,,500196910,50019691000029,43.22B,,,,,,,,,,,sirene,
SUD CONFORT - ROMULUS,,,a contacter,,,,,,,,,,,,cvc,,RODEZ,,12,,,,,,,,,,,,,,,,,,,,,,,,,,,,,,,384171930,38417193000066,43.22A,,,,,,,,,,,sirene,
SUD LOIRE ISOL' FACADE,,,a contacter,,,,,,,,,,,,cvc,,LA CHAPELLE-HEULIN,,44,,,,,,,,,,,,,,,,,,,,,,,,,,,,,,,751152505,75115250500028,43.29A,,,,,,,,,,,sirene,
SUD OUEST CLIMATISATION CHAUFFAGE SANITAIRE (S.O.C.C.S.),,,a contacter,,,,,,,,,,,,cvc,,TOULOUSE,,31,,,,,,,,,,,,,,,,,,,,,,,,,,,,,,,327842720,32784272000036,43.22A,,,,,,,,,,,sirene,
SUD OUEST ENERGIES,,,a contacter,,,,,,,,,,,,cvc,,MERIGNAC,,33,,,,,,,,,,,,,,,,,,,,,,,,,,,,,,,349363721,34936372100037,43.22A,,,,,,,,,,,sirene,
SUD OUEST HABITAT,,,a contacter,,,,,,,,,,,,cvc,,MIELAN,,32,,,,,,,,,,,,,,,,,,,,,,,,,,,,,,,310999016,31099901600028,43.29A,,,,,,,,,,,sirene,
SUD SOLAR,,,a contacter,,,,,,,,,,,,cvc,,BOURGOIN-JALLIEU,,38,,,,,,,,,,,,,,,,,,,,,,,,,,,,,,,917849044,91784904400016,43.22B,,,,,,,,,,,sirene,
SUD TECHNOLOGIE,,,a contacter,,,,,,,,,,,,cvc,,CASTRES,,81,,,,,,,,,,,,,,,,,,,,,,,,,,,,,,,799517040,79951704000017,43.22B,,,,,,,,,,,sirene,
SUKA CLIM,,,a contacter,,,,,,,,,,,,cvc,,EMERAINVILLE,,77,,,,,,,,,,,,,,,,,,,,,,,,,,,,,,,480116078,48011607800035,43.22B,,,,,,,,,,,sirene,
SUN FACADES,,,a contacter,,,,,,,,,,,,cvc,,BOURG-LES-VALENCE,,26,,,,,,,,,,,,,,,,,,,,,,,,,,,,,,,500696315,50069631500059,43.29A,,,,,,,,,,,sirene,
SUN GREEN ENERGIES,,,a contacter,,,,,,,,,,,,cvc,,MERIGNAC,,33,,,,,,,,,,,,,,,,,,,,,,,,,,,,,,,488296195,48829619500032,43.22B,,,,,,,,,,,sirene,
SUNACTIV,,,a contacter,,,,,,,,,,,,cvc,,SAINT-JEAN-DE-VEDAS,,34,,,,,,,,,,,,,,,,,,,,,,,,,,,,,,,788938595,78893859500022,43.22B,,,,,,,,,,,sirene,
SUNICE ENERGIE,,,a contacter,,,,,,,,,,,,cvc,,SUCY-EN-BRIE,,94,,,,,,,,,,,,,,,,,,,,,,,,,,,,,,,830735031,83073503100023,43.22B,,,,,,,,,,,sirene,
SUPER PLOMBERIE,,,a contacter,,,,,,,,,,,,cvc,,SAINT GENEST LERPT,,42,,,,,,,,,,,,,,,,,,,,,,,,,,,,,,,754094464,75409446400023,43.22A,,,,,,,,,,,sirene,
SYGMACONTROL,,,a contacter,,,,,,,,,,,,cvc,,MONS-EN-BARŒUL,,59,,,,,,,,,,,,,,,,,,,,,,,,,,,,,,,452678121,45267812100032,43.22B,,,,,,,,,,,sirene,
SYMIUM,,,a contacter,,,,,,,,,,,,cvc,,VINCENNES,,94,,,,,,,,,,,,,,,,,,,,,,,,,,,,,,,833292923,83329292300012,43.29A,,,,,,,,,,,sirene,
SYNERGIE,,,a contacter,,,,,,,,,,,,cvc,,BOBIGNY,,93,,,,,,,,,,,,,,,,,,,,,,,,,,,,,,,832928543,83292854300012,43.22A,,,,,,,,,,,sirene,
SYNERGY,,,a contacter,,,,,,,,,,,,cvc,,DARDILLY,,69,,,,,,,,,,,,,,,,,,,,,,,,,,,,,,,530399567,53039956700037,43.22A,,,,,,,,,,,sirene,
SYRIUS GUADELOUPE,,,a contacter,,,,,,,,,,,,cvc,,BAIE MAHAULT,,971,,,,,,,,,,,,,,,,,,,,,,,,,,,,,,,853651990,85365199000022,43.22B,,,,,,,,,,,sirene,
SYS & COM,,,a contacter,,,,,,,,,,,,cvc,,MONTREUIL,,93,,,,,,,,,,,,,,,,,,,,,,,,,,,,,,,444501589,44450158900014,43.22B,,,,,,,,,,,sirene,
SYSTEM FROID,,,a contacter,,,,,,,,,,,,cvc,,MAFFLIERS,,95,,,,,,,,,,,,,,,,,,,,,,,,,,,,,,,378869325,37886932500050,43.22B,,,,,,,,,,,sirene,
SYSTEMES SOLAIRES,,,a contacter,,,,,,,,,,,,cvc,,COURNON-D'AUVERGNE,,63,,,,,,,,,,,,,,,,,,,,,,,,,,,,,,,501542021,50154202100057,43.22B,,,,,,,,,,,sirene,
SYSTHERMIC,,,a contacter,,,,,,,,,,,,cvc,,L'UNION,,31,,,,,,,,,,,,,,,,,,,,,,,,,,,,,,,818939795,81893979500022,43.22B,,,,,,,,,,,sirene,
SYSTHERMIC 81,,,a contacter,,,,,,,,,,,,cvc,,TERSSAC,,81,,,,,,,,,,,,,,,,,,,,,,,,,,,,,,,880150776,88015077600016,43.22B,,,,,,,,,,,sirene,
SZYNKIEWICZ SERVICES,,,a contacter,,,,,,,,,,,,cvc,,FAIN-LES-MONTBARD,,21,,,,,,,,,,,,,,,,,,,,,,,,,,,,,,,533284105,53328410500012,43.22B,,,,,,,,,,,sirene,
T C M,,,a contacter,,,,,,,,,,,,cvc,,VILLENEUVE-SAINT-GEORGES,,94,,,,,,,,,,,,,,,,,,,,,,,,,,,,,,,499023307,49902330700022,43.22A,,,,,,,,,,,sirene,
T.E.,,,a contacter,,,,,,,,,,,,cvc,,SAINT-LEU-LA-FORET,,95,,,,,,,,,,,,,,,,,,,,,,,,,,,,,,,523312940,52331294000035,43.22B,,,,,,,,,,,sirene,
T.R. BAT GROUPE,,,a contacter,,,,,,,,,,,,cvc,,MENNECY,,91,,,,,,,,,,,,,,,,,,,,,,,,,,,,,,,494022049,49402204900030,43.22A,,,,,,,,,,,sirene,
T.S.I.T.,,,a contacter,,,,,,,,,,,,cvc,,MARSEILLE,,13,,,,,,,,,,,,,,,,,,,,,,,,,,,,,,,887986081,88798608100024,43.22A,,,,,,,,,,,sirene,
T.T.H JACQUEMARD,,,a contacter,,,,,,,,,,,,cvc,,VIVIER-AU-COURT,,08,,,,,,,,,,,,,,,,,,,,,,,,,,,,,,,533490264,53349026400033,43.29A,,,,,,,,,,,sirene,
TABARIN ET ENTZMANN,,,a contacter,,,,,,,,,,,,cvc,,MONTEBOURG,,50,,,,,,,,,,,,,,,,,,,,,,,,,,,,,,,642650154,64265015400023,43.22A,,,,,,,,,,,sirene,
TALO ENERGY,,,a contacter,,,,,,,,,,,,cvc,,CARRIERES-SOUS-POISSY,,78,,,,,,,,,,,,,,,,,,,,,,,,,,,,,,,829863760,82986376000015,43.29A,,,,,,,,,,,sirene,
TARANIS SOLUTIONS,,,a contacter,,,,,,,,,,,,cvc,,PIERRELATTE,,26,,,,,,,,,,,,,,,,,,,,,,,,,,,,,,,483012456,48301245600032,43.22B,,,,,,,,,,,sirene,
TARRIT,,,a contacter,,,,,,,,,,,,cvc,,USTARITZ,,64,,,,,,,,,,,,,,,,,,,,,,,,,,,,,,,517692026,51769202600043,43.22B,,,,,,,,,,,sirene,
TASKI BAT,,,a contacter,,,,,,,,,,,,cvc,,LA ROCHETTE,,77,,,,,,,,,,,,,,,,,,,,,,,,,,,,,,,843564477,84356447700027,43.29A,,,,,,,,,,,sirene,
TAYEB PLOMBERIE CHAUFFAGE,,,a contacter,,,,,,,,,,,,cvc,,PARIS,,75,,,,,,,,,,,,,,,,,,,,,,,,,,,,,,,853704427,85370442700022,43.22A,,,,,,,,,,,sirene,
TB,,,a contacter,,,,,,,,,,,,cvc,,LES ARCS,,83,,,,,,,,,,,,,,,,,,,,,,,,,,,,,,,451156095,45115609500023,43.22B,,,,,,,,,,,sirene,
TBA,,,a contacter,,,,,,,,,,,,cvc,,NEUILLY-PLAISANCE,,93,,,,,,,,,,,,,,,,,,,,,,,,,,,,,,,794509430,79450943000029,43.29A,,,,,,,,,,,sirene,
TCE ENERGY,,,a contacter,,,,,,,,,,,,cvc,,MONTPELLIER,,34,,,,,,,,,,,,,,,,,,,,,,,,,,,,,,,798973053,79897305300027,43.22A,,,,,,,,,,,sirene,
TCP TRAVAUX CHAUFFAGE PLOMBERIE,,,a contacter,,,,,,,,,,,,cvc,,LE PERREUX-SUR-MARNE,,94,,,,,,,,,,,,,,,,,,,,,,,,,,,,,,,425067279,42506727900025,43.22A,,,,,,,,,,,sirene,
TCS,,,a contacter,,,,,,,,,,,,cvc,,CHOLET,,49,,,,,,,,,,,,,,,,,,,,,,,,,,,,,,,339834863,33983486300039,43.22B,,,,,,,,,,,sirene,
TDM,,,a contacter,,,,,,,,,,,,cvc,,SAINT-NAZAIRE,,44,,,,,,,,,,,,,,,,,,,,,,,,,,,,,,,887943199,88794319900026,43.22B,,,,,,,,,,,sirene,
TEAM FLUIDE,,,a contacter,,,,,,,,,,,,cvc,,PONT-EVEQUE,,38,,,,,,,,,,,,,,,,,,,,,,,,,,,,,,,792009078,79200907800025,43.22A,,,,,,,,,,,sirene,
TECAIR,,,a contacter,,,,,,,,,,,,cvc,,DECINES-CHARPIEU,,69,,,,,,,,,,,,,,,,,,,,,,,,,,,,,,,378150049,37815004900039,43.22B,,,,,,,,,,,sirene,
TECH EAUX ENERGIES,,,a contacter,,,,,,,,,,,,cvc,,WITTELSHEIM,,68,,,,,,,,,,,,,,,,,,,,,,,,,,,,,,,513881631,51388163100024,43.22A,,,,,,,,,,,sirene,
TECHEM SAS,,,a contacter,,,,,,,,,,,,cvc,,CHATENAY-MALABRY,,92,,,,,,,,,,,,,,,,,,,,,,,,,,,,,,,439290685,43929068500130,43.22A,,,,,,,,,,,sirene,
TECHGAINE,,,a contacter,,,,,,,,,,,,cvc,,PARIS,,75,,,,,,,,,,,,,,,,,,,,,,,,,,,,,,,792718538,79271853800020,43.22B,,,,,,,,,,,sirene,
TECHNI +,,,a contacter,,,,,,,,,,,,cvc,,ACHERES,,78,,,,,,,,,,,,,,,,,,,,,,,,,,,,,,,449045186,44904518600037,43.22B,,,,,,,,,,,sirene,
TECHNI CHAUF 37,,,a contacter,,,,,,,,,,,,cvc,,CERELLES,,37,,,,,,,,,,,,,,,,,,,,,,,,,,,,,,,421634379,42163437900034,43.22A,,,,,,,,,,,sirene,
TECHNI CHAUFF SERVICES,,,a contacter,,,,,,,,,,,,cvc,,BOURGUIGNON,,25,,,,,,,,,,,,,,,,,,,,,,,,,,,,,,,842230922,84223092200028,43.22B,,,,,,,,,,,sirene,
TECHNI CHAUFFAGE,,,a contacter,,,,,,,,,,,,cvc,,GUIPAVAS,,29,,,,,,,,,,,,,,,,,,,,,,,,,,,,,,,320710411,32071041100036,43.22B,,,,,,,,,,,sirene,
TECHNI CHAUFFE,,,a contacter,,,,,,,,,,,,cvc,,BENFELD,,67,,,,,,,,,,,,,,,,,,,,,,,,,,,,,,,342924982,34292498200040,43.22B,,,,,,,,,,,sirene,
TECHNI THERMIE,,,a contacter,,,,,,,,,,,,cvc,,BERNES-SUR-OISE,,95,,,,,,,,,,,,,,,,,,,,,,,,,,,,,,,304096373,30409637300028,43.22B,,,,,,,,,,,sirene,
TECHNI-CHAUFF,,,a contacter,,,,,,,,,,,,cvc,,ANNEZIN,,62,,,,,,,,,,,,,,,,,,,,,,,,,,,,,,,453244881,45324488100026,43.22B,,,,,,,,,,,sirene,
TECHNI-CLIM,,,a contacter,,,,,,,,,,,,cvc,,CORREZE,,19,,,,,,,,,,,,,,,,,,,,,,,,,,,,,,,492691571,49269157100037,43.22B,,,,,,,,,,,sirene,
TECHNI-SUD SERVICES,,,a contacter,,,,,,,,,,,,cvc,,ARLES,,13,,,,,,,,,,,,,,,,,,,,,,,,,,,,,,,452061872,45206187200019,43.22A,,,,,,,,,,,sirene,
TECHNIC FACADES,,,a contacter,,,,,,,,,,,,cvc,,REVEL,,31,,,,,,,,,,,,,,,,,,,,,,,,,,,,,,,829880939,82988093900048,43.29A,,,,,,,,,,,sirene,
TECHNIC PRO,,,a contacter,,,,,,,,,,,,cvc,,CLICHY,,92,,,,,,,,,,,,,,,,,,,,,,,,,,,,,,,531765113,53176511300034,43.22A,,,,,,,,,,,sirene,
TECHNICHAUF,,,a contacter,,,,,,,,,,,,cvc,,ORVAULT,,44,,,,,,,,,,,,,,,,,,,,,,,,,,,,,,,440135101,44013510100028,43.22B,,,,,,,,,,,sirene,
TECHNICHAUFF,,,a contacter,,,,,,,,,,,,cvc,,SAINT-GERVAIS-LA-FORET,,41,,,,,,,,,,,,,,,,,,,,,,,,,,,,,,,520166489,52016648900028,43.22B,,,,,,,,,,,sirene,
TECHNICOL SAINTONGE,,,a contacter,,,,,,,,,,,,cvc,,SAINTES,,17,,,,,,,,,,,,,,,,,,,,,,,,,,,,,,,803486729,80348672900012,43.22B,,,,,,,,,,,sirene,
TECHNICONFORT,,,a contacter,,,,,,,,,,,,cvc,,AURIAC,,64,,,,,,,,,,,,,,,,,,,,,,,,,,,,,,,482328242,48232824200029,43.22B,,,,,,,,,,,sirene,
TECHNICONTROL,,,a contacter,,,,,,,,,,,,cvc,,CRETEIL,,94,,,,,,,,,,,,,,,,,,,,,,,,,,,,,,,732060058,73206005800078,43.22B,,,,,,,,,,,sirene,
TECHNIGAZ,,,a contacter,,,,,,,,,,,,cvc,,ANDERNOS-LES-BAINS,,33,,,,,,,,,,,,,,,,,,,,,,,,,,,,,,,388162398,38816239800043,43.22B,,,,,,,,,,,sirene,
TECHNIGAZ VALENGREEN,,,a contacter,,,,,,,,,,,,cvc,,MARLY,,59,,,,,,,,,,,,,,,,,,,,,,,,,,,,,,,404927675,40492767500045,43.22B,,,,,,,,,,,sirene,
TECHNIQUE CLIM/VENTILATION,,,a contacter,,,,,,,,,,,,cvc,,FRENEUSE,,78,,,,,,,,,,,,,,,,,,,,,,,,,,,,,,,820284107,82028410700027,43.22B,,,,,,,,,,,sirene,
TECHNIQUES DE CHAUFFAGE,,,a contacter,,,,,,,,,,,,cvc,,CREHANGE,,57,,,,,,,,,,,,,,,,,,,,,,,,,,,,,,,330394040,33039404000019,43.22B,,,,,,,,,,,sirene,
TECHNIS,,,a contacter,,,,,,,,,,,,cvc,,MOURENX,,64,,,,,,,,,,,,,,,,,,,,,,,,,,,,,,,411581549,41158154900010,43.29A,,,,,,,,,,,sirene,
TECHNITHERM,,,a contacter,,,,,,,,,,,,cvc,,POLIGNAC,,43,,,,,,,,,,,,,,,,,,,,,,,,,,,,,,,439696089,43969608900036,43.22B,,,,,,,,,,,sirene,
TECHNO GAZ MAINTENANCE,,,a contacter,,,,,,,,,,,,cvc,,ECOUFLANT,,49,,,,,,,,,,,,,,,,,,,,,,,,,,,,,,,382733350,38273335000039,43.22B,,,,,,,,,,,sirene,
TECHNOLOGIES HOSPITALIERES CENTRE EST,,,a contacter,,,,,,,,,,,,cvc,,VENISSIEUX,,69,,,,,,,,,,,,,,,,,,,,,,,,,,,,,,,394250914,39425091400055,43.22A,,,,,,,,,,,sirene,
TECHNOLOGIES HOSPITALIERES GRAND OUEST,,,a contacter,,,,,,,,,,,,cvc,,NANTES,,44,,,,,,,,,,,,,,,,,,,,,,,,,,,,,,,393832449,39383244900051,43.22A,,,,,,,,,,,sirene,
TECHNOLOGIES HOSPITALIERES NORD EST,,,a contacter,,,,,,,,,,,,cvc,,ATTON,,54,,,,,,,,,,,,,,,,,,,,,,,,,,,,,,,384262549,38426254900056,43.22A,,,,,,,,,,,sirene,
TECHNOLOGIES HOSPITALIERES VAL DE SEINE,,,a contacter,,,,,,,,,,,,cvc,,RUNGIS,,94,,,,,,,,,,,,,,,,,,,,,,,,,,,,,,,401900527,40190052700045,43.22A,,,,,,,,,,,sirene,
TECHSUN,,,a contacter,,,,,,,,,,,,cvc,,MERIGNAC,,33,,,,,,,,,,,,,,,,,,,,,,,,,,,,,,,881546048,88154604800029,43.22B,,,,,,,,,,,sirene,
TECNISENS,,,a contacter,,,,,,,,,,,,cvc,,RUEIL MALMAISON,,92,,,,,,,,,,,,,,,,,,,,,,,,,,,,,,,530667294,53066729400033,43.22A,,,,,,,,,,,sirene,
TEKOA,,,a contacter,,,,,,,,,,,,cvc,,SAINT-PIERRE,,974,,,,,,,,,,,,,,,,,,,,,,,,,,,,,,,904243235,90424323500028,43.22B,,,,,,,,,,,sirene,
TELCO,,,a contacter,,,,,,,,,,,,cvc,,LES LILAS,,93,,,,,,,,,,,,,,,,,,,,,,,,,,,,,,,880064373,88006437300066,43.29A,,,,,,,,,,,sirene,
TEMPEOL,,,a contacter,,,,,,,,,,,,cvc,,GENNEVILLIERS,,92,,,,,,,,,,,,,,,,,,,,,,,,,,,,,,,452405509,45240550900046,43.22B,,,,,,,,,,,sirene,
TEMPERE ENTREPRISE,,,a contacter,,,,,,,,,,,,cvc,,PRESLES,,95,,,,,,,,,,,,,,,,,,,,,,,,,,,,,,,448081422,44808142200017,43.22B,,,,,,,,,,,sirene,
TEMPERIA ENERGIES,,,a contacter,,,,,,,,,,,,cvc,,SAINT-ETIENNE-DU-ROUVRAY,,76,,,,,,,,,,,,,,,,,,,,,,,,,,,,,,,343492187,34349218700087,43.22B,,,,,,,,,,,sirene,
TEMPERIA MEDITERRANEE,,,a contacter,,,,,,,,,,,,cvc,,MAUGUIO,,34,,,,,,,,,,,,,,,,,,,,,,,,,,,,,,,316592278,31659227800014,43.22B,,,,,,,,,,,sirene,
TEMPO FACADES,,,a contacter,,,,,,,,,,,,cvc,,JURY,,57,,,,,,,,,,,,,,,,,,,,,,,,,,,,,,,799752555,79975255500026,43.29A,,,,,,,,,,,sirene,
TERENOVE,,,a contacter,,,,,,,,,,,,cvc,,SAINT-THIBAULT-DES-VIGNES,,77,,,,,,,,,,,,,,,,,,,,,,,,,,,,,,,841614738,84161473800026,43.22A,,,,,,,,,,,sirene,
TERIDEAL SEGEX ENERGIES,,,a contacter,,,,,,,,,,,,cvc,,WISSOUS,,91,,,,,,,,,,,,,,,,,,,,,,,,,,,,,,,788056463,78805646300219,43.22A,,,,,,,,,,,sirene,
TERRA NOVA,,,a contacter,,,,,,,,,,,,cvc,,PARIS,,75,,,,,,,,,,,,,,,,,,,,,,,,,,,,,,,898524244,89852424400032,43.29A,,,,,,,,,,,sirene,
TERRASSE INDUSTRIES,,,a contacter,,,,,,,,,,,,cvc,,SAINT-MAUR-DES-FOSSES,,94,,,,,,,,,,,,,,,,,,,,,,,,,,,,,,,377741715,37774171500058,43.22A,,,,,,,,,,,sirene,
TERSUN,,,a contacter,,,,,,,,,,,,cvc,,CASTELCULIER,,47,,,,,,,,,,,,,,,,,,,,,,,,,,,,,,,808128870,80812887000033,43.22B,,,,,,,,,,,sirene,
TERTI'O,,,a contacter,,,,,,,,,,,,cvc,,LEVALLOIS-PERRET,,92,,,,,,,,,,,,,,,,,,,,,,,,,,,,,,,803579028,80357902800041,43.22B,,,,,,,,,,,sirene,
TESNIERE,,,a contacter,,,,,,,,,,,,cvc,,LAVAL,,53,,,,,,,,,,,,,,,,,,,,,,,,,,,,,,,423933936,42393393600043,43.22A,,,,,,,,,,,sirene,
TEXIER SAS,,,a contacter,,,,,,,,,,,,cvc,,LE SOURN,,56,,,,,,,,,,,,,,,,,,,,,,,,,,,,,,,497180174,49718017400037,43.22B,,,,,,,,,,,sirene,
TH CLIM,,,a contacter,,,,,,,,,,,,cvc,,PARIS,,75,,,,,,,,,,,,,,,,,,,,,,,,,,,,,,,813063849,81306384900026,43.22B,,,,,,,,,,,sirene,
THABUIS,,,a contacter,,,,,,,,,,,,cvc,,LA ROCHE-SUR-FORON,,74,,,,,,,,,,,,,,,,,,,,,,,,,,,,,,,421886672,42188667200029,43.22B,,,,,,,,,,,sirene,
THARREAU,,,a contacter,,,,,,,,,,,,cvc,,MONTREVAULT-SUR-EVRE,,49,,,,,,,,,,,,,,,,,,,,,,,,,,,,,,,417581634,41758163400025,43.22A,,,,,,,,,,,sirene,
THARREAU ENERGIES ET SERVICES,,,a contacter,,,,,,,,,,,,cvc,,MAUGES-SUR-LOIRE,,49,,,,,,,,,,,,,,,,,,,,,,,,,,,,,,,514266253,51426625300012,43.22A,,,,,,,,,,,sirene,
THEG,,,a contacter,,,,,,,,,,,,cvc,,ABBEVILLE,,80,,,,,,,,,,,,,,,,,,,,,,,,,,,,,,,501210124,50121012400027,43.22B,,,,,,,,,,,sirene,
THEODORE REFRIGERATION,,,a contacter,,,,,,,,,,,,cvc,,EMERAINVILLE,,77,,,,,,,,,,,,,,,,,,,,,,,,,,,,,,,503427254,50342725400027,43.22B,,,,,,,,,,,sirene,
THERM AZUR,,,a contacter,,,,,,,,,,,,cvc,,NOISY-LE-SEC,,93,,,,,,,,,,,,,,,,,,,,,,,,,,,,,,,789552189,78955218900035,43.22A,,,,,,,,,,,sirene,
THERM SERVICE,,,a contacter,,,,,,,,,,,,cvc,,VENISSIEUX,,69,,,,,,,,,,,,,,,,,,,,,,,,,,,,,,,443847363,44384736300027,43.22B,,,,,,,,,,,sirene,
THERMA - G.E.D,,,a contacter,,,,,,,,,,,,cvc,,GAP,,05,,,,,,,,,,,,,,,,,,,,,,,,,,,,,,,352505168,35250516800026,43.22B,,,,,,,,,,,sirene,
THERMACLIM,,,a contacter,,,,,,,,,,,,cvc,,LONGUYON,,54,,,,,,,,,,,,,,,,,,,,,,,,,,,,,,,485236293,48523629300034,43.22B,,,,,,,,,,,sirene,
THERMAT,,,a contacter,,,,,,,,,,,,cvc,,ANNECY,,74,,,,,,,,,,,,,,,,,,,,,,,,,,,,,,,420622276,42062227600087,43.22B,,,,,,,,,,,sirene,
THERMATIC,,,a contacter,,,,,,,,,,,,cvc,,OLEMPS,,12,,,,,,,,,,,,,,,,,,,,,,,,,,,,,,,426980033,42698003300085,43.22B,,,,,,,,,,,sirene,
THERMECLIM,,,a contacter,,,,,,,,,,,,cvc,,LIEVIN,,62,,,,,,,,,,,,,,,,,,,,,,,,,,,,,,,342267242,34226724200036,43.22B,,,,,,,,,,,sirene,
THERMEIS DUMONT,,,a contacter,,,,,,,,,,,,cvc,,PARIS 11,,75,,,,,,,,,,,,,,,,,,,,,,,,,,,,,,,327902250,32790225000031,43.22B,,,,,,,,,,,sirene,
THERMELEC,,,a contacter,,,,,,,,,,,,cvc,,LILLE,,59,,,,,,,,,,,,,,,,,,,,,,,,,,,,,,,838588390,83858839000024,43.22B,,,,,,,,,,,sirene,
THERMEX ENERGIES,,,a contacter,,,,,,,,,,,,cvc,,SARREGUEMINES,,57,,,,,,,,,,,,,,,,,,,,,,,,,,,,,,,827545815,82754581500033,43.22B,,,,,,,,,,,sirene,
THERMI SERVICES,,,a contacter,,,,,,,,,,,,cvc,,GROSTENQUIN,,57,,,,,,,,,,,,,,,,,,,,,,,,,,,,,,,509277620,50927762000035,43.22B,,,,,,,,,,,sirene,
THERMI SUD,,,a contacter,,,,,,,,,,,,cvc,,MIRAMAS,,13,,,,,,,,,,,,,,,,,,,,,,,,,,,,,,,410530588,41053058800038,43.22B,,,,,,,,,,,sirene,
THERMI-TEC,,,a contacter,,,,,,,,,,,,cvc,,SAINT-JEAN-BONNEFONDS,,42,,,,,,,,,,,,,,,,,,,,,,,,,,,,,,,420167520,42016752000048,43.22B,,,,,,,,,,,sirene,
THERMI-TECH,,,a contacter,,,,,,,,,,,,cvc,,LE ROVE,,13,,,,,,,,,,,,,,,,,,,,,,,,,,,,,,,803275197,80327519700025,43.22B,,,,,,,,,,,sirene,
THERMIC ASSISTANCE,,,a contacter,,,,,,,,,,,,cvc,,POITIERS,,86,,,,,,,,,,,,,,,,,,,,,,,,,,,,,,,500911524,50091152400030,43.22B,,,,,,,,,,,sirene,
THERMIC SERVICES,,,a contacter,,,,,,,,,,,,cvc,,AMBERIEU-EN-BUGEY,,01,,,,,,,,,,,,,,,,,,,,,,,,,,,,,,,432034585,43203458500013,43.22B,,,,,,,,,,,sirene,
THERMICLIM SUD EST,,,a contacter,,,,,,,,,,,,cvc,,CHAPONNAY,,69,,,,,,,,,,,,,,,,,,,,,,,,,,,,,,,489596148,48959614800028,43.22B,,,,,,,,,,,sirene,
THERMIE,,,a contacter,,,,,,,,,,,,cvc,,LAVERUNE,,34,,,,,,,,,,,,,,,,,,,,,,,,,,,,,,,538109034,53810903400040,43.22A,,,,,,,,,,,sirene,
THERMIE FRANCE - LOWCALBAT,,,a contacter,,,,,,,,,,,,cvc,,LIBERCOURT,,62,,,,,,,,,,,,,,,,,,,,,,,,,,,,,,,335172383,33517238300119,43.29A,,,,,,,,,,,sirene,
THERMIEXPERT,,,a contacter,,,,,,,,,,,,cvc,,MOMMENHEIM,,67,,,,,,,,,,,,,,,,,,,,,,,,,,,,,,,483121802,48312180200043,43.22B,,,,,,,,,,,sirene,
THERMIGAZ,,,a contacter,,,,,,,,,,,,cvc,,SAINTE-ADRESSE,,76,,,,,,,,,,,,,,,,,,,,,,,,,,,,,,,811689397,81168939700024,43.22B,,,,,,,,,,,sirene,
THERMINOV,,,a contacter,,,,,,,,,,,,cvc,,CAPVERN,,65,,,,,,,,,,,,,,,,,,,,,,,,,,,,,,,821127297,82112729700017,43.22B,,,,,,,,,,,sirene,
THERMIQUE DE L'OUEST,,,a contacter,,,,,,,,,,,,cvc,,SAINT-HERBLAIN,,44,,,,,,,,,,,,,,,,,,,,,,,,,,,,,,,799238415,79923841500043,43.22B,,,,,,,,,,,sirene,
THERMIQUE DU MIDI,,,a contacter,,,,,,,,,,,,cvc,,TRESQUES,,30,,,,,,,,,,,,,,,,,,,,,,,,,,,,,,,389974676,38997467600030,43.22B,,,,,,,,,,,sirene,
THERMIQUE ELECTROMECANIQUE PLOMBERIE,,,a contacter,,,,,,,,,,,,cvc,,RUEIL-MALMAISON,,92,,,,,,,,,,,,,,,,,,,,,,,,,,,,,,,316054014,31605401400063,43.22B,,,,,,,,,,,sirene,
THERMIQUE SERVICE,,,a contacter,,,,,,,,,,,,cvc,,PERIGUEUX,,24,,,,,,,,,,,,,,,,,,,,,,,,,,,,,,,337776876,33777687600027,43.22B,,,,,,,,,,,sirene,
THERMIQUE SUD VENDEE,,,a contacter,,,,,,,,,,,,cvc,,LUCON,,85,,,,,,,,,,,,,,,,,,,,,,,,,,,,,,,792057168,79205716800017,43.22A,,,,,,,,,,,sirene,
THERMIROISE,,,a contacter,,,,,,,,,,,,cvc,,MILIZAC-GUIPRONVEL,,29,,,,,,,,,,,,,,,,,,,,,,,,,,,,,,,812607117,81260711700031,43.29A,,,,,,,,,,,sirene,
THERMO CONCEPT FOREZIEN,,,a contacter,,,,,,,,,,,,cvc,,ANDREZIEUX-BOUTHEON,,42,,,,,,,,,,,,,,,,,,,,,,,,,,,,,,,501737209,50173720900020,43.22B,,,,,,,,,,,sirene,
THERMO CONCEPTS,,,a contacter,,,,,,,,,,,,cvc,,SELTZ,,67,,,,,,,,,,,,,,,,,,,,,,,,,,,,,,,414241703,41424170300027,43.22B,,,,,,,,,,,sirene,
THERMO ENERGIE,,,a contacter,,,,,,,,,,,,cvc,,SUEVRES,,41,,,,,,,,,,,,,,,,,,,,,,,,,,,,,,,850069923,85006992300025,43.22B,,,,,,,,,,,sirene,
THERMO ENERGY,,,a contacter,,,,,,,,,,,,cvc,,ROCHECORBON,,37,,,,,,,,,,,,,,,,,,,,,,,,,,,,,,,493559561,49355956100045,43.22B,,,,,,,,,,,sirene,
THERMO-CENTRE,,,a contacter,,,,,,,,,,,,cvc,,JOUET-SUR-L'AUBOIS,,18,,,,,,,,,,,,,,,,,,,,,,,,,,,,,,,523964096,52396409600011,43.29A,,,,,,,,,,,sirene,
THERMOCLIM SERVICES,,,a contacter,,,,,,,,,,,,cvc,,BOULOGNE-SUR-MER,,62,,,,,,,,,,,,,,,,,,,,,,,,,,,,,,,399036011,39903601100027,43.22B,,,,,,,,,,,sirene,
THERMOGAZ,,,a contacter,,,,,,,,,,,,cvc,,BORDEAUX,,33,,,,,,,,,,,,,,,,,,,,,,,,,,,,,,,334413440,33441344000036,43.22B,,,,,,,,,,,sirene,
THERMYS HABITAT,,,a contacter,,,,,,,,,,,,cvc,,SAINT-MARTIN-D'HERES,,38,,,,,,,,,,,,,,,,,,,,,,,,,,,,,,,791228935,79122893500023,43.29A,,,,,,,,,,,sirene,
THEVENIN JOSE PERE ET FILLE,,,a contacter,,,,,,,,,,,,cvc,,BOULZICOURT,,08,,,,,,,,,,,,,,,,,,,,,,,,,,,,,,,828602334,82860233400033,43.22B,,,,,,,,,,,sirene,
THIBAULT,,,a contacter,,,,,,,,,,,,cvc,,JOUE-LES-TOURS,,37,,,,,,,,,,,,,,,,,,,,,,,,,,,,,,,438427304,43842730400045,43.29A,,,,,,,,,,,sirene,
THIERRY VEDRINE,,,a contacter,,,,,,,,,,,,cvc,,LAQUEUILLE,,63,,,,,,,,,,,,,,,,,,,,,,,,,,,,,,,449848308,44984830800036,43.22A,,,,,,,,,,,sirene,
THIRION,,,a contacter,,,,,,,,,,,,cvc,,SUIPPES,,51,,,,,,,,,,,,,,,,,,,,,,,,,,,,,,,381876564,38187656400042,43.22B,,,,,,,,,,,sirene,
THONIN ET ASSOCIES,,,a contacter,,,,,,,,,,,,cvc,,VOID-VACON,,55,,,,,,,,,,,,,,,,,,,,,,,,,,,,,,,752699512,75269951200022,43.29A,,,,,,,,,,,sirene,
THORENS ENERGIES,,,a contacter,,,,,,,,,,,,cvc,,FILLINGES,,74,,,,,,,,,,,,,,,,,,,,,,,,,,,,,,,534311295,53431129500016,43.22B,,,,,,,,,,,sirene,
TIAB SASU,,,a contacter,,,,,,,,,,,,cvc,,PARIS,,75,,,,,,,,,,,,,,,,,,,,,,,,,,,,,,,850606914,85060691400016,43.22A,,,,,,,,,,,sirene,
TILYO,,,a contacter,,,,,,,,,,,,cvc,,MULSANNE,,72,,,,,,,,,,,,,,,,,,,,,,,,,,,,,,,850311481,85031148100038,43.29A,,,,,,,,,,,sirene,
TIME TRAVAUX - INNOVATION - MAINTENANCE - ENVIRONNEMENT,,,a contacter,,,,,,,,,,,,cvc,,VERNEUIL L'ETANG,,77,,,,,,,,,,,,,,,,,,,,,,,,,,,,,,,448401166,44840116600039,43.22B,,,,,,,,,,,sirene,
TINET EVOLUTION,,,a contacter,,,,,,,,,,,,cvc,,GIAT,,63,,,,,,,,,,,,,,,,,,,,,,,,,,,,,,,879784189,87978418900018,43.22A,,,,,,,,,,,sirene,
TIV MAINTENANCE,,,a contacter,,,,,,,,,,,,cvc,,FONTENAY-TRESIGNY,,77,,,,,,,,,,,,,,,,,,,,,,,,,,,,,,,792837098,79283709800039,43.22B,,,,,,,,,,,sirene,
TMT+,,,a contacter,,,,,,,,,,,,cvc,,PARIS,,75,,,,,,,,,,,,,,,,,,,,,,,,,,,,,,,922554183,92255418300017,43.22A,,,,,,,,,,,sirene,
TOLERIE GAINES SERRURERIE,,,a contacter,,,,,,,,,,,,cvc,,LES PENNES MIRABEAU,,13,,,,,,,,,,,,,,,,,,,,,,,,,,,,,,,312613128,31261312800023,43.22B,,,,,,,,,,,sirene,
TOLERIE INDUSTRIELLE,,,a contacter,,,,,,,,,,,,cvc,,MAZIERES-EN-GATINE,,79,,,,,,,,,,,,,,,,,,,,,,,,,,,,,,,320800139,32080013900075,43.22B,,,,,,,,,,,sirene,
TOLERIE VENTILATION DE SAINT-LIN,,,a contacter,,,,,,,,,,,,cvc,,LOUIN,,79,,,,,,,,,,,,,,,,,,,,,,,,,,,,,,,310997911,31099791100048,43.22B,,,,,,,,,,,sirene,
TONON SIMONETTI,,,a contacter,,,,,,,,,,,,cvc,,GUICHAINVILLE,,27,,,,,,,,,,,,,,,,,,,,,,,,,,,,,,,398658096,39865809600035,43.22B,,,,,,,,,,,sirene,
TOP RENOV SARL,,,a contacter,,,,,,,,,,,,cvc,,CHATOU,,78,,,,,,,,,,,,,,,,,,,,,,,,,,,,,,,797391596,79739159600054,43.29A,,,,,,,,,,,sirene,
TOST,,,a contacter,,,,,,,,,,,,cvc,,BRIE-COMTE-ROBERT,,77,,,,,,,,,,,,,,,,,,,,,,,,,,,,,,,832223309,83222330900010,43.22B,,,,,,,,,,,sirene,
TOUT'HABITAT,,,a contacter,,,,,,,,,,,,cvc,,CHALON-SUR-SAONE,,71,,,,,,,,,,,,,,,,,,,,,,,,,,,,,,,818008997,81800899700038,43.29A,,,,,,,,,,,sirene,
TOUTES TECHNIQUES D'EXPLOITATION CLIMATIQUES,,,a contacter,,,,,,,,,,,,cvc,,MERCUROL-VEAUNES,,26,,,,,,,,,,,,,,,,,,,,,,,,,,,,,,,345078414,34507841400025,43.22B,,,,,,,,,,,sirene,
TP INDUSTRIE,,,a contacter,,,,,,,,,,,,cvc,,SAINT-PIERRE-DE-MESAGE,,38,,,,,,,,,,,,,,,,,,,,,,,,,,,,,,,800659070,80065907000026,43.22B,,,,,,,,,,,sirene,
TPC SERVICES,,,a contacter,,,,,,,,,,,,cvc,,OZOIR-LA-FERRIERE,,77,,,,,,,,,,,,,,,,,,,,,,,,,,,,,,,820090140,82009014000014,43.22B,,,,,,,,,,,sirene,
TPF-TECHNIQUE PERFORMANCE FAISABILITE,,,a contacter,,,,,,,,,,,,cvc,,TOULOUSE,,31,,,,,,,,,,,,,,,,,,,,,,,,,,,,,,,434570685,43457068500066,43.22B,,,,,,,,,,,sirene,
TPH SERVICES,,,a contacter,,,,,,,,,,,,cvc,,CROISSY-SUR-SEINE,,78,,,,,,,,,,,,,,,,,,,,,,,,,,,,,,,499193282,49919328200021,43.22A,,,,,,,,,,,sirene,
TRAN,,,a contacter,,,,,,,,,,,,cvc,,PONTAULT-COMBAULT,,77,,,,,,,,,,,,,,,,,,,,,,,,,,,,,,,441831583,44183158300022,43.22A,,,,,,,,,,,sirene,
TRAVAUX BRETONS,,,a contacter,,,,,,,,,,,,cvc,,PLOUISY,,22,,,,,,,,,,,,,,,,,,,,,,,,,,,,,,,890752355,89075235500036,43.29A,,,,,,,,,,,sirene,
TRAVAUX DE PARIS,,,a contacter,,,,,,,,,,,,cvc,,EPINAY-SUR-SEINE,,93,,,,,,,,,,,,,,,,,,,,,,,,,,,,,,,517781688,51778168800018,43.22A,,,,,,,,,,,sirene,
TRAVAUX ELEC PLOMB ELECT CHAUF,,,a contacter,,,,,,,,,,,,cvc,,TAVERNY,,95,,,,,,,,,,,,,,,,,,,,,,,,,,,,,,,328124631,32812463100032,43.22B,,,,,,,,,,,sirene,
TRAVAUX ENERGIE SERVICES,,,a contacter,,,,,,,,,,,,cvc,,TRIGNAC,,44,,,,,,,,,,,,,,,,,,,,,,,,,,,,,,,850143314,85014331400019,43.22A,,,,,,,,,,,sirene,
TRAVAUX ISOLATION VENTILATION,,,a contacter,,,,,,,,,,,,cvc,,FONTENAY-TRESIGNY,,77,,,,,,,,,,,,,,,,,,,,,,,,,,,,,,,404357097,40435709700058,43.22B,,,,,,,,,,,sirene,
TRAVERS PLOMBERIE,,,a contacter,,,,,,,,,,,,cvc,,BOURGBARRE,,35,,,,,,,,,,,,,,,,,,,,,,,,,,,,,,,408488799,40848879900011,43.22B,,,,,,,,,,,sirene,
TRAVEXT,,,a contacter,,,,,,,,,,,,cvc,,CROSNE,,91,,,,,,,,,,,,,,,,,,,,,,,,,,,,,,,918519141,91851914100017,43.29A,,,,,,,,,,,sirene,
TREGRET PERE & FILS,,,a contacter,,,,,,,,,,,,cvc,,BENAIS,,37,,,,,,,,,,,,,,,,,,,,,,,,,,,,,,,440349090,44034909000025,43.22A,,,,,,,,,,,sirene,
TREHOREL ET CORLAY,,,a contacter,,,,,,,,,,,,cvc,,YFFINIAC,,22,,,,,,,,,,,,,,,,,,,,,,,,,,,,,,,440469740,44046974000045,43.22A,,,,,,,,,,,sirene,
TRICHET LOUE ENERGIES,,,a contacter,,,,,,,,,,,,cvc,,LES ACHARDS,,85,,,,,,,,,,,,,,,,,,,,,,,,,,,,,,,433993748,43399374800022,43.22B,,,,,,,,,,,sirene,
TRIPOGNEY LUDOVIC,,,a contacter,,,,,,,,,,,,cvc,,VAUDES,,10,,,,,,,,,,,,,,,,,,,,,,,,,,,,,,,510297419,51029741900028,43.22A,,,,,,,,,,,sirene,
TRULLEN BATIMENT,,,a contacter,,,,,,,,,,,,cvc,,LE GRAND-BOURG,,23,,,,,,,,,,,,,,,,,,,,,,,,,,,,,,,490769718,49076971800019,43.22B,,,,,,,,,,,sirene,
TRYBATEC,,,a contacter,,,,,,,,,,,,cvc,,MERTZWILLER,,67,,,,,,,,,,,,,,,,,,,,,,,,,,,,,,,353506876,35350687600054,43.22A,,,,,,,,,,,sirene,
TS-ISOL,,,a contacter,,,,,,,,,,,,cvc,,VITRY-SUR-SEINE,,94,,,,,,,,,,,,,,,,,,,,,,,,,,,,,,,801570391,80157039100012,43.29A,,,,,,,,,,,sirene,
TSE,,,a contacter,,,,,,,,,,,,cvc,,PERIGNY,,94,,,,,,,,,,,,,,,,,,,,,,,,,,,,,,,797979259,79797925900034,43.22A,,,,,,,,,,,sirene,
TSI PACA,,,a contacter,,,,,,,,,,,,cvc,,NICE,,06,,,,,,,,,,,,,,,,,,,,,,,,,,,,,,,917433922,91743392200015,43.22A,,,,,,,,,,,sirene,
TSM HABITAT,,,a contacter,,,,,,,,,,,,cvc,,ITTEVILLE,,91,,,,,,,,,,,,,,,,,,,,,,,,,,,,,,,890104268,89010426800028,43.22B,,,,,,,,,,,sirene,
TTEC MGP,,,a contacter,,,,,,,,,,,,cvc,,VALENCE,,26,,,,,,,,,,,,,,,,,,,,,,,,,,,,,,,411332547,41133254700024,43.22B,,,,,,,,,,,sirene,
TUNZINI,,,a contacter,,,,,,,,,,,,cvc,,NANTERRE,,92,,,,,,,,,,,,,,,,,,,,,,,,,,,,,,,403480049,40348004900218,43.22B,,,,,,,,,,,sirene,
TUNZINI ANTILLES,,,a contacter,,,,,,,,,,,,cvc,,LE LAMENTIN,,972,,,,,,,,,,,,,,,,,,,,,,,,,,,,,,,434314340,43431434000051,43.22B,,,,,,,,,,,sirene,
TUNZINI CENTRE VAL DE LOIRE,,,a contacter,,,,,,,,,,,,cvc,,TOURS,,37,,,,,,,,,,,,,,,,,,,,,,,,,,,,,,,332124726,33212472600131,43.22B,,,,,,,,,,,sirene,
TUNZINI GUADELOUPE,,,a contacter,,,,,,,,,,,,cvc,,BAIE MAHAULT,,971,,,,,,,,,,,,,,,,,,,,,,,,,,,,,,,529023244,52902324400039,43.22B,,,,,,,,,,,sirene,
TUNZINI LIMOGES,,,a contacter,,,,,,,,,,,,cvc,,LIMOGES,,87,,,,,,,,,,,,,,,,,,,,,,,,,,,,,,,439486994,43948699400031,43.22B,,,,,,,,,,,sirene,
TUNZINI NUCLEAIRE,,,a contacter,,,,,,,,,,,,cvc,,LE PECQ,,78,,,,,,,,,,,,,,,,,,,,,,,,,,,,,,,520895483,52089548300029,43.22B,,,,,,,,,,,sirene,
TUNZINI SUD-OUEST,,,a contacter,,,,,,,,,,,,cvc,,PLAISANCE-DU-TOUCH,,31,,,,,,,,,,,,,,,,,,,,,,,,,,,,,,,433908258,43390825800059,43.22B,,,,,,,,,,,sirene,
TURQUAND,,,a contacter,,,,,,,,,,,,cvc,,LE POIRE-SUR-VIE,,85,,,,,,,,,,,,,,,,,,,,,,,,,,,,,,,348774183,34877418300019,43.22B,,,,,,,,,,,sirene,
TUVACHE,,,a contacter,,,,,,,,,,,,cvc,,MAINVILLIERS,,28,,,,,,,,,,,,,,,,,,,,,,,,,,,,,,,349325696,34932569600020,43.22B,,,,,,,,,,,sirene,
TUYAUTERIE PLOMBERIE CABLAGE DE L OUEST,,,a contacter,,,,,,,,,,,,cvc,,SAINT-JULIEN-DE-CONCELLES,,44,,,,,,,,,,,,,,,,,,,,,,,,,,,,,,,351914098,35191409800014,43.22A,,,,,,,,,,,sirene,
TUYAUTERIE SOUDURE CHAUFFAGE,,,a contacter,,,,,,,,,,,,cvc,,VILLECRESNES,,94,,,,,,,,,,,,,,,,,,,,,,,,,,,,,,,385147681,38514768100022,43.22B,,,,,,,,,,,sirene,
TVMC INDUSTRIE,,,a contacter,,,,,,,,,,,,cvc,,COURTRY,,77,,,,,,,,,,,,,,,,,,,,,,,,,,,,,,,808643324,80864332400037,43.22B,,,,,,,,,,,sirene,
TVS SCHWARTZ ERICK,,,a contacter,,,,,,,,,,,,cvc,,LE PLAN-DE-LA-TOUR,,83,,,,,,,,,,,,,,,,,,,,,,,,,,,,,,,429604101,42960410100015,43.22A,,,,,,,,,,,sirene,
TWIN'S ENERGIE,,,a contacter,,,,,,,,,,,,cvc,,OZOIR-LA-FERRIERE,,77,,,,,,,,,,,,,,,,,,,,,,,,,,,,,,,889230652,88923065200022,43.22A,,,,,,,,,,,sirene,
TY'ISO,,,a contacter,,,,,,,,,,,,cvc,,SAINT-AVE,,56,,,,,,,,,,,,,,,,,,,,,,,,,,,,,,,851758631,85175863100028,43.29A,,,,,,,,,,,sirene,
UDOVIC CHAZEAU (CLIM FLAMMES),,,a contacter,,,,,,,,,,,,cvc,,NERONDE-SUR-DORE,,63,,,,,,,,,,,,,,,,,,,,,,,,,,,,,,,443657481,44365748100026,43.22B,,,,,,,,,,,sirene,
UNI CHAUFFAGE,,,a contacter,,,,,,,,,,,,cvc,,BEHREN-LES-FORBACH,,57,,,,,,,,,,,,,,,,,,,,,,,,,,,,,,,498205954,49820595400031,43.22B,,,,,,,,,,,sirene,
UNICIA,,,a contacter,,,,,,,,,,,,cvc,,BEYNOST,,01,,,,,,,,,,,,,,,,,,,,,,,,,,,,,,,841939663,84193966300016,43.22A,,,,,,,,,,,sirene,
UNION DES PLOMBIERS CHAUFFAGISTES,,,a contacter,,,,,,,,,,,,cvc,,TREMBLAY-EN-FRANCE,,93,,,,,,,,,,,,,,,,,,,,,,,,,,,,,,,500794417,50079441700039,43.22A,,,,,,,,,,,sirene,
UNION FRIGORIFIQUE D'AQUITAINE,,,a contacter,,,,,,,,,,,,cvc,,FLOIRAC,,33,,,,,,,,,,,,,,,,,,,,,,,,,,,,,,,318379179,31837917900027,43.22B,,,,,,,,,,,sirene,
UNITHERMIC,,,a contacter,,,,,,,,,,,,cvc,,RUNGIS,,94,,,,,,,,,,,,,,,,,,,,,,,,,,,,,,,444764047,44476404700031,43.22B,,,,,,,,,,,sirene,
UNIVERS FROID,,,a contacter,,,,,,,,,,,,cvc,,VITRY-SUR-SEINE,,94,,,,,,,,,,,,,,,,,,,,,,,,,,,,,,,481001337,48100133700023,43.22B,,,,,,,,,,,sirene,
UNIVERS ISOTHERM,,,a contacter,,,,,,,,,,,,cvc,,VILLIERS-SUR-MARNE,,94,,,,,,,,,,,,,,,,,,,,,,,,,,,,,,,808700926,80870092600039,43.29A,,,,,,,,,,,sirene,
UTTS PLOMBERIE CHAUFFAGE,,,a contacter,,,,,,,,,,,,cvc,,DIJON,,21,,,,,,,,,,,,,,,,,,,,,,,,,,,,,,,502538861,50253886100027,43.22B,,,,,,,,,,,sirene,
UXELLO GRAND OUEST,,,a contacter,,,,,,,,,,,,cvc,,BRUZ,,35,,,,,,,,,,,,,,,,,,,,,,,,,,,,,,,834032344,83403234400022,43.22A,,,,,,,,,,,sirene,
UXELLO HAUTS DE FRANCE ET GRAND EST,,,a contacter,,,,,,,,,,,,cvc,,MESSEIN,,54,,,,,,,,,,,,,,,,,,,,,,,,,,,,,,,834032351,83403235100043,43.22A,,,,,,,,,,,sirene,
UXELLO ILE DE FRANCE,,,a contacter,,,,,,,,,,,,cvc,,FREPILLON,,95,,,,,,,,,,,,,,,,,,,,,,,,,,,,,,,834032377,83403237700048,43.22A,,,,,,,,,,,sirene,
UXELLO SUD EST,,,a contacter,,,,,,,,,,,,cvc,,SAINT-PRIEST,,69,,,,,,,,,,,,,,,,,,,,,,,,,,,,,,,814574976,81457497600027,43.22A,,,,,,,,,,,sirene,
UXELLO SUD OUEST,,,a contacter,,,,,,,,,,,,cvc,,PIBRAC,,31,,,,,,,,,,,,,,,,,,,,,,,,,,,,,,,814597951,81459795100080,43.22A,,,,,,,,,,,sirene,
V E P,,,a contacter,,,,,,,,,,,,cvc,,LUCCIANA,,2B,,,,,,,,,,,,,,,,,,,,,,,,,,,,,,,529274029,52927402900014,43.22A,,,,,,,,,,,sirene,
V.L. ENERGIES,,,a contacter,,,,,,,,,,,,cvc,,LAMOTTE-BEUVRON,,41,,,,,,,,,,,,,,,,,,,,,,,,,,,,,,,518773494,51877349400043,43.22A,,,,,,,,,,,sirene,
V.L.B.C,,,a contacter,,,,,,,,,,,,cvc,,HERBLAY-SUR-SEINE,,95,,,,,,,,,,,,,,,,,,,,,,,,,,,,,,,795201805,79520180500053,43.22B,,,,,,,,,,,sirene,
V2,,,a contacter,,,,,,,,,,,,cvc,,TARTAS,,40,,,,,,,,,,,,,,,,,,,,,,,,,,,,,,,532376530,53237653000038,43.22B,,,,,,,,,,,sirene,
V2M,,,a contacter,,,,,,,,,,,,cvc,,FLERS,,61,,,,,,,,,,,,,,,,,,,,,,,,,,,,,,,847814571,84781457100018,43.22A,,,,,,,,,,,sirene,
V2O ENERGIE,,,a contacter,,,,,,,,,,,,cvc,,LAVERUNE,,34,,,,,,,,,,,,,,,,,,,,,,,,,,,,,,,799332853,79933285300024,43.22A,,,,,,,,,,,sirene,
VAILLANT,,,a contacter,,,,,,,,,,,,cvc,,SAINT-RENAN,,29,,,,,,,,,,,,,,,,,,,,,,,,,,,,,,,511435737,51143573700024,43.22A,,,,,,,,,,,sirene,
VAISON MENAGER,,,a contacter,,,,,,,,,,,,cvc,,VAISON-LA-ROMAINE,,84,,,,,,,,,,,,,,,,,,,,,,,,,,,,,,,306161316,30616131600014,43.22A,,,,,,,,,,,sirene,
VAISSIERE ET FILS SAS,,,a contacter,,,,,,,,,,,,cvc,,CARCASSONNE,,11,,,,,,,,,,,,,,,,,,,,,,,,,,,,,,,329724702,32972470200017,43.22B,,,,,,,,,,,sirene,
VAL,,,a contacter,,,,,,,,,,,,cvc,,PLERIN,,22,,,,,,,,,,,,,,,,,,,,,,,,,,,,,,,810326298,81032629800025,43.29A,,,,,,,,,,,sirene,
VAL CONFORT ENERGIE,,,a contacter,,,,,,,,,,,,cvc,,LES FINS,,25,,,,,,,,,,,,,,,,,,,,,,,,,,,,,,,492270657,49227065700033,43.22B,,,,,,,,,,,sirene,
VALE SARL,,,a contacter,,,,,,,,,,,,cvc,,SAINT-CYR-L'ECOLE,,78,,,,,,,,,,,,,,,,,,,,,,,,,,,,,,,503025843,50302584300023,43.22B,,,,,,,,,,,sirene,
VALLINA,,,a contacter,,,,,,,,,,,,cvc,,SAINTE-MERE-EGLISE,,50,,,,,,,,,,,,,,,,,,,,,,,,,,,,,,,452266455,45226645500032,43.22A,,,,,,,,,,,sirene,
VAN DER LINDE CHAUFFAGE,,,a contacter,,,,,,,,,,,,cvc,,BEAURAINS,,62,,,,,,,,,,,,,,,,,,,,,,,,,,,,,,,491218400,49121840000027,43.22B,,,,,,,,,,,sirene,
VANDROTH SARL,,,a contacter,,,,,,,,,,,,cvc,,ANNEQUIN,,62,,,,,,,,,,,,,,,,,,,,,,,,,,,,,,,383285517,38328551700058,43.22B,,,,,,,,,,,sirene,
VARESEIMPIANTI SRL,,,a contacter,,,,,,,,,,,,cvc,,,,,,,,,,,,,,,,,,,,,,,,,,,,,,,,,,,513966663,51396666300017,43.22A,,,,,,,,,,,sirene,
VARIANCE CLIM,,,a contacter,,,,,,,,,,,,cvc,,BOISSY-SAINT-LEGER,,94,,,,,,,,,,,,,,,,,,,,,,,,,,,,,,,490673159,49067315900029,43.22B,,,,,,,,,,,sirene,
VASSEUR SERVICES,,,a contacter,,,,,,,,,,,,cvc,,CAMPIGNEULLES-LES-PETITES,,62,,,,,,,,,,,,,,,,,,,,,,,,,,,,,,,353797962,35379796200027,43.22B,,,,,,,,,,,sirene,
VAUCLUSE GAZ ENTRETIEN,,,a contacter,,,,,,,,,,,,cvc,,CAVAILLON,,84,,,,,,,,,,,,,,,,,,,,,,,,,,,,,,,320497092,32049709200058,43.22B,,,,,,,,,,,sirene,
VAUTIER & FILS,,,a contacter,,,,,,,,,,,,cvc,,MURET,,31,,,,,,,,,,,,,,,,,,,,,,,,,,,,,,,419808613,41980861300055,43.22A,,,,,,,,,,,sirene,
VBC,,,a contacter,,,,,,,,,,,,cvc,,PARIS,,75,,,,,,,,,,,,,,,,,,,,,,,,,,,,,,,832353163,83235316300013,43.22A,,,,,,,,,,,sirene,
VDN PLOMBERIE,,,a contacter,,,,,,,,,,,,cvc,,BRIE-COMTE-ROBERT,,77,,,,,,,,,,,,,,,,,,,,,,,,,,,,,,,823410691,82341069100021,43.22A,,,,,,,,,,,sirene,
VELAY CHAUFFAGE,,,a contacter,,,,,,,,,,,,cvc,,BRIVES-CHARENSAC,,43,,,,,,,,,,,,,,,,,,,,,,,,,,,,,,,484243712,48424371200029,43.22A,,,,,,,,,,,sirene,
VENTEC ENERGIE,,,a contacter,,,,,,,,,,,,cvc,,HOLTZHEIM,,67,,,,,,,,,,,,,,,,,,,,,,,,,,,,,,,818239451,81823945100045,43.22B,,,,,,,,,,,sirene,
VENTELIS,,,a contacter,,,,,,,,,,,,cvc,,COUERON,,44,,,,,,,,,,,,,,,,,,,,,,,,,,,,,,,479024721,47902472100033,43.22B,,,,,,,,,,,sirene,
VENTI'LYON,,,a contacter,,,,,,,,,,,,cvc,,SAINT-PRIEST,,69,,,,,,,,,,,,,,,,,,,,,,,,,,,,,,,899616403,89961640300023,43.22B,,,,,,,,,,,sirene,
VENTIL CLIM,,,a contacter,,,,,,,,,,,,cvc,,BONNEUIL-SUR-MARNE,,94,,,,,,,,,,,,,,,,,,,,,,,,,,,,,,,480795772,48079577200023,43.22B,,,,,,,,,,,sirene,
VENTILATION FROID CLIMATISATION,,,a contacter,,,,,,,,,,,,cvc,,STAINS,,93,,,,,,,,,,,,,,,,,,,,,,,,,,,,,,,482674827,48267482700035,43.22B,,,,,,,,,,,sirene,
VENTILGEST CLIM,,,a contacter,,,,,,,,,,,,cvc,,BOISSY-SAINT-LEGER,,94,,,,,,,,,,,,,,,,,,,,,,,,,,,,,,,912199254,91219925400026,43.22B,,,,,,,,,,,sirene,
VENTILGEST PARIS,,,a contacter,,,,,,,,,,,,cvc,,BOISSY-SAINT-LEGER,,94,,,,,,,,,,,,,,,,,,,,,,,,,,,,,,,481353217,48135321700021,43.22B,,,,,,,,,,,sirene,
VENTILPLUS,,,a contacter,,,,,,,,,,,,cvc,,PONTAULT-COMBAULT,,77,,,,,,,,,,,,,,,,,,,,,,,,,,,,,,,750238990,75023899000055,43.22B,,,,,,,,,,,sirene,
VENTIMECA CHABLAIS,,,a contacter,,,,,,,,,,,,cvc,,SCIEZ,,74,,,,,,,,,,,,,,,,,,,,,,,,,,,,,,,315144535,31514453500053,43.22B,,,,,,,,,,,sirene,
VERA ECOTHERMIE,,,a contacter,,,,,,,,,,,,cvc,,SAINT-LAURENT-DE-GOSSE,,40,,,,,,,,,,,,,,,,,,,,,,,,,,,,,,,447850561,44785056100021,43.22B,,,,,,,,,,,sirene,
VERCORS FACADES,,,a contacter,,,,,,,,,,,,cvc,,DOMENE,,38,,,,,,,,,,,,,,,,,,,,,,,,,,,,,,,847639028,84763902800038,43.29A,,,,,,,,,,,sirene,
VERDISIA ENERGIE,,,a contacter,,,,,,,,,,,,cvc,,MONTAUBAN,,82,,,,,,,,,,,,,,,,,,,,,,,,,,,,,,,820554343,82055434300047,43.22B,,,,,,,,,,,sirene,
VERGNAUD,,,a contacter,,,,,,,,,,,,cvc,,SAINT-GEORGES-D'ESPERANCHE,,38,,,,,,,,,,,,,,,,,,,,,,,,,,,,,,,317803278,31780327800041,43.22B,,,,,,,,,,,sirene,
VERIZO,,,a contacter,,,,,,,,,,,,cvc,,CHOCQUES,,62,,,,,,,,,,,,,,,,,,,,,,,,,,,,,,,804607414,80460741400013,43.22B,,,,,,,,,,,sirene,
VERON BATIMENT,,,a contacter,,,,,,,,,,,,cvc,,QUEND,,80,,,,,,,,,,,,,,,,,,,,,,,,,,,,,,,823477948,82347794800017,43.22A,,,,,,,,,,,sirene,
VERTENER,,,a contacter,,,,,,,,,,,,cvc,,MURET,,31,,,,,,,,,,,,,,,,,,,,,,,,,,,,,,,522527977,52252797700022,43.22B,,,,,,,,,,,sirene,
VES,,,a contacter,,,,,,,,,,,,cvc,,OSNY,,95,,,,,,,,,,,,,,,,,,,,,,,,,,,,,,,612008631,61200863100071,43.22B,,,,,,,,,,,sirene,
VEUVE H. MASSEY ET FILS,,,a contacter,,,,,,,,,,,,cvc,,AUTUN,,71,,,,,,,,,,,,,,,,,,,,,,,,,,,,,,,415720556,41572055600034,43.22A,,,,,,,,,,,sirene,
VEZILIER CHAUFFAGE,,,a contacter,,,,,,,,,,,,cvc,,VENDIN-LES-BETHUNE,,62,,,,,,,,,,,,,,,,,,,,,,,,,,,,,,,909668998,90966899800018,43.22B,,,,,,,,,,,sirene,
VHL SERVICES,,,a contacter,,,,,,,,,,,,cvc,,NIEDERHERGHEIM,,68,,,,,,,,,,,,,,,,,,,,,,,,,,,,,,,443332689,44333268900035,43.22B,,,,,,,,,,,sirene,
VIAL CLIMATIQUE,,,a contacter,,,,,,,,,,,,cvc,,GENAS,,69,,,,,,,,,,,,,,,,,,,,,,,,,,,,,,,753214212,75321421200031,43.22B,,,,,,,,,,,sirene,
VIARD GAUDIN JAY-NI THERMIE,,,a contacter,,,,,,,,,,,,cvc,,LE BOURG-D'OISANS,,38,,,,,,,,,,,,,,,,,,,,,,,,,,,,,,,879325538,87932553800012,43.22B,,,,,,,,,,,sirene,
VIDAUBAN AIR CONDITIONNE,,,a contacter,,,,,,,,,,,,cvc,,VIDAUBAN,,83,,,,,,,,,,,,,,,,,,,,,,,,,,,,,,,440430379,44043037900022,43.22B,,,,,,,,,,,sirene,
VIEIRA & MARTINS,,,a contacter,,,,,,,,,,,,cvc,,SUCY-EN-BRIE,,94,,,,,,,,,,,,,,,,,,,,,,,,,,,,,,,434357760,43435776000041,43.22A,,,,,,,,,,,sirene,
VIGNAL ENERGIES,,,a contacter,,,,,,,,,,,,cvc,,LIVRON-SUR-DROME,,26,,,,,,,,,,,,,,,,,,,,,,,,,,,,,,,833965023,83396502300017,43.22B,,,,,,,,,,,sirene,
VINCONNEAU ROMAIN,,,a contacter,,,,,,,,,,,,cvc,,BEAUPREAU-EN-MAUGES,,49,,,,,,,,,,,,,,,,,,,,,,,,,,,,,,,532670940,53267094000032,43.22A,,,,,,,,,,,sirene,
VIRIOT HAUTBOUT,,,a contacter,,,,,,,,,,,,cvc,,AUBAGNE,,13,,,,,,,,,,,,,,,,,,,,,,,,,,,,,,,400945705,40094570500046,43.22B,,,,,,,,,,,sirene,
VIT ISOLATION,,,a contacter,,,,,,,,,,,,cvc,,CHAMPIGNY-SUR-MARNE,,94,,,,,,,,,,,,,,,,,,,,,,,,,,,,,,,388097149,38809714900057,43.29A,,,,,,,,,,,sirene,
VITACLIM,,,a contacter,,,,,,,,,,,,cvc,,BAILLARGUES,,34,,,,,,,,,,,,,,,,,,,,,,,,,,,,,,,493950117,49395011700033,43.22B,,,,,,,,,,,sirene,
VITACLIM PACA,,,a contacter,,,,,,,,,,,,cvc,,CARPENTRAS,,84,,,,,,,,,,,,,,,,,,,,,,,,,,,,,,,810367615,81036761500020,43.22A,,,,,,,,,,,sirene,
VITAFIRE,,,a contacter,,,,,,,,,,,,cvc,,SAINT-BONNET-DE-MURE,,69,,,,,,,,,,,,,,,,,,,,,,,,,,,,,,,840168009,84016800900024,43.22B,,,,,,,,,,,sirene,
VITELLIN,,,a contacter,,,,,,,,,,,,cvc,,TOULOUSE,,31,,,,,,,,,,,,,,,,,,,,,,,,,,,,,,,882534928,88253492800024,43.29A,,,,,,,,,,,sirene,
VITTON,,,a contacter,,,,,,,,,,,,cvc,,MONTMELIAN,,73,,,,,,,,,,,,,,,,,,,,,,,,,,,,,,,411447261,41144726100016,43.22B,,,,,,,,,,,sirene,
VIVALE,,,a contacter,,,,,,,,,,,,cvc,,TURCKHEIM,,68,,,,,,,,,,,,,,,,,,,,,,,,,,,,,,,440801777,44080177700028,43.22B,,,,,,,,,,,sirene,
VIVARAIS ENERGIES,,,a contacter,,,,,,,,,,,,cvc,,AUBENAS,,07,,,,,,,,,,,,,,,,,,,,,,,,,,,,,,,491786927,49178692700021,43.22B,,,,,,,,,,,sirene,
VIVRECO,,,a contacter,,,,,,,,,,,,cvc,,JEANMENIL,,88,,,,,,,,,,,,,,,,,,,,,,,,,,,,,,,495063117,49506311700065,43.22B,,,,,,,,,,,sirene,
VIZEO DESIGN,,,a contacter,,,,,,,,,,,,cvc,,PARIS,,75,,,,,,,,,,,,,,,,,,,,,,,,,,,,,,,539260885,53926088500030,43.22A,,,,,,,,,,,sirene,
VJ,,,a contacter,,,,,,,,,,,,cvc,,PARIS,,75,,,,,,,,,,,,,,,,,,,,,,,,,,,,,,,851471912,85147191200010,43.29A,,,,,,,,,,,sirene,
VLOPES-CLIM,,,a contacter,,,,,,,,,,,,cvc,,CROSNE,,91,,,,,,,,,,,,,,,,,,,,,,,,,,,,,,,750034555,75003455500037,43.22B,,,,,,,,,,,sirene,
VO2,,,a contacter,,,,,,,,,,,,cvc,,BIGUGLIA,,2B,,,,,,,,,,,,,,,,,,,,,,,,,,,,,,,422786137,42278613700030,43.22B,,,,,,,,,,,sirene,
VOIRON ENERGIE RENOUVELABLE,,,a contacter,,,,,,,,,,,,cvc,,VOIRON,,38,,,,,,,,,,,,,,,,,,,,,,,,,,,,,,,509587259,50958725900037,43.22B,,,,,,,,,,,sirene,
VONTHRON ENTREPRISES,,,a contacter,,,,,,,,,,,,cvc,,HŒRDT,,67,,,,,,,,,,,,,,,,,,,,,,,,,,,,,,,493106280,49310628000057,43.22B,,,,,,,,,,,sirene,
VOTRE ARTISAN VERT,,,a contacter,,,,,,,,,,,,cvc,,JOINVILLE-LE-PONT,,94,,,,,,,,,,,,,,,,,,,,,,,,,,,,,,,892784158,89278415800057,43.22B,,,,,,,,,,,sirene,
VPHOME CONCEPT,,,a contacter,,,,,,,,,,,,cvc,,FERRIERES,,17,,,,,,,,,,,,,,,,,,,,,,,,,,,,,,,847797834,84779783400011,43.22B,,,,,,,,,,,sirene,
VSD PERE & FILS,,,a contacter,,,,,,,,,,,,cvc,,MOURS-SAINT-EUSEBE,,26,,,,,,,,,,,,,,,,,,,,,,,,,,,,,,,835095381,83509538100025,43.22A,,,,,,,,,,,sirene,
VTM INDUSTRIE,,,a contacter,,,,,,,,,,,,cvc,,GONESSE,,95,,,,,,,,,,,,,,,,,,,,,,,,,,,,,,,382748044,38274804400031,43.22B,,,,,,,,,,,sirene,
VTR NORD,,,a contacter,,,,,,,,,,,,cvc,,L'ETOILE,,80,,,,,,,,,,,,,,,,,,,,,,,,,,,,,,,849663711,84966371100034,43.29A,,,,,,,,,,,sirene,
VTR SEINE-MARITIME,,,a contacter,,,,,,,,,,,,cvc,,LA RUE-SAINT-PIERRE,,76,,,,,,,,,,,,,,,,,,,,,,,,,,,,,,,853181733,85318173300025,43.29A,,,,,,,,,,,sirene,
VYBAT,,,a contacter,,,,,,,,,,,,cvc,,TAVERNY,,95,,,,,,,,,,,,,,,,,,,,,,,,,,,,,,,882893134,88289313400016,43.22A,,,,,,,,,,,sirene,
WELCOME HABITAT,,,a contacter,,,,,,,,,,,,cvc,,L'ISLE-DE-NOE,,32,,,,,,,,,,,,,,,,,,,,,,,,,,,,,,,518654033,51865403300035,43.22A,,,,,,,,,,,sirene,
WELDS ENERGY,,,a contacter,,,,,,,,,,,,cvc,,DRAVEIL,,91,,,,,,,,,,,,,,,,,,,,,,,,,,,,,,,891415994,89141599400013,43.22A,,,,,,,,,,,sirene,
WEWISE LISSES,,,a contacter,,,,,,,,,,,,cvc,,LISSES,,91,,,,,,,,,,,,,,,,,,,,,,,,,,,,,,,499160620,49916062000062,43.22B,,,,,,,,,,,sirene,
WILLIAM,,,a contacter,,,,,,,,,,,,cvc,,VILLELONGUE-DELS-MONTS,,66,,,,,,,,,,,,,,,,,,,,,,,,,,,,,,,528451321,52845132100020,43.22A,,,,,,,,,,,sirene,
WILLY PLOMBERIE,,,a contacter,,,,,,,,,,,,cvc,,SAINT-VINCENT-DE-TYROSSE,,40,,,,,,,,,,,,,,,,,,,,,,,,,,,,,,,531719102,53171910200034,43.22A,,,,,,,,,,,sirene,
WILSIUS FRERES SARL,,,a contacter,,,,,,,,,,,,cvc,,YUTZ,,57,,,,,,,,,,,,,,,,,,,,,,,,,,,,,,,384231254,38423125400028,43.22A,,,,,,,,,,,sirene,
WORLDSUN,,,a contacter,,,,,,,,,,,,cvc,,MERIGNAC,,33,,,,,,,,,,,,,,,,,,,,,,,,,,,,,,,853391761,85339176100014,43.22B,,,,,,,,,,,sirene,
WRCLIM,,,a contacter,,,,,,,,,,,,cvc,,SAINT-HILAIRE-DE-LUSIGNAN,,47,,,,,,,,,,,,,,,,,,,,,,,,,,,,,,,803394790,80339479000023,43.22B,,,,,,,,,,,sirene,
WURTZ ALFRED SA,,,a contacter,,,,,,,,,,,,cvc,,HAGUENAU,,67,,,,,,,,,,,,,,,,,,,,,,,,,,,,,,,678501933,67850193300025,43.22B,,,,,,,,,,,sirene,
XAVIER SCARPETTINI - SGP,,,a contacter,,,,,,,,,,,,cvc,,LA RAVOIRE,,73,,,,,,,,,,,,,,,,,,,,,,,,,,,,,,,431338169,43133816900029,43.22A,,,,,,,,,,,sirene,
Y'COM,,,a contacter,,,,,,,,,,,,cvc,,SAINT-PRIEST,,69,,,,,,,,,,,,,,,,,,,,,,,,,,,,,,,501583777,50158377700039,43.22B,,,,,,,,,,,sirene,
YANG ENERGIE SERVICES,,,a contacter,,,,,,,,,,,,cvc,,MEAUX,,77,,,,,,,,,,,,,,,,,,,,,,,,,,,,,,,830010187,83001018700029,43.22B,,,,,,,,,,,sirene,
YEDI,,,a contacter,,,,,,,,,,,,cvc,,GONESSE,,95,,,,,,,,,,,,,,,,,,,,,,,,,,,,,,,805385721,80538572100032,43.22A,,,,,,,,,,,sirene,
YVAN RECK ET FILS,,,a contacter,,,,,,,,,,,,cvc,,SPECHBACH,,68,,,,,,,,,,,,,,,,,,,,,,,,,,,,,,,349635201,34963520100016,43.22A,,,,,,,,,,,sirene,
YVELINES PLATRERIE,,,a contacter,,,,,,,,,,,,cvc,,ACHERES,,78,,,,,,,,,,,,,,,,,,,,,,,,,,,,,,,419905377,41990537700034,43.29A,,,,,,,,,,,sirene,
YVER,,,a contacter,,,,,,,,,,,,cvc,,SAINT-VIGOR-LE-GRAND,,14,,,,,,,,,,,,,,,,,,,,,,,,,,,,,,,377908603,37790860300030,43.22A,,,,,,,,,,,sirene,
YVES ESPINASSE ET SES FILS,,,a contacter,,,,,,,,,,,,cvc,,SETE,,34,,,,,,,,,,,,,,,,,,,,,,,,,,,,,,,306013988,30601398800036,43.22A,,,,,,,,,,,sirene,
YVON GRALL,,,a contacter,,,,,,,,,,,,cvc,,PLOUZEVEDE,,29,,,,,,,,,,,,,,,,,,,,,,,,,,,,,,,477557383,47755738300015,43.22B,,,,,,,,,,,sirene,
YVROUD,,,a contacter,,,,,,,,,,,,cvc,,AITON,,73,,,,,,,,,,,,,,,,,,,,,,,,,,,,,,,410195291,41019529100043,43.22B,,,,,,,,,,,sirene,
ZACHA 54,,,a contacter,,,,,,,,,,,,cvc,,BOUXIERES-SOUS-FROIDMONT,,54,,,,,,,,,,,,,,,,,,,,,,,,,,,,,,,887501773,88750177300022,43.22B,,,,,,,,,,,sirene,
ZACHA 57,,,a contacter,,,,,,,,,,,,cvc,,GUENANGE,,57,,,,,,,,,,,,,,,,,,,,,,,,,,,,,,,799161625,79916162500022,43.22B,,,,,,,,,,,sirene,
ZENEO,,,a contacter,,,,,,,,,,,,cvc,,PARIS,,75,,,,,,,,,,,,,,,,,,,,,,,,,,,,,,,825346083,82534608300033,43.22A,,,,,,,,,,,sirene,
ZOLFACADE,,,a contacter,,,,,,,,,,,,cvc,,PECHBONNIEU,,31,,,,,,,,,,,,,,,,,,,,,,,,,,,,,,,893539130,89353913000037,43.29A,,,,,,,,,,,sirene,
