nom,tier,score,statut,date_contact,canal,date_relance,notes,produit,montant_vendu,date_vente,paye,montant_encaisse,commission,statut_livraison,type,libelle,commune,cp,departement,telephone,email,email_status,dirigeant,qualite,raisons,lien_pappers,lien_annuaire,lien_maps,lien_google,lien_linkedin_rech,lien_pagesjaunes,lien_societe,lien_trustpilot,linkedin,domain,effectif,categorie,nb_etablissements_ouverts,nb_etablissements,ca,resultat_net,annee_finances,anciennete,date_creation,nature_juridique,labels,idcc,tva_intra,etat,siren,siret,naf,adresse,latitude,longitude,email_source,email_perso,autres_emails,autres_dirigeants,a_site,web_fait,date_enrichi,source,ville
MATAL,A,83,a contacter,,,,,,,,,,,,maintenance,Installation de machines et equipements mecaniques,LES SORINIERES,44840,44,03 67 25 67 25,contact.matal@matal.fr,mx_ok,YVAN LE PICAULT,Président de SAS,email+20|tel+10|ca+15|effectif+10|categorie+5|multi-agences+8|anciennete+5|dirigeant+5|labels+5,https://www.pappers.fr/entreprise/855801825,https://annuaire-entreprises.data.gouv.fr/entreprise/855801825,"https://www.google.com/maps?q=47.147965863,-1.54197243",https://www.google.com/search?q=MATAL+LES+SORINIERES,https://www.linkedin.com/search/results/companies/?keywords=MATAL,https://www.pagesjaunes.fr/annuaire/chercherlespros?quoiqui=MATAL&ou=LES+SORINIERES,https://www.societe.com/cgi-bin/search?champs=855801825,https://fr.trustpilot.com/review/matal.fr,https://www.linkedin.com/company/matal-froidindustriel,matal.fr,200-249,ETI,20,74,61842335,886973,2023,71,1955-01-01,SAS,Organisme de formation,,FR78855801825,active,855801825,85580182500644,33.20B,7 RUE DES ORFEVRES 44840 LES SORINIERES,47.147965863,-1.54197243,site-generique,non,info@mysite.com,KPMG SA (Commissaire aux comptes titulaire),oui,oui,2026-08-04,sirene,LES SORINIERES
GULDAGIL,A,78,a contacter,,,,,,,,,,,,maintenance,Reparation de machines et equipements mecaniques,RIXHEIM,68170,68,03 89 44 13 17,agence.sudest@guldagil.com,mx_ok,DANIEL JEAN-LOUIS CHARROIS,Directeur Général,email+20|tel+10|ca+15|effectif+10|categorie+5|multi-agences+8|anciennete+5|dirigeant+5,https://www.pappers.fr/entreprise/402459523,https://annuaire-entreprises.data.gouv.fr/entreprise/402459523,"https://www.google.com/maps?q=47.756273388,7.4054848795",https://www.google.com/search?q=GULDAGIL+RIXHEIM,https://www.linkedin.com/search/results/companies/?keywords=GULDAGIL,https://www.pagesjaunes.fr/annuaire/chercherlespros?quoiqui=GULDAGIL&ou=RIXHEIM,https://www.societe.com/cgi-bin/search?champs=402459523,https://fr.trustpilot.com/review/guldagil.com,,guldagil.com,50-99,PME,7,15,7990635,-238139,2024,31,1995-10-01,SAS,,1412,FR84402459523,active,402459523,40245952300013,33.12Z,4 RUE ROBERT SCHUMAN 68170 RIXHEIM,47.756273388,7.4054848795,site-generique,non,agence.est@guldagil.com; agence.idf@guldagil.com; agence.rhonealpes@guldagil.com; agence.sudouest@guldagil.com; webmaster@oci.fr,ERIC JEAN NOEL CHARROIS (Président de SAS); SYLVAIN CHARROIS (Directeur Général),oui,oui,2026-08-09,sirene,RIXHEIM
SOFTICA,A,78,a contacter,,,,,,,,,,,,maintenance,Autres travaux d'installation n.c.a.,MERY,73420,73,06 25 73 38 06,contact@softica.fr,mx_ok,B.J. PARTICIPATIONS,Président de SAS,email+20|tel+10|ca+15|effectif+10|categorie+5|multi-agences+8|anciennete+5|dirigeant+5,https://www.pappers.fr/entreprise/483348132,https://annuaire-entreprises.data.gouv.fr/entreprise/483348132,"https://www.google.com/maps?q=45.645963551,5.9192379502",https://www.google.com/search?q=SOFTICA+MERY,https://www.linkedin.com/search/results/companies/?keywords=SOFTICA,https://www.pagesjaunes.fr/annuaire/chercherlespros?quoiqui=SOFTICA&ou=MERY,https://www.societe.com/cgi-bin/search?champs=483348132,https://fr.trustpilot.com/review/softica.fr,https://www.linkedin.com/company/softica-portes-automatiques,softica.fr,50-99,PME,7,12,14862136,430132,2024,21,2005-06-16,SAS,,"2609, 1597, 2420",FR41483348132,active,483348132,48334813200026,43.29B,55 IMPASSE DES IRIS 73420 MERY,45.645963551,5.9192379502,site-generique,non,,CABINET BERTIATO AUDIT (Commissaire aux comptes titulaire),oui,oui,2026-08-09,sirene,MERY
CATTINAIR,A,78,a contacter,,,,,,,,,,,,maintenance,Installation de machines et equipements mecaniques,BROGNARD,25600,25,03 81 32 68 00,info@cattinair.com,mx_ok,EMMANUEL BOUHELIER,Commissaire aux comptes suppléant,email+20|tel+10|ca+15|effectif+10|categorie+5|multi-agences+8|anciennete+5|dirigeant+5,https://www.pappers.fr/entreprise/820607810,https://annuaire-entreprises.data.gouv.fr/entreprise/820607810,"https://www.google.com/maps?q=47.5214204492464,6.8657289574525",https://www.google.com/search?q=CATTINAIR+BROGNARD,https://www.linkedin.com/search/results/companies/?keywords=CATTINAIR,https://www.pagesjaunes.fr/annuaire/chercherlespros?quoiqui=CATTINAIR&ou=BROGNARD,https://www.societe.com/cgi-bin/search?champs=820607810,https://fr.trustpilot.com/review/cattinair.fr,https://www.linkedin.com/company/cattinair,cattinair.fr,100-199,PME,6,11,25755601,805636,2024,10,2016-05-18,SAS,,3248,FR11820607810,active,820607810,82060781000117,33.20B,205 ALLEE HENRI HUGONIOT 25600 BROGNARD,47.5214204492464,6.8657289574525,site-generique,non,,ACTIS - AUDIT CONSEIL EXPERTISE COMPTABLE (Commissaire aux comptes titulaire); P.F.L. (Président de SAS); J.P.R (Directeur général délégué),oui,oui,2026-08-07,sirene,BROGNARD
SPI ENERGIE,A,78,a contacter,,,,,,,,,,,,maintenance,Reparation de machines et equipements mecaniques,LA RAVOIRE,73490,73,04 79 72 65 62,contact@lvp-global.com,no_mx,AJC ARSENAL AUDIT,Commissaire aux comptes titulaire,email+20|tel+10|ca+15|effectif+10|categorie+5|multi-agences+8|anciennete+5|dirigeant+5,https://www.pappers.fr/entreprise/408650273,https://annuaire-entreprises.data.gouv.fr/entreprise/408650273,"https://www.google.com/maps?q=45.55590635,5.9478622535",https://www.google.com/search?q=SPI+ENERGIE+LA+RAVOIRE,https://www.linkedin.com/search/results/companies/?keywords=SPI+ENERGIE,https://www.pagesjaunes.fr/annuaire/chercherlespros?quoiqui=SPI+ENERGIE&ou=LA+RAVOIRE,https://www.societe.com/cgi-bin/search?champs=408650273,https://fr.trustpilot.com/review/spienergie.fr,,spienergie.fr,50-99,PME,5,10,13315289,489585,2024,30,1996-08-22,SAS,,3248,FR35408650273,active,408650273,40865027300068,33.12Z,160 RUE DU CLAPET 73490 LA RAVOIRE,45.55590635,5.9478622535,site-generique,non,contact@spienergie.com; contact@spienergie.sylvain-coudert.com,DUFFAU TECHNOLOGIES (Directeur Général); GROUPE DUFFAU TECHNOLOGIES (Président de SAS),oui,oui,2026-08-01,sirene,LA RAVOIRE
CAP GENERATEUR,A,78,a contacter,,,,,,,,,,,,maintenance,"Installation d'equipements electriques, de materiels electroniques et optiques ou d'autres materiels",CANNES,06150,06,05 47 26 29 44,info@capgenerateur.com,mx_ok,DOMINIQUE DAVID,Commissaire aux comptes titulaire,email+20|tel+10|ca+15|effectif+10|categorie+5|multi-agences+8|anciennete+5|dirigeant+5,https://www.pappers.fr/entreprise/494466188,https://annuaire-entreprises.data.gouv.fr/entreprise/494466188,"https://www.google.com/maps?q=43.543726294,6.9582946564",https://www.google.com/search?q=CAP+GENERATEUR+CANNES,https://www.linkedin.com/search/results/companies/?keywords=CAP+GENERATEUR,https://www.pagesjaunes.fr/annuaire/chercherlespros?quoiqui=CAP+GENERATEUR&ou=CANNES,https://www.societe.com/cgi-bin/search?champs=494466188,https://fr.trustpilot.com/review/capgenerateur.com,https://www.linkedin.com/company/cap-generateur,capgenerateur.com,50-99,PME,4,8,16088301,743960,2024,19,2007-02-01,SAS,,3248,FR80494466188,active,494466188,49446618800047,33.20D,CANNES LA BOCCA 2 ALLEE DES GABIANS 06150 CANNES,43.543726294,6.9582946564,site-generique,non,,AUDIT CONSEIL STE D'EXPERTISE COMPTABLE ET DE COMMISSARIAT AUX COMPTES (Commissaire aux comptes suppléant); PROGRESSYS CAPITAL (Président de SAS),oui,oui,2026-08-02,sirene,CANNES
CHAPLAIN,A,78,a contacter,,,,,,,,,,,,maintenance,Reparation de machines et equipements mecaniques,RENNES,35000,35,02 99 25 39 39,contact@chaplain.fr,mx_ok,ALTONEO AUDIT,Commissaire aux comptes titulaire,email+20|tel+10|ca+15|effectif+10|categorie+5|multi-agences+8|anciennete+5|dirigeant+5,https://www.pappers.fr/entreprise/351098652,https://annuaire-entreprises.data.gouv.fr/entreprise/351098652,"https://www.google.com/maps?q=48.1014912,-1.731762351",https://www.google.com/search?q=CHAPLAIN+RENNES,https://www.linkedin.com/search/results/companies/?keywords=CHAPLAIN,https://www.pagesjaunes.fr/annuaire/chercherlespros?quoiqui=CHAPLAIN&ou=RENNES,https://www.societe.com/cgi-bin/search?champs=351098652,https://fr.trustpilot.com/review/chaplain.fr,https://www.linkedin.com/company/chaplain-groupe,chaplain.fr,100-199,PME,4,14,18273449,712775,2024,37,1989-05-29,SAS,,"9999, 3248",FR31351098652,active,351098652,35109865200016,33.12Z,ZI LORIENT 28 RUE DU MANOIR DE SERVIGNE 35000 RENNES,48.1014912,-1.731762351,site-generique,non,,ALTONEO DEVELOPPEMENT (Commissaire aux comptes suppléant); CHAP AND CO FINANCE (Président de SAS),oui,oui,2026-08-08,sirene,RENNES
TELMO,A,78,a contacter,,,,,,,,,,,,maintenance,"Installation d'equipements electriques, de materiels electroniques et optiques ou d'autres materiels",MARLY,57155,57,03 87 18 10 10,contact@telmo.fr,mx_ok,BERNARD JEANMAIRE (JEANMAIRE),Président du conseil d’administration et directeur général,email+20|tel+10|ca+15|effectif+10|categorie+5|multi-agences+8|anciennete+5|dirigeant+5,https://www.pappers.fr/entreprise/363800657,https://annuaire-entreprises.data.gouv.fr/entreprise/363800657,"https://www.google.com/maps?q=49.072762517,6.1438572616",https://www.google.com/search?q=TELMO+MARLY,https://www.linkedin.com/search/results/companies/?keywords=TELMO,https://www.pagesjaunes.fr/annuaire/chercherlespros?quoiqui=TELMO&ou=MARLY,https://www.societe.com/cgi-bin/search?champs=363800657,https://fr.trustpilot.com/review/telmo.fr,https://fr.linkedin.com/company/telmo-sas,telmo.fr,20-49,PME,4,6,5160754,40320,2024,63,1963-01-01,SAS,,1539,FR81363800657,active,363800657,36380065700043,33.20D,11 RUE DES VANNEAUX 57155 MARLY,49.072762517,6.1438572616,site-generique,non,,B.C. HOLDING ET CONSEIL (Président de SAS),oui,oui,2026-08-03,sirene,MARLY
FRASER FRANCE,A,78,a contacter,,,,,,,,,,,,maintenance,Reparation de machines et equipements mecaniques,ANDREZIEUX-BOUTHEON,42160,42,06 14 08 45 33,contact@fraserfrance.com,mx_ok,FRASER INVEST,Président de SAS,email+20|tel+10|ca+15|effectif+10|categorie+5|multi-agences+8|anciennete+5|dirigeant+5,https://www.pappers.fr/entreprise/792007304,https://annuaire-entreprises.data.gouv.fr/entreprise/792007304,"https://www.google.com/maps?q=45.524016282,4.2792272143",https://www.google.com/search?q=FRASER+FRANCE+ANDREZIEUX-BOUTHEON,https://www.linkedin.com/search/results/companies/?keywords=FRASER+FRANCE,https://www.pagesjaunes.fr/annuaire/chercherlespros?quoiqui=FRASER+FRANCE&ou=ANDREZIEUX-BOUTHEON,https://www.societe.com/cgi-bin/search?champs=792007304,https://fr.trustpilot.com/review/fraserfrance.com,https://fr.linkedin.com/company/fraser-france,fraserfrance.com,20-49,PME,3,8,3078404,336461,2025,13,2013-03-01,SAS,,1412,FR37792007304,active,792007304,79200730400084,33.12Z,211 RUE LOUIS ANTOINE BEAUNIER 42160 ANDREZIEUX-BOUTHEON,45.524016282,4.2792272143,site-generique,non,,,oui,oui,2026-08-07,sirene,ANDREZIEUX-BOUTHEON
LAUMAILLE,A,78,a contacter,,,,,,,,,,,,maintenance,"Installation d'equipements electriques, de materiels electroniques et optiques ou d'autres materiels",IBOS,65420,65,05 62 38 00 62,info@laumaille.com,mx_ok,KAIROS MANAGEMENT,Président de SAS,email+20|tel+10|ca+15|effectif+10|categorie+5|multi-agences+8|anciennete+5|dirigeant+5,https://www.pappers.fr/entreprise/491247946,https://annuaire-entreprises.data.gouv.fr/entreprise/491247946,"https://www.google.com/maps?q=43.22242414,0.0327131011",https://www.google.com/search?q=LAUMAILLE+IBOS,https://www.linkedin.com/search/results/companies/?keywords=LAUMAILLE,https://www.pagesjaunes.fr/annuaire/chercherlespros?quoiqui=LAUMAILLE&ou=IBOS,https://www.societe.com/cgi-bin/search?champs=491247946,https://fr.trustpilot.com/review/laumaille.com,,laumaille.com,20-49,PME,3,6,2387678,132594,2024,20,2006-07-01,SAS,,"1626, 3248",FR55491247946,active,491247946,49124794600024,33.20D,ZAC COMMUNAUTAIRE DU PARC DES PYRENEES 6 RUE DE LA TROUMOUSSE 65420 IBOS,43.22242414,0.0327131011,site-generique,non,info@lussault-campaniste.com,,oui,oui,2026-08-10,sirene,IBOS
MILLIRIS,A,78,a contacter,,,,,,,,,,,,maintenance,Installation de machines et equipements mecaniques,SAINTES,17100,17,05 46 93 59 65,contact@milliris.com,mx_ok,REINIER DE QUELEN,Directeur Général,email+20|tel+10|ca+15|effectif+10|categorie+5|multi-agences+8|anciennete+5|dirigeant+5,https://www.pappers.fr/entreprise/794336750,https://annuaire-entreprises.data.gouv.fr/entreprise/794336750,"https://www.google.com/maps?q=45.74480464321,-0.667702208646421",https://www.google.com/search?q=MILLIRIS+SAINTES,https://www.linkedin.com/search/results/companies/?keywords=MILLIRIS,https://www.pagesjaunes.fr/annuaire/chercherlespros?quoiqui=MILLIRIS&ou=SAINTES,https://www.societe.com/cgi-bin/search?champs=794336750,https://fr.trustpilot.com/review/milliris.fr,https://www.linkedin.com/company/milliris,milliris.fr,100-199,ETI,3,7,13159854,5379,2023,13,2013-07-18,SAS,,,FR10794336750,active,794336750,79433675000078,33.20B,143 D COURS PAUL DOUMER 17100 SAINTES,45.74480464321,-0.667702208646421,site-generique,non,milliris@milliris.com,B.F. AUDIT PARTENAIRES (Commissaire aux comptes titulaire); AREVCO (Commissaire aux comptes suppléant); AECCELIS (Commissaire aux comptes titulaire); EVOLUTION DÉVELOPPEMENT (Président de SAS),oui,oui,2026-08-06,sirene,SAINTES
OCEAN INDUSTRIE,A,78,a contacter,,,,,,,,,,,,maintenance,Reparation de machines et equipements mecaniques,COMMES,14520,14,02 31 92 40 36,contact@ocean-industrie.com,mx_ok,JEAN-PIERRE FRANCOIS GUY ANDRE BRUNET,Directeur Général,email+20|tel+10|ca+15|effectif+10|categorie+5|multi-agences+8|anciennete+5|dirigeant+5,https://www.pappers.fr/entreprise/432622116,https://annuaire-entreprises.data.gouv.fr/entreprise/432622116,"https://www.google.com/maps?q=49.337284072969,-0.753362306451784",https://www.google.com/search?q=OCEAN+INDUSTRIE+COMMES,https://www.linkedin.com/search/results/companies/?keywords=OCEAN+INDUSTRIE,https://www.pagesjaunes.fr/annuaire/chercherlespros?quoiqui=OCEAN+INDUSTRIE&ou=COMMES,https://www.societe.com/cgi-bin/search?champs=432622116,https://fr.trustpilot.com/review/oceanindustrie.fr,,oceanindustrie.fr,20-49,PME,3,4,2581428,407804,2022,26,2000-08-16,SAS,,3248,FR55432622116,active,432622116,43262211600031,33.12Z,LE VAUX DATTES 14520 COMMES,49.337284072969,-0.753362306451784,site-generique,non,recrutement@ocean-industrie.com,SNR CONSEIL (Commissaire aux comptes titulaire); JFT INDUSTRIE (Président de SAS),oui,oui,2026-08-05,sirene,COMMES
STELEC,A,78,a contacter,,,,,,,,,,,,maintenance,"Installation d'equipements electriques, de materiels electroniques et optiques ou d'autres materiels",PONT-SAINTE-MARIE,10150,10,02 55 12 41 23,contact@stelec.fr,mx_ok,AURELIEN FERNAND PATRICK BOUCHE,Directeur Général,email+20|tel+10|ca+15|effectif+10|categorie+5|multi-agences+8|anciennete+5|dirigeant+5,https://www.pappers.fr/entreprise/412621385,https://annuaire-entreprises.data.gouv.fr/entreprise/412621385,"https://www.google.com/maps?q=48.314461591,4.0828250062",https://www.google.com/search?q=STELEC+PONT-SAINTE-MARIE,https://www.linkedin.com/search/results/companies/?keywords=STELEC,https://www.pagesjaunes.fr/annuaire/chercherlespros?quoiqui=STELEC&ou=PONT-SAINTE-MARIE,https://www.societe.com/cgi-bin/search?champs=412621385,https://fr.trustpilot.com/review/stelec.fr,,stelec.fr,20-49,PME,3,6,5126413,417085,2024,29,1997-06-01,SAS,,3248,FR25412621385,active,412621385,41262138500027,33.20D,ZI DES ECREVELLES 3 B AVENUE DES TIRVERTS 10150 PONT-SAINTE-MARIE,48.314461591,4.0828250062,site-generique,non,,PATRICK BOUCHE (BOUCHE) (Président de SAS); PATRICK SERGE ANDRE BOUCHE (Président de SAS),oui,oui,2026-08-03,sirene,PONT-SAINTE-MARIE
ATOMELEC SA,A,78,a contacter,,,,,,,,,,,,maintenance,"Installation d'equipements electriques, de materiels electroniques et optiques ou d'autres materiels",SAINT-BONNET-LE-CHATEAU,42380,42,06 48 11 04 95,commercial@ima-sl.com,mx_ok,GROUPE ATOMELEC,Président de SAS,email+20|tel+10|ca+15|effectif+10|categorie+5|multi-agences+8|anciennete+5|dirigeant+5,https://www.pappers.fr/entreprise/584500466,https://annuaire-entreprises.data.gouv.fr/entreprise/584500466,"https://www.google.com/maps?q=45.425718062,4.0648700056",https://www.google.com/search?q=ATOMELEC+SA+SAINT-BONNET-LE-CHATEAU,https://www.linkedin.com/search/results/companies/?keywords=ATOMELEC+SA,https://www.pagesjaunes.fr/annuaire/chercherlespros?quoiqui=ATOMELEC+SA&ou=SAINT-BONNET-LE-CHATEAU,https://www.societe.com/cgi-bin/search?champs=584500466,https://fr.trustpilot.com/review/atomelec.fr,https://www.linkedin.com/company/atomelec,atomelec.fr,50-99,PME,2,2,21726599,1004316,2024,49,1977-01-01,SAS,,3248,FR12584500466,active,584500466,58450046600035,33.20D,20 AVENUE DE SAINT-ETIENNE 42380 SAINT-BONNET-LE-CHATEAU,45.425718062,4.0648700056,site-generique,non,atoplast@atoplast.fr; contact@atolyap.com; contact@atoplexi.com; egarlaser@egarlaser.com; s.piastrino@groupe-atomelec.com,CC 2A (Commissaire aux comptes titulaire),oui,oui,2026-08-06,sirene,SAINT-BONNET-LE-CHATEAU
EDSUN LOISIRS,A,78,a contacter,,,,,,,,,,,,maintenance,Autres travaux d'installation n.c.a.,TIFFAUGES,85130,85,02 51 91 68 70,contact@edsunloisirs.com,mx_ok,JULIEN SELLIER,Commissaire aux comptes suppléant,email+20|tel+10|ca+15|effectif+10|categorie+5|multi-agences+8|anciennete+5|dirigeant+5,https://www.pappers.fr/entreprise/403166010,https://annuaire-entreprises.data.gouv.fr/entreprise/403166010,"https://www.google.com/maps?q=47.007253211,-1.105670202",https://www.google.com/search?q=EDSUN+LOISIRS+TIFFAUGES,https://www.linkedin.com/search/results/companies/?keywords=EDSUN+LOISIRS,https://www.pagesjaunes.fr/annuaire/chercherlespros?quoiqui=EDSUN+LOISIRS&ou=TIFFAUGES,https://www.societe.com/cgi-bin/search?champs=403166010,https://fr.trustpilot.com/review/edsunloisirs.com,https://www.linkedin.com/company/edsun-loisirs,edsunloisirs.com,20-49,PME,2,6,18624663,1596071,2024,31,1995-12-06,SAS,,0292,FR95403166010,active,403166010,40316601000021,43.29B,ZI DU PUY PELE 85130 TIFFAUGES,47.007253211,-1.105670202,site-generique,non,,SYGEC AUDIT (Commissaire aux comptes titulaire); DORA INVESTMENT (Président de SAS),oui,oui,2026-08-10,sirene,TIFFAUGES
MECAVEA,A,78,a contacter,,,,,,,,,,,,maintenance,Reparation d'equipements electriques,ROUILLON,72700,72,02 43 39 22 10,contact@mecavea.com,mx_ok,MARIE CARON (JEANTON),Directeur Général,email+20|tel+10|ca+15|effectif+10|categorie+5|multi-agences+8|anciennete+5|dirigeant+5,https://www.pappers.fr/entreprise/440006047,https://annuaire-entreprises.data.gouv.fr/entreprise/440006047,"https://www.google.com/maps?q=48.012150744,0.1514063048",https://www.google.com/search?q=MECAVEA+ROUILLON,https://www.linkedin.com/search/results/companies/?keywords=MECAVEA,https://www.pagesjaunes.fr/annuaire/chercherlespros?quoiqui=MECAVEA&ou=ROUILLON,https://www.societe.com/cgi-bin/search?champs=440006047,https://fr.trustpilot.com/review/mecavea.com,,mecavea.com,10-19,PME,2,4,3049677,337629,2024,25,2001-12-01,SAS,,3248,FR55440006047,active,440006047,44000604700029,33.14Z,184 RTE DE BEAUGE 72700 ROUILLON,48.012150744,0.1514063048,site-generique,non,,MAGEKA (Président de SAS),oui,oui,2026-08-07,sirene,ROUILLON
PROVEA,A,78,a contacter,,,,,,,,,,,,maintenance,Installation de machines et equipements mecaniques,EPIAIS-LES-LOUVRES,95380,95,06 52 24 50 06,contacto@provea.org,mx_ok,OVL GESTION,Président de SAS,email+20|tel+10|ca+15|effectif+10|categorie+5|multi-agences+8|anciennete+5|dirigeant+5,https://www.pappers.fr/entreprise/509607263,https://annuaire-entreprises.data.gouv.fr/entreprise/509607263,"https://www.google.com/maps?q=49.0320712884333,2.5583592312752",https://www.google.com/search?q=PROVEA+EPIAIS-LES-LOUVRES,https://www.linkedin.com/search/results/companies/?keywords=PROVEA,https://www.pagesjaunes.fr/annuaire/chercherlespros?quoiqui=PROVEA&ou=EPIAIS-LES-LOUVRES,https://www.societe.com/cgi-bin/search?champs=509607263,https://fr.trustpilot.com/review/provea.org,,provea.org,20-49,PME,2,3,5247647,255533,2024,18,2008-12-22,SAS,,1412,FR48509607263,active,509607263,50960726300035,33.20B,1 RUE DU MANOIR 95380 EPIAIS-LES-LOUVRES,49.0320712884333,2.5583592312752,site-generique,non,,,oui,oui,2026-08-04,sirene,EPIAIS-LES-LOUVRES
T.P. ASSISTANCE,A,78,a contacter,,,,,,,,,,,,maintenance,Reparation de machines et equipements mecaniques,SAINTE-LUCE-SUR-LOIRE,44980,44,02 55 07 46 80,contact@tpassistance.fr,mx_ok,JACK-OLIVIER NOUHAUD (NOUHAUD),Président de SAS,email+20|tel+10|ca+15|effectif+10|categorie+5|multi-agences+8|anciennete+5|dirigeant+5,https://www.pappers.fr/entreprise/439254236,https://annuaire-entreprises.data.gouv.fr/entreprise/439254236,"https://www.google.com/maps?q=47.2630968994662,-1.47882114951941",https://www.google.com/search?q=T.P.+ASSISTANCE+SAINTE-LUCE-SUR-LOIRE,https://www.linkedin.com/search/results/companies/?keywords=T.P.+ASSISTANCE,https://www.pagesjaunes.fr/annuaire/chercherlespros?quoiqui=T.P.+ASSISTANCE&ou=SAINTE-LUCE-SUR-LOIRE,https://www.societe.com/cgi-bin/search?champs=439254236,https://fr.trustpilot.com/review/tpassistance.fr,https://www.linkedin.com/company/flexassistance,tpassistance.fr,10-19,PME,2,16,1772096,71196,2025,25,2001-10-01,SAS,,1404,FR66439254236,active,439254236,43925423600169,33.12Z,ZA DE LA MADELEINE 2 RUE LOUIS LUMIERE 44980 SAINTE-LUCE-SUR-LOIRE,47.2630968994662,-1.47882114951941,site-generique,non,contact@flexassistance.fr,SAS FG INVEST (Président de SAS); GUELMIN (Directeur Général); L&SO (Directeur Général),oui,oui,2026-08-07,sirene,SAINTE-LUCE-SUR-LOIRE
MARBERIC H,A,75,a contacter,,,,,,,,,,,,maintenance,"Installation d'equipements electriques, de materiels electroniques et optiques ou d'autres materiels",GOUESNOU,29850,29,01 01 01 31 43,brestsecretariat@marberich.net,mx_ok,DOMINIQUE DENIEL,Commissaire aux comptes suppléant,email+12|tel+10|ca+15|effectif+10|categorie+5|multi-agences+8|anciennete+5|dirigeant+5|labels+5,https://www.pappers.fr/entreprise/312952054,https://annuaire-entreprises.data.gouv.fr/entreprise/312952054,"https://www.google.com/maps?q=48.431369975,-4.46263633",https://www.google.com/search?q=MARBERIC+H+GOUESNOU,https://www.linkedin.com/search/results/companies/?keywords=MARBERIC+H,https://www.pagesjaunes.fr/annuaire/chercherlespros?quoiqui=MARBERIC+H&ou=GOUESNOU,https://www.societe.com/cgi-bin/search?champs=312952054,https://fr.trustpilot.com/review/marberich.fr,,marberich.fr,50-99,PME,5,12,7547548,231068,2021,48,1978-01-01,SAS,RGE,3248,FR61312952054,active,312952054,31295205400053,33.20D,ZONE INDUSTRIELLE DE KERGA 4 RUE JACQUES DAGUERRE 29850 GOUESNOU,48.431369975,-4.46263633,site,non,lorientsecretariat@marberich.net; nantessecretariat@marberich.net; quimpersecretariat@marberich.net; rennessecretariat@marberich.net,OUEST CONSEILS BREST (Commissaire aux comptes titulaire); ASTILIE (Président de SAS),oui,oui,2026-08-08,sirene,GOUESNOU
ANDRITZ,A,75,a contacter,,,,,,,,,,,,maintenance,Installation de machines et equipements mecaniques,CHATEAUROUX,36000,36,07 51 27 27 22,welcome@andritz.com,mx_ok,DAVID NICOLAS MAURICE LEMAÎTRE,Directeur Général,email+12|tel+10|ca+15|effectif+10|categorie+5|multi-agences+8|anciennete+5|dirigeant+5|labels+5,https://www.pappers.fr/entreprise/380237909,https://annuaire-entreprises.data.gouv.fr/entreprise/380237909,"https://www.google.com/maps?q=46.80526819,1.7227701589",https://www.google.com/search?q=ANDRITZ+CHATEAUROUX,https://www.linkedin.com/search/results/companies/?keywords=ANDRITZ,https://www.pagesjaunes.fr/annuaire/chercherlespros?quoiqui=ANDRITZ&ou=CHATEAUROUX,https://www.societe.com/cgi-bin/search?champs=380237909,https://fr.trustpilot.com/review/andritz.fr,https://www.linkedin.com/company/andritz,andritz.fr,100-199,ETI,3,12,70960780,6749921,2024,36,1990-12-11,SAS,ESS,"0650, 3248",FR44380237909,active,380237909,38023790900037,33.20B,ALLEE DE LA GARENNE 36000 CHATEAUROUX,46.80526819,1.7227701589,site,non,,OLAF MULLER (Autre); DELOITTE & ASSOCIES (Commissaire aux comptes titulaire); BEAS (Commissaire aux comptes suppléant),oui,oui,2026-08-01,sirene,CHATEAUROUX
SEGI2A,A,75,a contacter,,,,,,,,,,,,maintenance,"Installation d'equipements electriques, de materiels electroniques et optiques ou d'autres materiels",LOUDEAC,22600,22,02 96 66 01 17,contact@segi2a.fr,mx_ok,HIGH-TECH BUSINESS CONSULTING AND SERVICES,Président de SAS,email+20|tel+10|ca+15|effectif+10|categorie+5|anciennete+5|dirigeant+5|labels+5,https://www.pappers.fr/entreprise/393778253,https://annuaire-entreprises.data.gouv.fr/entreprise/393778253,"https://www.google.com/maps?q=48.154620429,-2.765329164",https://www.google.com/search?q=SEGI2A+LOUDEAC,https://www.linkedin.com/search/results/companies/?keywords=SEGI2A,https://www.pagesjaunes.fr/annuaire/chercherlespros?quoiqui=SEGI2A&ou=LOUDEAC,https://www.societe.com/cgi-bin/search?champs=393778253,https://fr.trustpilot.com/review/segi2a.fr,https://www.linkedin.com/company/groupe-elauris,segi2a.fr,20-49,PME,1,2,3294794,114710,2024,32,1994-01-15,SAS,RGE,"2609, 2420, 1597",FR95393778253,active,393778253,39377825300020,33.20D,ZI TRES LE BOIS RUE D ARSONVAL 22600 LOUDEAC,48.154620429,-2.765329164,site-generique,non,,,oui,oui,2026-08-07,sirene,LOUDEAC
BABCOCK WANSON,A,71,a contacter,,,,,,,,,,,,maintenance,Reparation de machines et equipements mecaniques,NERAC,47600,47,09 09 09 09 09,,,PRICEWATERHOUSECOOPERS AUDIT,Commissaire aux comptes titulaire,site+8|tel+10|ca+15|effectif+10|categorie+5|multi-agences+8|anciennete+5|dirigeant+5|labels+5,https://www.pappers.fr/entreprise/817389877,https://annuaire-entreprises.data.gouv.fr/entreprise/817389877,"https://www.google.com/maps?q=44.1298760979025,0.337928860782227",https://www.google.com/search?q=BABCOCK+WANSON+NERAC,https://www.linkedin.com/search/results/companies/?keywords=BABCOCK+WANSON,https://www.pagesjaunes.fr/annuaire/chercherlespros?quoiqui=BABCOCK+WANSON&ou=NERAC,https://www.societe.com/cgi-bin/search?champs=817389877,https://fr.trustpilot.com/review/babcockwanson.fr,https://www.linkedin.com/company/babcock-wanson,babcockwanson.fr,250-499,ETI,13,17,79777031,4961520,2023,11,2015-12-17,SAS,"Qualiopi, Organisme de formation",3248,FR40817389877,active,817389877,81738987700025,33.12Z,7 BOULEVARD ALFRED PARENT 47600 NERAC,44.1298760979025,0.337928860782227,,,,BABCOCK WANSON GROUP (Président de SAS),oui,oui,2026-08-04,sirene,NERAC
MASER ENGINEERING,A,71,a contacter,,,,,,,,,,,,maintenance,Reparation de machines et equipements mecaniques,PARIS,75017,75,01 49 18 55 55,,,DIDIER BOUTET,Gérant,site+8|tel+10|ca+15|effectif+10|categorie+5|multi-agences+8|anciennete+5|dirigeant+5|labels+5,https://www.pappers.fr/entreprise/732050026,https://annuaire-entreprises.data.gouv.fr/entreprise/732050026,"https://www.google.com/maps?q=48.9009158584425,2.32931789199437",https://www.google.com/search?q=MASER+ENGINEERING+PARIS,https://www.linkedin.com/search/results/companies/?keywords=MASER+ENGINEERING,https://www.pagesjaunes.fr/annuaire/chercherlespros?quoiqui=MASER+ENGINEERING&ou=PARIS,https://www.societe.com/cgi-bin/search?champs=732050026,https://fr.trustpilot.com/review/maserengineering.com,https://fr.linkedin.com/company/maser-engineering,maserengineering.com,250-499,GE,9,48,57111435,347414,2024,53,1973-01-01,SARL,"Qualiopi, Organisme de formation",3248,FR56732050026,active,732050026,73205002600564,33.12Z,6 RUE TOULOUSE LAUTREC 75017 PARIS,48.9009158584425,2.32931789199437,,,,PRICEWATERHOUSECOOPERS AUDIT (Commissaire aux comptes titulaire),oui,oui,2026-08-07,sirene,PARIS
TECHNIVOLUTION,A,71,a contacter,,,,,,,,,,,,maintenance,Installation de machines et equipements mecaniques,OZOIR-LA-FERRIERE,77330,77,01 60 02 89 52,,,MALEK BENSAI (BENSAI),Président de SAS,site+8|tel+10|ca+15|effectif+10|categorie+5|multi-agences+8|anciennete+5|dirigeant+5|labels+5,https://www.pappers.fr/entreprise/387970916,https://annuaire-entreprises.data.gouv.fr/entreprise/387970916,"https://www.google.com/maps?q=48.766920253,2.6734680225",https://www.google.com/search?q=TECHNIVOLUTION+OZOIR-LA-FERRIERE,https://www.linkedin.com/search/results/companies/?keywords=TECHNIVOLUTION,https://www.pagesjaunes.fr/annuaire/chercherlespros?quoiqui=TECHNIVOLUTION&ou=OZOIR-LA-FERRIERE,https://www.societe.com/cgi-bin/search?champs=387970916,https://fr.trustpilot.com/review/technivolution.com,https://www.linkedin.com/company/technivolution,technivolution.com,20-49,PME,2,4,5120195,-109702,2023,34,1992-07-01,SAS,RGE,1412,FR60387970916,active,387970916,38797091600038,33.20B,32 B AVENUE DU GENERAL LECLERC 77330 OZOIR-LA-FERRIERE,48.766920253,2.6734680225,,,,ELISABETH PERRIN (Commissaire aux comptes suppléant); COMETEX SARL (Commissaire aux comptes titulaire),oui,oui,2026-08-10,sirene,OZOIR-LA-FERRIERE
MANUREGION,A,70,a contacter,,,,,,,,,,,,maintenance,Autres travaux d'installation n.c.a.,REIMS,51100,51,03 26 02 76 69,reclamations@manuregion.fr,mx_ok,NOVOFERM FRANCE,Président de SAS,email+12|tel+10|ca+15|effectif+10|categorie+5|multi-agences+8|anciennete+5|dirigeant+5,https://www.pappers.fr/entreprise/349540120,https://annuaire-entreprises.data.gouv.fr/entreprise/349540120,"https://www.google.com/maps?q=49.271630481,4.0392287964",https://www.google.com/search?q=MANUREGION+REIMS,https://www.linkedin.com/search/results/companies/?keywords=MANUREGION,https://www.pagesjaunes.fr/annuaire/chercherlespros?quoiqui=MANUREGION&ou=REIMS,https://www.societe.com/cgi-bin/search?champs=349540120,https://fr.trustpilot.com/review/manuregion.fr,https://www.linkedin.com/company/manuregion,manuregion.fr,100-199,ETI,8,17,31448705,3151874,2024,37,1989-01-01,SAS,,"1597, 2420, 2609",FR29349540120,active,349540120,34954012000103,43.29B,48 RUE PHILIPPE 51100 REIMS,49.271630481,4.0392287964,site,non,,GRANT THORNTON (Commissaire aux comptes titulaire),oui,oui,2026-08-03,sirene,REIMS
FROID 14,A,70,a contacter,,,,,,,,,,,,maintenance,Installation de machines et equipements mecaniques,VIRE NORMANDIE,14500,14,02 33 71 59 05,caen@froid14.fr,mx_ok,JEROME BRUNO JEAN-MARIE GUERENDEL,Président de SAS,email+12|tel+10|ca+15|effectif+10|categorie+5|multi-agences+8|anciennete+5|dirigeant+5,https://www.pappers.fr/entreprise/350398269,https://annuaire-entreprises.data.gouv.fr/entreprise/350398269,"https://www.google.com/maps?q=48.8537632494642,-0.883666941222813",https://www.google.com/search?q=FROID+14+VIRE+NORMANDIE,https://www.linkedin.com/search/results/companies/?keywords=FROID+14,https://www.pagesjaunes.fr/annuaire/chercherlespros?quoiqui=FROID+14&ou=VIRE+NORMANDIE,https://www.societe.com/cgi-bin/search?champs=350398269,https://fr.trustpilot.com/review/froid14.com,,froid14.com,50-99,GE,5,12,16222414,1218514,2024,37,1989-04-01,SAS,,1412,FR96350398269,active,350398269,35039826900034,33.20B,397 RUE DE L'INDUSTRIE 14500 VIRE NORMANDIE,48.8537632494642,-0.883666941222813,site,non,carentan@froid14.fr; vire@froid14.fr,ERNST & YOUNG AUDIT (Commissaire aux comptes titulaire),oui,oui,2026-08-05,sirene,VIRE NORMANDIE
SPELEM,A,70,a contacter,,,,,,,,,,,,maintenance,Reparation d'equipements electriques,TOULOUSE,31100,31,05 62 87 80 80,spelem83@spelem.com,mx_ok,FID SUD AUDIT,Commissaire aux comptes suppléant,email+12|tel+10|ca+15|effectif+10|categorie+5|multi-agences+8|anciennete+5|dirigeant+5,https://www.pappers.fr/entreprise/322344912,https://annuaire-entreprises.data.gouv.fr/entreprise/322344912,"https://www.google.com/maps?q=43.5458813257387,1.40684401766016",https://www.google.com/search?q=SPELEM+TOULOUSE,https://www.linkedin.com/search/results/companies/?keywords=SPELEM,https://www.pagesjaunes.fr/annuaire/chercherlespros?quoiqui=SPELEM&ou=TOULOUSE,https://www.societe.com/cgi-bin/search?champs=322344912,https://fr.trustpilot.com/review/spelem.com,https://fr.linkedin.com/company/spelem,spelem.com,20-49,PME,4,5,5152916,94559,2024,45,1981-07-27,SAS,,3248,FR38322344912,active,322344912,32234491200041,33.14Z,35 AVENUE DE LARRIEU 9 RUE GASTON EVRARD 31100 TOULOUSE,43.5458813257387,1.40684401766016,site,non,spelem31@spelem.com; spelem33@spelem.com; spelem64@spelem.com,ACG AUDIT CONSULTING GROUP (Commissaire aux comptes titulaire); TECNALINK (Président de SAS),oui,oui,2026-08-08,sirene,TOULOUSE
DAMRYS,A,70,a contacter,,,,,,,,,,,,maintenance,Reparation de machines et equipements mecaniques,VIGNEUX-DE-BRETAGNE,44360,44,02 40 67 18 53,damrys@damrys.fr,mx_ok,H.D.M.R,Président de SAS,email+12|tel+10|ca+15|effectif+10|categorie+5|multi-agences+8|anciennete+5|dirigeant+5,https://www.pappers.fr/entreprise/898785894,https://annuaire-entreprises.data.gouv.fr/entreprise/898785894,"https://www.google.com/maps?q=47.3043196611052,-1.7547601777453",https://www.google.com/search?q=DAMRYS+VIGNEUX-DE-BRETAGNE,https://www.linkedin.com/search/results/companies/?keywords=DAMRYS,https://www.pagesjaunes.fr/annuaire/chercherlespros?quoiqui=DAMRYS&ou=VIGNEUX-DE-BRETAGNE,https://www.societe.com/cgi-bin/search?champs=898785894,https://fr.trustpilot.com/review/damrys.fr,https://www.linkedin.com/company/damrys,damrys.fr,100-199,PME,3,3,32108703,584555,2024,5,2021-04-28,SAS,,3248,FR00898785894,active,898785894,89878589400012,33.12Z,ZONE ARTISANALE LA BILIAIS DENIAUD 1 RUE RENE PANHARD 44360 VIGNEUX-DE-BRETAGNE,47.3043196611052,-1.7547601777453,site,non,,BAMAUDIT (Commissaire aux comptes titulaire),oui,oui,2026-08-04,sirene,VIGNEUX-DE-BRETAGNE
NANFOURMA,A,70,a contacter,,,,,,,,,,,,maintenance,Reparation de machines et equipements mecaniques,SAINT-HERBLAIN,44800,44,02 40 63 09 49,nanfourma@nanfourma.fr,mx_ok,JEAN-LUC MOUEZY,Gérant,email+12|tel+10|ca+15|effectif+10|categorie+5|multi-agences+8|anciennete+5|dirigeant+5,https://www.pappers.fr/entreprise/309494896,https://annuaire-entreprises.data.gouv.fr/entreprise/309494896,"https://www.google.com/maps?q=47.233080138,-1.65137256",https://www.google.com/search?q=NANFOURMA+SAINT-HERBLAIN,https://www.linkedin.com/search/results/companies/?keywords=NANFOURMA,https://www.pagesjaunes.fr/annuaire/chercherlespros?quoiqui=NANFOURMA&ou=SAINT-HERBLAIN,https://www.societe.com/cgi-bin/search?champs=309494896,https://fr.trustpilot.com/review/nanfourma.fr,,nanfourma.fr,20-49,PME,2,3,5981590,124419,2024,49,1977-01-01,SARL,,3248,FR21309494896,active,309494896,30949489600033,33.12Z,ZONE INDUSTRIELLE DE LA LORIE 22 RUE BOBBY SANDS 44800 SAINT-HERBLAIN,47.233080138,-1.65137256,site,non,,,oui,oui,2026-08-08,sirene,SAINT-HERBLAIN
CLIMEFROID,A,70,a contacter,,,,,,,,,,,,maintenance,Installation de machines et equipements mecaniques,CLAIX,16440,16,05 45 66 34 16,contact@climefroid16.com,mx_ok,SYLVAIN BERNARD BRANDY (BRANDY),Président de SAS,email+20|tel+10|ca+15|effectif+10|categorie+5|anciennete+5|dirigeant+5,https://www.pappers.fr/entreprise/326354339,https://annuaire-entreprises.data.gouv.fr/entreprise/326354339,"https://www.google.com/maps?q=45.559270505,0.0427418954",https://www.google.com/search?q=CLIMEFROID+CLAIX,https://www.linkedin.com/search/results/companies/?keywords=CLIMEFROID,https://www.pagesjaunes.fr/annuaire/chercherlespros?quoiqui=CLIMEFROID&ou=CLAIX,https://www.societe.com/cgi-bin/search?champs=326354339,https://fr.trustpilot.com/review/climefroid.fr,,climefroid.fr,10-19,PME,1,1,2645176,286393,2025,50,1976-01-01,SAS,,1412,FR28326354339,active,326354339,32635433900029,33.20B,LD LE MOULIN A VENT 16440 CLAIX,45.559270505,0.0427418954,site-generique,non,,ROMAIN NICOLAS SILVIO MICHEL PONTALLIER (Directeur Général); STEPHANE TERRADE (TERRADE) (Gérant),oui,oui,2026-08-06,sirene,CLAIX
CMT SERVICES,A,70,a contacter,,,,,,,,,,,,maintenance,Reparation d'equipements electriques,AIX-EN-PROVENCE,13290,13,05 31 98 32 05,info@cmtservices.net,mx_ok,AGNES PERROT,Commissaire aux comptes suppléant,email+20|tel+10|ca+15|effectif+10|categorie+5|anciennete+5|dirigeant+5,https://www.pappers.fr/entreprise/817964430,https://annuaire-entreprises.data.gouv.fr/entreprise/817964430,"https://www.google.com/maps?q=43.481831478,5.3897586019",https://www.google.com/search?q=CMT+SERVICES+AIX-EN-PROVENCE,https://www.linkedin.com/search/results/companies/?keywords=CMT+SERVICES,https://www.pagesjaunes.fr/annuaire/chercherlespros?quoiqui=CMT+SERVICES&ou=AIX-EN-PROVENCE,https://www.societe.com/cgi-bin/search?champs=817964430,https://fr.trustpilot.com/review/cmtservices.net,,cmtservices.net,50-99,ETI,1,2,8346675,-607532,2024,10,2016-01-19,SAS,,3248,FR09817964430,active,817964430,81796443000026,33.14Z,LES MILLES 135 RUE EMILIEN GAUTIER 13290 AIX-EN-PROVENCE,43.481831478,5.3897586019,site-generique,non,support@cmtservices.net,EXPA 13 (Commissaire aux comptes titulaire); FINANCIERE CMT (Président de SAS),oui,oui,2026-08-05,sirene,AIX-EN-PROVENCE
METAPROD,A,70,a contacter,,,,,,,,,,,,maintenance,Reparation de machines et equipements mecaniques,PORT-LA-NOUVELLE,11210,11,04 84 49 63 67,contact@metaprod.fr,mx_ok,PASCALE LA VILLA (PEREZ),Gérant,email+20|tel+10|ca+15|effectif+10|categorie+5|anciennete+5|dirigeant+5,https://www.pappers.fr/entreprise/452506660,https://annuaire-entreprises.data.gouv.fr/entreprise/452506660,"https://www.google.com/maps?q=43.016733545,3.0357590519",https://www.google.com/search?q=METAPROD+PORT-LA-NOUVELLE,https://www.linkedin.com/search/results/companies/?keywords=METAPROD,https://www.pagesjaunes.fr/annuaire/chercherlespros?quoiqui=METAPROD&ou=PORT-LA-NOUVELLE,https://www.societe.com/cgi-bin/search?champs=452506660,https://fr.trustpilot.com/review/metaprod.fr,https://www.linkedin.com/company/metaprod-aix,metaprod.fr,10-19,PME,1,2,363093,21107,2015,22,2004-03-15,SARL,,3248,FR45452506660,active,452506660,45250666000029,33.12Z,501 AVENUE DE CATALOGNE 11210 PORT-LA-NOUVELLE,43.016733545,3.0357590519,site-generique,non,contact@atelier-majelan.com,,oui,oui,2026-08-04,sirene,PORT-LA-NOUVELLE
OPNA,A,70,a contacter,,,,,,,,,,,,maintenance,Autres travaux d'installation n.c.a.,RAMONVILLE-SAINT-AGNE,31520,31,05 32 09 49 33,contact.lyon@opna.fr,mx_ok,BENOIT COURNET,Gérant,email+20|tel+10|ca+15|effectif+10|categorie+5|anciennete+5|dirigeant+5,https://www.pappers.fr/entreprise/814250361,https://annuaire-entreprises.data.gouv.fr/entreprise/814250361,"https://www.google.com/maps?q=43.552280898,1.4875916941",https://www.google.com/search?q=OPNA+RAMONVILLE-SAINT-AGNE,https://www.linkedin.com/search/results/companies/?keywords=OPNA,https://www.pagesjaunes.fr/annuaire/chercherlespros?quoiqui=OPNA&ou=RAMONVILLE-SAINT-AGNE,https://www.societe.com/cgi-bin/search?champs=814250361,https://fr.trustpilot.com/review/opna.fr,,opna.fr,20-49,PME,1,3,5576777,255364,2024,11,2015-10-21,SARL,,3248,FR95814250361,active,814250361,81425036100031,43.29B,20 AVENUE DE L'EUROPE 31520 RAMONVILLE-SAINT-AGNE,43.552280898,1.4875916941,site-generique,non,contact.accesconcept@opna.fr; contact.bordeaux@opna.fr; contact.pau@opna.fr; contact@opna.fr; contact@sud-maintenance.fr,ARNAUD HENRI JEAN HILAIRE TEYSSENDIER DE LA SERVE (Gérant); ACG AUDIT CONSULTING GROUP (Commissaire aux comptes titulaire),oui,oui,2026-08-09,sirene,RAMONVILLE-SAINT-AGNE
ORYUS,A,70,a contacter,,,,,,,,,,,,maintenance,Reparation de machines et equipements mecaniques,SAINT-EVARZEC,29170,29,02 98 94 63 06,info@oryus.bzh,mx_ok,DOMINIQUE LE LOUARN (LE LOUARN),Président de SAS,email+20|tel+10|ca+15|effectif+10|categorie+5|anciennete+5|dirigeant+5,https://www.pappers.fr/entreprise/503454720,https://annuaire-entreprises.data.gouv.fr/entreprise/503454720,"https://www.google.com/maps?q=47.973787723,-3.994094771",https://www.google.com/search?q=ORYUS+SAINT-EVARZEC,https://www.linkedin.com/search/results/companies/?keywords=ORYUS,https://www.pagesjaunes.fr/annuaire/chercherlespros?quoiqui=ORYUS&ou=SAINT-EVARZEC,https://www.societe.com/cgi-bin/search?champs=503454720,https://fr.trustpilot.com/review/oryus.fr,https://www.linkedin.com/company/re-flex29,oryus.fr,10-19,PME,1,2,1572450,64621,2024,18,2008-03-18,SAS,,3248,FR64503454720,active,503454720,50345472000023,33.12Z,ZA DE TROYALAC H 16 RUE NICOLAS APPERT 29170 SAINT-EVARZEC,47.973787723,-3.994094771,site-generique,non,romain@oryus.bzh; webmaster@seatosea.fr,ROMAIN LE LOUARN (LE LOUARN) (Directeur Général),oui,oui,2026-08-08,sirene,SAINT-EVARZEC
PROVENCE HYDRAULIQUE,A,70,a contacter,,,,,,,,,,,,maintenance,Reparation de machines et equipements mecaniques,SAINT-MARTIN-DE-CRAU,13310,13,04 34 03 03 20,contact@provencehydraulique.fr,mx_ok,ANTOINE TALON,Directeur Général,email+20|tel+10|ca+15|effectif+10|categorie+5|anciennete+5|dirigeant+5,https://www.pappers.fr/entreprise/882211220,https://annuaire-entreprises.data.gouv.fr/entreprise/882211220,"https://www.google.com/maps?q=43.622463974,4.7880350243",https://www.google.com/search?q=PROVENCE+HYDRAULIQUE+SAINT-MARTIN-DE-CRAU,https://www.linkedin.com/search/results/companies/?keywords=PROVENCE+HYDRAULIQUE,https://www.pagesjaunes.fr/annuaire/chercherlespros?quoiqui=PROVENCE+HYDRAULIQUE&ou=SAINT-MARTIN-DE-CRAU,https://www.societe.com/cgi-bin/search?champs=882211220,https://fr.trustpilot.com/review/provencehydraulique.fr,https://fr.linkedin.com/company/hydrotec-provence-hydraulique,provencehydraulique.fr,20-49,PME,1,1,2621475,40878,2024,6,2020-03-16,SAS,,3248,FR21882211220,active,882211220,88221122000018,33.12Z,ZI DU BOIS DE LEUZE 18 AVENUE MARIE CURIE 13310 SAINT-MARTIN-DE-CRAU,43.622463974,4.7880350243,site-generique,non,,SOCIETE PROVENCALE DE VENTE DE MATERIEL (Président de SAS),oui,oui,2026-08-05,sirene,SAINT-MARTIN-DE-CRAU
THIONNET SERVICE INDUSTRIE,A,70,a contacter,,,,,,,,,,,,maintenance,Reparation d'equipements electriques,SURGERES,17700,17,05 46 07 05 94,contact@thionnet.fr,mx_ok,JEAN DENIS THIONNET,Gérant,email+20|tel+10|ca+15|effectif+10|categorie+5|anciennete+5|dirigeant+5,https://www.pappers.fr/entreprise/393111497,https://annuaire-entreprises.data.gouv.fr/entreprise/393111497,"https://www.google.com/maps?q=46.111605208,-0.778826284",https://www.google.com/search?q=THIONNET+SERVICE+INDUSTRIE+SURGERES,https://www.linkedin.com/search/results/companies/?keywords=THIONNET+SERVICE+INDUSTRIE,https://www.pagesjaunes.fr/annuaire/chercherlespros?quoiqui=THIONNET+SERVICE+INDUSTRIE&ou=SURGERES,https://www.societe.com/cgi-bin/search?champs=393111497,https://fr.trustpilot.com/review/thionnetserviceindustrie.fr,,thionnetserviceindustrie.fr,10-19,PME,1,1,2376396,82923,2024,33,1993-04-01,SARL,,"2609, 1597",FR64393111497,active,393111497,39311149700011,33.14Z,ZI OUEST VOIE D RUE HILAIRE SASSARO 17700 SURGERES,46.111605208,-0.778826284,site-generique,non,,JEAN-DENIS THIONNET (Gérant); VIVIEN PIERRE-LUC THIONNET (Gérant),oui,oui,2026-08-06,sirene,SURGERES
HYDROSYSTEM SA,A,68,a contacter,,,,,,,,,,,,maintenance,Installation de machines et equipements mecaniques,ROMANS-SUR-ISERE,26100,26,,info@hydrosystem.com,mx_ok,JEAN-JACQUES GAUDILLAT,Commissaire aux comptes suppléant,email+20|ca+15|effectif+10|categorie+5|multi-agences+8|anciennete+5|dirigeant+5,https://www.pappers.fr/entreprise/348007147,https://annuaire-entreprises.data.gouv.fr/entreprise/348007147,"https://www.google.com/maps?q=45.051982483,5.0824980964",https://www.google.com/search?q=HYDROSYSTEM+SA+ROMANS-SUR-ISERE,https://www.linkedin.com/search/results/companies/?keywords=HYDROSYSTEM+SA,https://www.pagesjaunes.fr/annuaire/chercherlespros?quoiqui=HYDROSYSTEM+SA&ou=ROMANS-SUR-ISERE,https://www.societe.com/cgi-bin/search?champs=348007147,https://fr.trustpilot.com/review/hydrosystem.com,https://www.linkedin.com/company/2987683,hydrosystem.com,20-49,PME,5,10,8430813,-981707,2023,38,1988-09-01,SAS,,,FR74348007147,active,348007147,34800714700039,33.20B,11 AVENUE DES ALLOBROGES 26100 ROMANS-SUR-ISERE,45.051982483,5.0824980964,site-generique,non,orders@hydrosystem.com; support@hydrosystem.com,EUREX-CRMD (Commissaire aux comptes titulaire); MARMOUZ (Directeur Général); 2PFL (Président de SAS),oui,oui,2026-08-07,sirene,ROMANS-SUR-ISERE
VALIANCE,A,68,a contacter,,,,,,,,,,,,maintenance,Reparation d'equipements electriques,GENAS,69740,69,,contact@valiance.fr,mx_ok,JEROME JEAN-MARIE GERARD ALLIX,Président de SAS,email+20|ca+15|effectif+10|categorie+5|multi-agences+8|anciennete+5|dirigeant+5,https://www.pappers.fr/entreprise/409377736,https://annuaire-entreprises.data.gouv.fr/entreprise/409377736,"https://www.google.com/maps?q=45.7261517194162,4.98253010907475",https://www.google.com/search?q=VALIANCE+GENAS,https://www.linkedin.com/search/results/companies/?keywords=VALIANCE,https://www.pagesjaunes.fr/annuaire/chercherlespros?quoiqui=VALIANCE&ou=GENAS,https://www.societe.com/cgi-bin/search?champs=409377736,https://fr.trustpilot.com/review/valiance.fr,https://fr.linkedin.com/company/valiance,valiance.fr,100-199,GE,4,7,32375517,-6093427,2024,30,1996-10-01,SAS,,3248,FR21409377736,active,409377736,40937773600064,33.14Z,8 RUE JOSEPH NICEPHORE NIEPCE 69740 GENAS,45.7261517194162,4.98253010907475,site-generique,non,,DAVID HENRI GUILLON (Directeur Général); BDO AQUITAINE (Commissaire aux comptes titulaire),oui,oui,2026-08-07,sirene,GENAS
LES COMPAGNONS DU VENT,A,68,a contacter,,,,,,,,,,,,maintenance,Installation de machines et equipements mecaniques,GUIPAVAS,29490,29,02 98 42 85 52,contact@etis-diagnostic.fr,mx_ok,MARISA,Président de SAS,email+20|tel+10|effectif+10|categorie+5|multi-agences+8|anciennete+5|dirigeant+5|labels+5,https://www.pappers.fr/entreprise/534679238,https://annuaire-entreprises.data.gouv.fr/entreprise/534679238,"https://www.google.com/maps?q=48.4401464238456,-4.4071627281264",https://www.google.com/search?q=LES+COMPAGNONS+DU+VENT+GUIPAVAS,https://www.linkedin.com/search/results/companies/?keywords=LES+COMPAGNONS+DU+VENT,https://www.pagesjaunes.fr/annuaire/chercherlespros?quoiqui=LES+COMPAGNONS+DU+VENT&ou=GUIPAVAS,https://www.societe.com/cgi-bin/search?champs=534679238,https://fr.trustpilot.com/review/lescompagnonsduvent.fr,https://www.linkedin.com/company/26237638,lescompagnonsduvent.fr,10-19,PME,3,6,,107136,2022,15,2011-11-01,SAS,RGE,1412,FR39534679238,active,534679238,53467923800020,33.20B,170 RUE JEAN MONNET 29490 GUIPAVAS,48.4401464238456,-4.4071627281264,site-generique,non,,,oui,oui,2026-08-08,sirene,GUIPAVAS
PERTUIS FROID,A,68,a contacter,,,,,,,,,,,,maintenance,Installation de machines et equipements mecaniques,PERTUIS,84120,84,04 90 79 05 44,contact@pertuis-froid.com,mx_ok,MARC PETRILLO,Commissaire aux comptes suppléant,email+20|tel+10|effectif+10|categorie+5|multi-agences+8|anciennete+5|dirigeant+5|labels+5,https://www.pappers.fr/entreprise/321920886,https://annuaire-entreprises.data.gouv.fr/entreprise/321920886,"https://www.google.com/maps?q=43.681833797,5.5050200482",https://www.google.com/search?q=PERTUIS+FROID+PERTUIS,https://www.linkedin.com/search/results/companies/?keywords=PERTUIS+FROID,https://www.pagesjaunes.fr/annuaire/chercherlespros?quoiqui=PERTUIS+FROID&ou=PERTUIS,https://www.societe.com/cgi-bin/search?champs=321920886,https://fr.trustpilot.com/review/pertuisfroid.com,https://www.linkedin.com/company/pertuis-froid,pertuisfroid.com,20-49,PME,3,4,,728514,2024,45,1981-04-01,SAS,RGE,1412,FR18321920886,active,321920886,32192088600017,33.20B,ZONE INDUSTRIELLE 45 SAINT MARTIN 84120 PERTUIS,43.681833797,5.5050200482,site-generique,non,pbagnpg@creghvf-sebvq.pbz,PATRICK ROUX (Commissaire aux comptes titulaire); MABUHER (Président de SAS),oui,oui,2026-08-08,sirene,PERTUIS
HOME CONFORT & TECHNOLOGIES,A,68,a contacter,,,,,,,,,,,,maintenance,Autres travaux d'installation n.c.a.,CAVEIRAC,30820,30,04 69 00 14 47,contact@home-confort-technologies.com,mx_ok,SEBASTIEN PASCAL BENOIT,Gérant,email+20|tel+10|effectif+10|categorie+5|multi-agences+8|anciennete+5|dirigeant+5|labels+5,https://www.pappers.fr/entreprise/513618918,https://annuaire-entreprises.data.gouv.fr/entreprise/513618918,"https://www.google.com/maps?q=43.8229523529609,4.26777194814298",https://www.google.com/search?q=HOME+CONFORT+%26+TECHNOLOGIES+CAVEIRAC,https://www.linkedin.com/search/results/companies/?keywords=HOME+CONFORT+%26+TECHNOLOGIES,https://www.pagesjaunes.fr/annuaire/chercherlespros?quoiqui=HOME+CONFORT+%26+TECHNOLOGIES&ou=CAVEIRAC,https://www.societe.com/cgi-bin/search?champs=513618918,https://fr.trustpilot.com/review/homeconforttechnologies.com,,homeconforttechnologies.com,10-19,PME,2,6,,-86608,2024,17,2009-08-01,SARL,RGE,"2420, 1596",FR29513618918,active,513618918,51361891800041,43.29B,31 ROUTE DE NIMES 30820 CAVEIRAC,43.8229523529609,4.26777194814298,site-generique,non,,DORIAN JEAN-CLAUDE GOUDET (Gérant),oui,oui,2026-08-08,sirene,CAVEIRAC
LAUTECH,A,68,a contacter,,,,,,,,,,,,maintenance,"Installation d'equipements electriques, de materiels electroniques et optiques ou d'autres materiels",LANESTER,56600,56,06 55 10 98 72,contact@lautech.fr,mx_ok,GROUPE ALLEZ,Président de SAS,email+20|tel+10|effectif+10|categorie+5|multi-agences+8|anciennete+5|dirigeant+5|labels+5,https://www.pappers.fr/entreprise/484167671,https://annuaire-entreprises.data.gouv.fr/entreprise/484167671,"https://www.google.com/maps?q=47.788509883,-3.316577292",https://www.google.com/search?q=LAUTECH+LANESTER,https://www.linkedin.com/search/results/companies/?keywords=LAUTECH,https://www.pagesjaunes.fr/annuaire/chercherlespros?quoiqui=LAUTECH&ou=LANESTER,https://www.societe.com/cgi-bin/search?champs=484167671,https://fr.trustpilot.com/review/lautech.fr,https://fr.linkedin.com/company/lautech-electricite,lautech.fr,50-99,ETI,2,3,,639748,2024,21,2005-09-19,SAS,RGE,3248,FR96484167671,active,484167671,48416767100037,33.20D,280 RUE JEAN-NOEL JEGO 56600 LANESTER,47.788509883,-3.316577292,site-generique,non,dpo@allez.fr,GROUPE EUROEXCEL (Commissaire aux comptes titulaire),oui,oui,2026-08-08,sirene,LANESTER
BODET CAMPANAIRE,A,66,a contacter,,,,,,,,,,,,maintenance,"Installation d'equipements electriques, de materiels electroniques et optiques ou d'autres materiels",TREMENTINES,49340,49,08 25 06 68 71,,,JEAN-LUC FERRANT,Directeur Général,site+8|tel+10|ca+15|effectif+10|categorie+5|multi-agences+8|anciennete+5|dirigeant+5,https://www.pappers.fr/entreprise/823930268,https://annuaire-entreprises.data.gouv.fr/entreprise/823930268,"https://www.google.com/maps?q=47.1260155,-0.785040748",https://www.google.com/search?q=BODET+CAMPANAIRE+TREMENTINES,https://www.linkedin.com/search/results/companies/?keywords=BODET+CAMPANAIRE,https://www.pagesjaunes.fr/annuaire/chercherlespros?quoiqui=BODET+CAMPANAIRE&ou=TREMENTINES,https://www.societe.com/cgi-bin/search?champs=823930268,https://fr.trustpilot.com/review/bodetcampanaire.fr,https://www.linkedin.com/company/bodet-campanaire-fr,bodetcampanaire.fr,100-199,ETI,7,13,16363297,-241675,2024,10,2016-11-24,SAS,,3248,FR53823930268,active,823930268,82393026800086,33.20D,19 RUE DE LA FONTAINE 49340 TREMENTINES,47.1260155,-0.785040748,,,,BECOUZE (Commissaire aux comptes titulaire); GROUPE Y NANTES ATLANTIQUE (Commissaire aux comptes titulaire); BODET SA (Président de SAS),oui,oui,2026-08-04,sirene,TREMENTINES
EXLAIR,A,66,a contacter,,,,,,,,,,,,maintenance,Reparation d'equipements electriques,FREPILLON,95740,95,04 29 25 64 28,,,FRANCK ALBERT FERNAND BORGNON,Président de SAS,site+8|tel+10|ca+15|effectif+10|categorie+5|multi-agences+8|anciennete+5|dirigeant+5,https://www.pappers.fr/entreprise/305448870,https://annuaire-entreprises.data.gouv.fr/entreprise/305448870,"https://www.google.com/maps?q=49.0459888450755,2.19489635417396",https://www.google.com/search?q=EXLAIR+FREPILLON,https://www.linkedin.com/search/results/companies/?keywords=EXLAIR,https://www.pagesjaunes.fr/annuaire/chercherlespros?quoiqui=EXLAIR&ou=FREPILLON,https://www.societe.com/cgi-bin/search?champs=305448870,https://fr.trustpilot.com/review/exlair.fr,,exlair.fr,50-99,ETI,7,14,18607522,669398,2025,54,1972-01-01,SAS,,0573,FR38305448870,active,305448870,30544887000108,33.14Z,ZAC DES EPINEAUX 14 AVENUE LOUIS BLERIOT 95740 FREPILLON,49.0459888450755,2.19489635417396,,,,ERNST & YOUNG AUDIT (Commissaire aux comptes titulaire),oui,oui,2026-08-02,sirene,FREPILLON
SEVES,A,66,a contacter,,,,,,,,,,,,maintenance,Reparation d'equipements electriques,DRACY-LE-FORT,71640,71,03 85 48 29 15,,,LAURENT BONNEAU,Président de SAS,site+8|tel+10|ca+15|effectif+10|categorie+5|multi-agences+8|anciennete+5|dirigeant+5,https://www.pappers.fr/entreprise/319369849,https://annuaire-entreprises.data.gouv.fr/entreprise/319369849,"https://www.google.com/maps?q=46.7958514217519,4.78848454668965",https://www.google.com/search?q=SEVES+DRACY-LE-FORT,https://www.linkedin.com/search/results/companies/?keywords=SEVES,https://www.pagesjaunes.fr/annuaire/chercherlespros?quoiqui=SEVES&ou=DRACY-LE-FORT,https://www.societe.com/cgi-bin/search?champs=319369849,https://fr.trustpilot.com/review/seves.fr,https://www.linkedin.com/company/seves-sas,seves.fr,20-49,GE,5,9,7374783,-91792,2024,46,1980-07-09,SAS,,3248,FR13319369849,active,319369849,31936984900082,33.14Z,3 ZA LA TUILERIE 71640 DRACY-LE-FORT,46.7958514217519,4.78848454668965,,,,JEAN JACQUES ROCHON (ROCHON) (Président du conseil d’administration et directeur général); PRICEWATERHOUSECOOPERS AUDIT (Commissaire aux comptes titulaire),oui,oui,2026-08-08,sirene,DRACY-LE-FORT
A PLUS SOLUTIONS,A,66,a contacter,,,,,,,,,,,,maintenance,Autres travaux d'installation n.c.a.,SAINT-VICTORET,13730,13,09 44 03 99 88,,,HAMOZA,Président de SAS,site+8|tel+10|ca+15|effectif+10|categorie+5|multi-agences+8|anciennete+5|dirigeant+5,https://www.pappers.fr/entreprise/513343269,https://annuaire-entreprises.data.gouv.fr/entreprise/513343269,"https://www.google.com/maps?q=43.4199564060183,5.24865917406924",https://www.google.com/search?q=A+PLUS+SOLUTIONS+SAINT-VICTORET,https://www.linkedin.com/search/results/companies/?keywords=A+PLUS+SOLUTIONS,https://www.pagesjaunes.fr/annuaire/chercherlespros?quoiqui=A+PLUS+SOLUTIONS&ou=SAINT-VICTORET,https://www.societe.com/cgi-bin/search?champs=513343269,https://fr.trustpilot.com/review/aplussolutions.org,,aplussolutions.org,20-49,PME,4,7,3389740,92313,2024,17,2009-06-23,SAS,,3248,FR07513343269,active,513343269,51334326900041,43.29B,987 BOULEVARD ROBERT FERRISSE 13730 SAINT-VICTORET,43.4199564060183,5.24865917406924,,,,,oui,oui,2026-08-04,sirene,SAINT-VICTORET
HYDRO EUROPE SERVICE,A,66,a contacter,,,,,,,,,,,,maintenance,Reparation de machines et equipements mecaniques,LYON,69002,69,05 57 43 69 80,,,PHILIPPE JEAN PIERRE MERLIN,Président de SAS,site+8|tel+10|ca+15|effectif+10|categorie+5|multi-agences+8|anciennete+5|dirigeant+5,https://www.pappers.fr/entreprise/418300596,https://annuaire-entreprises.data.gouv.fr/entreprise/418300596,"https://www.google.com/maps?q=45.7599461327144,4.83604688092242",https://www.google.com/search?q=HYDRO+EUROPE+SERVICE+LYON,https://www.linkedin.com/search/results/companies/?keywords=HYDRO+EUROPE+SERVICE,https://www.pagesjaunes.fr/annuaire/chercherlespros?quoiqui=HYDRO+EUROPE+SERVICE&ou=LYON,https://www.societe.com/cgi-bin/search?champs=418300596,https://fr.trustpilot.com/review/hydroeuropeservice.fr,https://www.linkedin.com/company/hydroeuropeservice,hydroeuropeservice.fr,20-49,ETI,4,8,9880572,397638,2024,28,1998-04-01,SAS,,"1702, 9999",FR93418300596,active,418300596,41830059600073,33.12Z,22 RUE CHILDEBERT 69002 LYON,45.7599461327144,4.83604688092242,,,,ORFIS (Autre),oui,oui,2026-08-09,sirene,LYON
BORELEC,A,66,a contacter,,,,,,,,,,,,maintenance,Reparation d'equipements electriques,BRETTEVILLE-SUR-ODON,14760,14,06 73 80 80 80,,,HAES,Président de SAS,site+8|tel+10|ca+15|effectif+10|categorie+5|multi-agences+8|anciennete+5|dirigeant+5,https://www.pappers.fr/entreprise/340991868,https://annuaire-entreprises.data.gouv.fr/entreprise/340991868,"https://www.google.com/maps?q=49.185524966,-0.413862014",https://www.google.com/search?q=BORELEC+BRETTEVILLE-SUR-ODON,https://www.linkedin.com/search/results/companies/?keywords=BORELEC,https://www.pagesjaunes.fr/annuaire/chercherlespros?quoiqui=BORELEC&ou=BRETTEVILLE-SUR-ODON,https://www.societe.com/cgi-bin/search?champs=340991868,https://fr.trustpilot.com/review/borelec.com,,borelec.com,10-19,PME,3,4,2523525,273161,2024,39,1987-02-02,SAS,,3248,FR36340991868,active,340991868,34099186800035,33.14Z,ZA DE LA GRANDE PLAINE 10 AVENUE DES CARRIERES 14760 BRETTEVILLE-SUR-ODON,49.185524966,-0.413862014,,,,,oui,oui,2026-08-05,sirene,BRETTEVILLE-SUR-ODON
LE POLE EQUIPEMENT,A,66,a contacter,,,,,,,,,,,,maintenance,Reparation de machines et equipements mecaniques,BRECH,56400,56,06 25 65 85 23,,,LG CONCEPT,Directeur Général,site+8|tel+10|ca+15|effectif+10|categorie+5|multi-agences+8|anciennete+5|dirigeant+5,https://www.pappers.fr/entreprise/511985251,https://annuaire-entreprises.data.gouv.fr/entreprise/511985251,https://www.google.com/maps/search/?api=1&query=LE+POLE+EQUIPEMENT+BRECH,https://www.google.com/search?q=LE+POLE+EQUIPEMENT+BRECH,https://www.linkedin.com/search/results/companies/?keywords=LE+POLE+EQUIPEMENT,https://www.pagesjaunes.fr/annuaire/chercherlespros?quoiqui=LE+POLE+EQUIPEMENT&ou=BRECH,https://www.societe.com/cgi-bin/search?champs=511985251,https://fr.trustpilot.com/review/lepoleequipement.com,,lepoleequipement.com,10-19,PME,3,5,3678634,164345,2024,17,2009-05-02,SAS,,1412,FR50511985251,active,511985251,51198525100038,33.12Z,ZONE INDUSTRIELLE DE KERIQUELLAN 56400 BRECH,,,,,,BPS HOLD (Président de SAS),oui,oui,2026-08-08,sirene,BRECH
VALMET SAS,A,66,a contacter,,,,,,,,,,,,maintenance,Reparation de machines et equipements mecaniques,CERNAY,68700,68,08 04 19 06 23,,,CATHERINE SWIDLI (BAUMLIN),Président de SAS,site+8|tel+10|ca+15|effectif+10|categorie+5|multi-agences+8|anciennete+5|dirigeant+5,https://www.pappers.fr/entreprise/401247523,https://annuaire-entreprises.data.gouv.fr/entreprise/401247523,"https://www.google.com/maps?q=47.798858375,7.2008824117",https://www.google.com/search?q=VALMET+SAS+CERNAY,https://www.linkedin.com/search/results/companies/?keywords=VALMET+SAS,https://www.pagesjaunes.fr/annuaire/chercherlespros?quoiqui=VALMET+SAS&ou=CERNAY,https://www.societe.com/cgi-bin/search?champs=401247523,https://fr.trustpilot.com/review/valmet.com,https://www.linkedin.com/company/valmet,valmet.com,50-99,ETI,3,7,69432681,2901401,2024,31,1995-05-24,SAS,,0044,FR32401247523,active,401247523,40124752300020,33.12Z,ZONE INDUSTRIELLE 5 RUE DE L’INDUSTRIE 68700 CERNAY,47.798858375,7.2008824117,,,,PKF ARSILON COMMISSARIAT AUX COMPTES (Commissaire aux comptes titulaire),oui,oui,2026-08-01,sirene,CERNAY
HYDRAU CAEN,A,66,a contacter,,,,,,,,,,,,maintenance,Reparation de machines et equipements mecaniques,MONDEVILLE,14120,14,02 31 83 08 52,,,JULIEN LEON RAYMOND CARON,Gérant,site+8|tel+10|ca+15|effectif+10|categorie+5|multi-agences+8|anciennete+5|dirigeant+5,https://www.pappers.fr/entreprise/442177994,https://annuaire-entreprises.data.gouv.fr/entreprise/442177994,"https://www.google.com/maps?q=49.1607637934171,-0.322060882157431",https://www.google.com/search?q=HYDRAU+CAEN+MONDEVILLE,https://www.linkedin.com/search/results/companies/?keywords=HYDRAU+CAEN,https://www.pagesjaunes.fr/annuaire/chercherlespros?quoiqui=HYDRAU+CAEN&ou=MONDEVILLE,https://www.societe.com/cgi-bin/search?champs=442177994,https://fr.trustpilot.com/review/hydraucaen.fr,,hydraucaen.fr,10-19,PME,2,4,2054538,298401,2024,24,2002-06-01,SARL,,1404,FR18442177994,active,442177994,44217799400021,33.12Z,11 RUE ANDRE AMPERE 14120 MONDEVILLE,49.1607637934171,-0.322060882157431,,,,,oui,oui,2026-08-05,sirene,MONDEVILLE
RATP MAINTENANCE SERVICES,A,66,a contacter,,,,,,,,,,,,maintenance,Autres travaux d'installation n.c.a.,BUSSY-SAINT-MARTIN,77600,77,04 75 13 73 31,,,PIERRE EMMANUEL GHISLAIN HERRIAU,Président de SAS,site+8|tel+10|ca+15|effectif+10|categorie+5|multi-agences+8|anciennete+5|dirigeant+5,https://www.pappers.fr/entreprise/788503084,https://annuaire-entreprises.data.gouv.fr/entreprise/788503084,"https://www.google.com/maps?q=48.846491397,2.6628507008",https://www.google.com/search?q=RATP+MAINTENANCE+SERVICES+BUSSY-SAINT-MARTIN,https://www.linkedin.com/search/results/companies/?keywords=RATP+MAINTENANCE+SERVICES,https://www.pagesjaunes.fr/annuaire/chercherlespros?quoiqui=RATP+MAINTENANCE+SERVICES&ou=BUSSY-SAINT-MARTIN,https://www.societe.com/cgi-bin/search?champs=788503084,https://fr.trustpilot.com/review/ratpmaintenanceservices.fr,https://www.linkedin.com/company/ratp-maintenance-services,ratpmaintenanceservices.fr,50-99,GE,2,3,14070274,333714,2024,14,2012-09-27,SAS,,3248,FR43788503084,active,788503084,78850308400030,43.29B,24-30-LANGLOIS 24 AV DU GUE LANGLOIS ZAE DU GUE 77600 BUSSY-SAINT-MARTIN,48.846491397,2.6628507008,,,,GERARD MIQUEROL (MIQUEROL) (Directeur Général); SERGE REYNAUD (REYNAUD) (Président du conseil d’administration); KPMG S.A (Commissaire aux comptes titulaire),oui,oui,2026-08-08,sirene,BUSSY-SAINT-MARTIN
SCOTT AUTOMATION SAS,A,66,a contacter,,,,,,,,,,,,maintenance,Installation de machines et equipements mecaniques,PLOEMEUR,56270,56,01 56 12 27 34,,,MEL-ADMI CONSULTING,,site+8|tel+10|ca+15|effectif+10|categorie+5|multi-agences+8|anciennete+5|dirigeant+5,https://www.pappers.fr/entreprise/529314437,https://annuaire-entreprises.data.gouv.fr/entreprise/529314437,"https://www.google.com/maps?q=47.740829455,-3.405189215",https://www.google.com/search?q=SCOTT+AUTOMATION+SAS+PLOEMEUR,https://www.linkedin.com/search/results/companies/?keywords=SCOTT+AUTOMATION+SAS,https://www.pagesjaunes.fr/annuaire/chercherlespros?quoiqui=SCOTT+AUTOMATION+SAS&ou=PLOEMEUR,https://www.societe.com/cgi-bin/search?champs=529314437,https://fr.trustpilot.com/review/scottautomation.fr,https://www.linkedin.com/company/Scottautomation,scottautomation.fr,10-19,ETI,2,3,8329393,457628,2025,16,2010-12-22,SAS,,3248,FR70529314437,active,529314437,52931443700011,33.20B,PARC TECHNOLOGIQUE DE SOYE ALLEE DE COPERNIC 56270 PLOEMEUR,47.740829455,-3.405189215,,,,,oui,oui,2026-08-04,sirene,PLOEMEUR
QUIETALIS,A,63,a contacter,,,,,,,,,,,,maintenance,Reparation de machines et equipements mecaniques,BIEVRES,91570,91,09 76 14 68 34,contact@quietalis.fr,mx_ok,YVES ANDRÉ JACQUES GRINGUILLARD,Directeur Général,email+20|tel+10|effectif+10|categorie+5|multi-agences+8|anciennete+5|dirigeant+5,https://www.pappers.fr/entreprise/498721067,https://annuaire-entreprises.data.gouv.fr/entreprise/498721067,"https://www.google.com/maps?q=48.767827341,2.216730133",https://www.google.com/search?q=QUIETALIS+BIEVRES,https://www.linkedin.com/search/results/companies/?keywords=QUIETALIS,https://www.pagesjaunes.fr/annuaire/chercherlespros?quoiqui=QUIETALIS&ou=BIEVRES,https://www.societe.com/cgi-bin/search?champs=498721067,https://fr.trustpilot.com/review/quietalis.com,https://www.linkedin.com/company/quietalis,quietalis.com,250-499,ETI,29,55,83492321,-2378683,2023,19,2007-06-20,SAS,,1412,FR02498721067,active,498721067,49872106700417,33.12Z,BUROSPACE BAT 3 1 ROUTE DE GISY 91570 BIEVRES,48.767827341,2.216730133,site-generique,non,,VINCENT STELLIAN (Président de SAS); SEFAC (Commissaire aux comptes titulaire); EXPONENS CONSEIL ET EXPERTISE (Commissaire aux comptes titulaire),oui,oui,2026-08-01,sirene,BIEVRES
L'ASCENSORISTE,A,63,a contacter,,,,,,,,,,,,maintenance,Autres travaux d'installation n.c.a.,VITROLLES,13127,13,08 06 09 00 11,contact@lascensoriste.eu,mx_ok,FRANCIS CARA,Commissaire aux comptes suppléant,email+20|tel+10|effectif+10|categorie+5|multi-agences+8|anciennete+5|dirigeant+5,https://www.pappers.fr/entreprise/898433842,https://annuaire-entreprises.data.gouv.fr/entreprise/898433842,"https://www.google.com/maps?q=43.425767321,5.2410484536",https://www.google.com/search?q=L%27ASCENSORISTE+VITROLLES,https://www.linkedin.com/search/results/companies/?keywords=L%27ASCENSORISTE,https://www.pagesjaunes.fr/annuaire/chercherlespros?quoiqui=L%27ASCENSORISTE&ou=VITROLLES,https://www.societe.com/cgi-bin/search?champs=898433842,https://fr.trustpilot.com/review/lascensoriste.eu,https://www.linkedin.com/company/lascensoriste,lascensoriste.eu,50-99,PME,6,11,,426379,2024,5,2021-04-13,SAS,,3248,FR77898433842,active,898433842,89843384200066,43.29B,ZI LES ESTROUBLANS 18 B AVENUE DE BRUXELLES 13127 VITROLLES,43.425767321,5.2410484536,site-generique,non,,CHRISTOPHE DEYGAS (Président de SAS); GÉRARD MARTINO (Commissaire aux comptes titulaire),oui,oui,2026-08-02,sirene,VITROLLES
EVERDYN,A,63,a contacter,,,,,,,,,,,,maintenance,"Installation d'equipements electriques, de materiels electroniques et optiques ou d'autres materiels",BRUNSTATT-DIDENHEIM,68350,68,04 42 53 48 03,information@everdyn.com,mx_ok,B-HIVE GROUP,Président de SAS,email+20|tel+10|effectif+10|categorie+5|multi-agences+8|anciennete+5|dirigeant+5,https://www.pappers.fr/entreprise/451527477,https://annuaire-entreprises.data.gouv.fr/entreprise/451527477,"https://www.google.com/maps?q=47.72523099311188,7.293624047613345",https://www.google.com/search?q=EVERDYN+BRUNSTATT-DIDENHEIM,https://www.linkedin.com/search/results/companies/?keywords=EVERDYN,https://www.pagesjaunes.fr/annuaire/chercherlespros?quoiqui=EVERDYN&ou=BRUNSTATT-DIDENHEIM,https://www.societe.com/cgi-bin/search?champs=451527477,https://fr.trustpilot.com/review/everdyn.com,,everdyn.com,20-49,PME,5,12,,254328,2024,22,2004-01-09,SAS,,,FR44451527477,active,451527477,45152747700124,33.20D,1 RUE DE BERLIN 68350 BRUNSTATT-DIDENHEIM,47.72523099311188,7.293624047613345,site-generique,non,,,oui,oui,2026-08-04,sirene,BRUNSTATT-DIDENHEIM
EQUIP'FROID,A,63,a contacter,,,,,,,,,,,,maintenance,Installation de machines et equipements mecaniques,TULLE,19000,19,05 55 26 36 09,contact@equipfroid.fr,mx_ok,FRANCIS ALAZARD,Directeur Général,email+20|tel+10|effectif+10|categorie+5|multi-agences+8|anciennete+5|dirigeant+5,https://www.pappers.fr/entreprise/301866026,https://annuaire-entreprises.data.gouv.fr/entreprise/301866026,"https://www.google.com/maps?q=45.284190786,1.7521538702",https://www.google.com/search?q=EQUIP%27FROID+TULLE,https://www.linkedin.com/search/results/companies/?keywords=EQUIP%27FROID,https://www.pagesjaunes.fr/annuaire/chercherlespros?quoiqui=EQUIP%27FROID&ou=TULLE,https://www.societe.com/cgi-bin/search?champs=301866026,https://fr.trustpilot.com/review/equipfroid.fr,,equipfroid.fr,20-49,PME,4,6,,514115,2024,51,1975-01-01,SAS,,1412,FR76301866026,active,301866026,30186602600018,33.20B,A SEIGNE 19000 TULLE,45.284190786,1.7521538702,site-generique,non,,PHILIPPE BOURDILLON (Directeur Général); HERVÉ JAMMOT (Président de SAS); AUVERGNE AUDIT LÉGAL (Commissaire aux comptes titulaire),oui,oui,2026-08-06,sirene,TULLE
EXTINCTEUR ECLAIR,A,63,a contacter,,,,,,,,,,,,maintenance,Reparation d'equipements electriques,PREMILHAT,03410,03,04 70 05 42 99,contact@extincteureclair.com,mx_ok,GENERALE DE DISTRIBUTION REGIONALE,Président de SAS,email+20|tel+10|effectif+10|categorie+5|multi-agences+8|anciennete+5|dirigeant+5,https://www.pappers.fr/entreprise/403095276,https://annuaire-entreprises.data.gouv.fr/entreprise/403095276,"https://www.google.com/maps?q=46.327127537,2.5638635993",https://www.google.com/search?q=EXTINCTEUR+ECLAIR+PREMILHAT,https://www.linkedin.com/search/results/companies/?keywords=EXTINCTEUR+ECLAIR,https://www.pagesjaunes.fr/annuaire/chercherlespros?quoiqui=EXTINCTEUR+ECLAIR&ou=PREMILHAT,https://www.societe.com/cgi-bin/search?champs=403095276,https://fr.trustpilot.com/review/extincteureclair.fr,,extincteureclair.fr,20-49,PME,3,4,,146537,2024,31,1995-12-05,SAS,,"0804, 0573",FR32403095276,active,403095276,40309527600032,33.14Z,25 RTE DE L HERMITAGE LES LINARDS 03410 PREMILHAT,46.327127537,2.5638635993,site-generique,non,,,oui,oui,2026-08-02,sirene,PREMILHAT
NEOLER,A,63,a contacter,,,,,,,,,,,,maintenance,"Installation d'equipements electriques, de materiels electroniques et optiques ou d'autres materiels",CONFLANS-SAINTE-HONORINE,78700,78,01 39 27 94 03,contact@neoler.com,mx_ok,CHRISTOPHE GARCERA (GARCERA),Président de SAS,email+20|tel+10|effectif+10|categorie+5|multi-agences+8|anciennete+5|dirigeant+5,https://www.pappers.fr/entreprise/479144990,https://annuaire-entreprises.data.gouv.fr/entreprise/479144990,"https://www.google.com/maps?q=48.987562162,2.0813546926",https://www.google.com/search?q=NEOLER+CONFLANS-SAINTE-HONORINE,https://www.linkedin.com/search/results/companies/?keywords=NEOLER,https://www.pagesjaunes.fr/annuaire/chercherlespros?quoiqui=NEOLER&ou=CONFLANS-SAINTE-HONORINE,https://www.societe.com/cgi-bin/search?champs=479144990,https://fr.trustpilot.com/review/neoler.fr,https://www.linkedin.com/company/neoler-energie,neoler.fr,20-49,PME,3,8,,117554,2018,22,2004-10-21,SAS,,3248,FR33479144990,active,479144990,47914499000039,33.20D,9 QUAI DE L'ILE DU BAC 78700 CONFLANS-SAINTE-HONORINE,48.987562162,2.0813546926,site-generique,non,neoler.normandie@neoler.com; neoler.sud@neoler.com,SANDRINE STRZELEC (Commissaire aux comptes suppléant); AFB FIDUCIAIRE (Commissaire aux comptes titulaire),oui,oui,2026-08-04,sirene,CONFLANS-SAINTE-HONORINE
ALBAREIL,A,63,a contacter,,,,,,,,,,,,maintenance,Reparation de machines et equipements mecaniques,SOUILLAC,46200,46,05 65 37 02 51,contact@albareil.fr,mx_ok,DAMIOT MARTINEZ,Commissaire aux comptes titulaire,email+20|tel+10|effectif+10|categorie+5|multi-agences+8|anciennete+5|dirigeant+5,https://www.pappers.fr/entreprise/350991006,https://annuaire-entreprises.data.gouv.fr/entreprise/350991006,"https://www.google.com/maps?q=44.895237247,1.4674106913",https://www.google.com/search?q=ALBAREIL+SOUILLAC,https://www.linkedin.com/search/results/companies/?keywords=ALBAREIL,https://www.pagesjaunes.fr/annuaire/chercherlespros?quoiqui=ALBAREIL&ou=SOUILLAC,https://www.societe.com/cgi-bin/search?champs=350991006,https://fr.trustpilot.com/review/albareil.fr,https://www.linkedin.com/company/10104712,albareil.fr,20-49,PME,2,5,,-590815,2024,37,1989-06-01,SAS,,1412,FR06350991006,active,350991006,35099100600031,33.12Z,69 AVENUE DE SARLAT 46200 SOUILLAC,44.895237247,1.4674106913,site-generique,non,,FINANCIERE MONDRAN (Président de SAS); FINANCIERE MONDRAN SARL (Président de SAS),oui,oui,2026-08-09,sirene,SOUILLAC
AUBE FROID,A,63,a contacter,,,,,,,,,,,,maintenance,Installation de machines et equipements mecaniques,LA CHAPELLE-SAINT-LUC,10600,10,03 25 74 21 78,contact@aubefroid.com,mx_ok,MAURICE JACQUES MICHEL BLOQUE,Président de SAS,email+20|tel+10|effectif+10|categorie+5|multi-agences+8|anciennete+5|dirigeant+5,https://www.pappers.fr/entreprise/480595008,https://annuaire-entreprises.data.gouv.fr/entreprise/480595008,"https://www.google.com/maps?q=48.322626613,4.0286016413",https://www.google.com/search?q=AUBE+FROID+LA+CHAPELLE-SAINT-LUC,https://www.linkedin.com/search/results/companies/?keywords=AUBE+FROID,https://www.pagesjaunes.fr/annuaire/chercherlespros?quoiqui=AUBE+FROID&ou=LA+CHAPELLE-SAINT-LUC,https://www.societe.com/cgi-bin/search?champs=480595008,https://fr.trustpilot.com/review/aubefroid.com,,aubefroid.com,20-49,PME,2,4,,242025,2024,21,2005-01-01,SAS,,1412,FR25480595008,active,480595008,48059500800024,33.20B,24 RUE RENE DESCARTES 10600 LA CHAPELLE-SAINT-LUC,48.322626613,4.0286016413,site-generique,non,,,oui,oui,2026-08-03,sirene,LA CHAPELLE-SAINT-LUC
C.A. SERVICES,A,63,a contacter,,,,,,,,,,,,maintenance,Reparation de machines et equipements mecaniques,PUSIGNAN,69330,69,02 40 54 65 64,contact@ca-services.fr,mx_ok,XAVIER MICHEL PAUL-HENRI LE MOLGAT,Gérant,email+20|tel+10|effectif+10|categorie+5|multi-agences+8|anciennete+5|dirigeant+5,https://www.pappers.fr/entreprise/518281522,https://annuaire-entreprises.data.gouv.fr/entreprise/518281522,"https://www.google.com/maps?q=45.762967023,5.0793397899",https://www.google.com/search?q=C.A.+SERVICES+PUSIGNAN,https://www.linkedin.com/search/results/companies/?keywords=C.A.+SERVICES,https://www.pagesjaunes.fr/annuaire/chercherlespros?quoiqui=C.A.+SERVICES&ou=PUSIGNAN,https://www.societe.com/cgi-bin/search?champs=518281522,https://fr.trustpilot.com/review/caservices.fr,,caservices.fr,10-19,PME,2,4,,200164,2024,17,2009-11-01,SARL,,3248,FR53518281522,active,518281522,51828152200038,33.12Z,ZI DU MARIAGE 36 RUE DES BRUYERES 69330 PUSIGNAN,45.762967023,5.0793397899,site-generique,non,,,oui,oui,2026-08-01,sirene,PUSIGNAN
ENERGIE MAINTENANCE,A,63,a contacter,,,,,,,,,,,,maintenance,Reparation d'equipements electriques,BAILLARGUES,34670,34,06 75 08 65 82,contact@energiemaintenance.fr,mx_ok,CATHERINE ANNIE GAY (SOLER),Président de SAS,email+20|tel+10|effectif+10|categorie+5|multi-agences+8|anciennete+5|dirigeant+5,https://www.pappers.fr/entreprise/452700537,https://annuaire-entreprises.data.gouv.fr/entreprise/452700537,"https://www.google.com/maps?q=43.6503671636289,4.0029934297761",https://www.google.com/search?q=ENERGIE+MAINTENANCE+BAILLARGUES,https://www.linkedin.com/search/results/companies/?keywords=ENERGIE+MAINTENANCE,https://www.pagesjaunes.fr/annuaire/chercherlespros?quoiqui=ENERGIE+MAINTENANCE&ou=BAILLARGUES,https://www.societe.com/cgi-bin/search?champs=452700537,https://fr.trustpilot.com/review/energiemaintenance.fr,https://fr.linkedin.com/company/energiemaintenance,energiemaintenance.fr,10-19,ETI,2,5,,1064623,2025,22,2004-04-01,SAS,,,FR64452700537,active,452700537,45270053700049,33.14Z,BAT MARBELLA DOMAINE DE MASSANE 251 AVENUE DU GOLF 34670 BAILLARGUES,43.6503671636289,4.0029934297761,site-generique,non,,EODEN RESSOURCES (Président de SAS); HOLDING TISCAR (Directeur Général),oui,oui,2026-08-04,sirene,BAILLARGUES
LE FROID VENDEEN,A,63,a contacter,,,,,,,,,,,,maintenance,Installation de machines et equipements mecaniques,VENANSAULT,85190,85,02 51 37 55 53,accueil@froid-vendeen.fr,mx_ok,CHRISTOPHE FRUTOZO,Directeur Général,email+20|tel+10|effectif+10|categorie+5|multi-agences+8|anciennete+5|dirigeant+5,https://www.pappers.fr/entreprise/325080885,https://annuaire-entreprises.data.gouv.fr/entreprise/325080885,"https://www.google.com/maps?q=46.653305386,-1.510833965",https://www.google.com/search?q=LE+FROID+VENDEEN+VENANSAULT,https://www.linkedin.com/search/results/companies/?keywords=LE+FROID+VENDEEN,https://www.pagesjaunes.fr/annuaire/chercherlespros?quoiqui=LE+FROID+VENDEEN&ou=VENANSAULT,https://www.societe.com/cgi-bin/search?champs=325080885,https://fr.trustpilot.com/review/lefroidvendeen.fr,,lefroidvendeen.fr,20-49,PME,2,4,,89662,2025,49,1977-01-01,SAS,,1412,FR11325080885,active,325080885,32508088500032,33.20B,PARC D'ACTIVITES LA LANDETTE 12 B RUE GUTENBERG 85190 VENANSAULT,46.653305386,-1.510833965,site-generique,non,acceuil@froid-vendeen.fr; lfvprocuisines@froid-vendeen.fr,CABINET REGNIE & ASSOCIES AUDIT CONSEIL (Commissaire aux comptes titulaire); LFV 2022 (Président de SAS),oui,oui,2026-08-06,sirene,VENANSAULT
MC3I,A,63,a contacter,,,,,,,,,,,,maintenance,Installation de machines et equipements mecaniques,CARCASSONNE,11000,11,04 68 72 30 77,contact@mc3i.com,mx_ok,THIERRY DALMAU,Commissaire aux comptes titulaire,email+20|tel+10|effectif+10|categorie+5|multi-agences+8|anciennete+5|dirigeant+5,https://www.pappers.fr/entreprise/531871986,https://annuaire-entreprises.data.gouv.fr/entreprise/531871986,"https://www.google.com/maps?q=43.194961462,2.4166120114",https://www.google.com/search?q=MC3I+CARCASSONNE,https://www.linkedin.com/search/results/companies/?keywords=MC3I,https://www.pagesjaunes.fr/annuaire/chercherlespros?quoiqui=MC3I&ou=CARCASSONNE,https://www.societe.com/cgi-bin/search?champs=531871986,https://fr.trustpilot.com/review/mc3i.com,https://www.linkedin.com/company/mc3i,mc3i.com,20-49,PME,2,2,,175272,2023,15,2011-04-01,SAS,,"3248, 9999",FR17531871986,active,531871986,53187198600018,33.20B,60 CHEMIN DE GAJA 11000 CARCASSONNE,43.194961462,2.4166120114,site-generique,non,valentine.mathieu@mc3i.com,SAMUEL MATHIEU (Président de SAS); JEAN-PIERRE VEILLERETTE (Commissaire aux comptes suppléant),oui,oui,2026-08-04,sirene,CARCASSONNE
MONTEC,A,63,a contacter,,,,,,,,,,,,maintenance,Reparation de machines et equipements mecaniques,SAINT-AVOLD,57500,57,03 87 29 88 50,info@montec.fr,mx_ok,MARCELLE MARIE-LOUISE GLAUDON (FIKINGER),Directeur Général,email+20|tel+10|effectif+10|categorie+5|multi-agences+8|anciennete+5|dirigeant+5,https://www.pappers.fr/entreprise/414407049,https://annuaire-entreprises.data.gouv.fr/entreprise/414407049,"https://www.google.com/maps?q=49.102690297,6.693052641",https://www.google.com/search?q=MONTEC+SAINT-AVOLD,https://www.linkedin.com/search/results/companies/?keywords=MONTEC,https://www.pagesjaunes.fr/annuaire/chercherlespros?quoiqui=MONTEC&ou=SAINT-AVOLD,https://www.societe.com/cgi-bin/search?champs=414407049,https://fr.trustpilot.com/review/montec.fr,https://www.linkedin.com/company/montec.sarl,montec.fr,20-49,PME,2,3,,341,2024,29,1997-10-27,SAS,,3248,FR95414407049,active,414407049,41440704900025,33.12Z,11 C CHEMIN DE LA CASCADE 57500 SAINT-AVOLD,49.102690297,6.693052641,site-generique,non,toulouse@montec.fr,BENOIT DENIS JOSEPH ZILIOX (Président de SAS),oui,oui,2026-08-09,sirene,SAINT-AVOLD
MTMI,A,63,a contacter,,,,,,,,,,,,maintenance,Reparation d'equipements electriques,CADENET,84160,84,03 20 03 02 96,contact@ideloquence.com,mx_ok,KRISTIAN SETH JANSEN,Directeur Général,email+20|tel+10|effectif+10|categorie+5|multi-agences+8|anciennete+5|dirigeant+5,https://www.pappers.fr/entreprise/880584701,https://annuaire-entreprises.data.gouv.fr/entreprise/880584701,"https://www.google.com/maps?q=43.727675962,5.3664878638",https://www.google.com/search?q=MTMI+CADENET,https://www.linkedin.com/search/results/companies/?keywords=MTMI,https://www.pagesjaunes.fr/annuaire/chercherlespros?quoiqui=MTMI&ou=CADENET,https://www.societe.com/cgi-bin/search?champs=880584701,https://fr.trustpilot.com/review/mtmi.fr,https://www.linkedin.com/company/m%C3%A9caniquetuyauteriemaintenanceindustrielle,mtmi.fr,20-49,PME,2,4,,650965,2024,7,2019-11-26,SAS,,3248,FR49880584701,active,880584701,88058470100028,33.14Z,ZA LES MEILLERES 2 IMPASSE JULES AVY 84160 CADENET,43.727675962,5.3664878638,site-generique,non,96contact@mtmi.com; contact@mtmi.com; devismtmi@gmail.com,LAVORO (Président de SAS); LYKKES (Directeur général délégué),oui,oui,2026-08-03,sirene,CADENET
POINT LEVAGE,A,63,a contacter,,,,,,,,,,,,maintenance,Reparation de machines et equipements mecaniques,CORNEBARRIEU,31700,31,05 61 06 33 03,contact@pointlevage.fr,mx_ok,ERIC DELMAS,Président de SAS,email+20|tel+10|effectif+10|categorie+5|multi-agences+8|anciennete+5|dirigeant+5,https://www.pappers.fr/entreprise/438409062,https://annuaire-entreprises.data.gouv.fr/entreprise/438409062,"https://www.google.com/maps?q=43.6600344413014,1.33894691381902",https://www.google.com/search?q=POINT+LEVAGE+CORNEBARRIEU,https://www.linkedin.com/search/results/companies/?keywords=POINT+LEVAGE,https://www.pagesjaunes.fr/annuaire/chercherlespros?quoiqui=POINT+LEVAGE&ou=CORNEBARRIEU,https://www.societe.com/cgi-bin/search?champs=438409062,https://fr.trustpilot.com/review/pointlevage.fr,,pointlevage.fr,10-19,PME,2,4,,92365,2024,25,2001-07-03,SAS,,"3248, 1059",FR27438409062,active,438409062,43840906200041,33.12Z,96 ROUTE DE SEILH 31700 CORNEBARRIEU,43.6600344413014,1.33894691381902,site-generique,non,contact@hrz.fr; support@ovh.com,,oui,oui,2026-08-09,sirene,CORNEBARRIEU
PROFILTRE,A,63,a contacter,,,,,,,,,,,,maintenance,Reparation d'equipements electriques,SAINT-OUEN-DE-THOUBERVILLE,27310,27,02 32 20 54 50,contact-sud@profiltre.com,mx_ok,SERGE LECAUDE,Commissaire aux comptes titulaire,email+20|tel+10|effectif+10|categorie+5|multi-agences+8|anciennete+5|dirigeant+5,https://www.pappers.fr/entreprise/434858262,https://annuaire-entreprises.data.gouv.fr/entreprise/434858262,"https://www.google.com/maps?q=49.350029591,0.8802443171",https://www.google.com/search?q=PROFILTRE+SAINT-OUEN-DE-THOUBERVILLE,https://www.linkedin.com/search/results/companies/?keywords=PROFILTRE,https://www.pagesjaunes.fr/annuaire/chercherlespros?quoiqui=PROFILTRE&ou=SAINT-OUEN-DE-THOUBERVILLE,https://www.societe.com/cgi-bin/search?champs=434858262,https://fr.trustpilot.com/review/profiltre.com,,profiltre.com,20-49,PME,2,5,,711964,2024,25,2001-02-06,SAS,,3248,FR70434858262,active,434858262,43485826200042,33.14Z,29 RUE D'OFFRANVILLE 27310 SAINT-OUEN-DE-THOUBERVILLE,49.350029591,0.8802443171,site-generique,non,contact@profiltre.com,LUDOVIC RAYEUR (Commissaire aux comptes suppléant); HOLDING JSH (Président de SAS),oui,oui,2026-08-08,sirene,SAINT-OUEN-DE-THOUBERVILLE
SERVI-TECH,A,63,a contacter,,,,,,,,,,,,maintenance,Installation de machines et equipements mecaniques,CHAUNY,02300,02,01 64 52 48 75,contact@servitech.fr,no_mx,JOHN DIDELOT (DIDELOT),Gérant,email+20|tel+10|effectif+10|categorie+5|multi-agences+8|anciennete+5|dirigeant+5,https://www.pappers.fr/entreprise/444203715,https://annuaire-entreprises.data.gouv.fr/entreprise/444203715,"https://www.google.com/maps?q=49.615927569,3.2348787249",https://www.google.com/search?q=SERVI-TECH+CHAUNY,https://www.linkedin.com/search/results/companies/?keywords=SERVI-TECH,https://www.pagesjaunes.fr/annuaire/chercherlespros?quoiqui=SERVI-TECH&ou=CHAUNY,https://www.societe.com/cgi-bin/search?champs=444203715,https://fr.trustpilot.com/review/servitech.fr,,servitech.fr,20-49,PME,2,3,,31698,2023,24,2002-07-01,SARL,,1412,FR34444203715,active,444203715,44420371500024,33.20B,62 B RUE GEO LUFBERY 02300 CHAUNY,49.615927569,3.2348787249,site-generique,non,,JOHN TONY BERNARD DIDELOT (Gérant),oui,oui,2026-08-01,sirene,CHAUNY
SUD MOTEURS,A,63,a contacter,,,,,,,,,,,,maintenance,Reparation de machines et equipements mecaniques,MARSEILLE 2EME,13002,13,01 79 90 03 16,info@sudmoteurs.fr,mx_ok,JEAN-JACQUES BUFERNE,Commissaire aux comptes suppléant,email+20|tel+10|effectif+10|categorie+5|multi-agences+8|anciennete+5|dirigeant+5,https://www.pappers.fr/entreprise/820038446,https://annuaire-entreprises.data.gouv.fr/entreprise/820038446,"https://www.google.com/maps?q=43.324556322,5.3579899913",https://www.google.com/search?q=SUD+MOTEURS+MARSEILLE+2EME,https://www.linkedin.com/search/results/companies/?keywords=SUD+MOTEURS,https://www.pagesjaunes.fr/annuaire/chercherlespros?quoiqui=SUD+MOTEURS&ou=MARSEILLE+2EME,https://www.societe.com/cgi-bin/search?champs=820038446,https://fr.trustpilot.com/review/sudmoteurs.fr,https://www.linkedin.com/company/sud-moteurs,sudmoteurs.fr,20-49,PME,2,2,,287782,2024,10,2016-04-25,SAS,,"3248, 2630",FR89820038446,active,820038446,82003844600010,33.12Z,2 BD DES BASSINS DE RADOUB 13002 MARSEILLE 2EME,43.324556322,5.3579899913,site-generique,non,info@sud-marine-shipyard.local; negoce@sudmoteurs.fr; recrutements@sudmoteurs.fr; sales@sudmoteurs.fr,SUD MOTEURS GROUPE (Président de SAS); SOCIETE D'EXPERTISE COMPTABLE ET DE COMMISSARIAT AUX COMPTES CASASOLA (Commissaire aux comptes titulaire),oui,oui,2026-08-04,sirene,MARSEILLE 2EME
MULLER AUTOMOTIVE,A,63,a contacter,,,,,,,,,,,,maintenance,Reparation de machines et equipements mecaniques,CHARTRES,28000,28,02 51 11 61 74,,,AVENCIA-SYGEC AUDIT SARL,Commissaire aux comptes titulaire,site+8|tel+10|ca+15|effectif+10|categorie+5|anciennete+5|dirigeant+5|labels+5,https://www.pappers.fr/entreprise/910431378,https://annuaire-entreprises.data.gouv.fr/entreprise/910431378,"https://www.google.com/maps?q=48.4389338409466,1.54288033478598",https://www.google.com/search?q=MULLER+AUTOMOTIVE+CHARTRES,https://www.linkedin.com/search/results/companies/?keywords=MULLER+AUTOMOTIVE,https://www.pagesjaunes.fr/annuaire/chercherlespros?quoiqui=MULLER+AUTOMOTIVE&ou=CHARTRES,https://www.societe.com/cgi-bin/search?champs=910431378,https://fr.trustpilot.com/review/mullerautomotive.com,,mullerautomotive.com,100-199,PME,1,3,31045535,421963,2024,4,2022-02-14,SAS,"Qualiopi, Organisme de formation",3248,FR59910431378,active,910431378,91043137800025,33.12Z,8 RUE REAUMUR 28000 CHARTRES,48.4389338409466,1.54288033478598,,,,MA CAPITAL (Président de SAS),oui,oui,2026-08-08,sirene,CHARTRES
VENFROID SA,A,63,a contacter,,,,,,,,,,,,maintenance,Installation de machines et equipements mecaniques,PERRIGNY,39570,39,03 84 87 23 23,,,SPS,Président de SAS,site+8|tel+10|ca+15|effectif+10|categorie+5|anciennete+5|dirigeant+5|labels+5,https://www.pappers.fr/entreprise/306093725,https://annuaire-entreprises.data.gouv.fr/entreprise/306093725,"https://www.google.com/maps?q=46.660163329,5.5905849252",https://www.google.com/search?q=VENFROID+SA+PERRIGNY,https://www.linkedin.com/search/results/companies/?keywords=VENFROID+SA,https://www.pagesjaunes.fr/annuaire/chercherlespros?quoiqui=VENFROID+SA&ou=PERRIGNY,https://www.societe.com/cgi-bin/search?champs=306093725,https://fr.trustpilot.com/review/venfroid.com,,venfroid.com,10-19,PME,1,2,5291075,466556,2024,50,1976-01-01,SAS,"Qualiopi, Organisme de formation",1412,FR35306093725,active,306093725,30609372500019,33.20B,1766 ROUTE DE CONLIEGE 39570 PERRIGNY,46.660163329,5.5905849252,,,,,oui,oui,2026-08-07,sirene,PERRIGNY
AIX AUTOMATISME,A,62,a contacter,,,,,,,,,,,,maintenance,"Installation d'equipements electriques, de materiels electroniques et optiques ou d'autres materiels",AIX-EN-PROVENCE,13090,13,04 42 23 48 55,tech@aixautomatisme.fr,mx_ok,ALAIN GAUTIER,Président de SAS,email+12|tel+10|ca+15|effectif+10|categorie+5|anciennete+5|dirigeant+5,https://www.pappers.fr/entreprise/339965139,https://annuaire-entreprises.data.gouv.fr/entreprise/339965139,"https://www.google.com/maps?q=43.545638971,5.445860076",https://www.google.com/search?q=AIX+AUTOMATISME+AIX-EN-PROVENCE,https://www.linkedin.com/search/results/companies/?keywords=AIX+AUTOMATISME,https://www.pagesjaunes.fr/annuaire/chercherlespros?quoiqui=AIX+AUTOMATISME&ou=AIX-EN-PROVENCE,https://www.societe.com/cgi-bin/search?champs=339965139,https://fr.trustpilot.com/review/aixautomatisme.fr,,aixautomatisme.fr,10-19,PME,1,1,1219663,143673,2025,39,1987-01-19,SAS,,3248,FR84339965139,active,339965139,33996513900019,33.20D,66 AVENUE PAUL CEZANNE 13090 AIX-EN-PROVENCE,43.545638971,5.445860076,site,non,com@aixautomatisme.fr; contact@digisense.fr,A.G. HOLDING (Président de SAS),oui,oui,2026-08-04,sirene,AIX-EN-PROVENCE
DAVID SERVICE,A,62,a contacter,,,,,,,,,,,,maintenance,Reparation de machines et equipements mecaniques,GUISE,02120,02,06 99 55 12 07,dv.service81@gmail.com,mx_ok,SOPARGES,Président de SAS,email+12|tel+10|ca+15|effectif+10|categorie+5|anciennete+5|dirigeant+5,https://www.pappers.fr/entreprise/450940994,https://annuaire-entreprises.data.gouv.fr/entreprise/450940994,"https://www.google.com/maps?q=49.9057203301173,3.64907619228902",https://www.google.com/search?q=DAVID+SERVICE+GUISE,https://www.linkedin.com/search/results/companies/?keywords=DAVID+SERVICE,https://www.pagesjaunes.fr/annuaire/chercherlespros?quoiqui=DAVID+SERVICE&ou=GUISE,https://www.societe.com/cgi-bin/search?champs=450940994,https://fr.trustpilot.com/review/davidservice.fr,,davidservice.fr,20-49,ETI,1,2,1674000,26693,2024,23,2003-11-01,SAS,,1404,FR78450940994,active,450940994,45094099400020,33.12Z,Z A 425 RUE JEAN MONNET 02120 GUISE,49.9057203301173,3.64907619228902,site,oui,,PKF ARSILON COMMISSARIAT AUX COMPTES (Commissaire aux comptes titulaire),oui,oui,2026-08-01,sirene,GUISE
ENTREPRISE RIVIERE,A,62,a contacter,,,,,,,,,,,,maintenance,"Installation d'equipements electriques, de materiels electroniques et optiques ou d'autres materiels",JANVILLE-EN-BEAUCE,28310,28,01 60 88 98 96,entrepriseriviere@orange.fr,mx_ok,AURELIEN RIVIERE (RIVIERE),Président de SAS,email+12|tel+10|ca+15|effectif+10|categorie+5|anciennete+5|dirigeant+5,https://www.pappers.fr/entreprise/398708313,https://annuaire-entreprises.data.gouv.fr/entreprise/398708313,"https://www.google.com/maps?q=48.202897739,1.8795257669",https://www.google.com/search?q=ENTREPRISE+RIVIERE+JANVILLE-EN-BEAUCE,https://www.linkedin.com/search/results/companies/?keywords=ENTREPRISE+RIVIERE,https://www.pagesjaunes.fr/annuaire/chercherlespros?quoiqui=ENTREPRISE+RIVIERE&ou=JANVILLE-EN-BEAUCE,https://www.societe.com/cgi-bin/search?champs=398708313,https://fr.trustpilot.com/review/entrepriseriviere.fr,,entrepriseriviere.fr,10-19,PME,1,2,1327805,75384,2025,32,1994-07-01,SAS,,3248,FR06398708313,active,398708313,39870831300026,33.20D,7 AV JUSTIN CLICHY 28310 JANVILLE-EN-BEAUCE,48.202897739,1.8795257669,site,oui,,,oui,oui,2026-08-08,sirene,JANVILLE-EN-BEAUCE
ORION,A,62,a contacter,,,,,,,,,,,,maintenance,Autres travaux d'installation n.c.a.,NICE,06200,06,02 51 10 58 33,success@orion.com,mx_ok,CLAUDIO CARCANO (CARCANO),Gérant,email+12|tel+10|ca+15|effectif+10|categorie+5|anciennete+5|dirigeant+5,https://www.pappers.fr/entreprise/794551143,https://annuaire-entreprises.data.gouv.fr/entreprise/794551143,"https://www.google.com/maps?q=43.669308957,7.2139030093",https://www.google.com/search?q=ORION+NICE,https://www.linkedin.com/search/results/companies/?keywords=ORION,https://www.pagesjaunes.fr/annuaire/chercherlespros?quoiqui=ORION&ou=NICE,https://www.societe.com/cgi-bin/search?champs=794551143,https://fr.trustpilot.com/review/orion.com,https://www.linkedin.com/company/orionwealthtech,orion.com,20-49,PME,1,3,1531152,-95785,2024,13,2013-07-18,SARL,,3248,FR79794551143,active,794551143,79455114300033,43.29B,C/O SPACES NICE GRAND ARENAS 143 BOULEVARD RENE CASSIN 06200 NICE,43.669308957,7.2139030093,site,non,,ALESSANDRA PEREGO (PEREGO) (Gérant),oui,oui,2026-08-03,sirene,NICE
TEAM,A,62,a contacter,,,,,,,,,,,,maintenance,Installation de machines et equipements mecaniques,VALENCIENNES,59300,59,09 25 33 75 83,press@atlassian.com,mx_ok,VALENTIN DOLIGÉ,Commissaire aux comptes suppléant,email+12|tel+10|ca+15|effectif+10|categorie+5|anciennete+5|dirigeant+5,https://www.pappers.fr/entreprise/318920089,https://annuaire-entreprises.data.gouv.fr/entreprise/318920089,"https://www.google.com/maps?q=50.376959882,3.5420200703",https://www.google.com/search?q=TEAM+VALENCIENNES,https://www.linkedin.com/search/results/companies/?keywords=TEAM,https://www.pagesjaunes.fr/annuaire/chercherlespros?quoiqui=TEAM&ou=VALENCIENNES,https://www.societe.com/cgi-bin/search?champs=318920089,https://fr.trustpilot.com/review/team.com,https://www.linkedin.com/company/atlassian,team.com,50-99,ETI,1,13,9989468,669469,2024,46,1980-05-02,SAS,,3248,FR03318920089,active,318920089,31892008900030,33.20B,54 RUE ERNEST MACAREZ 59300 VALENCIENNES,50.376959882,3.5420200703,site,non,,ORCOM AUDIT (Commissaire aux comptes titulaire); HIOLLE INDUSTRIES (Président de SAS),oui,oui,2026-08-08,sirene,VALENCIENNES
ENTECH,A,61,a contacter,,,,,,,,,,,,maintenance,"Installation d'equipements electriques, de materiels electroniques et optiques ou d'autres materiels",QUIMPER,29000,29,,,,PATRICK CAPUANO,Administrateur,site+8|ca+15|effectif+10|categorie+5|multi-agences+8|anciennete+5|dirigeant+5|labels+5,https://www.pappers.fr/entreprise/818246316,https://annuaire-entreprises.data.gouv.fr/entreprise/818246316,"https://www.google.com/maps?q=47.978917991,-4.023699061",https://www.google.com/search?q=ENTECH+QUIMPER,https://www.linkedin.com/search/results/companies/?keywords=ENTECH,https://www.pagesjaunes.fr/annuaire/chercherlespros?quoiqui=ENTECH&ou=QUIMPER,https://www.societe.com/cgi-bin/search?champs=818246316,https://fr.trustpilot.com/review/entech.fr,,entech.fr,100-199,PME,4,11,35231841,-601527,2024,10,2016-02-03,SA,RGE,"3248, 0650",FR21818246316,active,818246316,81824631600041,33.20D,ZA MENEZ PRAT 11 ALLEE JEAN-FRANCOIS DE LA PEROUSE 29000 QUIMPER,47.978917991,-4.023699061,,,,ALEXIS MARIE PHILIPPE CHALOT (Administrateur); DOMINIQUE YVONNE GENEVIEVE DRUON (DRUON) (Administrateur); CHRISTOPHER FRANQUET (Président du conseil d’administration et directeur général); CLAIRE ELISABETH LAJOIE-MAZENC (JALLET) (Administrateur),oui,oui,2026-08-08,sirene,QUIMPER
AIRMAX GROUPE,A,60,a contacter,,,,,,,,,,,,maintenance,Reparation de machines et equipements mecaniques,BOURGES,18000,18,,sales@airmax.net,mx_ok,AIRMAX HOLDING,Président de SAS,email+12|ca+15|effectif+10|categorie+5|multi-agences+8|anciennete+5|dirigeant+5,https://www.pappers.fr/entreprise/417713690,https://annuaire-entreprises.data.gouv.fr/entreprise/417713690,"https://www.google.com/maps?q=47.0981461779773,2.43148702305596",https://www.google.com/search?q=AIRMAX+GROUPE+BOURGES,https://www.linkedin.com/search/results/companies/?keywords=AIRMAX+GROUPE,https://www.pagesjaunes.fr/annuaire/chercherlespros?quoiqui=AIRMAX+GROUPE&ou=BOURGES,https://www.societe.com/cgi-bin/search?champs=417713690,https://fr.trustpilot.com/review/airmax.net,,airmax.net,50-99,ETI,6,14,17027624,-1013385,2024,28,1998-02-01,SAS,,3248,FR22417713690,active,417713690,41771369000028,33.12Z,PARC D'ACTIVITE ESPRIT 1 10 RUE ISAAC NEWTON 18000 BOURGES,47.0981461779773,2.43148702305596,site,non,,C.G.R. AUDIT (Commissaire aux comptes titulaire),oui,oui,2026-08-06,sirene,BOURGES
CITEC,A,60,a contacter,,,,,,,,,,,,maintenance,"Installation d'equipements electriques, de materiels electroniques et optiques ou d'autres materiels",LISSIEU,69380,69,,citec@citec.fr,mx_ok,GERALD PARQUET,Commissaire aux comptes titulaire,email+12|ca+15|effectif+10|categorie+5|multi-agences+8|anciennete+5|dirigeant+5,https://www.pappers.fr/entreprise/394688212,https://annuaire-entreprises.data.gouv.fr/entreprise/394688212,"https://www.google.com/maps?q=45.872984802,4.747652939",https://www.google.com/search?q=CITEC+LISSIEU,https://www.linkedin.com/search/results/companies/?keywords=CITEC,https://www.pagesjaunes.fr/annuaire/chercherlespros?quoiqui=CITEC&ou=LISSIEU,https://www.societe.com/cgi-bin/search?champs=394688212,https://fr.trustpilot.com/review/citec.fr,,citec.fr,50-99,PME,4,7,9416937,48235,2023,32,1994-04-01,SAS,,3248,FR04394688212,active,394688212,39468821200031,33.20D,36 ROUTE NATIONALE 6 69380 LISSIEU,45.872984802,4.747652939,site,non,,AROBASE CONSEIL (SOCIÉTÉ D'EXPERTISE COMPTABLE ET DE COMMISSARIAT AUX COMPTES) (Commissaire aux comptes suppléant); LABEL FRANCE (Président de SAS),oui,oui,2026-08-04,sirene,LISSIEU
GLOBAL PRO SERVICES,A,60,a contacter,,,,,,,,,,,,maintenance,Reparation de machines et equipements mecaniques,ROGNAC,13340,13,,customerservice@globalproservices.org,mx_ok,YOUXTA AUDIT,Commissaire aux comptes titulaire,email+12|ca+15|effectif+10|categorie+5|multi-agences+8|anciennete+5|dirigeant+5,https://www.pappers.fr/entreprise/824459267,https://annuaire-entreprises.data.gouv.fr/entreprise/824459267,"https://www.google.com/maps?q=43.4987604694401,5.21611791927918",https://www.google.com/search?q=GLOBAL+PRO+SERVICES+ROGNAC,https://www.linkedin.com/search/results/companies/?keywords=GLOBAL+PRO+SERVICES,https://www.pagesjaunes.fr/annuaire/chercherlespros?quoiqui=GLOBAL+PRO+SERVICES&ou=ROGNAC,https://www.societe.com/cgi-bin/search?champs=824459267,https://fr.trustpilot.com/review/globalproservices.org,,globalproservices.org,50-99,ETI,2,3,9814689,3214,2024,10,2016-12-19,SAS,,0573,FR33824459267,active,824459267,82445926700020,33.12Z,ZAC DE ROGNAC NORD 47 AVENUE LAVOISIER 13340 ROGNAC,43.4987604694401,5.21611791927918,site,non,,WHEELOR (Président de SAS),oui,oui,2026-08-04,sirene,ROGNAC
SATIF,A,60,a contacter,,,,,,,,,,,,maintenance,Installation de machines et equipements mecaniques,SALLES-D'ANGLES,16130,16,,contact@satif.fr,mx_ok,COMIB,Directeur Général,email+20|ca+15|effectif+10|categorie+5|anciennete+5|dirigeant+5,https://www.pappers.fr/entreprise/431637065,https://annuaire-entreprises.data.gouv.fr/entreprise/431637065,"https://www.google.com/maps?q=45.6516320785819,-0.32841755217874",https://www.google.com/search?q=SATIF+SALLES-D%27ANGLES,https://www.linkedin.com/search/results/companies/?keywords=SATIF,https://www.pagesjaunes.fr/annuaire/chercherlespros?quoiqui=SATIF&ou=SALLES-D%27ANGLES,https://www.societe.com/cgi-bin/search?champs=431637065,https://fr.trustpilot.com/review/satif.fr,,satif.fr,20-49,PME,1,5,3508200,46408,2024,26,2000-06-01,SAS,,3248,FR07431637065,active,431637065,43163706500050,33.20B,ZA DU PONT NEUF RUE DES PLATANES 16130 SALLES-D'ANGLES,45.6516320785819,-0.32841755217874,site-generique,non,,GESOM (Président de SAS); COFRA (Directeur Général); GEPROME (Président de SAS),oui,oui,2026-08-06,sirene,SALLES-D'ANGLES
THEMIS,A,60,a contacter,,,,,,,,,,,,maintenance,Reparation de machines et equipements mecaniques,CHATEAUDUN,28200,28,,hello@askthemis.com,mx_ok,LAURENT LE FUR,Gérant,email+20|ca+15|effectif+10|categorie+5|anciennete+5|dirigeant+5,https://www.pappers.fr/entreprise/429507668,https://annuaire-entreprises.data.gouv.fr/entreprise/429507668,"https://www.google.com/maps?q=48.086268419,1.3443459193",https://www.google.com/search?q=THEMIS+CHATEAUDUN,https://www.linkedin.com/search/results/companies/?keywords=THEMIS,https://www.pagesjaunes.fr/annuaire/chercherlespros?quoiqui=THEMIS&ou=CHATEAUDUN,https://www.societe.com/cgi-bin/search?champs=429507668,https://fr.trustpilot.com/review/themis.com,https://www.linkedin.com/company/askthemis,themis.com,10-19,PME,1,3,2088046,92288,2025,26,2000-02-10,SARL,,3248,FR42429507668,active,429507668,42950766800037,33.12Z,6 RUE DE LA FOSSE AUX CANES 28200 CHATEAUDUN,48.086268419,1.3443459193,site-generique,non,,,oui,oui,2026-08-08,sirene,CHATEAUDUN
ASSERVA,B,58,a contacter,,,,,,,,,,,,maintenance,Installation de machines et equipements mecaniques,LAMBALLE-ARMOR,22400,22,04 45 68 81 82,,,DOMINIQUE ROBERT JEAN-MARIE CANTIN,Président de SAS,site+8|tel+10|ca+15|effectif+10|categorie+5|anciennete+5|dirigeant+5,https://www.pappers.fr/entreprise/314526732,https://annuaire-entreprises.data.gouv.fr/entreprise/314526732,"https://www.google.com/maps?q=48.469734495,-2.540539777",https://www.google.com/search?q=ASSERVA+LAMBALLE-ARMOR,https://www.linkedin.com/search/results/companies/?keywords=ASSERVA,https://www.pagesjaunes.fr/annuaire/chercherlespros?quoiqui=ASSERVA&ou=LAMBALLE-ARMOR,https://www.societe.com/cgi-bin/search?champs=314526732,https://fr.trustpilot.com/review/asserva.com,https://fr.linkedin.com/company/asserva,asserva.com,50-99,PME,1,1,12716382,180901,2018,48,1978-01-01,SAS,,3248,FR01314526732,active,314526732,31452673200040,33.20B,ZI LE CHAMP ROND RUE DES GASTADOURS 22400 LAMBALLE-ARMOR,48.469734495,-2.540539777,,,,FITECO (Commissaire aux comptes titulaire),oui,oui,2026-08-07,sirene,LAMBALLE-ARMOR
FRIMECA,B,58,a contacter,,,,,,,,,,,,maintenance,Installation de machines et equipements mecaniques,CANEJAN,33610,33,05 56 07 22 99,,,JEAN-CHRISTOPHE HIRSCHEL,Président de SAS,site+8|tel+10|ca+15|effectif+10|categorie+5|anciennete+5|dirigeant+5,https://www.pappers.fr/entreprise/378455802,https://annuaire-entreprises.data.gouv.fr/entreprise/378455802,"https://www.google.com/maps?q=44.771493699,-0.647145382",https://www.google.com/search?q=FRIMECA+CANEJAN,https://www.linkedin.com/search/results/companies/?keywords=FRIMECA,https://www.pagesjaunes.fr/annuaire/chercherlespros?quoiqui=FRIMECA&ou=CANEJAN,https://www.societe.com/cgi-bin/search?champs=378455802,https://fr.trustpilot.com/review/frimeca.fr,,frimeca.fr,20-49,GE,1,3,3432369,-1268682,2024,36,1990-06-14,SAS,,1412,FR72378455802,active,378455802,37845580200033,33.20B,12 AVENUE DE LA POINTE 33610 CANEJAN,44.771493699,-0.647145382,,,,,oui,oui,2026-08-10,sirene,CANEJAN
ACCE,B,57,a contacter,,,,,,,,,,,,maintenance,Reparation d'equipements electriques,VENELLES,13770,13,,askacce@acce.org,mx_ok,ERIC CYRIL MARIUS CHAZE,Président de SAS,email+12|ca+15|effectif+10|categorie+5|anciennete+5|dirigeant+5|labels+5,https://www.pappers.fr/entreprise/792940108,https://annuaire-entreprises.data.gouv.fr/entreprise/792940108,"https://www.google.com/maps?q=43.5933816992433,5.47600682514629",https://www.google.com/search?q=ACCE+VENELLES,https://www.linkedin.com/search/results/companies/?keywords=ACCE,https://www.pagesjaunes.fr/annuaire/chercherlespros?quoiqui=ACCE&ou=VENELLES,https://www.societe.com/cgi-bin/search?champs=792940108,https://fr.trustpilot.com/review/acce.org,https://www.linkedin.com/company/accehq,acce.org,10-19,PME,1,2,1995968,117845,2024,13,2013-05-07,SAS,RGE,3248,FR96792940108,active,792940108,79294010800022,33.14Z,43 AVENUE DE LA MOULIERO 13770 VENELLES,43.5933816992433,5.47600682514629,site,non,,MATHIEU SERGE ROGER CHAZE (Directeur Général),oui,oui,2026-08-05,sirene,VENELLES
SCHENCK SAS,B,57,a contacter,,,,,,,,,,,,maintenance,Reparation de machines et equipements mecaniques,JOUY-LE-MOUTIER,95280,95,,office@schenck.org,mx_ok,FRANCOIS BRUNO DESPAGNE,Directeur Général,email+12|ca+15|effectif+10|categorie+5|anciennete+5|dirigeant+5|labels+5,https://www.pappers.fr/entreprise/552153199,https://annuaire-entreprises.data.gouv.fr/entreprise/552153199,"https://www.google.com/maps?q=49.008423864,2.0336608385",https://www.google.com/search?q=SCHENCK+SAS+JOUY-LE-MOUTIER,https://www.linkedin.com/search/results/companies/?keywords=SCHENCK+SAS,https://www.pagesjaunes.fr/annuaire/chercherlespros?quoiqui=SCHENCK+SAS&ou=JOUY-LE-MOUTIER,https://www.societe.com/cgi-bin/search?champs=552153199,https://fr.trustpilot.com/review/schenck.org,https://www.linkedin.com/company/the-schenck-school,schenck.org,10-19,ETI,1,8,9399163,2381029,2024,49,1977-01-01,SAS,"Qualiopi, Organisme de formation",0043,FR18552153199,active,552153199,55215319900120,33.12Z,ZI DES FORBOEUFS 2 RUE DENIS PAPIN 95280 JOUY-LE-MOUTIER,49.008423864,2.0336608385,site,non,,LARS KÜNNE (Président de SAS); AUDITEX (Commissaire aux comptes suppléant); ERNST & YOUNG ET AUTRES (Commissaire aux comptes titulaire),oui,oui,2026-08-04,sirene,JOUY-LE-MOUTIER
BARILLEC SAS,B,56,a contacter,,,,,,,,,,,,maintenance,"Installation d'equipements electriques, de materiels electroniques et optiques ou d'autres materiels",CONCARNEAU,29900,29,,,,PASCAL PIERAERTS,Directeur Général,site+8|ca+15|effectif+10|categorie+5|multi-agences+8|anciennete+5|dirigeant+5,https://www.pappers.fr/entreprise/375780103,https://annuaire-entreprises.data.gouv.fr/entreprise/375780103,"https://www.google.com/maps?q=47.8956312663375,-3.91275234364055",https://www.google.com/search?q=BARILLEC+SAS+CONCARNEAU,https://www.linkedin.com/search/results/companies/?keywords=BARILLEC+SAS,https://www.pagesjaunes.fr/annuaire/chercherlespros?quoiqui=BARILLEC+SAS&ou=CONCARNEAU,https://www.societe.com/cgi-bin/search?champs=375780103,https://fr.trustpilot.com/review/barillec.fr,https://www.linkedin.com/company/barillec-marine,barillec.fr,250-499,GE,14,19,63113842,983195,2022,69,1957-01-01,SAS,,3248,FR16375780103,active,375780103,37578010300236,33.20D,2 RUE DU POTEAU VERT 29900 CONCARNEAU,47.8956312663375,-3.91275234364055,,,,OLIVIER SANQUER (Président de SAS); PRICEWATERHOUSECOOPERS AUDIT (Commissaire aux comptes titulaire),oui,oui,2026-08-08,sirene,CONCARNEAU
TECHYDRO,B,56,a contacter,,,,,,,,,,,,maintenance,Reparation de machines et equipements mecaniques,CHARTRES-DE-BRETAGNE,35131,35,,,,BAKER TILLY STREGO,Commissaire aux comptes titulaire,site+8|ca+15|effectif+10|categorie+5|multi-agences+8|anciennete+5|dirigeant+5,https://www.pappers.fr/entreprise/751252834,https://annuaire-entreprises.data.gouv.fr/entreprise/751252834,"https://www.google.com/maps?q=48.054299975322,-1.72222298981319",https://www.google.com/search?q=TECHYDRO+CHARTRES-DE-BRETAGNE,https://www.linkedin.com/search/results/companies/?keywords=TECHYDRO,https://www.pagesjaunes.fr/annuaire/chercherlespros?quoiqui=TECHYDRO&ou=CHARTRES-DE-BRETAGNE,https://www.societe.com/cgi-bin/search?champs=751252834,https://fr.trustpilot.com/review/techydro.eu,,techydro.eu,20-49,ETI,12,16,5540262,472397,2024,14,2012-05-01,SAS,,1090,FR83751252834,active,751252834,75125283400153,33.12Z,3 RUE DU CHAMP MARTIN 35131 CHARTRES-DE-BRETAGNE,48.054299975322,-1.72222298981319,,,,GROUPE KERTRUCKS FINANCE (Président de SAS),oui,oui,2026-08-07,sirene,CHARTRES-DE-BRETAGNE
ALMA SERVICES,B,56,a contacter,,,,,,,,,,,,maintenance,Reparation de materiels electroniques et optiques,BOISSY-SAINT-LEGER,94470,94,,,,KPMG S.A,Commissaire aux comptes titulaire,site+8|ca+15|effectif+10|categorie+5|multi-agences+8|anciennete+5|dirigeant+5,https://www.pappers.fr/entreprise/391997277,https://annuaire-entreprises.data.gouv.fr/entreprise/391997277,"https://www.google.com/maps?q=48.7519518855142,2.50511162718722",https://www.google.com/search?q=ALMA+SERVICES+BOISSY-SAINT-LEGER,https://www.linkedin.com/search/results/companies/?keywords=ALMA+SERVICES,https://www.pagesjaunes.fr/annuaire/chercherlespros?quoiqui=ALMA+SERVICES&ou=BOISSY-SAINT-LEGER,https://www.societe.com/cgi-bin/search?champs=391997277,https://fr.trustpilot.com/review/almaservices.com,,almaservices.com,50-99,ETI,10,21,13237274,1494172,2024,33,1993-07-01,SAS,,3248,FR24391997277,active,391997277,39199727700135,33.13Z,PORTE 1 4 A BOULEVARD DE LA GARE 94470 BOISSY-SAINT-LEGER,48.7519518855142,2.50511162718722,,,,ALMA GROUP (Président de SAS),oui,oui,2026-08-04,sirene,BOISSY-SAINT-LEGER
KOESIO AURA TELECOM,B,56,a contacter,,,,,,,,,,,,maintenance,"Installation d'equipements electriques, de materiels electroniques et optiques ou d'autres materiels",VALENCE,26000,26,,,,PHILIPPE ALBERT JEAN AUBERT,Commissaire aux comptes suppléant,site+8|ca+15|effectif+10|categorie+5|multi-agences+8|anciennete+5|dirigeant+5,https://www.pappers.fr/entreprise/480844695,https://annuaire-entreprises.data.gouv.fr/entreprise/480844695,"https://www.google.com/maps?q=44.9050110782007,4.90467738442665",https://www.google.com/search?q=KOESIO+AURA+TELECOM+VALENCE,https://www.linkedin.com/search/results/companies/?keywords=KOESIO+AURA+TELECOM,https://www.pagesjaunes.fr/annuaire/chercherlespros?quoiqui=KOESIO+AURA+TELECOM&ou=VALENCE,https://www.societe.com/cgi-bin/search?champs=480844695,https://fr.trustpilot.com/review/koesioauratelecom.fr,,koesioauratelecom.fr,100-199,ETI,10,13,38738927,3981141,2024,21,2005-02-11,SAS,,1539,FR52480844695,active,480844695,48084469500027,33.20D,53 AVENUE DES LANGORIES 26000 VALENCE,44.9050110782007,4.90467738442665,,,,YOANN SEBASTIEN BONNETON (Directeur Général); MAZARS & SEFCO (Commissaire aux comptes titulaire); KOESIO GROUPE (Président de SAS),oui,oui,2026-08-02,sirene,VALENCE
ALTUS ENERGY,B,56,a contacter,,,,,,,,,,,,maintenance,Reparation d'equipements electriques,VALBONNE,06560,06,,,,MATHIEU DIDIER JACQUES DEBONNET,Président de SAS,site+8|ca+15|effectif+10|categorie+5|multi-agences+8|anciennete+5|dirigeant+5,https://www.pappers.fr/entreprise/502315831,https://annuaire-entreprises.data.gouv.fr/entreprise/502315831,"https://www.google.com/maps?q=43.6267793251992,7.04233775529203",https://www.google.com/search?q=ALTUS+ENERGY+VALBONNE,https://www.linkedin.com/search/results/companies/?keywords=ALTUS+ENERGY,https://www.pagesjaunes.fr/annuaire/chercherlespros?quoiqui=ALTUS+ENERGY&ou=VALBONNE,https://www.societe.com/cgi-bin/search?champs=502315831,https://fr.trustpilot.com/review/altusenergy.com,,altusenergy.com,20-49,PME,5,12,3725341,1701659,2024,18,2008-02-01,SAS,,3248,FR28502315831,active,502315831,50231583100078,33.14Z,IMMEUBLE ATLANTIS 2 55 ALLEE PIERRE ZILLER 06560 VALBONNE,43.6267793251992,7.04233775529203,,,,FABRICE FAYETTE (Commissaire aux comptes titulaire); DIDIER IVARRA (Commissaire aux comptes suppléant),oui,oui,2026-08-02,sirene,VALBONNE
EPILOG,B,56,a contacter,,,,,,,,,,,,maintenance,Autres travaux d'installation n.c.a.,SAINT-REMY,79410,79,,,,PAMAL,Président de SAS,site+8|ca+15|effectif+10|categorie+5|multi-agences+8|anciennete+5|dirigeant+5,https://www.pappers.fr/entreprise/498773712,https://annuaire-entreprises.data.gouv.fr/entreprise/498773712,"https://www.google.com/maps?q=46.3714182800387,-0.519415645003113",https://www.google.com/search?q=EPILOG+SAINT-REMY,https://www.linkedin.com/search/results/companies/?keywords=EPILOG,https://www.pagesjaunes.fr/annuaire/chercherlespros?quoiqui=EPILOG&ou=SAINT-REMY,https://www.societe.com/cgi-bin/search?champs=498773712,https://fr.trustpilot.com/review/epilog.fr,,epilog.fr,10-19,PME,5,6,788333,-90991,2023,19,2007-07-01,SAS,,1880,FR21498773712,active,498773712,49877371200068,43.29B,14 RUE DE LA GOUPILLERE 79410 SAINT-REMY,46.3714182800387,-0.519415645003113,,,,,oui,oui,2026-08-06,sirene,SAINT-REMY
HONEYWELL,B,56,a contacter,,,,,,,,,,,,maintenance,"Installation d'equipements electriques, de materiels electroniques et optiques ou d'autres materiels",GUYANCOURT,78280,78,,,,CHRISTOPHE BECHET,Président de SAS,site+8|ca+15|effectif+10|categorie+5|multi-agences+8|anciennete+5|dirigeant+5,https://www.pappers.fr/entreprise/562004796,https://annuaire-entreprises.data.gouv.fr/entreprise/562004796,"https://www.google.com/maps?q=48.784048081264,2.05912681191298",https://www.google.com/search?q=HONEYWELL+GUYANCOURT,https://www.linkedin.com/search/results/companies/?keywords=HONEYWELL,https://www.pagesjaunes.fr/annuaire/chercherlespros?quoiqui=HONEYWELL&ou=GUYANCOURT,https://www.societe.com/cgi-bin/search?champs=562004796,https://fr.trustpilot.com/review/honeywell.com,https://www.linkedin.com/company/honeywell,honeywell.com,20-49,ETI,5,25,21270454,1672826,2024,50,1976-01-01,SAS,,3248,FR73562004796,active,562004796,56200479600420,33.20D,1 RUE ARNOLD SCHOENBERG 78280 GUYANCOURT,48.784048081264,2.05912681191298,,,,LAZARE MOUNZEO (Directeur Général); DELOITTE & ASSOCIES (Commissaire aux comptes titulaire),oui,oui,2026-08-04,sirene,GUYANCOURT
MECA DIESEL,B,56,a contacter,,,,,,,,,,,,maintenance,Reparation de machines et equipements mecaniques,CONCARNEAU,29900,29,,,,ETABLISSEMENTS CHEVANNES MERCERON BALLERY,Président de SAS,site+8|ca+15|effectif+10|categorie+5|multi-agences+8|anciennete+5|dirigeant+5,https://www.pappers.fr/entreprise/334923596,https://annuaire-entreprises.data.gouv.fr/entreprise/334923596,"https://www.google.com/maps?q=47.8769860336093,-3.90780395742103",https://www.google.com/search?q=MECA+DIESEL+CONCARNEAU,https://www.linkedin.com/search/results/companies/?keywords=MECA+DIESEL,https://www.pagesjaunes.fr/annuaire/chercherlespros?quoiqui=MECA+DIESEL&ou=CONCARNEAU,https://www.societe.com/cgi-bin/search?champs=334923596,https://fr.trustpilot.com/review/mecadiesel.com,,mecadiesel.com,20-49,PME,5,8,10489409,98973,2024,40,1986-02-02,SAS,,3248,FR83334923596,active,334923596,33492359600020,33.12Z,QUAI DU MOROS RIVE DROITE 29900 CONCARNEAU,47.8769860336093,-3.90780395742103,,,,KPMG S.A (Commissaire aux comptes titulaire),oui,oui,2026-08-08,sirene,CONCARNEAU
ACS PRODUCTION,B,56,a contacter,,,,,,,,,,,,maintenance,Autres travaux d'installation n.c.a.,NORT SUR ERDRE,44390,44,,,,BENOIT JEAN-PIERRE EMMANUEL ROUSSELOT,Directeur Général,site+8|ca+15|effectif+10|categorie+5|multi-agences+8|anciennete+5|dirigeant+5,https://www.pappers.fr/entreprise/387902729,https://annuaire-entreprises.data.gouv.fr/entreprise/387902729,https://www.google.com/maps/search/?api=1&query=ACS+PRODUCTION+NORT+SUR+ERDRE,https://www.google.com/search?q=ACS+PRODUCTION+NORT+SUR+ERDRE,https://www.linkedin.com/search/results/companies/?keywords=ACS+PRODUCTION,https://www.pagesjaunes.fr/annuaire/chercherlespros?quoiqui=ACS+PRODUCTION&ou=NORT+SUR+ERDRE,https://www.societe.com/cgi-bin/search?champs=387902729,https://fr.trustpilot.com/review/acsproduction.com,,acsproduction.com,50-99,ETI,4,7,14129889,932587,2024,20,2006-02-01,SAS,,,FR72387902729,active,387902729,38790272900012,43.29B,ZI BOIS DE LA SANGLE 44390 NORT SUR ERDRE,,,,,,ERNST & YOUNG ET AUTRES (Commissaire aux comptes titulaire); GROUPE BHD (Président de SAS),oui,oui,2026-08-08,sirene,NORT SUR ERDRE
AEMCO,B,56,a contacter,,,,,,,,,,,,maintenance,Reparation de machines et equipements mecaniques,CODOLET,30200,30,,,,MAZARS,Commissaire aux comptes titulaire,site+8|ca+15|effectif+10|categorie+5|multi-agences+8|anciennete+5|dirigeant+5,https://www.pappers.fr/entreprise/349566497,https://annuaire-entreprises.data.gouv.fr/entreprise/349566497,"https://www.google.com/maps?q=44.122642981,4.6957909647",https://www.google.com/search?q=AEMCO+CODOLET,https://www.linkedin.com/search/results/companies/?keywords=AEMCO,https://www.pagesjaunes.fr/annuaire/chercherlespros?quoiqui=AEMCO&ou=CODOLET,https://www.societe.com/cgi-bin/search?champs=349566497,https://fr.trustpilot.com/review/aemco.org,,aemco.org,100-199,ETI,3,8,20366951,1269949,2024,37,1989-01-16,SAS,,3248,FR08349566497,active,349566497,34956649700047,33.12Z,2 RUE FREDERIC MISTRAL 30200 CODOLET,44.122642981,4.6957909647,,,,REEL (Président de SAS),oui,oui,2026-08-04,sirene,CODOLET
POULAIN,B,56,a contacter,,,,,,,,,,,,maintenance,Reparation de machines et equipements mecaniques,ATHIS-VAL DE ROUVRE,61100,61,,,,DAMIEN BENOIT SEBASTIEN POULAIN,Gérant,site+8|ca+15|effectif+10|categorie+5|multi-agences+8|anciennete+5|dirigeant+5,https://www.pappers.fr/entreprise/328960471,https://annuaire-entreprises.data.gouv.fr/entreprise/328960471,"https://www.google.com/maps?q=48.8045565045898,-0.501133864055471",https://www.google.com/search?q=POULAIN+ATHIS-VAL+DE+ROUVRE,https://www.linkedin.com/search/results/companies/?keywords=POULAIN,https://www.pagesjaunes.fr/annuaire/chercherlespros?quoiqui=POULAIN&ou=ATHIS-VAL+DE+ROUVRE,https://www.societe.com/cgi-bin/search?champs=328960471,https://fr.trustpilot.com/review/poulain.eu,,poulain.eu,20-49,PME,3,3,7143062,725040,2025,42,1984-01-02,SARL,,1404,FR30328960471,active,328960471,32896047100014,33.12Z,RUE LA 11 DIVISION BRITANNIQUE 61100 ATHIS-VAL DE ROUVRE,48.8045565045898,-0.501133864055471,,,,GERARD PIERRE HENRI POULAIN (Gérant); SA AUDIT EXPERTISES (Commissaire aux comptes titulaire),oui,oui,2026-08-05,sirene,ATHIS-VAL DE ROUVRE
TEMA,B,56,a contacter,,,,,,,,,,,,maintenance,Reparation de materiels electroniques et optiques,GRAVELINES,59820,59,,,,GHISLAINE MARIE MARCELLE ROUSSON,Président de SAS,site+8|ca+15|effectif+10|categorie+5|multi-agences+8|anciennete+5|dirigeant+5,https://www.pappers.fr/entreprise/380098475,https://annuaire-entreprises.data.gouv.fr/entreprise/380098475,https://www.google.com/maps/search/?api=1&query=TEMA+GRAVELINES,https://www.google.com/search?q=TEMA+GRAVELINES,https://www.linkedin.com/search/results/companies/?keywords=TEMA,https://www.pagesjaunes.fr/annuaire/chercherlespros?quoiqui=TEMA&ou=GRAVELINES,https://www.societe.com/cgi-bin/search?champs=380098475,https://fr.trustpilot.com/review/tema.fr,,tema.fr,20-49,GE,3,9,5326924,779708,2024,36,1990-11-01,SAS,,3248,FR06380098475,active,380098475,38009847500094,33.13Z,72-108 RUE CHARLES BRACQ 59820 GRAVELINES,,,,,,,oui,oui,2026-08-03,sirene,GRAVELINES
WHEELABRATOR GROUP,B,56,a contacter,,,,,,,,,,,,maintenance,Reparation de machines et equipements mecaniques,CHARLEVILLE-MEZIERES,08000,08,,,,ERICH BRUNNER,Président de SAS,site+8|ca+15|effectif+10|categorie+5|multi-agences+8|anciennete+5|dirigeant+5,https://www.pappers.fr/entreprise/393533872,https://annuaire-entreprises.data.gouv.fr/entreprise/393533872,"https://www.google.com/maps?q=49.737731121,4.7313013864",https://www.google.com/search?q=WHEELABRATOR+GROUP+CHARLEVILLE-MEZIERES,https://www.linkedin.com/search/results/companies/?keywords=WHEELABRATOR+GROUP,https://www.pagesjaunes.fr/annuaire/chercherlespros?quoiqui=WHEELABRATOR+GROUP&ou=CHARLEVILLE-MEZIERES,https://www.societe.com/cgi-bin/search?champs=393533872,https://fr.trustpilot.com/review/wheelabratorgroup.fr,https://www.linkedin.com/company/wheelabrator-group,wheelabratorgroup.fr,50-99,ETI,3,7,28412275,868944,2024,32,1994-01-11,SAS,,3248,FR78393533872,active,393533872,39353387200023,33.12Z,20 B RUE CAMILLE DIDIER 08000 CHARLEVILLE-MEZIERES,49.737731121,4.7313013864,,,,YVES GEORGES DUFOUR (Directeur Général); BEAS (Commissaire aux comptes suppléant); DELOITTE & ASSOCIES (Commissaire aux comptes titulaire),oui,oui,2026-08-03,sirene,CHARLEVILLE-MEZIERES
CTDI,B,56,a contacter,,,,,,,,,,,,maintenance,"Installation d'equipements electriques, de materiels electroniques et optiques ou d'autres materiels",GRIESHEIM-PRES-MOLSHEIM,67870,67,,,,JEAN LOIC LEFAUCHEUX,Commissaire aux comptes suppléant,site+8|ca+15|effectif+10|categorie+5|multi-agences+8|anciennete+5|dirigeant+5,https://www.pappers.fr/entreprise/538572652,https://annuaire-entreprises.data.gouv.fr/entreprise/538572652,"https://www.google.com/maps?q=48.507178297,7.5155286289",https://www.google.com/search?q=CTDI+GRIESHEIM-PRES-MOLSHEIM,https://www.linkedin.com/search/results/companies/?keywords=CTDI,https://www.pagesjaunes.fr/annuaire/chercherlespros?quoiqui=CTDI&ou=GRIESHEIM-PRES-MOLSHEIM,https://www.societe.com/cgi-bin/search?champs=538572652,https://fr.trustpilot.com/review/ctdi.fr,,ctdi.fr,50-99,PME,2,4,11388888,-50383,2024,15,2011-11-10,SAS,,3248,FR26538572652,active,538572652,53857265200021,33.20D,4 RUE DE L'ENERGIE 67870 GRIESHEIM-PRES-MOLSHEIM,48.507178297,7.5155286289,,,,MARTIN SCHUPP (SCHUPP) (Président de SAS); THOMAS SMOLNE (SMOLNE) (Directeur Général); BAKER TILLY STREGO (Commissaire aux comptes titulaire),oui,oui,2026-08-08,sirene,GRIESHEIM-PRES-MOLSHEIM
HYDRO SERVICE CONCEPT,B,56,a contacter,,,,,,,,,,,,maintenance,Reparation de machines et equipements mecaniques,LIMOGES,87280,87,,,,JEAN PHILIPPE HENRY (HENRY),Président de SAS,site+8|ca+15|effectif+10|categorie+5|multi-agences+8|anciennete+5|dirigeant+5,https://www.pappers.fr/entreprise/330241605,https://annuaire-entreprises.data.gouv.fr/entreprise/330241605,"https://www.google.com/maps?q=45.864593019,1.2947709757",https://www.google.com/search?q=HYDRO+SERVICE+CONCEPT+LIMOGES,https://www.linkedin.com/search/results/companies/?keywords=HYDRO+SERVICE+CONCEPT,https://www.pagesjaunes.fr/annuaire/chercherlespros?quoiqui=HYDRO+SERVICE+CONCEPT&ou=LIMOGES,https://www.societe.com/cgi-bin/search?champs=330241605,https://fr.trustpilot.com/review/hydroserviceconcept.fr,,hydroserviceconcept.fr,20-49,PME,2,11,4317241,104474,2024,42,1984-07-01,SAS,,0573,FR01330241605,active,330241605,33024160500105,33.12Z,PARC D'ESTER 24 AVENUE D'ARIANE 87280 LIMOGES,45.864593019,1.2947709757,,,,JEAN-PHILIPPE HENRY (Président de SAS); JULIEN HENRY (Directeur Général); JULIEN DONALD HENRY (Directeur Général),oui,oui,2026-08-06,sirene,LIMOGES
MARQUE,B,56,a contacter,,,,,,,,,,,,maintenance,Installation de machines et equipements mecaniques,TARBES,65000,65,,,,GR PYRENEES INVESTISSEMENTS,Président de SAS,site+8|ca+15|effectif+10|categorie+5|multi-agences+8|anciennete+5|dirigeant+5,https://www.pappers.fr/entreprise/833329451,https://annuaire-entreprises.data.gouv.fr/entreprise/833329451,"https://www.google.com/maps?q=43.24458113,0.0804410407",https://www.google.com/search?q=MARQUE+TARBES,https://www.linkedin.com/search/results/companies/?keywords=MARQUE,https://www.pagesjaunes.fr/annuaire/chercherlespros?quoiqui=MARQUE&ou=TARBES,https://www.societe.com/cgi-bin/search?champs=833329451,https://fr.trustpilot.com/review/marque.net,,marque.net,20-49,PME,2,3,7077691,7837,2024,9,2017-11-10,SAS,,1412,FR90833329451,active,833329451,83332945100029,33.20B,3-5 3 RUE DE LA CARTOUCHERIE 65000 TARBES,43.24458113,0.0804410407,,,,QUANTUM AUDIT (Commissaire aux comptes titulaire),oui,oui,2026-08-09,sirene,TARBES
NEOS,B,56,a contacter,,,,,,,,,,,,maintenance,Installation de machines et equipements mecaniques,BEAUNE,21200,21,,,,AGNES MARIE DICONNE,Directeur Général,site+8|ca+15|effectif+10|categorie+5|multi-agences+8|anciennete+5|dirigeant+5,https://www.pappers.fr/entreprise/399337450,https://annuaire-entreprises.data.gouv.fr/entreprise/399337450,"https://www.google.com/maps?q=47.01595185,4.8376531622",https://www.google.com/search?q=NEOS+BEAUNE,https://www.linkedin.com/search/results/companies/?keywords=NEOS,https://www.pagesjaunes.fr/annuaire/chercherlespros?quoiqui=NEOS&ou=BEAUNE,https://www.societe.com/cgi-bin/search?champs=399337450,https://fr.trustpilot.com/review/neos.fr,https://www.linkedin.com/company/boischaut,neos.fr,50-99,PME,2,3,53359220,2045293,2025,32,1994-12-06,SAS,,3248,FR88399337450,active,399337450,39933745000015,33.20B,PORTE DE BEAUNE AVENUE CHARLES DE GAULLE 21200 BEAUNE,47.01595185,4.8376531622,,,,GEOFFROY GERALD MAURICE GRAINDORGE (Directeur Général); MOHAMED HANCHI (Directeur Général); PIERRE-YVES PAUL DANIEL ROUX (Directeur Général); SCP DE COMMISSAIRES AUX COMPTES ANDRE & ASSOCIES (Commissaire aux comptes titulaire),oui,oui,2026-08-07,sirene,BEAUNE
SERIMAX,B,56,a contacter,,,,,,,,,,,,maintenance,Reparation d'equipements electriques,ROISSY-EN-FRANCE,95700,95,,,,SERIMAX HOLDINGS,Président de SAS,site+8|ca+15|effectif+10|categorie+5|multi-agences+8|anciennete+5|dirigeant+5,https://www.pappers.fr/entreprise/400039954,https://annuaire-entreprises.data.gouv.fr/entreprise/400039954,"https://www.google.com/maps?q=48.9884334644774,2.51590774372666",https://www.google.com/search?q=SERIMAX+ROISSY-EN-FRANCE,https://www.linkedin.com/search/results/companies/?keywords=SERIMAX,https://www.pagesjaunes.fr/annuaire/chercherlespros?quoiqui=SERIMAX&ou=ROISSY-EN-FRANCE,https://www.societe.com/cgi-bin/search?champs=400039954,https://fr.trustpilot.com/review/serimax.com,https://www.linkedin.com/company/serimax,serimax.com,100-199,ETI,2,8,50228000,1617000,2024,31,1995-01-01,SAS,,"3212, 2614",FR81400039954,active,400039954,40003995400088,33.14Z,ZONE INDUSTRIELLE PARIS NORD 2 346 RUE DE LA BELLE ETOILE 95700 ROISSY-EN-FRANCE,48.9884334644774,2.51590774372666,,,,BDO PARIS AUDIT & ADVISORY (Commissaire aux comptes titulaire),oui,oui,2026-08-01,sirene,ROISSY-EN-FRANCE
ELEVAGE SERVICE,B,55,a contacter,,,,,,,,,,,,maintenance,Reparation de machines et equipements mecaniques,LES ARSURES,39600,39,05 58 76 44 64,dpo-production-animale@maisadour.com,mx_ok,LAURENT ROGER FRANCOIS GAUTHIER,Gérant,email+12|tel+10|effectif+10|categorie+5|multi-agences+8|anciennete+5|dirigeant+5,https://www.pappers.fr/entreprise/340095587,https://annuaire-entreprises.data.gouv.fr/entreprise/340095587,"https://www.google.com/maps?q=46.94492282,5.7854575196",https://www.google.com/search?q=ELEVAGE+SERVICE+LES+ARSURES,https://www.linkedin.com/search/results/companies/?keywords=ELEVAGE+SERVICE,https://www.pagesjaunes.fr/annuaire/chercherlespros?quoiqui=ELEVAGE+SERVICE&ou=LES+ARSURES,https://www.societe.com/cgi-bin/search?champs=340095587,https://fr.trustpilot.com/review/elevageservice.fr,https://www.linkedin.com/company/elevage---service,elevageservice.fr,20-49,PME,4,5,,170110,2024,39,1987-01-01,SARL,,1404,FR33340095587,active,340095587,34009558700010,33.12Z,EN MOUCHETS 39600 LES ARSURES,46.94492282,5.7854575196,site,non,,,oui,oui,2026-08-07,sirene,LES ARSURES
ABRIAL ACCES ETAGES SARL,B,55,a contacter,,,,,,,,,,,,maintenance,Autres travaux d'installation n.c.a.,AUSSILLON,81200,81,05 63 98 51 17,contact@abrial-acces-etages.fr,mx_ok,JEROME ABRIAL,Gérant,email+20|tel+10|effectif+10|categorie+5|anciennete+5|dirigeant+5,https://www.pappers.fr/entreprise/498329390,https://annuaire-entreprises.data.gouv.fr/entreprise/498329390,"https://www.google.com/maps?q=43.507700064,2.3573652556",https://www.google.com/search?q=ABRIAL+ACCES+ETAGES+SARL+AUSSILLON,https://www.linkedin.com/search/results/companies/?keywords=ABRIAL+ACCES+ETAGES+SARL,https://www.pagesjaunes.fr/annuaire/chercherlespros?quoiqui=ABRIAL+ACCES+ETAGES+SARL&ou=AUSSILLON,https://www.societe.com/cgi-bin/search?champs=498329390,https://fr.trustpilot.com/review/abrialaccesetages.fr,https://www.linkedin.com/company/abrial-acces-etages,abrialaccesetages.fr,10-19,PME,1,3,,71312,2024,19,2007-05-01,SARL,,"3248, 9999",FR29498329390,active,498329390,49832939000021,43.29B,29 RUE DE LA METALLURGIE 81200 AUSSILLON,43.507700064,2.3573652556,site-generique,non,info@web-premiere.fr,JEROME CHARLES ERNEST ABRIAL (Gérant),oui,oui,2026-08-04,sirene,AUSSILLON
AUDET'PANNAGE,B,55,a contacter,,,,,,,,,,,,maintenance,Reparation de machines et equipements mecaniques,MONTIGNAC-CHARENTE,16330,16,05 45 37 39 83,contact@audetpannage.com,mx_ok,FABIEN AUDET (AUDET),Gérant,email+20|tel+10|effectif+10|categorie+5|anciennete+5|dirigeant+5,https://www.pappers.fr/entreprise/841274178,https://annuaire-entreprises.data.gouv.fr/entreprise/841274178,"https://www.google.com/maps?q=45.784140404,0.096384518",https://www.google.com/search?q=AUDET%27PANNAGE+MONTIGNAC-CHARENTE,https://www.linkedin.com/search/results/companies/?keywords=AUDET%27PANNAGE,https://www.pagesjaunes.fr/annuaire/chercherlespros?quoiqui=AUDET%27PANNAGE&ou=MONTIGNAC-CHARENTE,https://www.societe.com/cgi-bin/search?champs=841274178,https://fr.trustpilot.com/review/audetpannage.com,,audetpannage.com,10-19,PME,1,1,,,2023,8,2018-08-01,SARL,,1404,FR13841274178,active,841274178,84127417800018,33.12Z,LE TAPIS PAR MONTIGNAC RUE DE LA FONT-FLEURIE 16330 MONTIGNAC-CHARENTE,45.784140404,0.096384518,site-generique,non,,FABIEN SEBASTIEN AUDET (Gérant),oui,oui,2026-08-06,sirene,MONTIGNAC-CHARENTE
CLOSYSTEM,B,55,a contacter,,,,,,,,,,,,maintenance,Autres travaux d'installation n.c.a.,CARPIQUET,14650,14,02 31 15 51 31,contact@closystem.com,mx_ok,AMAURY CLAISE,Gérant,email+20|tel+10|effectif+10|categorie+5|anciennete+5|dirigeant+5,https://www.pappers.fr/entreprise/583821517,https://annuaire-entreprises.data.gouv.fr/entreprise/583821517,"https://www.google.com/maps?q=49.196518164,-0.463293601",https://www.google.com/search?q=CLOSYSTEM+CARPIQUET,https://www.linkedin.com/search/results/companies/?keywords=CLOSYSTEM,https://www.pagesjaunes.fr/annuaire/chercherlespros?quoiqui=CLOSYSTEM&ou=CARPIQUET,https://www.societe.com/cgi-bin/search?champs=583821517,https://fr.trustpilot.com/review/closystem.fr,,closystem.fr,10-19,PME,1,3,,219517,2021,68,1958-01-01,SARL,,3249,FR68583821517,active,583821517,58382151700021,43.29B,ZI OUEST LES BISSONNETS 14650 CARPIQUET,49.196518164,-0.463293601,site-generique,non,,,oui,oui,2026-08-06,sirene,CARPIQUET
COCEFROID,B,55,a contacter,,,,,,,,,,,,maintenance,Installation de machines et equipements mecaniques,ALES,30100,30,04 66 24 56 09,accueil@cocefroid.fr,mx_ok,CHRISTOPHE ALAIN CADET,Président de SAS,email+20|tel+10|effectif+10|categorie+5|anciennete+5|dirigeant+5,https://www.pappers.fr/entreprise/451193767,https://annuaire-entreprises.data.gouv.fr/entreprise/451193767,"https://www.google.com/maps?q=44.116681268,4.1149799402",https://www.google.com/search?q=COCEFROID+ALES,https://www.linkedin.com/search/results/companies/?keywords=COCEFROID,https://www.pagesjaunes.fr/annuaire/chercherlespros?quoiqui=COCEFROID&ou=ALES,https://www.societe.com/cgi-bin/search?champs=451193767,https://fr.trustpilot.com/review/cocefroid.fr,,cocefroid.fr,10-19,ETI,1,2,,590307,2024,23,2003-12-11,SAS,,1412,FR51451193767,active,451193767,45119376700022,33.20B,735 CHEMIN DU MAS DE LA BEDOSSE 30100 ALES,44.116681268,4.1149799402,site-generique,non,,OLLIVIER & ASSOCIES (Commissaire aux comptes titulaire),oui,oui,2026-08-08,sirene,ALES
FROID CUISINE 33,B,55,a contacter,,,,,,,,,,,,maintenance,Installation de machines et equipements mecaniques,FLOIRAC,33270,33,05 40 25 03 93,contact@froid-cuisine33.fr,mx_ok,KPMG S.A,Commissaire aux comptes titulaire,email+20|tel+10|effectif+10|categorie+5|anciennete+5|dirigeant+5,https://www.pappers.fr/entreprise/478590763,https://annuaire-entreprises.data.gouv.fr/entreprise/478590763,"https://www.google.com/maps?q=44.842789050334,-0.505617933880372",https://www.google.com/search?q=FROID+CUISINE+33+FLOIRAC,https://www.linkedin.com/search/results/companies/?keywords=FROID+CUISINE+33,https://www.pagesjaunes.fr/annuaire/chercherlespros?quoiqui=FROID+CUISINE+33&ou=FLOIRAC,https://www.societe.com/cgi-bin/search?champs=478590763,https://fr.trustpilot.com/review/froidcuisine33.com,https://www.linkedin.com/company/froid-cuisine-33-et-creat-services,froidcuisine33.com,20-49,ETI,1,2,,325963,2024,22,2004-09-03,SAS,,1412,FR29478590763,active,478590763,47859076300023,33.20B,5 AVENUE DES MONDAULTS 33270 FLOIRAC,44.842789050334,-0.505617933880372,site-generique,non,,GROUPE ODICE (Président de SAS),oui,oui,2026-08-10,sirene,FLOIRAC
NORM'CUISINES,B,55,a contacter,,,,,,,,,,,,maintenance,Reparation de machines et equipements mecaniques,MARTILLAC,33650,33,05 56 68 98 62,contact@normcuisines.fr,mx_ok,OLIVIER LUCIEN ROGER LEMOINE,Directeur Général,email+20|tel+10|effectif+10|categorie+5|anciennete+5|dirigeant+5,https://www.pappers.fr/entreprise/518396312,https://annuaire-entreprises.data.gouv.fr/entreprise/518396312,"https://www.google.com/maps?q=44.723141588,-0.532857942",https://www.google.com/search?q=NORM%27CUISINES+MARTILLAC,https://www.linkedin.com/search/results/companies/?keywords=NORM%27CUISINES,https://www.pagesjaunes.fr/annuaire/chercherlespros?quoiqui=NORM%27CUISINES&ou=MARTILLAC,https://www.societe.com/cgi-bin/search?champs=518396312,https://fr.trustpilot.com/review/normcuisines.fr,https://www.linkedin.com/company/norm-cuisines,normcuisines.fr,20-49,PME,1,2,,1082167,2023,17,2009-12-01,SAS,,1412,FR73518396312,active,518396312,51839631200028,33.12Z,3 CHEMIN CLEMENT LAFFARGUE 33650 MARTILLAC,44.723141588,-0.532857942,site-generique,non,,DELLEN (Président de SAS),oui,oui,2026-08-09,sirene,MARTILLAC
ORYCOM,B,55,a contacter,,,,,,,,,,,,maintenance,"Installation d'equipements electriques, de materiels electroniques et optiques ou d'autres materiels",AUBAGNE,13400,13,09 72 80 97 65,contact@orycom.fr,mx_ok,KHALID KHERKHANICH,Président de SAS,email+20|tel+10|effectif+10|categorie+5|anciennete+5|dirigeant+5,https://www.pappers.fr/entreprise/828211763,https://annuaire-entreprises.data.gouv.fr/entreprise/828211763,"https://www.google.com/maps?q=43.291729421,5.5975481664",https://www.google.com/search?q=ORYCOM+AUBAGNE,https://www.linkedin.com/search/results/companies/?keywords=ORYCOM,https://www.pagesjaunes.fr/annuaire/chercherlespros?quoiqui=ORYCOM&ou=AUBAGNE,https://www.societe.com/cgi-bin/search?champs=828211763,https://fr.trustpilot.com/review/orycom.fr,,orycom.fr,10-19,PME,1,2,,59953,2021,9,2017-03-15,SAS,,3248,FR89828211763,active,828211763,82821176300028,33.20D,ZI LES PALUDS 206 RUE DE LA MAIRE 13400 AUBAGNE,43.291729421,5.5975481664,site-generique,non,,,oui,oui,2026-08-05,sirene,AUBAGNE
PESAGE DU SUD OUEST,B,55,a contacter,,,,,,,,,,,,maintenance,Reparation de machines et equipements mecaniques,LAUNAGUET,31140,31,05 61 35 07 67,contact@pesagedusudouest.com,mx_ok,MURIEL DEJEAN,Président de SAS,email+20|tel+10|effectif+10|categorie+5|anciennete+5|dirigeant+5,https://www.pappers.fr/entreprise/323139113,https://annuaire-entreprises.data.gouv.fr/entreprise/323139113,"https://www.google.com/maps?q=43.669584351,1.4464193002",https://www.google.com/search?q=PESAGE+DU+SUD+OUEST+LAUNAGUET,https://www.linkedin.com/search/results/companies/?keywords=PESAGE+DU+SUD+OUEST,https://www.pagesjaunes.fr/annuaire/chercherlespros?quoiqui=PESAGE+DU+SUD+OUEST&ou=LAUNAGUET,https://www.societe.com/cgi-bin/search?champs=323139113,https://fr.trustpilot.com/review/pesagedusudouest.com,https://www.linkedin.com/company/pesage-du-sud-ouest,pesagedusudouest.com,10-19,PME,1,2,,130965,2024,48,1978-01-01,SAS,,9999,FR30323139113,active,323139113,32313911300027,33.12Z,7 IMPASSE MANIOU 31140 LAUNAGUET,43.669584351,1.4464193002,site-generique,non,,STEPHANE DEJEAN (Directeur Général),oui,oui,2026-08-09,sirene,LAUNAGUET
S N S INDUSTRIE,B,55,a contacter,,,,,,,,,,,,maintenance,Reparation de machines et equipements mecaniques,LONGVIC,21600,21,03 80 68 42 30,contact@sns-industrie.fr,mx_ok,CAROLINE SOPHIE ANDRE,Président du conseil d’administration et directeur général,email+20|tel+10|effectif+10|categorie+5|anciennete+5|dirigeant+5,https://www.pappers.fr/entreprise/391784741,https://annuaire-entreprises.data.gouv.fr/entreprise/391784741,"https://www.google.com/maps?q=47.29331437,5.0344225655",https://www.google.com/search?q=S+N+S+INDUSTRIE+LONGVIC,https://www.linkedin.com/search/results/companies/?keywords=S+N+S+INDUSTRIE,https://www.pagesjaunes.fr/annuaire/chercherlespros?quoiqui=S+N+S+INDUSTRIE&ou=LONGVIC,https://www.societe.com/cgi-bin/search?champs=391784741,https://fr.trustpilot.com/review/snsindustrie.com,https://www.linkedin.com/company/sns-industrie,snsindustrie.com,10-19,PME,1,4,,20744,2024,33,1993-07-01,SA,,"9999, 3248",FR94391784741,active,391784741,39178474100038,33.12Z,9 RUE DE L'INGENIEUR BERTIN 21600 LONGVIC,47.29331437,5.0344225655,site-generique,non,,PIERRE MARIE BAUDIN (Administrateur); ELISABETH MARGUERITE ANDRE (PAILLARD) (Administrateur); ETC (Commissaire aux comptes titulaire),oui,oui,2026-08-07,sirene,LONGVIC
SAS BOULAY,B,55,a contacter,,,,,,,,,,,,maintenance,Reparation de machines et equipements mecaniques,VALD'YERRE,28220,28,02 56 55 56 55,contact@sasboulay.fr,mx_ok,CYRIL BOULAY,Président de SAS,email+20|tel+10|effectif+10|categorie+5|anciennete+5|dirigeant+5,https://www.pappers.fr/entreprise/520839366,https://annuaire-entreprises.data.gouv.fr/entreprise/520839366,"https://www.google.com/maps?q=48.113186751,1.1897054266",https://www.google.com/search?q=SAS+BOULAY+VALD%27YERRE,https://www.linkedin.com/search/results/companies/?keywords=SAS+BOULAY,https://www.pagesjaunes.fr/annuaire/chercherlespros?quoiqui=SAS+BOULAY&ou=VALD%27YERRE,https://www.societe.com/cgi-bin/search?champs=520839366,https://fr.trustpilot.com/review/sasboulay.fr,,sasboulay.fr,10-19,PME,1,1,,114166,2024,16,2010-04-01,SAS,,1404,FR12520839366,active,520839366,52083936600017,33.12Z,CHATILLON EN DUNOIS 28 RUE DU 11 AOUT 1944 28220 VALD'YERRE,48.113186751,1.1897054266,site-generique,non,,CYRIL SERGE LOUIS BOULAY (BOULAY) (Président de SAS),oui,oui,2026-08-08,sirene,VALD'YERRE
SHIPELEC,B,55,a contacter,,,,,,,,,,,,maintenance,"Installation d'equipements electriques, de materiels electroniques et optiques ou d'autres materiels",SAINT-NAZAIRE,44600,44,02 40 66 20 66,info@shipelec.fr,mx_ok,MARCEL BERTAUD,Gérant,email+20|tel+10|effectif+10|categorie+5|anciennete+5|dirigeant+5,https://www.pappers.fr/entreprise/382317154,https://annuaire-entreprises.data.gouv.fr/entreprise/382317154,"https://www.google.com/maps?q=47.290053237,-2.202180044",https://www.google.com/search?q=SHIPELEC+SAINT-NAZAIRE,https://www.linkedin.com/search/results/companies/?keywords=SHIPELEC,https://www.pagesjaunes.fr/annuaire/chercherlespros?quoiqui=SHIPELEC&ou=SAINT-NAZAIRE,https://www.societe.com/cgi-bin/search?champs=382317154,https://fr.trustpilot.com/review/shipelec.fr,https://www.linkedin.com/company/89245486,shipelec.fr,20-49,PME,1,4,,-126693,2025,21,2005-07-22,SAS,,3248,FR00382317154,active,382317154,38231715400039,33.20D,HERBINS 7 RUE RENE CASSIN 44600 SAINT-NAZAIRE,47.290053237,-2.202180044,site-generique,non,,VOLTA (Président de SAS),oui,oui,2026-08-06,sirene,SAINT-NAZAIRE
TECNOREST,B,55,a contacter,,,,,,,,,,,,maintenance,Installation de machines et equipements mecaniques,COLOMBELLES,14460,14,04 72 09 18 14,info@tecnorest.fr,mx_ok,ALEXANDRE GABRIEL FREDERIC ETIENNE REYNAUD,Directeur Général,email+20|tel+10|effectif+10|categorie+5|anciennete+5|dirigeant+5,https://www.pappers.fr/entreprise/332250216,https://annuaire-entreprises.data.gouv.fr/entreprise/332250216,"https://www.google.com/maps?q=49.196957874,-0.293728251",https://www.google.com/search?q=TECNOREST+COLOMBELLES,https://www.linkedin.com/search/results/companies/?keywords=TECNOREST,https://www.pagesjaunes.fr/annuaire/chercherlespros?quoiqui=TECNOREST&ou=COLOMBELLES,https://www.societe.com/cgi-bin/search?champs=332250216,https://fr.trustpilot.com/review/tecnorest.fr,,tecnorest.fr,10-19,PME,1,1,,422645,2024,41,1985-03-01,SAS,,1412,FR00332250216,active,332250216,33225021600022,33.20B,ZAC  LAZZARO 4 RUE DE LA METALLURGIE 14460 COLOMBELLES,49.196957874,-0.293728251,site-generique,non,,A REYNAUD INVESTISSEMENT (Président de SAS),oui,oui,2026-08-06,sirene,COLOMBELLES
TMFCT,B,55,a contacter,,,,,,,,,,,,maintenance,Reparation de machines et equipements mecaniques,VERNOUILLET,28500,28,06 52 24 50 06,info@tmfct.fr,mx_ok,SOCIETE FINANCIERE DE PARTICIPATIONS,Président de SAS,email+20|tel+10|effectif+10|categorie+5|anciennete+5|dirigeant+5,https://www.pappers.fr/entreprise/447526740,https://annuaire-entreprises.data.gouv.fr/entreprise/447526740,"https://www.google.com/maps?q=48.7105652537361,1.3629991166629",https://www.google.com/search?q=TMFCT+VERNOUILLET,https://www.linkedin.com/search/results/companies/?keywords=TMFCT,https://www.pagesjaunes.fr/annuaire/chercherlespros?quoiqui=TMFCT&ou=VERNOUILLET,https://www.societe.com/cgi-bin/search?champs=447526740,https://fr.trustpilot.com/review/tmfct.fr,,tmfct.fr,20-49,PME,1,2,,902755,2024,24,2002-07-01,SAS,,3248,FR31447526740,active,447526740,44752674000025,33.12Z,2 BOULEVARD DE L'INDUSTRIE 28500 VERNOUILLET,48.7105652537361,1.3629991166629,site-generique,non,support@o2switch.fr,AUDITPERFORMANCE (Commissaire aux comptes suppléant); EXPERTS CONSEILS REVISIONS (Commissaire aux comptes titulaire); FINANCIERE DE PARTICIPATIONS (Président de SAS),oui,oui,2026-08-08,sirene,VERNOUILLET
UNITEC SERVICES,B,55,a contacter,,,,,,,,,,,,maintenance,Reparation de machines et equipements mecaniques,VALENCE,26000,26,04 75 59 47 31,sav@unitecservices.fr,mx_ok,FREDERIC SOULIER (SOULIER),Président de SAS,email+20|tel+10|effectif+10|categorie+5|anciennete+5|dirigeant+5,https://www.pappers.fr/entreprise/520973728,https://annuaire-entreprises.data.gouv.fr/entreprise/520973728,"https://www.google.com/maps?q=44.920525981,4.9283092908",https://www.google.com/search?q=UNITEC+SERVICES+VALENCE,https://www.linkedin.com/search/results/companies/?keywords=UNITEC+SERVICES,https://www.pagesjaunes.fr/annuaire/chercherlespros?quoiqui=UNITEC+SERVICES&ou=VALENCE,https://www.societe.com/cgi-bin/search?champs=520973728,https://fr.trustpilot.com/review/unitecservices.fr,,unitecservices.fr,10-19,PME,1,1,,131050,2023,16,2010-03-08,SAS,,3248,FR63520973728,active,520973728,52097372800014,33.12Z,Z.I DES BRIFFAUTS CHEMIN DES HUGUENOTS 26000 VALENCE,44.920525981,4.9283092908,site-generique,non,,UMS CAPITAL (Président de SAS),oui,oui,2026-08-07,sirene,VALENCE
VPERFORMANCE,B,55,a contacter,,,,,,,,,,,,maintenance,Autres travaux d'installation n.c.a.,MARSEILLE,13012,13,04 91 72 53 49,contact@vpascenseurs.fr,mx_ok,VICTOR-CONSTANTIN HERA,Président de SAS,email+20|tel+10|effectif+10|categorie+5|anciennete+5|dirigeant+5,https://www.pappers.fr/entreprise/844146183,https://annuaire-entreprises.data.gouv.fr/entreprise/844146183,"https://www.google.com/maps?q=43.297397213,5.4395450742",https://www.google.com/search?q=VPERFORMANCE+MARSEILLE,https://www.linkedin.com/search/results/companies/?keywords=VPERFORMANCE,https://www.pagesjaunes.fr/annuaire/chercherlespros?quoiqui=VPERFORMANCE&ou=MARSEILLE,https://www.societe.com/cgi-bin/search?champs=844146183,https://fr.trustpilot.com/review/vperformance.fr,https://fr.linkedin.com/company/verticalperformanceascenseurs,vperformance.fr,10-19,PME,1,2,216040,64737,2019,8,2018-11-22,SAS,,"2609, 1596, 2420",FR03844146183,active,844146183,84414618300026,43.29B,RESIDENCE GREEN ISLAND BAT A 49 BOULEVARD BOUYALA D'ARNAUD 13012 MARSEILLE,43.297397213,5.4395450742,site-generique,non,,,oui,oui,2026-08-05,sirene,MARSEILLE
T S M TELECONCEPTS,B,53,a contacter,,,,,,,,,,,,maintenance,"Installation d'equipements electriques, de materiels electroniques et optiques ou d'autres materiels",MOUGINS,06250,06,,,,CANNES AUDIT PEIRIN,Commissaire aux comptes titulaire,ca+15|effectif+10|categorie+5|multi-agences+8|anciennete+5|dirigeant+5|labels+5,https://www.pappers.fr/entreprise/397485616,https://annuaire-entreprises.data.gouv.fr/entreprise/397485616,"https://www.google.com/maps?q=43.5832230293785,7.01040418373854",https://www.google.com/search?q=T+S+M+TELECONCEPTS+MOUGINS,https://www.linkedin.com/search/results/companies/?keywords=T+S+M+TELECONCEPTS,https://www.pagesjaunes.fr/annuaire/chercherlespros?quoiqui=T+S+M+TELECONCEPTS&ou=MOUGINS,https://www.societe.com/cgi-bin/search?champs=397485616,,,,50-99,PME,10,27,7107145,490009,2023,32,1994-05-16,SAS,Organisme de formation,3248,FR67397485616,active,397485616,39748561600031,33.20D,60 CHEMIN DE FONT GRAISSAN 06250 MOUGINS,43.5832230293785,7.01040418373854,,,,"BUSINESS DEVELOPMENT AND FINANCING (Président de SAS); ARES - AUDIT, REVISION , EXPERTISE-COMPTABLE ET STRATEGIE (Commissaire aux comptes suppléant)",non,oui,2026-08-02,sirene,MOUGINS
VAUGEOIS ELECTRONIQUE,B,53,a contacter,,,,,,,,,,,,maintenance,"Installation d'equipements electriques, de materiels electroniques et optiques ou d'autres materiels",SAINT-AVERTIN,37550,37,,,,EXPERTISE FINANCE CONSEIL,Commissaire aux comptes titulaire,ca+15|effectif+10|categorie+5|multi-agences+8|anciennete+5|dirigeant+5|labels+5,https://www.pappers.fr/entreprise/307049189,https://annuaire-entreprises.data.gouv.fr/entreprise/307049189,"https://www.google.com/maps?q=47.367711086,0.7168015887",https://www.google.com/search?q=VAUGEOIS+ELECTRONIQUE+SAINT-AVERTIN,https://www.linkedin.com/search/results/companies/?keywords=VAUGEOIS+ELECTRONIQUE,https://www.pagesjaunes.fr/annuaire/chercherlespros?quoiqui=VAUGEOIS+ELECTRONIQUE&ou=SAINT-AVERTIN,https://www.societe.com/cgi-bin/search?champs=307049189,,,,50-99,ETI,6,11,15231311,340802,2024,58,1968-01-01,SAS,RGE,0573,FR77307049189,active,307049189,30704918900052,33.20D,ZA LES GRANGES GALAND 24 RUE DE LA TUILERIE 37550 SAINT-AVERTIN,47.367711086,0.7168015887,,,,SYGMATEL (Président de SAS),non,oui,2026-08-06,sirene,SAINT-AVERTIN
TECHNIC HYDRO,B,53,a contacter,,,,,,,,,,,,maintenance,Reparation de machines et equipements mecaniques,AIX-EN-PROVENCE,13290,13,,,,BRUNO CAGNOL,Gérant,ca+15|effectif+10|categorie+5|multi-agences+8|anciennete+5|dirigeant+5|labels+5,https://www.pappers.fr/entreprise/060802741,https://annuaire-entreprises.data.gouv.fr/entreprise/060802741,"https://www.google.com/maps?q=43.480041408,5.3832063886",https://www.google.com/search?q=TECHNIC+HYDRO+AIX-EN-PROVENCE,https://www.linkedin.com/search/results/companies/?keywords=TECHNIC+HYDRO,https://www.pagesjaunes.fr/annuaire/chercherlespros?quoiqui=TECHNIC+HYDRO&ou=AIX-EN-PROVENCE,https://www.societe.com/cgi-bin/search?champs=060802741,,,,20-49,ETI,5,7,6702095,527850,2025,66,1960-01-01,SARL,"Qualiopi, Organisme de formation",3248,FR26060802741,active,060802741,06080274100045,33.12Z,LES MILLES 530 RUE MAYOR DE MONTRICHER 13290 AIX-EN-PROVENCE,43.480041408,5.3832063886,,,,,non,oui,2026-08-04,sirene,AIX-EN-PROVENCE
TRVS,B,53,a contacter,,,,,,,,,,,,maintenance,Reparation de machines et equipements mecaniques,MARSEILLE 16EME,13016,13,,info@trvs.org,mx_ok,TRVS MANAGEMENT,Président de SAS,email+20|effectif+10|categorie+5|multi-agences+8|anciennete+5|dirigeant+5,https://www.pappers.fr/entreprise/424215507,https://annuaire-entreprises.data.gouv.fr/entreprise/424215507,"https://www.google.com/maps?q=43.356519566,5.3335973007",https://www.google.com/search?q=TRVS+MARSEILLE+16EME,https://www.linkedin.com/search/results/companies/?keywords=TRVS,https://www.pagesjaunes.fr/annuaire/chercherlespros?quoiqui=TRVS&ou=MARSEILLE+16EME,https://www.societe.com/cgi-bin/search?champs=424215507,https://fr.trustpilot.com/review/trvs.org,,trvs.org,20-49,PME,5,11,,135822,2021,27,1999-10-10,SAS,,3248,FR34424215507,active,424215507,42421550700064,33.12Z,33 CHE DE ST HENRI 13016 MARSEILLE 16EME,43.356519566,5.3335973007,site-generique,non,info@threeriversvillageschool.org,,oui,oui,2026-08-02,sirene,MARSEILLE 16EME
ALTHEA FRANCE,B,53,a contacter,,,,,,,,,,,,maintenance,Reparation de materiels electroniques et optiques,TASSIN-LA-DEMI-LUNE,69160,69,,,,STEFANO MAZZA,Gérant,ca+15|effectif+10|categorie+5|multi-agences+8|anciennete+5|dirigeant+5|labels+5,https://www.pappers.fr/entreprise/452903032,https://annuaire-entreprises.data.gouv.fr/entreprise/452903032,"https://www.google.com/maps?q=45.758335451,4.7602668395",https://www.google.com/search?q=ALTHEA+FRANCE+TASSIN-LA-DEMI-LUNE,https://www.linkedin.com/search/results/companies/?keywords=ALTHEA+FRANCE,https://www.pagesjaunes.fr/annuaire/chercherlespros?quoiqui=ALTHEA+FRANCE&ou=TASSIN-LA-DEMI-LUNE,https://www.societe.com/cgi-bin/search?champs=452903032,,,,100-199,PME,4,19,17270904,-492439,2024,22,2004-04-05,SARL,"Qualiopi, Organisme de formation",3248,FR38452903032,active,452903032,45290303200103,33.13Z,LES BUREAUX VERTS 16 RUE PROFESSEUR DEPERET 69160 TASSIN-LA-DEMI-LUNE,45.758335451,4.7602668395,,,,RAFAEL PROVENCIO RODRIGUEZ (Gérant); PIETRO TORRUSIO (Gérant); AUDITEX (Commissaire aux comptes suppléant); ERNST & YOUNG ET AUTRES (Commissaire aux comptes titulaire),non,oui,2026-08-02,sirene,TASSIN-LA-DEMI-LUNE
ERMA ELECTRONIQUE,B,53,a contacter,,,,,,,,,,,,maintenance,Reparation d'equipements electriques,LA TESTE-DE-BUCH,33260,33,,,,CAROLE BENAZET,Commissaire aux comptes suppléant,ca+15|effectif+10|categorie+5|multi-agences+8|anciennete+5|dirigeant+5|labels+5,https://www.pappers.fr/entreprise/394514459,https://annuaire-entreprises.data.gouv.fr/entreprise/394514459,"https://www.google.com/maps?q=44.605074156,-1.127099758",https://www.google.com/search?q=ERMA+ELECTRONIQUE+LA+TESTE-DE-BUCH,https://www.linkedin.com/search/results/companies/?keywords=ERMA+ELECTRONIQUE,https://www.pagesjaunes.fr/annuaire/chercherlespros?quoiqui=ERMA+ELECTRONIQUE&ou=LA+TESTE-DE-BUCH,https://www.societe.com/cgi-bin/search?champs=394514459,,,,100-199,PME,4,11,16289898,578821,2024,32,1994-02-01,SARL,"Qualiopi, Organisme de formation",3248,FR23394514459,active,394514459,39451445900087,33.14Z,251 AVENUE DE L'AERODROME 33260 LA TESTE-DE-BUCH,44.605074156,-1.127099758,,,,BRUNO ERIC CHARBONNIER (Gérant); JULIEN ALEXANDRE ELIBERT CHARBONNIER (Gérant); COMPAGNIE FIDUCIAIRE AUDIT (Commissaire aux comptes titulaire),non,oui,2026-08-04,sirene,LA TESTE-DE-BUCH
ETABLISSEMENTS BOUSCASSE FROID CLIMATISATION CUISINE EQUIPEMENTS,B,53,a contacter,,,,,,,,,,,,maintenance,Installation de machines et equipements mecaniques,CARSAC-AILLAC,24200,24,,,,LUDOVIC DELANES (DELANES),Directeur Général,ca+15|effectif+10|categorie+5|multi-agences+8|anciennete+5|dirigeant+5|labels+5,https://www.pappers.fr/entreprise/393483755,https://annuaire-entreprises.data.gouv.fr/entreprise/393483755,"https://www.google.com/maps?q=44.863672356,1.2583045153",https://www.google.com/search?q=ETABLISSEMENTS+BOUSCASSE+FROID+CLIMATISATION+CUISINE+EQUIPEMENTS+CARSAC-AILLAC,https://www.linkedin.com/search/results/companies/?keywords=ETABLISSEMENTS+BOUSCASSE+FROID+CLIMATISATION+CUISINE+EQUIPEMENTS,https://www.pagesjaunes.fr/annuaire/chercherlespros?quoiqui=ETABLISSEMENTS+BOUSCASSE+FROID+CLIMATISATION+CUISINE+EQUIPEMENTS&ou=CARSAC-AILLAC,https://www.societe.com/cgi-bin/search?champs=393483755,,,,50-99,PME,4,4,7122292,45649,2025,32,1994-01-01,SAS,RGE,1412,FR77393483755,active,393483755,39348375500012,33.20B,8 AVENUE DE LA BORIE DE VIALARD 24200 CARSAC-AILLAC,44.863672356,1.2583045153,,,,SARL PERIGORD FROID (Président de SAS); H. AUDIT (Commissaire aux comptes titulaire),non,oui,2026-08-04,sirene,CARSAC-AILLAC
JPF INDUSTRIES,B,53,a contacter,,,,,,,,,,,,maintenance,"Installation d'equipements electriques, de materiels electroniques et optiques ou d'autres materiels",QUEVERT,22100,22,,,,J.P. FAUCHE INVESTISSEMENTS,Président de SAS,ca+15|effectif+10|categorie+5|multi-agences+8|anciennete+5|dirigeant+5|labels+5,https://www.pappers.fr/entreprise/404954125,https://annuaire-entreprises.data.gouv.fr/entreprise/404954125,"https://www.google.com/maps?q=48.459124666,-2.067646495",https://www.google.com/search?q=JPF+INDUSTRIES+QUEVERT,https://www.linkedin.com/search/results/companies/?keywords=JPF+INDUSTRIES,https://www.pagesjaunes.fr/annuaire/chercherlespros?quoiqui=JPF+INDUSTRIES&ou=QUEVERT,https://www.societe.com/cgi-bin/search?champs=404954125,,,,50-99,ETI,4,5,22129234,340078,2024,30,1996-03-04,SAS,RGE,3248,FR49404954125,active,404954125,40495412500013,33.20D,8 BD ZI 22100 QUEVERT,48.459124666,-2.067646495,,,,GRANT THORNTHON (Commissaire aux comptes titulaire),non,oui,2026-08-07,sirene,QUEVERT
STEAM FRANCE,B,53,a contacter,,,,,,,,,,,,maintenance,Reparation d'equipements electriques,MONTPELLIER,34090,34,,,,JEAN PIERRE AIME LEON BOFFY,Directeur Général,ca+15|effectif+10|categorie+5|multi-agences+8|anciennete+5|dirigeant+5|labels+5,https://www.pappers.fr/entreprise/421815119,https://annuaire-entreprises.data.gouv.fr/entreprise/421815119,"https://www.google.com/maps?q=43.644295888,3.8306052927",https://www.google.com/search?q=STEAM+FRANCE+MONTPELLIER,https://www.linkedin.com/search/results/companies/?keywords=STEAM+FRANCE,https://www.pagesjaunes.fr/annuaire/chercherlespros?quoiqui=STEAM+FRANCE&ou=MONTPELLIER,https://www.societe.com/cgi-bin/search?champs=421815119,,,,50-99,PME,4,11,10536000,-274000,2020,27,1999-01-28,SAS,Organisme de formation,1412,FR53421815119,active,421815119,42181511900076,33.14Z,PARC EUROMEDECINE II RUE DE LA VALSIERE 34090 MONTPELLIER,43.644295888,3.8306052927,,,,STEAM GROUPE (Président de SAS); ARC SUD EXPERTISE & AUDIT (Commissaire aux comptes titulaire),non,oui,2026-08-09,sirene,MONTPELLIER
ARMOR GENIE THERMIQUE ET FRIGORIFIQUE,B,53,a contacter,,,,,,,,,,,,maintenance,Installation de machines et equipements mecaniques,CROZON,29160,29,,,,TONY GONDELLIER,Président de SAS,ca+15|effectif+10|categorie+5|multi-agences+8|anciennete+5|dirigeant+5|labels+5,https://www.pappers.fr/entreprise/522862432,https://annuaire-entreprises.data.gouv.fr/entreprise/522862432,"https://www.google.com/maps?q=48.2483658694082,-4.43081574885794",https://www.google.com/search?q=ARMOR+GENIE+THERMIQUE+ET+FRIGORIFIQUE+CROZON,https://www.linkedin.com/search/results/companies/?keywords=ARMOR+GENIE+THERMIQUE+ET+FRIGORIFIQUE,https://www.pagesjaunes.fr/annuaire/chercherlespros?quoiqui=ARMOR+GENIE+THERMIQUE+ET+FRIGORIFIQUE&ou=CROZON,https://www.societe.com/cgi-bin/search?champs=522862432,,,,10-19,PME,3,5,1706489,78034,2024,16,2010-06-02,SAS,RGE,,FR17522862432,active,522862432,52286243200047,33.20B,ZAD DE KERDANVEZ 29160 CROZON,48.2483658694082,-4.43081574885794,,,,,non,oui,2026-08-08,sirene,CROZON
ELECTROCLASS - TEMREX,B,53,a contacter,,,,,,,,,,,,maintenance,Reparation de machines et equipements mecaniques,BUSSY-SAINT-GEORGES,77600,77,,,,ALAIN BOUDOT,Commissaire aux comptes suppléant,ca+15|effectif+10|categorie+5|multi-agences+8|anciennete+5|dirigeant+5|labels+5,https://www.pappers.fr/entreprise/316654441,https://annuaire-entreprises.data.gouv.fr/entreprise/316654441,"https://www.google.com/maps?q=48.831560633,2.736180641",https://www.google.com/search?q=ELECTROCLASS+-+TEMREX+BUSSY-SAINT-GEORGES,https://www.linkedin.com/search/results/companies/?keywords=ELECTROCLASS+-+TEMREX,https://www.pagesjaunes.fr/annuaire/chercherlespros?quoiqui=ELECTROCLASS+-+TEMREX&ou=BUSSY-SAINT-GEORGES,https://www.societe.com/cgi-bin/search?champs=316654441,,,,50-99,PME,3,6,15200133,642171,2024,41,1985-09-02,SAS,Organisme de formation,3248,FR43316654441,active,316654441,31665444100096,33.12Z,12 RUE GUTENBERG ET 7 BOULEVARD DE STRASBOURG 77600 BUSSY-SAINT-GEORGES,48.831560633,2.736180641,,,,DOMINIQUE ZORZETTO (Directeur Général); GMBA (Commissaire aux comptes titulaire); ELECTROCLASS INDUSTRIE (Président de SAS),non,oui,2026-08-03,sirene,BUSSY-SAINT-GEORGES
ETABLISSEMENTS CHPOLANSKY,B,53,a contacter,,,,,,,,,,,,maintenance,Reparation de machines et equipements mecaniques,MARCOUSSIS,91460,91,,,,RSA,Commissaire aux comptes titulaire,ca+15|effectif+10|categorie+5|multi-agences+8|anciennete+5|dirigeant+5|labels+5,https://www.pappers.fr/entreprise/775720162,https://annuaire-entreprises.data.gouv.fr/entreprise/775720162,"https://www.google.com/maps?q=48.663536091,2.2130658803",https://www.google.com/search?q=ETABLISSEMENTS+CHPOLANSKY+MARCOUSSIS,https://www.linkedin.com/search/results/companies/?keywords=ETABLISSEMENTS+CHPOLANSKY,https://www.pagesjaunes.fr/annuaire/chercherlespros?quoiqui=ETABLISSEMENTS+CHPOLANSKY&ou=MARCOUSSIS,https://www.societe.com/cgi-bin/search?champs=775720162,,,,100-199,PME,3,5,22923921,1364079,2024,56,1970-01-01,SAS,Organisme de formation,3248,FR33775720162,active,775720162,77572016200053,33.12Z,ZAC FONTAINE DE JOUVENCE RUE ANGIBOUST 91460 MARCOUSSIS,48.663536091,2.2130658803,,,,SPC (Président de SAS),non,oui,2026-08-02,sirene,MARCOUSSIS
ETABLISSEMENTS JEAN PAUMIER ET FILS,B,53,a contacter,,,,,,,,,,,,maintenance,Installation de machines et equipements mecaniques,SAINT-LEONARD,76400,76,,,,NICOLAS GODEFROY,Directeur Général,ca+15|effectif+10|categorie+5|multi-agences+8|anciennete+5|dirigeant+5|labels+5,https://www.pappers.fr/entreprise/346350101,https://annuaire-entreprises.data.gouv.fr/entreprise/346350101,"https://www.google.com/maps?q=49.7202745616216,0.360176041680567",https://www.google.com/search?q=ETABLISSEMENTS+JEAN+PAUMIER+ET+FILS+SAINT-LEONARD,https://www.linkedin.com/search/results/companies/?keywords=ETABLISSEMENTS+JEAN+PAUMIER+ET+FILS,https://www.pagesjaunes.fr/annuaire/chercherlespros?quoiqui=ETABLISSEMENTS+JEAN+PAUMIER+ET+FILS&ou=SAINT-LEONARD,https://www.societe.com/cgi-bin/search?champs=346350101,,,,100-199,GE,3,10,21330625,1041576,2024,63,1963-01-01,SAS,"Qualiopi, Organisme de formation",1412,FR89346350101,active,346350101,34635010100041,33.20B,PARC D'ACTIVITES DES HAUTES FALAISES 76400 SAINT-LEONARD,49.7202745616216,0.360176041680567,,,,JEROME GUERENDEL (Président de SAS); DELOITTE & ASSOCIES (Commissaire aux comptes titulaire),non,oui,2026-08-04,sirene,SAINT-LEONARD
GET ELECTRONIQUE,B,53,a contacter,,,,,,,,,,,,maintenance,Reparation de materiels electroniques et optiques,LABRUGUIERE,81290,81,,,,GRANT THORNTON,Commissaire aux comptes titulaire,ca+15|effectif+10|categorie+5|multi-agences+8|anciennete+5|dirigeant+5|labels+5,https://www.pappers.fr/entreprise/447794363,https://annuaire-entreprises.data.gouv.fr/entreprise/447794363,"https://www.google.com/maps?q=43.5559362399343,2.27568053398351",https://www.google.com/search?q=GET+ELECTRONIQUE+LABRUGUIERE,https://www.linkedin.com/search/results/companies/?keywords=GET+ELECTRONIQUE,https://www.pagesjaunes.fr/annuaire/chercherlespros?quoiqui=GET+ELECTRONIQUE&ou=LABRUGUIERE,https://www.societe.com/cgi-bin/search?champs=447794363,,,,50-99,ETI,3,4,6321793,-40866,2025,23,2003-03-13,SAS,Organisme de formation,3248,FR31447794363,active,447794363,44779436300047,33.13Z,3 RUE CLAUDE GALIEN 81290 LABRUGUIERE,43.5559362399343,2.27568053398351,,,,IGEC (Commissaire aux comptes suppléant); TEST & QUALITY SOLUTIONS GROUP (Président de SAS),non,oui,2026-08-08,sirene,LABRUGUIERE
SARTORIUS FRANCE,B,53,a contacter,,,,,,,,,,,,maintenance,Reparation de materiels electroniques et optiques,DOURDAN,91410,91,,,,ALEXANDRA GATZEMEYER (GATZEMEYER),Président de SAS,ca+15|effectif+10|categorie+5|multi-agences+8|anciennete+5|dirigeant+5|labels+5,https://www.pappers.fr/entreprise/381873256,https://annuaire-entreprises.data.gouv.fr/entreprise/381873256,"https://www.google.com/maps?q=48.524088216,2.0279214788",https://www.google.com/search?q=SARTORIUS+FRANCE+DOURDAN,https://www.linkedin.com/search/results/companies/?keywords=SARTORIUS+FRANCE,https://www.pagesjaunes.fr/annuaire/chercherlespros?quoiqui=SARTORIUS+FRANCE&ou=DOURDAN,https://www.societe.com/cgi-bin/search?champs=381873256,,,,100-199,ETI,3,5,34285472,1507262,2024,35,1991-03-19,SAS,Organisme de formation,1555,FR19381873256,active,381873256,38187325600048,33.13Z,ZONE D'ACTIVITE DE LA GAUDREE 2 RUE ANTOINE LAURENT DE LAVOISIER 91410 DOURDAN,48.524088216,2.0279214788,,,,VALERIE MORILLON (Directeur Général); KPMG S.A (Commissaire aux comptes titulaire),non,oui,2026-08-04,sirene,DOURDAN
TRANSFO SERVICES,B,53,a contacter,,,,,,,,,,,,maintenance,Reparation d'equipements electriques,CHATEAUBOURG,35220,35,,,,CAROLINE CASSOUX (GOBIN),Président de SAS,ca+15|effectif+10|categorie+5|multi-agences+8|anciennete+5|dirigeant+5|labels+5,https://www.pappers.fr/entreprise/320723869,https://annuaire-entreprises.data.gouv.fr/entreprise/320723869,"https://www.google.com/maps?q=48.102605296,-1.414854527",https://www.google.com/search?q=TRANSFO+SERVICES+CHATEAUBOURG,https://www.linkedin.com/search/results/companies/?keywords=TRANSFO+SERVICES,https://www.pagesjaunes.fr/annuaire/chercherlespros?quoiqui=TRANSFO+SERVICES&ou=CHATEAUBOURG,https://www.societe.com/cgi-bin/search?champs=320723869,,,,100-199,GE,3,13,45386584,-15580,2023,45,1981-01-01,SAS,Organisme de formation,3248,FR04320723869,active,320723869,32072386900022,33.14Z,RUE DE LA GOULGATIERE 35220 CHATEAUBOURG,48.102605296,-1.414854527,,,,HERVE HELIAS (Commissaire aux comptes suppléant); FORVIS MAZARS SA (Commissaire aux comptes titulaire),non,oui,2026-08-01,sirene,CHATEAUBOURG
A.T.C.F.,B,53,a contacter,,,,,,,,,,,,maintenance,Installation de machines et equipements mecaniques,FONTAINE-LES-DIJON,21121,21,,,,GROUPE PIRETTI ENERGIES,Président de SAS,ca+15|effectif+10|categorie+5|multi-agences+8|anciennete+5|dirigeant+5|labels+5,https://www.pappers.fr/entreprise/411489040,https://annuaire-entreprises.data.gouv.fr/entreprise/411489040,"https://www.google.com/maps?q=47.35592671,5.0264428724",https://www.google.com/search?q=A.T.C.F.+FONTAINE-LES-DIJON,https://www.linkedin.com/search/results/companies/?keywords=A.T.C.F.,https://www.pagesjaunes.fr/annuaire/chercherlespros?quoiqui=A.T.C.F.&ou=FONTAINE-LES-DIJON,https://www.societe.com/cgi-bin/search?champs=411489040,,,,20-49,PME,2,7,8386369,323476,2024,29,1997-03-24,SAS,RGE,1412,FR27411489040,active,411489040,41148904000039,33.20B,PARC D'ACTIVITES CORTOTS 7 RUE DES PONNIERES 21121 FONTAINE-LES-DIJON,47.35592671,5.0264428724,,,,GRANT THORNTON (Commissaire aux comptes titulaire),non,oui,2026-08-07,sirene,FONTAINE-LES-DIJON
ATELIER TRAVAUX ELECTROMECANIQUES MIDI,B,53,a contacter,,,,,,,,,,,,maintenance,Reparation de machines et equipements mecaniques,MARSEILLE,13015,13,,,,MICHEL DEGUILLAME,Directeur général délégué,ca+15|effectif+10|categorie+5|multi-agences+8|anciennete+5|dirigeant+5|labels+5,https://www.pappers.fr/entreprise/312086697,https://annuaire-entreprises.data.gouv.fr/entreprise/312086697,"https://www.google.com/maps?q=43.336696404,5.3579961994",https://www.google.com/search?q=ATELIER+TRAVAUX+ELECTROMECANIQUES+MIDI+MARSEILLE,https://www.linkedin.com/search/results/companies/?keywords=ATELIER+TRAVAUX+ELECTROMECANIQUES+MIDI,https://www.pagesjaunes.fr/annuaire/chercherlespros?quoiqui=ATELIER+TRAVAUX+ELECTROMECANIQUES+MIDI&ou=MARSEILLE,https://www.societe.com/cgi-bin/search?champs=312086697,,,,50-99,PME,2,2,9660412,881695,2024,48,1978-01-01,5560,ESS,3248,FR01312086697,active,312086697,31208669700033,33.12Z,1 TRAVERSE MARDIROSSIAN 13015 MARSEILLE,43.336696404,5.3579961994,,,,REMY FALIP (Administrateur); JEAN-CHARLES FRANCHI (Commissaire aux comptes suppléant); FREDERIC GAYRAUD (Administrateur); GHISLAIN PAUL VICTOR GOMEZ (Administrateur),non,oui,2026-08-04,sirene,MARSEILLE
MSI TECHNOLOGIES,B,53,a contacter,,,,,,,,,,,,maintenance,Reparation de machines et equipements mecaniques,SAINT-CYPRIEN,42160,42,,info@msitechnologies.com,mx_ok,US UNION SOCIETY,Président de SAS,email+20|effectif+10|categorie+5|multi-agences+8|anciennete+5|dirigeant+5,https://www.pappers.fr/entreprise/493890073,https://annuaire-entreprises.data.gouv.fr/entreprise/493890073,"https://www.google.com/maps?q=45.529826913,4.2451754091",https://www.google.com/search?q=MSI+TECHNOLOGIES+SAINT-CYPRIEN,https://www.linkedin.com/search/results/companies/?keywords=MSI+TECHNOLOGIES,https://www.pagesjaunes.fr/annuaire/chercherlespros?quoiqui=MSI+TECHNOLOGIES&ou=SAINT-CYPRIEN,https://www.societe.com/cgi-bin/search?champs=493890073,https://fr.trustpilot.com/review/msitechnologies.com,https://www.linkedin.com/company/msi-technologies-llc,msitechnologies.com,10-19,PME,2,2,,-17819,2023,20,2006-11-27,SAS,,3248,FR81493890073,active,493890073,49389007300023,33.12Z,1 AVENUE PIERRE ZAKARIE 42160 SAINT-CYPRIEN,45.529826913,4.2451754091,site-generique,non,,,oui,oui,2026-08-04,sirene,SAINT-CYPRIEN
PERIGORD FROID,B,53,a contacter,,,,,,,,,,,,maintenance,Installation de machines et equipements mecaniques,BOULAZAC ISLE MANOIRE,24330,24,,,,LUDOVIC DELANES,Directeur Général,ca+15|effectif+10|categorie+5|multi-agences+8|anciennete+5|dirigeant+5|labels+5,https://www.pappers.fr/entreprise/491735692,https://annuaire-entreprises.data.gouv.fr/entreprise/491735692,"https://www.google.com/maps?q=45.17821016,0.7358841571",https://www.google.com/search?q=PERIGORD+FROID+BOULAZAC+ISLE+MANOIRE,https://www.linkedin.com/search/results/companies/?keywords=PERIGORD+FROID,https://www.pagesjaunes.fr/annuaire/chercherlespros?quoiqui=PERIGORD+FROID&ou=BOULAZAC+ISLE+MANOIRE,https://www.societe.com/cgi-bin/search?champs=491735692,,,,20-49,PME,2,3,8238085,417086,2025,20,2006-07-28,SAS,RGE,1412,FR48491735692,active,491735692,49173569200015,33.20B,78 RTE DE LYON 24330 BOULAZAC ISLE MANOIRE,45.17821016,0.7358841571,,,,SAS 3D (Président de SAS); H. AUDIT (Commissaire aux comptes titulaire),non,oui,2026-08-04,sirene,BOULAZAC ISLE MANOIRE
PRECIMECA,B,53,a contacter,,,,,,,,,,,,maintenance,Reparation de machines et equipements mecaniques,TOULOUSE,31200,31,,contact@precimeca.com,mx_ok,EURAUDIT,Commissaire aux comptes titulaire,email+20|effectif+10|categorie+5|multi-agences+8|anciennete+5|dirigeant+5,https://www.pappers.fr/entreprise/388346777,https://annuaire-entreprises.data.gouv.fr/entreprise/388346777,"https://www.google.com/maps?q=43.649917028,1.4136405087",https://www.google.com/search?q=PRECIMECA+TOULOUSE,https://www.linkedin.com/search/results/companies/?keywords=PRECIMECA,https://www.pagesjaunes.fr/annuaire/chercherlespros?quoiqui=PRECIMECA&ou=TOULOUSE,https://www.societe.com/cgi-bin/search?champs=388346777,https://fr.trustpilot.com/review/precimeca.fr,https://www.linkedin.com/company/precimeca,precimeca.fr,20-49,PME,2,3,,1227410,2024,34,1992-08-01,SAS,,3248,FR18388346777,active,388346777,38834677700021,33.12Z,68 CHEMIN DE FENOUILLET 31200 TOULOUSE,43.649917028,1.4136405087,site-generique,non,,SOLUTEC AUDIT (Commissaire aux comptes suppléant); MC ENGINEERING (Président de SAS),oui,oui,2026-08-09,sirene,TOULOUSE
ATIEI,B,53,a contacter,,,,,,,,,,,,maintenance,"Installation d'equipements electriques, de materiels electroniques et optiques ou d'autres materiels",SAINT PIERRE LES ELBEUF,76320,76,,,,NSJ INVEST,Président de SAS,site+8|ca+15|effectif+10|categorie+5|anciennete+5|dirigeant+5|labels+5,https://www.pappers.fr/entreprise/399412378,https://annuaire-entreprises.data.gouv.fr/entreprise/399412378,"https://www.google.com/maps?q=49.28862577,1.0462786045",https://www.google.com/search?q=ATIEI+SAINT+PIERRE+LES+ELBEUF,https://www.linkedin.com/search/results/companies/?keywords=ATIEI,https://www.pagesjaunes.fr/annuaire/chercherlespros?quoiqui=ATIEI&ou=SAINT+PIERRE+LES+ELBEUF,https://www.societe.com/cgi-bin/search?champs=399412378,https://fr.trustpilot.com/review/atiei.fr,,atiei.fr,10-19,PME,1,2,2616982,152062,2024,32,1994-12-22,SAS,RGE,3248,FR26399412378,active,399412378,39941237800024,33.20D,ZE DE L OISON AV DES QUATRE AGES 76320 SAINT PIERRE LES ELBEUF,49.28862577,1.0462786045,,,,,oui,oui,2026-08-08,sirene,SAINT PIERRE LES ELBEUF
CERCLE OPTIMA,B,53,a contacter,,,,,,,,,,,,maintenance,"Installation d'equipements electriques, de materiels electroniques et optiques ou d'autres materiels",ROUSSET,13790,13,,,,STEPHAN CHAUWIN,Président de SAS,site+8|ca+15|effectif+10|categorie+5|anciennete+5|dirigeant+5|labels+5,https://www.pappers.fr/entreprise/449194190,https://annuaire-entreprises.data.gouv.fr/entreprise/449194190,"https://www.google.com/maps?q=43.4655389982677,5.60966503944929",https://www.google.com/search?q=CERCLE+OPTIMA+ROUSSET,https://www.linkedin.com/search/results/companies/?keywords=CERCLE+OPTIMA,https://www.pagesjaunes.fr/annuaire/chercherlespros?quoiqui=CERCLE+OPTIMA&ou=ROUSSET,https://www.societe.com/cgi-bin/search?champs=449194190,https://fr.trustpilot.com/review/cercleoptima.fr,,cercleoptima.fr,10-19,PME,1,4,1766677,48352,2025,23,2003-07-01,SAS,"Qualiopi, Organisme de formation","9999, 3248",FR91449194190,active,449194190,44919419000046,33.20D,ROUSSET PARC CLUB 31 AVENUE FRANCIS PERRIN 13790 ROUSSET,43.4655389982677,5.60966503944929,,,,,oui,oui,2026-08-05,sirene,ROUSSET
DC SERVICES,B,52,a contacter,,,,,,,,,,,,maintenance,"Installation d'equipements electriques, de materiels electroniques et optiques ou d'autres materiels",BESANCON,25000,25,,buymine@buymine.com,mx_ok,IP HOLDING,Président de SAS,email+12|ca+15|effectif+10|categorie+5|anciennete+5|dirigeant+5,https://www.pappers.fr/entreprise/430480061,https://annuaire-entreprises.data.gouv.fr/entreprise/430480061,"https://www.google.com/maps?q=47.254323554,5.9940753698",https://www.google.com/search?q=DC+SERVICES+BESANCON,https://www.linkedin.com/search/results/companies/?keywords=DC+SERVICES,https://www.pagesjaunes.fr/annuaire/chercherlespros?quoiqui=DC+SERVICES&ou=BESANCON,https://www.societe.com/cgi-bin/search?champs=430480061,https://fr.trustpilot.com/review/dcservices.com,,dcservices.com,10-19,PME,1,3,1694324,109132,2020,26,2000-04-27,SAS,,3248,FR43430480061,active,430480061,43048006100034,33.20D,6 RUE GERARD MANTION 25000 BESANCON,47.254323554,5.9940753698,site,non,,,oui,oui,2026-08-07,sirene,BESANCON
DURAFROID SA,B,52,a contacter,,,,,,,,,,,,maintenance,Installation de machines et equipements mecaniques,GUEREINS,01090,01,04 74 66 13 29,durafroid@durafroid.fr,mx_ok,THIERRY ERIC GUY MARCEL JEAN-MICHEL MARIE SEVES,Président de SAS,email+12|tel+10|effectif+10|categorie+5|anciennete+5|dirigeant+5|labels+5,https://www.pappers.fr/entreprise/309019784,https://annuaire-entreprises.data.gouv.fr/entreprise/309019784,"https://www.google.com/maps?q=46.098530989,4.7719653346",https://www.google.com/search?q=DURAFROID+SA+GUEREINS,https://www.linkedin.com/search/results/companies/?keywords=DURAFROID+SA,https://www.pagesjaunes.fr/annuaire/chercherlespros?quoiqui=DURAFROID+SA&ou=GUEREINS,https://www.societe.com/cgi-bin/search?champs=309019784,https://fr.trustpilot.com/review/durafroid.com,https://fr.linkedin.com/company/durafroid,durafroid.com,10-19,PME,1,2,,48385,2024,58,1968-01-01,SAS,RGE,1412,FR03309019784,active,309019784,30901978400029,33.20B,ZONE INDUSTRIELLE DE RIVOLLAY 01090 GUEREINS,46.098530989,4.7719653346,site,non,,,oui,oui,2026-08-01,sirene,GUEREINS
ELEVAGELEC,B,52,a contacter,,,,,,,,,,,,maintenance,Installation de machines et equipements mecaniques,MAEL-CARHAIX,22340,22,02 96 24 60 39,elevagelec@orange.fr,mx_ok,BASTIEN COUGARD,Président de SAS,email+12|tel+10|effectif+10|categorie+5|anciennete+5|dirigeant+5|labels+5,https://www.pappers.fr/entreprise/514344522,https://annuaire-entreprises.data.gouv.fr/entreprise/514344522,"https://www.google.com/maps?q=48.280343063,-3.416344254",https://www.google.com/search?q=ELEVAGELEC+MAEL-CARHAIX,https://www.linkedin.com/search/results/companies/?keywords=ELEVAGELEC,https://www.pagesjaunes.fr/annuaire/chercherlespros?quoiqui=ELEVAGELEC&ou=MAEL-CARHAIX,https://www.societe.com/cgi-bin/search?champs=514344522,https://fr.trustpilot.com/review/elevagelec.com,,elevagelec.com,10-19,PME,1,2,,17222,2025,17,2009-09-01,SAS,RGE,1404,FR64514344522,active,514344522,51434452200024,33.20B,31 ROUTE DE ROSTRENEN 22340 MAEL-CARHAIX,48.280343063,-3.416344254,site,oui,,ANTHONY COURTAY (Directeur Général),oui,oui,2026-08-07,sirene,MAEL-CARHAIX
PHYSIO-TECH,B,52,a contacter,,,,,,,,,,,,maintenance,Reparation de materiels electroniques et optiques,MARSEILLE,13015,13,,physiotech.slm@gmail.com,mx_ok,YANN COLEOU,Gérant,email+12|ca+15|effectif+10|categorie+5|anciennete+5|dirigeant+5,https://www.pappers.fr/entreprise/450060629,https://annuaire-entreprises.data.gouv.fr/entreprise/450060629,"https://www.google.com/maps?q=43.340577787,5.3675917835",https://www.google.com/search?q=PHYSIO-TECH+MARSEILLE,https://www.linkedin.com/search/results/companies/?keywords=PHYSIO-TECH,https://www.pagesjaunes.fr/annuaire/chercherlespros?quoiqui=PHYSIO-TECH&ou=MARSEILLE,https://www.societe.com/cgi-bin/search?champs=450060629,https://fr.trustpilot.com/review/physiotech.org,,physiotech.org,10-19,PME,1,2,2154872,188070,2024,23,2003-10-01,SARL,,3248,FR02450060629,active,450060629,45006062900026,33.13Z,13 AVENUE PAUL HEROULT 13015 MARSEILLE,43.340577787,5.3675917835,site,oui,,,oui,oui,2026-08-05,sirene,MARSEILLE
THERMA-FRANCE,B,52,a contacter,,,,,,,,,,,,maintenance,Reparation de machines et equipements mecaniques,VAULX-EN-VELIN,69120,69,,ventes@tracelec.com,mx_ok,LMO SERVICES,Directeur Général,email+12|ca+15|effectif+10|categorie+5|anciennete+5|dirigeant+5,https://www.pappers.fr/entreprise/333938728,https://annuaire-entreprises.data.gouv.fr/entreprise/333938728,"https://www.google.com/maps?q=45.753981355,4.9336422554",https://www.google.com/search?q=THERMA-FRANCE+VAULX-EN-VELIN,https://www.linkedin.com/search/results/companies/?keywords=THERMA-FRANCE,https://www.pagesjaunes.fr/annuaire/chercherlespros?quoiqui=THERMA-FRANCE&ou=VAULX-EN-VELIN,https://www.societe.com/cgi-bin/search?champs=333938728,https://fr.trustpilot.com/review/thermafrance.com,,thermafrance.com,10-19,PME,1,4,4886141,477067,2024,41,1985-11-01,SAS,,3248,FR02333938728,active,333938728,33393872800040,33.12Z,105 RUE ALEXANDRE DUMAS 69120 VAULX-EN-VELIN,45.753981355,4.9336422554,site,non,,CANOPÉE INDUSTRIES (Président de SAS); LMO SERVICES,oui,oui,2026-08-03,sirene,VAULX-EN-VELIN
MADIC,B,51,a contacter,,,,,,,,,,,,maintenance,Installation de machines et equipements mecaniques,REZE,44400,44,04 71 40 82 16,,,MADIC HOLDING,Président de SAS,site+8|tel+10|effectif+10|categorie+5|multi-agences+8|anciennete+5|dirigeant+5,https://www.pappers.fr/entreprise/871800074,https://annuaire-entreprises.data.gouv.fr/entreprise/871800074,"https://www.google.com/maps?q=47.1604089152912,-1.54129545050238",https://www.google.com/search?q=MADIC+REZE,https://www.linkedin.com/search/results/companies/?keywords=MADIC,https://www.pagesjaunes.fr/annuaire/chercherlespros?quoiqui=MADIC&ou=REZE,https://www.societe.com/cgi-bin/search?champs=871800074,https://fr.trustpilot.com/review/madic.fr,,madic.fr,250-499,ETI,12,31,90736735,949492,2022,55,1971-01-01,SAS,,3248,FR01871800074,active,871800074,87180007400316,33.20B,8 RUE DES BRUYERES 44400 REZE,47.1604089152912,-1.54129545050238,,,,FITECO (Commissaire aux comptes titulaire),oui,oui,2026-08-04,sirene,REZE
C.D.FROID,B,51,a contacter,,,,,,,,,,,,maintenance,Reparation de machines et equipements mecaniques,LA CRECHE,79260,79,05 49 75 05 32,,,ARNAUD SEBASTIEN BODIN,Directeur Général,site+8|tel+10|effectif+10|categorie+5|multi-agences+8|anciennete+5|dirigeant+5,https://www.pappers.fr/entreprise/382020832,https://annuaire-entreprises.data.gouv.fr/entreprise/382020832,"https://www.google.com/maps?q=46.3493460138096,-0.297332995151026",https://www.google.com/search?q=C.D.FROID+LA+CRECHE,https://www.linkedin.com/search/results/companies/?keywords=C.D.FROID,https://www.pagesjaunes.fr/annuaire/chercherlespros?quoiqui=C.D.FROID&ou=LA+CRECHE,https://www.societe.com/cgi-bin/search?champs=382020832,https://fr.trustpilot.com/review/cdfroid.fr,https://www.linkedin.com/company/cd-froid,cdfroid.fr,20-49,PME,9,14,,225275,2024,35,1991-06-01,SAS,,1412,FR39382020832,active,382020832,38202083200095,33.12Z,ZAC DE CHAMPS ALBERT 14 ALLEE LOUIS ANTOINE DE BOUGAINVILLE 79260 LA CRECHE,46.3493460138096,-0.297332995151026,,,,AURELIE BODIN (Directeur Général); MARIE LAURE BAYON (BODIN) (Président de SAS); BODINVEST (Directeur Général); RAMMELAERE - BACQ & ASSOCIES (Commissaire aux comptes titulaire),oui,oui,2026-08-06,sirene,LA CRECHE
BREIZELEC,B,51,a contacter,,,,,,,,,,,,maintenance,Reparation de materiels electroniques et optiques,CHATEAULIN,29150,29,02 98 86 50 36,,,EURO ELEC,Président de SAS,site+8|tel+10|effectif+10|categorie+5|multi-agences+8|anciennete+5|dirigeant+5,https://www.pappers.fr/entreprise/316973015,https://annuaire-entreprises.data.gouv.fr/entreprise/316973015,"https://www.google.com/maps?q=48.208977381,-4.057543555",https://www.google.com/search?q=BREIZELEC+CHATEAULIN,https://www.linkedin.com/search/results/companies/?keywords=BREIZELEC,https://www.pagesjaunes.fr/annuaire/chercherlespros?quoiqui=BREIZELEC&ou=CHATEAULIN,https://www.societe.com/cgi-bin/search?champs=316973015,https://fr.trustpilot.com/review/breizelec.fr,https://fr.linkedin.com/company/breizelec,breizelec.fr,100-199,PME,3,5,,,,47,1979-01-01,SAS,,3248,FR24316973015,active,316973015,31697301500068,33.13Z,ZAC PENN AR ROZ 29150 CHATEAULIN,48.208977381,-4.057543555,,,,MGA AUDIT (Commissaire aux comptes titulaire),oui,oui,2026-08-08,sirene,CHATEAULIN
DEF SURETE,B,51,a contacter,,,,,,,,,,,,maintenance,"Installation d'equipements electriques, de materiels electroniques et optiques ou d'autres materiels",MASSY,91300,91,04 72 22 65 70,,,GUY BOCCHINI (BOCCHINI),Président de SAS,site+8|tel+10|effectif+10|categorie+5|multi-agences+8|anciennete+5|dirigeant+5,https://www.pappers.fr/entreprise/390279115,https://annuaire-entreprises.data.gouv.fr/entreprise/390279115,"https://www.google.com/maps?q=48.728106973,2.3008263431",https://www.google.com/search?q=DEF+SURETE+MASSY,https://www.linkedin.com/search/results/companies/?keywords=DEF+SURETE,https://www.pagesjaunes.fr/annuaire/chercherlespros?quoiqui=DEF+SURETE&ou=MASSY,https://www.societe.com/cgi-bin/search?champs=390279115,https://fr.trustpilot.com/review/defsurete.fr,https://www.linkedin.com/company/def-surete,defsurete.fr,50-99,ETI,3,5,,-901168,2024,33,1993-02-08,SAS,,3248,FR21390279115,active,390279115,39027911500039,33.20D,PARC D ACTIVITES DU MOULIN DE MASSY 5 RUE DU SAULE TRAPU 91300 MASSY,48.728106973,2.3008263431,,,,GUY YVES BOCCHINI (Président de SAS); FRANCIS LOUCHE (Commissaire aux comptes suppléant); EVRYENNE D'AUDIT (Commissaire aux comptes titulaire),oui,oui,2026-08-09,sirene,MASSY
SIMAR,B,51,a contacter,,,,,,,,,,,,maintenance,Reparation de materiels electroniques et optiques,MARSEILLE,13002,13,05 96 59 27 00,,,MARC MAURICE GEORGES CHEVALIER,Gérant et associé indéfiniment responsable,site+8|tel+10|effectif+10|categorie+5|multi-agences+8|anciennete+5|dirigeant+5,https://www.pappers.fr/entreprise/491986527,https://annuaire-entreprises.data.gouv.fr/entreprise/491986527,"https://www.google.com/maps?q=43.327825643,5.359325252",https://www.google.com/search?q=SIMAR+MARSEILLE,https://www.linkedin.com/search/results/companies/?keywords=SIMAR,https://www.pagesjaunes.fr/annuaire/chercherlespros?quoiqui=SIMAR&ou=MARSEILLE,https://www.societe.com/cgi-bin/search?champs=491986527,https://fr.trustpilot.com/review/simar.fr,,simar.fr,10-19,PME,3,4,,231741,2024,20,2006-09-16,SARL,,"2630, 0650",FR27491986527,active,491986527,49198652700027,33.13Z,171 CHEMIN DE LA MADRAGUE VILLE 13002 MARSEILLE,43.327825643,5.359325252,,,,MATHIEU CHEVALIER (Gérant); ANNE CHEVALIER (RIVATON) (Autre),oui,oui,2026-08-02,sirene,MARSEILLE
AIR FROID,B,51,a contacter,,,,,,,,,,,,maintenance,Installation de machines et equipements mecaniques,PERRIGNY-LES-DIJON,21160,21,05 92 14 55 57,,,AURELIEN MARC PIERRE JACQUES LANAUD,Président de SAS,site+8|tel+10|effectif+10|categorie+5|multi-agences+8|anciennete+5|dirigeant+5,https://www.pappers.fr/entreprise/412331308,https://annuaire-entreprises.data.gouv.fr/entreprise/412331308,"https://www.google.com/maps?q=47.27305538,5.0060921878",https://www.google.com/search?q=AIR+FROID+PERRIGNY-LES-DIJON,https://www.linkedin.com/search/results/companies/?keywords=AIR+FROID,https://www.pagesjaunes.fr/annuaire/chercherlespros?quoiqui=AIR+FROID&ou=PERRIGNY-LES-DIJON,https://www.societe.com/cgi-bin/search?champs=412331308,https://fr.trustpilot.com/review/airfroid.fr,,airfroid.fr,20-49,ETI,2,7,,-109010,2022,29,1997-06-02,SAS,,1412,FR78412331308,active,412331308,41233130800061,33.20B,9 RUE DU VIGNERY 21160 PERRIGNY-LES-DIJON,47.27305538,5.0060921878,,,,FIDUVAL MEDITERRANEE (Commissaire aux comptes titulaire),oui,oui,2026-08-07,sirene,PERRIGNY-LES-DIJON
ART CAMP,B,51,a contacter,,,,,,,,,,,,maintenance,Installation de machines et equipements mecaniques,POMMERET,22120,22,02 96 42 96 68,,,FRANCK OLLIVIER,Gérant,site+8|tel+10|effectif+10|categorie+5|multi-agences+8|anciennete+5|dirigeant+5,https://www.pappers.fr/entreprise/511075905,https://annuaire-entreprises.data.gouv.fr/entreprise/511075905,"https://www.google.com/maps?q=48.477437256,-2.617930496",https://www.google.com/search?q=ART+CAMP+POMMERET,https://www.linkedin.com/search/results/companies/?keywords=ART+CAMP,https://www.pagesjaunes.fr/annuaire/chercherlespros?quoiqui=ART+CAMP&ou=POMMERET,https://www.societe.com/cgi-bin/search?champs=511075905,https://fr.trustpilot.com/review/artcamp.fr,,artcamp.fr,20-49,PME,2,3,,229505,2022,17,2009-03-02,SARL,,3248,FR40511075905,active,511075905,51107590500022,33.20B,ZA DE POMMERET 6 RUE FULGENCE BIENVENUE 22120 POMMERET,48.477437256,-2.617930496,,,,DOMINIQUE EMILE MARCEL TAILLANDIER (Gérant),oui,oui,2026-08-07,sirene,POMMERET
DEPANNAGES 31,B,51,a contacter,,,,,,,,,,,,maintenance,Reparation de machines et equipements mecaniques,MERVILLE,31330,31,05 61 82 13 13,,,NICOLAS TODESCHINI (TODESCHINI),,site+8|tel+10|effectif+10|categorie+5|multi-agences+8|anciennete+5|dirigeant+5,https://www.pappers.fr/entreprise/400638565,https://annuaire-entreprises.data.gouv.fr/entreprise/400638565,"https://www.google.com/maps?q=43.7209197204334,1.32657457888788",https://www.google.com/search?q=DEPANNAGES+31+MERVILLE,https://www.linkedin.com/search/results/companies/?keywords=DEPANNAGES+31,https://www.pagesjaunes.fr/annuaire/chercherlespros?quoiqui=DEPANNAGES+31&ou=MERVILLE,https://www.societe.com/cgi-bin/search?champs=400638565,https://fr.trustpilot.com/review/depannages31.com,,depannages31.com,20-49,PME,2,5,,334052,2024,31,1995-04-01,SAS,,3248,FR56400638565,active,400638565,40063856500046,33.12Z,ZAC DE LA PATTE D OIE 6 RUE DE SAVOIE 31330 MERVILLE,43.7209197204334,1.32657457888788,,,,SAS CPMD (Président de SAS),oui,oui,2026-08-09,sirene,MERVILLE
EVALOR,B,51,a contacter,,,,,,,,,,,,maintenance,Installation de machines et equipements mecaniques,PLERIN,22190,22,02 96 74 56 57,,,PHILIPPE BIZIEN,Président de SAS,site+8|tel+10|effectif+10|categorie+5|multi-agences+8|anciennete+5|dirigeant+5,https://www.pappers.fr/entreprise/403168149,https://annuaire-entreprises.data.gouv.fr/entreprise/403168149,"https://www.google.com/maps?q=48.5494097070993,-2.79926663994001",https://www.google.com/search?q=EVALOR+PLERIN,https://www.linkedin.com/search/results/companies/?keywords=EVALOR,https://www.pagesjaunes.fr/annuaire/chercherlespros?quoiqui=EVALOR&ou=PLERIN,https://www.societe.com/cgi-bin/search?champs=403168149,https://fr.trustpilot.com/review/evalor.fr,https://www.linkedin.com/company/%C3%A9valor,evalor.fr,20-49,ETI,2,5,,1367544,2024,31,1995-11-24,SAS,,7001,FR13403168149,active,403168149,40316814900058,33.20B,8 RUE JEAN PERRIN 22190 PLERIN,48.5494097070993,-2.79926663994001,,,,CABINET ROUXEL-TANGUY (Commissaire aux comptes titulaire); CABINET ROUXEL-TANGUY (Commissaire aux comptes titulaire),oui,oui,2026-08-07,sirene,PLERIN
FERMEQUIP,B,51,a contacter,,,,,,,,,,,,maintenance,Installation de machines et equipements mecaniques,SAINT-MARTIN-DES-CHAMPS,29600,29,06 82 28 64 98,,,YANN HAMON,Gérant,site+8|tel+10|effectif+10|categorie+5|multi-agences+8|anciennete+5|dirigeant+5,https://www.pappers.fr/entreprise/479406837,https://annuaire-entreprises.data.gouv.fr/entreprise/479406837,"https://www.google.com/maps?q=48.563157251,-3.851446622",https://www.google.com/search?q=FERMEQUIP+SAINT-MARTIN-DES-CHAMPS,https://www.linkedin.com/search/results/companies/?keywords=FERMEQUIP,https://www.pagesjaunes.fr/annuaire/chercherlespros?quoiqui=FERMEQUIP&ou=SAINT-MARTIN-DES-CHAMPS,https://www.societe.com/cgi-bin/search?champs=479406837,https://fr.trustpilot.com/review/fermequip.fr,,fermequip.fr,10-19,PME,2,2,,61144,2024,22,2004-11-01,SARL,,1404,FR68479406837,active,479406837,47940683700019,33.20B,ZONE DE KERIVIN 13 RUE ANTOINE LAVOISIER 29600 SAINT-MARTIN-DES-CHAMPS,48.563157251,-3.851446622,,,,ERIC LABAT (Gérant),oui,oui,2026-08-07,sirene,SAINT-MARTIN-DES-CHAMPS
WATERS,B,50,a contacter,,,,,,,,,,,,maintenance,Reparation de materiels electroniques et optiques,GUYANCOURT,78280,78,,firstname@waters.org,mx_ok,PATRICE MOROT,Commissaire aux comptes suppléant,email+12|effectif+10|categorie+5|multi-agences+8|anciennete+5|dirigeant+5|labels+5,https://www.pappers.fr/entreprise/394689970,https://annuaire-entreprises.data.gouv.fr/entreprise/394689970,"https://www.google.com/maps?q=48.785193893,2.0637660002",https://www.google.com/search?q=WATERS+GUYANCOURT,https://www.linkedin.com/search/results/companies/?keywords=WATERS,https://www.pagesjaunes.fr/annuaire/chercherlespros?quoiqui=WATERS&ou=GUYANCOURT,https://www.societe.com/cgi-bin/search?champs=394689970,https://fr.trustpilot.com/review/waters.org,,waters.org,200-249,ETI,2,5,152629780,7597464,2024,32,1994-04-08,SAS,"Qualiopi, Organisme de formation",3248,FR40394689970,active,394689970,39468997000058,33.13Z,ROND POINT DES SANGLIERS 5 RUE JACQUES MONOD 78280 GUYANCOURT,48.785193893,2.0637660002,site,non,,SERGE MOUBARAK (Président de SAS); COLUMBANUS O'MAHONY (Directeur Général); PRICEWATERHOUSECOOPERS AUDIT (Commissaire aux comptes titulaire),oui,oui,2026-08-09,sirene,GUYANCOURT
EDF POWER SOLUTIONS SERVICES,B,48,a contacter,,,,,,,,,,,,maintenance,Reparation d'equipements electriques,NANTERRE,92000,92,,,,EDF POWER SOLUTIONS FRANCE,Président de SAS,ca+15|effectif+10|categorie+5|multi-agences+8|anciennete+5|dirigeant+5,https://www.pappers.fr/entreprise/387498926,https://annuaire-entreprises.data.gouv.fr/entreprise/387498926,"https://www.google.com/maps?q=48.8961567702063,2.22670589663532",https://www.google.com/search?q=EDF+POWER+SOLUTIONS+SERVICES+NANTERRE,https://www.linkedin.com/search/results/companies/?keywords=EDF+POWER+SOLUTIONS+SERVICES,https://www.pagesjaunes.fr/annuaire/chercherlespros?quoiqui=EDF+POWER+SOLUTIONS+SERVICES&ou=NANTERRE,https://www.societe.com/cgi-bin/search?champs=387498926,,,,100-199,GE,26,76,44875371,1696550,2024,34,1992-02-27,SAS,,,FR96387498926,active,387498926,38749892600717,33.14Z,CS 903103 43 BOULEVARD DES BOUVETS 92000 NANTERRE,48.8961567702063,2.22670589663532,,,,KPMG S.A (Commissaire aux comptes titulaire),non,oui,2026-08-01,sirene,NANTERRE
NOUVELLE SOCIETE D ASCENSEURS - NSA,B,48,a contacter,,,,,,,,,,,,maintenance,Autres travaux d'installation n.c.a.,SAINT-BENOIT,86280,86,,,,ETIENNE BORIS,Commissaire aux comptes suppléant,ca+15|effectif+10|categorie+5|multi-agences+8|anciennete+5|dirigeant+5,https://www.pappers.fr/entreprise/485205769,https://annuaire-entreprises.data.gouv.fr/entreprise/485205769,"https://www.google.com/maps?q=46.563756774,0.3596930854",https://www.google.com/search?q=NOUVELLE+SOCIETE+D+ASCENSEURS+-+NSA+SAINT-BENOIT,https://www.linkedin.com/search/results/companies/?keywords=NOUVELLE+SOCIETE+D+ASCENSEURS+-+NSA,https://www.pagesjaunes.fr/annuaire/chercherlespros?quoiqui=NOUVELLE+SOCIETE+D+ASCENSEURS+-+NSA&ou=SAINT-BENOIT,https://www.societe.com/cgi-bin/search?champs=485205769,,,,250-499,GE,20,41,76621281,1514578,2024,21,2005-11-25,5306,,3248,FR11485205769,active,485205769,48520576900022,43.29B,ZE DU GRAND LARGE 6 RUE DE LA GOELETTE 86280 SAINT-BENOIT,46.563756774,0.3596930854,,,,FABRICE CLAUDE DELMOTTE (Gérant); ETIENNE MARIE FRANCOIS HURE (Gérant); UNITED TECHNOLOGIES HOLDINGS SAS (Autre); PRICEWATERHOUSECOOPERS AUDIT (Commissaire aux comptes titulaire),non,oui,2026-08-02,sirene,SAINT-BENOIT
WASHTEC FRANCE,B,48,a contacter,,,,,,,,,,,,maintenance,Reparation de machines et equipements mecaniques,BOIGNY-SUR-BIONNE,45760,45,,,,CATHERINE SUZANNE MARGUERITE CAZAUX (LETHIELLEUX),Président de SAS,ca+15|effectif+10|categorie+5|multi-agences+8|anciennete+5|dirigeant+5,https://www.pappers.fr/entreprise/341515047,https://annuaire-entreprises.data.gouv.fr/entreprise/341515047,"https://www.google.com/maps?q=47.936355988,2.0088909377",https://www.google.com/search?q=WASHTEC+FRANCE+BOIGNY-SUR-BIONNE,https://www.linkedin.com/search/results/companies/?keywords=WASHTEC+FRANCE,https://www.pagesjaunes.fr/annuaire/chercherlespros?quoiqui=WASHTEC+FRANCE&ou=BOIGNY-SUR-BIONNE,https://www.societe.com/cgi-bin/search?champs=341515047,,,,100-199,PME,17,29,59521106,2786003,2024,39,1987-03-31,SAS,,"9999, 3248",FR16341515047,active,341515047,34151504700163,33.12Z,200 RUE DU GRAND BOULAND 45760 BOIGNY-SUR-BIONNE,47.936355988,2.0088909377,,,,KPMG S.A (Commissaire aux comptes titulaire),non,oui,2026-08-04,sirene,BOIGNY-SUR-BIONNE
ASERTI ELECTRONIC,B,48,a contacter,,,,,,,,,,,,maintenance,Reparation de materiels electroniques et optiques,VANNES,56000,56,,,,MICHEL KERSCAVEN (KERSCAVEN),Président du conseil d’administration,ca+15|effectif+10|categorie+5|multi-agences+8|anciennete+5|dirigeant+5,https://www.pappers.fr/entreprise/384491114,https://annuaire-entreprises.data.gouv.fr/entreprise/384491114,"https://www.google.com/maps?q=47.642876827,-2.755749229",https://www.google.com/search?q=ASERTI+ELECTRONIC+VANNES,https://www.linkedin.com/search/results/companies/?keywords=ASERTI+ELECTRONIC,https://www.pagesjaunes.fr/annuaire/chercherlespros?quoiqui=ASERTI+ELECTRONIC&ou=VANNES,https://www.societe.com/cgi-bin/search?champs=384491114,,,,100-199,PME,16,33,28029452,3155452,2024,34,1992-01-20,SAS,,3248,FR85384491114,active,384491114,38449111400094,33.13Z,PARC INNOVATION BGNE SUD 1 RUE HENRI BECQUEREL 56000 VANNES,47.642876827,-2.755749229,,,,KPMG S.A. (Commissaire aux comptes titulaire); ASERTI INTERNATIONAL (Président de SAS),non,oui,2026-08-04,sirene,VANNES
ADF TECHNOLOGIES,B,48,a contacter,,,,,,,,,,,,maintenance,Reparation de machines et equipements mecaniques,COLOMIERS,31770,31,,,,GROUPE ADF,Autre,ca+15|effectif+10|categorie+5|multi-agences+8|anciennete+5|dirigeant+5,https://www.pappers.fr/entreprise/488345497,https://annuaire-entreprises.data.gouv.fr/entreprise/488345497,"https://www.google.com/maps?q=43.618356372,1.3425108915",https://www.google.com/search?q=ADF+TECHNOLOGIES+COLOMIERS,https://www.linkedin.com/search/results/companies/?keywords=ADF+TECHNOLOGIES,https://www.pagesjaunes.fr/annuaire/chercherlespros?quoiqui=ADF+TECHNOLOGIES&ou=COLOMIERS,https://www.societe.com/cgi-bin/search?champs=488345497,,,,100-199,ETI,14,19,45336668,365459,2024,20,2006-01-01,SAS,,"9999, 3248",FR10488345497,active,488345497,48834549700033,33.12Z,6 AVENUE JEAN MONNET 31770 COLOMIERS,43.618356372,1.3425108915,,,,ADF DEVELOPPEMENT (Président de SAS); GRANT THORNTON (Commissaire aux comptes titulaire),non,oui,2026-08-04,sirene,COLOMIERS
GE ENERGY SERVICES FRANCE,B,48,a contacter,,,,,,,,,,,,maintenance,Installation de machines et equipements mecaniques,ISSY-LES-MOULINEAUX,92130,92,,,,SAÏDA BOUTLIHA (SADKI),Gérant,ca+15|effectif+10|categorie+5|multi-agences+8|anciennete+5|dirigeant+5,https://www.pappers.fr/entreprise/303447338,https://annuaire-entreprises.data.gouv.fr/entreprise/303447338,"https://www.google.com/maps?q=48.8257317642976,2.25929173123503",https://www.google.com/search?q=GE+ENERGY+SERVICES+FRANCE+ISSY-LES-MOULINEAUX,https://www.linkedin.com/search/results/companies/?keywords=GE+ENERGY+SERVICES+FRANCE,https://www.pagesjaunes.fr/annuaire/chercherlespros?quoiqui=GE+ENERGY+SERVICES+FRANCE&ou=ISSY-LES-MOULINEAUX,https://www.societe.com/cgi-bin/search?champs=303447338,,,,100-199,GE,13,20,24132930,790683,2024,51,1975-01-01,SARL,,3248,FR33303447338,active,303447338,30344733800201,33.20B,167 QUAI DE LA BATAILLE DE STALINGRAD 92130 ISSY-LES-MOULINEAUX,48.8257317642976,2.25929173123503,,,,DELOITTE & ASSOCIES (Commissaire aux comptes titulaire),non,oui,2026-08-07,sirene,ISSY-LES-MOULINEAUX
ADF MAINTENANCE INDUSTRIELLE,B,48,a contacter,,,,,,,,,,,,maintenance,Reparation de machines et equipements mecaniques,VITROLLES,13127,13,,,,ADF DEVELOPPEMENT,Président de SAS,ca+15|effectif+10|categorie+5|multi-agences+8|anciennete+5|dirigeant+5,https://www.pappers.fr/entreprise/380153205,https://annuaire-entreprises.data.gouv.fr/entreprise/380153205,"https://www.google.com/maps?q=43.428624617,5.2650656889",https://www.google.com/search?q=ADF+MAINTENANCE+INDUSTRIELLE+VITROLLES,https://www.linkedin.com/search/results/companies/?keywords=ADF+MAINTENANCE+INDUSTRIELLE,https://www.pagesjaunes.fr/annuaire/chercherlespros?quoiqui=ADF+MAINTENANCE+INDUSTRIELLE&ou=VITROLLES,https://www.societe.com/cgi-bin/search?champs=380153205,,,,250-499,ETI,12,17,73767151,1606628,2024,36,1990-11-15,SAS,,3248,FR72380153205,active,380153205,38015320500063,33.12Z,BAT G BASTIDE BLANCHE 13127 VITROLLES,43.428624617,5.2650656889,,,,GRANT THORNTON (Commissaire aux comptes titulaire); INSTITUT DE GESTION ET D'EXPERTISE COMPTABLE - IGEC (Commissaire aux comptes suppléant),non,oui,2026-08-04,sirene,VITROLLES
JOHN COCKERILL SERVICES FRANCE EST,B,48,a contacter,,,,,,,,,,,,maintenance,Reparation de machines et equipements mecaniques,THIONVILLE,57100,57,,,,NICOLAS PATRICK ANDRIVON,Président de SAS,ca+15|effectif+10|categorie+5|multi-agences+8|anciennete+5|dirigeant+5,https://www.pappers.fr/entreprise/332962331,https://annuaire-entreprises.data.gouv.fr/entreprise/332962331,"https://www.google.com/maps?q=49.365621743,6.0935088557",https://www.google.com/search?q=JOHN+COCKERILL+SERVICES+FRANCE+EST+THIONVILLE,https://www.linkedin.com/search/results/companies/?keywords=JOHN+COCKERILL+SERVICES+FRANCE+EST,https://www.pagesjaunes.fr/annuaire/chercherlespros?quoiqui=JOHN+COCKERILL+SERVICES+FRANCE+EST&ou=THIONVILLE,https://www.societe.com/cgi-bin/search?champs=332962331,,,,250-499,ETI,10,18,60415192,-2584512,2021,41,1985-06-01,SAS,,3248,FR17332962331,active,332962331,33296233100051,33.12Z,BEUVANGE SOUS ST MICHEL ROUTE DE VOLKRANGE 57100 THIONVILLE,49.365621743,6.0935088557,,,,SARL B.E.A.S. (Commissaire aux comptes suppléant); SA DELOITTE ET ASSOCIES (Commissaire aux comptes titulaire),non,oui,2026-08-07,sirene,THIONVILLE
BELLE ENVIRONNEMENT,B,48,a contacter,,,,,,,,,,,,maintenance,Installation de machines et equipements mecaniques,MONTELIMAR,26200,26,,,,NATHALIE DESPERT,Commissaire aux comptes suppléant,ca+15|effectif+10|categorie+5|multi-agences+8|anciennete+5|dirigeant+5,https://www.pappers.fr/entreprise/788140028,https://annuaire-entreprises.data.gouv.fr/entreprise/788140028,"https://www.google.com/maps?q=44.524182002,4.7400410312",https://www.google.com/search?q=BELLE+ENVIRONNEMENT+MONTELIMAR,https://www.linkedin.com/search/results/companies/?keywords=BELLE+ENVIRONNEMENT,https://www.pagesjaunes.fr/annuaire/chercherlespros?quoiqui=BELLE+ENVIRONNEMENT&ou=MONTELIMAR,https://www.societe.com/cgi-bin/search?champs=788140028,,,,50-99,PME,9,13,15999317,534146,2024,62,1964-01-01,SAS,,"2614, 3212, 1702",FR88788140028,active,788140028,78814002800069,33.20B,7 RUE MAURICE SIBILLE 26200 MONTELIMAR,44.524182002,4.7400410312,,,,IN EXTENSO AUDIT (Commissaire aux comptes titulaire); FINACHA (Président de SAS),non,oui,2026-08-02,sirene,MONTELIMAR
INCENDIE PROTECTION SECURITE,B,48,a contacter,,,,,,,,,,,,maintenance,Installation de machines et equipements mecaniques,CAMBRAI,59400,59,,,,PATRICK NICOLAS PASCAL BERGDOLL,Président de SAS,ca+15|effectif+10|categorie+5|multi-agences+8|anciennete+5|dirigeant+5,https://www.pappers.fr/entreprise/384507778,https://annuaire-entreprises.data.gouv.fr/entreprise/384507778,"https://www.google.com/maps?q=50.178856885,3.2491972563",https://www.google.com/search?q=INCENDIE+PROTECTION+SECURITE+CAMBRAI,https://www.linkedin.com/search/results/companies/?keywords=INCENDIE+PROTECTION+SECURITE,https://www.pagesjaunes.fr/annuaire/chercherlespros?quoiqui=INCENDIE+PROTECTION+SECURITE&ou=CAMBRAI,https://www.societe.com/cgi-bin/search?champs=384507778,,,,20-49,PME,9,10,7661301,260430,2024,34,1992-01-15,SAS,,9999,FR25384507778,active,384507778,38450777800015,33.20B,61 RUE DE SOLESMES 59400 CAMBRAI,50.178856885,3.2491972563,,,,DEIXIS (Commissaire aux comptes titulaire),non,oui,2026-08-04,sirene,CAMBRAI
SOCIETE PUBLIQUE LOCALE D'EFFICACITE ENERGETIQUE - SPL OSER,B,48,a contacter,,,,,,,,,,,,maintenance,Autres travaux d'installation n.c.a.,LYON,69002,69,,,,PHILIPPE RENE TRUCHY,Directeur Général,ca+15|effectif+10|categorie+5|multi-agences+8|anciennete+5|dirigeant+5,https://www.pappers.fr/entreprise/791623069,https://annuaire-entreprises.data.gouv.fr/entreprise/791623069,"https://www.google.com/maps?q=45.7407019803687,4.81937295796098",https://www.google.com/search?q=SOCIETE+PUBLIQUE+LOCALE+D%27EFFICACITE+ENERGETIQUE+-+SPL+OSER+LYON,https://www.linkedin.com/search/results/companies/?keywords=SOCIETE+PUBLIQUE+LOCALE+D%27EFFICACITE+ENERGETIQUE+-+SPL+OSER,https://www.pagesjaunes.fr/annuaire/chercherlespros?quoiqui=SOCIETE+PUBLIQUE+LOCALE+D%27EFFICACITE+ENERGETIQUE+-+SPL+OSER&ou=LYON,https://www.societe.com/cgi-bin/search?champs=791623069,,,,10-19,ETI,9,12,2262741,250067,2024,13,2013-01-01,SA,,,FR80791623069,active,791623069,79162306900105,43.29B,CS 20033 101 COURS CHARLEMAGNE 69002 LYON,45.7407019803687,4.81937295796098,,,,REGION AUVERGNE-RHONE-ALPES; VILLE D'ANNECY (Administrateur); VILLE DE BOURG EN BRESSE (Administrateur); VILLE DE GRENOBLE (Administrateur),non,oui,2026-08-07,sirene,LYON
AXED PORTES AUTOMATIQUES,B,48,a contacter,,,,,,,,,,,,maintenance,Autres travaux d'installation n.c.a.,VIVIERS-DU-LAC,73420,73,,,,DIDIER MESSORI,Directeur Général,ca+15|effectif+10|categorie+5|multi-agences+8|anciennete+5|dirigeant+5,https://www.pappers.fr/entreprise/449381359,https://annuaire-entreprises.data.gouv.fr/entreprise/449381359,"https://www.google.com/maps?q=45.643691916,5.9111884072",https://www.google.com/search?q=AXED+PORTES+AUTOMATIQUES+VIVIERS-DU-LAC,https://www.linkedin.com/search/results/companies/?keywords=AXED+PORTES+AUTOMATIQUES,https://www.pagesjaunes.fr/annuaire/chercherlespros?quoiqui=AXED+PORTES+AUTOMATIQUES&ou=VIVIERS-DU-LAC,https://www.societe.com/cgi-bin/search?champs=449381359,,,,100-199,ETI,8,13,24105399,1693808,2024,23,2003-07-01,SAS,,3248,FR65449381359,active,449381359,44938135900032,43.29B,RUE MAURICE HERZOG 73420 VIVIERS-DU-LAC,45.643691916,5.9111884072,,,,SESAME PARTICIPATION (Président de SAS); FIBA (Commissaire aux comptes titulaire),non,oui,2026-08-05,sirene,VIVIERS-DU-LAC
COMPAGNIE INTERNATIONALE DE MAINTENANCE ET D ASSISTANCE TECHNIQUE SARTEC,B,48,a contacter,,,,,,,,,,,,maintenance,Reparation de machines et equipements mecaniques,MARTIGUES,13500,13,,,,ORIGA GROUP,Commissaire aux comptes titulaire,ca+15|effectif+10|categorie+5|multi-agences+8|anciennete+5|dirigeant+5,https://www.pappers.fr/entreprise/397624545,https://annuaire-entreprises.data.gouv.fr/entreprise/397624545,"https://www.google.com/maps?q=43.399057437,5.035701589",https://www.google.com/search?q=COMPAGNIE+INTERNATIONALE+DE+MAINTENANCE+ET+D+ASSISTANCE+TECHNIQUE+SARTEC+MARTIGUES,https://www.linkedin.com/search/results/companies/?keywords=COMPAGNIE+INTERNATIONALE+DE+MAINTENANCE+ET+D+ASSISTANCE+TECHNIQUE+SARTEC,https://www.pagesjaunes.fr/annuaire/chercherlespros?quoiqui=COMPAGNIE+INTERNATIONALE+DE+MAINTENANCE+ET+D+ASSISTANCE+TECHNIQUE+SARTEC&ou=MARTIGUES,https://www.societe.com/cgi-bin/search?champs=397624545,,,,100-199,ETI,8,16,19554185,-375419,2025,32,1994-06-23,SAS,,3248,FR45397624545,active,397624545,39762454500109,33.12Z,40 AVENUE JOSE NOBRE 13500 MARTIGUES,43.399057437,5.035701589,,,,FOS SERVICE LEVAGE FOSELEV (Président de SAS),non,oui,2026-08-02,sirene,MARTIGUES
MARECHALLE PESAGE,B,48,a contacter,,,,,,,,,,,,maintenance,Installation de machines et equipements mecaniques,CHAUNY,02300,02,,,,F M AUDIT,Commissaire aux comptes suppléant,ca+15|effectif+10|categorie+5|multi-agences+8|anciennete+5|dirigeant+5,https://www.pappers.fr/entreprise/392943106,https://annuaire-entreprises.data.gouv.fr/entreprise/392943106,"https://www.google.com/maps?q=49.615905872,3.231621949",https://www.google.com/search?q=MARECHALLE+PESAGE+CHAUNY,https://www.linkedin.com/search/results/companies/?keywords=MARECHALLE+PESAGE,https://www.pagesjaunes.fr/annuaire/chercherlespros?quoiqui=MARECHALLE+PESAGE&ou=CHAUNY,https://www.societe.com/cgi-bin/search?champs=392943106,,,,20-49,PME,8,22,7193797,481992,2024,33,1993-10-01,SAS,,3248,FR67392943106,active,392943106,39294310600162,33.20B,130 C AVENUE JEAN JAURES 02300 CHAUNY,49.615905872,3.231621949,,,,GROUPE MARECHALLE (Président de SAS); SANSIER AUDIT (Commissaire aux comptes titulaire),non,oui,2026-08-01,sirene,CHAUNY
EDF BUSINESS SERVICES IG,B,48,a contacter,,,,,,,,,,,,maintenance,Reparation d'equipements electriques,AVIGNON,84000,84,,,,THANH PHAM,Directeur Général,ca+15|effectif+10|categorie+5|multi-agences+8|anciennete+5|dirigeant+5,https://www.pappers.fr/entreprise/430054676,https://annuaire-entreprises.data.gouv.fr/entreprise/430054676,"https://www.google.com/maps?q=43.938513826,4.8510786766",https://www.google.com/search?q=EDF+BUSINESS+SERVICES+IG+AVIGNON,https://www.linkedin.com/search/results/companies/?keywords=EDF+BUSINESS+SERVICES+IG,https://www.pagesjaunes.fr/annuaire/chercherlespros?quoiqui=EDF+BUSINESS+SERVICES+IG&ou=AVIGNON,https://www.societe.com/cgi-bin/search?champs=430054676,,,,100-199,GE,7,14,62125319,-1329139,2024,26,2000-02-23,SAS,,"0650, 0829",FR20430054676,active,430054676,43005467600050,33.14Z,1413-1483 AVENUE DE L'AMANDIER 84000 AVIGNON,43.938513826,4.8510786766,,,,EDF BUSINESS SERVICES (Autre); KPMG SA (Commissaire aux comptes titulaire),non,oui,2026-08-09,sirene,AVIGNON
FIDUCIAL TECHNOLOGY SECURITY EN ABREGE FIDUCIAL SECURITE,B,48,a contacter,,,,,,,,,,,,maintenance,"Installation d'equipements electriques, de materiels electroniques et optiques ou d'autres materiels",COURBEVOIE,92400,92,,,,MATTHIAS EDWARD BOIZARD,Autre,ca+15|effectif+10|categorie+5|multi-agences+8|anciennete+5|dirigeant+5,https://www.pappers.fr/entreprise/344394093,https://annuaire-entreprises.data.gouv.fr/entreprise/344394093,"https://www.google.com/maps?q=48.8958269262508,2.24342318719669",https://www.google.com/search?q=FIDUCIAL+TECHNOLOGY+SECURITY+EN+ABREGE+FIDUCIAL+SECURITE+COURBEVOIE,https://www.linkedin.com/search/results/companies/?keywords=FIDUCIAL+TECHNOLOGY+SECURITY+EN+ABREGE+FIDUCIAL+SECURITE,https://www.pagesjaunes.fr/annuaire/chercherlespros?quoiqui=FIDUCIAL+TECHNOLOGY+SECURITY+EN+ABREGE+FIDUCIAL+SECURITE&ou=COURBEVOIE,https://www.societe.com/cgi-bin/search?champs=344394093,,,,50-99,GE,7,26,14041143,159075,2025,38,1988-04-01,SAS,,,FR80344394093,active,344394093,34439409300175,33.20D,41 RUE DU CAPITAINE GUYNEMER 92400 COURBEVOIE,48.8958269262508,2.24342318719669,,,,FIDUCIAL HOLDING SECURITY EN ABRÉGÉ FIDUCIAL SECURITE (Président de SAS); CABINET ESCOFFIER (Commissaire aux comptes titulaire),non,oui,2026-08-04,sirene,COURBEVOIE
REDEN TECHNIQUE,B,48,a contacter,,,,,,,,,,,,maintenance,Installation de machines et equipements mecaniques,ROQUEFORT,47310,47,,,,CQFD AUDIT,Commissaire aux comptes titulaire,ca+15|effectif+10|categorie+5|multi-agences+8|anciennete+5|dirigeant+5,https://www.pappers.fr/entreprise/530830140,https://annuaire-entreprises.data.gouv.fr/entreprise/530830140,"https://www.google.com/maps?q=44.1817099726159,0.569663271202963",https://www.google.com/search?q=REDEN+TECHNIQUE+ROQUEFORT,https://www.linkedin.com/search/results/companies/?keywords=REDEN+TECHNIQUE,https://www.pagesjaunes.fr/annuaire/chercherlespros?quoiqui=REDEN+TECHNIQUE&ou=ROQUEFORT,https://www.societe.com/cgi-bin/search?champs=530830140,,,,50-99,ETI,7,7,55280672,-6321680,2024,15,2011-03-01,SAS,,"9999, 1486",FR13530830140,active,530830140,53083014000014,33.20B,ZAC DES CHAMPS DE LESCAZE 2 ROUTE DES MURES 47310 ROQUEFORT,44.1817099726159,0.569663271202963,,,,REDEN SOLAR (Président de SAS); PRICEWATERHOUSECOOPERS AUDIT (Commissaire aux comptes titulaire),non,oui,2026-08-08,sirene,ROQUEFORT
DEMOLIN NORMANDIE,B,48,a contacter,,,,,,,,,,,,maintenance,Reparation de machines et equipements mecaniques,SOTTEVILLE-LES-ROUEN,76300,76,,,,CHRISTOPHE MAURIN,Commissaire aux comptes titulaire,ca+15|effectif+10|categorie+5|multi-agences+8|anciennete+5|dirigeant+5,https://www.pappers.fr/entreprise/312140528,https://annuaire-entreprises.data.gouv.fr/entreprise/312140528,"https://www.google.com/maps?q=49.40941397,1.1101408035",https://www.google.com/search?q=DEMOLIN+NORMANDIE+SOTTEVILLE-LES-ROUEN,https://www.linkedin.com/search/results/companies/?keywords=DEMOLIN+NORMANDIE,https://www.pagesjaunes.fr/annuaire/chercherlespros?quoiqui=DEMOLIN+NORMANDIE&ou=SOTTEVILLE-LES-ROUEN,https://www.societe.com/cgi-bin/search?champs=312140528,,,,50-99,ETI,6,11,19388691,-3146689,2023,48,1978-01-01,SAS,,,FR86312140528,active,312140528,31214052800018,33.12Z,5 RUE CLAUDE CHAPPE 76300 SOTTEVILLE-LES-ROUEN,49.40941397,1.1101408035,,,,"AUDIT, CONSEILS ET INFORMATIQUE (Commissaire aux comptes suppléant); GROUPE DEMOLIN (Président)",non,oui,2026-08-05,sirene,SOTTEVILLE-LES-ROUEN
E S P A C S (EQUIPEMENT - SERRURERIE - PORTAILS -AUTOMATISMES - CLOTURE - SECURITE),B,48,a contacter,,,,,,,,,,,,maintenance,Autres travaux d'installation n.c.a.,HAUTERIVES,26390,26,,,,PHILIPPE JOCK,Commissaire aux comptes titulaire,ca+15|effectif+10|categorie+5|multi-agences+8|anciennete+5|dirigeant+5,https://www.pappers.fr/entreprise/394225320,https://annuaire-entreprises.data.gouv.fr/entreprise/394225320,"https://www.google.com/maps?q=45.250835542,5.0095139929",https://www.google.com/search?q=E+S+P+A+C+S+%28EQUIPEMENT+-+SERRURERIE+-+PORTAILS+-AUTOMATISMES+-+CLOTURE+-+SECURITE%29+HAUTERIVES,https://www.linkedin.com/search/results/companies/?keywords=E+S+P+A+C+S+%28EQUIPEMENT+-+SERRURERIE+-+PORTAILS+-AUTOMATISMES+-+CLOTURE+-+SECURITE%29,https://www.pagesjaunes.fr/annuaire/chercherlespros?quoiqui=E+S+P+A+C+S+%28EQUIPEMENT+-+SERRURERIE+-+PORTAILS+-AUTOMATISMES+-+CLOTURE+-+SECURITE%29&ou=HAUTERIVES,https://www.societe.com/cgi-bin/search?champs=394225320,,,,100-199,PME,6,13,28917971,532290,2024,32,1994-03-10,SARL,,"2609, 2420, 1597",FR77394225320,active,394225320,39422532000040,43.29B,165 IMPASSE DE FOURMILIERE 165 FOURMILIERE 26390 HAUTERIVES,45.250835542,5.0095139929,,,,GREGOIRE REBECCHI (Gérant); PIERRE TOUCHARD (Commissaire aux comptes suppléant),non,oui,2026-08-04,sirene,HAUTERIVES
FROID CLIMATISATION TECHNIQUES,B,48,a contacter,,,,,,,,,,,,maintenance,Installation de machines et equipements mecaniques,VELAUX,13880,13,,,,ODYSSEE,Président de SAS,ca+15|effectif+10|categorie+5|multi-agences+8|anciennete+5|dirigeant+5,https://www.pappers.fr/entreprise/317888550,https://annuaire-entreprises.data.gouv.fr/entreprise/317888550,"https://www.google.com/maps?q=43.514829978,5.2337958275",https://www.google.com/search?q=FROID+CLIMATISATION+TECHNIQUES+VELAUX,https://www.linkedin.com/search/results/companies/?keywords=FROID+CLIMATISATION+TECHNIQUES,https://www.pagesjaunes.fr/annuaire/chercherlespros?quoiqui=FROID+CLIMATISATION+TECHNIQUES&ou=VELAUX,https://www.societe.com/cgi-bin/search?champs=317888550,,,,50-99,ETI,6,11,37590560,2036994,2024,46,1980-01-01,SAS,,1412,FR74317888550,active,317888550,31788855000025,33.20B,ZA LA VERDIERE 1 LOT 23 23 RUE ANDRE MARIE AMPERE 13880 VELAUX,43.514829978,5.2337958275,,,,BRV AUDIT (Commissaire aux comptes titulaire),non,oui,2026-08-02,sirene,VELAUX
PARIS FROID SERVICES,B,48,a contacter,,,,,,,,,,,,maintenance,Reparation de machines et equipements mecaniques,WISSOUS,91320,91,,,,RSM OUEST,Commissaire aux comptes titulaire,ca+15|effectif+10|categorie+5|multi-agences+8|anciennete+5|dirigeant+5,https://www.pappers.fr/entreprise/403173339,https://annuaire-entreprises.data.gouv.fr/entreprise/403173339,"https://www.google.com/maps?q=48.722416251,2.3103142946",https://www.google.com/search?q=PARIS+FROID+SERVICES+WISSOUS,https://www.linkedin.com/search/results/companies/?keywords=PARIS+FROID+SERVICES,https://www.pagesjaunes.fr/annuaire/chercherlespros?quoiqui=PARIS+FROID+SERVICES&ou=WISSOUS,https://www.societe.com/cgi-bin/search?champs=403173339,,,,20-49,PME,6,14,24175165,437748,2024,31,1995-12-19,SAS,,1412,FR63403173339,active,403173339,40317333900124,33.12Z,ZAC DU HAUT WISSOUS II 6 RUE DE LA CROIX BRISEE 91320 WISSOUS,48.722416251,2.3103142946,,,,LSS CONSEIL (Président de SAS),non,oui,2026-08-05,sirene,WISSOUS
EIFFAGE ENERGIE SYSTEMES - GAME INGENIERIE,B,48,a contacter,,,,,,,,,,,,maintenance,Reparation de machines et equipements mecaniques,ORMOY,91540,91,,,,JEAN BODIN,Commissaire aux comptes suppléant,ca+15|effectif+10|categorie+5|multi-agences+8|anciennete+5|dirigeant+5,https://www.pappers.fr/entreprise/314990185,https://annuaire-entreprises.data.gouv.fr/entreprise/314990185,"https://www.google.com/maps?q=48.570524789,2.4557267678",https://www.google.com/search?q=EIFFAGE+ENERGIE+SYSTEMES+-+GAME+INGENIERIE+ORMOY,https://www.linkedin.com/search/results/companies/?keywords=EIFFAGE+ENERGIE+SYSTEMES+-+GAME+INGENIERIE,https://www.pagesjaunes.fr/annuaire/chercherlespros?quoiqui=EIFFAGE+ENERGIE+SYSTEMES+-+GAME+INGENIERIE&ou=ORMOY,https://www.societe.com/cgi-bin/search?champs=314990185,,,,50-99,GE,5,26,10616226,1206669,2024,47,1979-01-01,SAS,,3248,FR59314990185,active,314990185,31499018500253,33.12Z,17 RUE DE LA BELLE ETOILE 91540 ORMOY,48.570524789,2.4557267678,,,,STEPHANE RAYMOND DELATTRE (Président de SAS); DELOITTE & ASSOCIES (Commissaire aux comptes titulaire),non,oui,2026-08-04,sirene,ORMOY
ESPACE CLOTURE CENTRE,B,48,a contacter,,,,,,,,,,,,maintenance,Autres travaux d'installation n.c.a.,SAINT-PIERRE-DE-CHANDIEU,69780,69,,,,DIRICKX ESPACE PROTECT,Président de SAS,ca+15|effectif+10|categorie+5|multi-agences+8|anciennete+5|dirigeant+5,https://www.pappers.fr/entreprise/790088017,https://annuaire-entreprises.data.gouv.fr/entreprise/790088017,"https://www.google.com/maps?q=45.6643040215929,5.00920395655692",https://www.google.com/search?q=ESPACE+CLOTURE+CENTRE+SAINT-PIERRE-DE-CHANDIEU,https://www.linkedin.com/search/results/companies/?keywords=ESPACE+CLOTURE+CENTRE,https://www.pagesjaunes.fr/annuaire/chercherlespros?quoiqui=ESPACE+CLOTURE+CENTRE&ou=SAINT-PIERRE-DE-CHANDIEU,https://www.societe.com/cgi-bin/search?champs=790088017,,,,20-49,ETI,5,11,12773975,375608,2024,14,2012-12-18,SAS,,"2609, 2420, 1597",FR96790088017,active,790088017,79008801700112,43.29B,15 RUE LAVOISIER 69780 SAINT-PIERRE-DE-CHANDIEU,45.6643040215929,5.00920395655692,,,,ALLIANCE EXPERTS (Autre),non,oui,2026-08-06,sirene,SAINT-PIERRE-DE-CHANDIEU
FRANCE VULCANISATION SERVICE,B,48,a contacter,,,,,,,,,,,,maintenance,Reparation de machines et equipements mecaniques,BAILLY-ROMAINVILLIERS,77700,77,,,,MARIA DA CONCEICAO DA SILVA (ALVES COELHO),Gérant,ca+15|effectif+10|categorie+5|multi-agences+8|anciennete+5|dirigeant+5,https://www.pappers.fr/entreprise/351748421,https://annuaire-entreprises.data.gouv.fr/entreprise/351748421,"https://www.google.com/maps?q=48.8408004,2.7975114718",https://www.google.com/search?q=FRANCE+VULCANISATION+SERVICE+BAILLY-ROMAINVILLIERS,https://www.linkedin.com/search/results/companies/?keywords=FRANCE+VULCANISATION+SERVICE,https://www.pagesjaunes.fr/annuaire/chercherlespros?quoiqui=FRANCE+VULCANISATION+SERVICE&ou=BAILLY-ROMAINVILLIERS,https://www.societe.com/cgi-bin/search?champs=351748421,,,,20-49,ETI,5,12,6039255,105331,2024,37,1989-06-10,SARL,,3248,FR26351748421,active,351748421,35174842100069,33.12Z,ZAC DU PRIEURE 17 AVENUE CHRISTIAN DOPPLER 77700 BAILLY-ROMAINVILLIERS,48.8408004,2.7975114718,,,,MARIA DA SILVA (COELHO) (Gérant); AO2C AUDIT (Commissaire aux comptes titulaire),non,oui,2026-08-02,sirene,BAILLY-ROMAINVILLIERS
M'GYS,B,48,a contacter,,,,,,,,,,,,maintenance,Reparation d'equipements electriques,FONTENAY-SOUS-BOIS,94120,94,,,,FREDERIC GILBERT FERNAND CREPLET (CREPLET),Directeur général délégué,ca+15|effectif+10|categorie+5|multi-agences+8|anciennete+5|dirigeant+5,https://www.pappers.fr/entreprise/819730417,https://annuaire-entreprises.data.gouv.fr/entreprise/819730417,"https://www.google.com/maps?q=48.852316767,2.4927725473",https://www.google.com/search?q=M%27GYS+FONTENAY-SOUS-BOIS,https://www.linkedin.com/search/results/companies/?keywords=M%27GYS,https://www.pagesjaunes.fr/annuaire/chercherlespros?quoiqui=M%27GYS&ou=FONTENAY-SOUS-BOIS,https://www.societe.com/cgi-bin/search?champs=819730417,,,,20-49,ETI,5,6,6874340,444795,2024,10,2016-03-07,SAS,,3248,FR24819730417,active,819730417,81973041700014,33.14Z,95 RUE PIERRE GRANGE 94120 FONTENAY-SOUS-BOIS,48.852316767,2.4927725473,,,,GERARD STRASSER (Commissaire aux comptes suppléant); DIDIER TORRE (TORRE) (Directeur général délégué); IN EXTENSO STRASBOURG-NORD (Commissaire aux comptes titulaire); E'NERGYS (Président de SAS),non,oui,2026-08-09,sirene,FONTENAY-SOUS-BOIS
SAFEXIS EUROPE SAS,B,48,a contacter,,,,,,,,,,,,maintenance,Reparation de machines et equipements mecaniques,SAINT-OUEN-L'AUMONE,95310,95,,,,BDO IDF,Commissaire aux comptes titulaire,ca+15|effectif+10|categorie+5|multi-agences+8|anciennete+5|dirigeant+5,https://www.pappers.fr/entreprise/437854508,https://annuaire-entreprises.data.gouv.fr/entreprise/437854508,"https://www.google.com/maps?q=49.048842482,2.141259248",https://www.google.com/search?q=SAFEXIS+EUROPE+SAS+SAINT-OUEN-L%27AUMONE,https://www.linkedin.com/search/results/companies/?keywords=SAFEXIS+EUROPE+SAS,https://www.pagesjaunes.fr/annuaire/chercherlespros?quoiqui=SAFEXIS+EUROPE+SAS&ou=SAINT-OUEN-L%27AUMONE,https://www.societe.com/cgi-bin/search?champs=437854508,,,,20-49,PME,5,8,8269441,948133,2024,25,2001-04-06,SAS,,0573,FR12437854508,active,437854508,43785450800037,33.12Z,PARC D ACTIVITES DES BETHUNES 1 RUE DU LIMOUSIN 95310 SAINT-OUEN-L'AUMONE,49.048842482,2.141259248,,,,SAFETY FIRST DEVELOPPEMENT (Président de SAS),non,oui,2026-08-02,sirene,SAINT-OUEN-L'AUMONE
A 2A ALTERNATIVE ASCENSEUR,B,48,a contacter,,,,,,,,,,,,maintenance,Autres travaux d'installation n.c.a.,BEZANNES,51430,51,,,,GUY DIOUY (DIOUY),Directeur Général,ca+15|effectif+10|categorie+5|multi-agences+8|anciennete+5|dirigeant+5,https://www.pappers.fr/entreprise/481657542,https://annuaire-entreprises.data.gouv.fr/entreprise/481657542,"https://www.google.com/maps?q=49.2182188293095,3.98887689974002",https://www.google.com/search?q=A+2A+ALTERNATIVE+ASCENSEUR+BEZANNES,https://www.linkedin.com/search/results/companies/?keywords=A+2A+ALTERNATIVE+ASCENSEUR,https://www.pagesjaunes.fr/annuaire/chercherlespros?quoiqui=A+2A+ALTERNATIVE+ASCENSEUR&ou=BEZANNES,https://www.societe.com/cgi-bin/search?champs=481657542,,,,100-199,PME,4,8,18407229,868354,2025,21,2005-04-04,SAS,,3248,FR13481657542,active,481657542,48165754200074,43.29B,10 RUE PIERRE SALMON 51430 BEZANNES,49.2182188293095,3.98887689974002,,,,GUY GERARD DIOUY (Directeur Général); PASCAL QUENARDEL (QUENARDEL) (Président de SAS); PASCAL PIERRE JOSEPH QUENARDEL (Président de SAS); PRIEUR ET ASSOCIES AUDIT (Commissaire aux comptes titulaire),non,oui,2026-08-03,sirene,BEZANNES
ADF UTILITIES,B,48,a contacter,,,,,,,,,,,,maintenance,Reparation de machines et equipements mecaniques,VITROLLES,13127,13,,,,ADF DEVELOPPEMENT,Président de SAS,ca+15|effectif+10|categorie+5|multi-agences+8|anciennete+5|dirigeant+5,https://www.pappers.fr/entreprise/953075488,https://annuaire-entreprises.data.gouv.fr/entreprise/953075488,"https://www.google.com/maps?q=43.430517045,5.2661053163",https://www.google.com/search?q=ADF+UTILITIES+VITROLLES,https://www.linkedin.com/search/results/companies/?keywords=ADF+UTILITIES,https://www.pagesjaunes.fr/annuaire/chercherlespros?quoiqui=ADF+UTILITIES&ou=VITROLLES,https://www.societe.com/cgi-bin/search?champs=953075488,,,,100-199,ETI,4,5,24295837,-42685,2024,3,2023-06-01,SAS,,3248,FR59953075488,active,953075488,95307548800015,33.12Z,BAT G BASTIDE BLANCHE 13127 VITROLLES,43.430517045,5.2661053163,,,,,non,oui,2026-08-04,sirene,VITROLLES
ARPEGE MASTER K,B,48,a contacter,,,,,,,,,,,,maintenance,Installation de machines et equipements mecaniques,SAINT-PRIEST,69800,69,,,,FREDERIC FOSSI,Président de SAS,ca+15|effectif+10|categorie+5|multi-agences+8|anciennete+5|dirigeant+5,https://www.pappers.fr/entreprise/971506480,https://annuaire-entreprises.data.gouv.fr/entreprise/971506480,"https://www.google.com/maps?q=45.708528249,4.9268959611",https://www.google.com/search?q=ARPEGE+MASTER+K+SAINT-PRIEST,https://www.linkedin.com/search/results/companies/?keywords=ARPEGE+MASTER+K,https://www.pagesjaunes.fr/annuaire/chercherlespros?quoiqui=ARPEGE+MASTER+K&ou=SAINT-PRIEST,https://www.societe.com/cgi-bin/search?champs=971506480,,,,50-99,PME,4,7,10024498,530872,2024,61,1965-01-01,SAS,,"3248, 0478",FR28971506480,active,971506480,97150648000062,33.20B,15 RUE DU DAUPHINE 69800 SAINT-PRIEST,45.708528249,4.9268959611,,,,FRANCE AUDIT EXPERTISE (Autre),non,oui,2026-08-09,sirene,SAINT-PRIEST
ATELIER DE CABLAGE DU CENTRE,B,48,a contacter,,,,,,,,,,,,maintenance,"Installation d'equipements electriques, de materiels electroniques et optiques ou d'autres materiels",DOMERAT,03410,03,,,,AUDIT CENTRE FRANCE,Commissaire aux comptes titulaire,ca+15|effectif+10|categorie+5|multi-agences+8|anciennete+5|dirigeant+5,https://www.pappers.fr/entreprise/917250078,https://annuaire-entreprises.data.gouv.fr/entreprise/917250078,"https://www.google.com/maps?q=46.367597588,2.5696648033",https://www.google.com/search?q=ATELIER+DE+CABLAGE+DU+CENTRE+DOMERAT,https://www.linkedin.com/search/results/companies/?keywords=ATELIER+DE+CABLAGE+DU+CENTRE,https://www.pagesjaunes.fr/annuaire/chercherlespros?quoiqui=ATELIER+DE+CABLAGE+DU+CENTRE&ou=DOMERAT,https://www.societe.com/cgi-bin/search?champs=917250078,,,,20-49,PME,4,5,6943625,369085,2024,54,1972-01-01,SAS,,3248,FR23917250078,active,917250078,91725007800040,33.20D,ZA DE CHATEAUGAY 23 RUE JEAN MOULIN 03410 DOMERAT,46.367597588,2.5696648033,,,,METIS (Président de SAS),non,oui,2026-08-02,sirene,DOMERAT
COPAS MPA,B,48,a contacter,,,,,,,,,,,,maintenance,Installation de machines et equipements mecaniques,GUILHERAND-GRANGES,07500,07,,,,DIAGNOSTIC REVISION CONSEIL,Commissaire aux comptes titulaire,ca+15|effectif+10|categorie+5|multi-agences+8|anciennete+5|dirigeant+5,https://www.pappers.fr/entreprise/331139055,https://annuaire-entreprises.data.gouv.fr/entreprise/331139055,"https://www.google.com/maps?q=44.9287294239176,4.86374699958323",https://www.google.com/search?q=COPAS+MPA+GUILHERAND-GRANGES,https://www.linkedin.com/search/results/companies/?keywords=COPAS+MPA,https://www.pagesjaunes.fr/annuaire/chercherlespros?quoiqui=COPAS+MPA&ou=GUILHERAND-GRANGES,https://www.societe.com/cgi-bin/search?champs=331139055,,,,10-19,PME,4,10,2304246,258035,2024,42,1984-09-15,SAS,,3248,FR19331139055,active,331139055,33113905500072,33.20B,700 RUE ANDRE MALRAUX 07500 GUILHERAND-GRANGES,44.9287294239176,4.86374699958323,,,,ELEJI (Président de SAS),non,oui,2026-08-02,sirene,GUILHERAND-GRANGES
EIFFAGE ENERGIE SYSTEMES - SECAUTO,B,48,a contacter,,,,,,,,,,,,maintenance,Reparation de materiels electroniques et optiques,MARTIGUES,13500,13,,,,STEPHANE DELATTRE,Président de SAS,ca+15|effectif+10|categorie+5|multi-agences+8|anciennete+5|dirigeant+5,https://www.pappers.fr/entreprise/318634813,https://annuaire-entreprises.data.gouv.fr/entreprise/318634813,"https://www.google.com/maps?q=43.3962437503499,5.03026005740007",https://www.google.com/search?q=EIFFAGE+ENERGIE+SYSTEMES+-+SECAUTO+MARTIGUES,https://www.linkedin.com/search/results/companies/?keywords=EIFFAGE+ENERGIE+SYSTEMES+-+SECAUTO,https://www.pagesjaunes.fr/annuaire/chercherlespros?quoiqui=EIFFAGE+ENERGIE+SYSTEMES+-+SECAUTO&ou=MARTIGUES,https://www.societe.com/cgi-bin/search?champs=318634813,,,,250-499,GE,4,9,47503401,1325948,2024,46,1980-01-01,SAS,,"3248, 9999",FR06318634813,active,318634813,31863481300063,33.13Z,LE CARRE D'AS 2 RUE LOUIS LEPINE 13500 MARTIGUES,43.3962437503499,5.03026005740007,,,,KPMG AUDIT IS SAS (Commissaire aux comptes titulaire),non,oui,2026-08-04,sirene,MARTIGUES
ESO IDF NORMANDIE,B,48,a contacter,,,,,,,,,,,,maintenance,Reparation d'equipements electriques,GRAND-COURONNE,76530,76,,,,RICARDO BRISTOTTI,Gérant,ca+15|effectif+10|categorie+5|multi-agences+8|anciennete+5|dirigeant+5,https://www.pappers.fr/entreprise/562881474,https://annuaire-entreprises.data.gouv.fr/entreprise/562881474,"https://www.google.com/maps?q=49.339922128,1.0157974525",https://www.google.com/search?q=ESO+IDF+NORMANDIE+GRAND-COURONNE,https://www.linkedin.com/search/results/companies/?keywords=ESO+IDF+NORMANDIE,https://www.pagesjaunes.fr/annuaire/chercherlespros?quoiqui=ESO+IDF+NORMANDIE&ou=GRAND-COURONNE,https://www.societe.com/cgi-bin/search?champs=562881474,,,,20-49,ETI,4,8,5825384,-824578,2024,70,1956-01-01,SARL,,3248,FR49562881474,active,562881474,56288147400083,33.14Z,LES ESSARTS 182 AVENUE JEAN LAGARRIGUE 76530 GRAND-COURONNE,49.339922128,1.0157974525,,,,PRICE WATER HOUSE COOPERS AUDIT (Commissaire aux comptes titulaire),non,oui,2026-08-03,sirene,GRAND-COURONNE
ESPACE CLOTURE ILE DE FRANCE,B,48,a contacter,,,,,,,,,,,,maintenance,Autres travaux d'installation n.c.a.,LIEUSAINT,77127,77,,,,DIRICKX ESPACE PROTECT,Président de SAS,ca+15|effectif+10|categorie+5|multi-agences+8|anciennete+5|dirigeant+5,https://www.pappers.fr/entreprise/790076350,https://annuaire-entreprises.data.gouv.fr/entreprise/790076350,"https://www.google.com/maps?q=48.619423035,2.5628059983",https://www.google.com/search?q=ESPACE+CLOTURE+ILE+DE+FRANCE+LIEUSAINT,https://www.linkedin.com/search/results/companies/?keywords=ESPACE+CLOTURE+ILE+DE+FRANCE,https://www.pagesjaunes.fr/annuaire/chercherlespros?quoiqui=ESPACE+CLOTURE+ILE+DE+FRANCE&ou=LIEUSAINT,https://www.societe.com/cgi-bin/search?champs=790076350,,,,20-49,ETI,4,7,15016908,665038,2024,14,2012-12-19,SAS,,"2609, 2420, 1597",FR15790076350,active,790076350,79007635000053,43.29B,ZAC DU LEVANT 535 AVENUE MARGUERITE PEREY 77127 LIEUSAINT,48.619423035,2.5628059983,,,,ALLIANCE EXPERTS - SOCIÉTÉ D'EXPERTISE COMPTABLE ET DE COMMISSARIAT AUX COMPTES (Commissaire aux comptes titulaire),non,oui,2026-08-05,sirene,LIEUSAINT
ESPACE CLOTURE SUD OUEST,B,48,a contacter,,,,,,,,,,,,maintenance,Autres travaux d'installation n.c.a.,CONGRIER,53800,53,,,,DIRICKX ESPACE PROTECT,Président de SAS,ca+15|effectif+10|categorie+5|multi-agences+8|anciennete+5|dirigeant+5,https://www.pappers.fr/entreprise/790084883,https://annuaire-entreprises.data.gouv.fr/entreprise/790084883,"https://www.google.com/maps?q=47.798858776,-1.076607258",https://www.google.com/search?q=ESPACE+CLOTURE+SUD+OUEST+CONGRIER,https://www.linkedin.com/search/results/companies/?keywords=ESPACE+CLOTURE+SUD+OUEST,https://www.pagesjaunes.fr/annuaire/chercherlespros?quoiqui=ESPACE+CLOTURE+SUD+OUEST&ou=CONGRIER,https://www.societe.com/cgi-bin/search?champs=790084883,,,,20-49,ETI,4,6,8772909,28904,2024,14,2012-12-19,SAS,,,FR06790084883,active,790084883,79008488300012,43.29B,LE BAS ROCHER 53800 CONGRIER,47.798858776,-1.076607258,,,,ALLIANCE EXPERTS - SOCIÉTÉ D'EXPERTISE COMPTABLE ET DE COMMISSARIAT AUX COMPTES (Commissaire aux comptes titulaire),non,oui,2026-08-06,sirene,CONGRIER
FROID&SERVICES MEDITERRANEE,B,48,a contacter,,,,,,,,,,,,maintenance,Reparation de machines et equipements mecaniques,VITROLLES,13127,13,,,,AUDIT ET CERTIFICATION,Commissaire aux comptes titulaire,ca+15|effectif+10|categorie+5|multi-agences+8|anciennete+5|dirigeant+5,https://www.pappers.fr/entreprise/302591524,https://annuaire-entreprises.data.gouv.fr/entreprise/302591524,"https://www.google.com/maps?q=43.47248306,5.2335238856",https://www.google.com/search?q=FROID%26SERVICES+MEDITERRANEE+VITROLLES,https://www.linkedin.com/search/results/companies/?keywords=FROID%26SERVICES+MEDITERRANEE,https://www.pagesjaunes.fr/annuaire/chercherlespros?quoiqui=FROID%26SERVICES+MEDITERRANEE&ou=VITROLLES,https://www.societe.com/cgi-bin/search?champs=302591524,,,,20-49,ETI,4,4,13238627,1063587,2024,45,1981-10-01,SAS,,1412,FR84302591524,active,302591524,30259152400061,33.12Z,ZI LES CADESTEAUX AVENUE JOSEPH CUGNOT 13127 VITROLLES,43.47248306,5.2335238856,,,,ALPENA (Président de SAS),non,oui,2026-08-04,sirene,VITROLLES
KANADEVIA INOVA EST INDUSTRIES,B,48,a contacter,,,,,,,,,,,,maintenance,Reparation de machines et equipements mecaniques,SARRALBE,57430,57,,,,MICHEL BUCHSER,Commissaire aux comptes suppléant,ca+15|effectif+10|categorie+5|multi-agences+8|anciennete+5|dirigeant+5,https://www.pappers.fr/entreprise/338089642,https://annuaire-entreprises.data.gouv.fr/entreprise/338089642,"https://www.google.com/maps?q=48.9812356083067,7.02335030496793",https://www.google.com/search?q=KANADEVIA+INOVA+EST+INDUSTRIES+SARRALBE,https://www.linkedin.com/search/results/companies/?keywords=KANADEVIA+INOVA+EST+INDUSTRIES,https://www.pagesjaunes.fr/annuaire/chercherlespros?quoiqui=KANADEVIA+INOVA+EST+INDUSTRIES&ou=SARRALBE,https://www.societe.com/cgi-bin/search?champs=338089642,,,,100-199,ETI,4,4,48147467,2456750,2023,40,1986-05-26,SAS,,3248,FR78338089642,active,338089642,33808964200023,33.12Z,Z I  SUD 57430 SARRALBE,48.9812356083067,7.02335030496793,,,,IN EXTENSO AUDIT,non,oui,2026-08-07,sirene,SARRALBE
KLA-TENCOR FRANCE SARL,B,48,a contacter,,,,,,,,,,,,maintenance,Reparation de materiels electroniques et optiques,MONTBONNOT-SAINT-MARTIN,38330,38,,,,BREN DOUGLAS HIGGINS,Gérant,ca+15|effectif+10|categorie+5|multi-agences+8|anciennete+5|dirigeant+5,https://www.pappers.fr/entreprise/332126309,https://annuaire-entreprises.data.gouv.fr/entreprise/332126309,"https://www.google.com/maps?q=45.216257369,5.8119227872",https://www.google.com/search?q=KLA-TENCOR+FRANCE+SARL+MONTBONNOT-SAINT-MARTIN,https://www.linkedin.com/search/results/companies/?keywords=KLA-TENCOR+FRANCE+SARL,https://www.pagesjaunes.fr/annuaire/chercherlespros?quoiqui=KLA-TENCOR+FRANCE+SARL&ou=MONTBONNOT-SAINT-MARTIN,https://www.societe.com/cgi-bin/search?champs=332126309,,,,50-99,PME,4,14,42346018,3144385,2024,41,1985-01-01,SARL,,3248,FR80332126309,active,332126309,33212630900142,33.13Z,387 AVENUE JEAN KUNTZMANN 38330 MONTBONNOT-SAINT-MARTIN,45.216257369,5.8119227872,,,,VIRENDRA ARVIND KIRLOSKAR (Gérant); PRICEWATERHOUSECOOPERS AUDIT (Commissaire aux comptes titulaire),non,oui,2026-08-04,sirene,MONTBONNOT-SAINT-MARTIN
LA GENERALE DE BUREAUTIQUE,B,48,a contacter,,,,,,,,,,,,maintenance,Reparation de machines et equipements mecaniques,NANTES,44300,44,,,,STEPHANE PUTHON,Directeur Général,ca+15|effectif+10|categorie+5|multi-agences+8|anciennete+5|dirigeant+5,https://www.pappers.fr/entreprise/351667852,https://annuaire-entreprises.data.gouv.fr/entreprise/351667852,"https://www.google.com/maps?q=47.2522599443483,-1.49844627358145",https://www.google.com/search?q=LA+GENERALE+DE+BUREAUTIQUE+NANTES,https://www.linkedin.com/search/results/companies/?keywords=LA+GENERALE+DE+BUREAUTIQUE,https://www.pagesjaunes.fr/annuaire/chercherlespros?quoiqui=LA+GENERALE+DE+BUREAUTIQUE&ou=NANTES,https://www.societe.com/cgi-bin/search?champs=351667852,,,,20-49,ETI,4,11,11067991,1184712,2022,37,1989-08-07,SAS,,1539,FR43351667852,active,351667852,35166785200120,33.12Z,4 RUE DU MARCHE COMMUN 44300 NANTES,47.2522599443483,-1.49844627358145,,,,FCN (Commissaire aux comptes titulaire); FGO (Président de SAS),non,oui,2026-08-07,sirene,NANTES
MAC PUAR ASCENSEURS,B,48,a contacter,,,,,,,,,,,,maintenance,Autres travaux d'installation n.c.a.,TREMBLAY-EN-FRANCE,93290,93,,,,EUGENIO BARROSO GARCIA DE LEYARISTY,Président de SAS,ca+15|effectif+10|categorie+5|multi-agences+8|anciennete+5|dirigeant+5,https://www.pappers.fr/entreprise/492083910,https://annuaire-entreprises.data.gouv.fr/entreprise/492083910,"https://www.google.com/maps?q=48.9780258473127,2.50951401777312",https://www.google.com/search?q=MAC+PUAR+ASCENSEURS+TREMBLAY-EN-FRANCE,https://www.linkedin.com/search/results/companies/?keywords=MAC+PUAR+ASCENSEURS,https://www.pagesjaunes.fr/annuaire/chercherlespros?quoiqui=MAC+PUAR+ASCENSEURS&ou=TREMBLAY-EN-FRANCE,https://www.societe.com/cgi-bin/search?champs=492083910,,,,100-199,PME,4,8,23730731,964820,2024,20,2006-09-18,SAS,,3248,FR12492083910,active,492083910,49208391000082,43.29B,BATIMENT FREGATES 5 HALL D 13 RUE DE LA PERDRIX 93290 TREMBLAY-EN-FRANCE,48.9780258473127,2.50951401777312,,,,JULIEN MARTIN (MARTIN) (Directeur Général); RAFAEL RUIZ NIETO (Directeur Général); SA DELOITTE & ASSOCIES  (Commissaire aux comptes titulaire),non,oui,2026-08-04,sirene,TREMBLAY-EN-FRANCE
SERVICE INTERNATIONAL D'ELECTRONIQUE MARINE ET INFORMATIQUE,B,48,a contacter,,,,,,,,,,,,maintenance,Reparation de materiels electroniques et optiques,CONCARNEAU,29900,29,,,,GILBERT JACQUES CLEMENT AUNEAU (AUNEAU),Président de SAS,ca+15|effectif+10|categorie+5|multi-agences+8|anciennete+5|dirigeant+5,https://www.pappers.fr/entreprise/328097878,https://annuaire-entreprises.data.gouv.fr/entreprise/328097878,"https://www.google.com/maps?q=47.87565661,-3.910265852",https://www.google.com/search?q=SERVICE+INTERNATIONAL+D%27ELECTRONIQUE+MARINE+ET+INFORMATIQUE+CONCARNEAU,https://www.linkedin.com/search/results/companies/?keywords=SERVICE+INTERNATIONAL+D%27ELECTRONIQUE+MARINE+ET+INFORMATIQUE,https://www.pagesjaunes.fr/annuaire/chercherlespros?quoiqui=SERVICE+INTERNATIONAL+D%27ELECTRONIQUE+MARINE+ET+INFORMATIQUE&ou=CONCARNEAU,https://www.societe.com/cgi-bin/search?champs=328097878,,,,10-19,PME,4,9,1877427,122149,2021,43,1983-09-15,5699,,,FR17328097878,active,328097878,32809787800032,33.13Z,3 QU EST 29900 CONCARNEAU,47.87565661,-3.910265852,,,,WILLIAM FLORENT JACQUES AUNEAU (Président du directoire); STEPHANE MORVAN (Commissaire aux comptes suppléant); L.G.M.A. (Commissaire aux comptes titulaire),non,oui,2026-08-08,sirene,CONCARNEAU
SOCIETE ASCENSORISTE INDEPENDANT,B,48,a contacter,,,,,,,,,,,,maintenance,Autres travaux d'installation n.c.a.,MUNDOLSHEIM,67450,67,,,,ROMARIC DEL GENTIL SCARAVONATI (GENTIL),Gérant,ca+15|effectif+10|categorie+5|multi-agences+8|anciennete+5|dirigeant+5,https://www.pappers.fr/entreprise/389597261,https://annuaire-entreprises.data.gouv.fr/entreprise/389597261,"https://www.google.com/maps?q=48.6416793563182,7.72979657130797",https://www.google.com/search?q=SOCIETE+ASCENSORISTE+INDEPENDANT+MUNDOLSHEIM,https://www.linkedin.com/search/results/companies/?keywords=SOCIETE+ASCENSORISTE+INDEPENDANT,https://www.pagesjaunes.fr/annuaire/chercherlespros?quoiqui=SOCIETE+ASCENSORISTE+INDEPENDANT&ou=MUNDOLSHEIM,https://www.societe.com/cgi-bin/search?champs=389597261,,,,20-49,PME,4,6,4657563,582065,2022,33,1993-01-04,SARL,,3248,FR92389597261,active,389597261,38959726100038,43.29B,1 RUE ALEXANDRE VOLTA 67450 MUNDOLSHEIM,48.6416793563182,7.72979657130797,,,,,non,oui,2026-08-07,sirene,MUNDOLSHEIM
SOCREIP CLOTURES DE L OUEST,B,48,a contacter,,,,,,,,,,,,maintenance,Autres travaux d'installation n.c.a.,VERN-SUR-SEICHE,35770,35,,,,YVON MARIE LAMOUR,Président de SAS,ca+15|effectif+10|categorie+5|multi-agences+8|anciennete+5|dirigeant+5,https://www.pappers.fr/entreprise/739201648,https://annuaire-entreprises.data.gouv.fr/entreprise/739201648,"https://www.google.com/maps?q=48.059888623,-1.6123088",https://www.google.com/search?q=SOCREIP+CLOTURES+DE+L+OUEST+VERN-SUR-SEICHE,https://www.linkedin.com/search/results/companies/?keywords=SOCREIP+CLOTURES+DE+L+OUEST,https://www.pagesjaunes.fr/annuaire/chercherlespros?quoiqui=SOCREIP+CLOTURES+DE+L+OUEST&ou=VERN-SUR-SEICHE,https://www.societe.com/cgi-bin/search?champs=739201648,,,,10-19,PME,4,8,5179856,125312,2019,53,1973-01-01,SAS,,,FR74739201648,active,739201648,73920164800097,43.29B,17 RUE DU CHAMP MARTIN 35770 VERN-SUR-SEICHE,48.059888623,-1.6123088,,,,SOLISE (Président de SAS),non,oui,2026-08-07,sirene,VERN-SUR-SEICHE
ADF TARLIN INDUSTRIES,B,48,a contacter,,,,,,,,,,,,maintenance,Reparation de machines et equipements mecaniques,GRAVELINES,59820,59,,,,ADF DEVELOPPEMENT,Président de SAS,ca+15|effectif+10|categorie+5|multi-agences+8|anciennete+5|dirigeant+5,https://www.pappers.fr/entreprise/399837426,https://annuaire-entreprises.data.gouv.fr/entreprise/399837426,"https://www.google.com/maps?q=50.997864739,2.1478733961",https://www.google.com/search?q=ADF+TARLIN+INDUSTRIES+GRAVELINES,https://www.linkedin.com/search/results/companies/?keywords=ADF+TARLIN+INDUSTRIES,https://www.pagesjaunes.fr/annuaire/chercherlespros?quoiqui=ADF+TARLIN+INDUSTRIES&ou=GRAVELINES,https://www.societe.com/cgi-bin/search?champs=399837426,,,,200-249,ETI,3,6,31835816,691545,2024,32,1994-12-27,SAS,,3248,FR08399837426,active,399837426,39983742600044,33.12Z,LES HUTTES RUE DES DUNES 59820 GRAVELINES,50.997864739,2.1478733961,,,,GRANT THORNTON (Commissaire aux comptes titulaire),non,oui,2026-08-04,sirene,GRAVELINES
ARIEL BN,B,48,a contacter,,,,,,,,,,,,maintenance,"Installation d'equipements electriques, de materiels electroniques et optiques ou d'autres materiels",SEES,61500,61,,,,GILLES BUEE,Président de SAS,ca+15|effectif+10|categorie+5|multi-agences+8|anciennete+5|dirigeant+5,https://www.pappers.fr/entreprise/318201084,https://annuaire-entreprises.data.gouv.fr/entreprise/318201084,"https://www.google.com/maps?q=48.596358963,0.1610181808",https://www.google.com/search?q=ARIEL+BN+SEES,https://www.linkedin.com/search/results/companies/?keywords=ARIEL+BN,https://www.pagesjaunes.fr/annuaire/chercherlespros?quoiqui=ARIEL+BN&ou=SEES,https://www.societe.com/cgi-bin/search?champs=318201084,,,,100-199,GE,3,6,29383543,1632297,2024,46,1980-01-01,SAS,,3248,FR74318201084,active,318201084,31820108400064,33.20D,ZONE INDUSTRIELLE 9 RUE AUGUSTE MOTTIN 61500 SEES,48.596358963,0.1610181808,,,,JEAN-CHRISTOPHE GUILMIN (Directeur Général); ERNST & YOUNG AUDIT (Commissaire aux comptes titulaire),non,oui,2026-08-05,sirene,SEES
ASCENSEURS FABRICATION ENTRETIEN MONTAGE,B,48,a contacter,,,,,,,,,,,,maintenance,Autres travaux d'installation n.c.a.,DAMMARIE LES LYS,77190,77,,,,DANIEL MICHEL PASDELOUP,Président de SAS,ca+15|effectif+10|categorie+5|multi-agences+8|anciennete+5|dirigeant+5,https://www.pappers.fr/entreprise/314104167,https://annuaire-entreprises.data.gouv.fr/entreprise/314104167,"https://www.google.com/maps?q=48.511425463,2.6132764321",https://www.google.com/search?q=ASCENSEURS+FABRICATION+ENTRETIEN+MONTAGE+DAMMARIE+LES+LYS,https://www.linkedin.com/search/results/companies/?keywords=ASCENSEURS+FABRICATION+ENTRETIEN+MONTAGE,https://www.pagesjaunes.fr/annuaire/chercherlespros?quoiqui=ASCENSEURS+FABRICATION+ENTRETIEN+MONTAGE&ou=DAMMARIE+LES+LYS,https://www.societe.com/cgi-bin/search?champs=314104167,,,,100-199,PME,3,9,31526410,665228,2024,48,1978-01-01,SAS,,3248,FR96314104167,active,314104167,31410416700031,43.29B,ZAC DU PLATEAU DE BIERE 306 B RUE MARC SEGUIN 77190 DAMMARIE LES LYS,48.511425463,2.6132764321,,,,STEPHANE SEBASTIEN PASDELOUP (Directeur Général); ECOMPTABLE.COM (Commissaire aux comptes titulaire); AO2C AUDIT (Commissaire aux comptes suppléant),non,oui,2026-08-02,sirene,DAMMARIE LES LYS
BC MAINTENANCE EQUIPEMENTS MOBILES,B,48,a contacter,,,,,,,,,,,,maintenance,Reparation de machines et equipements mecaniques,GENTILLY,94250,94,,,,LAURENT COUESNON,Directeur Général,ca+15|effectif+10|categorie+5|multi-agences+8|anciennete+5|dirigeant+5,https://www.pappers.fr/entreprise/832307128,https://annuaire-entreprises.data.gouv.fr/entreprise/832307128,"https://www.google.com/maps?q=48.8156176396997,2.34225397821704",https://www.google.com/search?q=BC+MAINTENANCE+EQUIPEMENTS+MOBILES+GENTILLY,https://www.linkedin.com/search/results/companies/?keywords=BC+MAINTENANCE+EQUIPEMENTS+MOBILES,https://www.pagesjaunes.fr/annuaire/chercherlespros?quoiqui=BC+MAINTENANCE+EQUIPEMENTS+MOBILES&ou=GENTILLY,https://www.societe.com/cgi-bin/search?champs=832307128,,,,20-49,ETI,3,3,9168141,740135,2025,9,2017-10-01,SAS,,"2614, 1702, 3212",FR67832307128,active,832307128,83230712800013,33.12Z,17 RUE LAFOUGE 94250 GENTILLY,48.8156176396997,2.34225397821704,,,,LAURENT JENA CLAUDE COUESNON (COUESNON) (Directeur Général); COGEP AUDIT (Commissaire aux comptes titulaire); ACES (Commissaire aux comptes titulaire); BC CAIRE  (Président de SAS),non,oui,2026-08-01,sirene,GENTILLY
CEPA ASCENSEURS,B,48,a contacter,,,,,,,,,,,,maintenance,Autres travaux d'installation n.c.a.,CHAMBLY,60230,60,,,,ADRIEN PHILIPPE MARIE GIOUX,Président de SAS,ca+15|effectif+10|categorie+5|multi-agences+8|anciennete+5|dirigeant+5,https://www.pappers.fr/entreprise/439296880,https://annuaire-entreprises.data.gouv.fr/entreprise/439296880,"https://www.google.com/maps?q=49.158339717,2.2507221405",https://www.google.com/search?q=CEPA+ASCENSEURS+CHAMBLY,https://www.linkedin.com/search/results/companies/?keywords=CEPA+ASCENSEURS,https://www.pagesjaunes.fr/annuaire/chercherlespros?quoiqui=CEPA+ASCENSEURS&ou=CHAMBLY,https://www.societe.com/cgi-bin/search?champs=439296880,,,,100-199,ETI,3,5,17733755,917112,2024,25,2001-07-01,SAS,,3248,FR55439296880,active,439296880,43929688000024,43.29B,ZA DES PORTES DE L OISE PARC PHIL ING 2 RUE HENRI BECQUEREL 60230 CHAMBLY,49.158339717,2.2507221405,,,,SIGNATURE - AUDIT & CONSEIL (Commissaire aux comptes titulaire),non,oui,2026-08-09,sirene,CHAMBLY
CFM ILE DE FRANCE,B,48,a contacter,,,,,,,,,,,,maintenance,Reparation de machines et equipements mecaniques,JOUY-LE-MOUTIER,95280,95,,,,LAURENT PIERRE MARIE CUVELIER,Président de SAS,ca+15|effectif+10|categorie+5|multi-agences+8|anciennete+5|dirigeant+5,https://www.pappers.fr/entreprise/823767306,https://annuaire-entreprises.data.gouv.fr/entreprise/823767306,"https://www.google.com/maps?q=49.006658448,2.0302289368",https://www.google.com/search?q=CFM+ILE+DE+FRANCE+JOUY-LE-MOUTIER,https://www.linkedin.com/search/results/companies/?keywords=CFM+ILE+DE+FRANCE,https://www.pagesjaunes.fr/annuaire/chercherlespros?quoiqui=CFM+ILE+DE+FRANCE&ou=JOUY-LE-MOUTIER,https://www.societe.com/cgi-bin/search?champs=823767306,,,,50-99,GE,3,5,16557558,-1580382,2024,10,2016-11-14,SAS,,3248,FR47823767306,active,823767306,82376730600041,33.12Z,2 RUE ANITA CONTI 95280 JOUY-LE-MOUTIER,49.006658448,2.0302289368,,,,MATTHIEU LAUGA (Directeur Général); RSM OUEST (Commissaire aux comptes titulaire),non,oui,2026-08-08,sirene,JOUY-LE-MOUTIER
DETECTION ELECTRONIQUE FRANCAISE OUEST,B,48,a contacter,,,,,,,,,,,,maintenance,"Installation d'equipements electriques, de materiels electroniques et optiques ou d'autres materiels",ORVAULT,44700,44,,,,OLIVIER YANNICK LE CLOIREC,Président de SAS,ca+15|effectif+10|categorie+5|multi-agences+8|anciennete+5|dirigeant+5,https://www.pappers.fr/entreprise/327744330,https://annuaire-entreprises.data.gouv.fr/entreprise/327744330,"https://www.google.com/maps?q=47.263680438749,-1.64735411398444",https://www.google.com/search?q=DETECTION+ELECTRONIQUE+FRANCAISE+OUEST+ORVAULT,https://www.linkedin.com/search/results/companies/?keywords=DETECTION+ELECTRONIQUE+FRANCAISE+OUEST,https://www.pagesjaunes.fr/annuaire/chercherlespros?quoiqui=DETECTION+ELECTRONIQUE+FRANCAISE+OUEST&ou=ORVAULT,https://www.societe.com/cgi-bin/search?champs=327744330,,,,100-199,ETI,3,8,16954274,-1063770,2023,43,1983-05-15,SAS,,3248,FR68327744330,active,327744330,32774433000058,33.20D,BAT.DYNAMIA 2  ZAC PENTECOTE 10 RUE JEAN ROUXEL 44700 ORVAULT,47.263680438749,-1.64735411398444,,,,CMS EXPERTS ASSOCIES (Commissaire aux comptes titulaire),non,oui,2026-08-08,sirene,ORVAULT
ELEC MARINE PRO,B,48,a contacter,,,,,,,,,,,,maintenance,"Installation d'equipements electriques, de materiels electroniques et optiques ou d'autres materiels",LA ROCHELLE,17000,17,,,,DAVID THIERRY ROGER LEFEBVRE (LEFEBVRE),Directeur Général,ca+15|effectif+10|categorie+5|multi-agences+8|anciennete+5|dirigeant+5,https://www.pappers.fr/entreprise/711780510,https://annuaire-entreprises.data.gouv.fr/entreprise/711780510,"https://www.google.com/maps?q=46.150220601,-1.159024263",https://www.google.com/search?q=ELEC+MARINE+PRO+LA+ROCHELLE,https://www.linkedin.com/search/results/companies/?keywords=ELEC+MARINE+PRO,https://www.pagesjaunes.fr/annuaire/chercherlespros?quoiqui=ELEC+MARINE+PRO&ou=LA+ROCHELLE,https://www.societe.com/cgi-bin/search?champs=711780510,,,,20-49,PME,3,6,5550278,17210,2024,55,1971-01-01,SAS,,3248,FR32711780510,active,711780510,71178051000071,33.20D,6 RUE DE LA BONETTE 17000 LA ROCHELLE,46.150220601,-1.159024263,,,,ETABLISSEMENTS POCHON (Président de SAS),non,oui,2026-08-06,sirene,LA ROCHELLE
ESO SUD OUEST,B,48,a contacter,,,,,,,,,,,,maintenance,Reparation d'equipements electriques,LONS,64140,64,,,,RICARDO BRISTOTTI,Gérant,ca+15|effectif+10|categorie+5|multi-agences+8|anciennete+5|dirigeant+5,https://www.pappers.fr/entreprise/349541334,https://annuaire-entreprises.data.gouv.fr/entreprise/349541334,"https://www.google.com/maps?q=43.308835043,-0.41336206",https://www.google.com/search?q=ESO+SUD+OUEST+LONS,https://www.linkedin.com/search/results/companies/?keywords=ESO+SUD+OUEST,https://www.pagesjaunes.fr/annuaire/chercherlespros?quoiqui=ESO+SUD+OUEST&ou=LONS,https://www.societe.com/cgi-bin/search?champs=349541334,,,,20-49,ETI,3,4,7250483,350077,2024,37,1989-01-02,SARL,,3248,FR82349541334,active,349541334,34954133400042,33.14Z,18 AVENUE DES FRERES LUMIERE 64140 LONS,43.308835043,-0.41336206,,,,PRICEWATERHOUSECOOPERS AUDIT (Commissaire aux comptes titulaire),non,oui,2026-08-10,sirene,LONS
ESO SUR LOIRE,B,48,a contacter,,,,,,,,,,,,maintenance,Reparation d'equipements electriques,SAINT-SYMPHORIEN-D'OZON,69360,69,,,,RICARDO BRISTOTTI,Gérant,ca+15|effectif+10|categorie+5|multi-agences+8|anciennete+5|dirigeant+5,https://www.pappers.fr/entreprise/345305403,https://annuaire-entreprises.data.gouv.fr/entreprise/345305403,"https://www.google.com/maps?q=45.6361388136036,4.87191130248379",https://www.google.com/search?q=ESO+SUR+LOIRE+SAINT-SYMPHORIEN-D%27OZON,https://www.linkedin.com/search/results/companies/?keywords=ESO+SUR+LOIRE,https://www.pagesjaunes.fr/annuaire/chercherlespros?quoiqui=ESO+SUR+LOIRE&ou=SAINT-SYMPHORIEN-D%27OZON,https://www.societe.com/cgi-bin/search?champs=345305403,,,,20-49,ETI,3,8,6955153,-417129,2024,38,1988-06-01,SARL,,3248,FR65345305403,active,345305403,34530540300080,33.14Z,Z.I DU PONTET 615 ROUTE D'HEYRIEUX 69360 SAINT-SYMPHORIEN-D'OZON,45.6361388136036,4.87191130248379,,,,PRICEWATERHOUSECOOPERS AUDIT (Commissaire aux comptes titulaire),non,oui,2026-08-06,sirene,SAINT-SYMPHORIEN-D'OZON
ETS RAYMOND,B,48,a contacter,,,,,,,,,,,,maintenance,Autres travaux d'installation n.c.a.,NICE,06000,06,,,,MATHIAS BRICARD,Président de SAS,ca+15|effectif+10|categorie+5|multi-agences+8|anciennete+5|dirigeant+5,https://www.pappers.fr/entreprise/333074656,https://annuaire-entreprises.data.gouv.fr/entreprise/333074656,"https://www.google.com/maps?q=43.710264109,7.227469288",https://www.google.com/search?q=ETS+RAYMOND+NICE,https://www.linkedin.com/search/results/companies/?keywords=ETS+RAYMOND,https://www.pagesjaunes.fr/annuaire/chercherlespros?quoiqui=ETS+RAYMOND&ou=NICE,https://www.societe.com/cgi-bin/search?champs=333074656,,,,100-199,PME,3,7,15627420,-888290,2024,41,1985-01-01,SAS,,3248,FR14333074656,active,333074656,33307465600047,43.29B,229 BOULEVARD DE LA MADELEINE 06000 NICE,43.710264109,7.227469288,,,,JEAN-MARCEL GIULIANI (Commissaire aux comptes suppléant); SYLVIE WOHLGEMUTH (Directeur Général); EXCO COTE D'AZUR AUDIT (Commissaire aux comptes titulaire),non,oui,2026-08-02,sirene,NICE
FASTNET RESEAUX & TELECOM,B,48,a contacter,,,,,,,,,,,,maintenance,"Installation d'equipements electriques, de materiels electroniques et optiques ou d'autres materiels",LA CHAPELLE-SUR-ERDRE,44240,44,,,,"""EFEGIE""",Président de SAS,ca+15|effectif+10|categorie+5|multi-agences+8|anciennete+5|dirigeant+5,https://www.pappers.fr/entreprise/443728563,https://annuaire-entreprises.data.gouv.fr/entreprise/443728563,"https://www.google.com/maps?q=47.28139545,-1.547927428",https://www.google.com/search?q=FASTNET+RESEAUX+%26+TELECOM+LA+CHAPELLE-SUR-ERDRE,https://www.linkedin.com/search/results/companies/?keywords=FASTNET+RESEAUX+%26+TELECOM,https://www.pagesjaunes.fr/annuaire/chercherlespros?quoiqui=FASTNET+RESEAUX+%26+TELECOM&ou=LA+CHAPELLE-SUR-ERDRE,https://www.societe.com/cgi-bin/search?champs=443728563,,,,20-49,PME,3,8,4803310,-166031,2022,24,2002-10-01,SAS,,,FR90443728563,active,443728563,44372856300042,33.20D,9 RUE DE THESSALIE 44240 LA CHAPELLE-SUR-ERDRE,47.28139545,-1.547927428,,,,FASTNET FRANCE (Président de SAS),non,oui,2026-08-05,sirene,LA CHAPELLE-SUR-ERDRE
LORELEC,B,48,a contacter,,,,,,,,,,,,maintenance,Reparation d'equipements electriques,PULNOY,54425,54,,,,JEAN-CHRISTOPHE AUBERT,Commissaire aux comptes titulaire,ca+15|effectif+10|categorie+5|multi-agences+8|anciennete+5|dirigeant+5,https://www.pappers.fr/entreprise/755800984,https://annuaire-entreprises.data.gouv.fr/entreprise/755800984,"https://www.google.com/maps?q=48.705179356,6.2503102566",https://www.google.com/search?q=LORELEC+PULNOY,https://www.linkedin.com/search/results/companies/?keywords=LORELEC,https://www.pagesjaunes.fr/annuaire/chercherlespros?quoiqui=LORELEC&ou=PULNOY,https://www.societe.com/cgi-bin/search?champs=755800984,,,,50-99,PME,3,6,15898792,352362,2024,71,1955-01-01,SAS,,3248,FR28755800984,active,755800984,75580098400022,33.14Z,48 AVENUE CHARLES DE GAULLE 54425 PULNOY,48.705179356,6.2503102566,,,,ALAIN RECKEL (RECKEL) (Président du conseil d’administration et directeur général); CHODOT FINANCES (Président de SAS); STRATIZY (Commissaire aux comptes suppléant),non,oui,2026-08-04,sirene,PULNOY
LUMIPLAN VILLE,B,48,a contacter,,,,,,,,,,,,maintenance,Reparation d'equipements electriques,SAINT-HERBLAIN,44800,44,,,,KPMG SA,Commissaire aux comptes titulaire,ca+15|effectif+10|categorie+5|multi-agences+8|anciennete+5|dirigeant+5,https://www.pappers.fr/entreprise/305165532,https://annuaire-entreprises.data.gouv.fr/entreprise/305165532,"https://www.google.com/maps?q=47.227377171,-1.619055338",https://www.google.com/search?q=LUMIPLAN+VILLE+SAINT-HERBLAIN,https://www.linkedin.com/search/results/companies/?keywords=LUMIPLAN+VILLE,https://www.pagesjaunes.fr/annuaire/chercherlespros?quoiqui=LUMIPLAN+VILLE&ou=SAINT-HERBLAIN,https://www.societe.com/cgi-bin/search?champs=305165532,,,,20-49,ETI,3,11,12861113,187169,2024,50,1976-01-01,SAS,,1486,FR35305165532,active,305165532,30516553200105,33.14Z,PA DU MOULIN NEUF 1 IMPASSE AUGUSTIN FRESNEL 44800 SAINT-HERBLAIN,47.227377171,-1.619055338,,,,LUMIPLAN GROUPE (Président de SAS),non,oui,2026-08-08,sirene,SAINT-HERBLAIN
MA CLOTURE SANIEZ,B,48,a contacter,,,,,,,,,,,,maintenance,Autres travaux d'installation n.c.a.,SOLESMES,59730,59,,,,DOROTHEE SAUVAGE,Gérant,ca+15|effectif+10|categorie+5|multi-agences+8|anciennete+5|dirigeant+5,https://www.pappers.fr/entreprise/849032669,https://annuaire-entreprises.data.gouv.fr/entreprise/849032669,"https://www.google.com/maps?q=50.1830544665766,3.49760283856919",https://www.google.com/search?q=MA+CLOTURE+SANIEZ+SOLESMES,https://www.linkedin.com/search/results/companies/?keywords=MA+CLOTURE+SANIEZ,https://www.pagesjaunes.fr/annuaire/chercherlespros?quoiqui=MA+CLOTURE+SANIEZ&ou=SOLESMES,https://www.societe.com/cgi-bin/search?champs=849032669,,,,10-19,PME,3,3,3412713,118203,2024,7,2019-03-01,SARL,,"1597, 2420, 2609",FR45849032669,active,849032669,84903266900012,43.29B,20 RUE DE L'ABBAYE 59730 SOLESMES,50.1830544665766,3.49760283856919,,,,,non,oui,2026-08-01,sirene,SOLESMES
PERKINELMER SCIENTIFIC (FRANCE) SAS,B,48,a contacter,,,,,,,,,,,,maintenance,Reparation de materiels electroniques et optiques,VILLEPINTE,93420,93,,,,PIERRE CHRISTIAN BLAISE,Directeur Général,ca+15|effectif+10|categorie+5|multi-agences+8|anciennete+5|dirigeant+5,https://www.pappers.fr/entreprise/920492832,https://annuaire-entreprises.data.gouv.fr/entreprise/920492832,"https://www.google.com/maps?q=48.964618725,2.5568886767",https://www.google.com/search?q=PERKINELMER+SCIENTIFIC+%28FRANCE%29+SAS+VILLEPINTE,https://www.linkedin.com/search/results/companies/?keywords=PERKINELMER+SCIENTIFIC+%28FRANCE%29+SAS,https://www.pagesjaunes.fr/annuaire/chercherlespros?quoiqui=PERKINELMER+SCIENTIFIC+%28FRANCE%29+SAS&ou=VILLEPINTE,https://www.societe.com/cgi-bin/search?champs=920492832,,,,100-199,PME,3,5,65706411,100841,2024,4,2022-10-13,SAS,,3248,FR58920492832,active,920492832,92049283200042,33.13Z,1-3 1 ALLEE DE L'EPERVIER 93420 VILLEPINTE,48.964618725,2.5568886767,,,,ERIC MEROUR (Président de SAS); DAMIEN PATRICK BERTIL SEROUX (Directeur Général); BDO PARIS (Commissaire aux comptes titulaire),non,oui,2026-08-09,sirene,VILLEPINTE
SARL CALAS ET FILS,B,48,a contacter,,,,,,,,,,,,maintenance,Reparation de machines et equipements mecaniques,LACROUZETTE,81210,81,,,,ALAIN MICHEL JOSEPH CALAS,Gérant,ca+15|effectif+10|categorie+5|multi-agences+8|anciennete+5|dirigeant+5,https://www.pappers.fr/entreprise/334173978,https://annuaire-entreprises.data.gouv.fr/entreprise/334173978,"https://www.google.com/maps?q=43.660915437,2.3567174507",https://www.google.com/search?q=SARL+CALAS+ET+FILS+LACROUZETTE,https://www.linkedin.com/search/results/companies/?keywords=SARL+CALAS+ET+FILS,https://www.pagesjaunes.fr/annuaire/chercherlespros?quoiqui=SARL+CALAS+ET+FILS&ou=LACROUZETTE,https://www.societe.com/cgi-bin/search?champs=334173978,,,,10-19,PME,3,5,1903027,69066,2024,41,1985-10-01,SARL,,3248,FR77334173978,active,334173978,33417397800019,33.12Z,52 RUE DU SIDOBRE 81210 LACROUZETTE,43.660915437,2.3567174507,,,,PIERRE CALAS (Gérant),non,oui,2026-08-05,sirene,LACROUZETTE
SOCIETE EUROPEENNE D'INTERVENTION MECANIQUE,B,48,a contacter,,,,,,,,,,,,maintenance,Reparation de machines et equipements mecaniques,BOURBOURG,59630,59,,,,MAURICE DORLENCOURT,Directeur Général,ca+15|effectif+10|categorie+5|multi-agences+8|anciennete+5|dirigeant+5,https://www.pappers.fr/entreprise/344006572,https://annuaire-entreprises.data.gouv.fr/entreprise/344006572,"https://www.google.com/maps?q=50.9488268323792,2.1927327063763",https://www.google.com/search?q=SOCIETE+EUROPEENNE+D%27INTERVENTION+MECANIQUE+BOURBOURG,https://www.linkedin.com/search/results/companies/?keywords=SOCIETE+EUROPEENNE+D%27INTERVENTION+MECANIQUE,https://www.pagesjaunes.fr/annuaire/chercherlespros?quoiqui=SOCIETE+EUROPEENNE+D%27INTERVENTION+MECANIQUE&ou=BOURBOURG,https://www.societe.com/cgi-bin/search?champs=344006572,,,,20-49,PME,3,7,2569737,62129,2024,38,1988-02-18,SAS,,3248,FR62344006572,active,344006572,34400657200020,33.12Z,LOT RENE MARCHANDIN 59630 BOURBOURG,50.9488268323792,2.1927327063763,,,,OLIVIER ROGER CORNIL DORLENCOURT (Président de SAS); JULIEN EMILE CHRISTIAN MARIE (Directeur Général),non,oui,2026-08-01,sirene,BOURBOURG
ACCU MANUTENTION SERVICES,B,48,a contacter,,,,,,,,,,,,maintenance,Reparation de machines et equipements mecaniques,NOGENT-LE-PHAYE,28630,28,,,,MARIE-LINE CHESNEAU,Commissaire aux comptes suppléant,ca+15|effectif+10|categorie+5|multi-agences+8|anciennete+5|dirigeant+5,https://www.pappers.fr/entreprise/394436703,https://annuaire-entreprises.data.gouv.fr/entreprise/394436703,"https://www.google.com/maps?q=48.460620964,1.5740593167",https://www.google.com/search?q=ACCU+MANUTENTION+SERVICES+NOGENT-LE-PHAYE,https://www.linkedin.com/search/results/companies/?keywords=ACCU+MANUTENTION+SERVICES,https://www.pagesjaunes.fr/annuaire/chercherlespros?quoiqui=ACCU+MANUTENTION+SERVICES&ou=NOGENT-LE-PHAYE,https://www.societe.com/cgi-bin/search?champs=394436703,,,,20-49,PME,2,4,10358599,399620,2024,32,1994-04-05,SAS,,3248,FR40394436703,active,394436703,39443670300026,33.12Z,LE BOIS PARIS 1 IMPASSE MONDETOUR 28630 NOGENT-LE-PHAYE,48.460620964,1.5740593167,,,,CVC AUDIT ET EXPERTISE (Commissaire aux comptes titulaire); JAYSSIHEXEL (Président de SAS); SARL JAYSSIHEXEL (Président de SAS),non,oui,2026-08-08,sirene,NOGENT-LE-PHAYE
AKUO ENERGY MAINTENANCE,B,48,a contacter,,,,,,,,,,,,maintenance,Reparation d'equipements electriques,AIX EN PROVENCE,13080,13,,,,RAPHAEL CHERVIER,Président de SAS,ca+15|effectif+10|categorie+5|multi-agences+8|anciennete+5|dirigeant+5,https://www.pappers.fr/entreprise/798447447,https://annuaire-entreprises.data.gouv.fr/entreprise/798447447,"https://www.google.com/maps?q=43.552145977,5.4283984761",https://www.google.com/search?q=AKUO+ENERGY+MAINTENANCE+AIX+EN+PROVENCE,https://www.linkedin.com/search/results/companies/?keywords=AKUO+ENERGY+MAINTENANCE,https://www.pagesjaunes.fr/annuaire/chercherlespros?quoiqui=AKUO+ENERGY+MAINTENANCE&ou=AIX+EN+PROVENCE,https://www.societe.com/cgi-bin/search?champs=798447447,,,,10-19,ETI,2,4,4129452,-74813,2024,13,2013-10-31,SAS,,1486,FR06798447447,active,798447447,79844744700045,33.14Z,55 AV 1ERE DIV FRANCAISE LIBRE 13080 AIX EN PROVENCE,43.552145977,5.4283984761,,,,BENOIT GALLAND (Président de SAS); APLITEC (Commissaire aux comptes titulaire),non,oui,2026-08-04,sirene,AIX EN PROVENCE
ALARME VIDEO SYSTEMES,B,48,a contacter,,,,,,,,,,,,maintenance,Reparation d'equipements electriques,SAINT-LAURENT-DU-VAR,06700,06,,,,JEAN - CHARLES BONNET (BONNET),Gérant,ca+15|effectif+10|categorie+5|multi-agences+8|anciennete+5|dirigeant+5,https://www.pappers.fr/entreprise/325266476,https://annuaire-entreprises.data.gouv.fr/entreprise/325266476,"https://www.google.com/maps?q=43.7002629695364,7.182725026527",https://www.google.com/search?q=ALARME+VIDEO+SYSTEMES+SAINT-LAURENT-DU-VAR,https://www.linkedin.com/search/results/companies/?keywords=ALARME+VIDEO+SYSTEMES,https://www.pagesjaunes.fr/annuaire/chercherlespros?quoiqui=ALARME+VIDEO+SYSTEMES&ou=SAINT-LAURENT-DU-VAR,https://www.societe.com/cgi-bin/search?champs=325266476,,,,10-19,PME,2,6,1737816,57421,2021,44,1982-05-30,SAS,,,FR04325266476,active,325266476,32526647600085,33.14Z,Z.I. SECTEUR D 31 ALLEE DES ARCHITECTES 06700 SAINT-LAURENT-DU-VAR,43.7002629695364,7.182725026527,,,,COGEDIAC (Commissaire aux comptes titulaire); CHALUS CHEGARAY ET COMPAGNIE (Président de SAS),non,oui,2026-08-02,sirene,SAINT-LAURENT-DU-VAR
APPLIC FROID,B,48,a contacter,,,,,,,,,,,,maintenance,Reparation de machines et equipements mecaniques,BEGLES,33130,33,,,,ERIC ONDINA (ONDINA),Président de SAS,ca+15|effectif+10|categorie+5|multi-agences+8|anciennete+5|dirigeant+5,https://www.pappers.fr/entreprise/348866385,https://annuaire-entreprises.data.gouv.fr/entreprise/348866385,"https://www.google.com/maps?q=44.788762606,-0.540231365",https://www.google.com/search?q=APPLIC+FROID+BEGLES,https://www.linkedin.com/search/results/companies/?keywords=APPLIC+FROID,https://www.pagesjaunes.fr/annuaire/chercherlespros?quoiqui=APPLIC+FROID&ou=BEGLES,https://www.societe.com/cgi-bin/search?champs=348866385,,,,10-19,PME,2,4,4348966,803634,2024,37,1989-01-01,SAS,,1412,FR13348866385,active,348866385,34886638500027,33.12Z,ZI 5 RUE DU LUGAN 33130 BEGLES,44.788762606,-0.540231365,,,,,non,oui,2026-08-09,sirene,BEGLES
ATELIER FORESTIER DU CENTRE OUEST,B,48,a contacter,,,,,,,,,,,,maintenance,Reparation de machines et equipements mecaniques,EGLETONS,19300,19,,,,MARYLENE ABISSET (PINLET),Président de SAS,ca+15|effectif+10|categorie+5|multi-agences+8|anciennete+5|dirigeant+5,https://www.pappers.fr/entreprise/382830693,https://annuaire-entreprises.data.gouv.fr/entreprise/382830693,"https://www.google.com/maps?q=45.3959270795721,2.03584860006856",https://www.google.com/search?q=ATELIER+FORESTIER+DU+CENTRE+OUEST+EGLETONS,https://www.linkedin.com/search/results/companies/?keywords=ATELIER+FORESTIER+DU+CENTRE+OUEST,https://www.pagesjaunes.fr/annuaire/chercherlespros?quoiqui=ATELIER+FORESTIER+DU+CENTRE+OUEST&ou=EGLETONS,https://www.societe.com/cgi-bin/search?champs=382830693,,,,20-49,PME,2,3,34791779,1375801,2024,35,1991-04-01,SAS,,1404,FR63382830693,active,382830693,38283069300018,33.12Z,ZI LA CHAULAUDRE 19300 EGLETONS,45.3959270795721,2.03584860006856,,,,PINLET MARYLENE (Président de SAS); AUDY & ASSOCIES (Commissaire aux comptes titulaire),non,oui,2026-08-06,sirene,EGLETONS
CHARGEURS BATTERIES SERVICES,B,48,a contacter,,,,,,,,,,,,maintenance,Reparation d'equipements electriques,VELAUX,13880,13,,,,GUY BOUTILLOT,Commissaire aux comptes titulaire,ca+15|effectif+10|categorie+5|multi-agences+8|anciennete+5|dirigeant+5,https://www.pappers.fr/entreprise/327543781,https://annuaire-entreprises.data.gouv.fr/entreprise/327543781,"https://www.google.com/maps?q=43.515731056687,5.23330535744651",https://www.google.com/search?q=CHARGEURS+BATTERIES+SERVICES+VELAUX,https://www.linkedin.com/search/results/companies/?keywords=CHARGEURS+BATTERIES+SERVICES,https://www.pagesjaunes.fr/annuaire/chercherlespros?quoiqui=CHARGEURS+BATTERIES+SERVICES&ou=VELAUX,https://www.societe.com/cgi-bin/search?champs=327543781,,,,10-19,PME,2,7,4666973,165531,2025,43,1983-04-01,SAS,,3248,FR15327543781,active,327543781,32754378100022,33.14Z,20 RUE GUSTAVE EIFFEL 20 RUE GUSTAVE EIFFEL 13880 VELAUX,43.515731056687,5.23330535744651,,,,FREDERIC FERNANDEZ-RODRIGUEZ (Président de SAS); SELIM REZGUI (Directeur Général),non,oui,2026-08-04,sirene,VELAUX
CLC NORD-EST,B,48,a contacter,,,,,,,,,,,,maintenance,Installation de machines et equipements mecaniques,CHAUNY,02300,02,,,,JACQUES ALFRED DEKERLE,Directeur Général,ca+15|effectif+10|categorie+5|multi-agences+8|anciennete+5|dirigeant+5,https://www.pappers.fr/entreprise/522008291,https://annuaire-entreprises.data.gouv.fr/entreprise/522008291,"https://www.google.com/maps?q=49.606237539,3.2247032011",https://www.google.com/search?q=CLC+NORD-EST+CHAUNY,https://www.linkedin.com/search/results/companies/?keywords=CLC+NORD-EST,https://www.pagesjaunes.fr/annuaire/chercherlespros?quoiqui=CLC+NORD-EST&ou=CHAUNY,https://www.societe.com/cgi-bin/search?champs=522008291,,,,10-19,PME,2,3,2685330,184705,2024,16,2010-04-12,SAS,,1412,FR43522008291,active,522008291,52200829100026,33.20B,26 RUE DE SOISSONS 02300 CHAUNY,49.606237539,3.2247032011,,,,HERVE LE DREF (LE DREF) (Gérant); HERVE JULIEN GERMAIN LE DREF (Président de SAS); ODELINE LUDIVINE MAIGRET (VILAIN) (Directeur Général),non,oui,2026-08-01,sirene,CHAUNY
CS MATERIEL,B,48,a contacter,,,,,,,,,,,,maintenance,Reparation de machines et equipements mecaniques,LE THOR,84250,84,,,,PATRICK ALCODORI,Commissaire aux comptes suppléant,ca+15|effectif+10|categorie+5|multi-agences+8|anciennete+5|dirigeant+5,https://www.pappers.fr/entreprise/795402361,https://annuaire-entreprises.data.gouv.fr/entreprise/795402361,"https://www.google.com/maps?q=43.921146147954,5.01345258812345",https://www.google.com/search?q=CS+MATERIEL+LE+THOR,https://www.linkedin.com/search/results/companies/?keywords=CS+MATERIEL,https://www.pagesjaunes.fr/annuaire/chercherlespros?quoiqui=CS+MATERIEL&ou=LE+THOR,https://www.societe.com/cgi-bin/search?champs=795402361,,,,10-19,PME,2,4,14392636,526859,2023,13,2013-09-09,SARL,,1404,FR14795402361,active,795402361,79540236100047,33.12Z,ZA SAINT LOUIS 13-1 ALLEE DE LA SARRIETTE 84250 LE THOR,43.921146147954,5.01345258812345,,,,MAXIME COUCAUD (Gérant); FREDERIC ROGIER (ROGIER) (Commissaire aux comptes titulaire); ERIC SANNER (Gérant),non,oui,2026-08-10,sirene,LE THOR
DELESTRE INDUSTRIE,B,48,a contacter,,,,,,,,,,,,maintenance,"Installation d'equipements electriques, de materiels electroniques et optiques ou d'autres materiels",LA SEGUINIERE,49280,49,,,,HENRI BERNARD CHRISTIAN MARIE GORANFLAUX DE LA GIRAUDIERE,Président de SAS,ca+15|effectif+10|categorie+5|multi-agences+8|anciennete+5|dirigeant+5,https://www.pappers.fr/entreprise/381421619,https://annuaire-entreprises.data.gouv.fr/entreprise/381421619,"https://www.google.com/maps?q=47.0737077944531,-0.933346618803637",https://www.google.com/search?q=DELESTRE+INDUSTRIE+LA+SEGUINIERE,https://www.linkedin.com/search/results/companies/?keywords=DELESTRE+INDUSTRIE,https://www.pagesjaunes.fr/annuaire/chercherlespros?quoiqui=DELESTRE+INDUSTRIE&ou=LA+SEGUINIERE,https://www.societe.com/cgi-bin/search?champs=381421619,,,,20-49,PME,2,5,4734632,368000,2024,35,1991-02-01,SAS,,3248,FR04381421619,active,381421619,38142161900051,33.20D,7 RUE EIFFEL 49280 LA SEGUINIERE,47.0737077944531,-0.933346618803637,,,,FINANCIERE BLG (Président de SAS),non,oui,2026-08-04,sirene,LA SEGUINIERE
ELECTRONIQUE OPTIQUE SERVICE,B,48,a contacter,,,,,,,,,,,,maintenance,Reparation de materiels electroniques et optiques,SAINT-JEAN-DE-LA-NEUVILLE,76210,76,,,,SEBASTIEN GILLES DANIEL MARIN (MARIN),Gérant,ca+15|effectif+10|categorie+5|multi-agences+8|anciennete+5|dirigeant+5,https://www.pappers.fr/entreprise/390221307,https://annuaire-entreprises.data.gouv.fr/entreprise/390221307,"https://www.google.com/maps?q=49.5777168692622,0.442016244617084",https://www.google.com/search?q=ELECTRONIQUE+OPTIQUE+SERVICE+SAINT-JEAN-DE-LA-NEUVILLE,https://www.linkedin.com/search/results/companies/?keywords=ELECTRONIQUE+OPTIQUE+SERVICE,https://www.pagesjaunes.fr/annuaire/chercherlespros?quoiqui=ELECTRONIQUE+OPTIQUE+SERVICE&ou=SAINT-JEAN-DE-LA-NEUVILLE,https://www.societe.com/cgi-bin/search?champs=390221307,,,,20-49,PME,2,10,2810268,93108,2024,33,1993-01-22,SAS,,9999,FR33390221307,active,390221307,39022130700098,33.13Z,115 RUE MAURICE ALLAIS 76210 SAINT-JEAN-DE-LA-NEUVILLE,49.5777168692622,0.442016244617084,,,,SARL ICS (INVESTISSEMENT COMMUNICATION SRVICE) (Président de SAS),non,oui,2026-08-05,sirene,SAINT-JEAN-DE-LA-NEUVILLE
ETUDE REALISATION MONTAGE,B,48,a contacter,,,,,,,,,,,,maintenance,Installation de machines et equipements mecaniques,SAINT-DENIS-LANNERAY,28200,28,,,,BENJAMIN RAYMOND YVES BRACHET,Directeur général délégué,ca+15|effectif+10|categorie+5|multi-agences+8|anciennete+5|dirigeant+5,https://www.pappers.fr/entreprise/335272746,https://annuaire-entreprises.data.gouv.fr/entreprise/335272746,"https://www.google.com/maps?q=48.06535118,1.2698055996",https://www.google.com/search?q=ETUDE+REALISATION+MONTAGE+SAINT-DENIS-LANNERAY,https://www.linkedin.com/search/results/companies/?keywords=ETUDE+REALISATION+MONTAGE,https://www.pagesjaunes.fr/annuaire/chercherlespros?quoiqui=ETUDE+REALISATION+MONTAGE&ou=SAINT-DENIS-LANNERAY,https://www.societe.com/cgi-bin/search?champs=335272746,,,,20-49,PME,2,2,6718584,792780,2024,40,1986-02-01,SAS,,3248,FR30335272746,active,335272746,33527274600025,33.20B,Z.A. LD LES RONCETTES 28200 SAINT-DENIS-LANNERAY,48.06535118,1.2698055996,,,,KARL BRACHET (Président de SAS),non,oui,2026-08-08,sirene,SAINT-DENIS-LANNERAY
EURO-STATION SERVICES SUD,B,48,a contacter,,,,,,,,,,,,maintenance,Reparation de machines et equipements mecaniques,SAINT-ETIENNE-DU-ROUVRAY,76800,76,,,,HOLDING CASTRES,Président de SAS,ca+15|effectif+10|categorie+5|multi-agences+8|anciennete+5|dirigeant+5,https://www.pappers.fr/entreprise/824024699,https://annuaire-entreprises.data.gouv.fr/entreprise/824024699,"https://www.google.com/maps?q=49.389391014,1.0809989761",https://www.google.com/search?q=EURO-STATION+SERVICES+SUD+SAINT-ETIENNE-DU-ROUVRAY,https://www.linkedin.com/search/results/companies/?keywords=EURO-STATION+SERVICES+SUD,https://www.pagesjaunes.fr/annuaire/chercherlespros?quoiqui=EURO-STATION+SERVICES+SUD&ou=SAINT-ETIENNE-DU-ROUVRAY,https://www.societe.com/cgi-bin/search?champs=824024699,,,,20-49,PME,2,3,2748330,33789,2019,10,2016-11-29,SAS,,,FR09824024699,active,824024699,82402469900038,33.12Z,590 RUE DES CATELIERS 76800 SAINT-ETIENNE-DU-ROUVRAY,49.389391014,1.0809989761,,,,SARL GOUBAULT GAMBERT (Commissaire aux comptes titulaire); CABINET DUREY (Commissaire aux comptes suppléant),non,oui,2026-08-09,sirene,SAINT-ETIENNE-DU-ROUVRAY
G. FROID CONCEPT,B,48,a contacter,,,,,,,,,,,,maintenance,Installation de machines et equipements mecaniques,SURGERES,17700,17,,,,STEPHANE GERARD CHRISTIAN SUAUD,Gérant,ca+15|effectif+10|categorie+5|multi-agences+8|anciennete+5|dirigeant+5,https://www.pappers.fr/entreprise/791915275,https://annuaire-entreprises.data.gouv.fr/entreprise/791915275,"https://www.google.com/maps?q=46.109633871,-0.783875232",https://www.google.com/search?q=G.+FROID+CONCEPT+SURGERES,https://www.linkedin.com/search/results/companies/?keywords=G.+FROID+CONCEPT,https://www.pagesjaunes.fr/annuaire/chercherlespros?quoiqui=G.+FROID+CONCEPT&ou=SURGERES,https://www.societe.com/cgi-bin/search?champs=791915275,,,,10-19,PME,2,3,2592717,32412,2024,13,2013-03-15,SARL,,,FR12791915275,active,791915275,79191527500014,33.20B,ZONE INDUSTRIELLE OUEST ZI OUEST 17700 SURGERES,46.109633871,-0.783875232,,,,,non,oui,2026-08-06,sirene,SURGERES
GRENAILLAGE PRODUITS ET SERVICES,B,48,a contacter,,,,,,,,,,,,maintenance,Reparation de machines et equipements mecaniques,CHARLEVILLE-MEZIERES,08000,08,,,,ALEX ANCHE (ANCHE),Président de SAS,ca+15|effectif+10|categorie+5|multi-agences+8|anciennete+5|dirigeant+5,https://www.pappers.fr/entreprise/401739214,https://annuaire-entreprises.data.gouv.fr/entreprise/401739214,"https://www.google.com/maps?q=49.768390769,4.7116760625",https://www.google.com/search?q=GRENAILLAGE+PRODUITS+ET+SERVICES+CHARLEVILLE-MEZIERES,https://www.linkedin.com/search/results/companies/?keywords=GRENAILLAGE+PRODUITS+ET+SERVICES,https://www.pagesjaunes.fr/annuaire/chercherlespros?quoiqui=GRENAILLAGE+PRODUITS+ET+SERVICES&ou=CHARLEVILLE-MEZIERES,https://www.societe.com/cgi-bin/search?champs=401739214,,,,10-19,PME,2,2,3408947,150572,2024,31,1995-06-26,SAS,,"9999, 3248",FR26401739214,active,401739214,40173921400013,33.12Z,CHEZ GPS 10 AVENUE DE L'INDUSTRIE 08000 CHARLEVILLE-MEZIERES,49.768390769,4.7116760625,,,,,non,oui,2026-08-03,sirene,CHARLEVILLE-MEZIERES
GROUPES ELECTROGENES SERVICE NORMANDIE,B,48,a contacter,,,,,,,,,,,,maintenance,Reparation d'equipements electriques,DEMOUVILLE,14840,14,,,,GEFA FINANCES,Président de SAS,ca+15|effectif+10|categorie+5|multi-agences+8|anciennete+5|dirigeant+5,https://www.pappers.fr/entreprise/411973332,https://annuaire-entreprises.data.gouv.fr/entreprise/411973332,"https://www.google.com/maps?q=49.170156519,-0.270413119",https://www.google.com/search?q=GROUPES+ELECTROGENES+SERVICE+NORMANDIE+DEMOUVILLE,https://www.linkedin.com/search/results/companies/?keywords=GROUPES+ELECTROGENES+SERVICE+NORMANDIE,https://www.pagesjaunes.fr/annuaire/chercherlespros?quoiqui=GROUPES+ELECTROGENES+SERVICE+NORMANDIE&ou=DEMOUVILLE,https://www.societe.com/cgi-bin/search?champs=411973332,,,,10-19,PME,2,4,3631445,236847,2024,29,1997-04-01,SAS,,3248,FR37411973332,active,411973332,41197333200025,33.14Z,ZAC DU CLOS NEUF RUE DENIS PAPIN 14840 DEMOUVILLE,49.170156519,-0.270413119,,,,HOLDING BBC (Président),non,oui,2026-08-05,sirene,DEMOUVILLE
HS AEROSPACE DIJON,B,48,a contacter,,,,,,,,,,,,maintenance,Reparation d'equipements electriques,LONGVIC,21600,21,,,,FRANCOIS ANDRÉ LUC CHAULIAC,Administrateur,ca+15|effectif+10|categorie+5|multi-agences+8|anciennete+5|dirigeant+5,https://www.pappers.fr/entreprise/509033791,https://annuaire-entreprises.data.gouv.fr/entreprise/509033791,"https://www.google.com/maps?q=47.280865197,5.0460802308",https://www.google.com/search?q=HS+AEROSPACE+DIJON+LONGVIC,https://www.linkedin.com/search/results/companies/?keywords=HS+AEROSPACE+DIJON,https://www.pagesjaunes.fr/annuaire/chercherlespros?quoiqui=HS+AEROSPACE+DIJON&ou=LONGVIC,https://www.societe.com/cgi-bin/search?champs=509033791,,,,50-99,ETI,2,5,49892566,4973879,2024,18,2008-11-05,SAS,,3248,FR24509033791,active,509033791,50903379100021,33.14Z,13 BOULEVARD EIFFEL 21600 LONGVIC,47.280865197,5.0460802308,,,,HENRI HAROLD SEVERINUS AUGUST COUNET (Président de SAS); PRICEWATERHOUSECOOPERS AUDIT (Commissaire aux comptes titulaire),non,oui,2026-08-07,sirene,LONGVIC
LA MAINTENANCE ELECTRIQUE,B,48,a contacter,,,,,,,,,,,,maintenance,Reparation d'equipements electriques,ATTICHES,59551,59,,,,JACQUES LAFORGE,Directeur Général,ca+15|effectif+10|categorie+5|multi-agences+8|anciennete+5|dirigeant+5,https://www.pappers.fr/entreprise/384850079,https://annuaire-entreprises.data.gouv.fr/entreprise/384850079,"https://www.google.com/maps?q=50.5224055383601,3.06184692948492",https://www.google.com/search?q=LA+MAINTENANCE+ELECTRIQUE+ATTICHES,https://www.linkedin.com/search/results/companies/?keywords=LA+MAINTENANCE+ELECTRIQUE,https://www.pagesjaunes.fr/annuaire/chercherlespros?quoiqui=LA+MAINTENANCE+ELECTRIQUE&ou=ATTICHES,https://www.societe.com/cgi-bin/search?champs=384850079,,,,10-19,PME,2,6,4259408,178587,2024,34,1992-03-16,SAS,,3248,FR86384850079,active,384850079,38485007900060,33.14Z,ZONE D'ACTIVITES DES BLATIERS 1 RUE DES JARDINS 59551 ATTICHES,50.5224055383601,3.06184692948492,,,,MAXIME JACQUES ALAIN LAFORGE (Directeur Général); LAFORGE INVESTISSEMENT (Président de SAS),non,oui,2026-08-01,sirene,ATTICHES
MADIS PROVENCE,B,48,a contacter,,,,,,,,,,,,maintenance,Reparation de machines et equipements mecaniques,LA ROQUE-D'ANTHERON,13640,13,,,,FLORIAN LEFEVRE,Gérant,ca+15|effectif+10|categorie+5|multi-agences+8|anciennete+5|dirigeant+5,https://www.pappers.fr/entreprise/398605956,https://annuaire-entreprises.data.gouv.fr/entreprise/398605956,"https://www.google.com/maps?q=43.722761692,5.2819729147",https://www.google.com/search?q=MADIS+PROVENCE+LA+ROQUE-D%27ANTHERON,https://www.linkedin.com/search/results/companies/?keywords=MADIS+PROVENCE,https://www.pagesjaunes.fr/annuaire/chercherlespros?quoiqui=MADIS+PROVENCE&ou=LA+ROQUE-D%27ANTHERON,https://www.societe.com/cgi-bin/search?champs=398605956,,,,10-19,PME,2,5,2314240,190338,2024,32,1994-09-19,SARL,,9999,FR37398605956,active,398605956,39860595600034,33.12Z,BAT B4 ZAC DU GRAND PONT 50 RUE GUTENBERG 13640 LA ROQUE-D'ANTHERON,43.722761692,5.2819729147,,,,GUILLAUME MICHEL LEFEVRE (Gérant),non,oui,2026-08-04,sirene,LA ROQUE-D'ANTHERON
NUMERIQUE 2000,B,48,a contacter,,,,,,,,,,,,maintenance,"Installation d'equipements electriques, de materiels electroniques et optiques ou d'autres materiels",NEUILLY-SUR-SEINE,92200,92,,,,NABIL BOUHAFS,Gérant,ca+15|effectif+10|categorie+5|multi-agences+8|anciennete+5|dirigeant+5,https://www.pappers.fr/entreprise/451416739,https://annuaire-entreprises.data.gouv.fr/entreprise/451416739,"https://www.google.com/maps?q=48.8835672550739,2.27208429972541",https://www.google.com/search?q=NUMERIQUE+2000+NEUILLY-SUR-SEINE,https://www.linkedin.com/search/results/companies/?keywords=NUMERIQUE+2000,https://www.pagesjaunes.fr/annuaire/chercherlespros?quoiqui=NUMERIQUE+2000&ou=NEUILLY-SUR-SEINE,https://www.societe.com/cgi-bin/search?champs=451416739,,,,10-19,PME,2,8,367142,-11616,2018,22,2004-01-01,SARL,,1686,FR55451416739,active,451416739,45141673900089,33.20D,99 AVENUE ACHILLE PERETTI 92200 NEUILLY-SUR-SEINE,48.8835672550739,2.27208429972541,,,,,non,oui,2026-08-10,sirene,NEUILLY-SUR-SEINE
ONET SECURITE SYSTEMES BRETAGNE,B,48,a contacter,,,,,,,,,,,,maintenance,"Installation d'equipements electriques, de materiels electroniques et optiques ou d'autres materiels",VERN-SUR-SEICHE,35770,35,,,,SOCIETE DE MANAGEMENT SECURITE ET ACCUEIL,Président de SAS,ca+15|effectif+10|categorie+5|multi-agences+8|anciennete+5|dirigeant+5,https://www.pappers.fr/entreprise/383341757,https://annuaire-entreprises.data.gouv.fr/entreprise/383341757,"https://www.google.com/maps?q=48.060821556,-1.613135005",https://www.google.com/search?q=ONET+SECURITE+SYSTEMES+BRETAGNE+VERN-SUR-SEICHE,https://www.linkedin.com/search/results/companies/?keywords=ONET+SECURITE+SYSTEMES+BRETAGNE,https://www.pagesjaunes.fr/annuaire/chercherlespros?quoiqui=ONET+SECURITE+SYSTEMES+BRETAGNE&ou=VERN-SUR-SEICHE,https://www.societe.com/cgi-bin/search?champs=383341757,,,,20-49,GE,2,4,6251753,733392,2024,35,1991-10-15,SAS,,3248,FR73383341757,active,383341757,38334175700029,33.20D,PARC ACTIVITE BOIS SOEUVRE 1 RUE DU MOTTAIS 35770 VERN-SUR-SEICHE,48.060821556,-1.613135005,,,,,non,oui,2026-08-08,sirene,VERN-SUR-SEICHE
PACA POMPES SERVICES,B,48,a contacter,,,,,,,,,,,,maintenance,Reparation de machines et equipements mecaniques,BUCHELAY,78200,78,,,,MARIE JOSEPH GUILLAUME HILPERT,Président de SAS,ca+15|effectif+10|categorie+5|multi-agences+8|anciennete+5|dirigeant+5,https://www.pappers.fr/entreprise/384076931,https://annuaire-entreprises.data.gouv.fr/entreprise/384076931,"https://www.google.com/maps?q=48.986140858,1.6820996199",https://www.google.com/search?q=PACA+POMPES+SERVICES+BUCHELAY,https://www.linkedin.com/search/results/companies/?keywords=PACA+POMPES+SERVICES,https://www.pagesjaunes.fr/annuaire/chercherlespros?quoiqui=PACA+POMPES+SERVICES&ou=BUCHELAY,https://www.societe.com/cgi-bin/search?champs=384076931,,,,20-49,ETI,2,5,4383952,5823,2024,34,1992-01-06,SAS,,,FR09384076931,active,384076931,38407693100052,33.12Z,MANTES INNOVAPARC 1 RUE DE L'INNOVATION 78200 BUCHELAY,48.986140858,1.6820996199,,,,KPMG S.A (Commissaire aux comptes titulaire),non,oui,2026-08-04,sirene,BUCHELAY
PROMECA INDUSTRIES,B,48,a contacter,,,,,,,,,,,,maintenance,Reparation de machines et equipements mecaniques,FOS-SUR-MER,13270,13,,,,PIERRE FABRE,Commissaire aux comptes titulaire,ca+15|effectif+10|categorie+5|multi-agences+8|anciennete+5|dirigeant+5,https://www.pappers.fr/entreprise/537508871,https://annuaire-entreprises.data.gouv.fr/entreprise/537508871,"https://www.google.com/maps?q=43.475627676,4.888260605",https://www.google.com/search?q=PROMECA+INDUSTRIES+FOS-SUR-MER,https://www.linkedin.com/search/results/companies/?keywords=PROMECA+INDUSTRIES,https://www.pagesjaunes.fr/annuaire/chercherlespros?quoiqui=PROMECA+INDUSTRIES&ou=FOS-SUR-MER,https://www.societe.com/cgi-bin/search?champs=537508871,,,,10-19,PME,2,3,3763265,233325,2024,15,2011-10-14,SAS,,,FR80537508871,active,537508871,53750887100010,33.12Z,LOT 90 91 42 LA FEUILLANE 13270 FOS-SUR-MER,43.475627676,4.888260605,,,,CHARLES MAMAN (Commissaire aux comptes suppléant); SAS GROUPAZUR (Président de SAS),non,oui,2026-08-04,sirene,FOS-SUR-MER
RESEAUX INGENIERIE TELECOMMUNICATIONS - RESINTEL,B,48,a contacter,,,,,,,,,,,,maintenance,"Installation d'equipements electriques, de materiels electroniques et optiques ou d'autres materiels",YTRAC,15000,15,,,,EIFFAGE ENERGIE SYSTEMES - REGIONS FRANCE,Président de SAS,ca+15|effectif+10|categorie+5|multi-agences+8|anciennete+5|dirigeant+5,https://www.pappers.fr/entreprise/388641375,https://annuaire-entreprises.data.gouv.fr/entreprise/388641375,"https://www.google.com/maps?q=44.8923901939642,2.39518655165025",https://www.google.com/search?q=RESEAUX+INGENIERIE+TELECOMMUNICATIONS+-+RESINTEL+YTRAC,https://www.linkedin.com/search/results/companies/?keywords=RESEAUX+INGENIERIE+TELECOMMUNICATIONS+-+RESINTEL,https://www.pagesjaunes.fr/annuaire/chercherlespros?quoiqui=RESEAUX+INGENIERIE+TELECOMMUNICATIONS+-+RESINTEL&ou=YTRAC,https://www.societe.com/cgi-bin/search?champs=388641375,,,,20-49,GE,2,10,3477714,-305627,2024,34,1992-10-01,SAS,,3248,FR45388641375,active,388641375,38864137500091,33.20D,ZAC DU PUY D'ESBAN 1 RUE AMBROISE PARE 15000 YTRAC,44.8923901939642,2.39518655165025,,,,,non,oui,2026-08-06,sirene,YTRAC
SAVOISIENNE EQUIPEMENT DE CUISINE SAVEC,B,48,a contacter,,,,,,,,,,,,maintenance,Installation de machines et equipements mecaniques,CONTAMINE-SUR-ARVE,74130,74,,,,KPMG S.A,Commissaire aux comptes titulaire,ca+15|effectif+10|categorie+5|multi-agences+8|anciennete+5|dirigeant+5,https://www.pappers.fr/entreprise/392127502,https://annuaire-entreprises.data.gouv.fr/entreprise/392127502,"https://www.google.com/maps?q=46.135924302,6.3325608905",https://www.google.com/search?q=SAVOISIENNE+EQUIPEMENT+DE+CUISINE+SAVEC+CONTAMINE-SUR-ARVE,https://www.linkedin.com/search/results/companies/?keywords=SAVOISIENNE+EQUIPEMENT+DE+CUISINE+SAVEC,https://www.pagesjaunes.fr/annuaire/chercherlespros?quoiqui=SAVOISIENNE+EQUIPEMENT+DE+CUISINE+SAVEC&ou=CONTAMINE-SUR-ARVE,https://www.societe.com/cgi-bin/search?champs=392127502,,,,20-49,ETI,2,5,8828215,63042,2024,33,1993-07-01,SAS,,1412,FR80392127502,active,392127502,39212750200046,33.20B,108 RUE DE LA FORET 74130 CONTAMINE-SUR-ARVE,46.135924302,6.3325608905,,,,GROUPE  ODICE (Président de SAS),non,oui,2026-08-01,sirene,CONTAMINE-SUR-ARVE
SERIC ALPES DAUPHINE,B,48,a contacter,,,,,,,,,,,,maintenance,Autres travaux d'installation n.c.a.,FLEURIEUX SUR L'ARBRESLE,69210,69,,,,SERIC GROUP,Président de SAS,ca+15|effectif+10|categorie+5|multi-agences+8|anciennete+5|dirigeant+5,https://www.pappers.fr/entreprise/790162234,https://annuaire-entreprises.data.gouv.fr/entreprise/790162234,"https://www.google.com/maps?q=45.827207664,4.6662330497",https://www.google.com/search?q=SERIC+ALPES+DAUPHINE+FLEURIEUX+SUR+L%27ARBRESLE,https://www.linkedin.com/search/results/companies/?keywords=SERIC+ALPES+DAUPHINE,https://www.pagesjaunes.fr/annuaire/chercherlespros?quoiqui=SERIC+ALPES+DAUPHINE&ou=FLEURIEUX+SUR+L%27ARBRESLE,https://www.societe.com/cgi-bin/search?champs=790162234,,,,10-19,PME,2,3,3667617,41460,2024,14,2012-12-20,SAS,,,FR35790162234,active,790162234,79016223400013,43.29B,ZONE ARTISANALE OU ZONE D'ACTIVITE ZA DE MONTEPY 69210 FLEURIEUX SUR L'ARBRESLE,45.827207664,4.6662330497,,,,EXPERIAL AUDITORS (Autre),non,oui,2026-08-07,sirene,FLEURIEUX SUR L'ARBRESLE
SERVICE APRES VENTE NATIONAL,B,48,a contacter,,,,,,,,,,,,maintenance,Reparation de machines et equipements mecaniques,LUCE,28110,28,,,,SACRIA SAS,Président de SAS,ca+15|effectif+10|categorie+5|multi-agences+8|anciennete+5|dirigeant+5,https://www.pappers.fr/entreprise/778156604,https://annuaire-entreprises.data.gouv.fr/entreprise/778156604,"https://www.google.com/maps?q=48.430540628,1.4522493822",https://www.google.com/search?q=SERVICE+APRES+VENTE+NATIONAL+LUCE,https://www.linkedin.com/search/results/companies/?keywords=SERVICE+APRES+VENTE+NATIONAL,https://www.pagesjaunes.fr/annuaire/chercherlespros?quoiqui=SERVICE+APRES+VENTE+NATIONAL&ou=LUCE,https://www.societe.com/cgi-bin/search?champs=778156604,,,,100-199,ETI,2,3,16000606,276845,2024,59,1967-01-01,SAS,,3248,FR21778156604,active,778156604,77815660400069,33.12Z,4 RUE DE LA TAYE 28110 LUCE,48.430540628,1.4522493822,,,,ORCOM H3P AUDIT (Commissaire aux comptes titulaire),non,oui,2026-08-08,sirene,LUCE
SOCIETE ASCENSEURS GUINET NIMES,B,48,a contacter,,,,,,,,,,,,maintenance,Autres travaux d'installation n.c.a.,BEZANNES,51430,51,,,,NICOLAS MARIE FRANCOIS DE LA GORGUE DE ROSNY,Président de SAS,ca+15|effectif+10|categorie+5|multi-agences+8|anciennete+5|dirigeant+5,https://www.pappers.fr/entreprise/353322969,https://annuaire-entreprises.data.gouv.fr/entreprise/353322969,"https://www.google.com/maps?q=49.2182188293095,3.98887689974002",https://www.google.com/search?q=SOCIETE+ASCENSEURS+GUINET+NIMES+BEZANNES,https://www.linkedin.com/search/results/companies/?keywords=SOCIETE+ASCENSEURS+GUINET+NIMES,https://www.pagesjaunes.fr/annuaire/chercherlespros?quoiqui=SOCIETE+ASCENSEURS+GUINET+NIMES&ou=BEZANNES,https://www.societe.com/cgi-bin/search?champs=353322969,,,,10-19,PME,2,4,1270948,22422,2021,36,1990-01-01,SAS,,,FR61353322969,active,353322969,35332296900059,43.29B,10 RUE PIERRE SALMON 51430 BEZANNES,49.2182188293095,3.98887689974002,,,,,non,oui,2026-08-08,sirene,BEZANNES
SOCIETE DES ATELIERS ELECTRIQUES DE L'OUEST,B,48,a contacter,,,,,,,,,,,,maintenance,Reparation d'equipements electriques,PLOUGASTEL-DAOULAS,29470,29,,,,SQUIBAN GROUP,Président de SAS,ca+15|effectif+10|categorie+5|multi-agences+8|anciennete+5|dirigeant+5,https://www.pappers.fr/entreprise/302508585,https://annuaire-entreprises.data.gouv.fr/entreprise/302508585,"https://www.google.com/maps?q=48.3844500977793,-4.35367465806988",https://www.google.com/search?q=SOCIETE+DES+ATELIERS+ELECTRIQUES+DE+L%27OUEST+PLOUGASTEL-DAOULAS,https://www.linkedin.com/search/results/companies/?keywords=SOCIETE+DES+ATELIERS+ELECTRIQUES+DE+L%27OUEST,https://www.pagesjaunes.fr/annuaire/chercherlespros?quoiqui=SOCIETE+DES+ATELIERS+ELECTRIQUES+DE+L%27OUEST&ou=PLOUGASTEL-DAOULAS,https://www.societe.com/cgi-bin/search?champs=302508585,,,,10-19,ETI,2,4,1729800,51514,2019,52,1974-01-01,SAS,,,FR72302508585,active,302508585,30250858500031,33.14Z,ZAC DE TY AR MENEZ 335 RUE ALAIN COLAS 29470 PLOUGASTEL-DAOULAS,48.3844500977793,-4.35367465806988,,,,,non,oui,2026-08-08,sirene,PLOUGASTEL-DAOULAS
TEAM TURBO MACHINES,B,48,a contacter,,,,,,,,,,,,maintenance,Reparation de machines et equipements mecaniques,LA TRINITE-DE-THOUBERVILLE,27310,27,,,,ALESSANDRO CALCAGNO,Administrateur,ca+15|effectif+10|categorie+5|multi-agences+8|anciennete+5|dirigeant+5,https://www.pappers.fr/entreprise/818167272,https://annuaire-entreprises.data.gouv.fr/entreprise/818167272,"https://www.google.com/maps?q=49.357514062,0.8723133624",https://www.google.com/search?q=TEAM+TURBO+MACHINES+LA+TRINITE-DE-THOUBERVILLE,https://www.linkedin.com/search/results/companies/?keywords=TEAM+TURBO+MACHINES,https://www.pagesjaunes.fr/annuaire/chercherlespros?quoiqui=TEAM+TURBO+MACHINES&ou=LA+TRINITE-DE-THOUBERVILLE,https://www.societe.com/cgi-bin/search?champs=818167272,,,,50-99,PME,2,3,19687820,2273717,2024,10,2016-01-01,SAS,,3248,FR54818167272,active,818167272,81816727200017,33.12Z,LIEU DIT LE PETIT NOEL ALL DE CAILLEMARE 27310 LA TRINITE-DE-THOUBERVILLE,49.357514062,0.8723133624,,,,ROBIN OLIVIER LOIC DENEUVILLE (Président de SAS); VALENTIN DOLIGE (Commissaire aux comptes suppléant); ALESSANDRO SABATTINI (Administrateur); DOMENICO SORVILLO (Président du conseil d’administration),non,oui,2026-08-08,sirene,LA TRINITE-DE-THOUBERVILLE
TP FROID ET SERVICES,B,48,a contacter,,,,,,,,,,,,maintenance,Installation de machines et equipements mecaniques,TARBES,65000,65,,,,THIERRY JEAN CHARLES ABADIE (ABADIE),Gérant,ca+15|effectif+10|categorie+5|multi-agences+8|anciennete+5|dirigeant+5,https://www.pappers.fr/entreprise/441288008,https://annuaire-entreprises.data.gouv.fr/entreprise/441288008,"https://www.google.com/maps?q=43.2169448588846,0.0906849857680577",https://www.google.com/search?q=TP+FROID+ET+SERVICES+TARBES,https://www.linkedin.com/search/results/companies/?keywords=TP+FROID+ET+SERVICES,https://www.pagesjaunes.fr/annuaire/chercherlespros?quoiqui=TP+FROID+ET+SERVICES&ou=TARBES,https://www.societe.com/cgi-bin/search?champs=441288008,,,,50-99,ETI,2,5,18581771,534662,2023,24,2002-04-02,SAS,,1412,FR82441288008,active,441288008,44128800800036,33.20B,ZAC KENNEDY CENTRE KENNEDY 65000 TARBES,43.2169448588846,0.0906849857680577,,,,GAEL PIERRE MARIE DAVIDOU (Président de SAS); PATRICK ZURKOWSKI (ZURKOWSKI) (Gérant); OLLIVIER & ASSOCIES (Commissaire aux comptes titulaire),non,oui,2026-08-09,sirene,TARBES
VITRUVE REFRIGERATION,B,48,a contacter,,,,,,,,,,,,maintenance,Installation de machines et equipements mecaniques,VALLAURIS,06220,06,,,,ANNE-MARIE PASCALE BERNARD,Gérant,ca+15|effectif+10|categorie+5|multi-agences+8|anciennete+5|dirigeant+5,https://www.pappers.fr/entreprise/333695427,https://annuaire-entreprises.data.gouv.fr/entreprise/333695427,"https://www.google.com/maps?q=43.595019788,7.0542651517",https://www.google.com/search?q=VITRUVE+REFRIGERATION+VALLAURIS,https://www.linkedin.com/search/results/companies/?keywords=VITRUVE+REFRIGERATION,https://www.pagesjaunes.fr/annuaire/chercherlespros?quoiqui=VITRUVE+REFRIGERATION&ou=VALLAURIS,https://www.societe.com/cgi-bin/search?champs=333695427,,,,20-49,PME,2,7,7034199,291857,2024,41,1985-09-16,SARL,,1412,FR24333695427,active,333695427,33369542700042,33.20B,PORTE 7 FONT DE CINE 1955 CHEMIN SAINT BERNARD 06220 VALLAURIS,43.595019788,7.0542651517,,,,ERIC BENOIT FRADEAUD (Gérant); DANIEL MROCZKO (Commissaire aux comptes suppléant); CABINET SONIA LISNARD (Commissaire aux comptes titulaire),non,oui,2026-08-02,sirene,VALLAURIS
AIS ELEC,B,48,a contacter,,,,,,,,,,,,maintenance,Reparation d'equipements electriques,LA ROCHELLE,17000,17,,,,HECATE ATLANTIQUE,Président de SAS,site+8|ca+15|effectif+10|categorie+5|anciennete+5|dirigeant+5,https://www.pappers.fr/entreprise/517548327,https://annuaire-entreprises.data.gouv.fr/entreprise/517548327,"https://www.google.com/maps?q=46.15583304,-1.211005979",https://www.google.com/search?q=AIS+ELEC+LA+ROCHELLE,https://www.linkedin.com/search/results/companies/?keywords=AIS+ELEC,https://www.pagesjaunes.fr/annuaire/chercherlespros?quoiqui=AIS+ELEC&ou=LA+ROCHELLE,https://www.societe.com/cgi-bin/search?champs=517548327,https://fr.trustpilot.com/review/aiselec.com,,aiselec.com,20-49,PME,1,2,6001977,212937,2024,17,2009-10-01,SAS,,3248,FR40517548327,active,517548327,51754832700025,33.14Z,1 RUE NICOLAS APPERT 17000 LA ROCHELLE,46.15583304,-1.211005979,,,,,oui,oui,2026-08-06,sirene,LA ROCHELLE
ASKCO,B,48,a contacter,,,,,,,,,,,,maintenance,Reparation d'equipements electriques,DARDILLY,69570,69,,,,CHARLEY THIERRY SECHAUD,Directeur Général,site+8|ca+15|effectif+10|categorie+5|anciennete+5|dirigeant+5,https://www.pappers.fr/entreprise/385293311,https://annuaire-entreprises.data.gouv.fr/entreprise/385293311,"https://www.google.com/maps?q=45.8153829537152,4.75935929913946",https://www.google.com/search?q=ASKCO+DARDILLY,https://www.linkedin.com/search/results/companies/?keywords=ASKCO,https://www.pagesjaunes.fr/annuaire/chercherlespros?quoiqui=ASKCO&ou=DARDILLY,https://www.societe.com/cgi-bin/search?champs=385293311,https://fr.trustpilot.com/review/askco.fr,https://www.linkedin.com/company/askco,askco.fr,20-49,PME,1,6,5193252,522948,2024,34,1992-04-29,SAS,,3248,FR09385293311,active,385293311,38529331100069,33.14Z,27 CHEMIN DES PEUPLIERS 69570 DARDILLY,45.8153829537152,4.75935929913946,,,,SAS ORIAL (Commissaire aux comptes titulaire); FINANCIERE DYDESYS (Président de SAS),oui,oui,2026-08-09,sirene,DARDILLY
DOSSOT,B,48,a contacter,,,,,,,,,,,,maintenance,Reparation d'equipements electriques,CHARLEVILLE-MEZIERES,08000,08,,,,STEPHANE PHILIPPE WALKIEWICZ,Directeur Général,site+8|ca+15|effectif+10|categorie+5|anciennete+5|dirigeant+5,https://www.pappers.fr/entreprise/785820911,https://annuaire-entreprises.data.gouv.fr/entreprise/785820911,"https://www.google.com/maps?q=49.761902387,4.7258498873",https://www.google.com/search?q=DOSSOT+CHARLEVILLE-MEZIERES,https://www.linkedin.com/search/results/companies/?keywords=DOSSOT,https://www.pagesjaunes.fr/annuaire/chercherlespros?quoiqui=DOSSOT&ou=CHARLEVILLE-MEZIERES,https://www.societe.com/cgi-bin/search?champs=785820911,https://fr.trustpilot.com/review/dossot.com,,dossot.com,20-49,PME,1,1,4950362,13557,2024,68,1958-01-01,SAS,,3248,FR62785820911,active,785820911,78582091100028,33.14Z,22 RUE DES SOURCES 08000 CHARLEVILLE-MEZIERES,49.761902387,4.7258498873,,,,SAS HERWE (Président de SAS),oui,oui,2026-08-03,sirene,CHARLEVILLE-MEZIERES
HELISA,B,48,a contacter,,,,,,,,,,,,maintenance,Reparation d'equipements electriques,TARASCON-SUR-ARIEGE,09400,09,,,,MVE,Président de SAS,site+8|ca+15|effectif+10|categorie+5|anciennete+5|dirigeant+5,https://www.pappers.fr/entreprise/951303924,https://annuaire-entreprises.data.gouv.fr/entreprise/951303924,"https://www.google.com/maps?q=42.846743069,1.6049561519",https://www.google.com/search?q=HELISA+TARASCON-SUR-ARIEGE,https://www.linkedin.com/search/results/companies/?keywords=HELISA,https://www.pagesjaunes.fr/annuaire/chercherlespros?quoiqui=HELISA&ou=TARASCON-SUR-ARIEGE,https://www.societe.com/cgi-bin/search?champs=951303924,https://fr.trustpilot.com/review/helisa.fr,,helisa.fr,10-19,PME,1,1,2298217,93198,2024,3,2023-04-01,SAS,,3248,FR94951303924,active,951303924,95130392400017,33.14Z,ZI FOURNIE ROUTE DE SAURAT 09400 TARASCON-SUR-ARIEGE,42.846743069,1.6049561519,,,,,oui,oui,2026-08-03,sirene,TARASCON-SUR-ARIEGE
INGETEAM,B,48,a contacter,,,,,,,,,,,,maintenance,"Installation d'equipements electriques, de materiels electroniques et optiques ou d'autres materiels",LABEGE,31670,31,,,,ARTURO CORDOBA RUIZ,Autre,site+8|ca+15|effectif+10|categorie+5|anciennete+5|dirigeant+5,https://www.pappers.fr/entreprise/522082528,https://annuaire-entreprises.data.gouv.fr/entreprise/522082528,"https://www.google.com/maps?q=43.5510270311954,1.50067323566013",https://www.google.com/search?q=INGETEAM+LABEGE,https://www.linkedin.com/search/results/companies/?keywords=INGETEAM,https://www.pagesjaunes.fr/annuaire/chercherlespros?quoiqui=INGETEAM&ou=LABEGE,https://www.societe.com/cgi-bin/search?champs=522082528,https://fr.trustpilot.com/review/ingeteam.org,,ingeteam.org,50-99,PME,1,3,15580559,904246,2024,16,2010-04-01,SAS,,0573,FR42522082528,active,522082528,52208252800020,33.20D,PARC INNOPOLE LE NAUROUZE B5 140 RUE CARMIN 31670 LABEGE,43.5510270311954,1.50067323566013,,,,ANDER GANDIAGA OSORO (Président de SAS); PATRICE ANDRE CASAMAYOU (GANDIAGA OSORO) (Directeur Général); MIKEL GARAIKOETXEA MINA (Autre); ANDER GIANDIAGA OSORO (GIANDIAGA OSORO) (Président de SAS),oui,oui,2026-08-09,sirene,LABEGE
MECALOR,B,48,a contacter,,,,,,,,,,,,maintenance,Reparation de machines et equipements mecaniques,LE HAILLAN,33185,33,,,,JEAN-PIERRE PUIROUX (PUIROUX),Gérant,site+8|ca+15|effectif+10|categorie+5|anciennete+5|dirigeant+5,https://www.pappers.fr/entreprise/400560777,https://annuaire-entreprises.data.gouv.fr/entreprise/400560777,"https://www.google.com/maps?q=44.8593490153002,-0.679062041634167",https://www.google.com/search?q=MECALOR+LE+HAILLAN,https://www.linkedin.com/search/results/companies/?keywords=MECALOR,https://www.pagesjaunes.fr/annuaire/chercherlespros?quoiqui=MECALOR&ou=LE+HAILLAN,https://www.societe.com/cgi-bin/search?champs=400560777,https://fr.trustpilot.com/review/mecalor.fr,,mecalor.fr,10-19,PME,1,6,3235156,29149,2021,31,1995-04-04,SARL,,3248,FR74400560777,active,400560777,40056077700064,33.12Z,6 RUE GALILEE 33185 LE HAILLAN,44.8593490153002,-0.679062041634167,,,,,oui,oui,2026-08-10,sirene,LE HAILLAN
BEMTS,B,47,a contacter,,,,,,,,,,,,maintenance,Reparation d'equipements electriques,LA COURONNE,16400,16,05 45 90 50 04,bemts@wanadoo.fr,mx_ok,ALEXANDRINE JARDEL (GADZIALA),Gérant,email+12|tel+10|effectif+10|categorie+5|anciennete+5|dirigeant+5,https://www.pappers.fr/entreprise/317575819,https://annuaire-entreprises.data.gouv.fr/entreprise/317575819,"https://www.google.com/maps?q=45.626945034,0.0752540575",https://www.google.com/search?q=BEMTS+LA+COURONNE,https://www.linkedin.com/search/results/companies/?keywords=BEMTS,https://www.pagesjaunes.fr/annuaire/chercherlespros?quoiqui=BEMTS&ou=LA+COURONNE,https://www.societe.com/cgi-bin/search?champs=317575819,https://fr.trustpilot.com/review/bemts.com,,bemts.com,10-19,PME,1,2,,46482,2025,47,1979-01-01,SARL,,3248,FR65317575819,active,317575819,31757581900022,33.14Z,1 ROUTE D'ANGOULEME 16400 LA COURONNE,45.626945034,0.0752540575,site,oui,,BRIGITTE SANDRINE JARDEL (GADZIALA) (Gérant),oui,oui,2026-08-06,sirene,LA COURONNE
CABROL,B,47,a contacter,,,,,,,,,,,,maintenance,Reparation de machines et equipements mecaniques,CASTELNAU-DE-GUERS,34120,34,05 63 61 38 71,jean.dupont@gmail.com,mx_ok,JEAN-LOUIS CABROL,Gérant,email+12|tel+10|effectif+10|categorie+5|anciennete+5|dirigeant+5,https://www.pappers.fr/entreprise/800815615,https://annuaire-entreprises.data.gouv.fr/entreprise/800815615,"https://www.google.com/maps?q=43.437961848,3.438625781",https://www.google.com/search?q=CABROL+CASTELNAU-DE-GUERS,https://www.linkedin.com/search/results/companies/?keywords=CABROL,https://www.pagesjaunes.fr/annuaire/chercherlespros?quoiqui=CABROL&ou=CASTELNAU-DE-GUERS,https://www.societe.com/cgi-bin/search?champs=800815615,https://fr.trustpilot.com/review/cabrol.fr,https://www.linkedin.com/company/10991273,cabrol.fr,10-19,PME,1,1,,,2023,12,2014-03-01,SARL,,1404,FR36800815615,active,800815615,80081561500011,33.12Z,5 AVENUE DE LA FABRIQUE 34120 CASTELNAU-DE-GUERS,43.437961848,3.438625781,site,oui,,,oui,oui,2026-08-10,sirene,CASTELNAU-DE-GUERS
CHAPUIS FRERES,B,47,a contacter,,,,,,,,,,,,maintenance,Reparation de machines et equipements mecaniques,SAINT-MARC-SUR-SEINE,21450,21,06 89 56 05 12,r.chapuis@chapuisfreres.fr,mx_ok,ALEXIS HENRI GABRIEL ANDRÉ CHAPUIS,Directeur Général,email+12|tel+10|effectif+10|categorie+5|anciennete+5|dirigeant+5,https://www.pappers.fr/entreprise/341279362,https://annuaire-entreprises.data.gouv.fr/entreprise/341279362,"https://www.google.com/maps?q=47.698663084,4.6047185741",https://www.google.com/search?q=CHAPUIS+FRERES+SAINT-MARC-SUR-SEINE,https://www.linkedin.com/search/results/companies/?keywords=CHAPUIS+FRERES,https://www.pagesjaunes.fr/annuaire/chercherlespros?quoiqui=CHAPUIS+FRERES&ou=SAINT-MARC-SUR-SEINE,https://www.societe.com/cgi-bin/search?champs=341279362,https://fr.trustpilot.com/review/chapuisfreres.fr,,chapuisfreres.fr,10-19,PME,1,1,,248524,2024,39,1987-01-25,SAS,,1404,FR91341279362,active,341279362,34127936200014,33.12Z,7 RTE DE MAGNY LAMBERT 21450 SAINT-MARC-SUR-SEINE,47.698663084,4.6047185741,site,non,,CAROLINE JANINE MARCELLE CHAPUIS (Président de SAS),oui,oui,2026-08-07,sirene,SAINT-MARC-SUR-SEINE
DSTP FRANCE,B,47,a contacter,,,,,,,,,,,,maintenance,Reparation de machines et equipements mecaniques,MARTILLAC,33650,33,05 32 00 20 21,commerce@dstp-france.com,mx_ok,ANTONIO DE OLIVEIRA (DE OLIVEIRA),Gérant,email+12|tel+10|effectif+10|categorie+5|anciennete+5|dirigeant+5,https://www.pappers.fr/entreprise/499127447,https://annuaire-entreprises.data.gouv.fr/entreprise/499127447,"https://www.google.com/maps?q=44.720785394,-0.532844348",https://www.google.com/search?q=DSTP+FRANCE+MARTILLAC,https://www.linkedin.com/search/results/companies/?keywords=DSTP+FRANCE,https://www.pagesjaunes.fr/annuaire/chercherlespros?quoiqui=DSTP+FRANCE&ou=MARTILLAC,https://www.societe.com/cgi-bin/search?champs=499127447,https://fr.trustpilot.com/review/dstpfrance.com,,dstpfrance.com,10-19,PME,1,3,,16884,2024,19,2007-07-02,SARL,,1404,FR46499127447,active,499127447,49912744700039,33.12Z,ZA LAGRANGE CHEMIN DE LA CANAVE 33650 MARTILLAC,44.720785394,-0.532844348,site,non,,,oui,oui,2026-08-10,sirene,MARTILLAC
MP SERVICES,B,47,a contacter,,,,,,,,,,,,maintenance,Reparation de machines et equipements mecaniques,DAGNEUX,01120,01,04 78 49 43 80,societe@mpservices.fr,mx_ok,LAETITIA ODETTE SOUBEYRAN (MARTINET),Gérant,email+12|tel+10|effectif+10|categorie+5|anciennete+5|dirigeant+5,https://www.pappers.fr/entreprise/388439689,https://annuaire-entreprises.data.gouv.fr/entreprise/388439689,"https://www.google.com/maps?q=45.838793732243,5.06435036537197",https://www.google.com/search?q=MP+SERVICES+DAGNEUX,https://www.linkedin.com/search/results/companies/?keywords=MP+SERVICES,https://www.pagesjaunes.fr/annuaire/chercherlespros?quoiqui=MP+SERVICES&ou=DAGNEUX,https://www.societe.com/cgi-bin/search?champs=388439689,https://fr.trustpilot.com/review/mpservices.fr,,mpservices.fr,10-19,PME,1,2,,91641,2024,34,1992-08-01,SARL,,3248,FR73388439689,active,388439689,38843968900026,33.12Z,259 RUE DES CHARTINIERES 01120 DAGNEUX,45.838793732243,5.06435036537197,site,non,,,oui,oui,2026-08-01,sirene,DAGNEUX
SOREMAT,B,47,a contacter,,,,,,,,,,,,maintenance,Reparation de machines et equipements mecaniques,CREUZIER-LE-VIEUX,03300,03,07 27 15 07 42,message@soremat.fr,mx_ok,ERIC BRUN,Président de SAS,email+12|tel+10|effectif+10|categorie+5|anciennete+5|dirigeant+5,https://www.pappers.fr/entreprise/391399086,https://annuaire-entreprises.data.gouv.fr/entreprise/391399086,"https://www.google.com/maps?q=46.163815721,3.4153587786",https://www.google.com/search?q=SOREMAT+CREUZIER-LE-VIEUX,https://www.linkedin.com/search/results/companies/?keywords=SOREMAT,https://www.pagesjaunes.fr/annuaire/chercherlespros?quoiqui=SOREMAT&ou=CREUZIER-LE-VIEUX,https://www.societe.com/cgi-bin/search?champs=391399086,https://fr.trustpilot.com/review/soremat.fr,https://www.linkedin.com/company/soremat-sas,soremat.fr,10-19,PME,1,3,,665576,2024,33,1993-05-05,SAS,,3248,FR48391399086,active,391399086,39139908600035,33.12Z,VICHY-RHUE RUE DU SERGENT BOURDEAUX 03300 CREUZIER-LE-VIEUX,46.163815721,3.4153587786,site,non,support@monarobase.net,PHILIPPE JEAN PIERRE MONTAGNIER (Directeur Général),oui,oui,2026-08-02,sirene,CREUZIER-LE-VIEUX
SOPROMAT,B,46,a contacter,,,,,,,,,,,,maintenance,Reparation d'equipements electriques,BEZONS,95870,95,,,,PHILIPPE RAOUL SCEMAMA,Directeur Général,site+8|effectif+10|categorie+5|multi-agences+8|anciennete+5|dirigeant+5|labels+5,https://www.pappers.fr/entreprise/311668347,https://annuaire-entreprises.data.gouv.fr/entreprise/311668347,"https://www.google.com/maps?q=48.9203929294176,2.2172295107795",https://www.google.com/search?q=SOPROMAT+BEZONS,https://www.linkedin.com/search/results/companies/?keywords=SOPROMAT,https://www.pagesjaunes.fr/annuaire/chercherlespros?quoiqui=SOPROMAT&ou=BEZONS,https://www.societe.com/cgi-bin/search?champs=311668347,https://fr.trustpilot.com/review/sopromat.org,,sopromat.org,20-49,ETI,3,10,,,,49,1977-01-01,SAS,"Qualiopi, Organisme de formation",0573,FR34311668347,active,311668347,31166834700108,33.14Z,11 RUE DE LA PATURE 95870 BEZONS,48.9203929294176,2.2172295107795,,,,"RENALD SCEMAMA (Président de SAS); ""THIERRY MOREL ET ASSOCIES"" (Commissaire aux comptes suppléant); ADELYA (Président de SAS); A.C.G AUDIT (Commissaire aux comptes titulaire)",oui,oui,2026-08-04,sirene,BEZONS
WARTSILA FRANCE SAS,B,45,a contacter,,,,,,,,,,,,maintenance,Reparation de machines et equipements mecaniques,MULHOUSE,68100,68,,availablelanguages@odata.type,no_mx,JEAN MICHEL KUBBINGA,Président de SAS,email+12|effectif+10|categorie+5|multi-agences+8|anciennete+5|dirigeant+5,https://www.pappers.fr/entreprise/946650686,https://annuaire-entreprises.data.gouv.fr/entreprise/946650686,"https://www.google.com/maps?q=47.744384674048,7.34690003644411",https://www.google.com/search?q=WARTSILA+FRANCE+SAS+MULHOUSE,https://www.linkedin.com/search/results/companies/?keywords=WARTSILA+FRANCE+SAS,https://www.pagesjaunes.fr/annuaire/chercherlespros?quoiqui=WARTSILA+FRANCE+SAS&ou=MULHOUSE,https://www.societe.com/cgi-bin/search?champs=946650686,https://fr.trustpilot.com/review/wartsilafrance.com,https://www.linkedin.com/company/wartsila,wartsilafrance.com,250-499,ETI,6,27,226392000,12242000,2024,60,1966-01-01,SAS,,3248,FR38946650686,active,946650686,94665068600375,33.12Z,28 RUE CARL HACK 68100 MULHOUSE,47.744384674048,7.34690003644411,site,non,rootid@odata.type,PRICE WATERHOUSE COOPERS AUDIT (Commissaire aux comptes titulaire),oui,oui,2026-08-04,sirene,MULHOUSE
ALARME SECURITE OCCITANIE,B,45,a contacter,,,,,,,,,,,,maintenance,Autres travaux d'installation n.c.a.,CUGNAUX,31270,31,,,,ARKHE GROUP,Président de SAS,ca+15|effectif+10|categorie+5|anciennete+5|dirigeant+5|labels+5,https://www.pappers.fr/entreprise/341702397,https://annuaire-entreprises.data.gouv.fr/entreprise/341702397,"https://www.google.com/maps?q=43.5360489118617,1.35831012811764",https://www.google.com/search?q=ALARME+SECURITE+OCCITANIE+CUGNAUX,https://www.linkedin.com/search/results/companies/?keywords=ALARME+SECURITE+OCCITANIE,https://www.pagesjaunes.fr/annuaire/chercherlespros?quoiqui=ALARME+SECURITE+OCCITANIE&ou=CUGNAUX,https://www.societe.com/cgi-bin/search?champs=341702397,,,,50-99,PME,1,5,8885706,102168,2024,39,1987-07-06,SAS,RGE,9999,FR48341702397,active,341702397,34170239700058,43.29B,7 RUE ALFRED SAUVY 31270 CUGNAUX,43.5360489118617,1.35831012811764,,,,,non,oui,2026-08-09,sirene,CUGNAUX
APPLICATION DU GENIE CLIMATIQUE,B,45,a contacter,,,,,,,,,,,,maintenance,Installation de machines et equipements mecaniques,PERRIGNY-LES-DIJON,21160,21,,,,HERVÉ JEAN PIERRE LOHÉAC,Président de SAS,ca+15|effectif+10|categorie+5|anciennete+5|dirigeant+5|labels+5,https://www.pappers.fr/entreprise/343294492,https://annuaire-entreprises.data.gouv.fr/entreprise/343294492,"https://www.google.com/maps?q=47.27305538,5.0060921878",https://www.google.com/search?q=APPLICATION+DU+GENIE+CLIMATIQUE+PERRIGNY-LES-DIJON,https://www.linkedin.com/search/results/companies/?keywords=APPLICATION+DU+GENIE+CLIMATIQUE,https://www.pagesjaunes.fr/annuaire/chercherlespros?quoiqui=APPLICATION+DU+GENIE+CLIMATIQUE&ou=PERRIGNY-LES-DIJON,https://www.societe.com/cgi-bin/search?champs=343294492,,,,20-49,ETI,1,5,3401875,-291955,2017,39,1987-12-31,SAS,RGE,1412,FR53343294492,active,343294492,34329449200032,33.20B,9 RUE DU VIGNERY 21160 PERRIGNY-LES-DIJON,47.27305538,5.0060921878,,,,OLLIVIER & ASSOCIES (Commissaire aux comptes titulaire),non,oui,2026-08-07,sirene,PERRIGNY-LES-DIJON
D M A E FRANCE,B,45,a contacter,,,,,,,,,,,,maintenance,Reparation de materiels electroniques et optiques,GASVILLE-OISEME,28300,28,,contact@dmaefrance.fr,mx_ok,CAMILLE HELENE CHARLOTTE BOUKHARI (TOURNEUX),Gérant,email+20|effectif+10|categorie+5|anciennete+5|dirigeant+5,https://www.pappers.fr/entreprise/384889184,https://annuaire-entreprises.data.gouv.fr/entreprise/384889184,"https://www.google.com/maps?q=48.465390671,1.534307617",https://www.google.com/search?q=D+M+A+E+FRANCE+GASVILLE-OISEME,https://www.linkedin.com/search/results/companies/?keywords=D+M+A+E+FRANCE,https://www.pagesjaunes.fr/annuaire/chercherlespros?quoiqui=D+M+A+E+FRANCE&ou=GASVILLE-OISEME,https://www.societe.com/cgi-bin/search?champs=384889184,https://fr.trustpilot.com/review/dmaefrance.fr,,dmaefrance.fr,10-19,PME,1,3,,31347,2021,34,1992-04-02,SARL,,"9999, 3248",FR31384889184,active,384889184,38488918400030,33.13Z,ZA DU BREHARET 9 RUE DES TOURELLES 28300 GASVILLE-OISEME,48.465390671,1.534307617,site-generique,non,,,oui,oui,2026-08-08,sirene,GASVILLE-OISEME
DOPPELMAYR FRANCE,B,45,a contacter,,,,,,,,,,,,maintenance,Installation de machines et equipements mecaniques,MODANE,73500,73,,,,CLÉMENT NECTOUX,Directeur Général,ca+15|effectif+10|categorie+5|anciennete+5|dirigeant+5|labels+5,https://www.pappers.fr/entreprise/342130887,https://annuaire-entreprises.data.gouv.fr/entreprise/342130887,"https://www.google.com/maps?q=45.2084375282489,6.68479066901228",https://www.google.com/search?q=DOPPELMAYR+FRANCE+MODANE,https://www.linkedin.com/search/results/companies/?keywords=DOPPELMAYR+FRANCE,https://www.pagesjaunes.fr/annuaire/chercherlespros?quoiqui=DOPPELMAYR+FRANCE&ou=MODANE,https://www.societe.com/cgi-bin/search?champs=342130887,,,,50-99,PME,1,2,69745985,3493453,2024,39,1987-08-07,SAS,"Qualiopi, Organisme de formation",3248,FR74342130887,active,342130887,34213088700025,33.20B,POLE INDUSTR FREJUS SAINT GOBAIN 73500 MODANE,45.2084375282489,6.68479066901228,,,,BERNARD TEILLER (Président de SAS); DEREPAS SASSO ORGANISATION (Commissaire aux comptes titulaire),non,oui,2026-08-03,sirene,MODANE
ECO SUD SYSTEMES,B,45,a contacter,,,,,,,,,,,,maintenance,Installation de machines et equipements mecaniques,MAUGUIO,34130,34,,contact@ecosudsystemes.fr,mx_ok,CHRISTIAN BOGALHO (BOGALHO),Gérant,email+20|effectif+10|categorie+5|anciennete+5|dirigeant+5,https://www.pappers.fr/entreprise/510610397,https://annuaire-entreprises.data.gouv.fr/entreprise/510610397,"https://www.google.com/maps?q=43.6264234014949,4.01458185839352",https://www.google.com/search?q=ECO+SUD+SYSTEMES+MAUGUIO,https://www.linkedin.com/search/results/companies/?keywords=ECO+SUD+SYSTEMES,https://www.pagesjaunes.fr/annuaire/chercherlespros?quoiqui=ECO+SUD+SYSTEMES&ou=MAUGUIO,https://www.societe.com/cgi-bin/search?champs=510610397,https://fr.trustpilot.com/review/ecosudsystemes.fr,,ecosudsystemes.fr,20-49,PME,1,2,,-720999,2024,17,2009-02-13,SARL,,1412,FR25510610397,active,510610397,51061039700026,33.20B,ZONE DE LA LOUVADE 114 RUE MERLOT 34130 MAUGUIO,43.6264234014949,4.01458185839352,site-generique,non,,CHRISTIAN BOGALHO (Gérant),oui,oui,2026-08-10,sirene,MAUGUIO
MIRADEC,B,45,a contacter,,,,,,,,,,,,maintenance,"Installation d'equipements electriques, de materiels electroniques et optiques ou d'autres materiels",CARAMAN,31460,31,,contact@miradec.com,mx_ok,NATHAN CHRIS JEAN LACHENKO (LACHENKO),Gérant,email+20|effectif+10|categorie+5|anciennete+5|dirigeant+5,https://www.pappers.fr/entreprise/799171632,https://annuaire-entreprises.data.gouv.fr/entreprise/799171632,"https://www.google.com/maps?q=43.526384666,1.7639533097",https://www.google.com/search?q=MIRADEC+CARAMAN,https://www.linkedin.com/search/results/companies/?keywords=MIRADEC,https://www.pagesjaunes.fr/annuaire/chercherlespros?quoiqui=MIRADEC&ou=CARAMAN,https://www.societe.com/cgi-bin/search?champs=799171632,https://fr.trustpilot.com/review/miradec.com,,miradec.com,10-19,PME,1,2,,30059,2024,13,2013-07-01,SARL,,3248,FR52799171632,active,799171632,79917163200026,33.20D,6 LOTISSEMENT LASSERRE 31460 CARAMAN,43.526384666,1.7639533097,site-generique,non,,PASCAL LACHENKO (LACHENKO) (Gérant); PASCAL PIERRE ERIC LACHENKO (Gérant),oui,oui,2026-08-09,sirene,CARAMAN
MONDIAL FRIGO-IFC,B,45,a contacter,,,,,,,,,,,,maintenance,Installation de machines et equipements mecaniques,SAINT-PRIEST,69800,69,,,,YANNIS LAROCHE,Directeur Général,ca+15|effectif+10|categorie+5|anciennete+5|dirigeant+5|labels+5,https://www.pappers.fr/entreprise/342751690,https://annuaire-entreprises.data.gouv.fr/entreprise/342751690,"https://www.google.com/maps?q=45.7089195524159,4.92495559990316",https://www.google.com/search?q=MONDIAL+FRIGO-IFC+SAINT-PRIEST,https://www.linkedin.com/search/results/companies/?keywords=MONDIAL+FRIGO-IFC,https://www.pagesjaunes.fr/annuaire/chercherlespros?quoiqui=MONDIAL+FRIGO-IFC&ou=SAINT-PRIEST,https://www.societe.com/cgi-bin/search?champs=342751690,,,,250-499,ETI,1,11,58327261,647655,2024,39,1987-10-15,SAS,RGE,1412,FR83342751690,active,342751690,34275169000120,33.20B,PARC D AFFAIRES LA BANDONNIERE  5 ET 7 5 RUE MAURICE AUDIBERT 69800 SAINT-PRIEST,45.7089195524159,4.92495559990316,,,,DOMINGO VIZCAINO (VIZCAINO FERNANDEZ) (Président du conseil de surveillance); AESE (Commissaire aux comptes titulaire); AUDIT ASSISTANCE ASSOCIES (Commissaire aux comptes titulaire); CABINET JACQUES BERLIOZ (Commissaire aux comptes suppléant),non,oui,2026-08-05,sirene,SAINT-PRIEST
OSMOSE,B,45,a contacter,,,,,,,,,,,,maintenance,Installation de machines et equipements mecaniques,ROQUEFORT-LES-PINS,06330,06,,contact@osmose.fr,mx_ok,CORINNE TORRES (CHEYREZI),Président de SAS,email+20|effectif+10|categorie+5|anciennete+5|dirigeant+5,https://www.pappers.fr/entreprise/432530053,https://annuaire-entreprises.data.gouv.fr/entreprise/432530053,"https://www.google.com/maps?q=43.663140719,7.0550640136",https://www.google.com/search?q=OSMOSE+ROQUEFORT-LES-PINS,https://www.linkedin.com/search/results/companies/?keywords=OSMOSE,https://www.pagesjaunes.fr/annuaire/chercherlespros?quoiqui=OSMOSE&ou=ROQUEFORT-LES-PINS,https://www.societe.com/cgi-bin/search?champs=432530053,https://fr.trustpilot.com/review/osmose.fr,,osmose.fr,20-49,PME,1,2,,727065,2024,26,2000-07-31,SAS,,1412,FR25432530053,active,432530053,43253005300029,33.20B,LES GALERIES DE BEAUMON QUA BEAUMON 06330 ROQUEFORT-LES-PINS,43.663140719,7.0550640136,site-generique,non,,,oui,oui,2026-08-03,sirene,ROQUEFORT-LES-PINS
RICHARD FROID ET CLIMATISATION,B,45,a contacter,,,,,,,,,,,,maintenance,Installation de machines et equipements mecaniques,MAINVILLIERS,28300,28,,,,MICHAËL DEHOUL,Directeur Général,ca+15|effectif+10|categorie+5|anciennete+5|dirigeant+5|labels+5,https://www.pappers.fr/entreprise/401217088,https://annuaire-entreprises.data.gouv.fr/entreprise/401217088,"https://www.google.com/maps?q=48.450658604,1.4470297885",https://www.google.com/search?q=RICHARD+FROID+ET+CLIMATISATION+MAINVILLIERS,https://www.linkedin.com/search/results/companies/?keywords=RICHARD+FROID+ET+CLIMATISATION,https://www.pagesjaunes.fr/annuaire/chercherlespros?quoiqui=RICHARD+FROID+ET+CLIMATISATION&ou=MAINVILLIERS,https://www.societe.com/cgi-bin/search?champs=401217088,,,,10-19,PME,1,2,2949745,146904,2024,31,1995-06-01,SAS,RGE,1412,FR04401217088,active,401217088,40121708800020,33.20B,RUE DES CLOSEAUX 28300 MAINVILLIERS,48.450658604,1.4470297885,,,,CONSTANCE LAMBAY (GATEAU) (Président de SAS),non,oui,2026-08-08,sirene,MAINVILLIERS
SAFNOR APPAREIL FRIGORIF NORM,B,45,a contacter,,,,,,,,,,,,maintenance,Installation de machines et equipements mecaniques,VERSON,14790,14,,,,PASCAL MASSOT,Directeur Général,ca+15|effectif+10|categorie+5|anciennete+5|dirigeant+5|labels+5,https://www.pappers.fr/entreprise/593820046,https://annuaire-entreprises.data.gouv.fr/entreprise/593820046,"https://www.google.com/maps?q=49.1510575623509,-0.473046999678829",https://www.google.com/search?q=SAFNOR+APPAREIL+FRIGORIF+NORM+VERSON,https://www.linkedin.com/search/results/companies/?keywords=SAFNOR+APPAREIL+FRIGORIF+NORM,https://www.pagesjaunes.fr/annuaire/chercherlespros?quoiqui=SAFNOR+APPAREIL+FRIGORIF+NORM&ou=VERSON,https://www.societe.com/cgi-bin/search?champs=593820046,,,,10-19,PME,1,2,2386314,63555,2024,71,1955-01-01,SAS,RGE,"9999, 1412",FR54593820046,active,593820046,59382004600054,33.20B,435 RUE DE L'AVENIR 14790 VERSON,49.1510575623509,-0.473046999678829,,,,PASCAL SAVOURAY (Président de SAS),non,oui,2026-08-06,sirene,VERSON
VINI-SOLUTIONS,B,45,a contacter,,,,,,,,,,,,maintenance,Reparation de machines et equipements mecaniques,VAL-DE-COGNAC,16370,16,,contact@vinisolutions.com,mx_ok,MICKAEL HOUDAYER (HOUDAYER),Gérant,email+20|effectif+10|categorie+5|anciennete+5|dirigeant+5,https://www.pappers.fr/entreprise/538672486,https://annuaire-entreprises.data.gouv.fr/entreprise/538672486,"https://www.google.com/maps?q=45.756110334,-0.392673577",https://www.google.com/search?q=VINI-SOLUTIONS+VAL-DE-COGNAC,https://www.linkedin.com/search/results/companies/?keywords=VINI-SOLUTIONS,https://www.pagesjaunes.fr/annuaire/chercherlespros?quoiqui=VINI-SOLUTIONS&ou=VAL-DE-COGNAC,https://www.societe.com/cgi-bin/search?champs=538672486,https://fr.trustpilot.com/review/vinisolutions.com,,vinisolutions.com,10-19,PME,1,2,,-128939,2024,15,2011-12-14,SARL,,1404,FR89538672486,active,538672486,53867248600023,33.12Z,5 RUE DU PLATEAU 16370 VAL-DE-COGNAC,45.756110334,-0.392673577,site-generique,non,,MICKAEL CLAUDE RENE HOUDAYER (Gérant); PIERRE MORVAN (MORVAN) (Gérant); PIERRE BARNABE MORVAN (Gérant),oui,oui,2026-08-06,sirene,VAL-DE-COGNAC
WEINIG HOLZ-HER FRANCE SARL,B,45,a contacter,,,,,,,,,,,,maintenance,Reparation de machines et equipements mecaniques,BRUNSTATT-DIDENHEIM,68350,68,,,,CORALIE BRECH,Commissaire aux comptes titulaire,ca+15|effectif+10|categorie+5|anciennete+5|dirigeant+5|labels+5,https://www.pappers.fr/entreprise/415010610,https://annuaire-entreprises.data.gouv.fr/entreprise/415010610,"https://www.google.com/maps?q=47.725951979,7.2900989906",https://www.google.com/search?q=WEINIG+HOLZ-HER+FRANCE+SARL+BRUNSTATT-DIDENHEIM,https://www.linkedin.com/search/results/companies/?keywords=WEINIG+HOLZ-HER+FRANCE+SARL,https://www.pagesjaunes.fr/annuaire/chercherlespros?quoiqui=WEINIG+HOLZ-HER+FRANCE+SARL&ou=BRUNSTATT-DIDENHEIM,https://www.societe.com/cgi-bin/search?champs=415010610,,,,20-49,PME,1,2,6678072,-99878,2023,28,1998-01-01,SARL,"Qualiopi, Organisme de formation",0573,FR79415010610,active,415010610,41501061000020,33.12Z,7 AV DE STRASBOURG 68350 BRUNSTATT-DIDENHEIM,47.725951979,7.2900989906,,,,GUILLAUME HAEGY (Commissaire aux comptes suppléant); PASCAL RENEVIER (Gérant),non,oui,2026-08-07,sirene,BRUNSTATT-DIDENHEIM
ALFYMA INDUSTRIE,B,43,a contacter,,,,,,,,,,,,maintenance,Installation de machines et equipements mecaniques,BAILLY-ROMAINVILLIERS,77700,77,,,,PATRICK KASMI,Commissaire aux comptes suppléant,ca+15|effectif+10|categorie+5|multi-agences+8|dirigeant+5,https://www.pappers.fr/entreprise/301918447,https://annuaire-entreprises.data.gouv.fr/entreprise/301918447,"https://www.google.com/maps?q=48.8408004,2.7975114718",https://www.google.com/search?q=ALFYMA+INDUSTRIE+BAILLY-ROMAINVILLIERS,https://www.linkedin.com/search/results/companies/?keywords=ALFYMA+INDUSTRIE,https://www.pagesjaunes.fr/annuaire/chercherlespros?quoiqui=ALFYMA+INDUSTRIE&ou=BAILLY-ROMAINVILLIERS,https://www.societe.com/cgi-bin/search?champs=301918447,,,,20-49,ETI,3,10,20217318,1976743,2024,126,1900-01-01,SAS,,3248,FR05301918447,active,301918447,30191844700063,33.20B,ZAC DU PRIEURE 17 AVENUE CHRISTIAN DOPPLER 77700 BAILLY-ROMAINVILLIERS,48.8408004,2.7975114718,,,,SILVA INVESTISSEMENTS (Président de SAS); AO2C AUDIT (Commissaire aux comptes titulaire),non,oui,2026-08-09,sirene,BAILLY-ROMAINVILLIERS
AGIPUB,B,43,a contacter,,,,,,,,,,,,maintenance,Autres travaux d'installation n.c.a.,BESANCON,25000,25,03 81 48 51 56,,,MARIE DOMINIQUE CATHERINE FERNANDEZ (BLANCHON),Président de SAS,site+8|tel+10|effectif+10|categorie+5|anciennete+5|dirigeant+5,https://www.pappers.fr/entreprise/489136168,https://annuaire-entreprises.data.gouv.fr/entreprise/489136168,"https://www.google.com/maps?q=47.2320531276235,5.96987429074232",https://www.google.com/search?q=AGIPUB+BESANCON,https://www.linkedin.com/search/results/companies/?keywords=AGIPUB,https://www.pagesjaunes.fr/annuaire/chercherlespros?quoiqui=AGIPUB&ou=BESANCON,https://www.societe.com/cgi-bin/search?champs=489136168,https://fr.trustpilot.com/review/agipub.fr,,agipub.fr,10-19,PME,1,2,,55024,2023,20,2006-03-08,SAS,,3248,FR82489136168,active,489136168,48913616800023,43.29B,32 RUE THOMAS EDISON 25000 BESANCON,47.2320531276235,5.96987429074232,,,,MARIE-DOMINIQUE CATHERINE FERNANDEZ (BLANCHON) (Président de SAS),oui,oui,2026-08-07,sirene,BESANCON
JDI MONTAGE,B,43,a contacter,,,,,,,,,,,,maintenance,Autres travaux d'installation n.c.a.,TOURNON-SUR-RHONE,07300,07,06 74 42 01 86,,,JDI EVOLUTION,Président de SAS,site+8|tel+10|effectif+10|categorie+5|anciennete+5|dirigeant+5,https://www.pappers.fr/entreprise/815254321,https://annuaire-entreprises.data.gouv.fr/entreprise/815254321,"https://www.google.com/maps?q=45.058588065,4.8510075698",https://www.google.com/search?q=JDI+MONTAGE+TOURNON-SUR-RHONE,https://www.linkedin.com/search/results/companies/?keywords=JDI+MONTAGE,https://www.pagesjaunes.fr/annuaire/chercherlespros?quoiqui=JDI+MONTAGE&ou=TOURNON-SUR-RHONE,https://www.societe.com/cgi-bin/search?champs=815254321,https://fr.trustpilot.com/review/jdimontage.com,,jdimontage.com,10-19,PME,1,2,,109768,2024,10,2016-01-01,SAS,,"1596, 2609",FR28815254321,active,815254321,81525432100020,43.29B,660 CHEMIN DES GIRONDES 07300 TOURNON-SUR-RHONE,45.058588065,4.8510075698,,,,,oui,oui,2026-08-03,sirene,TOURNON-SUR-RHONE
MEKKA,B,43,a contacter,,,,,,,,,,,,maintenance,Reparation de machines et equipements mecaniques,BEAUTOR,02800,02,09 61 03 66 82,,,MOHAMED KOULOUH (KOULOUH),Président de SAS,site+8|tel+10|effectif+10|categorie+5|anciennete+5|dirigeant+5,https://www.pappers.fr/entreprise/482493541,https://annuaire-entreprises.data.gouv.fr/entreprise/482493541,"https://www.google.com/maps?q=49.6509361757458,3.33639980226949",https://www.google.com/search?q=MEKKA+BEAUTOR,https://www.linkedin.com/search/results/companies/?keywords=MEKKA,https://www.pagesjaunes.fr/annuaire/chercherlespros?quoiqui=MEKKA&ou=BEAUTOR,https://www.societe.com/cgi-bin/search?champs=482493541,https://fr.trustpilot.com/review/mekka.fr,,mekka.fr,10-19,PME,1,2,,41713,2024,21,2005-05-17,SAS,,3248,FR75482493541,active,482493541,48249354100023,33.12Z,20 RUE MOINET 02800 BEAUTOR,49.6509361757458,3.33639980226949,,,,CLARTE AUDIT CONSULTANT (Commissaire aux comptes titulaire),oui,oui,2026-08-01,sirene,BEAUTOR
SINE QUA NON,B,43,a contacter,,,,,,,,,,,,maintenance,Installation de machines et equipements mecaniques,MONTPELLIER,34070,34,01 40 38 22 13,,,THIERRY JEAN ROGER CARLES,Commissaire aux comptes titulaire,site+8|tel+10|effectif+10|categorie+5|anciennete+5|dirigeant+5,https://www.pappers.fr/entreprise/435111943,https://annuaire-entreprises.data.gouv.fr/entreprise/435111943,"https://www.google.com/maps?q=43.5835503310262,3.8668569273645",https://www.google.com/search?q=SINE+QUA+NON+MONTPELLIER,https://www.linkedin.com/search/results/companies/?keywords=SINE+QUA+NON,https://www.pagesjaunes.fr/annuaire/chercherlespros?quoiqui=SINE+QUA+NON&ou=MONTPELLIER,https://www.societe.com/cgi-bin/search?champs=435111943,https://fr.trustpilot.com/review/sinequanon.fr,https://www.linkedin.com/company/sine-qua-non---le-prestataire-informatique-qui-met-de-la-suite-dans-vos-id%C3%A9es-...,sinequanon.fr,10-19,PME,1,4,,691708,2024,25,2001-03-01,SARL,,1412,FR51435111943,active,435111943,43511194300047,33.20B,PARC D'ACTIVITE GAROSUD 255 RUE DE CHOLET 34070 MONTPELLIER,43.5835503310262,3.8668569273645,,,,DENIS COURBARD (COURBARD) (Gérant); DENIS OLIVIER COURBARD (Gérant); SEBASTIEN ETTIG (ETTIG) (Gérant); SEBASTIEN ALAIN ETTIG (Gérant),oui,oui,2026-08-10,sirene,MONTPELLIER
HALLIER,B,41,a contacter,,,,,,,,,,,,maintenance,Reparation d'equipements electriques,SAINT-JULIEN-LES-VILLAS,10800,10,,,,CATHERINE HALLIER (HALLIER),Président de SAS,site+8|effectif+10|categorie+5|multi-agences+8|anciennete+5|dirigeant+5,https://www.pappers.fr/entreprise/328873450,https://annuaire-entreprises.data.gouv.fr/entreprise/328873450,"https://www.google.com/maps?q=48.278536592,4.0856806987",https://www.google.com/search?q=HALLIER+SAINT-JULIEN-LES-VILLAS,https://www.linkedin.com/search/results/companies/?keywords=HALLIER,https://www.pagesjaunes.fr/annuaire/chercherlespros?quoiqui=HALLIER&ou=SAINT-JULIEN-LES-VILLAS,https://www.societe.com/cgi-bin/search?champs=328873450,https://fr.trustpilot.com/review/hallier.fr,,hallier.fr,20-49,PME,3,7,,-9310,2024,42,1984-01-01,SAS,,3248,FR91328873450,active,328873450,32887345000063,33.14Z,59 RUE HENRI DUNANT 10800 SAINT-JULIEN-LES-VILLAS,48.278536592,4.0856806987,,,,CATHERINE JEANNE BERNADETTE HALLIER (Président de SAS); RENE HENRI ANDRE HALLIER (HALLIER) (Directeur Général); RENE HENRI ANDRE GERARD HALLIER (Directeur Général),oui,oui,2026-08-03,sirene,SAINT-JULIEN-LES-VILLAS
SIEMENS ENERGY SAS,B,41,a contacter,,,,,,,,,,,,maintenance,"Installation d'equipements electriques, de materiels electroniques et optiques ou d'autres materiels",COURBEVOIE,92400,92,,,,YARA CHAKHTOURA,Président de SAS,site+8|effectif+10|categorie+5|multi-agences+8|anciennete+5|dirigeant+5,https://www.pappers.fr/entreprise/878482819,https://annuaire-entreprises.data.gouv.fr/entreprise/878482819,"https://www.google.com/maps?q=48.8954790538768,2.23883737139983",https://www.google.com/search?q=SIEMENS+ENERGY+SAS+COURBEVOIE,https://www.linkedin.com/search/results/companies/?keywords=SIEMENS+ENERGY+SAS,https://www.pagesjaunes.fr/annuaire/chercherlespros?quoiqui=SIEMENS+ENERGY+SAS&ou=COURBEVOIE,https://www.societe.com/cgi-bin/search?champs=878482819,https://fr.trustpilot.com/review/siemensenergy.fr,,siemensenergy.fr,250-499,ETI,3,5,337120850,12599646,2025,7,2019-10-28,SAS,,3248,FR82878482819,active,878482819,87848281900041,33.20D,IMMEUBLE LE COLISEE BATIMENT A 2EME ETAGE 10 AVENUE DE L'ARCHE 92400 COURBEVOIE,48.8954790538768,2.23883737139983,,,,ISABELLE BLANCHE ODETTE JUILLET (Directeur Général); KPMG S.A (Commissaire aux comptes titulaire),oui,oui,2026-08-10,sirene,COURBEVOIE
5M-SERVICES,B,41,a contacter,,,,,,,,,,,,maintenance,Autres travaux d'installation n.c.a.,ARGENTEUIL,95100,95,,,,MATHIEU MAIA (MAIA),Directeur Général,site+8|effectif+10|categorie+5|multi-agences+8|anciennete+5|dirigeant+5,https://www.pappers.fr/entreprise/793039108,https://annuaire-entreprises.data.gouv.fr/entreprise/793039108,"https://www.google.com/maps?q=48.9305493007331,2.23362433029657",https://www.google.com/search?q=5M-SERVICES+ARGENTEUIL,https://www.linkedin.com/search/results/companies/?keywords=5M-SERVICES,https://www.pagesjaunes.fr/annuaire/chercherlespros?quoiqui=5M-SERVICES&ou=ARGENTEUIL,https://www.societe.com/cgi-bin/search?champs=793039108,https://fr.trustpilot.com/review/5mservices.com,,5mservices.com,20-49,PME,2,3,,555729,2022,13,2013-03-29,SAS,,3248,FR82793039108,active,793039108,79303910800030,43.29B,LES ALGORITHMES BATIMENT ARISTOTE 9 AVENUE DU MARAIS 95100 ARGENTEUIL,48.9305493007331,2.23362433029657,,,,MATTHIEU MAÏA (Directeur Général); MATTHIEU MOURGUE-MOLINES (Président de SAS); MATTHIEU THIBAULT MOURGUE-MOLINES (MOURGUE-MOLINES) (Président de SAS),oui,oui,2026-08-08,sirene,ARGENTEUIL
@CTION TELECOM,B,40,a contacter,,,,,,,,,,,,maintenance,"Installation d'equipements electriques, de materiels electroniques et optiques ou d'autres materiels",ROQUEFORT,47310,47,,,,ELSA COMPANY,Président de SAS,ca+15|effectif+10|categorie+5|anciennete+5|dirigeant+5,https://www.pappers.fr/entreprise/451817860,https://annuaire-entreprises.data.gouv.fr/entreprise/451817860,https://www.google.com/maps/search/?api=1&query=%40CTION+TELECOM+ROQUEFORT,https://www.google.com/search?q=%40CTION+TELECOM+ROQUEFORT,https://www.linkedin.com/search/results/companies/?keywords=%40CTION+TELECOM,https://www.pagesjaunes.fr/annuaire/chercherlespros?quoiqui=%40CTION+TELECOM&ou=ROQUEFORT,https://www.societe.com/cgi-bin/search?champs=451817860,,,,20-49,PME,1,5,4451456,162295,2024,22,2004-01-15,SAS,,1539,FR36451817860,active,451817860,45181786000054,33.20D,ZAC DES CHAMPS DE LESCAZE 364 IMP SUN VALLEY 47310 ROQUEFORT,,,,,,,non,oui,2026-08-10,sirene,ROQUEFORT
A.M.M.POGGIOLI,B,40,a contacter,,,,,,,,,,,,maintenance,Reparation de materiels electroniques et optiques,MARSEILLE 15EME,13015,13,,,,FERNAND JEAN POGGIOLI,Président de SAS,ca+15|effectif+10|categorie+5|anciennete+5|dirigeant+5,https://www.pappers.fr/entreprise/394198998,https://annuaire-entreprises.data.gouv.fr/entreprise/394198998,"https://www.google.com/maps?q=43.343773829,5.3656932421",https://www.google.com/search?q=A.M.M.POGGIOLI+MARSEILLE+15EME,https://www.linkedin.com/search/results/companies/?keywords=A.M.M.POGGIOLI,https://www.pagesjaunes.fr/annuaire/chercherlespros?quoiqui=A.M.M.POGGIOLI&ou=MARSEILLE+15EME,https://www.societe.com/cgi-bin/search?champs=394198998,,,,10-19,PME,1,2,4139768,286048,2024,39,1987-01-01,SAS,,3248,FR69394198998,active,394198998,39419899800020,33.13Z,BAT C 151 AV IBRAHIM ALI 13015 MARSEILLE 15EME,43.343773829,5.3656932421,,,,NATHALIE POGGIOLI (Directeur Général); VINCENT POGGIOLI (Directeur Général),non,oui,2026-08-05,sirene,MARSEILLE 15EME
AQMO - I.SS.A,B,40,a contacter,,,,,,,,,,,,maintenance,Reparation de materiels electroniques et optiques,VILLENEUVE-LES-BOULOC,31620,31,,,,LIONEL COMMENGE,Commissaire aux comptes suppléant,ca+15|effectif+10|categorie+5|anciennete+5|dirigeant+5,https://www.pappers.fr/entreprise/332691039,https://annuaire-entreprises.data.gouv.fr/entreprise/332691039,"https://www.google.com/maps?q=43.770625496,1.3804181502",https://www.google.com/search?q=AQMO+-+I.SS.A+VILLENEUVE-LES-BOULOC,https://www.linkedin.com/search/results/companies/?keywords=AQMO+-+I.SS.A,https://www.pagesjaunes.fr/annuaire/chercherlespros?quoiqui=AQMO+-+I.SS.A&ou=VILLENEUVE-LES-BOULOC,https://www.societe.com/cgi-bin/search?champs=332691039,,,,20-49,PME,1,4,5411656,190997,2024,41,1985-06-01,SAS,,3248,FR68332691039,active,332691039,33269103900033,33.13Z,EUROCENTRE 14 AVENUE DE FONTREAL 31620 VILLENEUVE-LES-BOULOC,43.770625496,1.3804181502,,,,DUPOUY (Commissaire aux comptes titulaire); HES (Président de SAS),non,oui,2026-08-09,sirene,VILLENEUVE-LES-BOULOC
ARMOR BOBINAGE SARL,B,40,a contacter,,,,,,,,,,,,maintenance,Reparation d'equipements electriques,TREGUEUX,22950,22,,,,LEIF OLE WEINER,Président de SAS,ca+15|effectif+10|categorie+5|anciennete+5|dirigeant+5,https://www.pappers.fr/entreprise/496980517,https://annuaire-entreprises.data.gouv.fr/entreprise/496980517,"https://www.google.com/maps?q=48.4829899545015,-2.70677001380879",https://www.google.com/search?q=ARMOR+BOBINAGE+SARL+TREGUEUX,https://www.linkedin.com/search/results/companies/?keywords=ARMOR+BOBINAGE+SARL,https://www.pagesjaunes.fr/annuaire/chercherlespros?quoiqui=ARMOR+BOBINAGE+SARL&ou=TREGUEUX,https://www.societe.com/cgi-bin/search?champs=496980517,,,,10-19,ETI,1,3,2765674,43042,2024,58,1968-01-01,SAS,,3248,FR56496980517,active,496980517,49698051700049,33.14Z,PARCS D'ACTIVITES ECONOMIQUES LE PERRAY 18 RUE LOUIS PATUREL 22950 TREGUEUX,48.4829899545015,-2.70677001380879,,,,,non,oui,2026-08-07,sirene,TREGUEUX
ASSISTANCE SOUDAGE HERMANTIER,B,40,a contacter,,,,,,,,,,,,maintenance,Installation de machines et equipements mecaniques,PORTET-SUR-GARONNE,31120,31,,,,GUY STEINMEYER (STEINMEYER),Gérant,ca+15|effectif+10|categorie+5|anciennete+5|dirigeant+5,https://www.pappers.fr/entreprise/382808392,https://annuaire-entreprises.data.gouv.fr/entreprise/382808392,"https://www.google.com/maps?q=43.52847565,1.3760043419",https://www.google.com/search?q=ASSISTANCE+SOUDAGE+HERMANTIER+PORTET-SUR-GARONNE,https://www.linkedin.com/search/results/companies/?keywords=ASSISTANCE+SOUDAGE+HERMANTIER,https://www.pagesjaunes.fr/annuaire/chercherlespros?quoiqui=ASSISTANCE+SOUDAGE+HERMANTIER&ou=PORTET-SUR-GARONNE,https://www.societe.com/cgi-bin/search?champs=382808392,,,,10-19,PME,1,4,2638418,126992,2024,35,1991-08-21,SARL,,"3248, 9999",FR90382808392,active,382808392,38280839200049,33.20B,ZI DU BOIS VERT 16 AVENUE DES CERISIERS 31120 PORTET-SUR-GARONNE,43.52847565,1.3760043419,,,,GUY JEAN GEORGES STEINMEYER (Gérant),non,oui,2026-08-09,sirene,PORTET-SUR-GARONNE
ATELIER LE BERRE,B,40,a contacter,,,,,,,,,,,,maintenance,Reparation de machines et equipements mecaniques,LANDREVARZEC,29510,29,,,,HOLDING SLB,Président de SAS,ca+15|effectif+10|categorie+5|anciennete+5|dirigeant+5,https://www.pappers.fr/entreprise/389556473,https://annuaire-entreprises.data.gouv.fr/entreprise/389556473,"https://www.google.com/maps?q=48.104404764,-4.07619335",https://www.google.com/search?q=ATELIER+LE+BERRE+LANDREVARZEC,https://www.linkedin.com/search/results/companies/?keywords=ATELIER+LE+BERRE,https://www.pagesjaunes.fr/annuaire/chercherlespros?quoiqui=ATELIER+LE+BERRE&ou=LANDREVARZEC,https://www.societe.com/cgi-bin/search?champs=389556473,,,,10-19,PME,1,1,3916561,145669,2024,34,1992-12-28,SAS,,1404,FR45389556473,active,389556473,38955647300012,33.12Z,8 MOULIN DU LAY 29510 LANDREVARZEC,48.104404764,-4.07619335,,,,,non,oui,2026-08-08,sirene,LANDREVARZEC
BLANCHARD MOTEURS ELECTRIQUES,B,40,a contacter,,,,,,,,,,,,maintenance,Reparation d'equipements electriques,CHARTRES,28000,28,,,,SOCIETE CIVILE AUREMAR,Président de SAS,ca+15|effectif+10|categorie+5|anciennete+5|dirigeant+5,https://www.pappers.fr/entreprise/339219818,https://annuaire-entreprises.data.gouv.fr/entreprise/339219818,"https://www.google.com/maps?q=48.43166146,1.508564579",https://www.google.com/search?q=BLANCHARD+MOTEURS+ELECTRIQUES+CHARTRES,https://www.linkedin.com/search/results/companies/?keywords=BLANCHARD+MOTEURS+ELECTRIQUES,https://www.pagesjaunes.fr/annuaire/chercherlespros?quoiqui=BLANCHARD+MOTEURS+ELECTRIQUES&ou=CHARTRES,https://www.societe.com/cgi-bin/search?champs=339219818,,,,10-19,PME,1,1,3125704,25930,2024,40,1986-10-01,SAS,,"3248, 9999",FR68339219818,active,339219818,33921981800012,33.14Z,ZONE I. DES PETITS DEPOTS 9 RUE CAMILLE MARCILLE 28000 CHARTRES,48.43166146,1.508564579,,,,FINANCIERE BLANCHARD (Directeur Général); SOCIETE CIVILE AUREMAR STE CIVILE,non,oui,2026-08-08,sirene,CHARTRES
BOUDON FAVRE,B,40,a contacter,,,,,,,,,,,,maintenance,Reparation de machines et equipements mecaniques,FEILLENS,01570,01,,,,ALAIN BOUDON (BOUDON),Directeur Général,ca+15|effectif+10|categorie+5|anciennete+5|dirigeant+5,https://www.pappers.fr/entreprise/779365899,https://annuaire-entreprises.data.gouv.fr/entreprise/779365899,"https://www.google.com/maps?q=46.326645661,4.8868534514",https://www.google.com/search?q=BOUDON+FAVRE+FEILLENS,https://www.linkedin.com/search/results/companies/?keywords=BOUDON+FAVRE,https://www.pagesjaunes.fr/annuaire/chercherlespros?quoiqui=BOUDON+FAVRE&ou=FEILLENS,https://www.societe.com/cgi-bin/search?champs=779365899,,,,10-19,ETI,1,2,1456881,294292,2024,56,1970-01-01,SAS,,"3248, 0804",FR09779365899,active,779365899,77936589900029,33.12Z,ZI SUD 150 RUE DU MOULIN NEUF 01570 FEILLENS,46.326645661,4.8868534514,,,,ALAIN GILBERT BOUDON (Directeur Général); JEAN-LOUIS BOUDON (BOUDON) (Président de SAS); DIAGER LEADER (Président de SAS); BAKER TILLY SOFIDEEC (Commissaire aux comptes titulaire),non,oui,2026-08-01,sirene,FEILLENS
CASTREC,B,40,a contacter,,,,,,,,,,,,maintenance,Reparation de machines et equipements mecaniques,MILIZAC-GUIPRONVEL,29290,29,,,,MGA AUDIT SARL,Commissaire aux comptes titulaire,ca+15|effectif+10|categorie+5|anciennete+5|dirigeant+5,https://www.pappers.fr/entreprise/393330758,https://annuaire-entreprises.data.gouv.fr/entreprise/393330758,"https://www.google.com/maps?q=48.449226337,-4.534073913",https://www.google.com/search?q=CASTREC+MILIZAC-GUIPRONVEL,https://www.linkedin.com/search/results/companies/?keywords=CASTREC,https://www.pagesjaunes.fr/annuaire/chercherlespros?quoiqui=CASTREC&ou=MILIZAC-GUIPRONVEL,https://www.societe.com/cgi-bin/search?champs=393330758,,,,20-49,PME,1,1,13531349,1685358,2021,33,1993-12-08,SAS,,1606,FR90393330758,active,393330758,39333075800011,33.12Z,KERHUEL 29290 MILIZAC-GUIPRONVEL,48.449226337,-4.534073913,,,,STELO (Président de SAS),non,oui,2026-08-08,sirene,MILIZAC-GUIPRONVEL
CHAUDRONNERIE COGNACAISE,B,40,a contacter,,,,,,,,,,,,maintenance,Installation de machines et equipements mecaniques,MERPINS,16100,16,,,,2C DISTILLATION,Président de SAS,ca+15|effectif+10|categorie+5|anciennete+5|dirigeant+5,https://www.pappers.fr/entreprise/448396234,https://annuaire-entreprises.data.gouv.fr/entreprise/448396234,"https://www.google.com/maps?q=45.666378501,-0.350141721",https://www.google.com/search?q=CHAUDRONNERIE+COGNACAISE+MERPINS,https://www.linkedin.com/search/results/companies/?keywords=CHAUDRONNERIE+COGNACAISE,https://www.pagesjaunes.fr/annuaire/chercherlespros?quoiqui=CHAUDRONNERIE+COGNACAISE&ou=MERPINS,https://www.societe.com/cgi-bin/search?champs=448396234,,,,20-49,PME,1,2,3897521,-249608,2024,23,2003-04-07,SAS,,3248,FR86448396234,active,448396234,44839623400024,33.20B,ZI DE MERPINS RTE DU MENDION 16100 MERPINS,45.666378501,-0.350141721,,,,,non,oui,2026-08-06,sirene,MERPINS
CIB,B,40,a contacter,,,,,,,,,,,,maintenance,Reparation de machines et equipements mecaniques,BRAZEY-EN-PLAINE,21470,21,,,,STEPHANE DUBOIS,Gérant,ca+15|effectif+10|categorie+5|anciennete+5|dirigeant+5,https://www.pappers.fr/entreprise/750121253,https://annuaire-entreprises.data.gouv.fr/entreprise/750121253,"https://www.google.com/maps?q=47.126608285,5.2157443594",https://www.google.com/search?q=CIB+BRAZEY-EN-PLAINE,https://www.linkedin.com/search/results/companies/?keywords=CIB,https://www.pagesjaunes.fr/annuaire/chercherlespros?quoiqui=CIB&ou=BRAZEY-EN-PLAINE,https://www.societe.com/cgi-bin/search?champs=750121253,,,,10-19,PME,1,1,1970603,374643,2024,14,2012-03-01,SARL,,3248,FR49750121253,active,750121253,75012125300017,33.12Z,ROUTE D'ESBARRES 21470 BRAZEY-EN-PLAINE,47.126608285,5.2157443594,,,,,non,oui,2026-08-07,sirene,BRAZEY-EN-PLAINE
CMFT INDUSTRIE,B,40,a contacter,,,,,,,,,,,,maintenance,Installation de machines et equipements mecaniques,LE HAILLAN,33185,33,,,,FRANCOIS VERLHAC (VERLHAC),Directeur Général,ca+15|effectif+10|categorie+5|anciennete+5|dirigeant+5,https://www.pappers.fr/entreprise/394135727,https://annuaire-entreprises.data.gouv.fr/entreprise/394135727,"https://www.google.com/maps?q=44.8579859592151,-0.685776994878309",https://www.google.com/search?q=CMFT+INDUSTRIE+LE+HAILLAN,https://www.linkedin.com/search/results/companies/?keywords=CMFT+INDUSTRIE,https://www.pagesjaunes.fr/annuaire/chercherlespros?quoiqui=CMFT+INDUSTRIE&ou=LE+HAILLAN,https://www.societe.com/cgi-bin/search?champs=394135727,,,,50-99,ETI,1,2,15818786,1663831,2024,32,1994-01-01,SAS,,"2609, 1597, 2420",FR85394135727,active,394135727,39413572700029,33.20B,6 RUE CAROLINE AIGLE 33185 LE HAILLAN,44.8579859592151,-0.685776994878309,,,,ADVOLIS (Commissaire aux comptes titulaire); GROUPE CLIMATER (Président de SAS); GROUPE CLIMATER (Président de SAS),non,oui,2026-08-10,sirene,LE HAILLAN
CODICOM,B,40,a contacter,,,,,,,,,,,,maintenance,"Installation d'equipements electriques, de materiels electroniques et optiques ou d'autres materiels",BINIC-ETABLES-SUR-MER,22680,22,,,,JEROME DES COGNETS (DES COGNETS),Gérant,ca+15|effectif+10|categorie+5|anciennete+5|dirigeant+5,https://www.pappers.fr/entreprise/392342804,https://annuaire-entreprises.data.gouv.fr/entreprise/392342804,"https://www.google.com/maps?q=48.625252557,-2.828084442",https://www.google.com/search?q=CODICOM+BINIC-ETABLES-SUR-MER,https://www.linkedin.com/search/results/companies/?keywords=CODICOM,https://www.pagesjaunes.fr/annuaire/chercherlespros?quoiqui=CODICOM&ou=BINIC-ETABLES-SUR-MER,https://www.societe.com/cgi-bin/search?champs=392342804,,,,20-49,PME,1,2,3878403,79137,2023,33,1993-09-13,SARL,,,FR63392342804,active,392342804,39234280400029,33.20D,29 BOULEVARD LEGRIS 2 RUE DE LA MER-LES GODELINS-ESM 22680 BINIC-ETABLES-SUR-MER,48.625252557,-2.828084442,,,,,non,oui,2026-08-07,sirene,BINIC-ETABLES-SUR-MER
COMMERCES INDUSTRIES COLLECTIVITES REFRIGERATION CIC REFRIGERATION,B,40,a contacter,,,,,,,,,,,,maintenance,Installation de machines et equipements mecaniques,PLAISIR,78370,78,,,,EXPONENS CONSEIL ET EXPERTISE,Commissaire aux comptes titulaire,ca+15|effectif+10|categorie+5|anciennete+5|dirigeant+5,https://www.pappers.fr/entreprise/329025787,https://annuaire-entreprises.data.gouv.fr/entreprise/329025787,"https://www.google.com/maps?q=48.799650645,1.955308836",https://www.google.com/search?q=COMMERCES+INDUSTRIES+COLLECTIVITES+REFRIGERATION+CIC+REFRIGERATION+PLAISIR,https://www.linkedin.com/search/results/companies/?keywords=COMMERCES+INDUSTRIES+COLLECTIVITES+REFRIGERATION+CIC+REFRIGERATION,https://www.pagesjaunes.fr/annuaire/chercherlespros?quoiqui=COMMERCES+INDUSTRIES+COLLECTIVITES+REFRIGERATION+CIC+REFRIGERATION&ou=PLAISIR,https://www.societe.com/cgi-bin/search?champs=329025787,,,,50-99,PME,1,3,15643091,1472929,2020,42,1984-01-27,SAS,,1412,FR38329025787,active,329025787,32902578700022,33.20B,145 RUE DES POIRIERS 78370 PLAISIR,48.799650645,1.955308836,,,,NEO G-FTEC (Président de SAS),non,oui,2026-08-08,sirene,PLAISIR
CONTROL MAINTENANCE THERMIQU FRIGORIFIQU,B,40,a contacter,,,,,,,,,,,,maintenance,Reparation de machines et equipements mecaniques,LE HAILLAN,33185,33,,,,FRANCOIS HENRI RAYMOND VERLHAC,Directeur Général,ca+15|effectif+10|categorie+5|anciennete+5|dirigeant+5,https://www.pappers.fr/entreprise/399904903,https://annuaire-entreprises.data.gouv.fr/entreprise/399904903,"https://www.google.com/maps?q=44.8579859592151,-0.685776994878309",https://www.google.com/search?q=CONTROL+MAINTENANCE+THERMIQU+FRIGORIFIQU+LE+HAILLAN,https://www.linkedin.com/search/results/companies/?keywords=CONTROL+MAINTENANCE+THERMIQU+FRIGORIFIQU,https://www.pagesjaunes.fr/annuaire/chercherlespros?quoiqui=CONTROL+MAINTENANCE+THERMIQU+FRIGORIFIQU&ou=LE+HAILLAN,https://www.societe.com/cgi-bin/search?champs=399904903,,,,20-49,ETI,1,2,5307765,589380,2024,31,1995-01-01,SAS,,"2609, 1597, 2420",FR00399904903,active,399904903,39990490300024,33.12Z,6 RUE CAROLINE AIGLE 33185 LE HAILLAN,44.8579859592151,-0.685776994878309,,,,ADVOLIS (Commissaire aux comptes titulaire); GROUPE CLIMATER (Président de SAS); GROUPE CLIMATER (Président de SAS),non,oui,2026-08-10,sirene,LE HAILLAN
CVFC NORMANDIE EQUIPEMENT,B,40,a contacter,,,,,,,,,,,,maintenance,Installation de machines et equipements mecaniques,SAINT-AUBIN-SUR-GAILLON,27600,27,,,,PASCAL GUY SERGE LUCAS,Directeur Général,ca+15|effectif+10|categorie+5|anciennete+5|dirigeant+5,https://www.pappers.fr/entreprise/414538322,https://annuaire-entreprises.data.gouv.fr/entreprise/414538322,"https://www.google.com/maps?q=49.1424877860047,1.31221709678652",https://www.google.com/search?q=CVFC+NORMANDIE+EQUIPEMENT+SAINT-AUBIN-SUR-GAILLON,https://www.linkedin.com/search/results/companies/?keywords=CVFC+NORMANDIE+EQUIPEMENT,https://www.pagesjaunes.fr/annuaire/chercherlespros?quoiqui=CVFC+NORMANDIE+EQUIPEMENT&ou=SAINT-AUBIN-SUR-GAILLON,https://www.societe.com/cgi-bin/search?champs=414538322,,,,20-49,PME,1,3,4112258,94362,2019,29,1997-11-13,SAS,,1412,FR94414538322,active,414538322,41453832200036,33.20B,ZAC DES CHAMPS CHOUETTE RUE DU BOIS DE SAINT PAUL 27600 SAINT-AUBIN-SUR-GAILLON,49.1424877860047,1.31221709678652,,,,PATRICK HENRI MARCEL MATURA (MATURA) (Président du conseil d’administration); LUC RODRIGUEZ (Commissaire aux comptes suppléant); HERMESIANE (Commissaire aux comptes titulaire); SEBINVEST (Président de SAS),non,oui,2026-08-08,sirene,SAINT-AUBIN-SUR-GAILLON
ENRICHMENT TECHNOLOGY FRANCE,B,40,a contacter,,,,,,,,,,,,maintenance,Installation de machines et equipements mecaniques,BOLLENE,84500,84,,,,IAN CROMBIE,Président de SAS,ca+15|effectif+10|categorie+5|anciennete+5|dirigeant+5,https://www.pappers.fr/entreprise/482131810,https://annuaire-entreprises.data.gouv.fr/entreprise/482131810,https://www.google.com/maps/search/?api=1&query=ENRICHMENT+TECHNOLOGY+FRANCE+BOLLENE,https://www.google.com/search?q=ENRICHMENT+TECHNOLOGY+FRANCE+BOLLENE,https://www.linkedin.com/search/results/companies/?keywords=ENRICHMENT+TECHNOLOGY+FRANCE,https://www.pagesjaunes.fr/annuaire/chercherlespros?quoiqui=ENRICHMENT+TECHNOLOGY+FRANCE&ou=BOLLENE,https://www.societe.com/cgi-bin/search?champs=482131810,,,,20-49,PME,1,2,7627499,413688,2024,21,2005-04-25,SAS,,3248,FR21482131810,active,482131810,48213181000020,33.20B,AV DU TRICASTIN 84500 BOLLENE,,,,,,GRANT THORNTON (Commissaire aux comptes titulaire),non,oui,2026-08-07,sirene,BOLLENE
ETABLISSEMENTS CHASSERIEAU,B,40,a contacter,,,,,,,,,,,,maintenance,Installation de machines et equipements mecaniques,SAINT-GEORGES-DES-COTEAUX,17810,17,,,,HOLDING JC,Président de SAS,ca+15|effectif+10|categorie+5|anciennete+5|dirigeant+5,https://www.pappers.fr/entreprise/387631617,https://annuaire-entreprises.data.gouv.fr/entreprise/387631617,"https://www.google.com/maps?q=45.75122858,-0.675009946",https://www.google.com/search?q=ETABLISSEMENTS+CHASSERIEAU+SAINT-GEORGES-DES-COTEAUX,https://www.linkedin.com/search/results/companies/?keywords=ETABLISSEMENTS+CHASSERIEAU,https://www.pagesjaunes.fr/annuaire/chercherlespros?quoiqui=ETABLISSEMENTS+CHASSERIEAU&ou=SAINT-GEORGES-DES-COTEAUX,https://www.societe.com/cgi-bin/search?champs=387631617,,,,50-99,PME,1,3,10244370,134012,2025,34,1992-01-01,SAS,,1412,FR81387631617,active,387631617,38763161700025,33.20B,ZA LA MISSION 4 RUE DE LA CHAMPAGNE ST GEORGES 17810 SAINT-GEORGES-DES-COTEAUX,45.75122858,-0.675009946,,,,OUEST AQUITAINE AUDIT (Commissaire aux comptes titulaire); HOLDING S.B (Directeur Général),non,oui,2026-08-06,sirene,SAINT-GEORGES-DES-COTEAUX
ETABLISSEMENTS FOREST ET PELOILLE,B,40,a contacter,,,,,,,,,,,,maintenance,Reparation de machines et equipements mecaniques,BOULLERET,18240,18,,,,JULIEN LELIEVRE,Directeur Général,ca+15|effectif+10|categorie+5|anciennete+5|dirigeant+5,https://www.pappers.fr/entreprise/315575308,https://annuaire-entreprises.data.gouv.fr/entreprise/315575308,"https://www.google.com/maps?q=47.426799848,2.877429889",https://www.google.com/search?q=ETABLISSEMENTS+FOREST+ET+PELOILLE+BOULLERET,https://www.linkedin.com/search/results/companies/?keywords=ETABLISSEMENTS+FOREST+ET+PELOILLE,https://www.pagesjaunes.fr/annuaire/chercherlespros?quoiqui=ETABLISSEMENTS+FOREST+ET+PELOILLE&ou=BOULLERET,https://www.societe.com/cgi-bin/search?champs=315575308,,,,20-49,PME,1,2,3366171,384739,2024,49,1977-01-01,SAS,,3248,FR19315575308,active,315575308,31557530800012,33.12Z,10 ROUTE DE MENETREAU 18240 BOULLERET,47.426799848,2.877429889,,,,CLAUDE DANIELLE ZILLES (Président de SAS),non,oui,2026-08-06,sirene,BOULLERET
ETABLISSEMENTS GARAUD,B,40,a contacter,,,,,,,,,,,,maintenance,Reparation de machines et equipements mecaniques,CARCASSONNE,11000,11,,,,MARIE-FRANCOISE ROBERT,Commissaire aux comptes suppléant,ca+15|effectif+10|categorie+5|anciennete+5|dirigeant+5,https://www.pappers.fr/entreprise/450936554,https://annuaire-entreprises.data.gouv.fr/entreprise/450936554,"https://www.google.com/maps?q=43.213653012,2.3248525003",https://www.google.com/search?q=ETABLISSEMENTS+GARAUD+CARCASSONNE,https://www.linkedin.com/search/results/companies/?keywords=ETABLISSEMENTS+GARAUD,https://www.pagesjaunes.fr/annuaire/chercherlespros?quoiqui=ETABLISSEMENTS+GARAUD&ou=CARCASSONNE,https://www.societe.com/cgi-bin/search?champs=450936554,,,,10-19,PME,1,1,2743683,5973,2024,23,2003-11-20,SAS,,1404,FR47450936554,active,450936554,45093655400010,33.12Z,LIEU-DIT L'ARNOUZE ROUTE DE BRAM 11000 CARCASSONNE,43.213653012,2.3248525003,,,,FB AUDIT LEGAL SARL (Commissaire aux comptes titulaire); OL INVEST (Président de SAS),non,oui,2026-08-04,sirene,CARCASSONNE
ETABLISSEMENTS JOSEPH,B,40,a contacter,,,,,,,,,,,,maintenance,Installation de machines et equipements mecaniques,BOURG-EN-BRESSE,01000,01,,,,NICOLAS PHILIPPE DANIEL JOSEPH,Directeur Général,ca+15|effectif+10|categorie+5|anciennete+5|dirigeant+5,https://www.pappers.fr/entreprise/773201397,https://annuaire-entreprises.data.gouv.fr/entreprise/773201397,"https://www.google.com/maps?q=46.218203136,5.2489182402",https://www.google.com/search?q=ETABLISSEMENTS+JOSEPH+BOURG-EN-BRESSE,https://www.linkedin.com/search/results/companies/?keywords=ETABLISSEMENTS+JOSEPH,https://www.pagesjaunes.fr/annuaire/chercherlespros?quoiqui=ETABLISSEMENTS+JOSEPH&ou=BOURG-EN-BRESSE,https://www.societe.com/cgi-bin/search?champs=773201397,,,,20-49,PME,1,2,9297326,24875,2024,62,1964-01-01,SAS,,1412,FR38773201397,active,773201397,77320139700025,33.20B,NORELAN BOURG 390 AVENUE DE PARME 01000 BOURG-EN-BRESSE,46.218203136,5.2489182402,,,,PATRICK REGIS JOSEPH (Directeur Général); PWC ENTREPRENEURS COMMISSARIAT AUX COMPTES SAS (Commissaire aux comptes titulaire); FINANCIERE PPN (Président de SAS),non,oui,2026-08-01,sirene,BOURG-EN-BRESSE
ETABLISSEMENTS LAPORTE,B,40,a contacter,,,,,,,,,,,,maintenance,Reparation de machines et equipements mecaniques,MERIGNAC,33700,33,,,,CUMFIN,Président de SAS,ca+15|effectif+10|categorie+5|anciennete+5|dirigeant+5,https://www.pappers.fr/entreprise/460202583,https://annuaire-entreprises.data.gouv.fr/entreprise/460202583,"https://www.google.com/maps?q=44.85147303,-0.675846948",https://www.google.com/search?q=ETABLISSEMENTS+LAPORTE+MERIGNAC,https://www.linkedin.com/search/results/companies/?keywords=ETABLISSEMENTS+LAPORTE,https://www.pagesjaunes.fr/annuaire/chercherlespros?quoiqui=ETABLISSEMENTS+LAPORTE&ou=MERIGNAC,https://www.societe.com/cgi-bin/search?champs=460202583,,,,10-19,ETI,1,2,5005066,254592,2024,66,1960-01-01,SAS,,3248,FR68460202583,active,460202583,46020258300031,33.12Z,ZI DU PHARE 5 RUE BERNARD PALISSY 33700 MERIGNAC,44.85147303,-0.675846948,,,,NUMANS AUDIT (Commissaire aux comptes titulaire),non,oui,2026-08-06,sirene,MERIGNAC
EURO-STATION SERVICES,B,40,a contacter,,,,,,,,,,,,maintenance,Reparation de machines et equipements mecaniques,SAINT-ETIENNE-DU-ROUVRAY,76800,76,,,,HOLDING CASTRES,Président de SAS,ca+15|effectif+10|categorie+5|anciennete+5|dirigeant+5,https://www.pappers.fr/entreprise/451327126,https://annuaire-entreprises.data.gouv.fr/entreprise/451327126,"https://www.google.com/maps?q=49.389391014,1.0809989761",https://www.google.com/search?q=EURO-STATION+SERVICES+SAINT-ETIENNE-DU-ROUVRAY,https://www.linkedin.com/search/results/companies/?keywords=EURO-STATION+SERVICES,https://www.pagesjaunes.fr/annuaire/chercherlespros?quoiqui=EURO-STATION+SERVICES&ou=SAINT-ETIENNE-DU-ROUVRAY,https://www.societe.com/cgi-bin/search?champs=451327126,,,,20-49,PME,1,3,5222078,343103,2019,23,2003-12-18,SAS,,9999,FR03451327126,active,451327126,45132712600038,33.12Z,590 RUE DES CATELIERS 76800 SAINT-ETIENNE-DU-ROUVRAY,49.389391014,1.0809989761,,,,GOUBAULT-GAMBERT (Commissaire aux comptes titulaire); CABINET DUREY (Commissaire aux comptes suppléant),non,oui,2026-08-09,sirene,SAINT-ETIENNE-DU-ROUVRAY
FBI BIOME,B,40,a contacter,,,,,,,,,,,,maintenance,Installation de machines et equipements mecaniques,VILLERS-COTTERETS,02600,02,,,,VILLERS SERVICES,Président de SAS,ca+15|effectif+10|categorie+5|anciennete+5|dirigeant+5,https://www.pappers.fr/entreprise/389026261,https://annuaire-entreprises.data.gouv.fr/entreprise/389026261,"https://www.google.com/maps?q=49.234948346,3.0984907664",https://www.google.com/search?q=FBI+BIOME+VILLERS-COTTERETS,https://www.linkedin.com/search/results/companies/?keywords=FBI+BIOME,https://www.pagesjaunes.fr/annuaire/chercherlespros?quoiqui=FBI+BIOME&ou=VILLERS-COTTERETS,https://www.societe.com/cgi-bin/search?champs=389026261,,,,20-49,PME,1,4,18034729,1404726,2024,34,1992-10-23,SAS,,3248,FR15389026261,active,389026261,38902626100047,33.20B,84 AVENUE DE LA FERTE - MILON 02600 VILLERS-COTTERETS,49.234948346,3.0984907664,,,,MAZARS ET GUERARD (Commissaire aux comptes titulaire); MAZARS ET GUERARD (Commissaire aux comptes titulaire),non,oui,2026-08-02,sirene,VILLERS-COTTERETS
FLUIGETEC,B,40,a contacter,,,,,,,,,,,,maintenance,Reparation de machines et equipements mecaniques,PIERRELATTE,26700,26,,,,FREDERIC STANISLAS SYLVAIN MARTIG (MARTIG),Directeur général délégué,ca+15|effectif+10|categorie+5|anciennete+5|dirigeant+5,https://www.pappers.fr/entreprise/404386633,https://annuaire-entreprises.data.gouv.fr/entreprise/404386633,"https://www.google.com/maps?q=44.367291593,4.7254606927",https://www.google.com/search?q=FLUIGETEC+PIERRELATTE,https://www.linkedin.com/search/results/companies/?keywords=FLUIGETEC,https://www.pagesjaunes.fr/annuaire/chercherlespros?quoiqui=FLUIGETEC&ou=PIERRELATTE,https://www.societe.com/cgi-bin/search?champs=404386633,,,,10-19,GE,1,3,2615465,351039,2024,30,1996-04-01,SAS,,3248,FR20404386633,active,404386633,40438663300030,33.12Z,ZONE INDUSTRIELLE DAUDEL 1 ALLEE VASCO DE GAMA 26700 PIERRELATTE,44.367291593,4.7254606927,,,,CHRISTIANE FRANCOISE MARIE-CLAIRE MULLER (MULLER) (Président du conseil d’administration et directeur général); ARNAUD SNYKERQUE (Président de SAS),non,oui,2026-08-07,sirene,PIERRELATTE
FRIMAS ENERGIES SERVICES,B,40,a contacter,,,,,,,,,,,,maintenance,Installation de machines et equipements mecaniques,ROCHEFORT,17300,17,,,,ANDRE ROBERT ARIBERT-DESJARDINS,Gérant,ca+15|effectif+10|categorie+5|anciennete+5|dirigeant+5,https://www.pappers.fr/entreprise/790199129,https://annuaire-entreprises.data.gouv.fr/entreprise/790199129,"https://www.google.com/maps?q=45.949564678,-0.990721962",https://www.google.com/search?q=FRIMAS+ENERGIES+SERVICES+ROCHEFORT,https://www.linkedin.com/search/results/companies/?keywords=FRIMAS+ENERGIES+SERVICES,https://www.pagesjaunes.fr/annuaire/chercherlespros?quoiqui=FRIMAS+ENERGIES+SERVICES&ou=ROCHEFORT,https://www.societe.com/cgi-bin/search?champs=790199129,,,,10-19,PME,1,1,1878558,76357,2023,13,2013-01-02,SARL,,1412,FR43790199129,active,790199129,79019912900012,33.20B,3 RUE D'HENDAYE 17300 ROCHEFORT,45.949564678,-0.990721962,,,,FRANCOIS ROGER CHRETIEN ARIBERT-DESJARDINS (Gérant),non,oui,2026-08-06,sirene,ROCHEFORT
FROID INSTALL COMMERCIAL CLIMATISATION,B,40,a contacter,,,,,,,,,,,,maintenance,Installation de machines et equipements mecaniques,VELAUX,13880,13,,,,PIERELIE,Président de SAS,ca+15|effectif+10|categorie+5|anciennete+5|dirigeant+5,https://www.pappers.fr/entreprise/410381875,https://annuaire-entreprises.data.gouv.fr/entreprise/410381875,"https://www.google.com/maps?q=43.511913634,5.2393102695",https://www.google.com/search?q=FROID+INSTALL+COMMERCIAL+CLIMATISATION+VELAUX,https://www.linkedin.com/search/results/companies/?keywords=FROID+INSTALL+COMMERCIAL+CLIMATISATION,https://www.pagesjaunes.fr/annuaire/chercherlespros?quoiqui=FROID+INSTALL+COMMERCIAL+CLIMATISATION&ou=VELAUX,https://www.societe.com/cgi-bin/search?champs=410381875,,,,20-49,PME,1,2,6046151,206879,2024,30,1996-12-01,SAS,,1412,FR06410381875,active,410381875,41038187500021,33.20B,PARC LA VERDIERE II 44 RUE FERDINAND DE LESSEPS 13880 VELAUX,43.511913634,5.2393102695,,,,,non,oui,2026-08-05,sirene,VELAUX
GILLES MOREL,B,40,a contacter,,,,,,,,,,,,maintenance,Reparation de machines et equipements mecaniques,LEMPDES,63370,63,,,,PIERRE MARC FABIEN MOREL,Président de SAS,ca+15|effectif+10|categorie+5|anciennete+5|dirigeant+5,https://www.pappers.fr/entreprise/438217184,https://annuaire-entreprises.data.gouv.fr/entreprise/438217184,"https://www.google.com/maps?q=45.774948239,3.2116724375",https://www.google.com/search?q=GILLES+MOREL+LEMPDES,https://www.linkedin.com/search/results/companies/?keywords=GILLES+MOREL,https://www.pagesjaunes.fr/annuaire/chercherlespros?quoiqui=GILLES+MOREL&ou=LEMPDES,https://www.societe.com/cgi-bin/search?champs=438217184,,,,10-19,PME,1,4,3358420,204498,2022,25,2001-01-01,SAS,,"1404, 0804",FR88438217184,active,438217184,43821718400045,33.12Z,2 ZAC DE LA FONTANILLE 15 RUE JULIEN CHAMPCLOS 63370 LEMPDES,45.774948239,3.2116724375,,,,,non,oui,2026-08-06,sirene,LEMPDES
GROENEVELD-BEKA FRANCE,B,40,a contacter,,,,,,,,,,,,maintenance,Installation de machines et equipements mecaniques,VAULX-MILIEU,38090,38,,,,DIEGO MACARIO,Gérant,ca+15|effectif+10|categorie+5|anciennete+5|dirigeant+5,https://www.pappers.fr/entreprise/334400801,https://annuaire-entreprises.data.gouv.fr/entreprise/334400801,"https://www.google.com/maps?q=45.626195455,5.1719248453",https://www.google.com/search?q=GROENEVELD-BEKA+FRANCE+VAULX-MILIEU,https://www.linkedin.com/search/results/companies/?keywords=GROENEVELD-BEKA+FRANCE,https://www.pagesjaunes.fr/annuaire/chercherlespros?quoiqui=GROENEVELD-BEKA+FRANCE&ou=VAULX-MILIEU,https://www.societe.com/cgi-bin/search?champs=334400801,,,,50-99,ETI,1,4,19151635,-921683,2023,40,1986-01-01,SARL,,3248,FR91334400801,active,334400801,33440080100042,33.20B,53 RUE CONDORCET 38090 VAULX-MILIEU,45.626195455,5.1719248453,,,,JOHANNES JACOBUS VAN BOXTEL (Gérant); TERESA LENORE WILSON (Gérant); SALUSTRO REYDEL,non,oui,2026-08-07,sirene,VAULX-MILIEU
GSCE,B,40,a contacter,,,,,,,,,,,,maintenance,Reparation de machines et equipements mecaniques,CHAUNY,02300,02,,,,HERVE LE DREF (LE DREF),Gérant,ca+15|effectif+10|categorie+5|anciennete+5|dirigeant+5,https://www.pappers.fr/entreprise/399568955,https://annuaire-entreprises.data.gouv.fr/entreprise/399568955,"https://www.google.com/maps?q=49.603555434,3.2243788241",https://www.google.com/search?q=GSCE+CHAUNY,https://www.linkedin.com/search/results/companies/?keywords=GSCE,https://www.pagesjaunes.fr/annuaire/chercherlespros?quoiqui=GSCE&ou=CHAUNY,https://www.societe.com/cgi-bin/search?champs=399568955,,,,10-19,PME,1,1,2614669,277065,2024,31,1995-01-02,SAS,,1412,FR83399568955,active,399568955,39956895500013,33.12Z,26 RUE DE SOISSONS 02300 CHAUNY,49.603555434,3.2243788241,,,,HERVE JULIEN GERMAIN LE DREF (Président de SAS); ODELINE LUDIVINE MAIGRET (VILAIN) (Directeur Général),non,oui,2026-08-02,sirene,CHAUNY
HAARSLEV INDUSTRIES SAS,B,40,a contacter,,,,,,,,,,,,maintenance,Reparation de machines et equipements mecaniques,CAUDAN,56850,56,,,,DELOITTE & ASSOCIES,Commissaire aux comptes titulaire,ca+15|effectif+10|categorie+5|anciennete+5|dirigeant+5,https://www.pappers.fr/entreprise/316137868,https://annuaire-entreprises.data.gouv.fr/entreprise/316137868,"https://www.google.com/maps?q=47.781981732,-3.351511838",https://www.google.com/search?q=HAARSLEV+INDUSTRIES+SAS+CAUDAN,https://www.linkedin.com/search/results/companies/?keywords=HAARSLEV+INDUSTRIES+SAS,https://www.pagesjaunes.fr/annuaire/chercherlespros?quoiqui=HAARSLEV+INDUSTRIES+SAS&ou=CAUDAN,https://www.societe.com/cgi-bin/search?champs=316137868,,,,10-19,PME,1,4,8233684,455899,2024,47,1979-01-01,SAS,,3248,FR93316137868,active,316137868,31613786800048,33.12Z,ZA DE KERGOUSSEL KERGOUARAN 201 RUE LEONARD DE VINCI 56850 CAUDAN,47.781981732,-3.351511838,,,,HAARSLEV INDUSTRIES A/S (Président de SAS),non,oui,2026-08-02,sirene,CAUDAN
HOERBIGER FRANCE,B,40,a contacter,,,,,,,,,,,,maintenance,Reparation de machines et equipements mecaniques,AVIGNON,84000,84,,,,SEBASTIEN GACHET,Directeur Général,ca+15|effectif+10|categorie+5|anciennete+5|dirigeant+5,https://www.pappers.fr/entreprise/562028779,https://annuaire-entreprises.data.gouv.fr/entreprise/562028779,"https://www.google.com/maps?q=43.929234672,4.7768338026",https://www.google.com/search?q=HOERBIGER+FRANCE+AVIGNON,https://www.linkedin.com/search/results/companies/?keywords=HOERBIGER+FRANCE,https://www.pagesjaunes.fr/annuaire/chercherlespros?quoiqui=HOERBIGER+FRANCE&ou=AVIGNON,https://www.societe.com/cgi-bin/search?champs=562028779,,,,20-49,PME,1,3,8870516,443105,2024,70,1956-01-01,SAS,,3248,FR48562028779,active,562028779,56202877900063,33.12Z,ZI DE COURTINE 140 RUE DU 12E REGIMENT DE ZOUAVES 84000 AVIGNON,43.929234672,4.7768338026,,,,MARKUS WENISCH (Président de SAS),non,oui,2026-08-08,sirene,AVIGNON
I M F S,B,40,a contacter,,,,,,,,,,,,maintenance,Reparation d'equipements electriques,MARSEILLE,13014,13,,,,FABRICE STORCHI,Gérant,ca+15|effectif+10|categorie+5|anciennete+5|dirigeant+5,https://www.pappers.fr/entreprise/442621652,https://annuaire-entreprises.data.gouv.fr/entreprise/442621652,"https://www.google.com/maps?q=43.320886477,5.380021285",https://www.google.com/search?q=I+M+F+S+MARSEILLE,https://www.linkedin.com/search/results/companies/?keywords=I+M+F+S,https://www.pagesjaunes.fr/annuaire/chercherlespros?quoiqui=I+M+F+S&ou=MARSEILLE,https://www.societe.com/cgi-bin/search?champs=442621652,,,,10-19,PME,1,1,1785601,128869,2024,24,2002-05-01,SARL,,3248,FR55442621652,active,442621652,44262165200019,33.14Z,47 CHEMIN DE GIBBES 13014 MARSEILLE,43.320886477,5.380021285,,,,,non,oui,2026-08-05,sirene,MARSEILLE
ILEX AQUITAINE,B,40,a contacter,,,,,,,,,,,,maintenance,Autres travaux d'installation n.c.a.,MARTIGNAS-SUR-JALLE,33127,33,,,,SPJE TECHNOLOGIE,Président de SAS,ca+15|effectif+10|categorie+5|anciennete+5|dirigeant+5,https://www.pappers.fr/entreprise/810026302,https://annuaire-entreprises.data.gouv.fr/entreprise/810026302,"https://www.google.com/maps?q=44.8501332807572,-0.757759581294999",https://www.google.com/search?q=ILEX+AQUITAINE+MARTIGNAS-SUR-JALLE,https://www.linkedin.com/search/results/companies/?keywords=ILEX+AQUITAINE,https://www.pagesjaunes.fr/annuaire/chercherlespros?quoiqui=ILEX+AQUITAINE&ou=MARTIGNAS-SUR-JALLE,https://www.societe.com/cgi-bin/search?champs=810026302,,,,10-19,PME,1,2,1806495,-11097,2024,11,2015-01-25,SAS,,3248,FR95810026302,active,810026302,81002630200028,43.29B,LE PARC DE MONFAUCON 7 CHEMIN DE MONFAUCON 33127 MARTIGNAS-SUR-JALLE,44.8501332807572,-0.757759581294999,,,,SPJE TECHNOLOGIE SARL (ASSOCIE UNIQUE) (Président de SAS),non,oui,2026-08-10,sirene,MARTIGNAS-SUR-JALLE
ILEX MIDI-PYRENEES,B,40,a contacter,,,,,,,,,,,,maintenance,Autres travaux d'installation n.c.a.,TOULOUSE,31200,31,,,,ILEX MIDI-PYRENEES,Président de SAS,ca+15|effectif+10|categorie+5|anciennete+5|dirigeant+5,https://www.pappers.fr/entreprise/798902870,https://annuaire-entreprises.data.gouv.fr/entreprise/798902870,"https://www.google.com/maps?q=43.6345352030047,1.41379714782766",https://www.google.com/search?q=ILEX+MIDI-PYRENEES+TOULOUSE,https://www.linkedin.com/search/results/companies/?keywords=ILEX+MIDI-PYRENEES,https://www.pagesjaunes.fr/annuaire/chercherlespros?quoiqui=ILEX+MIDI-PYRENEES&ou=TOULOUSE,https://www.societe.com/cgi-bin/search?champs=798902870,,,,10-19,PME,1,3,3512486,184165,2024,13,2013-11-22,SAS,,3248,FR30798902870,active,798902870,79890287000038,43.29B,BATIMENT A01 31 CHEMIN DE CHANTELLE 31200 TOULOUSE,43.6345352030047,1.41379714782766,,,,SPJE TECHNOLOGIE (Président de SAS),non,oui,2026-08-09,sirene,TOULOUSE
LANGARD,B,40,a contacter,,,,,,,,,,,,maintenance,Autres travaux d'installation n.c.a.,GUISE,02120,02,,,,FABIEN PAILLIE,Président de SAS,ca+15|effectif+10|categorie+5|anciennete+5|dirigeant+5,https://www.pappers.fr/entreprise/409601853,https://annuaire-entreprises.data.gouv.fr/entreprise/409601853,"https://www.google.com/maps?q=49.9066328254506,3.64470361924798",https://www.google.com/search?q=LANGARD+GUISE,https://www.linkedin.com/search/results/companies/?keywords=LANGARD,https://www.pagesjaunes.fr/annuaire/chercherlespros?quoiqui=LANGARD&ou=GUISE,https://www.societe.com/cgi-bin/search?champs=409601853,,,,20-49,PME,1,1,4195029,173308,2024,30,1996-10-29,SAS,,1606,FR65409601853,active,409601853,40960185300016,43.29B,RN 29 RUE DE L'EUROPE 02120 GUISE,49.9066328254506,3.64470361924798,,,,MARYLINE PAILLIE (RUCHE) (Directeur Général); STC AUDIT & CONSEIL (Commissaire aux comptes titulaire),non,oui,2026-08-01,sirene,GUISE
LE FROID CMBH,B,40,a contacter,,,,,,,,,,,,maintenance,Installation de machines et equipements mecaniques,AURILLAC,15000,15,,,,LISSAC HOLDING,Président de SAS,ca+15|effectif+10|categorie+5|anciennete+5|dirigeant+5,https://www.pappers.fr/entreprise/803450915,https://annuaire-entreprises.data.gouv.fr/entreprise/803450915,"https://www.google.com/maps?q=44.903156354,2.4177083469",https://www.google.com/search?q=LE+FROID+CMBH+AURILLAC,https://www.linkedin.com/search/results/companies/?keywords=LE+FROID+CMBH,https://www.pagesjaunes.fr/annuaire/chercherlespros?quoiqui=LE+FROID+CMBH&ou=AURILLAC,https://www.societe.com/cgi-bin/search?champs=803450915,,,,10-19,PME,1,3,2598576,184371,2024,12,2014-07-10,SAS,,1412,FR48803450915,active,803450915,80345091500035,33.20B,BOUDIEU BAS 15000 AURILLAC,44.903156354,2.4177083469,,,,,non,oui,2026-08-06,sirene,AURILLAC
MAF SUD-EST,B,40,a contacter,,,,,,,,,,,,maintenance,Installation de machines et equipements mecaniques,CAVAILLON,84300,84,,,,THOMAS BLANC,Gérant,ca+15|effectif+10|categorie+5|anciennete+5|dirigeant+5,https://www.pappers.fr/entreprise/307520999,https://annuaire-entreprises.data.gouv.fr/entreprise/307520999,"https://www.google.com/maps?q=43.8740210276078,5.03858082292696",https://www.google.com/search?q=MAF+SUD-EST+CAVAILLON,https://www.linkedin.com/search/results/companies/?keywords=MAF+SUD-EST,https://www.pagesjaunes.fr/annuaire/chercherlespros?quoiqui=MAF+SUD-EST&ou=CAVAILLON,https://www.societe.com/cgi-bin/search?champs=307520999,,,,10-19,ETI,1,2,1314832,24967,2024,54,1972-01-01,SARL,,3248,FR83307520999,active,307520999,30752099900037,33.20B,QUARTIER LES GIRARDES ROUTE DE L'ISLE SUR SORGUE 84300 CAVAILLON,43.8740210276078,5.03858082292696,,,,,non,oui,2026-08-04,sirene,CAVAILLON
MAINTENANCE INDUSTRIELLE ET MANUTENTION,B,40,a contacter,,,,,,,,,,,,maintenance,Reparation de machines et equipements mecaniques,OS-MARSILLON,64150,64,,,,HENRI ROBERT BRIERE,Gérant,ca+15|effectif+10|categorie+5|anciennete+5|dirigeant+5,https://www.pappers.fr/entreprise/353693401,https://annuaire-entreprises.data.gouv.fr/entreprise/353693401,"https://www.google.com/maps?q=43.383195855,-0.594204985",https://www.google.com/search?q=MAINTENANCE+INDUSTRIELLE+ET+MANUTENTION+OS-MARSILLON,https://www.linkedin.com/search/results/companies/?keywords=MAINTENANCE+INDUSTRIELLE+ET+MANUTENTION,https://www.pagesjaunes.fr/annuaire/chercherlespros?quoiqui=MAINTENANCE+INDUSTRIELLE+ET+MANUTENTION&ou=OS-MARSILLON,https://www.societe.com/cgi-bin/search?champs=353693401,,,,50-99,PME,1,3,6900918,765563,2024,36,1990-02-01,SARL,,3248,FR28353693401,active,353693401,35369340100021,33.12Z,4 CHEMIN DE LA SCIERIE 64150 OS-MARSILLON,43.383195855,-0.594204985,,,,,non,oui,2026-08-05,sirene,OS-MARSILLON
MARS MAINTENANCE ASCENSEURS REGION SUD,B,40,a contacter,,,,,,,,,,,,maintenance,Autres travaux d'installation n.c.a.,MARSEILLE,13012,13,,,,BENOIT ANTOINE MARIE CHRISTOPHE GORIOUX,Président de SAS,ca+15|effectif+10|categorie+5|anciennete+5|dirigeant+5,https://www.pappers.fr/entreprise/442088399,https://annuaire-entreprises.data.gouv.fr/entreprise/442088399,"https://www.google.com/maps?q=43.305337602,5.418021348",https://www.google.com/search?q=MARS+MAINTENANCE+ASCENSEURS+REGION+SUD+MARSEILLE,https://www.linkedin.com/search/results/companies/?keywords=MARS+MAINTENANCE+ASCENSEURS+REGION+SUD,https://www.pagesjaunes.fr/annuaire/chercherlespros?quoiqui=MARS+MAINTENANCE+ASCENSEURS+REGION+SUD&ou=MARSEILLE,https://www.societe.com/cgi-bin/search?champs=442088399,,,,10-19,PME,1,4,2571964,24495,2024,24,2002-06-01,SAS,,3248,FR20442088399,active,442088399,44208839900047,43.29B,68 AVENUE DE SAINT JULIEN 13012 MARSEILLE,43.305337602,5.418021348,,,,,non,oui,2026-08-05,sirene,MARSEILLE
MATACHANA FRANCE SA,B,40,a contacter,,,,,,,,,,,,maintenance,"Installation d'equipements electriques, de materiels electroniques et optiques ou d'autres materiels",CRETEIL,94000,94,,,,TOMAS ADOT,Directeur Général,ca+15|effectif+10|categorie+5|anciennete+5|dirigeant+5,https://www.pappers.fr/entreprise/341722379,https://annuaire-entreprises.data.gouv.fr/entreprise/341722379,"https://www.google.com/maps?q=48.764325963,2.473391017",https://www.google.com/search?q=MATACHANA+FRANCE+SA+CRETEIL,https://www.linkedin.com/search/results/companies/?keywords=MATACHANA+FRANCE+SA,https://www.pagesjaunes.fr/annuaire/chercherlespros?quoiqui=MATACHANA+FRANCE+SA&ou=CRETEIL,https://www.societe.com/cgi-bin/search?champs=341722379,,,,50-99,PME,1,4,20544223,954676,2024,39,1987-06-03,SAS,,9999,FR48341722379,active,341722379,34172237900045,33.20D,EUROPARC 5 ALLEE DES SAULES 94000 CRETEIL,48.764325963,2.473391017,,,,CHRISTINE MARIE DENISE GRONDIN (PATEE) (Commissaire aux comptes suppléant); FIDEXO AUDIT (Commissaire aux comptes titulaire); SA ANTONIO MATACHANA (Président de SAS),non,oui,2026-08-09,sirene,CRETEIL
MEGA-LD,B,40,a contacter,,,,,,,,,,,,maintenance,Autres travaux d'installation n.c.a.,MARSEILLE,13010,13,,,,KRASIMIR STANEV,Président de SAS,ca+15|effectif+10|categorie+5|anciennete+5|dirigeant+5,https://www.pappers.fr/entreprise/797819380,https://annuaire-entreprises.data.gouv.fr/entreprise/797819380,"https://www.google.com/maps?q=43.28093283,5.3976442332",https://www.google.com/search?q=MEGA-LD+MARSEILLE,https://www.linkedin.com/search/results/companies/?keywords=MEGA-LD,https://www.pagesjaunes.fr/annuaire/chercherlespros?quoiqui=MEGA-LD&ou=MARSEILLE,https://www.societe.com/cgi-bin/search?champs=797819380,,,,10-19,PME,1,3,559570,38586,2023,13,2013-10-09,SAS,,,FR30797819380,active,797819380,79781938000032,43.29B,16 RUE JEAN BAPTISTE REBOUL 13010 MARSEILLE,43.28093283,5.3976442332,,,,NADEZHDA STANEV (STANEVA) (Président de SAS),non,oui,2026-08-05,sirene,MARSEILLE
MILLARD FROID,B,40,a contacter,,,,,,,,,,,,maintenance,Installation de machines et equipements mecaniques,YZEURE,03400,03,,,,THIERRY EMMANUEL THEVENET,Directeur Général,ca+15|effectif+10|categorie+5|anciennete+5|dirigeant+5,https://www.pappers.fr/entreprise/347910127,https://annuaire-entreprises.data.gouv.fr/entreprise/347910127,"https://www.google.com/maps?q=46.557267598,3.3418236829",https://www.google.com/search?q=MILLARD+FROID+YZEURE,https://www.linkedin.com/search/results/companies/?keywords=MILLARD+FROID,https://www.pagesjaunes.fr/annuaire/chercherlespros?quoiqui=MILLARD+FROID&ou=YZEURE,https://www.societe.com/cgi-bin/search?champs=347910127,,,,10-19,PME,1,3,2392622,88425,2025,39,1987-10-01,SAS,,1412,FR14347910127,active,347910127,34791012700013,33.20B,13 RUE AMPERE 03400 YZEURE,46.557267598,3.3418236829,,,,ALDERAAN (Président de SAS),non,oui,2026-08-02,sirene,YZEURE
NOUVELLE SOCIETE AMAT,B,40,a contacter,,,,,,,,,,,,maintenance,Reparation de machines et equipements mecaniques,NARBONNE,11100,11,,,,MARTINE CHRISTINE PRIOUL (DI PAOLO),Gérant,ca+15|effectif+10|categorie+5|anciennete+5|dirigeant+5,https://www.pappers.fr/entreprise/450119250,https://annuaire-entreprises.data.gouv.fr/entreprise/450119250,"https://www.google.com/maps?q=43.1651877387815,2.99324168415401",https://www.google.com/search?q=NOUVELLE+SOCIETE+AMAT+NARBONNE,https://www.linkedin.com/search/results/companies/?keywords=NOUVELLE+SOCIETE+AMAT,https://www.pagesjaunes.fr/annuaire/chercherlespros?quoiqui=NOUVELLE+SOCIETE+AMAT&ou=NARBONNE,https://www.societe.com/cgi-bin/search?champs=450119250,,,,10-19,PME,1,3,1225296,7423,2024,23,2003-08-22,SARL,,3248,FR04450119250,active,450119250,45011925000030,33.12Z,3 RUE PIERRE SOUVESTRE 11100 NARBONNE,43.1651877387815,2.99324168415401,,,,MARTINE CHRISTINE DI PAOLO (PRIOUL) (Gérant),non,oui,2026-08-04,sirene,NARBONNE
OPNA BORDEAUX,B,40,a contacter,,,,,,,,,,,,maintenance,Autres travaux d'installation n.c.a.,MERIGNAC,33700,33,,,,BENOIT COURNET,Gérant,ca+15|effectif+10|categorie+5|anciennete+5|dirigeant+5,https://www.pappers.fr/entreprise/830008306,https://annuaire-entreprises.data.gouv.fr/entreprise/830008306,"https://www.google.com/maps?q=44.8464020610078,-0.675885589471067",https://www.google.com/search?q=OPNA+BORDEAUX+MERIGNAC,https://www.linkedin.com/search/results/companies/?keywords=OPNA+BORDEAUX,https://www.pagesjaunes.fr/annuaire/chercherlespros?quoiqui=OPNA+BORDEAUX&ou=MERIGNAC,https://www.societe.com/cgi-bin/search?champs=830008306,,,,10-19,PME,1,3,1608048,19693,2024,9,2017-05-30,SARL,,3248,FR10830008306,active,830008306,83000830600037,43.29B,9 ALLEE FELIX NADAR 33700 MERIGNAC,44.8464020610078,-0.675885589471067,,,,ARNAUD TEYSSENDIER DE LA SERVE (Gérant),non,oui,2026-08-10,sirene,MERIGNAC
OUVRAGES DE CHAUDRONNERIE ET MAINTENANCE INDUCTRIELLE,B,40,a contacter,,,,,,,,,,,,maintenance,Installation de machines et equipements mecaniques,QUEVERT,22100,22,,,,FINANCIERE DE LA RANCE,Président de SAS,ca+15|effectif+10|categorie+5|anciennete+5|dirigeant+5,https://www.pappers.fr/entreprise/821600863,https://annuaire-entreprises.data.gouv.fr/entreprise/821600863,"https://www.google.com/maps?q=48.459524381,-2.066925161",https://www.google.com/search?q=OUVRAGES+DE+CHAUDRONNERIE+ET+MAINTENANCE+INDUCTRIELLE+QUEVERT,https://www.linkedin.com/search/results/companies/?keywords=OUVRAGES+DE+CHAUDRONNERIE+ET+MAINTENANCE+INDUCTRIELLE,https://www.pagesjaunes.fr/annuaire/chercherlespros?quoiqui=OUVRAGES+DE+CHAUDRONNERIE+ET+MAINTENANCE+INDUCTRIELLE&ou=QUEVERT,https://www.societe.com/cgi-bin/search?champs=821600863,,,,10-19,PME,1,3,1270797,-34263,2024,10,2016-09-01,SAS,,3248,FR09821600863,active,821600863,82160086300038,33.20B,9 BOULEVARD DE PREVAL 22100 QUEVERT,48.459524381,-2.066925161,,,,,non,oui,2026-08-07,sirene,QUEVERT
PESTER FRANCE,B,40,a contacter,,,,,,,,,,,,maintenance,Reparation de machines et equipements mecaniques,SAINT-ANDRE-SUR-ORNE,14320,14,,,,THOMAS PESTER,Président de SAS,ca+15|effectif+10|categorie+5|anciennete+5|dirigeant+5,https://www.pappers.fr/entreprise/413558115,https://annuaire-entreprises.data.gouv.fr/entreprise/413558115,"https://www.google.com/maps?q=49.122514806,-0.374127004",https://www.google.com/search?q=PESTER+FRANCE+SAINT-ANDRE-SUR-ORNE,https://www.linkedin.com/search/results/companies/?keywords=PESTER+FRANCE,https://www.pagesjaunes.fr/annuaire/chercherlespros?quoiqui=PESTER+FRANCE&ou=SAINT-ANDRE-SUR-ORNE,https://www.societe.com/cgi-bin/search?champs=413558115,,,,10-19,PME,1,5,4036532,402287,2024,29,1997-09-01,SAS,,3248,FR28413558115,active,413558115,41355811500049,33.12Z,ZA DU GRAND CLOS 40 RUE ALFRED LEFEVRE 14320 SAINT-ANDRE-SUR-ORNE,49.122514806,-0.374127004,,,,KLEBER AUDIT (Commissaire aux comptes titulaire),non,oui,2026-08-06,sirene,SAINT-ANDRE-SUR-ORNE
POLAIR'SYSTEM,B,40,a contacter,,,,,,,,,,,,maintenance,Installation de machines et equipements mecaniques,FONTAINE-LES-DIJON,21121,21,,,,ALEXANDRE SERGE FINOT,Président de SAS,ca+15|effectif+10|categorie+5|anciennete+5|dirigeant+5,https://www.pappers.fr/entreprise/392412094,https://annuaire-entreprises.data.gouv.fr/entreprise/392412094,"https://www.google.com/maps?q=47.355449761,5.0277300231",https://www.google.com/search?q=POLAIR%27SYSTEM+FONTAINE-LES-DIJON,https://www.linkedin.com/search/results/companies/?keywords=POLAIR%27SYSTEM,https://www.pagesjaunes.fr/annuaire/chercherlespros?quoiqui=POLAIR%27SYSTEM&ou=FONTAINE-LES-DIJON,https://www.societe.com/cgi-bin/search?champs=392412094,,,,10-19,PME,1,3,2565782,-20925,2024,33,1993-09-15,SAS,,1412,FR62392412094,active,392412094,39241209400030,33.20B,5 RUE AUX CHAMPS DES CRAIES 21121 FONTAINE-LES-DIJON,47.355449761,5.0277300231,,,,,non,oui,2026-08-07,sirene,FONTAINE-LES-DIJON
REVVITY,B,40,a contacter,,,,,,,,,,,,maintenance,Reparation de materiels electroniques et optiques,BUSSY-SAINT-MARTIN,77600,77,,,,JOHN LEO HEALY,Directeur Général,ca+15|effectif+10|categorie+5|dirigeant+5|labels+5,https://www.pappers.fr/entreprise/692031115,https://annuaire-entreprises.data.gouv.fr/entreprise/692031115,"https://www.google.com/maps?q=48.8405338859275,2.66656714348235",https://www.google.com/search?q=REVVITY+BUSSY-SAINT-MARTIN,https://www.linkedin.com/search/results/companies/?keywords=REVVITY,https://www.pagesjaunes.fr/annuaire/chercherlespros?quoiqui=REVVITY&ou=BUSSY-SAINT-MARTIN,https://www.societe.com/cgi-bin/search?champs=692031115,,,,50-99,ETI,1,21,33989633,34821805,2024,126,1900-01-01,SAS,Organisme de formation,3248,FR29692031115,active,692031115,69203111500235,33.13Z,BAT LE NOYER 1 AVENUE MARNE ET GONDOIRE 77600 BUSSY-SAINT-MARTIN,48.8405338859275,2.66656714348235,,,,"DELOITTE & ASSOCIES (Commissaire aux comptes titulaire); REVVITY NEDERLAND B.V, (Président de SAS)",non,oui,2026-08-05,sirene,BUSSY-SAINT-MARTIN
SA H PETIT ET CIE FOURN INDUST,B,40,a contacter,,,,,,,,,,,,maintenance,Installation de machines et equipements mecaniques,AUBENAS,07200,07,,,,ROBERT CHARTIER APPLICATION,Président de SAS,ca+15|effectif+10|categorie+5|anciennete+5|dirigeant+5,https://www.pappers.fr/entreprise/385720040,https://annuaire-entreprises.data.gouv.fr/entreprise/385720040,"https://www.google.com/maps?q=44.605141931,4.3945099034",https://www.google.com/search?q=SA+H+PETIT+ET+CIE+FOURN+INDUST+AUBENAS,https://www.linkedin.com/search/results/companies/?keywords=SA+H+PETIT+ET+CIE+FOURN+INDUST,https://www.pagesjaunes.fr/annuaire/chercherlespros?quoiqui=SA+H+PETIT+ET+CIE+FOURN+INDUST&ou=AUBENAS,https://www.societe.com/cgi-bin/search?champs=385720040,,,,10-19,PME,1,2,2868285,7744,2024,69,1957-01-01,SAS,,3248,FR87385720040,active,385720040,38572004000018,33.20B,AV DE BELLANDE 7 CHEMIN DE SAINT-PIERRE 07200 AUBENAS,44.605141931,4.3945099034,,,,ROUVIERE AUDIT (Commissaire aux comptes titulaire),non,oui,2026-08-03,sirene,AUBENAS
SARL MONJARET,B,40,a contacter,,,,,,,,,,,,maintenance,Reparation de machines et equipements mecaniques,PLOEZAL,22260,22,,,,GUILLAUME MONJARET (MONJARET),Gérant,ca+15|effectif+10|categorie+5|anciennete+5|dirigeant+5,https://www.pappers.fr/entreprise/328565809,https://annuaire-entreprises.data.gouv.fr/entreprise/328565809,"https://www.google.com/maps?q=48.722962519,-3.162150008",https://www.google.com/search?q=SARL+MONJARET+PLOEZAL,https://www.linkedin.com/search/results/companies/?keywords=SARL+MONJARET,https://www.pagesjaunes.fr/annuaire/chercherlespros?quoiqui=SARL+MONJARET&ou=PLOEZAL,https://www.societe.com/cgi-bin/search?champs=328565809,,,,10-19,PME,1,2,2307686,171476,2023,43,1983-10-01,SARL,,3248,FR26328565809,active,328565809,32856580900014,33.12Z,4 PL CRENN 22260 PLOEZAL,48.722962519,-3.162150008,,,,,non,oui,2026-08-07,sirene,PLOEZAL
SAS MAUNAIS-MAINGARD,B,40,a contacter,,,,,,,,,,,,maintenance,Reparation de machines et equipements mecaniques,SEGONZAC,16130,16,,,,JEAN CHRISTOPHE MAINGARD,Président de SAS,ca+15|effectif+10|categorie+5|anciennete+5|dirigeant+5,https://www.pappers.fr/entreprise/388245151,https://annuaire-entreprises.data.gouv.fr/entreprise/388245151,"https://www.google.com/maps?q=45.616226657,-0.223537938",https://www.google.com/search?q=SAS+MAUNAIS-MAINGARD+SEGONZAC,https://www.linkedin.com/search/results/companies/?keywords=SAS+MAUNAIS-MAINGARD,https://www.pagesjaunes.fr/annuaire/chercherlespros?quoiqui=SAS+MAUNAIS-MAINGARD&ou=SEGONZAC,https://www.societe.com/cgi-bin/search?champs=388245151,,,,10-19,PME,1,1,2941134,41788,2024,34,1992-07-01,SAS,,1404,FR11388245151,active,388245151,38824515100013,33.12Z,RUE PIERRE VIALA 16130 SEGONZAC,45.616226657,-0.223537938,,,,JEAN-CHRISTOPHE MAINGARD (MAINGARD) (Président de SAS); CLAUDE MAUNAIS (MAUNAIS) (Directeur Général); CLAUDE THEODORE ALEXANDRE MAUNAIS (Directeur Général); VALERIE MAINGARD (MAUNAIS) (Directeur Général),non,oui,2026-08-06,sirene,SEGONZAC
SASU FLYLIFT ASCENSEURS,B,40,a contacter,,,,,,,,,,,,maintenance,Autres travaux d'installation n.c.a.,MARSEILLE,13013,13,,,,AHMAD MOHAMAD,Président de SAS,ca+15|effectif+10|categorie+5|anciennete+5|dirigeant+5,https://www.pappers.fr/entreprise/843107707,https://annuaire-entreprises.data.gouv.fr/entreprise/843107707,"https://www.google.com/maps?q=43.359530983,5.4150696625",https://www.google.com/search?q=SASU+FLYLIFT+ASCENSEURS+MARSEILLE,https://www.linkedin.com/search/results/companies/?keywords=SASU+FLYLIFT+ASCENSEURS,https://www.pagesjaunes.fr/annuaire/chercherlespros?quoiqui=SASU+FLYLIFT+ASCENSEURS&ou=MARSEILLE,https://www.societe.com/cgi-bin/search?champs=843107707,,,,10-19,PME,1,1,542184,183433,2022,8,2018-10-05,SAS,,"1596, 2420, 2609",FR21843107707,active,843107707,84310770700013,43.29B,88 RUE GRATTELOUP 13013 MARSEILLE,43.359530983,5.4150696625,,,,,non,oui,2026-08-05,sirene,MARSEILLE
SOCIETE ANALYSE DETECTION SECURITE,B,40,a contacter,,,,,,,,,,,,maintenance,"Installation d'equipements electriques, de materiels electroniques et optiques ou d'autres materiels",COIGNIERES,78310,78,,,,AUDACC,Commissaire aux comptes titulaire,ca+15|effectif+10|categorie+5|anciennete+5|dirigeant+5,https://www.pappers.fr/entreprise/314023664,https://annuaire-entreprises.data.gouv.fr/entreprise/314023664,"https://www.google.com/maps?q=48.752578558,1.9345524534",https://www.google.com/search?q=SOCIETE+ANALYSE+DETECTION+SECURITE+COIGNIERES,https://www.linkedin.com/search/results/companies/?keywords=SOCIETE+ANALYSE+DETECTION+SECURITE,https://www.pagesjaunes.fr/annuaire/chercherlespros?quoiqui=SOCIETE+ANALYSE+DETECTION+SECURITE&ou=COIGNIERES,https://www.societe.com/cgi-bin/search?champs=314023664,,,,20-49,PME,1,5,11097983,738225,2024,48,1978-01-01,SAS,,3248,FR20314023664,active,314023664,31402366400035,33.20D,31 RTE DE PARIS RN 10 78310 COIGNIERES,48.752578558,1.9345524534,,,,VESTA BIDCO (Président de SAS),non,oui,2026-08-07,sirene,COIGNIERES
SOCIETE D'APPLICATION ET D'INGENIERIE INDUSTRIELLE ET INFORMATIQUE - SA3I,B,40,a contacter,,,,,,,,,,,,maintenance,"Installation d'equipements electriques, de materiels electroniques et optiques ou d'autres materiels",THIAIS,94320,94,,,,FORVIS MAZARS SA,Commissaire aux comptes titulaire,ca+15|effectif+10|categorie+5|anciennete+5|dirigeant+5,https://www.pappers.fr/entreprise/399272244,https://annuaire-entreprises.data.gouv.fr/entreprise/399272244,"https://www.google.com/maps?q=48.757049607617,2.39616462268043",https://www.google.com/search?q=SOCIETE+D%27APPLICATION+ET+D%27INGENIERIE+INDUSTRIELLE+ET+INFORMATIQUE+-+SA3I+THIAIS,https://www.linkedin.com/search/results/companies/?keywords=SOCIETE+D%27APPLICATION+ET+D%27INGENIERIE+INDUSTRIELLE+ET+INFORMATIQUE+-+SA3I,https://www.pagesjaunes.fr/annuaire/chercherlespros?quoiqui=SOCIETE+D%27APPLICATION+ET+D%27INGENIERIE+INDUSTRIELLE+ET+INFORMATIQUE+-+SA3I&ou=THIAIS,https://www.societe.com/cgi-bin/search?champs=399272244,,,,50-99,GE,1,14,22276072,1531296,2024,32,1994-11-16,SAS,,3248,FR22399272244,active,399272244,39927224400100,33.20D,BATIMENT F 37 RUE HELENE MULLER 94320 THIAIS,48.757049607617,2.39616462268043,,,,GROUPE BELENOR (Président de SAS),non,oui,2026-08-05,sirene,THIAIS
SOCIETE DES ETABLISSEMENTS SIMPLEX,B,40,a contacter,,,,,,,,,,,,maintenance,Autres travaux d'installation n.c.a.,MARSEILLE,13010,13,,,,CHRISTOPHE HESS,Gérant,ca+15|effectif+10|categorie+5|anciennete+5|dirigeant+5,https://www.pappers.fr/entreprise/071802508,https://annuaire-entreprises.data.gouv.fr/entreprise/071802508,"https://www.google.com/maps?q=43.281816861,5.4278951643",https://www.google.com/search?q=SOCIETE+DES+ETABLISSEMENTS+SIMPLEX+MARSEILLE,https://www.linkedin.com/search/results/companies/?keywords=SOCIETE+DES+ETABLISSEMENTS+SIMPLEX,https://www.pagesjaunes.fr/annuaire/chercherlespros?quoiqui=SOCIETE+DES+ETABLISSEMENTS+SIMPLEX&ou=MARSEILLE,https://www.societe.com/cgi-bin/search?champs=071802508,,,,10-19,PME,1,2,1690757,106858,2022,55,1971-01-01,SARL,,,FR24071802508,active,071802508,07180250800029,43.29B,5 BOULEVARD DE SAINT LOUP 13010 MARSEILLE,43.281816861,5.4278951643,,,,CHRISTOPHE CLAUDE HESS (Gérant),non,oui,2026-08-04,sirene,MARSEILLE
SOCIETE DIFFUSION EQUIPEMENTS AUTOMATIQUES,B,40,a contacter,,,,,,,,,,,,maintenance,"Installation d'equipements electriques, de materiels electroniques et optiques ou d'autres materiels",TOULOUGES,66350,66,,,,JEAN-MICHEL MASSIA,Gérant,ca+15|effectif+10|categorie+5|anciennete+5|dirigeant+5,https://www.pappers.fr/entreprise/325175255,https://annuaire-entreprises.data.gouv.fr/entreprise/325175255,"https://www.google.com/maps?q=42.6618780747992,2.83055554992134",https://www.google.com/search?q=SOCIETE+DIFFUSION+EQUIPEMENTS+AUTOMATIQUES+TOULOUGES,https://www.linkedin.com/search/results/companies/?keywords=SOCIETE+DIFFUSION+EQUIPEMENTS+AUTOMATIQUES,https://www.pagesjaunes.fr/annuaire/chercherlespros?quoiqui=SOCIETE+DIFFUSION+EQUIPEMENTS+AUTOMATIQUES&ou=TOULOUGES,https://www.societe.com/cgi-bin/search?champs=325175255,,,,10-19,PME,1,2,695484,681477,2024,44,1982-08-01,SARL,,,FR75325175255,active,325175255,32517525500026,33.20D,ZA BALTAZA 19 RUE GISCLARD 66350 TOULOUGES,42.6618780747992,2.83055554992134,,,,,non,oui,2026-08-09,sirene,TOULOUGES
SOCIETE NOUVELLE SIBA,B,40,a contacter,,,,,,,,,,,,maintenance,Reparation de materiels electroniques et optiques,TRELIVAN,22100,22,,,,LIONEL JEAN-MARIE ALLAIN,Président de SAS,ca+15|effectif+10|categorie+5|anciennete+5|dirigeant+5,https://www.pappers.fr/entreprise/839843570,https://annuaire-entreprises.data.gouv.fr/entreprise/839843570,"https://www.google.com/maps?q=48.445522633,-2.103999361",https://www.google.com/search?q=SOCIETE+NOUVELLE+SIBA+TRELIVAN,https://www.linkedin.com/search/results/companies/?keywords=SOCIETE+NOUVELLE+SIBA,https://www.pagesjaunes.fr/annuaire/chercherlespros?quoiqui=SOCIETE+NOUVELLE+SIBA&ou=TRELIVAN,https://www.societe.com/cgi-bin/search?champs=839843570,,,,10-19,PME,1,2,1854387,65026,2025,8,2018-05-24,SAS,,3248,FR51839843570,active,839843570,83984357000012,33.13Z,BEL AIR 22100 TRELIVAN,48.445522633,-2.103999361,,,,LIMA ALPHA (Directeur Général),non,oui,2026-08-07,sirene,TRELIVAN
STORM (SERVICES TECHNIQUES - ORGANISATION - REGLAGE - MAINTENANCE),B,40,a contacter,,,,,,,,,,,,maintenance,Reparation de machines et equipements mecaniques,SENONCHES,28250,28,,,,STÉPHANE RÉMY JAMES VALLETTE,Président de SAS,ca+15|effectif+10|categorie+5|anciennete+5|dirigeant+5,https://www.pappers.fr/entreprise/439025784,https://annuaire-entreprises.data.gouv.fr/entreprise/439025784,"https://www.google.com/maps?q=48.5713384273817,1.02868503436911",https://www.google.com/search?q=STORM+%28SERVICES+TECHNIQUES+-+ORGANISATION+-+REGLAGE+-+MAINTENANCE%29+SENONCHES,https://www.linkedin.com/search/results/companies/?keywords=STORM+%28SERVICES+TECHNIQUES+-+ORGANISATION+-+REGLAGE+-+MAINTENANCE%29,https://www.pagesjaunes.fr/annuaire/chercherlespros?quoiqui=STORM+%28SERVICES+TECHNIQUES+-+ORGANISATION+-+REGLAGE+-+MAINTENANCE%29&ou=SENONCHES,https://www.societe.com/cgi-bin/search?champs=439025784,,,,10-19,PME,1,2,2131211,46938,2025,25,2001-08-27,SAS,,3248,FR15439025784,active,439025784,43902578400026,33.12Z,Z.I. DU FOSSE ROUGE 10 ROUTE DE LA FRAMBOISIERE 28250 SENONCHES,48.5713384273817,1.02868503436911,,,,,non,oui,2026-08-08,sirene,SENONCHES
SW FRANCE,B,40,a contacter,,,,,,,,,,,,maintenance,Reparation de machines et equipements mecaniques,MONTLUEL,01120,01,,,,CLAUDE BALLAY,Directeur Général,ca+15|effectif+10|categorie+5|anciennete+5|dirigeant+5,https://www.pappers.fr/entreprise/847632296,https://annuaire-entreprises.data.gouv.fr/entreprise/847632296,"https://www.google.com/maps?q=45.8457064525472,5.05735966610799",https://www.google.com/search?q=SW+FRANCE+MONTLUEL,https://www.linkedin.com/search/results/companies/?keywords=SW+FRANCE,https://www.pagesjaunes.fr/annuaire/chercherlespros?quoiqui=SW+FRANCE&ou=MONTLUEL,https://www.societe.com/cgi-bin/search?champs=847632296,,,,10-19,PME,1,1,3760440,71965,2024,7,2019-01-19,SAS,,3248,FR93847632296,active,847632296,84763229600012,33.12Z,432 RUE DES VALETS 01120 MONTLUEL,45.8457064525472,5.05735966610799,,,,KAI UWE PIERONCZYK (Président de SAS),non,oui,2026-08-01,sirene,MONTLUEL
T J M I,B,40,a contacter,,,,,,,,,,,,maintenance,Installation de machines et equipements mecaniques,QUESSOY,22120,22,,,,AUDACC,Commissaire aux comptes titulaire,ca+15|effectif+10|categorie+5|anciennete+5|dirigeant+5,https://www.pappers.fr/entreprise/521178673,https://annuaire-entreprises.data.gouv.fr/entreprise/521178673,"https://www.google.com/maps?q=48.444660355,-2.64609834",https://www.google.com/search?q=T+J+M+I+QUESSOY,https://www.linkedin.com/search/results/companies/?keywords=T+J+M+I,https://www.pagesjaunes.fr/annuaire/chercherlespros?quoiqui=T+J+M+I&ou=QUESSOY,https://www.societe.com/cgi-bin/search?champs=521178673,,,,20-49,PME,1,2,5427827,130379,2021,16,2010-03-06,SAS,,3248,FR15521178673,active,521178673,52117867300021,33.20B,RUE DE L'ESPERANCE 22120 QUESSOY,48.444660355,-2.64609834,,,,JTI (Président de SAS),non,oui,2026-08-07,sirene,QUESSOY
TECHNIQUE FROID CLIMATISATION,B,40,a contacter,,,,,,,,,,,,maintenance,Installation de machines et equipements mecaniques,BALMA,31130,31,,,,GUILLAUME FERRAND (FERRAND),Président de SAS,ca+15|effectif+10|categorie+5|anciennete+5|dirigeant+5,https://www.pappers.fr/entreprise/349133967,https://annuaire-entreprises.data.gouv.fr/entreprise/349133967,"https://www.google.com/maps?q=43.626695488,1.4852727227",https://www.google.com/search?q=TECHNIQUE+FROID+CLIMATISATION+BALMA,https://www.linkedin.com/search/results/companies/?keywords=TECHNIQUE+FROID+CLIMATISATION,https://www.pagesjaunes.fr/annuaire/chercherlespros?quoiqui=TECHNIQUE+FROID+CLIMATISATION&ou=BALMA,https://www.societe.com/cgi-bin/search?champs=349133967,,,,10-19,GE,1,3,3023065,330210,2024,37,1989-01-10,SAS,,1412,FR84349133967,active,349133967,34913396700043,33.20B,8 AVENUE PRAT GIMONT 31130 BALMA,43.626695488,1.4852727227,,,,,non,oui,2026-08-09,sirene,BALMA
UNION CLIMATIQUE ET FRIGORIFIQUE,B,40,a contacter,,,,,,,,,,,,maintenance,Installation de machines et equipements mecaniques,VILLENEUVE-LES-BOULOC,31620,31,,,,ESR GROUPE,Président de SAS,ca+15|effectif+10|categorie+5|anciennete+5|dirigeant+5,https://www.pappers.fr/entreprise/347666455,https://annuaire-entreprises.data.gouv.fr/entreprise/347666455,"https://www.google.com/maps?q=43.770520136,1.3799423232",https://www.google.com/search?q=UNION+CLIMATIQUE+ET+FRIGORIFIQUE+VILLENEUVE-LES-BOULOC,https://www.linkedin.com/search/results/companies/?keywords=UNION+CLIMATIQUE+ET+FRIGORIFIQUE,https://www.pagesjaunes.fr/annuaire/chercherlespros?quoiqui=UNION+CLIMATIQUE+ET+FRIGORIFIQUE&ou=VILLENEUVE-LES-BOULOC,https://www.societe.com/cgi-bin/search?champs=347666455,,,,20-49,PME,1,4,3232748,231949,2022,38,1988-08-01,SAS,,"2609, 1412",FR87347666455,active,347666455,34766645500048,33.20B,12 AVENUE DE FONTREAL 31620 VILLENEUVE-LES-BOULOC,43.770520136,1.3799423232,,,,,non,oui,2026-08-09,sirene,VILLENEUVE-LES-BOULOC
SOCIETE D'ELECTROTECHNIQUE INDUSTRIELLE ET DE BOBINAGE,C,38,a contacter,,,,,,,,,,,,maintenance,Reparation d'equipements electriques,PASSEL,60400,60,,,,LAURENT MAILLARD,Commissaire aux comptes titulaire,effectif+10|categorie+5|multi-agences+8|anciennete+5|dirigeant+5|labels+5,https://www.pappers.fr/entreprise/380560581,https://annuaire-entreprises.data.gouv.fr/entreprise/380560581,"https://www.google.com/maps?q=49.552533763,2.9632192955",https://www.google.com/search?q=SOCIETE+D%27ELECTROTECHNIQUE+INDUSTRIELLE+ET+DE+BOBINAGE+PASSEL,https://www.linkedin.com/search/results/companies/?keywords=SOCIETE+D%27ELECTROTECHNIQUE+INDUSTRIELLE+ET+DE+BOBINAGE,https://www.pagesjaunes.fr/annuaire/chercherlespros?quoiqui=SOCIETE+D%27ELECTROTECHNIQUE+INDUSTRIELLE+ET+DE+BOBINAGE&ou=PASSEL,https://www.societe.com/cgi-bin/search?champs=380560581,,,,100-199,PME,10,19,,311055,2024,35,1991-01-01,SAS,"Qualiopi, Organisme de formation","3248, 0650",FR00380560581,active,380560581,38056058100064,33.14Z,PARC D'ACTIVITE NOYON-PASSEL AVENUE DU PARC 60400 PASSEL,49.552533763,2.9632192955,,,,HIDEALE (Président de SAS); SANSIER AUDIT (Commissaire aux comptes suppléant),non,oui,2026-08-01,sirene,PASSEL
ATLAS COPCO FRANCE,C,38,a contacter,,,,,,,,,,,,maintenance,Reparation de machines et equipements mecaniques,FREPILLON,95740,95,,,,FRANCK ALBERT FERNAND BORGNON,Président de SAS,effectif+10|categorie+5|multi-agences+8|anciennete+5|dirigeant+5|labels+5,https://www.pappers.fr/entreprise/348582834,https://annuaire-entreprises.data.gouv.fr/entreprise/348582834,"https://www.google.com/maps?q=49.0459888450755,2.19489635417396",https://www.google.com/search?q=ATLAS+COPCO+FRANCE+FREPILLON,https://www.linkedin.com/search/results/companies/?keywords=ATLAS+COPCO+FRANCE,https://www.pagesjaunes.fr/annuaire/chercherlespros?quoiqui=ATLAS+COPCO+FRANCE&ou=FREPILLON,https://www.societe.com/cgi-bin/search?champs=348582834,,,,250-499,ETI,7,21,190434252,7657932,2025,38,1988-11-09,SAS,Organisme de formation,3248,FR50348582834,active,348582834,34858283400167,33.12Z,ZAC DES EPINEAUX 14 AVENUE LOUIS BLERIOT 95740 FREPILLON,49.0459888450755,2.19489635417396,,,,ERNST & YOUNG AUDIT (Commissaire aux comptes titulaire),non,oui,2026-08-04,sirene,FREPILLON
SOUS TRAITANCE GENIE CLIMATIQUE,C,38,a contacter,,,,,,,,,,,,maintenance,Installation de machines et equipements mecaniques,CHARTRES,28000,28,,,,YANNICK DE CARVALHO,Directeur Général,effectif+10|categorie+5|multi-agences+8|anciennete+5|dirigeant+5|labels+5,https://www.pappers.fr/entreprise/803577105,https://annuaire-entreprises.data.gouv.fr/entreprise/803577105,"https://www.google.com/maps?q=48.435918639,1.4806759386",https://www.google.com/search?q=SOUS+TRAITANCE+GENIE+CLIMATIQUE+CHARTRES,https://www.linkedin.com/search/results/companies/?keywords=SOUS+TRAITANCE+GENIE+CLIMATIQUE,https://www.pagesjaunes.fr/annuaire/chercherlespros?quoiqui=SOUS+TRAITANCE+GENIE+CLIMATIQUE&ou=CHARTRES,https://www.societe.com/cgi-bin/search?champs=803577105,,,,20-49,PME,6,7,,-1433690,2024,12,2014-07-18,SAS,RGE,1412,FR27803577105,active,803577105,80357710500031,33.20B,45-47 45 RUE ALEXANDRE RIBOT 28000 CHARTRES,48.435918639,1.4806759386,,,,ELOISE DE CARVALHO (DE CARVALHO BORGES FERNANDES) (Président de SAS); SOPHIE STEPHAN (Président de SAS),non,oui,2026-08-08,sirene,CHARTRES
B2E,C,38,a contacter,,,,,,,,,,,,maintenance,Autres travaux d'installation n.c.a.,ROYAN,17200,17,,,,ERIC GAUTHIER,Gérant,effectif+10|categorie+5|multi-agences+8|anciennete+5|dirigeant+5|labels+5,https://www.pappers.fr/entreprise/791932213,https://annuaire-entreprises.data.gouv.fr/entreprise/791932213,"https://www.google.com/maps?q=45.6240991123352,-1.03147309713084",https://www.google.com/search?q=B2E+ROYAN,https://www.linkedin.com/search/results/companies/?keywords=B2E,https://www.pagesjaunes.fr/annuaire/chercherlespros?quoiqui=B2E&ou=ROYAN,https://www.societe.com/cgi-bin/search?champs=791932213,,,,10-19,PME,4,8,,-48775,2024,13,2013-03-19,SARL,RGE,"0804, 0573",FR95791932213,active,791932213,79193221300089,43.29B,1 RUE D'AUNIS 17200 ROYAN,45.6240991123352,-1.03147309713084,,,,,non,oui,2026-08-06,sirene,ROYAN
CAEN FROID,C,38,a contacter,,,,,,,,,,,,maintenance,Installation de machines et equipements mecaniques,LOUVIGNY,14111,14,,,,GILLES HENRI FRANCOIS BONENFANT,Président de SAS,effectif+10|categorie+5|multi-agences+8|anciennete+5|dirigeant+5|labels+5,https://www.pappers.fr/entreprise/301296414,https://annuaire-entreprises.data.gouv.fr/entreprise/301296414,"https://www.google.com/maps?q=49.163589548,-0.404872431",https://www.google.com/search?q=CAEN+FROID+LOUVIGNY,https://www.linkedin.com/search/results/companies/?keywords=CAEN+FROID,https://www.pagesjaunes.fr/annuaire/chercherlespros?quoiqui=CAEN+FROID&ou=LOUVIGNY,https://www.societe.com/cgi-bin/search?champs=301296414,,,,50-99,ETI,3,6,,,,56,1970-01-01,SAS,RGE,1412,FR89301296414,active,301296414,30129641400032,33.20B,ZONE ARTISANALE LE MESNIL 14111 LOUVIGNY,49.163589548,-0.404872431,,,,OLLIVIER & ASSOCIES (Commissaire aux comptes titulaire); SOCCOM (Commissaire aux comptes suppléant); CORFEC AUDIT (Commissaire aux comptes titulaire),non,oui,2026-08-05,sirene,LOUVIGNY
MTI MAINTENANCE,C,38,a contacter,,,,,,,,,,,,maintenance,Reparation de machines et equipements mecaniques,CERIZAY,79140,79,,,,LMHT,Directeur Général,effectif+10|categorie+5|multi-agences+8|anciennete+5|dirigeant+5|labels+5,https://www.pappers.fr/entreprise/420434607,https://annuaire-entreprises.data.gouv.fr/entreprise/420434607,"https://www.google.com/maps?q=46.8171254699987,-0.683639690784899",https://www.google.com/search?q=MTI+MAINTENANCE+CERIZAY,https://www.linkedin.com/search/results/companies/?keywords=MTI+MAINTENANCE,https://www.pagesjaunes.fr/annuaire/chercherlespros?quoiqui=MTI+MAINTENANCE&ou=CERIZAY,https://www.societe.com/cgi-bin/search?champs=420434607,,,,10-19,PME,3,6,,112096,2025,28,1998-10-01,SAS,"Qualiopi, Organisme de formation",3248,FR29420434607,active,420434607,42043460700032,33.12Z,110 AVENUE DU 25 AOUT 1944 79140 CERIZAY,46.8171254699987,-0.683639690784899,,,,MAINTECH INDUSTRY (Président de SAS),non,oui,2026-08-01,sirene,CERIZAY
SERVICES D'EQUIPEMENTS ELECTROMECANIQUES,C,38,a contacter,,,,,,,,,,,,maintenance,Reparation d'equipements electriques,BEAUTOR,02800,02,,,,THIBAUT EMMANUEL GEORGE,Gérant,effectif+10|categorie+5|multi-agences+8|anciennete+5|dirigeant+5|labels+5,https://www.pappers.fr/entreprise/301769709,https://annuaire-entreprises.data.gouv.fr/entreprise/301769709,"https://www.google.com/maps?q=49.655772397,3.3367591637",https://www.google.com/search?q=SERVICES+D%27EQUIPEMENTS+ELECTROMECANIQUES+BEAUTOR,https://www.linkedin.com/search/results/companies/?keywords=SERVICES+D%27EQUIPEMENTS+ELECTROMECANIQUES,https://www.pagesjaunes.fr/annuaire/chercherlespros?quoiqui=SERVICES+D%27EQUIPEMENTS+ELECTROMECANIQUES&ou=BEAUTOR,https://www.societe.com/cgi-bin/search?champs=301769709,,,,20-49,PME,3,4,,-45188,2023,52,1974-01-01,SARL,ESS,,FR88301769709,active,301769709,30176970900033,33.14Z,18 RUE DU STADE 02800 BEAUTOR,49.655772397,3.3367591637,,,,KPMG S.A. (Commissaire aux comptes titulaire),non,oui,2026-08-01,sirene,BEAUTOR
T R EQUIPEMENTS,C,38,a contacter,,,,,,,,,,,,maintenance,Installation de machines et equipements mecaniques,MARDEUIL,51530,51,,,,AURORE BATISTE,Gérant,effectif+10|categorie+5|multi-agences+8|anciennete+5|dirigeant+5|labels+5,https://www.pappers.fr/entreprise/387706187,https://annuaire-entreprises.data.gouv.fr/entreprise/387706187,"https://www.google.com/maps?q=49.0591014953831,3.94518339946838",https://www.google.com/search?q=T+R+EQUIPEMENTS+MARDEUIL,https://www.linkedin.com/search/results/companies/?keywords=T+R+EQUIPEMENTS,https://www.pagesjaunes.fr/annuaire/chercherlespros?quoiqui=T+R+EQUIPEMENTS&ou=MARDEUIL,https://www.societe.com/cgi-bin/search?champs=387706187,,,,20-49,PME,3,6,,441675,2024,34,1992-06-09,SARL,RGE,1412,FR12387706187,active,387706187,38770618700052,33.20B,87 ALLEE DE CUMIERES 51530 MARDEUIL,49.0591014953831,3.94518339946838,,,,PAULINE BATISTE (Gérant); THIERRY ANDRE BATISTE (BATISTE) (Gérant); NORD EST AUDIT (Commissaire aux comptes titulaire),non,oui,2026-08-03,sirene,MARDEUIL
ABERIA TELECOMMUNICATIONS,C,38,a contacter,,,,,,,,,,,,maintenance,"Installation d'equipements electriques, de materiels electroniques et optiques ou d'autres materiels",BEZIERS,34500,34,,,,CELIANE,Président de SAS,effectif+10|categorie+5|multi-agences+8|anciennete+5|dirigeant+5|labels+5,https://www.pappers.fr/entreprise/393421086,https://annuaire-entreprises.data.gouv.fr/entreprise/393421086,"https://www.google.com/maps?q=43.3729876629239,3.21986503122121",https://www.google.com/search?q=ABERIA+TELECOMMUNICATIONS+BEZIERS,https://www.linkedin.com/search/results/companies/?keywords=ABERIA+TELECOMMUNICATIONS,https://www.pagesjaunes.fr/annuaire/chercherlespros?quoiqui=ABERIA+TELECOMMUNICATIONS&ou=BEZIERS,https://www.societe.com/cgi-bin/search?champs=393421086,,,,20-49,PME,2,5,,764929,2024,32,1994-01-01,SAS,Organisme de formation,1539,FR56393421086,active,393421086,39342108600041,33.20D,PAE MERCORENT 229 RUE ALPHONSE BEAU DE ROCHAS 34500 BEZIERS,43.3729876629239,3.21986503122121,,,,,non,oui,2026-08-09,sirene,BEZIERS
ADVANCE INGENIERIE SERVICES,C,38,a contacter,,,,,,,,,,,,maintenance,Installation de machines et equipements mecaniques,PARIS,75001,75,,,,THOMAS DJEBBI,Président de SAS,effectif+10|categorie+5|multi-agences+8|anciennete+5|dirigeant+5|labels+5,https://www.pappers.fr/entreprise/508731320,https://annuaire-entreprises.data.gouv.fr/entreprise/508731320,"https://www.google.com/maps?q=48.86729166,2.3264328797",https://www.google.com/search?q=ADVANCE+INGENIERIE+SERVICES+PARIS,https://www.linkedin.com/search/results/companies/?keywords=ADVANCE+INGENIERIE+SERVICES,https://www.pagesjaunes.fr/annuaire/chercherlespros?quoiqui=ADVANCE+INGENIERIE+SERVICES&ou=PARIS,https://www.societe.com/cgi-bin/search?champs=508731320,,,,10-19,PME,2,6,,89944,2023,18,2008-10-01,SAS,RGE,1412,FR46508731320,active,508731320,50873132000059,33.20B,259 RUE SAINT-HONORE 75001 PARIS,48.86729166,2.3264328797,,,,THOMAS PAUL FRANCIS DJEBBI (DJEBBI) (Gérant); AAMNA DJEBBI (IFTIKHAR ANWAR) (Directeur Général),non,oui,2026-08-05,sirene,PARIS
ALARME DOMOTIQUE ECONOMIE D'ENERGIE,C,38,a contacter,,,,,,,,,,,,maintenance,"Installation d'equipements electriques, de materiels electroniques et optiques ou d'autres materiels",ANGOULEME,16000,16,,,,MENESTYS9,Président de SAS,effectif+10|categorie+5|multi-agences+8|anciennete+5|dirigeant+5|labels+5,https://www.pappers.fr/entreprise/382865244,https://annuaire-entreprises.data.gouv.fr/entreprise/382865244,"https://www.google.com/maps?q=45.661966781,0.1743743523",https://www.google.com/search?q=ALARME+DOMOTIQUE+ECONOMIE+D%27ENERGIE+ANGOULEME,https://www.linkedin.com/search/results/companies/?keywords=ALARME+DOMOTIQUE+ECONOMIE+D%27ENERGIE,https://www.pagesjaunes.fr/annuaire/chercherlespros?quoiqui=ALARME+DOMOTIQUE+ECONOMIE+D%27ENERGIE&ou=ANGOULEME,https://www.societe.com/cgi-bin/search?champs=382865244,,,,10-19,PME,2,5,,52642,2024,35,1991-08-29,SAS,RGE,3248,FR23382865244,active,382865244,38286524400042,33.20D,31 AVENUE DU MARECHAL JUIN 16000 ANGOULEME,45.661966781,0.1743743523,,,,,non,oui,2026-08-06,sirene,ANGOULEME
BURGEOT STORES,C,38,a contacter,,,,,,,,,,,,maintenance,Autres travaux d'installation n.c.a.,LA FLOTTE,17630,17,,,,AJ BURGEOT,Président de SAS,effectif+10|categorie+5|multi-agences+8|anciennete+5|dirigeant+5|labels+5,https://www.pappers.fr/entreprise/389826389,https://annuaire-entreprises.data.gouv.fr/entreprise/389826389,"https://www.google.com/maps?q=46.18034143,-1.325793495",https://www.google.com/search?q=BURGEOT+STORES+LA+FLOTTE,https://www.linkedin.com/search/results/companies/?keywords=BURGEOT+STORES,https://www.pagesjaunes.fr/annuaire/chercherlespros?quoiqui=BURGEOT+STORES&ou=LA+FLOTTE,https://www.societe.com/cgi-bin/search?champs=389826389,,,,20-49,PME,2,2,,444883,2025,33,1993-01-21,SAS,RGE,"1597, 2609",FR37389826389,active,389826389,38982638900022,43.29B,ZAC DE LA CROIX MICHAUD 10 RUE DES CAILLOTIERES 17630 LA FLOTTE,46.18034143,-1.325793495,,,,,non,oui,2026-08-06,sirene,LA FLOTTE
FCP SERVICE,C,38,a contacter,,,,,,,,,,,,maintenance,Reparation de machines et equipements mecaniques,USSAC,19270,19,,,,FLAVIEN LANOS (LANOS),Président de SAS,effectif+10|categorie+5|multi-agences+8|anciennete+5|dirigeant+5|labels+5,https://www.pappers.fr/entreprise/792306409,https://annuaire-entreprises.data.gouv.fr/entreprise/792306409,"https://www.google.com/maps?q=45.183559353,1.4957292012",https://www.google.com/search?q=FCP+SERVICE+USSAC,https://www.linkedin.com/search/results/companies/?keywords=FCP+SERVICE,https://www.pagesjaunes.fr/annuaire/chercherlespros?quoiqui=FCP+SERVICE&ou=USSAC,https://www.societe.com/cgi-bin/search?champs=792306409,,,,10-19,ETI,2,3,,399031,2021,13,2013-04-01,SAS,RGE,1412,FR05792306409,active,792306409,79230640900022,33.12Z,LA GARE 19270 USSAC,45.183559353,1.4957292012,,,,GROUPE VESTA ENERGIE (Président de SAS),non,oui,2026-08-06,sirene,USSAC
FROID PALOMBI,C,38,a contacter,,,,,,,,,,,,maintenance,Installation de machines et equipements mecaniques,CAVAILLON,84300,84,,,,PIERRE PALOMBI,Gérant,effectif+10|categorie+5|multi-agences+8|anciennete+5|dirigeant+5|labels+5,https://www.pappers.fr/entreprise/332726553,https://annuaire-entreprises.data.gouv.fr/entreprise/332726553,"https://www.google.com/maps?q=43.8266772677582,5.04698826202634",https://www.google.com/search?q=FROID+PALOMBI+CAVAILLON,https://www.linkedin.com/search/results/companies/?keywords=FROID+PALOMBI,https://www.pagesjaunes.fr/annuaire/chercherlespros?quoiqui=FROID+PALOMBI&ou=CAVAILLON,https://www.societe.com/cgi-bin/search?champs=332726553,,,,20-49,PME,2,5,,83198,2024,41,1985-04-01,SAS,RGE,1412,FR07332726553,active,332726553,33272655300032,33.20B,ZI LE CAMP 197 CHEMIN DU MITAN 84300 CAVAILLON,43.8266772677582,5.04698826202634,,,,ORIGA GROUP (Commissaire aux comptes titulaire); GROUPE PALOMBI (Président de SAS),non,oui,2026-08-04,sirene,CAVAILLON
NEMAUSUS FERMETURES,C,38,a contacter,,,,,,,,,,,,maintenance,Autres travaux d'installation n.c.a.,LA ROUVIERE,30190,30,,,,FREDERIC JEAN-ROBERT EMILE BARBUSSE,Gérant,effectif+10|categorie+5|multi-agences+8|anciennete+5|dirigeant+5|labels+5,https://www.pappers.fr/entreprise/888307659,https://annuaire-entreprises.data.gouv.fr/entreprise/888307659,"https://www.google.com/maps?q=43.93292322,4.2385753086",https://www.google.com/search?q=NEMAUSUS+FERMETURES+LA+ROUVIERE,https://www.linkedin.com/search/results/companies/?keywords=NEMAUSUS+FERMETURES,https://www.pagesjaunes.fr/annuaire/chercherlespros?quoiqui=NEMAUSUS+FERMETURES&ou=LA+ROUVIERE,https://www.societe.com/cgi-bin/search?champs=888307659,,,,10-19,PME,2,2,,33014,2023,6,2020-08-21,SARL,RGE,"2609, 0804, 1596",FR85888307659,active,888307659,88830765900019,43.29B,43 GRAND RUE 30190 LA ROUVIERE,43.93292322,4.2385753086,,,,BENJAMIN HERV PIERRE MULLER (Gérant); BENJAMIN HERVE PIERRE MULLER (Gérant),non,oui,2026-08-08,sirene,LA ROUVIERE
OUEST INDUS ELEC,C,38,a contacter,,,,,,,,,,,,maintenance,"Installation d'equipements electriques, de materiels electroniques et optiques ou d'autres materiels",RIEC SUR BELON,29340,29,,,,HIGH-TECH BUSINESS CONSULTING AND SERVICES,Président de SAS,effectif+10|categorie+5|multi-agences+8|anciennete+5|dirigeant+5|labels+5,https://www.pappers.fr/entreprise/484960604,https://annuaire-entreprises.data.gouv.fr/entreprise/484960604,"https://www.google.com/maps?q=47.8524238673112,-3.6808960966769",https://www.google.com/search?q=OUEST+INDUS+ELEC+RIEC+SUR+BELON,https://www.linkedin.com/search/results/companies/?keywords=OUEST+INDUS+ELEC,https://www.pagesjaunes.fr/annuaire/chercherlespros?quoiqui=OUEST+INDUS+ELEC&ou=RIEC+SUR+BELON,https://www.societe.com/cgi-bin/search?champs=484960604,,,,10-19,PME,2,3,,84661,2024,21,2005-11-14,SAS,RGE,3248,FR67484960604,active,484960604,48496060400037,33.20D,5 KERMORVAN 29340 RIEC SUR BELON,47.8524238673112,-3.6808960966769,,,,,non,oui,2026-08-07,sirene,RIEC SUR BELON
SERAC,C,38,a contacter,,,,,,,,,,,,maintenance,Reparation de machines et equipements mecaniques,LA FERTE-BERNARD,72400,72,,,,THIERRY PIERRE GEORGES ADAM,Directeur Général,effectif+10|categorie+5|multi-agences+8|anciennete+5|dirigeant+5|labels+5,https://www.pappers.fr/entreprise/340321801,https://annuaire-entreprises.data.gouv.fr/entreprise/340321801,"https://www.google.com/maps?q=48.1936215516054,0.635100141925843",https://www.google.com/search?q=SERAC+LA+FERTE-BERNARD,https://www.linkedin.com/search/results/companies/?keywords=SERAC,https://www.pagesjaunes.fr/annuaire/chercherlespros?quoiqui=SERAC&ou=LA+FERTE-BERNARD,https://www.societe.com/cgi-bin/search?champs=340321801,,,,250-499,ETI,2,3,92566261,3230484,2024,40,1986-04-01,SAS,"Qualiopi, Organisme de formation",3248,FR63340321801,active,340321801,34032180100011,33.12Z,12 ROUTE DE MAMERS 72400 LA FERTE-BERNARD,48.1936215516054,0.635100141925843,,,,LAURENT DEBREE (Commissaire aux comptes suppléant); SERAC GROUP (Président de SAS); BDO NANTES (Commissaire aux comptes titulaire),non,oui,2026-08-04,sirene,LA FERTE-BERNARD
INTERFROID SARL,C,38,a contacter,,,,,,,,,,,,maintenance,Installation de machines et equipements mecaniques,AIX-EN-PROVENCE,13290,13,,,,ANTONY BONAGURA,Gérant,site+8|effectif+10|categorie+5|anciennete+5|dirigeant+5|labels+5,https://www.pappers.fr/entreprise/348673294,https://annuaire-entreprises.data.gouv.fr/entreprise/348673294,"https://www.google.com/maps?q=43.481867479,5.3875078902",https://www.google.com/search?q=INTERFROID+SARL+AIX-EN-PROVENCE,https://www.linkedin.com/search/results/companies/?keywords=INTERFROID+SARL,https://www.pagesjaunes.fr/annuaire/chercherlespros?quoiqui=INTERFROID+SARL&ou=AIX-EN-PROVENCE,https://www.societe.com/cgi-bin/search?champs=348673294,https://fr.trustpilot.com/review/interfroid.fr,,interfroid.fr,20-49,PME,1,6,,325755,2025,38,1988-10-15,SARL,RGE,1412,FR24348673294,active,348673294,34867329400065,33.20B,LOT 3 EIFFEL PARC D 415 RUE CLAUDE NICOLAS LEDOUX 13290 AIX-EN-PROVENCE,43.481867479,5.3875078902,,,,,oui,oui,2026-08-04,sirene,AIX-EN-PROVENCE
RENO STYLE,C,38,a contacter,,,,,,,,,,,,maintenance,Autres travaux d'installation n.c.a.,CONCARNEAU,29900,29,,,,ALBAN FONTBONNE,Gérant,site+8|effectif+10|categorie+5|anciennete+5|dirigeant+5|labels+5,https://www.pappers.fr/entreprise/503034720,https://annuaire-entreprises.data.gouv.fr/entreprise/503034720,"https://www.google.com/maps?q=47.906825767,-3.907795478",https://www.google.com/search?q=RENO+STYLE+CONCARNEAU,https://www.linkedin.com/search/results/companies/?keywords=RENO+STYLE,https://www.pagesjaunes.fr/annuaire/chercherlespros?quoiqui=RENO+STYLE&ou=CONCARNEAU,https://www.societe.com/cgi-bin/search?champs=503034720,https://fr.trustpilot.com/review/renostyle.net,,renostyle.net,20-49,PME,1,3,,388886,2025,18,2008-03-31,SARL,RGE,"2609, 1597",FR94503034720,active,503034720,50303472000030,43.29B,ZI DE KERSALE 26 RUE JACQUES NOEL SANE 29900 CONCARNEAU,47.906825767,-3.907795478,,,,,oui,oui,2026-08-08,sirene,CONCARNEAU
TECHNI-SOLAIRE,C,38,a contacter,,,,,,,,,,,,maintenance,"Installation d'equipements electriques, de materiels electroniques et optiques ou d'autres materiels",L'ESCALE,04160,04,,,,SYNERLIA,Président de SAS,site+8|effectif+10|categorie+5|anciennete+5|dirigeant+5|labels+5,https://www.pappers.fr/entreprise/801503111,https://annuaire-entreprises.data.gouv.fr/entreprise/801503111,"https://www.google.com/maps?q=44.079453524,6.0198670669",https://www.google.com/search?q=TECHNI-SOLAIRE+L%27ESCALE,https://www.linkedin.com/search/results/companies/?keywords=TECHNI-SOLAIRE,https://www.pagesjaunes.fr/annuaire/chercherlespros?quoiqui=TECHNI-SOLAIRE&ou=L%27ESCALE,https://www.societe.com/cgi-bin/search?champs=801503111,https://fr.trustpilot.com/review/technisolaire.fr,,technisolaire.fr,20-49,PME,1,2,,230219,2024,12,2014-04-01,SAS,RGE,"3248, 9999",FR13801503111,active,801503111,80150311100024,33.20D,LD CHAMP PERRIER ZA DE L'ESCALE 2 IMPASSE DES ARTISANS 04160 L'ESCALE,44.079453524,6.0198670669,,,,,oui,oui,2026-08-02,sirene,L'ESCALE
AB MAINTENANCE,C,37,a contacter,,,,,,,,,,,,maintenance,Reparation de machines et equipements mecaniques,CHAMBLET,03170,03,,abmaintenance1987@gmail.com,mx_ok,ALAIN BARTHAZON (BARTHAZON),Gérant,email+12|effectif+10|categorie+5|anciennete+5|dirigeant+5,https://www.pappers.fr/entreprise/434969556,https://annuaire-entreprises.data.gouv.fr/entreprise/434969556,"https://www.google.com/maps?q=46.334777036,2.7037654175",https://www.google.com/search?q=AB+MAINTENANCE+CHAMBLET,https://www.linkedin.com/search/results/companies/?keywords=AB+MAINTENANCE,https://www.pagesjaunes.fr/annuaire/chercherlespros?quoiqui=AB+MAINTENANCE&ou=CHAMBLET,https://www.societe.com/cgi-bin/search?champs=434969556,https://fr.trustpilot.com/review/abmaintenance.net,,abmaintenance.net,10-19,PME,1,2,,60516,2024,25,2001-04-01,SARL,,3248,FR78434969556,active,434969556,43496955600027,33.12Z,5 RUE SAINT MAURICE 03170 CHAMBLET,46.334777036,2.7037654175,site,oui,abmaintenanceinc1987@gmail.com,,oui,oui,2026-08-02,sirene,CHAMBLET
KONECRANES AND DEMAG FRANCE,C,33,a contacter,,,,,,,,,,,,maintenance,Reparation de machines et equipements mecaniques,VERNOUILLET,28500,28,,,,JEAN-FRANÇOIS VEISSIERES,Directeur Général,effectif+10|categorie+5|multi-agences+8|anciennete+5|dirigeant+5,https://www.pappers.fr/entreprise/726820236,https://annuaire-entreprises.data.gouv.fr/entreprise/726820236,"https://www.google.com/maps?q=48.7105652537361,1.3629991166629",https://www.google.com/search?q=KONECRANES+AND+DEMAG+FRANCE+VERNOUILLET,https://www.linkedin.com/search/results/companies/?keywords=KONECRANES+AND+DEMAG+FRANCE,https://www.pagesjaunes.fr/annuaire/chercherlespros?quoiqui=KONECRANES+AND+DEMAG+FRANCE&ou=VERNOUILLET,https://www.societe.com/cgi-bin/search?champs=726820236,,,,250-499,ETI,10,24,89382695,5268975,2024,58,1968-01-01,SAS,,3248,FR48726820236,active,726820236,72682023600164,33.12Z,ZI DES VAUVETTES 2 BOULEVARD DE L'INDUSTRIE 28500 VERNOUILLET,48.7105652537361,1.3629991166629,,,,DELOITTE & ASSOCIÉS (Commissaire aux comptes titulaire),non,oui,2026-08-03,sirene,VERNOUILLET
BRETAGNE MANUTENTION,C,33,a contacter,,,,,,,,,,,,maintenance,Reparation de machines et equipements mecaniques,PACE,35740,35,,,,JACQUES EUGÈNE ARRIGHI,Président du conseil d’administration,effectif+10|categorie+5|multi-agences+8|anciennete+5|dirigeant+5,https://www.pappers.fr/entreprise/729201806,https://annuaire-entreprises.data.gouv.fr/entreprise/729201806,"https://www.google.com/maps?q=48.145204271,-1.763346182",https://www.google.com/search?q=BRETAGNE+MANUTENTION+PACE,https://www.linkedin.com/search/results/companies/?keywords=BRETAGNE+MANUTENTION,https://www.pagesjaunes.fr/annuaire/chercherlespros?quoiqui=BRETAGNE+MANUTENTION&ou=PACE,https://www.societe.com/cgi-bin/search?champs=729201806,,,,200-249,GE,8,19,114396213,11494080,2024,54,1972-01-01,SAS,,3248,FR29729201806,active,729201806,72920180600167,33.12Z,ZA PARC DE LA TEILLAIS RUE JOSET BELAMI 35740 PACE,48.145204271,-1.763346182,,,,FRANCOISE ALICE LEYLDE (Administrateur); FENWICK-LINDE (Administrateur); KPMG S.A (Commissaire aux comptes titulaire),non,oui,2026-08-07,sirene,PACE
DPK PESAGE,C,33,a contacter,,,,,,,,,,,,maintenance,Reparation de machines et equipements mecaniques,CALAIS,62100,62,,,,CHRISTOPHE ANDRE RAPHAEL BAGUE (BAGUE),Directeur Général,effectif+10|categorie+5|multi-agences+8|anciennete+5|dirigeant+5,https://www.pappers.fr/entreprise/834149445,https://annuaire-entreprises.data.gouv.fr/entreprise/834149445,"https://www.google.com/maps?q=50.935659562,1.8877809185",https://www.google.com/search?q=DPK+PESAGE+CALAIS,https://www.linkedin.com/search/results/companies/?keywords=DPK+PESAGE,https://www.pagesjaunes.fr/annuaire/chercherlespros?quoiqui=DPK+PESAGE&ou=CALAIS,https://www.societe.com/cgi-bin/search?champs=834149445,,,,20-49,PME,8,13,,117259,2024,9,2017-12-16,SAS,,3248,FR55834149445,active,834149445,83414944500092,33.12Z,807 ROUTE DE SAINT-OMER 62100 CALAIS,50.935659562,1.8877809185,,,,LACCS (Président de SAS),non,oui,2026-08-02,sirene,CALAIS
XLG FRANCE,C,33,a contacter,,,,,,,,,,,,maintenance,Reparation de machines et equipements mecaniques,HULLUCH,62410,62,,,,ADNAN UZUN,Gérant,effectif+10|categorie+5|multi-agences+8|anciennete+5|dirigeant+5,https://www.pappers.fr/entreprise/348809450,https://annuaire-entreprises.data.gouv.fr/entreprise/348809450,"https://www.google.com/maps?q=50.487439073,2.8087403602",https://www.google.com/search?q=XLG+FRANCE+HULLUCH,https://www.linkedin.com/search/results/companies/?keywords=XLG+FRANCE,https://www.pagesjaunes.fr/annuaire/chercherlespros?quoiqui=XLG+FRANCE&ou=HULLUCH,https://www.societe.com/cgi-bin/search?champs=348809450,,,,20-49,PME,7,21,,4930,2023,37,1989-01-01,SARL,,1412,FR25348809450,active,348809450,34880945000219,33.12Z,5 RUE ROGER SALENGRO 62410 HULLUCH,50.487439073,2.8087403602,,,,,non,oui,2026-08-04,sirene,HULLUCH
SOC OMNI PESAGE,C,33,a contacter,,,,,,,,,,,,maintenance,Reparation de machines et equipements mecaniques,HEROUVILLE-SAINT-CLAIR,14200,14,,,,STEPHANE GANCEL,Gérant,effectif+10|categorie+5|multi-agences+8|anciennete+5|dirigeant+5,https://www.pappers.fr/entreprise/301670964,https://annuaire-entreprises.data.gouv.fr/entreprise/301670964,"https://www.google.com/maps?q=49.214828889,-0.350571322",https://www.google.com/search?q=SOC+OMNI+PESAGE+HEROUVILLE-SAINT-CLAIR,https://www.linkedin.com/search/results/companies/?keywords=SOC+OMNI+PESAGE,https://www.pagesjaunes.fr/annuaire/chercherlespros?quoiqui=SOC+OMNI+PESAGE&ou=HEROUVILLE-SAINT-CLAIR,https://www.societe.com/cgi-bin/search?champs=301670964,,,,50-99,PME,6,10,,148298,2024,63,1963-01-01,SARL,,0573,FR91301670964,active,301670964,30167096400073,33.12Z,4 RUE D'ATALANTE 14200 HEROUVILLE-SAINT-CLAIR,49.214828889,-0.350571322,,,,STEPHANE ALAIN GANCEL (GANCEL) (Gérant),non,oui,2026-08-05,sirene,HEROUVILLE-SAINT-CLAIR
HONEYWELL PROCESS SOLUTIONS FRANCE,C,33,a contacter,,,,,,,,,,,,maintenance,"Installation d'equipements electriques, de materiels electroniques et optiques ou d'autres materiels",SAINT-GERMAIN-EN-LAYE,78100,78,,,,ERIC LAURENT CHALENGEAS,Président de SAS,effectif+10|categorie+5|multi-agences+8|anciennete+5|dirigeant+5,https://www.pappers.fr/entreprise/380155713,https://annuaire-entreprises.data.gouv.fr/entreprise/380155713,"https://www.google.com/maps?q=48.907317364,2.0727526576",https://www.google.com/search?q=HONEYWELL+PROCESS+SOLUTIONS+FRANCE+SAINT-GERMAIN-EN-LAYE,https://www.linkedin.com/search/results/companies/?keywords=HONEYWELL+PROCESS+SOLUTIONS+FRANCE,https://www.pagesjaunes.fr/annuaire/chercherlespros?quoiqui=HONEYWELL+PROCESS+SOLUTIONS+FRANCE&ou=SAINT-GERMAIN-EN-LAYE,https://www.societe.com/cgi-bin/search?champs=380155713,,,,100-199,ETI,5,9,83799731,7689031,2024,36,1990-10-19,SAS,,3248,FR30380155713,active,380155713,38015571300064,33.20D,26-28 26 AV DE WINCHESTER 78100 SAINT-GERMAIN-EN-LAYE,48.907317364,2.0727526576,,,,DELOITTE & ASSOCIES (Commissaire aux comptes suppléant),non,oui,2026-08-04,sirene,SAINT-GERMAIN-EN-LAYE
MELUN HYDRAULIQUE,C,33,a contacter,,,,,,,,,,,,maintenance,Reparation de machines et equipements mecaniques,VAUX-LE-PENIL,77000,77,,,,DANIEL ALBERT JULES BARRE,Président de SAS,effectif+10|categorie+5|multi-agences+8|anciennete+5|dirigeant+5,https://www.pappers.fr/entreprise/787150804,https://annuaire-entreprises.data.gouv.fr/entreprise/787150804,"https://www.google.com/maps?q=48.538323114,2.6846975137",https://www.google.com/search?q=MELUN+HYDRAULIQUE+VAUX-LE-PENIL,https://www.linkedin.com/search/results/companies/?keywords=MELUN+HYDRAULIQUE,https://www.pagesjaunes.fr/annuaire/chercherlespros?quoiqui=MELUN+HYDRAULIQUE&ou=VAUX-LE-PENIL,https://www.societe.com/cgi-bin/search?champs=787150804,,,,20-49,ETI,5,12,,434192,2023,55,1971-01-01,SAS,,3248,FR34787150804,active,787150804,78715080400088,33.12Z,ZI 435 RUE DU MARECHAL JUIN 77000 VAUX-LE-PENIL,48.538323114,2.6846975137,,,,CHRISTIAN JEAN-MICHEL MOSER (Directeur Général); PATRICK VIGUIE (Commissaire aux comptes titulaire); AUDIT SYNERGIE ET FINANCES (Commissaire aux comptes suppléant),non,oui,2026-08-04,sirene,VAUX-LE-PENIL
ATELIER REGIONAL DE BOBINAGE,C,33,a contacter,,,,,,,,,,,,maintenance,Reparation d'equipements electriques,LE GRAND-QUEVILLY,76120,76,,,,JEAN-CHARLES ANDRE RAYMOND CHOMBART,Directeur Général,effectif+10|categorie+5|multi-agences+8|anciennete+5|dirigeant+5,https://www.pappers.fr/entreprise/382888758,https://annuaire-entreprises.data.gouv.fr/entreprise/382888758,"https://www.google.com/maps?q=49.4207615443722,1.04744104922192",https://www.google.com/search?q=ATELIER+REGIONAL+DE+BOBINAGE+LE+GRAND-QUEVILLY,https://www.linkedin.com/search/results/companies/?keywords=ATELIER+REGIONAL+DE+BOBINAGE,https://www.pagesjaunes.fr/annuaire/chercherlespros?quoiqui=ATELIER+REGIONAL+DE+BOBINAGE&ou=LE+GRAND-QUEVILLY,https://www.societe.com/cgi-bin/search?champs=382888758,,,,50-99,PME,4,5,,175797,2024,35,1991-09-01,SAS,,3248,FR46382888758,active,382888758,38288875800010,33.14Z,6 RUE PAUL VAILLANT COUTURIER 76120 LE GRAND-QUEVILLY,49.4207615443722,1.04744104922192,,,,BRIGITTE LYDIANE CHOMBART (LEBRETON) (Directeur Général); FIGESCO AUDIT (Commissaire aux comptes titulaire); DUCLOY TRANSMISSIONS (Président de SAS),non,oui,2026-08-05,sirene,LE GRAND-QUEVILLY
BOUVIER SIGNALETIQUE,C,33,a contacter,,,,,,,,,,,,maintenance,Autres travaux d'installation n.c.a.,BOURG-DE-PEAGE,26300,26,,,,EPHIE INDUSTRIES,Président de SAS,effectif+10|categorie+5|multi-agences+8|anciennete+5|dirigeant+5,https://www.pappers.fr/entreprise/502447386,https://annuaire-entreprises.data.gouv.fr/entreprise/502447386,"https://www.google.com/maps?q=45.0186175232282,5.03437529466178",https://www.google.com/search?q=BOUVIER+SIGNALETIQUE+BOURG-DE-PEAGE,https://www.linkedin.com/search/results/companies/?keywords=BOUVIER+SIGNALETIQUE,https://www.pagesjaunes.fr/annuaire/chercherlespros?quoiqui=BOUVIER+SIGNALETIQUE&ou=BOURG-DE-PEAGE,https://www.societe.com/cgi-bin/search?champs=502447386,,,,10-19,PME,4,5,,-181396,2024,18,2008-01-01,SAS,,,FR00502447386,active,502447386,50244738600058,43.29B,ZONE INDUSTRIELLE 65 ALLEE DU DAUPHINE 26300 BOURG-DE-PEAGE,45.0186175232282,5.03437529466178,,,,CHOUVET CONSEILS (Directeur Général),non,oui,2026-08-07,sirene,BOURG-DE-PEAGE
ESPACS AUTOMATISME,C,33,a contacter,,,,,,,,,,,,maintenance,Autres travaux d'installation n.c.a.,HAUTERIVES,26390,26,,,,RODOLPHE JACQUES CHRISTIAN REBECCHI,Président de SAS,effectif+10|categorie+5|multi-agences+8|anciennete+5|dirigeant+5,https://www.pappers.fr/entreprise/801347923,https://annuaire-entreprises.data.gouv.fr/entreprise/801347923,"https://www.google.com/maps?q=45.250835542,5.0095139929",https://www.google.com/search?q=ESPACS+AUTOMATISME+HAUTERIVES,https://www.linkedin.com/search/results/companies/?keywords=ESPACS+AUTOMATISME,https://www.pagesjaunes.fr/annuaire/chercherlespros?quoiqui=ESPACS+AUTOMATISME&ou=HAUTERIVES,https://www.societe.com/cgi-bin/search?champs=801347923,,,,20-49,PME,4,5,,205382,2023,12,2014-03-28,SAS,,"2609, 1597, 2420",FR49801347923,active,801347923,80134792300014,43.29B,ZA 165 IMP  DE FOURMILIERE 26390 HAUTERIVES,45.250835542,5.0095139929,,,,JOCK AUDIT ET ASSOCIES (Commissaire aux comptes titulaire),non,oui,2026-08-04,sirene,HAUTERIVES
HYDRAULIQUE 2000,C,33,a contacter,,,,,,,,,,,,maintenance,Reparation de machines et equipements mecaniques,MOISSY-CRAMAYEL,77550,77,,,,DANIEL ALBERT JULES BARRE,Gérant,effectif+10|categorie+5|multi-agences+8|anciennete+5|dirigeant+5,https://www.pappers.fr/entreprise/339849952,https://annuaire-entreprises.data.gouv.fr/entreprise/339849952,"https://www.google.com/maps?q=48.616806258,2.571197375",https://www.google.com/search?q=HYDRAULIQUE+2000+MOISSY-CRAMAYEL,https://www.linkedin.com/search/results/companies/?keywords=HYDRAULIQUE+2000,https://www.pagesjaunes.fr/annuaire/chercherlespros?quoiqui=HYDRAULIQUE+2000&ou=MOISSY-CRAMAYEL,https://www.societe.com/cgi-bin/search?champs=339849952,,,,20-49,ETI,4,8,,22985,2024,40,1986-12-15,SARL,,3248,FR37339849952,active,339849952,33984995200025,33.12Z,BP 09 151 AVENUE HENRI POINCARE 77550 MOISSY-CRAMAYEL,48.616806258,2.571197375,,,,PASCAL HENRY THOMAS (Gérant); PATRICK VIGUIE (Commissaire aux comptes titulaire); AUDIT SYNERGIE ET FINANCES (Commissaire aux comptes suppléant),non,oui,2026-08-09,sirene,MOISSY-CRAMAYEL
KOESIO PACA TELECOM,C,33,a contacter,,,,,,,,,,,,maintenance,"Installation d'equipements electriques, de materiels electroniques et optiques ou d'autres materiels",AVIGNON,84000,84,,,,FORVIS MAZARS,Commissaire aux comptes titulaire,effectif+10|categorie+5|multi-agences+8|anciennete+5|dirigeant+5,https://www.pappers.fr/entreprise/338543770,https://annuaire-entreprises.data.gouv.fr/entreprise/338543770,"https://www.google.com/maps?q=43.929983413,4.782907616",https://www.google.com/search?q=KOESIO+PACA+TELECOM+AVIGNON,https://www.linkedin.com/search/results/companies/?keywords=KOESIO+PACA+TELECOM,https://www.pagesjaunes.fr/annuaire/chercherlespros?quoiqui=KOESIO+PACA+TELECOM&ou=AVIGNON,https://www.societe.com/cgi-bin/search?champs=338543770,,,,20-49,ETI,4,7,,785568,2024,40,1986-08-01,SAS,,1539,FR00338543770,active,338543770,33854377000030,33.20D,ZI COURTINE OUEST 148 RUE DU GRAND GIGOGNAN 84000 AVIGNON,43.929983413,4.782907616,,,,KOESIO GROUPE (Président de SAS); ESPRIT 29 (Directeur Général),non,oui,2026-08-02,sirene,AVIGNON
KUKA SYSTEMS GMBH,C,33,a contacter,,,,,,,,,,,,maintenance,Installation de machines et equipements mecaniques,,,,,,,BERTRAND BOUTIER,Représentant social d’une entreprise personne étrangère sans établissement en France,effectif+10|categorie+5|multi-agences+8|anciennete+5|dirigeant+5,https://www.pappers.fr/entreprise/519592000,https://annuaire-entreprises.data.gouv.fr/entreprise/519592000,https://www.google.com/maps/search/?api=1&query=KUKA+SYSTEMS+GMBH,https://www.google.com/search?q=KUKA+SYSTEMS+GMBH,https://www.linkedin.com/search/results/companies/?keywords=KUKA+SYSTEMS+GMBH,https://www.pagesjaunes.fr/annuaire/chercherlespros?quoiqui=KUKA+SYSTEMS+GMBH,https://www.societe.com/cgi-bin/search?champs=519592000,,,,20-49,ETI,4,8,,,,17,2009-11-01,3120,,,FR77519592000,active,519592000,51959200000011,33.20B,14 AV BLUCHERSTRASSE 144 AUGSBURG ALLEMAGNE,,,,,,MICKAËL JEAN PALAGI (Dirigeant en France d’une personne morale étrangère),non,oui,2026-08-05,sirene,
NACELLE ASSISTANCE ET SERVICES,C,33,a contacter,,,,,,,,,,,,maintenance,Reparation de machines et equipements mecaniques,CROISSY-BEAUBOURG,77183,77,,,,JULIEN NICOLAS LUCIEN BOURRELLIS,Gérant,effectif+10|categorie+5|multi-agences+8|anciennete+5|dirigeant+5,https://www.pappers.fr/entreprise/508498821,https://annuaire-entreprises.data.gouv.fr/entreprise/508498821,"https://www.google.com/maps?q=48.8221804500991,2.63945900786226",https://www.google.com/search?q=NACELLE+ASSISTANCE+ET+SERVICES+CROISSY-BEAUBOURG,https://www.linkedin.com/search/results/companies/?keywords=NACELLE+ASSISTANCE+ET+SERVICES,https://www.pagesjaunes.fr/annuaire/chercherlespros?quoiqui=NACELLE+ASSISTANCE+ET+SERVICES&ou=CROISSY-BEAUBOURG,https://www.societe.com/cgi-bin/search?champs=508498821,,,,50-99,ETI,4,9,,160851,2024,18,2008-09-12,SARL,,,FR76508498821,active,508498821,50849882100083,33.12Z,84 BOULEVARD DE COURCERIN 77183 CROISSY-BEAUBOURG,48.8221804500991,2.63945900786226,,,,DELOITTE & ASSOCIES (Commissaire aux comptes titulaire),non,oui,2026-08-03,sirene,CROISSY-BEAUBOURG
SA ELECTRO STANDARD,C,33,a contacter,,,,,,,,,,,,maintenance,Reparation de materiels electroniques et optiques,PLUNERET,56400,56,,,,XO AUDIT,Commissaire aux comptes suppléant,effectif+10|categorie+5|multi-agences+8|anciennete+5|dirigeant+5,https://www.pappers.fr/entreprise/350341376,https://annuaire-entreprises.data.gouv.fr/entreprise/350341376,"https://www.google.com/maps?q=47.669948485,-2.960396709",https://www.google.com/search?q=SA+ELECTRO+STANDARD+PLUNERET,https://www.linkedin.com/search/results/companies/?keywords=SA+ELECTRO+STANDARD,https://www.pagesjaunes.fr/annuaire/chercherlespros?quoiqui=SA+ELECTRO+STANDARD&ou=PLUNERET,https://www.societe.com/cgi-bin/search?champs=350341376,,,,20-49,PME,4,8,,66081,2023,37,1989-03-31,SAS,,"3248, 0804",FR40350341376,active,350341376,35034137600019,33.13Z,ZAC DE KERFONTAINE 8-10 8 RUE AMPERE 56400 PLUNERET,47.669948485,-2.960396709,,,,SOCIETE CABINET JACKY ELINEAU (Commissaire aux comptes titulaire); ESSOR (Président de SAS),non,oui,2026-08-08,sirene,PLUNERET
SOC ETUDE VENTE APPAREIL LEVAGE,C,33,a contacter,,,,,,,,,,,,maintenance,Reparation de machines et equipements mecaniques,SOISSONS,02200,02,,,,AUDIMIS HDF,Commissaire aux comptes titulaire,effectif+10|categorie+5|multi-agences+8|anciennete+5|dirigeant+5,https://www.pappers.fr/entreprise/303908073,https://annuaire-entreprises.data.gouv.fr/entreprise/303908073,"https://www.google.com/maps?q=49.3799958620708,3.32850997780575",https://www.google.com/search?q=SOC+ETUDE+VENTE+APPAREIL+LEVAGE+SOISSONS,https://www.linkedin.com/search/results/companies/?keywords=SOC+ETUDE+VENTE+APPAREIL+LEVAGE,https://www.pagesjaunes.fr/annuaire/chercherlespros?quoiqui=SOC+ETUDE+VENTE+APPAREIL+LEVAGE&ou=SOISSONS,https://www.societe.com/cgi-bin/search?champs=303908073,,,,20-49,PME,4,8,,-58161,2025,51,1975-01-01,SAS,,3248,FR85303908073,active,303908073,30390807300081,33.12Z,13 RUE CHARPENTIER 02200 SOISSONS,49.3799958620708,3.32850997780575,,,,SEVAL PARTICIPATIONS (Président de SAS),non,oui,2026-08-01,sirene,SOISSONS
SOFINTEC INDUSTRIES,C,33,a contacter,,,,,,,,,,,,maintenance,Reparation d'equipements electriques,GUIPAVAS,29490,29,,,,CHAPLAIN,Président de SAS,effectif+10|categorie+5|multi-agences+8|anciennete+5|dirigeant+5,https://www.pappers.fr/entreprise/495880320,https://annuaire-entreprises.data.gouv.fr/entreprise/495880320,"https://www.google.com/maps?q=48.429098035,-4.446590001",https://www.google.com/search?q=SOFINTEC+INDUSTRIES+GUIPAVAS,https://www.linkedin.com/search/results/companies/?keywords=SOFINTEC+INDUSTRIES,https://www.pagesjaunes.fr/annuaire/chercherlespros?quoiqui=SOFINTEC+INDUSTRIES&ou=GUIPAVAS,https://www.societe.com/cgi-bin/search?champs=495880320,,,,10-19,PME,4,10,,-4901,2024,68,1958-01-01,SAS,,3248,FR84495880320,active,495880320,49588032000108,33.14Z,320-400 - ZI DE KERGARADEC 320 RUE AUGUSTIN FRESNEL 29490 GUIPAVAS,48.429098035,-4.446590001,,,,,non,oui,2026-08-07,sirene,GUIPAVAS
V H M,C,33,a contacter,,,,,,,,,,,,maintenance,Reparation de machines et equipements mecaniques,BRISCOUS,64240,64,,,,CHRISTOPHE PRIEUR (PRIEUR),Gérant,effectif+10|categorie+5|multi-agences+8|anciennete+5|dirigeant+5,https://www.pappers.fr/entreprise/390957983,https://annuaire-entreprises.data.gouv.fr/entreprise/390957983,"https://www.google.com/maps?q=43.445377127,-1.327020537",https://www.google.com/search?q=V+H+M+BRISCOUS,https://www.linkedin.com/search/results/companies/?keywords=V+H+M,https://www.pagesjaunes.fr/annuaire/chercherlespros?quoiqui=V+H+M&ou=BRISCOUS,https://www.societe.com/cgi-bin/search?champs=390957983,,,,10-19,PME,4,8,,64264,2024,33,1993-04-01,SARL,,3248,FR13390957983,active,390957983,39095798300062,33.12Z,ZA MENDIKO BORDA 64240 BRISCOUS,43.445377127,-1.327020537,,,,FREDERIC PRIEUR (PRIEUR) (Gérant),non,oui,2026-08-04,sirene,BRISCOUS
ABC FEU,C,33,a contacter,,,,,,,,,,,,maintenance,Autres travaux d'installation n.c.a.,BLANQUEFORT,33290,33,,,,BATEXT,Président de SAS,effectif+10|categorie+5|multi-agences+8|anciennete+5|dirigeant+5,https://www.pappers.fr/entreprise/317166197,https://annuaire-entreprises.data.gouv.fr/entreprise/317166197,"https://www.google.com/maps?q=44.92971499350533,-0.6059330449929043",https://www.google.com/search?q=ABC+FEU+BLANQUEFORT,https://www.linkedin.com/search/results/companies/?keywords=ABC+FEU,https://www.pagesjaunes.fr/annuaire/chercherlespros?quoiqui=ABC+FEU&ou=BLANQUEFORT,https://www.societe.com/cgi-bin/search?champs=317166197,,,,20-49,ETI,3,7,,-42819,2024,47,1979-01-01,SAS,,,FR92317166197,active,317166197,31716619700085,43.29B,20 RUE JEAN FRANCOIS LA PEROUSE 33290 BLANQUEFORT,44.92971499350533,-0.6059330449929043,,,,,non,oui,2026-08-06,sirene,BLANQUEFORT
ALIZE AUTOMATISMES,C,33,a contacter,,,,,,,,,,,,maintenance,Autres travaux d'installation n.c.a.,SIX-FOURS-LES-PLAGES,83140,83,,,,CLEMENT GANZIN,Directeur Général,effectif+10|categorie+5|multi-agences+8|anciennete+5|dirigeant+5,https://www.pappers.fr/entreprise/388205585,https://annuaire-entreprises.data.gouv.fr/entreprise/388205585,"https://www.google.com/maps?q=43.114750335,5.8438139716",https://www.google.com/search?q=ALIZE+AUTOMATISMES+SIX-FOURS-LES-PLAGES,https://www.linkedin.com/search/results/companies/?keywords=ALIZE+AUTOMATISMES,https://www.pagesjaunes.fr/annuaire/chercherlespros?quoiqui=ALIZE+AUTOMATISMES&ou=SIX-FOURS-LES-PLAGES,https://www.societe.com/cgi-bin/search?champs=388205585,,,,10-19,PME,3,6,,97559,2024,34,1992-07-01,SAS,,3248,FR41388205585,active,388205585,38820558500036,43.29B,ZAC DE LA MILLONNE 554 CHEMIN DES NEGADOUX 83140 SIX-FOURS-LES-PLAGES,43.114750335,5.8438139716,,,,TCO INVEST (Président de SAS),non,oui,2026-08-02,sirene,SIX-FOURS-LES-PLAGES
ASCENSEUR MODERNISATION SERVICE,C,33,a contacter,,,,,,,,,,,,maintenance,Autres travaux d'installation n.c.a.,CUSSET,03300,03,,,,PATRICK DONJON (DONJON),Gérant,effectif+10|categorie+5|multi-agences+8|anciennete+5|dirigeant+5,https://www.pappers.fr/entreprise/501716385,https://annuaire-entreprises.data.gouv.fr/entreprise/501716385,"https://www.google.com/maps?q=46.143115405,3.45458793",https://www.google.com/search?q=ASCENSEUR+MODERNISATION+SERVICE+CUSSET,https://www.linkedin.com/search/results/companies/?keywords=ASCENSEUR+MODERNISATION+SERVICE,https://www.pagesjaunes.fr/annuaire/chercherlespros?quoiqui=ASCENSEUR+MODERNISATION+SERVICE&ou=CUSSET,https://www.societe.com/cgi-bin/search?champs=501716385,,,,10-19,PME,3,5,,23191,2023,18,2008-01-10,SARL,,3248,FR70501716385,active,501716385,50171638500031,43.29B,9 B BD 1789 1989 DU BICENTENAIRE 03300 CUSSET,46.143115405,3.45458793,,,,PATRICK STEPHANE DONJON (Gérant),non,oui,2026-08-02,sirene,CUSSET
CLAISSE RAIL,C,33,a contacter,,,,,,,,,,,,maintenance,Reparation de machines et equipements mecaniques,SABLE-SUR-SARTHE,72300,72,,,,THIERRY MARTEAU,Commissaire aux comptes suppléant,effectif+10|categorie+5|multi-agences+8|anciennete+5|dirigeant+5,https://www.pappers.fr/entreprise/819288002,https://annuaire-entreprises.data.gouv.fr/entreprise/819288002,"https://www.google.com/maps?q=47.827435811,-0.313482076",https://www.google.com/search?q=CLAISSE+RAIL+SABLE-SUR-SARTHE,https://www.linkedin.com/search/results/companies/?keywords=CLAISSE+RAIL,https://www.pagesjaunes.fr/annuaire/chercherlespros?quoiqui=CLAISSE+RAIL&ou=SABLE-SUR-SARTHE,https://www.societe.com/cgi-bin/search?champs=819288002,,,,20-49,PME,3,3,,43668,2017,10,2016-02-26,SAS,,"2614, 1702, 3212",FR30819288002,active,819288002,81928800200010,33.12Z,RUE DU CLOS DU BOIS 72300 SABLE-SUR-SARTHE,47.827435811,-0.313482076,,,,SODEFI AUDIT (Commissaire aux comptes titulaire); ZJD HOLDING (Président de SAS),non,oui,2026-08-06,sirene,SABLE-SUR-SARTHE
DREKAN ELECTROMECANIQUE,C,33,a contacter,,,,,,,,,,,,maintenance,Reparation d'equipements electriques,BEAUTOR,02800,02,,,,DREKAN GROUPE,Président de SAS,effectif+10|categorie+5|multi-agences+8|anciennete+5|dirigeant+5,https://www.pappers.fr/entreprise/337516587,https://annuaire-entreprises.data.gouv.fr/entreprise/337516587,"https://www.google.com/maps?q=49.655772397,3.3367591637",https://www.google.com/search?q=DREKAN+ELECTROMECANIQUE+BEAUTOR,https://www.linkedin.com/search/results/companies/?keywords=DREKAN+ELECTROMECANIQUE,https://www.pagesjaunes.fr/annuaire/chercherlespros?quoiqui=DREKAN+ELECTROMECANIQUE&ou=BEAUTOR,https://www.societe.com/cgi-bin/search?champs=337516587,,,,10-19,PME,3,10,,-858443,2023,40,1986-04-01,SAS,,,FR44337516587,active,337516587,33751658700082,33.14Z,18 RUE DU STADE 02800 BEAUTOR,49.655772397,3.3367591637,,,,KPMG S.A (Commissaire aux comptes titulaire),non,oui,2026-08-01,sirene,BEAUTOR
ENERGIE LAIT LEFRANC,C,33,a contacter,,,,,,,,,,,,maintenance,Reparation de machines et equipements mecaniques,RONCHEROLLES-EN-BRAY,76440,76,,,,PHILIPPE EMILIEN LEFRANC,Gérant,effectif+10|categorie+5|multi-agences+8|anciennete+5|dirigeant+5,https://www.pappers.fr/entreprise/343327466,https://annuaire-entreprises.data.gouv.fr/entreprise/343327466,"https://www.google.com/maps?q=49.597083077,1.5119827993",https://www.google.com/search?q=ENERGIE+LAIT+LEFRANC+RONCHEROLLES-EN-BRAY,https://www.linkedin.com/search/results/companies/?keywords=ENERGIE+LAIT+LEFRANC,https://www.pagesjaunes.fr/annuaire/chercherlespros?quoiqui=ENERGIE+LAIT+LEFRANC&ou=RONCHEROLLES-EN-BRAY,https://www.societe.com/cgi-bin/search?champs=343327466,,,,10-19,PME,3,3,,122480,2024,38,1988-01-01,SARL,,1412,FR35343327466,active,343327466,34332746600011,33.12Z,LE PONT AUX MOINES CD 13 ROUTE DE ROUVRAY 76440 RONCHEROLLES-EN-BRAY,49.597083077,1.5119827993,,,,,non,oui,2026-08-01,sirene,RONCHEROLLES-EN-BRAY
G E M A GROUPE ELECTROGENES MAINTENANCE,C,33,a contacter,,,,,,,,,,,,maintenance,"Installation d'equipements electriques, de materiels electroniques et optiques ou d'autres materiels",VALLANS,79270,79,,,,MANUELLA CHARLETTE COLETTE BERTAUD,Directeur Général,effectif+10|categorie+5|multi-agences+8|anciennete+5|dirigeant+5,https://www.pappers.fr/entreprise/380113415,https://annuaire-entreprises.data.gouv.fr/entreprise/380113415,"https://www.google.com/maps?q=46.215375083,-0.552239942",https://www.google.com/search?q=G+E+M+A+GROUPE+ELECTROGENES+MAINTENANCE+VALLANS,https://www.linkedin.com/search/results/companies/?keywords=G+E+M+A+GROUPE+ELECTROGENES+MAINTENANCE,https://www.pagesjaunes.fr/annuaire/chercherlespros?quoiqui=G+E+M+A+GROUPE+ELECTROGENES+MAINTENANCE&ou=VALLANS,https://www.societe.com/cgi-bin/search?champs=380113415,,,,10-19,PME,3,5,,364811,2024,36,1990-12-03,SAS,,3248,FR12380113415,active,380113415,38011341500026,33.20D,175 RUE SAINT-LOUIS 79270 VALLANS,46.215375083,-0.552239942,,,,MATHIEU ANDRE PAUL BERTAUD (Président de SAS); ADY (Commissaire aux comptes titulaire),non,oui,2026-08-06,sirene,VALLANS
GROUPE DUPUTZ INTER STORES,C,33,a contacter,,,,,,,,,,,,maintenance,Autres travaux d'installation n.c.a.,MARSEILLE,13003,13,,,,VALENTIN BATTISTELLI,Gérant,effectif+10|categorie+5|multi-agences+8|anciennete+5|dirigeant+5,https://www.pappers.fr/entreprise/321353013,https://annuaire-entreprises.data.gouv.fr/entreprise/321353013,"https://www.google.com/maps?q=43.318715512,5.3701651397",https://www.google.com/search?q=GROUPE+DUPUTZ+INTER+STORES+MARSEILLE,https://www.linkedin.com/search/results/companies/?keywords=GROUPE+DUPUTZ+INTER+STORES,https://www.pagesjaunes.fr/annuaire/chercherlespros?quoiqui=GROUPE+DUPUTZ+INTER+STORES&ou=MARSEILLE,https://www.societe.com/cgi-bin/search?champs=321353013,,,,20-49,PME,3,4,,187280,2025,45,1981-01-01,SARL,,"2609, 1597",FR10321353013,active,321353013,32135301300014,43.29B,31-33 31 BOULEVARD DE BRIANCON 13003 MARSEILLE,43.318715512,5.3701651397,,,,YANN GABURRI (Gérant),non,oui,2026-08-04,sirene,MARSEILLE
HYDRO RENOVATION FRANCE HYDRAULIQUE,C,33,a contacter,,,,,,,,,,,,maintenance,Reparation de machines et equipements mecaniques,AYTRE,17440,17,,,,THÉO ENZO DUCEPT,Président de SAS,effectif+10|categorie+5|multi-agences+8|anciennete+5|dirigeant+5,https://www.pappers.fr/entreprise/334454048,https://annuaire-entreprises.data.gouv.fr/entreprise/334454048,"https://www.google.com/maps?q=46.129876596,-1.097227331",https://www.google.com/search?q=HYDRO+RENOVATION+FRANCE+HYDRAULIQUE+AYTRE,https://www.linkedin.com/search/results/companies/?keywords=HYDRO+RENOVATION+FRANCE+HYDRAULIQUE,https://www.pagesjaunes.fr/annuaire/chercherlespros?quoiqui=HYDRO+RENOVATION+FRANCE+HYDRAULIQUE&ou=AYTRE,https://www.societe.com/cgi-bin/search?champs=334454048,,,,20-49,PME,3,4,,150067,2024,40,1986-01-01,SAS,,3248,FR73334454048,active,334454048,33445404800011,33.12Z,ZAC DE BELLE AIRE 2 B RUE LE VERRIER 17440 AYTRE,46.129876596,-1.097227331,,,,ISABELLE LUCIENNE PIERRETTE MANGON (TIRARD) (Directeur Général),non,oui,2026-08-06,sirene,AYTRE
NORMANDIE HYDRAULIQUE,C,33,a contacter,,,,,,,,,,,,maintenance,Reparation de machines et equipements mecaniques,VAUX-LE-PENIL,77000,77,,,,ROBERT RENE MARCEL AUDAS,Gérant,effectif+10|categorie+5|multi-agences+8|anciennete+5|dirigeant+5,https://www.pappers.fr/entreprise/420708257,https://annuaire-entreprises.data.gouv.fr/entreprise/420708257,"https://www.google.com/maps?q=48.538323114,2.6846975137",https://www.google.com/search?q=NORMANDIE+HYDRAULIQUE+VAUX-LE-PENIL,https://www.linkedin.com/search/results/companies/?keywords=NORMANDIE+HYDRAULIQUE,https://www.pagesjaunes.fr/annuaire/chercherlespros?quoiqui=NORMANDIE+HYDRAULIQUE&ou=VAUX-LE-PENIL,https://www.societe.com/cgi-bin/search?champs=420708257,,,,20-49,ETI,3,4,,29805,2020,28,1998-10-02,SARL,,,FR68420708257,active,420708257,42070825700043,33.12Z,435 RUE DU MARECHAL JUIN 77000 VAUX-LE-PENIL,48.538323114,2.6846975137,,,,DANIEL ALBERT JULES BARRE (Gérant),non,oui,2026-08-05,sirene,VAUX-LE-PENIL
ROGER CAVALLERO SARL,C,33,a contacter,,,,,,,,,,,,maintenance,Reparation de machines et equipements mecaniques,SAINT-ANDRE-SUR-VIEUX-JONC,01960,01,,,,GISELE CAVALLERO (BOULY),Gérant,effectif+10|categorie+5|multi-agences+8|anciennete+5|dirigeant+5,https://www.pappers.fr/entreprise/422278341,https://annuaire-entreprises.data.gouv.fr/entreprise/422278341,"https://www.google.com/maps?q=46.163085751,5.1485153473",https://www.google.com/search?q=ROGER+CAVALLERO+SARL+SAINT-ANDRE-SUR-VIEUX-JONC,https://www.linkedin.com/search/results/companies/?keywords=ROGER+CAVALLERO+SARL,https://www.pagesjaunes.fr/annuaire/chercherlespros?quoiqui=ROGER+CAVALLERO+SARL&ou=SAINT-ANDRE-SUR-VIEUX-JONC,https://www.societe.com/cgi-bin/search?champs=422278341,,,,10-19,PME,3,5,,35864,2023,27,1999-04-01,SARL,,,FR00422278341,active,422278341,42227834100017,33.12Z,400 ROUTE DE CORGENON 01960 SAINT-ANDRE-SUR-VIEUX-JONC,46.163085751,5.1485153473,,,,ROGER HENRI CAVALLERO (CAVALLERO) (Gérant); VINCENT CAVALLERO (CAVALLERO) (Gérant),non,oui,2026-08-01,sirene,SAINT-ANDRE-SUR-VIEUX-JONC
SAS ABV,C,33,a contacter,,,,,,,,,,,,maintenance,Reparation d'equipements electriques,FEUQUIERES-EN-VIMEU,80210,80,,,,NICOLAS GERMAIN MAURICE PASCHAL,Président de SAS,effectif+10|categorie+5|multi-agences+8|anciennete+5|dirigeant+5,https://www.pappers.fr/entreprise/523965994,https://annuaire-entreprises.data.gouv.fr/entreprise/523965994,"https://www.google.com/maps?q=50.06360781,1.5871539422",https://www.google.com/search?q=SAS+ABV+FEUQUIERES-EN-VIMEU,https://www.linkedin.com/search/results/companies/?keywords=SAS+ABV,https://www.pagesjaunes.fr/annuaire/chercherlespros?quoiqui=SAS+ABV&ou=FEUQUIERES-EN-VIMEU,https://www.societe.com/cgi-bin/search?champs=523965994,,,,20-49,PME,3,5,,528027,2024,16,2010-08-01,SAS,,3248,FR93523965994,active,523965994,52396599400016,33.14Z,1 RUE ARISTIDE BRIAND 80210 FEUQUIERES-EN-VIMEU,50.06360781,1.5871539422,,,,,non,oui,2026-08-01,sirene,FEUQUIERES-EN-VIMEU
SERVI PROVENCE MAINTENANCE SYSTEME,C,33,a contacter,,,,,,,,,,,,maintenance,Reparation d'equipements electriques,TERNAY,69360,69,,,,BART DEMAN,Personne ayant le pouvoir d’engager à titre habituel la société,effectif+10|categorie+5|multi-agences+8|anciennete+5|dirigeant+5,https://www.pappers.fr/entreprise/379546732,https://annuaire-entreprises.data.gouv.fr/entreprise/379546732,"https://www.google.com/maps?q=45.591934611,4.8060880045",https://www.google.com/search?q=SERVI+PROVENCE+MAINTENANCE+SYSTEME+TERNAY,https://www.linkedin.com/search/results/companies/?keywords=SERVI+PROVENCE+MAINTENANCE+SYSTEME,https://www.pagesjaunes.fr/annuaire/chercherlespros?quoiqui=SERVI+PROVENCE+MAINTENANCE+SYSTEME&ou=TERNAY,https://www.societe.com/cgi-bin/search?champs=379546732,,,,10-19,PME,3,8,,243404,2025,36,1990-10-03,SAS,,3248,FR82379546732,active,379546732,37954673200049,33.14Z,20 AV ZAC DE CHASSAGNE 69360 TERNAY,45.591934611,4.8060880045,,,,FORVIS MAZARS (Commissaire aux comptes titulaire); WHEELOR (Président de SAS),non,oui,2026-08-04,sirene,TERNAY
SERVICE INSTALLATION ENTRETIEN TELEPHONI,C,33,a contacter,,,,,,,,,,,,maintenance,"Installation d'equipements electriques, de materiels electroniques et optiques ou d'autres materiels",BEZIERS,34500,34,,,,HERVE BILLAUD,Président de SAS,effectif+10|categorie+5|multi-agences+8|anciennete+5|dirigeant+5,https://www.pappers.fr/entreprise/315597013,https://annuaire-entreprises.data.gouv.fr/entreprise/315597013,"https://www.google.com/maps?q=43.328462429,3.241792778",https://www.google.com/search?q=SERVICE+INSTALLATION+ENTRETIEN+TELEPHONI+BEZIERS,https://www.linkedin.com/search/results/companies/?keywords=SERVICE+INSTALLATION+ENTRETIEN+TELEPHONI,https://www.pagesjaunes.fr/annuaire/chercherlespros?quoiqui=SERVICE+INSTALLATION+ENTRETIEN+TELEPHONI&ou=BEZIERS,https://www.societe.com/cgi-bin/search?champs=315597013,,,,10-19,PME,3,9,,38507,2024,47,1979-01-01,SAS,,,FR47315597013,active,315597013,31559701300129,33.20D,PARC EUROPOLE LE CAPISCOL 34500 BEZIERS,43.328462429,3.241792778,,,,,non,oui,2026-08-02,sirene,BEZIERS
SOCIETE DE MAINTENANCE MECANIQUE ET HYDRAULIQUE S2MH,C,33,a contacter,,,,,,,,,,,,maintenance,Reparation de machines et equipements mecaniques,HONGUEMARE-GUENOUVILLE,27310,27,,,,CABINET ADAM DE MERBITZ,Commissaire aux comptes titulaire,effectif+10|categorie+5|multi-agences+8|anciennete+5|dirigeant+5,https://www.pappers.fr/entreprise/801793233,https://annuaire-entreprises.data.gouv.fr/entreprise/801793233,"https://www.google.com/maps?q=49.362582638,0.8225562262",https://www.google.com/search?q=SOCIETE+DE+MAINTENANCE+MECANIQUE+ET+HYDRAULIQUE+S2MH+HONGUEMARE-GUENOUVILLE,https://www.linkedin.com/search/results/companies/?keywords=SOCIETE+DE+MAINTENANCE+MECANIQUE+ET+HYDRAULIQUE+S2MH,https://www.pagesjaunes.fr/annuaire/chercherlespros?quoiqui=SOCIETE+DE+MAINTENANCE+MECANIQUE+ET+HYDRAULIQUE+S2MH&ou=HONGUEMARE-GUENOUVILLE,https://www.societe.com/cgi-bin/search?champs=801793233,,,,20-49,PME,3,5,,231364,2024,12,2014-05-05,SAS,,3248,FR95801793233,active,801793233,80179323300033,33.12Z,530 ROUTE DEPARTEMENTALE 313 27310 HONGUEMARE-GUENOUVILLE,49.362582638,0.8225562262,,,,,non,oui,2026-08-05,sirene,HONGUEMARE-GUENOUVILLE
SOCIETE NOUVELLE DIESEL OUEST,C,33,a contacter,,,,,,,,,,,,maintenance,Reparation de machines et equipements mecaniques,GUILVINEC,29730,29,,,,HOLDING GROUPE DIEUDONNE,Président de SAS,effectif+10|categorie+5|multi-agences+8|anciennete+5|dirigeant+5,https://www.pappers.fr/entreprise/351547443,https://annuaire-entreprises.data.gouv.fr/entreprise/351547443,"https://www.google.com/maps?q=47.793773964,-4.283253536",https://www.google.com/search?q=SOCIETE+NOUVELLE+DIESEL+OUEST+GUILVINEC,https://www.linkedin.com/search/results/companies/?keywords=SOCIETE+NOUVELLE+DIESEL+OUEST,https://www.pagesjaunes.fr/annuaire/chercherlespros?quoiqui=SOCIETE+NOUVELLE+DIESEL+OUEST&ou=GUILVINEC,https://www.societe.com/cgi-bin/search?champs=351547443,,,,10-19,PME,3,4,,,,37,1989-07-01,SAS,,3248,FR44351547443,active,351547443,35154744300017,33.12Z,LD TERRE PLEIN DU PORT 29730 GUILVINEC,47.793773964,-4.283253536,,,,,non,oui,2026-08-08,sirene,GUILVINEC
SOCIETE OLEOLIFT,C,33,a contacter,,,,,,,,,,,,maintenance,Autres travaux d'installation n.c.a.,FERRIERES-EN-BRIE,77164,77,,,,DENYS-CHRISTOPHE PAUL ALONZO,Président de SAS,effectif+10|categorie+5|multi-agences+8|anciennete+5|dirigeant+5,https://www.pappers.fr/entreprise/817350044,https://annuaire-entreprises.data.gouv.fr/entreprise/817350044,"https://www.google.com/maps?q=48.826587727,2.7167348659",https://www.google.com/search?q=SOCIETE+OLEOLIFT+FERRIERES-EN-BRIE,https://www.linkedin.com/search/results/companies/?keywords=SOCIETE+OLEOLIFT,https://www.pagesjaunes.fr/annuaire/chercherlespros?quoiqui=SOCIETE+OLEOLIFT&ou=FERRIERES-EN-BRIE,https://www.societe.com/cgi-bin/search?champs=817350044,,,,20-49,PME,3,6,,368343,2024,53,1973-01-01,SAS,,3248,FR45817350044,active,817350044,81735004400068,43.29B,ZAC DU PARC DE BEL AIR 13 AVENUE JOSEPH PAXTON 77164 FERRIERES-EN-BRIE,48.826587727,2.7167348659,,,,,non,oui,2026-08-04,sirene,FERRIERES-EN-BRIE
2F MAINTENANCE,C,33,a contacter,,,,,,,,,,,,maintenance,Reparation de machines et equipements mecaniques,VENISSIEUX,69200,69,,,,LANDRY GHISLAIN BARTHE,Commissaire aux comptes titulaire,effectif+10|categorie+5|multi-agences+8|anciennete+5|dirigeant+5,https://www.pappers.fr/entreprise/527617864,https://annuaire-entreprises.data.gouv.fr/entreprise/527617864,"https://www.google.com/maps?q=45.692129508,4.9034344697",https://www.google.com/search?q=2F+MAINTENANCE+VENISSIEUX,https://www.linkedin.com/search/results/companies/?keywords=2F+MAINTENANCE,https://www.pagesjaunes.fr/annuaire/chercherlespros?quoiqui=2F+MAINTENANCE&ou=VENISSIEUX,https://www.societe.com/cgi-bin/search?champs=527617864,,,,10-19,PME,2,2,,1092,2021,16,2010-10-11,SAS,,,FR38527617864,active,527617864,52761786400014,33.12Z,8 RUE PIERRE TIMBAUD 69200 VENISSIEUX,45.692129508,4.9034344697,,,,MARYSE BELLAGAMBA (BOURGADE) (Commissaire aux comptes titulaire); NICOLAS CHARLES FEHRENBACH (Président de SAS); ANTOINE ROQUETTE (Commissaire aux comptes suppléant); AUDIT BARTHE ET ASSOCIES (Commissaire aux comptes suppléant),non,oui,2026-08-08,sirene,VENISSIEUX
AKIDOOR AUTOMATISME,C,33,a contacter,,,,,,,,,,,,maintenance,Autres travaux d'installation n.c.a.,IZON,33450,33,,,,SEBASTIEN CHALMEY (CHALMEY),Président de SAS,effectif+10|categorie+5|multi-agences+8|anciennete+5|dirigeant+5,https://www.pappers.fr/entreprise/798456893,https://annuaire-entreprises.data.gouv.fr/entreprise/798456893,"https://www.google.com/maps?q=44.911311089,-0.352905511",https://www.google.com/search?q=AKIDOOR+AUTOMATISME+IZON,https://www.linkedin.com/search/results/companies/?keywords=AKIDOOR+AUTOMATISME,https://www.pagesjaunes.fr/annuaire/chercherlespros?quoiqui=AKIDOOR+AUTOMATISME&ou=IZON,https://www.societe.com/cgi-bin/search?champs=798456893,,,,10-19,PME,2,4,,252169,2024,13,2013-11-04,SAS,,3248,FR20798456893,active,798456893,79845689300022,43.29B,99 ROUTE D'ANGLUMEAU 33450 IZON,44.911311089,-0.352905511,,,,JEAN PIERRE DEVEAUX (DEVEAUX) (Directeur Général); JEAN-PIERRE DEVEAUX (Directeur Général),non,oui,2026-08-06,sirene,IZON
ALLIER FROID CLIM,C,33,a contacter,,,,,,,,,,,,maintenance,Reparation de machines et equipements mecaniques,SAULCET,03500,03,,,,BRUNO FORAY (FORAY),Gérant,effectif+10|categorie+5|multi-agences+8|anciennete+5|dirigeant+5,https://www.pappers.fr/entreprise/443596184,https://annuaire-entreprises.data.gouv.fr/entreprise/443596184,"https://www.google.com/maps?q=46.321093224,3.2855649444",https://www.google.com/search?q=ALLIER+FROID+CLIM+SAULCET,https://www.linkedin.com/search/results/companies/?keywords=ALLIER+FROID+CLIM,https://www.pagesjaunes.fr/annuaire/chercherlespros?quoiqui=ALLIER+FROID+CLIM&ou=SAULCET,https://www.societe.com/cgi-bin/search?champs=443596184,,,,10-19,PME,2,4,,296444,2024,24,2002-10-07,SARL,,1412,FR71443596184,active,443596184,44359618400038,33.12Z,26 RN9 BOUTERESSE 03500 SAULCET,46.321093224,3.2855649444,,,,,non,oui,2026-08-02,sirene,SAULCET
APPLIED MATERIALS FRANCE,C,33,a contacter,,,,,,,,,,,,maintenance,Reparation de materiels electroniques et optiques,BERNIN,38190,38,,,,SHIVAN BHARGAVA,Gérant,effectif+10|categorie+5|multi-agences+8|anciennete+5|dirigeant+5,https://www.pappers.fr/entreprise/385124862,https://annuaire-entreprises.data.gouv.fr/entreprise/385124862,"https://www.google.com/maps?q=45.2613190269479,5.88198704308955",https://www.google.com/search?q=APPLIED+MATERIALS+FRANCE+BERNIN,https://www.linkedin.com/search/results/companies/?keywords=APPLIED+MATERIALS+FRANCE,https://www.pagesjaunes.fr/annuaire/chercherlespros?quoiqui=APPLIED+MATERIALS+FRANCE&ou=BERNIN,https://www.societe.com/cgi-bin/search?champs=385124862,,,,250-499,ETI,2,12,161780819,8819909,2025,34,1992-03-01,SARL,,3248,FR32385124862,active,385124862,38512486200108,33.13Z,864 CHEMIN DES FONTAINES 38190 BERNIN,45.2613190269479,5.88198704308955,,,,DERMOT NIALL CUFFE (Gérant); YORICK EMMANUEL TROUILLER (Gérant); MARIA ELISABETH VERMEULEN (Gérant); KPMG S.A. (Commissaire aux comptes titulaire),non,oui,2026-08-04,sirene,BERNIN
ASDC MULTISERVICE,C,33,a contacter,,,,,,,,,,,,maintenance,Installation de machines et equipements mecaniques,MERIGNAC,33700,33,,,,NICOLAS BOURGEON,Président de SAS,effectif+10|categorie+5|multi-agences+8|anciennete+5|dirigeant+5,https://www.pappers.fr/entreprise/794506972,https://annuaire-entreprises.data.gouv.fr/entreprise/794506972,"https://www.google.com/maps?q=44.8391307357266,-0.680264319379798",https://www.google.com/search?q=ASDC+MULTISERVICE+MERIGNAC,https://www.linkedin.com/search/results/companies/?keywords=ASDC+MULTISERVICE,https://www.pagesjaunes.fr/annuaire/chercherlespros?quoiqui=ASDC+MULTISERVICE&ou=MERIGNAC,https://www.societe.com/cgi-bin/search?champs=794506972,,,,10-19,PME,2,3,,-245033,2025,13,2013-07-12,SAS,,,FR68794506972,active,794506972,79450697200031,33.20B,PARC INNOLIN 3 RUE DU GOLF 33700 MERIGNAC,44.8391307357266,-0.680264319379798,,,,,non,oui,2026-08-09,sirene,MERIGNAC
ATELIER BOBINAGE ELECTRIQUE SOULAS,C,33,a contacter,,,,,,,,,,,,maintenance,Reparation d'equipements electriques,BRIVE-LA-GAILLARDE,19100,19,,,,OLIVIER MICHEL,Président de SAS,effectif+10|categorie+5|multi-agences+8|anciennete+5|dirigeant+5,https://www.pappers.fr/entreprise/352081715,https://annuaire-entreprises.data.gouv.fr/entreprise/352081715,"https://www.google.com/maps?q=45.160993971,1.489250977",https://www.google.com/search?q=ATELIER+BOBINAGE+ELECTRIQUE+SOULAS+BRIVE-LA-GAILLARDE,https://www.linkedin.com/search/results/companies/?keywords=ATELIER+BOBINAGE+ELECTRIQUE+SOULAS,https://www.pagesjaunes.fr/annuaire/chercherlespros?quoiqui=ATELIER+BOBINAGE+ELECTRIQUE+SOULAS&ou=BRIVE-LA-GAILLARDE,https://www.societe.com/cgi-bin/search?champs=352081715,,,,10-19,ETI,2,3,,107444,2024,37,1989-10-01,SAS,,3248,FR32352081715,active,352081715,35208171500034,33.14Z,22 RUE FRANCOIS LABROUSSE 19100 BRIVE-LA-GAILLARDE,45.160993971,1.489250977,,,,GROUPE EUROEXCEL (Commissaire aux comptes titulaire),non,oui,2026-08-06,sirene,BRIVE-LA-GAILLARDE
CLOTURES DU COTENTIN,C,33,a contacter,,,,,,,,,,,,maintenance,Autres travaux d'installation n.c.a.,CARPIQUET,14650,14,,,,AMAURY CLAISE,Gérant,effectif+10|categorie+5|multi-agences+8|anciennete+5|dirigeant+5,https://www.pappers.fr/entreprise/602650244,https://annuaire-entreprises.data.gouv.fr/entreprise/602650244,"https://www.google.com/maps?q=49.19680196753008,-0.4632850064029415",https://www.google.com/search?q=CLOTURES+DU+COTENTIN+CARPIQUET,https://www.linkedin.com/search/results/companies/?keywords=CLOTURES+DU+COTENTIN,https://www.pagesjaunes.fr/annuaire/chercherlespros?quoiqui=CLOTURES+DU+COTENTIN&ou=CARPIQUET,https://www.societe.com/cgi-bin/search?champs=602650244,,,,10-19,PME,2,4,,138491,2021,66,1960-01-01,SARL,,,FR45602650244,active,602650244,60265024400034,43.29B,3 RN 13 ZI OUEST CHEMIN DES BISSONNETS 14650 CARPIQUET,49.19680196753008,-0.4632850064029415,,,,,non,oui,2026-08-05,sirene,CARPIQUET
CONSEIL-SERVICE-MAINTENANCE-EXPERTISE POSTE HT-BT,C,33,a contacter,,,,,,,,,,,,maintenance,"Installation d'equipements electriques, de materiels electroniques et optiques ou d'autres materiels",BOURG-DE-PEAGE,26300,26,,,,XAVIER LAIGLE (LAIGLE),Président de SAS,effectif+10|categorie+5|multi-agences+8|anciennete+5|dirigeant+5,https://www.pappers.fr/entreprise/793132788,https://annuaire-entreprises.data.gouv.fr/entreprise/793132788,"https://www.google.com/maps?q=45.013366495,5.0341824946",https://www.google.com/search?q=CONSEIL-SERVICE-MAINTENANCE-EXPERTISE+POSTE+HT-BT+BOURG-DE-PEAGE,https://www.linkedin.com/search/results/companies/?keywords=CONSEIL-SERVICE-MAINTENANCE-EXPERTISE+POSTE+HT-BT,https://www.pagesjaunes.fr/annuaire/chercherlespros?quoiqui=CONSEIL-SERVICE-MAINTENANCE-EXPERTISE+POSTE+HT-BT&ou=BOURG-DE-PEAGE,https://www.societe.com/cgi-bin/search?champs=793132788,,,,10-19,PME,2,4,,93076,2024,13,2013-05-06,SAS,,3248,FR16793132788,active,793132788,79313278800035,33.20D,195 ALLEE DE CHAMBARAN 26300 BOURG-DE-PEAGE,45.013366495,5.0341824946,,,,XAVIER GHISLAIN SERAPHIN LAIGLE (Directeur Général); HOLDING XLA TRANSMISSION PROJECT (Président de SAS),non,oui,2026-08-07,sirene,BOURG-DE-PEAGE
DIEHL AEROSPACE GMBH,C,33,a contacter,,,,,,,,,,,,maintenance,Reparation de materiels electroniques et optiques,,,,,,,ERIC MARC GROS,Dirigeant à l’étranger d’une personne morale étrangère,effectif+10|categorie+5|multi-agences+8|anciennete+5|dirigeant+5,https://www.pappers.fr/entreprise/433591153,https://annuaire-entreprises.data.gouv.fr/entreprise/433591153,https://www.google.com/maps/search/?api=1&query=DIEHL+AEROSPACE+GMBH,https://www.google.com/search?q=DIEHL+AEROSPACE+GMBH,https://www.linkedin.com/search/results/companies/?keywords=DIEHL+AEROSPACE+GMBH,https://www.pagesjaunes.fr/annuaire/chercherlespros?quoiqui=DIEHL+AEROSPACE+GMBH,https://www.societe.com/cgi-bin/search?champs=433591153,,,,100-199,ETI,2,3,,,,26,2000-01-01,3120,,,FR76433591153,active,433591153,43359115300013,33.13Z,UBERLINGEN 88642 ALLEMAGNE,,,,,,JOERG MAEDER (Dirigeant à l’étranger d’une personne morale étrangère); FLORIAN PHILIPP MAIER (Dirigeant à l’étranger d’une personne morale étrangère); GILLES LUDOVIC RAIMBEAUX (Dirigeant en France d’une personne morale étrangère),non,oui,2026-08-09,sirene,
DIPTERATECH,C,33,a contacter,,,,,,,,,,,,maintenance,Autres travaux d'installation n.c.a.,VALBONNE,06560,06,,,,ERIC MAURIN,Président de SAS,effectif+10|categorie+5|multi-agences+8|anciennete+5|dirigeant+5,https://www.pappers.fr/entreprise/530943141,https://annuaire-entreprises.data.gouv.fr/entreprise/530943141,"https://www.google.com/maps?q=43.6253606359326,7.04160282610117",https://www.google.com/search?q=DIPTERATECH+VALBONNE,https://www.linkedin.com/search/results/companies/?keywords=DIPTERATECH,https://www.pagesjaunes.fr/annuaire/chercherlespros?quoiqui=DIPTERATECH&ou=VALBONNE,https://www.societe.com/cgi-bin/search?champs=530943141,,,,10-19,PME,2,4,,30385,2019,15,2011-03-08,SAS,,0573,FR01530943141,active,530943141,53094314100040,43.29B,BATIMENT HT3 SOPHIA ANTIPOLIS ALL DE LA NERTIERE 06560 VALBONNE,43.6253606359326,7.04160282610117,,,,AUDITEURS ET ASSOCIES (Commissaire aux comptes titulaire); OWEN CONSULTANCY (Directeur Général),non,oui,2026-08-02,sirene,VALBONNE
ERMECAM METROLOGIE,C,33,a contacter,,,,,,,,,,,,maintenance,Reparation de materiels electroniques et optiques,BOURG-ACHARD,27310,27,,,,ERIC PHILIPPE GHEVART,Président de SAS,effectif+10|categorie+5|multi-agences+8|anciennete+5|dirigeant+5,https://www.pappers.fr/entreprise/893527333,https://annuaire-entreprises.data.gouv.fr/entreprise/893527333,"https://www.google.com/maps?q=49.3579880142841,0.812176009716249",https://www.google.com/search?q=ERMECAM+METROLOGIE+BOURG-ACHARD,https://www.linkedin.com/search/results/companies/?keywords=ERMECAM+METROLOGIE,https://www.pagesjaunes.fr/annuaire/chercherlespros?quoiqui=ERMECAM+METROLOGIE&ou=BOURG-ACHARD,https://www.societe.com/cgi-bin/search?champs=893527333,,,,10-19,PME,2,3,,38328,2023,5,2021-01-07,SAS,,3248,FR09893527333,active,893527333,89352733300031,33.13Z,ZAC DE QUICANGROGNE 103 ALLEE CHARLES NICOLLE 27310 BOURG-ACHARD,49.3579880142841,0.812176009716249,,,,,non,oui,2026-08-08,sirene,BOURG-ACHARD
ESPACS GRANDS TRAVAUX,C,33,a contacter,,,,,,,,,,,,maintenance,Autres travaux d'installation n.c.a.,SALON-DE-PROVENCE,13300,13,,,,R.E.B. FINANCES,Président de SAS,effectif+10|categorie+5|multi-agences+8|anciennete+5|dirigeant+5,https://www.pappers.fr/entreprise/397934241,https://annuaire-entreprises.data.gouv.fr/entreprise/397934241,"https://www.google.com/maps?q=43.625241702,5.08904909",https://www.google.com/search?q=ESPACS+GRANDS+TRAVAUX+SALON-DE-PROVENCE,https://www.linkedin.com/search/results/companies/?keywords=ESPACS+GRANDS+TRAVAUX,https://www.pagesjaunes.fr/annuaire/chercherlespros?quoiqui=ESPACS+GRANDS+TRAVAUX&ou=SALON-DE-PROVENCE,https://www.societe.com/cgi-bin/search?champs=397934241,,,,10-19,PME,2,3,,132746,2019,32,1994-07-01,SAS,,,FR67397934241,active,397934241,39793424100035,43.29B,1180 B CHEMIN DU QUINTIN 13300 SALON-DE-PROVENCE,43.625241702,5.08904909,,,,,non,oui,2026-08-04,sirene,SALON-DE-PROVENCE
ETABLISSEMENTS BARBOR,C,33,a contacter,,,,,,,,,,,,maintenance,Reparation de machines et equipements mecaniques,GENAY,69730,69,,,,AFFUT'INVESTISSEMENT,Président de SAS,effectif+10|categorie+5|multi-agences+8|anciennete+5|dirigeant+5,https://www.pappers.fr/entreprise/954503918,https://annuaire-entreprises.data.gouv.fr/entreprise/954503918,"https://www.google.com/maps?q=45.8981668689131,4.82113833956535",https://www.google.com/search?q=ETABLISSEMENTS+BARBOR+GENAY,https://www.linkedin.com/search/results/companies/?keywords=ETABLISSEMENTS+BARBOR,https://www.pagesjaunes.fr/annuaire/chercherlespros?quoiqui=ETABLISSEMENTS+BARBOR&ou=GENAY,https://www.societe.com/cgi-bin/search?champs=954503918,,,,10-19,PME,2,5,,87469,2024,72,1954-01-01,SAS,,3248,FR83954503918,active,954503918,95450391800052,33.12Z,ACTIPARK DE LA RICHASSIERE 622 RUE DES JONCHERES 69730 GENAY,45.8981668689131,4.82113833956535,,,,,non,oui,2026-08-07,sirene,GENAY
ETABLISSEMENTS FOULQUIER,C,33,a contacter,,,,,,,,,,,,maintenance,Reparation de machines et equipements mecaniques,LE SEQUESTRE,81990,81,,,,FOUL TEAM,Président de SAS,effectif+10|categorie+5|multi-agences+8|anciennete+5|dirigeant+5,https://www.pappers.fr/entreprise/316645076,https://annuaire-entreprises.data.gouv.fr/entreprise/316645076,"https://www.google.com/maps?q=43.916409183,2.1084602225",https://www.google.com/search?q=ETABLISSEMENTS+FOULQUIER+LE+SEQUESTRE,https://www.linkedin.com/search/results/companies/?keywords=ETABLISSEMENTS+FOULQUIER,https://www.pagesjaunes.fr/annuaire/chercherlespros?quoiqui=ETABLISSEMENTS+FOULQUIER&ou=LE+SEQUESTRE,https://www.societe.com/cgi-bin/search?champs=316645076,,,,10-19,PME,2,2,,23344,2024,61,1965-01-01,SAS,,1404,FR78316645076,active,316645076,31664507600019,33.12Z,LD LE GRAVIER 81990 LE SEQUESTRE,43.916409183,2.1084602225,,,,,non,oui,2026-08-04,sirene,LE SEQUESTRE
ETABLISSEMENTS PETIT RENE,C,33,a contacter,,,,,,,,,,,,maintenance,Reparation d'equipements electriques,ALES,30100,30,,,,JEAN-ERIC AIME PETIT,Gérant,effectif+10|categorie+5|multi-agences+8|anciennete+5|dirigeant+5,https://www.pappers.fr/entreprise/305821399,https://annuaire-entreprises.data.gouv.fr/entreprise/305821399,"https://www.google.com/maps?q=44.144564669,4.1033809854",https://www.google.com/search?q=ETABLISSEMENTS+PETIT+RENE+ALES,https://www.linkedin.com/search/results/companies/?keywords=ETABLISSEMENTS+PETIT+RENE,https://www.pagesjaunes.fr/annuaire/chercherlespros?quoiqui=ETABLISSEMENTS+PETIT+RENE&ou=ALES,https://www.societe.com/cgi-bin/search?champs=305821399,,,,20-49,PME,2,2,,693780,2024,61,1965-01-01,SARL,,"3248, 9999",FR88305821399,active,305821399,30582139900022,33.14Z,ZI DE BRUEGES AVENUE MONGE 30100 ALES,44.144564669,4.1033809854,,,,RENE ALFRED PETIT (Gérant); B.F.A. - BEZIAT FIDUCIAIRE ET AUDIT (Commissaire aux comptes titulaire),non,oui,2026-08-08,sirene,ALES
ETABLISSEMENTS ROBERT PONTON ET FILS,C,33,a contacter,,,,,,,,,,,,maintenance,Installation de machines et equipements mecaniques,LA BAUME-CORNILLANE,26120,26,,,,JACQUES PONTON,Directeur Général,effectif+10|categorie+5|multi-agences+8|anciennete+5|dirigeant+5,https://www.pappers.fr/entreprise/302641287,https://annuaire-entreprises.data.gouv.fr/entreprise/302641287,"https://www.google.com/maps?q=44.8228048997919,5.03643707849496",https://www.google.com/search?q=ETABLISSEMENTS+ROBERT+PONTON+ET+FILS+LA+BAUME-CORNILLANE,https://www.linkedin.com/search/results/companies/?keywords=ETABLISSEMENTS+ROBERT+PONTON+ET+FILS,https://www.pagesjaunes.fr/annuaire/chercherlespros?quoiqui=ETABLISSEMENTS+ROBERT+PONTON+ET+FILS&ou=LA+BAUME-CORNILLANE,https://www.societe.com/cgi-bin/search?champs=302641287,,,,10-19,PME,2,5,,228557,2020,51,1975-01-01,SAS,,3248,FR90302641287,active,302641287,30264128700024,33.20B,85 CHEMIN DES GRANDES TERRES 26120 LA BAUME-CORNILLANE,44.8228048997919,5.03643707849496,,,,ULRICH PONTON (Président de SAS); BBM & ASSOCIES (Commissaire aux comptes suppléant); FIDUREL (Commissaire aux comptes titulaire),non,oui,2026-08-07,sirene,LA BAUME-CORNILLANE
FOREST PIONEER FRANCE,C,33,a contacter,,,,,,,,,,,,maintenance,Reparation de machines et equipements mecaniques,EGLETONS,19300,19,,,,SEBASTIEN CHRISTOPHE NICOLAS BEUCHER,Directeur Général,effectif+10|categorie+5|multi-agences+8|anciennete+5|dirigeant+5,https://www.pappers.fr/entreprise/800379364,https://annuaire-entreprises.data.gouv.fr/entreprise/800379364,"https://www.google.com/maps?q=45.396528422,2.0320116689",https://www.google.com/search?q=FOREST+PIONEER+FRANCE+EGLETONS,https://www.linkedin.com/search/results/companies/?keywords=FOREST+PIONEER+FRANCE,https://www.pagesjaunes.fr/annuaire/chercherlespros?quoiqui=FOREST+PIONEER+FRANCE&ou=EGLETONS,https://www.societe.com/cgi-bin/search?champs=800379364,,,,10-19,PME,2,3,,576586,2024,12,2014-02-06,SAS,,1090,FR07800379364,active,800379364,80037936400022,33.12Z,RN 89 BOULEVARD DE BETHLEEM 19300 EGLETONS,45.396528422,2.0320116689,,,,EMILIO JOSE BRAVO UGARTE (BRAVO) (Président de SAS); EMILIO JOSE BRAVO (BRAVO UGARTE) (Président de SAS); H. AUDIT. (Commissaire aux comptes titulaire),non,oui,2026-08-06,sirene,EGLETONS
FROID CUISINE INDUSTRIE,C,33,a contacter,,,,,,,,,,,,maintenance,Installation de machines et equipements mecaniques,ENTRAIGUES-SUR-LA-SORGUE,84320,84,,,,CHRISTIAN OLLIER,Président de SAS,effectif+10|categorie+5|multi-agences+8|anciennete+5|dirigeant+5,https://www.pappers.fr/entreprise/389572025,https://annuaire-entreprises.data.gouv.fr/entreprise/389572025,"https://www.google.com/maps?q=43.993355104,4.9214317228",https://www.google.com/search?q=FROID+CUISINE+INDUSTRIE+ENTRAIGUES-SUR-LA-SORGUE,https://www.linkedin.com/search/results/companies/?keywords=FROID+CUISINE+INDUSTRIE,https://www.pagesjaunes.fr/annuaire/chercherlespros?quoiqui=FROID+CUISINE+INDUSTRIE&ou=ENTRAIGUES-SUR-LA-SORGUE,https://www.societe.com/cgi-bin/search?champs=389572025,,,,20-49,PME,2,3,,241134,2024,33,1993-01-05,SAS,,1412,FR44389572025,active,389572025,38957202500028,33.20B,COUQUIOU 260 AVENUE DE LA MOINEAUDIERE 84320 ENTRAIGUES-SUR-LA-SORGUE,43.993355104,4.9214317228,,,,"PSYF (Directeur Général); CALEDONIA (Directeur Général); SARL DU BICORNE, (Directeur Général); MASEYA (Directeur Général)",non,oui,2026-08-08,sirene,ENTRAIGUES-SUR-LA-SORGUE
G.V.M,C,33,a contacter,,,,,,,,,,,,maintenance,Reparation de machines et equipements mecaniques,VAUVERT,30600,30,,,,NICOLAS MAURICE RAYMOND VIGNEAU,Président de SAS,effectif+10|categorie+5|multi-agences+8|anciennete+5|dirigeant+5,https://www.pappers.fr/entreprise/908126485,https://annuaire-entreprises.data.gouv.fr/entreprise/908126485,"https://www.google.com/maps?q=43.7070177272674,4.28632182835821",https://www.google.com/search?q=G.V.M+VAUVERT,https://www.linkedin.com/search/results/companies/?keywords=G.V.M,https://www.pagesjaunes.fr/annuaire/chercherlespros?quoiqui=G.V.M&ou=VAUVERT,https://www.societe.com/cgi-bin/search?champs=908126485,,,,10-19,PME,2,3,,-15839,2024,5,2021-11-30,SAS,,1404,FR25908126485,active,908126485,90812648500014,33.12Z,ZONE INDUSTRIELLE 302 RUE LOUIS LEPINE 30600 VAUVERT,43.7070177272674,4.28632182835821,,,,NICOLAS MAURICE RAYMOND BERNARD YVES VIGNEAU (Président de SAS),non,oui,2026-08-08,sirene,VAUVERT
GENESTE FRANCE,C,33,a contacter,,,,,,,,,,,,maintenance,Reparation d'equipements electriques,BRIVE-LA-GAILLARDE,19100,19,,,,PHILIPPE JOUSSEAUME,Gérant,effectif+10|categorie+5|multi-agences+8|anciennete+5|dirigeant+5,https://www.pappers.fr/entreprise/308636679,https://annuaire-entreprises.data.gouv.fr/entreprise/308636679,"https://www.google.com/maps?q=45.141034978,1.472439017",https://www.google.com/search?q=GENESTE+FRANCE+BRIVE-LA-GAILLARDE,https://www.linkedin.com/search/results/companies/?keywords=GENESTE+FRANCE,https://www.pagesjaunes.fr/annuaire/chercherlespros?quoiqui=GENESTE+FRANCE&ou=BRIVE-LA-GAILLARDE,https://www.societe.com/cgi-bin/search?champs=308636679,,,,10-19,PME,2,7,,-93568,2024,61,1965-01-01,SARL,,3248,FR41308636679,active,308636679,30863667900083,33.14Z,9 RUE LOUIS RODAS 19100 BRIVE-LA-GAILLARDE,45.141034978,1.472439017,,,,,non,oui,2026-08-06,sirene,BRIVE-LA-GAILLARDE
GENINDUS ENERNOV,C,33,a contacter,,,,,,,,,,,,maintenance,Reparation d'equipements electriques,CRECY-LA-CHAPELLE,77580,77,,,,VINCENT JEAN ROBERT BRYON,Gérant,effectif+10|categorie+5|multi-agences+8|anciennete+5|dirigeant+5,https://www.pappers.fr/entreprise/410361737,https://annuaire-entreprises.data.gouv.fr/entreprise/410361737,"https://www.google.com/maps?q=48.860266219,2.8946581451",https://www.google.com/search?q=GENINDUS+ENERNOV+CRECY-LA-CHAPELLE,https://www.linkedin.com/search/results/companies/?keywords=GENINDUS+ENERNOV,https://www.pagesjaunes.fr/annuaire/chercherlespros?quoiqui=GENINDUS+ENERNOV&ou=CRECY-LA-CHAPELLE,https://www.societe.com/cgi-bin/search?champs=410361737,,,,10-19,PME,2,6,,28903,2024,30,1996-12-04,SARL,,3248,FR23410361737,active,410361737,41036173700027,33.14Z,ZI DE LA PATURE 22 RUE DES ABBESSES 77580 CRECY-LA-CHAPELLE,48.860266219,2.8946581451,,,,ALEXANDRE EDMOND ALDO FRASSATI (Gérant),non,oui,2026-08-01,sirene,CRECY-LA-CHAPELLE
HYDRAULIQUE MECANIQUE SERVICES,C,33,a contacter,,,,,,,,,,,,maintenance,Reparation de machines et equipements mecaniques,RODEZ,12000,12,,,,EC DELPECH,Président de SAS,effectif+10|categorie+5|multi-agences+8|anciennete+5|dirigeant+5,https://www.pappers.fr/entreprise/522693084,https://annuaire-entreprises.data.gouv.fr/entreprise/522693084,"https://www.google.com/maps?q=44.368840571,2.5464790416",https://www.google.com/search?q=HYDRAULIQUE+MECANIQUE+SERVICES+RODEZ,https://www.linkedin.com/search/results/companies/?keywords=HYDRAULIQUE+MECANIQUE+SERVICES,https://www.pagesjaunes.fr/annuaire/chercherlespros?quoiqui=HYDRAULIQUE+MECANIQUE+SERVICES&ou=RODEZ,https://www.societe.com/cgi-bin/search?champs=522693084,,,,10-19,PME,2,3,,37794,2024,16,2010-07-01,SAS,,1404,FR59522693084,active,522693084,52269308400025,33.12Z,ZA BEL AIR 444 RUE SAINT-CHRISTOPHE 12000 RODEZ,44.368840571,2.5464790416,,,,,non,oui,2026-08-04,sirene,RODEZ
ILEX ANTIBES,C,33,a contacter,,,,,,,,,,,,maintenance,Autres travaux d'installation n.c.a.,ANTIBES,06600,06,,,,BEAS,Commissaire aux comptes suppléant,effectif+10|categorie+5|multi-agences+8|anciennete+5|dirigeant+5,https://www.pappers.fr/entreprise/350065603,https://annuaire-entreprises.data.gouv.fr/entreprise/350065603,"https://www.google.com/maps?q=43.6000468513329,7.09143116344081",https://www.google.com/search?q=ILEX+ANTIBES+ANTIBES,https://www.linkedin.com/search/results/companies/?keywords=ILEX+ANTIBES,https://www.pagesjaunes.fr/annuaire/chercherlespros?quoiqui=ILEX+ANTIBES&ou=ANTIBES,https://www.societe.com/cgi-bin/search?champs=350065603,,,,50-99,PME,2,6,,512480,2024,37,1989-03-16,SAS,,3248,FR34350065603,active,350065603,35006560300077,43.29B,520 PREMIERE AVENUE 06600 ANTIBES,43.6000468513329,7.09143116344081,,,,IN EXTENSO PROVENCE (Commissaire aux comptes titulaire); ASCENSIO (Président de SAS),non,oui,2026-08-02,sirene,ANTIBES
IUMANA,C,33,a contacter,,,,,,,,,,,,maintenance,Autres travaux d'installation n.c.a.,ARBONNE,64210,64,,,,JEAN PIERRE ZOLEZZI (ZOLEZZI),Président de SAS,effectif+10|categorie+5|multi-agences+8|anciennete+5|dirigeant+5,https://www.pappers.fr/entreprise/488040783,https://annuaire-entreprises.data.gouv.fr/entreprise/488040783,"https://www.google.com/maps?q=43.445782236,-1.542245145",https://www.google.com/search?q=IUMANA+ARBONNE,https://www.linkedin.com/search/results/companies/?keywords=IUMANA,https://www.pagesjaunes.fr/annuaire/chercherlespros?quoiqui=IUMANA&ou=ARBONNE,https://www.societe.com/cgi-bin/search?champs=488040783,,,,10-19,PME,2,5,,3191,2024,20,2006-01-01,SAS,,3248,FR93488040783,active,488040783,48804078300034,43.29B,LIEU DIT LE POUY PARC D'ACTIVITE LANA 25 RUE BASTER BIDEA 64210 ARBONNE,43.445782236,-1.542245145,,,,,non,oui,2026-08-03,sirene,ARBONNE
KM REFRIGERATION,C,33,a contacter,,,,,,,,,,,,maintenance,Installation de machines et equipements mecaniques,ANDREZIEUX-BOUTHEON,42160,42,,,,GC3,Directeur Général,effectif+10|categorie+5|multi-agences+8|anciennete+5|dirigeant+5,https://www.pappers.fr/entreprise/448288704,https://annuaire-entreprises.data.gouv.fr/entreprise/448288704,"https://www.google.com/maps?q=45.543996015,4.2900360017",https://www.google.com/search?q=KM+REFRIGERATION+ANDREZIEUX-BOUTHEON,https://www.linkedin.com/search/results/companies/?keywords=KM+REFRIGERATION,https://www.pagesjaunes.fr/annuaire/chercherlespros?quoiqui=KM+REFRIGERATION&ou=ANDREZIEUX-BOUTHEON,https://www.societe.com/cgi-bin/search?champs=448288704,,,,20-49,PME,2,7,,56651,2024,23,2003-05-02,SAS,,1412,FR21448288704,active,448288704,44828870400043,33.20B,450 RUE FRANCOIS DURAFOUR 42160 ANDREZIEUX-BOUTHEON,45.543996015,4.2900360017,,,,FM DEVELOPPEMENT (Président de SAS); 2A INVESTISSEMENT (Directeur Général),non,oui,2026-08-10,sirene,ANDREZIEUX-BOUTHEON
LEXAS INTEGRATED TECHNOLOGY FRANCE,C,33,a contacter,,,,,,,,,,,,maintenance,Reparation de materiels electroniques et optiques,MENNECY,91540,91,,,,SHANE GLYNN (GLYNN),Gérant,effectif+10|categorie+5|multi-agences+8|anciennete+5|dirigeant+5,https://www.pappers.fr/entreprise/478497704,https://annuaire-entreprises.data.gouv.fr/entreprise/478497704,"https://www.google.com/maps?q=48.555119891,2.4377839458",https://www.google.com/search?q=LEXAS+INTEGRATED+TECHNOLOGY+FRANCE+MENNECY,https://www.linkedin.com/search/results/companies/?keywords=LEXAS+INTEGRATED+TECHNOLOGY+FRANCE,https://www.pagesjaunes.fr/annuaire/chercherlespros?quoiqui=LEXAS+INTEGRATED+TECHNOLOGY+FRANCE&ou=MENNECY,https://www.societe.com/cgi-bin/search?champs=478497704,,,,20-49,PME,2,3,,105799,2024,22,2004-07-01,SARL,,3248,FR18478497704,active,478497704,47849770400013,33.13Z,11 PLACE DES CHAMPS-FLEURIS 91540 MENNECY,48.555119891,2.4377839458,,,,SHANE DARA GLYNN (Gérant),non,oui,2026-08-04,sirene,MENNECY
LONCHAMPT,C,33,a contacter,,,,,,,,,,,,maintenance,Reparation de machines et equipements mecaniques,THISE,25220,25,,,,BFC FROID,Président de SAS,effectif+10|categorie+5|multi-agences+8|anciennete+5|dirigeant+5,https://www.pappers.fr/entreprise/400490421,https://annuaire-entreprises.data.gouv.fr/entreprise/400490421,"https://www.google.com/maps?q=47.268708111,6.0566362257",https://www.google.com/search?q=LONCHAMPT+THISE,https://www.linkedin.com/search/results/companies/?keywords=LONCHAMPT,https://www.pagesjaunes.fr/annuaire/chercherlespros?quoiqui=LONCHAMPT&ou=THISE,https://www.societe.com/cgi-bin/search?champs=400490421,,,,10-19,PME,2,4,,,,31,1995-04-01,SAS,,1412,FR78400490421,active,400490421,40049042100015,33.12Z,Z.I. RUE DU ROND BUISSON 25220 THISE,47.268708111,6.0566362257,,,,,non,oui,2026-08-07,sirene,THISE
OKEENEA BATIMENT,C,33,a contacter,,,,,,,,,,,,maintenance,"Installation d'equipements electriques, de materiels electroniques et optiques ou d'autres materiels",CHAMPAGNE-AU-MONT-D'OR,69410,69,,,,MARTIN FELIX ROCHON-COHEN (ROCHON),Directeur Général,effectif+10|categorie+5|multi-agences+8|anciennete+5|dirigeant+5,https://www.pappers.fr/entreprise/430468645,https://annuaire-entreprises.data.gouv.fr/entreprise/430468645,"https://www.google.com/maps?q=45.80258934,4.7795651637",https://www.google.com/search?q=OKEENEA+BATIMENT+CHAMPAGNE-AU-MONT-D%27OR,https://www.linkedin.com/search/results/companies/?keywords=OKEENEA+BATIMENT,https://www.pagesjaunes.fr/annuaire/chercherlespros?quoiqui=OKEENEA+BATIMENT&ou=CHAMPAGNE-AU-MONT-D%27OR,https://www.societe.com/cgi-bin/search?champs=430468645,,,,20-49,PME,2,8,,717707,2024,26,2000-04-01,SAS,,3248,FR36430468645,active,430468645,43046864500063,33.20D,6 RUE DES AULNES 69410 CHAMPAGNE-AU-MONT-D'OR,45.80258934,4.7795651637,,,,ROMAIN EXPERTISE COMPTABLE & AUDIT (Autre); ACCESS TO MARS (Président de SAS),non,oui,2026-08-02,sirene,CHAMPAGNE-AU-MONT-D'OR
PESAGE INDUSTRIEL DE L OUEST,C,33,a contacter,,,,,,,,,,,,maintenance,Reparation de machines et equipements mecaniques,VERN-SUR-SEICHE,35770,35,,,,ER INVEST,Président de SAS,effectif+10|categorie+5|multi-agences+8|anciennete+5|dirigeant+5,https://www.pappers.fr/entreprise/310133798,https://annuaire-entreprises.data.gouv.fr/entreprise/310133798,"https://www.google.com/maps?q=48.050829073,-1.608080141",https://www.google.com/search?q=PESAGE+INDUSTRIEL+DE+L+OUEST+VERN-SUR-SEICHE,https://www.linkedin.com/search/results/companies/?keywords=PESAGE+INDUSTRIEL+DE+L+OUEST,https://www.pagesjaunes.fr/annuaire/chercherlespros?quoiqui=PESAGE+INDUSTRIEL+DE+L+OUEST&ou=VERN-SUR-SEICHE,https://www.societe.com/cgi-bin/search?champs=310133798,,,,10-19,PME,2,3,,130282,2024,49,1977-01-01,SAS,,9999,FR07310133798,active,310133798,31013379800028,33.12Z,ZA DE LA CROIX ROUGE 9 RUE DE LA CROIX ROUGE 35770 VERN-SUR-SEICHE,48.050829073,-1.608080141,,,,,non,oui,2026-08-07,sirene,VERN-SUR-SEICHE
PESAGE NOUVELLE AQUITAINE,C,33,a contacter,,,,,,,,,,,,maintenance,Reparation de machines et equipements mecaniques,SAINT-SAUVEUR-D'AUNIS,17540,17,,,,LUDOVIC CAILLEAU,Président de SAS,effectif+10|categorie+5|multi-agences+8|anciennete+5|dirigeant+5,https://www.pappers.fr/entreprise/831305552,https://annuaire-entreprises.data.gouv.fr/entreprise/831305552,"https://www.google.com/maps?q=46.229916969,-0.881607039",https://www.google.com/search?q=PESAGE+NOUVELLE+AQUITAINE+SAINT-SAUVEUR-D%27AUNIS,https://www.linkedin.com/search/results/companies/?keywords=PESAGE+NOUVELLE+AQUITAINE,https://www.pagesjaunes.fr/annuaire/chercherlespros?quoiqui=PESAGE+NOUVELLE+AQUITAINE&ou=SAINT-SAUVEUR-D%27AUNIS,https://www.societe.com/cgi-bin/search?champs=831305552,,,,10-19,PME,2,3,,120048,2023,9,2017-07-27,SAS,,3248,FR11831305552,active,831305552,83130555200026,33.12Z,ZI DU FIEF DE L'ETANG 3 RUE BEAUX VALLONS 17540 SAINT-SAUVEUR-D'AUNIS,46.229916969,-0.881607039,,,,LUDOVIC LUCIEN ROBERT CAILLEAU (Président de SAS),non,oui,2026-08-06,sirene,SAINT-SAUVEUR-D'AUNIS
POLY-FROID 34,C,33,a contacter,,,,,,,,,,,,maintenance,Reparation de machines et equipements mecaniques,MAUGUIO,34130,34,,,,COLDFOOD HOLDING,Président de SAS,effectif+10|categorie+5|multi-agences+8|anciennete+5|dirigeant+5,https://www.pappers.fr/entreprise/391188596,https://annuaire-entreprises.data.gouv.fr/entreprise/391188596,"https://www.google.com/maps?q=43.6264234014949,4.01458185839352",https://www.google.com/search?q=POLY-FROID+34+MAUGUIO,https://www.linkedin.com/search/results/companies/?keywords=POLY-FROID+34,https://www.pagesjaunes.fr/annuaire/chercherlespros?quoiqui=POLY-FROID+34&ou=MAUGUIO,https://www.societe.com/cgi-bin/search?champs=391188596,,,,10-19,PME,2,3,,8639,2024,33,1993-04-15,SAS,,,FR48391188596,active,391188596,39118859600046,33.12Z,114 RUE MERLOT 34130 MAUGUIO,43.6264234014949,4.01458185839352,,,,,non,oui,2026-08-10,sirene,MAUGUIO
REGIONAL ASCENSEURS SUD-OUEST,C,33,a contacter,,,,,,,,,,,,maintenance,Autres travaux d'installation n.c.a.,CANEJAN,33610,33,,,,PATRICK CERISIER (CERISIER),Directeur Général,effectif+10|categorie+5|multi-agences+8|anciennete+5|dirigeant+5,https://www.pappers.fr/entreprise/429898950,https://annuaire-entreprises.data.gouv.fr/entreprise/429898950,"https://www.google.com/maps?q=44.77207442,-0.647396259",https://www.google.com/search?q=REGIONAL+ASCENSEURS+SUD-OUEST+CANEJAN,https://www.linkedin.com/search/results/companies/?keywords=REGIONAL+ASCENSEURS+SUD-OUEST,https://www.pagesjaunes.fr/annuaire/chercherlespros?quoiqui=REGIONAL+ASCENSEURS+SUD-OUEST&ou=CANEJAN,https://www.societe.com/cgi-bin/search?champs=429898950,,,,20-49,PME,2,6,,917942,2024,26,2000-03-15,SAS,,3248,FR91429898950,active,429898950,42989895000051,43.29B,ZONE D'ACTIVITES ACTIPOLIS II 9 AVENUE DE LA POINTE 33610 CANEJAN,44.77207442,-0.647396259,,,,YVES LOGEAIS (LOGEAIS) (Président de SAS); YVES BERNARD CHRISTIAN LOGEAIS (Président de SAS); PHILIPPE VOISIN (VOISIN) (Directeur Général),non,oui,2026-08-09,sirene,CANEJAN
REGNARD TECHNOLOGIES,C,33,a contacter,,,,,,,,,,,,maintenance,Reparation de machines et equipements mecaniques,RUGLES,27250,27,,,,JULIE FLORIN (REGNARD),Président de SAS,effectif+10|categorie+5|multi-agences+8|anciennete+5|dirigeant+5,https://www.pappers.fr/entreprise/412160608,https://annuaire-entreprises.data.gouv.fr/entreprise/412160608,"https://www.google.com/maps?q=48.81510275,0.7022762346",https://www.google.com/search?q=REGNARD+TECHNOLOGIES+RUGLES,https://www.linkedin.com/search/results/companies/?keywords=REGNARD+TECHNOLOGIES,https://www.pagesjaunes.fr/annuaire/chercherlespros?quoiqui=REGNARD+TECHNOLOGIES&ou=RUGLES,https://www.societe.com/cgi-bin/search?champs=412160608,,,,20-49,PME,2,4,,258644,2024,29,1997-04-01,SAS,,3248,FR41412160608,active,412160608,41216060800011,33.12Z,9 LE HANOY 27250 RUGLES,48.81510275,0.7022762346,,,,LOIC MARIE ELIE REGNARD (Directeur Général); PATRICE MARIE MARCEL REGNARD (Directeur Général),non,oui,2026-08-08,sirene,RUGLES
SARL FROID OUEST,C,33,a contacter,,,,,,,,,,,,maintenance,Installation de machines et equipements mecaniques,CHATEAUNEUF-D'ILLE-ET-VILAINE,35430,35,,,,SEBASTIEN LAUMONDAIS AGAISSE (LAUMONDAIS AGAISSE),Gérant,effectif+10|categorie+5|multi-agences+8|anciennete+5|dirigeant+5,https://www.pappers.fr/entreprise/449982958,https://annuaire-entreprises.data.gouv.fr/entreprise/449982958,"https://www.google.com/maps?q=48.55605095,-1.928101252",https://www.google.com/search?q=SARL+FROID+OUEST+CHATEAUNEUF-D%27ILLE-ET-VILAINE,https://www.linkedin.com/search/results/companies/?keywords=SARL+FROID+OUEST,https://www.pagesjaunes.fr/annuaire/chercherlespros?quoiqui=SARL+FROID+OUEST&ou=CHATEAUNEUF-D%27ILLE-ET-VILAINE,https://www.societe.com/cgi-bin/search?champs=449982958,,,,10-19,PME,2,6,,633,2024,23,2003-09-12,SARL,,1412,FR80449982958,active,449982958,44998295800026,33.20B,LES PREES JAMBREES LA BRISARDIERE 35430 CHATEAUNEUF-D'ILLE-ET-VILAINE,48.55605095,-1.928101252,,,,,non,oui,2026-08-07,sirene,CHATEAUNEUF-D'ILLE-ET-VILAINE
SMILAIR MGW,C,33,a contacter,,,,,,,,,,,,maintenance,"Installation d'equipements electriques, de materiels electroniques et optiques ou d'autres materiels",MERE,78490,78,,,,NICOLAS CHANTEREAU (CHANTEREAU),Directeur Général,effectif+10|categorie+5|multi-agences+8|anciennete+5|dirigeant+5,https://www.pappers.fr/entreprise/803648047,https://annuaire-entreprises.data.gouv.fr/entreprise/803648047,"https://www.google.com/maps?q=48.804749007574,1.81659495115436",https://www.google.com/search?q=SMILAIR+MGW+MERE,https://www.linkedin.com/search/results/companies/?keywords=SMILAIR+MGW,https://www.pagesjaunes.fr/annuaire/chercherlespros?quoiqui=SMILAIR+MGW&ou=MERE,https://www.societe.com/cgi-bin/search?champs=803648047,,,,20-49,PME,2,7,,64192,2022,12,2014-07-11,SAS,,3248,FR35803648047,active,803648047,80364804700055,33.20D,7 RUE DE LA CHASIERE 78490 MERE,48.804749007574,1.81659495115436,,,,RICHARD CHANTEREAU (CHANTEREAU) (Président de SAS),non,oui,2026-08-04,sirene,MERE
SOLAR TURBINES EUROPE,C,33,a contacter,,,,,,,,,,,,maintenance,Reparation de machines et equipements mecaniques,,,,,,,BRUNO JOSEPH PAUL GOURAUD,Autre,effectif+10|categorie+5|multi-agences+8|anciennete+5|dirigeant+5,https://www.pappers.fr/entreprise/407696699,https://annuaire-entreprises.data.gouv.fr/entreprise/407696699,https://www.google.com/maps/search/?api=1&query=SOLAR+TURBINES+EUROPE,https://www.google.com/search?q=SOLAR+TURBINES+EUROPE,https://www.linkedin.com/search/results/companies/?keywords=SOLAR+TURBINES+EUROPE,https://www.pagesjaunes.fr/annuaire/chercherlespros?quoiqui=SOLAR+TURBINES+EUROPE,https://www.societe.com/cgi-bin/search?champs=407696699,,,,20-49,ETI,2,12,,,,30,1996-01-29,3120,,,FR37407696699,active,407696699,40769669900013,33.12Z,1 AV DES ETATS UNIS CHARLEROI BELGIQUE,,,,,,,non,oui,2026-08-08,sirene,
SUD OUEST INSTALLATION,C,33,a contacter,,,,,,,,,,,,maintenance,Autres travaux d'installation n.c.a.,PARIS,75008,75,,,,SC JEROME ANDRE,Président de SAS,effectif+10|categorie+5|multi-agences+8|anciennete+5|dirigeant+5,https://www.pappers.fr/entreprise/411305865,https://annuaire-entreprises.data.gouv.fr/entreprise/411305865,"https://www.google.com/maps?q=48.8783349747057,2.312173962844473",https://www.google.com/search?q=SUD+OUEST+INSTALLATION+PARIS,https://www.linkedin.com/search/results/companies/?keywords=SUD+OUEST+INSTALLATION,https://www.pagesjaunes.fr/annuaire/chercherlespros?quoiqui=SUD+OUEST+INSTALLATION&ou=PARIS,https://www.societe.com/cgi-bin/search?champs=411305865,,,,10-19,ETI,2,5,,27105,2020,29,1997-03-01,SAS,,,FR07411305865,active,411305865,41130586500056,43.29B,CS 48756 -75380 PARIS CEDEX 08 58 RUE DE MONCEAU 75008 PARIS,48.8783349747057,2.312173962844473,,,,MARNATHON (Directeur Général); CLELOU (Directeur Général),non,oui,2026-08-04,sirene,PARIS
T.E.E.M.,C,33,a contacter,,,,,,,,,,,,maintenance,"Installation d'equipements electriques, de materiels electroniques et optiques ou d'autres materiels",PORDIC,22590,22,,,,FRANCOIS GIRARD (GIRARD),Président de SAS,effectif+10|categorie+5|multi-agences+8|anciennete+5|dirigeant+5,https://www.pappers.fr/entreprise/434904595,https://annuaire-entreprises.data.gouv.fr/entreprise/434904595,"https://www.google.com/maps?q=48.558209649,-2.812485724",https://www.google.com/search?q=T.E.E.M.+PORDIC,https://www.linkedin.com/search/results/companies/?keywords=T.E.E.M.,https://www.pagesjaunes.fr/annuaire/chercherlespros?quoiqui=T.E.E.M.&ou=PORDIC,https://www.societe.com/cgi-bin/search?champs=434904595,,,,10-19,PME,2,4,,218946,2023,25,2001-02-07,SAS,,3236,FR68434904595,active,434904595,43490459500049,33.20D,1 RUE LAVOISIER 22590 PORDIC,48.558209649,-2.812485724,,,,FRANCOIS ETIENNE EMILE GIRARD (Président de SAS); MLM (Directeur Général); MEREVES (Directeur Général); MLM SARL (Directeur Général),non,oui,2026-08-07,sirene,PORDIC
TOUT POUR LE FROID SOCIETE NOUVELLE,C,33,a contacter,,,,,,,,,,,,maintenance,Reparation de machines et equipements mecaniques,LIMOGES,87000,87,,,,JEAN-PAUL NICOT,Président de SAS,effectif+10|categorie+5|multi-agences+8|anciennete+5|dirigeant+5,https://www.pappers.fr/entreprise/417755972,https://annuaire-entreprises.data.gouv.fr/entreprise/417755972,"https://www.google.com/maps?q=45.81066003,1.2720959516",https://www.google.com/search?q=TOUT+POUR+LE+FROID+SOCIETE+NOUVELLE+LIMOGES,https://www.linkedin.com/search/results/companies/?keywords=TOUT+POUR+LE+FROID+SOCIETE+NOUVELLE,https://www.pagesjaunes.fr/annuaire/chercherlespros?quoiqui=TOUT+POUR+LE+FROID+SOCIETE+NOUVELLE&ou=LIMOGES,https://www.societe.com/cgi-bin/search?champs=417755972,,,,20-49,PME,2,3,,,2024,28,1998-01-01,SAS,,"1412, 9999",FR89417755972,active,417755972,41775597200029,33.12Z,10 RUE BERNARD LATHIERE 87000 LIMOGES,45.81066003,1.2720959516,,,,FIDECO AUDIT (Commissaire aux comptes titulaire),non,oui,2026-08-09,sirene,LIMOGES
A2MA,C,33,a contacter,,,,,,,,,,,,maintenance,Autres travaux d'installation n.c.a.,CENON,33150,33,,,,CHRISTOPHE MATHIEU (MATHIEU),Président de SAS,site+8|effectif+10|categorie+5|anciennete+5|dirigeant+5,https://www.pappers.fr/entreprise/531986610,https://annuaire-entreprises.data.gouv.fr/entreprise/531986610,"https://www.google.com/maps?q=44.8551670071986,-0.521197001716451",https://www.google.com/search?q=A2MA+CENON,https://www.linkedin.com/search/results/companies/?keywords=A2MA,https://www.pagesjaunes.fr/annuaire/chercherlespros?quoiqui=A2MA&ou=CENON,https://www.societe.com/cgi-bin/search?champs=531986610,https://fr.trustpilot.com/review/a2ma.com,,a2ma.com,10-19,PME,1,2,,,2024,15,2011-04-21,SAS,,3248,FR24531986610,active,531986610,53198661000024,43.29B,4 RUE DU PROFESSEUR LANGEVIN 33150 CENON,44.8551670071986,-0.521197001716451,,,,,oui,oui,2026-08-10,sirene,CENON
A6 SERVICES,C,33,a contacter,,,,,,,,,,,,maintenance,Reparation de machines et equipements mecaniques,SAINTES,17100,17,,,,SEBASTIEN DANTEC,Président de SAS,site+8|effectif+10|categorie+5|anciennete+5|dirigeant+5,https://www.pappers.fr/entreprise/918639550,https://annuaire-entreprises.data.gouv.fr/entreprise/918639550,"https://www.google.com/maps?q=45.757295749,-0.662136818",https://www.google.com/search?q=A6+SERVICES+SAINTES,https://www.linkedin.com/search/results/companies/?keywords=A6+SERVICES,https://www.pagesjaunes.fr/annuaire/chercherlespros?quoiqui=A6+SERVICES&ou=SAINTES,https://www.societe.com/cgi-bin/search?champs=918639550,https://fr.trustpilot.com/review/a6services.com,,a6services.com,10-19,PME,1,1,,223945,2024,4,2022-08-23,SAS,,"1404, 9999",FR58918639550,active,918639550,91863955000014,33.12Z,1 RUE DES VACHERONS 17100 SAINTES,45.757295749,-0.662136818,,,,,oui,oui,2026-08-06,sirene,SAINTES
CYPRESS,C,33,a contacter,,,,,,,,,,,,maintenance,Reparation de machines et equipements mecaniques,L UNION,31240,31,,,,STEVEN CREMER,Gérant,site+8|effectif+10|categorie+5|anciennete+5|dirigeant+5,https://www.pappers.fr/entreprise/404844557,https://annuaire-entreprises.data.gouv.fr/entreprise/404844557,"https://www.google.com/maps?q=43.663742093,1.4600146426",https://www.google.com/search?q=CYPRESS+L+UNION,https://www.linkedin.com/search/results/companies/?keywords=CYPRESS,https://www.pagesjaunes.fr/annuaire/chercherlespros?quoiqui=CYPRESS&ou=L+UNION,https://www.societe.com/cgi-bin/search?champs=404844557,https://fr.trustpilot.com/review/cypress.fr,,cypress.fr,10-19,PME,1,4,,,2024,30,1996-04-16,SARL,,0573,FR78404844557,active,404844557,40484455700045,33.12Z,ZI LA VIOLETTE - 2 IMP BORDEBASSE 2 LA VIOLETTE 31240 L UNION,43.663742093,1.4600146426,,,,,oui,oui,2026-08-09,sirene,L UNION
DREAMS SERVICES,C,33,a contacter,,,,,,,,,,,,maintenance,Autres travaux d'installation n.c.a.,NICE,06300,06,,,,MARIA LOUISA OLIVEIRA DA MOTA,Président de SAS,site+8|effectif+10|categorie+5|anciennete+5|dirigeant+5,https://www.pappers.fr/entreprise/920965464,https://annuaire-entreprises.data.gouv.fr/entreprise/920965464,"https://www.google.com/maps?q=43.718188928,7.2929556002",https://www.google.com/search?q=DREAMS+SERVICES+NICE,https://www.linkedin.com/search/results/companies/?keywords=DREAMS+SERVICES,https://www.pagesjaunes.fr/annuaire/chercherlespros?quoiqui=DREAMS+SERVICES&ou=NICE,https://www.societe.com/cgi-bin/search?champs=920965464,https://fr.trustpilot.com/review/dreamsservices.org,,dreamsservices.org,10-19,PME,1,2,,,,4,2022-10-08,SAS,,,FR08920965464,active,920965464,92096546400026,43.29B,12 RUE LOUIS GENARI 06300 NICE,43.718188928,7.2929556002,,,,,oui,oui,2026-08-03,sirene,NICE
GRISON,C,33,a contacter,,,,,,,,,,,,maintenance,Autres travaux d'installation n.c.a.,LA VICOMTE-SUR-RANCE,22690,22,,,,MIKAEL GRISON,Gérant,site+8|effectif+10|categorie+5|anciennete+5|dirigeant+5,https://www.pappers.fr/entreprise/508939683,https://annuaire-entreprises.data.gouv.fr/entreprise/508939683,"https://www.google.com/maps?q=48.490898453,-1.97651928",https://www.google.com/search?q=GRISON+LA+VICOMTE-SUR-RANCE,https://www.linkedin.com/search/results/companies/?keywords=GRISON,https://www.pagesjaunes.fr/annuaire/chercherlespros?quoiqui=GRISON&ou=LA+VICOMTE-SUR-RANCE,https://www.societe.com/cgi-bin/search?champs=508939683,https://fr.trustpilot.com/review/grison.com,,grison.com,10-19,PME,1,2,,5325,2020,18,2008-11-17,SARL,,"1596, 2609",FR67508939683,active,508939683,50893968300027,43.29B,ZONE ARTISANALE 22690 LA VICOMTE-SUR-RANCE,48.490898453,-1.97651928,,,,MIKAEL JEAN PIERRE GRISON (Gérant),oui,oui,2026-08-07,sirene,LA VICOMTE-SUR-RANCE
HYDRO D,C,33,a contacter,,,,,,,,,,,,maintenance,Reparation de machines et equipements mecaniques,SAINT-MARCEL,27950,27,,,,LOUIS FERRARIN (FERRARIN),Président de SAS,site+8|effectif+10|categorie+5|anciennete+5|dirigeant+5,https://www.pappers.fr/entreprise/382732501,https://annuaire-entreprises.data.gouv.fr/entreprise/382732501,"https://www.google.com/maps?q=49.096635423,1.4465495801",https://www.google.com/search?q=HYDRO+D+SAINT-MARCEL,https://www.linkedin.com/search/results/companies/?keywords=HYDRO+D,https://www.pagesjaunes.fr/annuaire/chercherlespros?quoiqui=HYDRO+D&ou=SAINT-MARCEL,https://www.societe.com/cgi-bin/search?champs=382732501,https://fr.trustpilot.com/review/hydrod.com,,hydrod.com,10-19,PME,1,1,,226750,2025,35,1991-09-01,SAS,,3248,FR76382732501,active,382732501,38273250100012,33.12Z,ZONE INDUSTRIELLE RUE DE LA GARENNE 27950 SAINT-MARCEL,49.096635423,1.4465495801,,,,,oui,oui,2026-08-08,sirene,SAINT-MARCEL
IFCI,C,33,a contacter,,,,,,,,,,,,maintenance,Installation de machines et equipements mecaniques,VELAUX,13880,13,,,,SÉBASTIEN STÉPHANE HOURDEAUX,Gérant,site+8|effectif+10|categorie+5|anciennete+5|dirigeant+5,https://www.pappers.fr/entreprise/891659229,https://annuaire-entreprises.data.gouv.fr/entreprise/891659229,"https://www.google.com/maps?q=43.512241725,5.2349761712",https://www.google.com/search?q=IFCI+VELAUX,https://www.linkedin.com/search/results/companies/?keywords=IFCI,https://www.pagesjaunes.fr/annuaire/chercherlespros?quoiqui=IFCI&ou=VELAUX,https://www.societe.com/cgi-bin/search?champs=891659229,https://fr.trustpilot.com/review/ifci.fr,,ifci.fr,10-19,PME,1,2,,52595,2023,6,2020-12-02,SARL,,1412,FR66891659229,active,891659229,89165922900027,33.20B,PARC D'ACTIVITES LA VERDIERE 1 30 RUE ANDRE MARIE AMPERE 13880 VELAUX,43.512241725,5.2349761712,,,,BRUNO MARTIN (Gérant),oui,oui,2026-08-04,sirene,VELAUX
MECAPLUS,C,33,a contacter,,,,,,,,,,,,maintenance,Reparation de machines et equipements mecaniques,L'ISLE-D'ESPAGNAC,16340,16,,,,FABIEN ROUSSEAU (ROUSSEAU),Président de SAS,site+8|effectif+10|categorie+5|anciennete+5|dirigeant+5,https://www.pappers.fr/entreprise/438582264,https://annuaire-entreprises.data.gouv.fr/entreprise/438582264,"https://www.google.com/maps?q=45.671293302,0.1951736504",https://www.google.com/search?q=MECAPLUS+L%27ISLE-D%27ESPAGNAC,https://www.linkedin.com/search/results/companies/?keywords=MECAPLUS,https://www.pagesjaunes.fr/annuaire/chercherlespros?quoiqui=MECAPLUS&ou=L%27ISLE-D%27ESPAGNAC,https://www.societe.com/cgi-bin/search?champs=438582264,https://fr.trustpilot.com/review/mecaplus.com,,mecaplus.com,10-19,PME,1,2,,2423,2024,25,2001-07-02,SAS,,1572,FR04438582264,active,438582264,43858226400026,33.12Z,63 AVENUE MARYSE BASTIE 16340 L'ISLE-D'ESPAGNAC,45.671293302,0.1951736504,,,,,oui,oui,2026-08-06,sirene,L'ISLE-D'ESPAGNAC
OPTI COM,C,33,a contacter,,,,,,,,,,,,maintenance,"Installation d'equipements electriques, de materiels electroniques et optiques ou d'autres materiels",GRADIGNAN,33170,33,,,,YACINE BOUKELA (BOUKELA),Gérant,site+8|effectif+10|categorie+5|anciennete+5|dirigeant+5,https://www.pappers.fr/entreprise/849502588,https://annuaire-entreprises.data.gouv.fr/entreprise/849502588,"https://www.google.com/maps?q=44.787176905,-0.610216932",https://www.google.com/search?q=OPTI+COM+GRADIGNAN,https://www.linkedin.com/search/results/companies/?keywords=OPTI+COM,https://www.pagesjaunes.fr/annuaire/chercherlespros?quoiqui=OPTI+COM&ou=GRADIGNAN,https://www.societe.com/cgi-bin/search?champs=849502588,https://fr.trustpilot.com/review/opticom.fr,,opticom.fr,10-19,PME,1,1,,,,7,2019-03-27,SARL,,,FR04849502588,active,849502588,84950258800015,33.20D,TOUR 03 APPT 0102 3 RUE NAUDET 33170 GRADIGNAN,44.787176905,-0.610216932,,,,,oui,oui,2026-08-10,sirene,GRADIGNAN
SOCIM SA,C,33,a contacter,,,,,,,,,,,,maintenance,Reparation de machines et equipements mecaniques,CANEJAN,33610,33,,,,MICHEL DELBAST,Commissaire aux comptes suppléant,site+8|effectif+10|categorie+5|anciennete+5|dirigeant+5,https://www.pappers.fr/entreprise/470202524,https://annuaire-entreprises.data.gouv.fr/entreprise/470202524,"https://www.google.com/maps?q=44.761826716,-0.667575403",https://www.google.com/search?q=SOCIM+SA+CANEJAN,https://www.linkedin.com/search/results/companies/?keywords=SOCIM+SA,https://www.pagesjaunes.fr/annuaire/chercherlespros?quoiqui=SOCIM+SA&ou=CANEJAN,https://www.societe.com/cgi-bin/search?champs=470202524,https://fr.trustpilot.com/review/socim.fr,,socim.fr,10-19,PME,1,2,,17660,2025,56,1970-01-01,5699,,"9999, 0045",FR22470202524,active,470202524,47020252400034,33.12Z,PARC D'ACTIVITE DU COURNEAU 5 IMPASSE DE CALONGES 33610 CANEJAN,44.761826716,-0.667575403,,,,COLETTE GRANDJEAN (DUBARRY) (Autre); GERALD GRANDJEAN (GRANDJEAN) (Président du directoire); JEAN PIERRE FELIX GRANDJEAN (GRANDJEAN) (Président du conseil de surveillance); PATRICE POTOCZNIAK (POTOCZNIAK) (Membre du conseil de surveillance),oui,oui,2026-08-10,sirene,CANEJAN
ASSISTANCE TECH BOULANGERIE SCE,C,30,a contacter,,,,,,,,,,,,maintenance,Reparation de machines et equipements mecaniques,VILLEVEYRAC,34560,34,,,,BERNARD SARRIO (SARRIO),Gérant,effectif+10|categorie+5|anciennete+5|dirigeant+5|labels+5,https://www.pappers.fr/entreprise/478659030,https://annuaire-entreprises.data.gouv.fr/entreprise/478659030,https://www.google.com/maps/search/?api=1&query=ASSISTANCE+TECH+BOULANGERIE+SCE+VILLEVEYRAC,https://www.google.com/search?q=ASSISTANCE+TECH+BOULANGERIE+SCE+VILLEVEYRAC,https://www.linkedin.com/search/results/companies/?keywords=ASSISTANCE+TECH+BOULANGERIE+SCE,https://www.pagesjaunes.fr/annuaire/chercherlespros?quoiqui=ASSISTANCE+TECH+BOULANGERIE+SCE&ou=VILLEVEYRAC,https://www.societe.com/cgi-bin/search?champs=478659030,,,,10-19,PME,1,3,,28916,2024,22,2004-10-01,5453,ESS,3248,FR63478659030,active,478659030,47865903000033,33.12Z,ZAE MALPASSET 43 RUE SAUTA ROC 34560 VILLEVEYRAC,,,,,,MARIE SARRIO (SARRIO) (Gérant),non,oui,2026-08-10,sirene,VILLEVEYRAC
BOSIO STORES DEPUIS 1974,C,30,a contacter,,,,,,,,,,,,maintenance,Autres travaux d'installation n.c.a.,ROQUEBRUNE-CAP-MARTIN,06190,06,,,,FABIEN BOSIO (BOSIO),Gérant,effectif+10|categorie+5|anciennete+5|dirigeant+5|labels+5,https://www.pappers.fr/entreprise/790242879,https://annuaire-entreprises.data.gouv.fr/entreprise/790242879,"https://www.google.com/maps?q=43.76180537,7.4820577576",https://www.google.com/search?q=BOSIO+STORES+DEPUIS+1974+ROQUEBRUNE-CAP-MARTIN,https://www.linkedin.com/search/results/companies/?keywords=BOSIO+STORES+DEPUIS+1974,https://www.pagesjaunes.fr/annuaire/chercherlespros?quoiqui=BOSIO+STORES+DEPUIS+1974&ou=ROQUEBRUNE-CAP-MARTIN,https://www.societe.com/cgi-bin/search?champs=790242879,,,,10-19,PME,1,1,,138066,2024,13,2013-01-01,SAS,RGE,"1596, 2609",FR52790242879,active,790242879,79024287900019,43.29B,4 RUE FRANCOIS RATTO 06190 ROQUEBRUNE-CAP-MARTIN,43.76180537,7.4820577576,,,,FABIEN NICOLAS BOSIO (Président de SAS); STEPHANIE BOSIO (BOSIO) (Gérant); STEPHANIE NADIA BOSIO (Directeur Général),non,oui,2026-08-03,sirene,ROQUEBRUNE-CAP-MARTIN
CHARTIER MAINTENANCE,C,30,a contacter,,,,,,,,,,,,maintenance,"Installation d'equipements electriques, de materiels electroniques et optiques ou d'autres materiels",FENDEILLE,11400,11,,,,NATHALIE YANG (CHARTIER),Gérant,effectif+10|categorie+5|anciennete+5|dirigeant+5|labels+5,https://www.pappers.fr/entreprise/882953862,https://annuaire-entreprises.data.gouv.fr/entreprise/882953862,"https://www.google.com/maps?q=43.280838959,1.9466250068",https://www.google.com/search?q=CHARTIER+MAINTENANCE+FENDEILLE,https://www.linkedin.com/search/results/companies/?keywords=CHARTIER+MAINTENANCE,https://www.pagesjaunes.fr/annuaire/chercherlespros?quoiqui=CHARTIER+MAINTENANCE&ou=FENDEILLE,https://www.societe.com/cgi-bin/search?champs=882953862,,,,10-19,PME,1,1,,203892,2024,6,2020-04-17,SARL,RGE,3248,FR51882953862,active,882953862,88295386200019,33.20D,ZONE ARTISANALE AU RIVEL 4 RUE DU FANUM 11400 FENDEILLE,43.280838959,1.9466250068,,,,PASCAL MAURICE ARTHUR CHARTIER (Gérant); NATHALIE CHARTIER (YANG) (Gérant),non,oui,2026-08-04,sirene,FENDEILLE
CHASSAING TECHNOLOGIES,C,30,a contacter,,,,,,,,,,,,maintenance,Installation de machines et equipements mecaniques,SAINT-ROME-DE-CERNON,12490,12,,,,DIMITRI BLIN,Directeur Général,effectif+10|categorie+5|anciennete+5|dirigeant+5|labels+5,https://www.pappers.fr/entreprise/423797273,https://annuaire-entreprises.data.gouv.fr/entreprise/423797273,"https://www.google.com/maps?q=43.989321913,2.9676878498",https://www.google.com/search?q=CHASSAING+TECHNOLOGIES+SAINT-ROME-DE-CERNON,https://www.linkedin.com/search/results/companies/?keywords=CHASSAING+TECHNOLOGIES,https://www.pagesjaunes.fr/annuaire/chercherlespros?quoiqui=CHASSAING+TECHNOLOGIES&ou=SAINT-ROME-DE-CERNON,https://www.societe.com/cgi-bin/search?champs=423797273,,,,10-19,PME,1,2,,505150,2023,27,1999-06-01,SAS,RGE,1412,FR27423797273,active,423797273,42379727300020,33.20B,LA PLAINE DE LAUMIERE 12490 SAINT-ROME-DE-CERNON,43.989321913,2.9676878498,,,,KARIM RABAH KERFAH (Directeur Général); HOLDING ARTIK (Président de SAS),non,oui,2026-08-04,sirene,SAINT-ROME-DE-CERNON
CLIM ET FROID 34,C,30,a contacter,,,,,,,,,,,,maintenance,Installation de machines et equipements mecaniques,VILLENEUVE-LES-BEZIERS,34420,34,,,,ANTHONY TORRES,Gérant,effectif+10|categorie+5|anciennete+5|dirigeant+5|labels+5,https://www.pappers.fr/entreprise/403551534,https://annuaire-entreprises.data.gouv.fr/entreprise/403551534,"https://www.google.com/maps?q=43.330696809,3.287031008",https://www.google.com/search?q=CLIM+ET+FROID+34+VILLENEUVE-LES-BEZIERS,https://www.linkedin.com/search/results/companies/?keywords=CLIM+ET+FROID+34,https://www.pagesjaunes.fr/annuaire/chercherlespros?quoiqui=CLIM+ET+FROID+34&ou=VILLENEUVE-LES-BEZIERS,https://www.societe.com/cgi-bin/search?champs=403551534,,,,20-49,PME,1,2,,41774,2024,30,1996-01-15,SARL,RGE,1412,FR39403551534,active,403551534,40355153400023,33.20B,3 AVENUE DE LA MONTAGNETTE 34420 VILLENEUVE-LES-BEZIERS,43.330696809,3.287031008,,,,ERIC TORRES (Gérant),non,oui,2026-08-10,sirene,VILLENEUVE-LES-BEZIERS
COOPERATIVE DE REALISATIONS INDUSTRIELLES ET AGRICOLES,C,30,a contacter,,,,,,,,,,,,maintenance,Installation de machines et equipements mecaniques,PLABENNEC,29860,29,,,,STEPHANE DONVAL,Administrateur,effectif+10|categorie+5|anciennete+5|dirigeant+5|labels+5,https://www.pappers.fr/entreprise/333243657,https://annuaire-entreprises.data.gouv.fr/entreprise/333243657,"https://www.google.com/maps?q=48.508746297,-4.413050275",https://www.google.com/search?q=COOPERATIVE+DE+REALISATIONS+INDUSTRIELLES+ET+AGRICOLES+PLABENNEC,https://www.linkedin.com/search/results/companies/?keywords=COOPERATIVE+DE+REALISATIONS+INDUSTRIELLES+ET+AGRICOLES,https://www.pagesjaunes.fr/annuaire/chercherlespros?quoiqui=COOPERATIVE+DE+REALISATIONS+INDUSTRIELLES+ET+AGRICOLES&ou=PLABENNEC,https://www.societe.com/cgi-bin/search?champs=333243657,,,,10-19,PME,1,1,,120271,2023,41,1985-08-01,5558,ESS,"1597, 2420, 2609",FR95333243657,active,333243657,33324365700017,33.20B,ZA DE CALLAC 29860 PLABENNEC,48.508746297,-4.413050275,,,,JEAN NOEL GODEC (GODEC) (Administrateur); JEAN-NOEL GODEC (Administrateur); RONAN JEZEQUEL (JEZEQUEL) (Président du conseil d’administration),non,oui,2026-08-08,sirene,PLABENNEC
ELECTRICITE MONTAGNE PYRENEES,C,30,a contacter,,,,,,,,,,,,maintenance,"Installation d'equipements electriques, de materiels electroniques et optiques ou d'autres materiels",SAINT-JEAN-DE-VERGES,09000,09,,,,ERIC BENOIT,Gérant,effectif+10|categorie+5|anciennete+5|dirigeant+5|labels+5,https://www.pappers.fr/entreprise/523104768,https://annuaire-entreprises.data.gouv.fr/entreprise/523104768,"https://www.google.com/maps?q=43.020524005,1.6130040377",https://www.google.com/search?q=ELECTRICITE+MONTAGNE+PYRENEES+SAINT-JEAN-DE-VERGES,https://www.linkedin.com/search/results/companies/?keywords=ELECTRICITE+MONTAGNE+PYRENEES,https://www.pagesjaunes.fr/annuaire/chercherlespros?quoiqui=ELECTRICITE+MONTAGNE+PYRENEES&ou=SAINT-JEAN-DE-VERGES,https://www.societe.com/cgi-bin/search?champs=523104768,,,,10-19,PME,1,2,,,2024,16,2010-06-07,SARL,RGE,3248,FR10523104768,active,523104768,52310476800024,33.20D,ZONE ARTISANALE JOULIEU 09000 SAINT-JEAN-DE-VERGES,43.020524005,1.6130040377,,,,JULIEN JACQUES PENOT (Gérant),non,oui,2026-08-03,sirene,SAINT-JEAN-DE-VERGES
EMANN FRERES SOC,C,30,a contacter,,,,,,,,,,,,maintenance,Installation de machines et equipements mecaniques,VESOUL,70000,70,,,,JULIEN COUPRIAUX (COUPRIAUX),Gérant,effectif+10|categorie+5|anciennete+5|dirigeant+5|labels+5,https://www.pappers.fr/entreprise/815780507,https://annuaire-entreprises.data.gouv.fr/entreprise/815780507,"https://www.google.com/maps?q=47.636525177,6.1515198249",https://www.google.com/search?q=EMANN+FRERES+SOC+VESOUL,https://www.linkedin.com/search/results/companies/?keywords=EMANN+FRERES+SOC,https://www.pagesjaunes.fr/annuaire/chercherlespros?quoiqui=EMANN+FRERES+SOC&ou=VESOUL,https://www.societe.com/cgi-bin/search?champs=815780507,,,,10-19,PME,1,4,,173656,2024,69,1957-01-01,SARL,RGE,1412,FR08815780507,active,815780507,81578050700035,33.20B,RN19 ESPACE COMM LA MOTTE RUE DU PETIT MONTMARIN 70000 VESOUL,47.636525177,6.1515198249,,,,,non,oui,2026-08-07,sirene,VESOUL
ETS FRICON SAS,C,30,a contacter,,,,,,,,,,,,maintenance,Installation de machines et equipements mecaniques,CASTELGINEST,31780,31,,,,M&L FINANCE,Président de SAS,effectif+10|categorie+5|anciennete+5|dirigeant+5|labels+5,https://www.pappers.fr/entreprise/338353899,https://annuaire-entreprises.data.gouv.fr/entreprise/338353899,"https://www.google.com/maps?q=43.7039883749635,1.42596217898965",https://www.google.com/search?q=ETS+FRICON+SAS+CASTELGINEST,https://www.linkedin.com/search/results/companies/?keywords=ETS+FRICON+SAS,https://www.pagesjaunes.fr/annuaire/chercherlespros?quoiqui=ETS+FRICON+SAS&ou=CASTELGINEST,https://www.societe.com/cgi-bin/search?champs=338353899,,,,10-19,PME,1,1,,76114,2024,40,1986-07-01,SAS,RGE,1412,FR68338353899,active,338353899,33835389900010,33.20B,17 ROUTE DE BRUGUIERES 31780 CASTELGINEST,43.7039883749635,1.42596217898965,,,,,non,oui,2026-08-09,sirene,CASTELGINEST
ETS GRATACAP,C,30,a contacter,,,,,,,,,,,,maintenance,Reparation de machines et equipements mecaniques,SAINT-SANTIN,12300,12,,,,GUILLAUME BERNARD GRATACAP,Gérant,effectif+10|categorie+5|anciennete+5|dirigeant+5|labels+5,https://www.pappers.fr/entreprise/394220370,https://annuaire-entreprises.data.gouv.fr/entreprise/394220370,"https://www.google.com/maps?q=44.6346240317302,2.24408495362857",https://www.google.com/search?q=ETS+GRATACAP+SAINT-SANTIN,https://www.linkedin.com/search/results/companies/?keywords=ETS+GRATACAP,https://www.pagesjaunes.fr/annuaire/chercherlespros?quoiqui=ETS+GRATACAP&ou=SAINT-SANTIN,https://www.societe.com/cgi-bin/search?champs=394220370,,,,10-19,PME,1,2,,142265,2024,32,1994-02-01,SARL,RGE,1404,FR68394220370,active,394220370,39422037000024,33.12Z,21 CHEMIN LE TRAVERS 12300 SAINT-SANTIN,44.6346240317302,2.24408495362857,,,,REMY GRATACAP (Gérant); REMY PIERRE GRATACAP (Gérant),non,oui,2026-08-04,sirene,SAINT-SANTIN
EURL ALKAHEST,C,30,a contacter,,,,,,,,,,,,maintenance,Autres travaux d'installation n.c.a.,MOUANS-SARTOUX,06370,06,,,,FRDRIC MARIE CHARLES VIALE,Gérant,effectif+10|categorie+5|anciennete+5|dirigeant+5|labels+5,https://www.pappers.fr/entreprise/534308887,https://annuaire-entreprises.data.gouv.fr/entreprise/534308887,"https://www.google.com/maps?q=43.604104862,6.9582792111",https://www.google.com/search?q=EURL+ALKAHEST+MOUANS-SARTOUX,https://www.linkedin.com/search/results/companies/?keywords=EURL+ALKAHEST,https://www.pagesjaunes.fr/annuaire/chercherlespros?quoiqui=EURL+ALKAHEST&ou=MOUANS-SARTOUX,https://www.societe.com/cgi-bin/search?champs=534308887,,,,10-19,PME,1,3,,-104474,2024,15,2011-09-01,SARL,RGE,"1596, 2420",FR24534308887,active,534308887,53430888700031,43.29B,ZI DE L'ARGILE AVENUE DE LA QUIERA 06370 MOUANS-SARTOUX,43.604104862,6.9582792111,,,,FREDERIC MARIE CHARLES VIALE (Gérant),non,oui,2026-08-03,sirene,MOUANS-SARTOUX
FROID CENTRE SARL,C,30,a contacter,,,,,,,,,,,,maintenance,Reparation de machines et equipements mecaniques,SOYE-EN-SEPTAINE,18340,18,,,,LAURENT ETIEVE (ETIEVE),Président de SAS,effectif+10|categorie+5|anciennete+5|dirigeant+5|labels+5,https://www.pappers.fr/entreprise/444630701,https://annuaire-entreprises.data.gouv.fr/entreprise/444630701,"https://www.google.com/maps?q=47.024199679,2.4819968408",https://www.google.com/search?q=FROID+CENTRE+SARL+SOYE-EN-SEPTAINE,https://www.linkedin.com/search/results/companies/?keywords=FROID+CENTRE+SARL,https://www.pagesjaunes.fr/annuaire/chercherlespros?quoiqui=FROID+CENTRE+SARL&ou=SOYE-EN-SEPTAINE,https://www.societe.com/cgi-bin/search?champs=444630701,,,,10-19,PME,1,1,,237743,2024,24,2002-11-27,SAS,RGE,1412,FR10444630701,active,444630701,44463070100019,33.12Z,21 ROUTE DE PLAIMPIED 18340 SOYE-EN-SEPTAINE,47.024199679,2.4819968408,,,,,non,oui,2026-08-06,sirene,SOYE-EN-SEPTAINE
FROID CLIMATISATION SYSTEM,C,30,a contacter,,,,,,,,,,,,maintenance,Reparation de machines et equipements mecaniques,CANEJAN,33610,33,,,,LOIC RENE HENRI BOULARD (BOULARD),Président de SAS,effectif+10|categorie+5|anciennete+5|dirigeant+5|labels+5,https://www.pappers.fr/entreprise/391432333,https://annuaire-entreprises.data.gouv.fr/entreprise/391432333,"https://www.google.com/maps?q=44.772578592,-0.648302135",https://www.google.com/search?q=FROID+CLIMATISATION+SYSTEM+CANEJAN,https://www.linkedin.com/search/results/companies/?keywords=FROID+CLIMATISATION+SYSTEM,https://www.pagesjaunes.fr/annuaire/chercherlespros?quoiqui=FROID+CLIMATISATION+SYSTEM&ou=CANEJAN,https://www.societe.com/cgi-bin/search?champs=391432333,,,,10-19,PME,1,4,,212991,2024,33,1993-05-15,SAS,RGE,1412,FR73391432333,active,391432333,39143233300048,33.12Z,13 RUE NULLY DE HARCOURT 33610 CANEJAN,44.772578592,-0.648302135,,,,ARNAUD JEAN LUC VERDRU (VERDRU) (Directeur Général),non,oui,2026-08-10,sirene,CANEJAN
MJP,C,30,a contacter,,,,,,,,,,,,maintenance,Installation de machines et equipements mecaniques,SIGEAN,11130,11,,,,ALBERT PLACAIS,Président de SAS,effectif+10|categorie+5|anciennete+5|dirigeant+5|labels+5,https://www.pappers.fr/entreprise/538456732,https://annuaire-entreprises.data.gouv.fr/entreprise/538456732,"https://www.google.com/maps?q=43.0316630253988,2.96407729264356",https://www.google.com/search?q=MJP+SIGEAN,https://www.linkedin.com/search/results/companies/?keywords=MJP,https://www.pagesjaunes.fr/annuaire/chercherlespros?quoiqui=MJP&ou=SIGEAN,https://www.societe.com/cgi-bin/search?champs=538456732,,,,10-19,PME,1,2,,45883,2024,15,2011-12-12,SAS,RGE,1412,FR11538456732,active,538456732,53845673200022,33.20B,25 RUE DU PEYROU 11130 SIGEAN,43.0316630253988,2.96407729264356,,,,,non,oui,2026-08-04,sirene,SIGEAN
MONTAGNE FROID CLIMATISATION,C,30,a contacter,,,,,,,,,,,,maintenance,Reparation de machines et equipements mecaniques,SAINT-ELOY-DE-GY,18110,18,,,,SEBASTIEN MONTAGNE (MONTAGNE),Président de SAS,effectif+10|categorie+5|anciennete+5|dirigeant+5|labels+5,https://www.pappers.fr/entreprise/504945221,https://annuaire-entreprises.data.gouv.fr/entreprise/504945221,"https://www.google.com/maps?q=47.1550243498786,2.35394536747586",https://www.google.com/search?q=MONTAGNE+FROID+CLIMATISATION+SAINT-ELOY-DE-GY,https://www.linkedin.com/search/results/companies/?keywords=MONTAGNE+FROID+CLIMATISATION,https://www.pagesjaunes.fr/annuaire/chercherlespros?quoiqui=MONTAGNE+FROID+CLIMATISATION&ou=SAINT-ELOY-DE-GY,https://www.societe.com/cgi-bin/search?champs=504945221,,,,10-19,PME,1,2,,123820,2024,18,2008-06-24,SAS,RGE,1412,FR61504945221,active,504945221,50494522100027,33.12Z,4 ESPACE ARTISANAL DU DANJON 18110 SAINT-ELOY-DE-GY,47.1550243498786,2.35394536747586,,,,,non,oui,2026-08-06,sirene,SAINT-ELOY-DE-GY
PBC,C,30,a contacter,,,,,,,,,,,,maintenance,Autres travaux d'installation n.c.a.,COUTRAS,33230,33,,,,ARNAUD BECHIEAU (BECHIEAU),Gérant,effectif+10|categorie+5|anciennete+5|dirigeant+5|labels+5,https://www.pappers.fr/entreprise/807708821,https://annuaire-entreprises.data.gouv.fr/entreprise/807708821,"https://www.google.com/maps?q=45.043259491,-0.128177363",https://www.google.com/search?q=PBC+COUTRAS,https://www.linkedin.com/search/results/companies/?keywords=PBC,https://www.pagesjaunes.fr/annuaire/chercherlespros?quoiqui=PBC&ou=COUTRAS,https://www.societe.com/cgi-bin/search?champs=807708821,,,,10-19,PME,1,3,,1152,2024,12,2014-11-07,SARL,RGE,"1596, 2609",FR30807708821,active,807708821,80770882100036,43.29B,7 RUE JEAN JAURES 33230 COUTRAS,45.043259491,-0.128177363,,,,NICOLAS LOPEZ (LOPEZ) (Gérant); OLIVIER LOPEZ (LOPEZ) (Gérant),non,oui,2026-08-10,sirene,COUTRAS
POLYFROID CLIMATISATION,C,30,a contacter,,,,,,,,,,,,maintenance,Reparation de machines et equipements mecaniques,CHATEAUNEUF-DU-RHONE,26780,26,,,,VINCENT CLAUDE ANDRE MINODIER,Gérant,effectif+10|categorie+5|anciennete+5|dirigeant+5|labels+5,https://www.pappers.fr/entreprise/403607179,https://annuaire-entreprises.data.gouv.fr/entreprise/403607179,"https://www.google.com/maps?q=44.491230934,4.7501265689",https://www.google.com/search?q=POLYFROID+CLIMATISATION+CHATEAUNEUF-DU-RHONE,https://www.linkedin.com/search/results/companies/?keywords=POLYFROID+CLIMATISATION,https://www.pagesjaunes.fr/annuaire/chercherlespros?quoiqui=POLYFROID+CLIMATISATION&ou=CHATEAUNEUF-DU-RHONE,https://www.societe.com/cgi-bin/search?champs=403607179,,,,10-19,PME,1,2,,89019,2021,30,1996-01-02,SARL,RGE,1412,FR37403607179,active,403607179,40360717900021,33.12Z,ZA DE L'ETANG 361 RUE BENOIT FOURNEYRON 26780 CHATEAUNEUF-DU-RHONE,44.491230934,4.7501265689,,,,,non,oui,2026-08-07,sirene,CHATEAUNEUF-DU-RHONE
REYNET ALAIN,C,30,a contacter,,,,,,,,,,,,maintenance,Installation de machines et equipements mecaniques,PRIVAS,07000,07,,,,CHRISTOPHE LUNA (LUNA),Gérant,effectif+10|categorie+5|anciennete+5|dirigeant+5|labels+5,https://www.pappers.fr/entreprise/494058159,https://annuaire-entreprises.data.gouv.fr/entreprise/494058159,"https://www.google.com/maps?q=44.723094481,4.6019763451",https://www.google.com/search?q=REYNET+ALAIN+PRIVAS,https://www.linkedin.com/search/results/companies/?keywords=REYNET+ALAIN,https://www.pagesjaunes.fr/annuaire/chercherlespros?quoiqui=REYNET+ALAIN&ou=PRIVAS,https://www.societe.com/cgi-bin/search?champs=494058159,,,,10-19,PME,1,2,,144685,2024,19,2007-01-01,SARL,RGE,1412,FR36494058159,active,494058159,49405815900026,33.20B,LD TAULEAC - ZA DU LAC CHEMIN DES ARTISANS 07000 PRIVAS,44.723094481,4.6019763451,,,,CHRISTOPHE FELIX MARCEL LUNA (Gérant),non,oui,2026-08-03,sirene,PRIVAS
SOC NOUVELLE SAREMICO,C,30,a contacter,,,,,,,,,,,,maintenance,Installation de machines et equipements mecaniques,TOURNES,08090,08,,,,HOLDING ITAC,Directeur Général,effectif+10|categorie+5|anciennete+5|dirigeant+5|labels+5,https://www.pappers.fr/entreprise/349060400,https://annuaire-entreprises.data.gouv.fr/entreprise/349060400,"https://www.google.com/maps?q=49.797588971,4.6290258934",https://www.google.com/search?q=SOC+NOUVELLE+SAREMICO+TOURNES,https://www.linkedin.com/search/results/companies/?keywords=SOC+NOUVELLE+SAREMICO,https://www.pagesjaunes.fr/annuaire/chercherlespros?quoiqui=SOC+NOUVELLE+SAREMICO&ou=TOURNES,https://www.societe.com/cgi-bin/search?champs=349060400,,,,10-19,PME,1,2,,269482,2024,37,1989-01-01,SAS,RGE,1412,FR58349060400,active,349060400,34906040000034,33.20B,RUE ALBERT DEVILLE 08090 TOURNES,49.797588971,4.6290258934,,,,ABIM (Président de SAS),non,oui,2026-08-03,sirene,TOURNES
SOC TECHNIQUE APPLICAT FRIGO,C,30,a contacter,,,,,,,,,,,,maintenance,Reparation de machines et equipements mecaniques,CASTELNAUDARY,11400,11,,,,BECOOL,Président de SAS,effectif+10|categorie+5|anciennete+5|dirigeant+5|labels+5,https://www.pappers.fr/entreprise/591950159,https://annuaire-entreprises.data.gouv.fr/entreprise/591950159,"https://www.google.com/maps?q=43.3035256208857,1.96151928254351",https://www.google.com/search?q=SOC+TECHNIQUE+APPLICAT+FRIGO+CASTELNAUDARY,https://www.linkedin.com/search/results/companies/?keywords=SOC+TECHNIQUE+APPLICAT+FRIGO,https://www.pagesjaunes.fr/annuaire/chercherlespros?quoiqui=SOC+TECHNIQUE+APPLICAT+FRIGO&ou=CASTELNAUDARY,https://www.societe.com/cgi-bin/search?champs=591950159,,,,10-19,PME,1,2,,181693,2024,67,1959-01-01,SAS,RGE,1412,FR00591950159,active,591950159,59195015900028,33.12Z,ZI EN TOURRE 400 AVENUE FREDERIC PASSY 11400 CASTELNAUDARY,43.3035256208857,1.96151928254351,,,,,non,oui,2026-08-04,sirene,CASTELNAUDARY
ADEMI PESAGE,C,30,a contacter,,,,,,,,,,,,maintenance,Reparation de machines et equipements mecaniques,LA SEGUINIERE,,49,09 78 35 35 78,commercial@ademi.fr,mx_ok,,,email+20|tel+10,https://www.pappers.fr/entreprise/395056310,https://annuaire-entreprises.data.gouv.fr/entreprise/395056310,https://www.google.com/maps/search/?api=1&query=ADEMI+PESAGE+LA+SEGUINIERE,https://www.google.com/search?q=ADEMI+PESAGE+LA+SEGUINIERE,https://www.linkedin.com/search/results/companies/?keywords=ADEMI+PESAGE,https://www.pagesjaunes.fr/annuaire/chercherlespros?quoiqui=ADEMI+PESAGE&ou=LA+SEGUINIERE,https://www.societe.com/cgi-bin/search?champs=395056310,https://fr.trustpilot.com/review/ademipesage.fr,https://www.linkedin.com/company/ademipesage,ademipesage.fr,,,,,,,,,,,,,FR50395056310,,395056310,39505631000299,33.12Z,,,,site-generique,non,compta@ademi.fr; recrutement@ademi.fr; siege@ademi.fr,,oui,oui,2026-08-01,sirene,
AF MAINTENANCE,C,30,a contacter,,,,,,,,,,,,maintenance,Autres travaux d'installation n.c.a.,MOUEN,,14,08 00 71 10 10,info@afmaintenance.com,mx_ok,,,email+20|tel+10,https://www.pappers.fr/entreprise/450160122,https://annuaire-entreprises.data.gouv.fr/entreprise/450160122,https://www.google.com/maps/search/?api=1&query=AF+MAINTENANCE+MOUEN,https://www.google.com/search?q=AF+MAINTENANCE+MOUEN,https://www.linkedin.com/search/results/companies/?keywords=AF+MAINTENANCE,https://www.pagesjaunes.fr/annuaire/chercherlespros?quoiqui=AF+MAINTENANCE&ou=MOUEN,https://www.societe.com/cgi-bin/search?champs=450160122,https://fr.trustpilot.com/review/afmaintenance.fr,https://www.linkedin.com/company/af-maintenance,afmaintenance.fr,,,,,,,,,,,,,FR12450160122,,450160122,45016012200187,43.29B,,,,site-generique,non,,,oui,oui,2026-08-05,sirene,
AFEO,C,30,a contacter,,,,,,,,,,,,maintenance,Autres travaux d'installation n.c.a.,GENAS,,69,04 28 87 00 15,contact.loire@afeo.fr,mx_ok,,,email+20|tel+10,https://www.pappers.fr/entreprise/817759996,https://annuaire-entreprises.data.gouv.fr/entreprise/817759996,https://www.google.com/maps/search/?api=1&query=AFEO+GENAS,https://www.google.com/search?q=AFEO+GENAS,https://www.linkedin.com/search/results/companies/?keywords=AFEO,https://www.pagesjaunes.fr/annuaire/chercherlespros?quoiqui=AFEO&ou=GENAS,https://www.societe.com/cgi-bin/search?champs=817759996,https://fr.trustpilot.com/review/afeo.fr,https://www.linkedin.com/company/afeo-ascenseurs-automatismes,afeo.fr,,,,,,,,,,,,,FR38817759996,,817759996,81775999600041,43.29B,,,,site-generique,non,contact.bourgogne@afeo.fr; contact@afeo.fr; contact@elevateur-sema.fr,,oui,oui,2026-08-03,sirene,
AIR COMPRESSEUR SERVICE,C,30,a contacter,,,,,,,,,,,,maintenance,Reparation de machines et equipements mecaniques,JOIGNY,,89,02 54 55 90 83,contact@aircompresseurservice.com,mx_ok,,,email+20|tel+10,https://www.pappers.fr/entreprise/353552763,https://annuaire-entreprises.data.gouv.fr/entreprise/353552763,https://www.google.com/maps/search/?api=1&query=AIR+COMPRESSEUR+SERVICE+JOIGNY,https://www.google.com/search?q=AIR+COMPRESSEUR+SERVICE+JOIGNY,https://www.linkedin.com/search/results/companies/?keywords=AIR+COMPRESSEUR+SERVICE,https://www.pagesjaunes.fr/annuaire/chercherlespros?quoiqui=AIR+COMPRESSEUR+SERVICE&ou=JOIGNY,https://www.societe.com/cgi-bin/search?champs=353552763,https://fr.trustpilot.com/review/aircompresseurservice.com,https://www.linkedin.com/company/air-compresseur-service,aircompresseurservice.com,,,,,,,,,,,,,FR64353552763,,353552763,35355276300057,33.12Z,,,,site-generique,non,,,oui,oui,2026-08-06,sirene,
AIR REFRESHING CONTROL,C,30,a contacter,,,,,,,,,,,,maintenance,Reparation de machines et equipements mecaniques,GRASSE,,06,08 12 32 75 22,contact@areco.fr,mx_ok,,,email+20|tel+10,https://www.pappers.fr/entreprise/417663374,https://annuaire-entreprises.data.gouv.fr/entreprise/417663374,https://www.google.com/maps/search/?api=1&query=AIR+REFRESHING+CONTROL+GRASSE,https://www.google.com/search?q=AIR+REFRESHING+CONTROL+GRASSE,https://www.linkedin.com/search/results/companies/?keywords=AIR+REFRESHING+CONTROL,https://www.pagesjaunes.fr/annuaire/chercherlespros?quoiqui=AIR+REFRESHING+CONTROL&ou=GRASSE,https://www.societe.com/cgi-bin/search?champs=417663374,https://fr.trustpilot.com/review/airrefreshingcontrol.com,https://fr.linkedin.com/company/areco,airrefreshingcontrol.com,,,,,,,,,,,,,FR06417663374,,417663374,41766337400029,33.12Z,,,,site-generique,non,,,oui,oui,2026-08-03,sirene,
ALPES REFRIGERATION,C,30,a contacter,,,,,,,,,,,,maintenance,Installation de machines et equipements mecaniques,LES MEES,,04,04 92 32 47 40,contact@alpesref.fr,mx_ok,,,email+20|tel+10,https://www.pappers.fr/entreprise/483311544,https://annuaire-entreprises.data.gouv.fr/entreprise/483311544,https://www.google.com/maps/search/?api=1&query=ALPES+REFRIGERATION+LES+MEES,https://www.google.com/search?q=ALPES+REFRIGERATION+LES+MEES,https://www.linkedin.com/search/results/companies/?keywords=ALPES+REFRIGERATION,https://www.pagesjaunes.fr/annuaire/chercherlespros?quoiqui=ALPES+REFRIGERATION&ou=LES+MEES,https://www.societe.com/cgi-bin/search?champs=483311544,https://fr.trustpilot.com/review/alpesrefrigeration.fr,,alpesrefrigeration.fr,,,,,,,,,,,,,FR81483311544,,483311544,48331154400033,33.20B,,,,site-generique,non,,,oui,oui,2026-08-02,sirene,
ALTEK MEDICAL,C,30,a contacter,,,,,,,,,,,,maintenance,Reparation de materiels electroniques et optiques,ARTIGUES-PRES-BORDEAUX,,33,05 56 86 71 77,commercial@altekmedical.com,mx_ok,,,email+20|tel+10,https://www.pappers.fr/entreprise/522239326,https://annuaire-entreprises.data.gouv.fr/entreprise/522239326,https://www.google.com/maps/search/?api=1&query=ALTEK+MEDICAL+ARTIGUES-PRES-BORDEAUX,https://www.google.com/search?q=ALTEK+MEDICAL+ARTIGUES-PRES-BORDEAUX,https://www.linkedin.com/search/results/companies/?keywords=ALTEK+MEDICAL,https://www.pagesjaunes.fr/annuaire/chercherlespros?quoiqui=ALTEK+MEDICAL&ou=ARTIGUES-PRES-BORDEAUX,https://www.societe.com/cgi-bin/search?champs=522239326,https://fr.trustpilot.com/review/altekmedical.fr,https://www.linkedin.com/company/altek-medical-sas,altekmedical.fr,,,,,,,,,,,,,FR83522239326,,522239326,52223932600021,33.13Z,,,,site-generique,non,,,oui,oui,2026-08-10,sirene,
ATPR,C,30,a contacter,,,,,,,,,,,,maintenance,Reparation de materiels electroniques et optiques,YVRAC,,33,05 57 34 02 63,contact@atpr.fr,mx_ok,,,email+20|tel+10,https://www.pappers.fr/entreprise/380375501,https://annuaire-entreprises.data.gouv.fr/entreprise/380375501,https://www.google.com/maps/search/?api=1&query=ATPR+YVRAC,https://www.google.com/search?q=ATPR+YVRAC,https://www.linkedin.com/search/results/companies/?keywords=ATPR,https://www.pagesjaunes.fr/annuaire/chercherlespros?quoiqui=ATPR&ou=YVRAC,https://www.societe.com/cgi-bin/search?champs=380375501,https://fr.trustpilot.com/review/atpr.fr,,atpr.fr,,,,,,,,,,,,,FR85380375501,,380375501,38037550100034,33.13Z,,,,site-generique,non,hello@studio-adore.com,,oui,oui,2026-08-09,sirene,
AUDIOTEC,C,30,a contacter,,,,,,,,,,,,maintenance,"Installation d'equipements electriques, de materiels electroniques et optiques ou d'autres materiels",QUINT-FONSEGRIVES,,31,05 62 57 14 15,contact@audiotec.fr,mx_ok,,,email+20|tel+10,https://www.pappers.fr/entreprise/347422545,https://annuaire-entreprises.data.gouv.fr/entreprise/347422545,https://www.google.com/maps/search/?api=1&query=AUDIOTEC+QUINT-FONSEGRIVES,https://www.google.com/search?q=AUDIOTEC+QUINT-FONSEGRIVES,https://www.linkedin.com/search/results/companies/?keywords=AUDIOTEC,https://www.pagesjaunes.fr/annuaire/chercherlespros?quoiqui=AUDIOTEC&ou=QUINT-FONSEGRIVES,https://www.societe.com/cgi-bin/search?champs=347422545,https://fr.trustpilot.com/review/audiotec.fr,https://fr.linkedin.com/company/audiotec-quint,audiotec.fr,,,,,,,,,,,,,FR28347422545,,347422545,34742254500025,33.20D,,,,site-generique,non,,,oui,oui,2026-08-08,sirene,
C'CLOT,C,30,a contacter,,,,,,,,,,,,maintenance,Autres travaux d'installation n.c.a.,RILLIEUX-LA-PAPE,,69,04 78 88 01 00,contact@cclot.fr,mx_ok,,,email+20|tel+10,https://www.pappers.fr/entreprise/491237046,https://annuaire-entreprises.data.gouv.fr/entreprise/491237046,https://www.google.com/maps/search/?api=1&query=C%27CLOT+RILLIEUX-LA-PAPE,https://www.google.com/search?q=C%27CLOT+RILLIEUX-LA-PAPE,https://www.linkedin.com/search/results/companies/?keywords=C%27CLOT,https://www.pagesjaunes.fr/annuaire/chercherlespros?quoiqui=C%27CLOT&ou=RILLIEUX-LA-PAPE,https://www.societe.com/cgi-bin/search?champs=491237046,https://fr.trustpilot.com/review/cclot.fr,https://www.linkedin.com/company/cclot,cclot.fr,,,,,,,,,,,,,FR44491237046,,491237046,49123704600017,43.29B,,,,site-generique,non,lyon@cclot.fr; valence@cclot.fr,,oui,oui,2026-08-03,sirene,
CHARIOVALIE,C,30,a contacter,,,,,,,,,,,,maintenance,Reparation de machines et equipements mecaniques,BRUGUIERES,,31,03 23 22 48 30,contact@chariovalie.fr,mx_ok,,,email+20|tel+10,https://www.pappers.fr/entreprise/519203616,https://annuaire-entreprises.data.gouv.fr/entreprise/519203616,https://www.google.com/maps/search/?api=1&query=CHARIOVALIE+BRUGUIERES,https://www.google.com/search?q=CHARIOVALIE+BRUGUIERES,https://www.linkedin.com/search/results/companies/?keywords=CHARIOVALIE,https://www.pagesjaunes.fr/annuaire/chercherlespros?quoiqui=CHARIOVALIE&ou=BRUGUIERES,https://www.societe.com/cgi-bin/search?champs=519203616,https://fr.trustpilot.com/review/chariovalie.fr,https://www.linkedin.com/company/chariovalie-bruguieres,chariovalie.fr,,,,,,,,,,,,,FR89519203616,,519203616,51920361600031,33.12Z,,,,site-generique,non,admin@developpement-iaba.com,,oui,oui,2026-08-08,sirene,
CHAUFHOME,C,30,a contacter,,,,,,,,,,,,maintenance,Installation de machines et equipements mecaniques,PERTUIS,,84,04 42 59 59 59,contact@chaufhome.fr,mx_ok,,,email+20|tel+10,https://www.pappers.fr/entreprise/853157725,https://annuaire-entreprises.data.gouv.fr/entreprise/853157725,https://www.google.com/maps/search/?api=1&query=CHAUFHOME+PERTUIS,https://www.google.com/search?q=CHAUFHOME+PERTUIS,https://www.linkedin.com/search/results/companies/?keywords=CHAUFHOME,https://www.pagesjaunes.fr/annuaire/chercherlespros?quoiqui=CHAUFHOME&ou=PERTUIS,https://www.societe.com/cgi-bin/search?champs=853157725,https://fr.trustpilot.com/review/chaufhome.fr,,chaufhome.fr,,,,,,,,,,,,,FR50853157725,,853157725,85315772500047,33.20B,,,,site-generique,non,,,oui,oui,2026-08-04,sirene,
CLIMA COOL,C,30,a contacter,,,,,,,,,,,,maintenance,Installation de machines et equipements mecaniques,LA BOISSE,,01,04 78 55 90 01,contact@climacool.net,mx_ok,,,email+20|tel+10,https://www.pappers.fr/entreprise/450282199,https://annuaire-entreprises.data.gouv.fr/entreprise/450282199,https://www.google.com/maps/search/?api=1&query=CLIMA+COOL+LA+BOISSE,https://www.google.com/search?q=CLIMA+COOL+LA+BOISSE,https://www.linkedin.com/search/results/companies/?keywords=CLIMA+COOL,https://www.pagesjaunes.fr/annuaire/chercherlespros?quoiqui=CLIMA+COOL&ou=LA+BOISSE,https://www.societe.com/cgi-bin/search?champs=450282199,https://fr.trustpilot.com/review/climacool.net,,climacool.net,,,,,,,,,,,,,FR68450282199,,450282199,45028219900030,33.20B,,,,site-generique,non,,,oui,oui,2026-08-01,sirene,
CLIMAVIN SAS,C,30,a contacter,,,,,,,,,,,,maintenance,Installation de machines et equipements mecaniques,SANCERRE,,18,02 48 78 00 20,contact@climavin.fr,mx_ok,,,email+20|tel+10,https://www.pappers.fr/entreprise/393617170,https://annuaire-entreprises.data.gouv.fr/entreprise/393617170,https://www.google.com/maps/search/?api=1&query=CLIMAVIN+SAS+SANCERRE,https://www.google.com/search?q=CLIMAVIN+SAS+SANCERRE,https://www.linkedin.com/search/results/companies/?keywords=CLIMAVIN+SAS,https://www.pagesjaunes.fr/annuaire/chercherlespros?quoiqui=CLIMAVIN+SAS&ou=SANCERRE,https://www.societe.com/cgi-bin/search?champs=393617170,https://fr.trustpilot.com/review/climavin.fr,,climavin.fr,,,,,,,,,,,,,FR03393617170,,393617170,39361717000013,33.20B,,,,site-generique,non,,,oui,oui,2026-08-06,sirene,
DAPHILIOM,C,30,a contacter,,,,,,,,,,,,maintenance,Autres travaux d'installation n.c.a.,BUC,,78,01 84 73 04 69,contact@daphiliom.com,mx_ok,,,email+20|tel+10,https://www.pappers.fr/entreprise/502671688,https://annuaire-entreprises.data.gouv.fr/entreprise/502671688,https://www.google.com/maps/search/?api=1&query=DAPHILIOM+BUC,https://www.google.com/search?q=DAPHILIOM+BUC,https://www.linkedin.com/search/results/companies/?keywords=DAPHILIOM,https://www.pagesjaunes.fr/annuaire/chercherlespros?quoiqui=DAPHILIOM&ou=BUC,https://www.societe.com/cgi-bin/search?champs=502671688,https://fr.trustpilot.com/review/daphiliom.com,,daphiliom.com,,,,,,,,,,,,,FR17502671688,,502671688,50267168800039,43.29B,,,,site-generique,non,marvin.coulibando@gmail.com,,oui,oui,2026-08-04,sirene,
DAVAL,C,30,a contacter,,,,,,,,,,,,maintenance,Installation de machines et equipements mecaniques,FROIDECONCHE,,70,03 84 40 04 36,contact@daval.fr,mx_ok,,,email+20|tel+10,https://www.pappers.fr/entreprise/352348114,https://annuaire-entreprises.data.gouv.fr/entreprise/352348114,https://www.google.com/maps/search/?api=1&query=DAVAL+FROIDECONCHE,https://www.google.com/search?q=DAVAL+FROIDECONCHE,https://www.linkedin.com/search/results/companies/?keywords=DAVAL,https://www.pagesjaunes.fr/annuaire/chercherlespros?quoiqui=DAVAL&ou=FROIDECONCHE,https://www.societe.com/cgi-bin/search?champs=352348114,https://fr.trustpilot.com/review/daval.fr,https://www.linkedin.com/company/daval-sarl,daval.fr,,,,,,,,,,,,,FR46352348114,,352348114,35234811400013,33.20B,,,,site-generique,non,,,oui,oui,2026-08-07,sirene,
EUROSTORES,C,30,a contacter,,,,,,,,,,,,maintenance,Autres travaux d'installation n.c.a.,FRONTIGNAN,,34,04 67 80 12 12,contact@eurostores.fr,mx_ok,,,email+20|tel+10,https://www.pappers.fr/entreprise/378286082,https://annuaire-entreprises.data.gouv.fr/entreprise/378286082,https://www.google.com/maps/search/?api=1&query=EUROSTORES+FRONTIGNAN,https://www.google.com/search?q=EUROSTORES+FRONTIGNAN,https://www.linkedin.com/search/results/companies/?keywords=EUROSTORES,https://www.pagesjaunes.fr/annuaire/chercherlespros?quoiqui=EUROSTORES&ou=FRONTIGNAN,https://www.societe.com/cgi-bin/search?champs=378286082,https://fr.trustpilot.com/review/eurostores.fr,,eurostores.fr,,,,,,,,,,,,,FR65378286082,,378286082,37828608200011,43.29B,,,,site-generique,non,,,oui,oui,2026-08-10,sirene,
FIGEC,C,30,a contacter,,,,,,,,,,,,maintenance,Reparation de machines et equipements mecaniques,MARSEILLE,,13,01 78 95 95 85,info@figec.com,mx_ok,,,email+20|tel+10,https://www.pappers.fr/entreprise/803365345,https://annuaire-entreprises.data.gouv.fr/entreprise/803365345,https://www.google.com/maps/search/?api=1&query=FIGEC+MARSEILLE,https://www.google.com/search?q=FIGEC+MARSEILLE,https://www.linkedin.com/search/results/companies/?keywords=FIGEC,https://www.pagesjaunes.fr/annuaire/chercherlespros?quoiqui=FIGEC&ou=MARSEILLE,https://www.societe.com/cgi-bin/search?champs=803365345,https://fr.trustpilot.com/review/figec.com,https://www.linkedin.com/company/figec,figec.com,,,,,,,,,,,,,FR00803365345,,803365345,80336534500021,33.12Z,,,,site-generique,non,,,oui,oui,2026-08-05,sirene,
FLUIDEXPERT,C,30,a contacter,,,,,,,,,,,,maintenance,Reparation de machines et equipements mecaniques,FRAGNES-LA LOYERE,,71,03 85 47 89 00,contact@fluidexpert.com,mx_ok,,,email+20|tel+10,https://www.pappers.fr/entreprise/333520468,https://annuaire-entreprises.data.gouv.fr/entreprise/333520468,https://www.google.com/maps/search/?api=1&query=FLUIDEXPERT+FRAGNES-LA+LOYERE,https://www.google.com/search?q=FLUIDEXPERT+FRAGNES-LA+LOYERE,https://www.linkedin.com/search/results/companies/?keywords=FLUIDEXPERT,https://www.pagesjaunes.fr/annuaire/chercherlespros?quoiqui=FLUIDEXPERT&ou=FRAGNES-LA+LOYERE,https://www.societe.com/cgi-bin/search?champs=333520468,https://fr.trustpilot.com/review/fluidexpert.fr,,fluidexpert.fr,,,,,,,,,,,,,FR14333520468,,333520468,33352046800088,33.12Z,,,,site-generique,non,,,oui,oui,2026-08-07,sirene,
GROUPE ENKI,C,30,a contacter,,,,,,,,,,,,maintenance,Reparation d'equipements electriques,MOUGINS,,06,04 12 16 02 76,info@cauletin.com,mx_ok,,,email+20|tel+10,https://www.pappers.fr/entreprise/393439914,https://annuaire-entreprises.data.gouv.fr/entreprise/393439914,https://www.google.com/maps/search/?api=1&query=GROUPE+ENKI+MOUGINS,https://www.google.com/search?q=GROUPE+ENKI+MOUGINS,https://www.linkedin.com/search/results/companies/?keywords=GROUPE+ENKI,https://www.pagesjaunes.fr/annuaire/chercherlespros?quoiqui=GROUPE+ENKI&ou=MOUGINS,https://www.societe.com/cgi-bin/search?champs=393439914,https://fr.trustpilot.com/review/groupeenki.fr,https://www.linkedin.com/company/groupe-enki,groupeenki.fr,,,,,,,,,,,,,FR86393439914,,393439914,39343991400044,33.14Z,,,,site-generique,non,info@groupe-enki.com,,oui,oui,2026-08-02,sirene,
HYDROFLUID TECHNOLOGIES,C,30,a contacter,,,,,,,,,,,,maintenance,Reparation de machines et equipements mecaniques,CAUDAN,,56,02 97 76 10 30,contact@aphydro.fr,mx_ok,,,email+20|tel+10,https://www.pappers.fr/entreprise/523335305,https://annuaire-entreprises.data.gouv.fr/entreprise/523335305,https://www.google.com/maps/search/?api=1&query=HYDROFLUID+TECHNOLOGIES+CAUDAN,https://www.google.com/search?q=HYDROFLUID+TECHNOLOGIES+CAUDAN,https://www.linkedin.com/search/results/companies/?keywords=HYDROFLUID+TECHNOLOGIES,https://www.pagesjaunes.fr/annuaire/chercherlespros?quoiqui=HYDROFLUID+TECHNOLOGIES&ou=CAUDAN,https://www.societe.com/cgi-bin/search?champs=523335305,https://fr.trustpilot.com/review/hydrofluidtechnologies.com,https://www.linkedin.com/company/hydrofluidtechnologies,hydrofluidtechnologies.com,,,,,,,,,,,,,FR11523335305,,523335305,52333530500018,33.12Z,,,,site-generique,non,contact@hft.fr,,oui,oui,2026-08-08,sirene,
LOGITAX,C,30,a contacter,,,,,,,,,,,,maintenance,Reparation de materiels electroniques et optiques,TREMBLAY-EN-FRANCE,,93,09 33 69 66 48,contact@logitax.fr,mx_ok,,,email+20|tel+10,https://www.pappers.fr/entreprise/331891580,https://annuaire-entreprises.data.gouv.fr/entreprise/331891580,https://www.google.com/maps/search/?api=1&query=LOGITAX+TREMBLAY-EN-FRANCE,https://www.google.com/search?q=LOGITAX+TREMBLAY-EN-FRANCE,https://www.linkedin.com/search/results/companies/?keywords=LOGITAX,https://www.pagesjaunes.fr/annuaire/chercherlespros?quoiqui=LOGITAX&ou=TREMBLAY-EN-FRANCE,https://www.societe.com/cgi-bin/search?champs=331891580,https://fr.trustpilot.com/review/logitax.fr,,logitax.fr,,,,,,,,,,,,,FR16331891580,,331891580,33189158000127,33.13Z,,,,site-generique,non,,,oui,oui,2026-08-02,sirene,
MECA SERVICE,C,30,a contacter,,,,,,,,,,,,maintenance,Reparation de machines et equipements mecaniques,CARROS,,06,06 08 13 54 20,secretariat@mecaservice.fr,mx_ok,,,email+20|tel+10,https://www.pappers.fr/entreprise/385221627,https://annuaire-entreprises.data.gouv.fr/entreprise/385221627,https://www.google.com/maps/search/?api=1&query=MECA+SERVICE+CARROS,https://www.google.com/search?q=MECA+SERVICE+CARROS,https://www.linkedin.com/search/results/companies/?keywords=MECA+SERVICE,https://www.pagesjaunes.fr/annuaire/chercherlespros?quoiqui=MECA+SERVICE&ou=CARROS,https://www.societe.com/cgi-bin/search?champs=385221627,https://fr.trustpilot.com/review/mecaservice.fr,,mecaservice.fr,,,,,,,,,,,,,FR06385221627,,385221627,38522162700040,33.12Z,,,,site-generique,non,contact@graciet.info; info@axed-manusa.com,,oui,oui,2026-08-02,sirene,
MESTROLE,C,30,a contacter,,,,,,,,,,,,maintenance,Reparation de materiels electroniques et optiques,JARNY,,54,03 82 20 39 60,info@mestrole.com,mx_ok,,,email+20|tel+10,https://www.pappers.fr/entreprise/389827080,https://annuaire-entreprises.data.gouv.fr/entreprise/389827080,https://www.google.com/maps/search/?api=1&query=MESTROLE+JARNY,https://www.google.com/search?q=MESTROLE+JARNY,https://www.linkedin.com/search/results/companies/?keywords=MESTROLE,https://www.pagesjaunes.fr/annuaire/chercherlespros?quoiqui=MESTROLE&ou=JARNY,https://www.societe.com/cgi-bin/search?champs=389827080,https://fr.trustpilot.com/review/mestrole.com,https://www.linkedin.com/company/mestrole.sas,mestrole.com,,,,,,,,,,,,,FR73389827080,,389827080,38982708000059,33.13Z,,,,site-generique,non,mestrole.sud@mestrole.com,,oui,oui,2026-08-04,sirene,
METAF,C,30,a contacter,,,,,,,,,,,,maintenance,Reparation de machines et equipements mecaniques,NOVES,,13,04 90 92 98 55,contact@metaf.net,mx_ok,,,email+20|tel+10,https://www.pappers.fr/entreprise/349398867,https://annuaire-entreprises.data.gouv.fr/entreprise/349398867,https://www.google.com/maps/search/?api=1&query=METAF+NOVES,https://www.google.com/search?q=METAF+NOVES,https://www.linkedin.com/search/results/companies/?keywords=METAF,https://www.pagesjaunes.fr/annuaire/chercherlespros?quoiqui=METAF&ou=NOVES,https://www.societe.com/cgi-bin/search?champs=349398867,https://fr.trustpilot.com/review/metaf.fr,,metaf.fr,,,,,,,,,,,,,FR63349398867,,349398867,34939886700037,33.12Z,,,,site-generique,non,,,oui,oui,2026-08-05,sirene,
NOLY SAS,C,30,a contacter,,,,,,,,,,,,maintenance,"Installation d'equipements electriques, de materiels electroniques et optiques ou d'autres materiels",MONTELIER,,26,04 75 59 68 74,contact@noly.fr,mx_ok,,,email+20|tel+10,https://www.pappers.fr/entreprise/398317131,https://annuaire-entreprises.data.gouv.fr/entreprise/398317131,https://www.google.com/maps/search/?api=1&query=NOLY+SAS+MONTELIER,https://www.google.com/search?q=NOLY+SAS+MONTELIER,https://www.linkedin.com/search/results/companies/?keywords=NOLY+SAS,https://www.pagesjaunes.fr/annuaire/chercherlespros?quoiqui=NOLY+SAS&ou=MONTELIER,https://www.societe.com/cgi-bin/search?champs=398317131,https://fr.trustpilot.com/review/noly.fr,,noly.fr,,,,,,,,,,,,,FR63398317131,,398317131,39831713100017,33.20D,,,,site-generique,non,,,oui,oui,2026-08-07,sirene,
PETROGEST,C,30,a contacter,,,,,,,,,,,,maintenance,Installation de machines et equipements mecaniques,BESANCON,,25,03 12 03 12 03,contact@petrogest.com,mx_ok,,,email+20|tel+10,https://www.pappers.fr/entreprise/410361455,https://annuaire-entreprises.data.gouv.fr/entreprise/410361455,https://www.google.com/maps/search/?api=1&query=PETROGEST+BESANCON,https://www.google.com/search?q=PETROGEST+BESANCON,https://www.linkedin.com/search/results/companies/?keywords=PETROGEST,https://www.pagesjaunes.fr/annuaire/chercherlespros?quoiqui=PETROGEST&ou=BESANCON,https://www.societe.com/cgi-bin/search?champs=410361455,https://fr.trustpilot.com/review/petrogest.com,,petrogest.com,,,,,,,,,,,,,FR50410361455,,410361455,41036145500067,33.20B,,,,site-generique,non,petrogb-@ftp.cluster028.hosting.ovh.net,,oui,oui,2026-08-07,sirene,
PHOTOVOLT,C,30,a contacter,,,,,,,,,,,,maintenance,Autres travaux d'installation n.c.a.,THOUARE-SUR-LOIRE,,44,02 40 30 25 31,contact@photovolt.fr,mx_ok,,,email+20|tel+10,https://www.pappers.fr/entreprise/492698493,https://annuaire-entreprises.data.gouv.fr/entreprise/492698493,https://www.google.com/maps/search/?api=1&query=PHOTOVOLT+THOUARE-SUR-LOIRE,https://www.google.com/search?q=PHOTOVOLT+THOUARE-SUR-LOIRE,https://www.linkedin.com/search/results/companies/?keywords=PHOTOVOLT,https://www.pagesjaunes.fr/annuaire/chercherlespros?quoiqui=PHOTOVOLT&ou=THOUARE-SUR-LOIRE,https://www.societe.com/cgi-bin/search?champs=492698493,https://fr.trustpilot.com/review/photovolt.fr,https://www.linkedin.com/company/photovolt44,photovolt.fr,,,,,,,,,,,,,FR82492698493,,492698493,49269849300060,43.29B,,,,site-generique,non,m.lopes@le-triangle.fr,,oui,oui,2026-08-05,sirene,
PIXEL SUR MER,C,30,a contacter,,,,,,,,,,,,maintenance,"Installation d'equipements electriques, de materiels electroniques et optiques ou d'autres materiels",BREST,,29,02 30 90 50 18,contact@pixelsurmer.com,mx_ok,,,email+20|tel+10,https://www.pappers.fr/entreprise/502505712,https://annuaire-entreprises.data.gouv.fr/entreprise/502505712,https://www.google.com/maps/search/?api=1&query=PIXEL+SUR+MER+BREST,https://www.google.com/search?q=PIXEL+SUR+MER+BREST,https://www.linkedin.com/search/results/companies/?keywords=PIXEL+SUR+MER,https://www.pagesjaunes.fr/annuaire/chercherlespros?quoiqui=PIXEL+SUR+MER&ou=BREST,https://www.societe.com/cgi-bin/search?champs=502505712,https://fr.trustpilot.com/review/pixelsurmer.com,https://fr.linkedin.com/company/pixel-sur-mer,pixelsurmer.com,,,,,,,,,,,,,FR87502505712,,502505712,50250571200013,33.20D,,,,site-generique,non,azimut@azimut.net,,oui,oui,2026-08-08,sirene,
RJ MONTAGE,C,30,a contacter,,,,,,,,,,,,maintenance,Reparation d'equipements electriques,AUBAGNE,,13,09 62 65 58 39,contact.aubagne@rjmontage.fr,mx_ok,,,email+20|tel+10,https://www.pappers.fr/entreprise/819279621,https://annuaire-entreprises.data.gouv.fr/entreprise/819279621,https://www.google.com/maps/search/?api=1&query=RJ+MONTAGE+AUBAGNE,https://www.google.com/search?q=RJ+MONTAGE+AUBAGNE,https://www.linkedin.com/search/results/companies/?keywords=RJ+MONTAGE,https://www.pagesjaunes.fr/annuaire/chercherlespros?quoiqui=RJ+MONTAGE&ou=AUBAGNE,https://www.societe.com/cgi-bin/search?champs=819279621,https://fr.trustpilot.com/review/rjmontage.fr,https://www.linkedin.com/company/rjmontage,rjmontage.fr,,,,,,,,,,,,,FR10819279621,,819279621,81927962100059,33.14Z,,,,site-generique,non,contact.dijon@rjmontage.fr; contact.lyon@rjmontage.fr; contact@rjmontage.fr,,oui,oui,2026-08-04,sirene,
TECHNIMAINT,C,30,a contacter,,,,,,,,,,,,maintenance,Reparation de machines et equipements mecaniques,FRONTIGNAN,,34,04 67 78 95 95,contact@technimaint.com,mx_ok,,,email+20|tel+10,https://www.pappers.fr/entreprise/798031282,https://annuaire-entreprises.data.gouv.fr/entreprise/798031282,https://www.google.com/maps/search/?api=1&query=TECHNIMAINT+FRONTIGNAN,https://www.google.com/search?q=TECHNIMAINT+FRONTIGNAN,https://www.linkedin.com/search/results/companies/?keywords=TECHNIMAINT,https://www.pagesjaunes.fr/annuaire/chercherlespros?quoiqui=TECHNIMAINT&ou=FRONTIGNAN,https://www.societe.com/cgi-bin/search?champs=798031282,https://fr.trustpilot.com/review/technimaint.com,,technimaint.com,,,,,,,,,,,,,FR95798031282,,798031282,79803128200030,33.12Z,,,,site-generique,non,contact@tecchnimaint.com,,oui,oui,2026-08-10,sirene,
THERMASUD,C,30,a contacter,,,,,,,,,,,,maintenance,Reparation de machines et equipements mecaniques,BEZIERS,,34,04 67 76 27 57,accueil@thermasud.fr,mx_ok,,,email+20|tel+10,https://www.pappers.fr/entreprise/390947273,https://annuaire-entreprises.data.gouv.fr/entreprise/390947273,https://www.google.com/maps/search/?api=1&query=THERMASUD+BEZIERS,https://www.google.com/search?q=THERMASUD+BEZIERS,https://www.linkedin.com/search/results/companies/?keywords=THERMASUD,https://www.pagesjaunes.fr/annuaire/chercherlespros?quoiqui=THERMASUD&ou=BEZIERS,https://www.societe.com/cgi-bin/search?champs=390947273,https://fr.trustpilot.com/review/thermasud.fr,,thermasud.fr,,,,,,,,,,,,,FR87390947273,,390947273,39094727300046,33.12Z,,,,site-generique,non,r.accueil@thermasud.fr,,oui,oui,2026-08-10,sirene,
VESTA,C,30,a contacter,,,,,,,,,,,,maintenance,Reparation de machines et equipements mecaniques,DUGNY,,93,01 41 38 90 25,hello@vesta.com,mx_ok,,,email+20|tel+10,https://www.pappers.fr/entreprise/953446168,https://annuaire-entreprises.data.gouv.fr/entreprise/953446168,https://www.google.com/maps/search/?api=1&query=VESTA+DUGNY,https://www.google.com/search?q=VESTA+DUGNY,https://www.linkedin.com/search/results/companies/?keywords=VESTA,https://www.pagesjaunes.fr/annuaire/chercherlespros?quoiqui=VESTA&ou=DUGNY,https://www.societe.com/cgi-bin/search?champs=953446168,https://fr.trustpilot.com/review/vesta.com,https://www.linkedin.com/company/usevesta,vesta.com,,,,,,,,,,,,,FR91953446168,,953446168,95344616800122,33.12Z,,,,site-generique,non,,,oui,oui,2026-08-06,sirene,
2M 2S MECANIQUES MAINTENANCES SOUDURES SYSTEMES,C,25,a contacter,,,,,,,,,,,,maintenance,Reparation de machines et equipements mecaniques,CREPAND,21500,21,,,,SOCIETE FIDUCIAIRE AUDIT GESTION EXPERTISE COMPTABLE SOFAGEC,Commissaire aux comptes suppléant,effectif+10|categorie+5|anciennete+5|dirigeant+5,https://www.pappers.fr/entreprise/402053821,https://annuaire-entreprises.data.gouv.fr/entreprise/402053821,"https://www.google.com/maps?q=47.617472755,4.3199874302",https://www.google.com/search?q=2M+2S+MECANIQUES+MAINTENANCES+SOUDURES+SYSTEMES+CREPAND,https://www.linkedin.com/search/results/companies/?keywords=2M+2S+MECANIQUES+MAINTENANCES+SOUDURES+SYSTEMES,https://www.pagesjaunes.fr/annuaire/chercherlespros?quoiqui=2M+2S+MECANIQUES+MAINTENANCES+SOUDURES+SYSTEMES&ou=CREPAND,https://www.societe.com/cgi-bin/search?champs=402053821,,,,10-19,PME,1,1,,93028,2024,32,1994-10-10,SAS,,3248,FR37402053821,active,402053821,40205382100011,33.12Z,ROUTE DE SEMUR 21500 CREPAND,47.617472755,4.3199874302,,,,AUROFI (Commissaire aux comptes titulaire); ALLIOSS SAS (Président de SAS),non,oui,2026-08-07,sirene,CREPAND
AIR PLUS S.A.R.L.,C,25,a contacter,,,,,,,,,,,,maintenance,Reparation de machines et equipements mecaniques,L'UNION,31240,31,,,,OLIVIER RACAUD,Gérant,effectif+10|categorie+5|anciennete+5|dirigeant+5,https://www.pappers.fr/entreprise/421161076,https://annuaire-entreprises.data.gouv.fr/entreprise/421161076,"https://www.google.com/maps?q=43.638195358,1.4968819812",https://www.google.com/search?q=AIR+PLUS+S.A.R.L.+L%27UNION,https://www.linkedin.com/search/results/companies/?keywords=AIR+PLUS+S.A.R.L.,https://www.pagesjaunes.fr/annuaire/chercherlespros?quoiqui=AIR+PLUS+S.A.R.L.&ou=L%27UNION,https://www.societe.com/cgi-bin/search?champs=421161076,,,,10-19,PME,1,3,,829343,2024,28,1998-12-14,SARL,,3248,FR40421161076,active,421161076,42116107600037,33.12Z,22 RUE D'HELIOS 31240 L'UNION,43.638195358,1.4968819812,,,,YANNICK TURROQUES (Gérant),non,oui,2026-08-09,sirene,L'UNION
APIM METAL,C,25,a contacter,,,,,,,,,,,,maintenance,Installation de machines et equipements mecaniques,SAINT-GILLES,30800,30,,,,ROMUALD MARTINEZ,Gérant,effectif+10|categorie+5|anciennete+5|dirigeant+5,https://www.pappers.fr/entreprise/422960617,https://annuaire-entreprises.data.gouv.fr/entreprise/422960617,"https://www.google.com/maps?q=43.690617814,4.4652091147",https://www.google.com/search?q=APIM+METAL+SAINT-GILLES,https://www.linkedin.com/search/results/companies/?keywords=APIM+METAL,https://www.pagesjaunes.fr/annuaire/chercherlespros?quoiqui=APIM+METAL&ou=SAINT-GILLES,https://www.societe.com/cgi-bin/search?champs=422960617,,,,10-19,PME,1,1,,85266,2025,27,1999-03-01,SARL,,3248,FR31422960617,active,422960617,42296061700013,33.20B,ZAC DES MOURGUES LOT 9 ROUTE DE FOURQUES 30800 SAINT-GILLES,43.690617814,4.4652091147,,,,,non,oui,2026-08-08,sirene,SAINT-GILLES
APPLICATIONS THERMODYNAMIQUES ET SERVICES - A.THERM SAS,C,25,a contacter,,,,,,,,,,,,maintenance,Installation de machines et equipements mecaniques,GOUESNOU,29850,29,,,,ROLAND YVES FRANCOIS SOUN,Président de SAS,effectif+10|categorie+5|anciennete+5|dirigeant+5,https://www.pappers.fr/entreprise/504033010,https://annuaire-entreprises.data.gouv.fr/entreprise/504033010,"https://www.google.com/maps?q=48.430706496,-4.450683936",https://www.google.com/search?q=APPLICATIONS+THERMODYNAMIQUES+ET+SERVICES+-+A.THERM+SAS+GOUESNOU,https://www.linkedin.com/search/results/companies/?keywords=APPLICATIONS+THERMODYNAMIQUES+ET+SERVICES+-+A.THERM+SAS,https://www.pagesjaunes.fr/annuaire/chercherlespros?quoiqui=APPLICATIONS+THERMODYNAMIQUES+ET+SERVICES+-+A.THERM+SAS&ou=GOUESNOU,https://www.societe.com/cgi-bin/search?champs=504033010,,,,20-49,ETI,1,1,,,,18,2008-04-18,SAS,,1412,FR89504033010,active,504033010,50403301000019,33.20B,ZONE DE KERGARADEC 68 AVENUE BARON LACROSSE 29850 GOUESNOU,48.430706496,-4.450683936,,,,OLLIVIER & ASSOCIES (Commissaire aux comptes titulaire),non,oui,2026-08-08,sirene,GOUESNOU
ARMORICA ESVAN MATERIELS,C,25,a contacter,,,,,,,,,,,,maintenance,Installation de machines et equipements mecaniques,QUIMPERLE,29300,29,,,,VINCENT AUDREN,Directeur Général,effectif+10|categorie+5|anciennete+5|dirigeant+5,https://www.pappers.fr/entreprise/304397870,https://annuaire-entreprises.data.gouv.fr/entreprise/304397870,"https://www.google.com/maps?q=47.86409321,-3.557662444",https://www.google.com/search?q=ARMORICA+ESVAN+MATERIELS+QUIMPERLE,https://www.linkedin.com/search/results/companies/?keywords=ARMORICA+ESVAN+MATERIELS,https://www.pagesjaunes.fr/annuaire/chercherlespros?quoiqui=ARMORICA+ESVAN+MATERIELS&ou=QUIMPERLE,https://www.societe.com/cgi-bin/search?champs=304397870,,,,20-49,PME,1,1,,283495,2024,60,1966-01-01,SAS,,"3248, 9999",FR23304397870,active,304397870,30439787000011,33.20B,Z I DE KERGOSTIOU 29300 QUIMPERLE,47.86409321,-3.557662444,,,,FREDERIC ESVAN (Président de SAS); ALEXANDRE GIQUEL (Directeur Général),non,oui,2026-08-08,sirene,QUIMPERLE
ASCENSEUR AUTOMATISME ELECTRICITE INDUSTRIELLE,C,25,a contacter,,,,,,,,,,,,maintenance,Autres travaux d'installation n.c.a.,SAINT-ANDRE-DE-LA-ROCHE,06730,06,,,,IBRAHIM BAAYOUN (BAAYOUN),Gérant,effectif+10|categorie+5|anciennete+5|dirigeant+5,https://www.pappers.fr/entreprise/520059676,https://annuaire-entreprises.data.gouv.fr/entreprise/520059676,"https://www.google.com/maps?q=43.748183601,7.2853365888",https://www.google.com/search?q=ASCENSEUR+AUTOMATISME+ELECTRICITE+INDUSTRIELLE+SAINT-ANDRE-DE-LA-ROCHE,https://www.linkedin.com/search/results/companies/?keywords=ASCENSEUR+AUTOMATISME+ELECTRICITE+INDUSTRIELLE,https://www.pagesjaunes.fr/annuaire/chercherlespros?quoiqui=ASCENSEUR+AUTOMATISME+ELECTRICITE+INDUSTRIELLE&ou=SAINT-ANDRE-DE-LA-ROCHE,https://www.societe.com/cgi-bin/search?champs=520059676,,,,10-19,PME,1,2,,317302,2024,16,2010-02-01,SARL,,"3248, 9999",FR00520059676,active,520059676,52005967600020,43.29B,BT 4 - ZI LA VALLIERE LA VALLIERE 2000 06730 SAINT-ANDRE-DE-LA-ROCHE,43.748183601,7.2853365888,,,,,non,oui,2026-08-03,sirene,SAINT-ANDRE-DE-LA-ROCHE
ATELIER CHARENTAIS MECANIQUE INDUSTRI,C,25,a contacter,,,,,,,,,,,,maintenance,Reparation de machines et equipements mecaniques,CHATEAUBERNARD,16100,16,,,,ALEXANDRE LEMAITRE (LEMAITRE),Gérant,effectif+10|categorie+5|anciennete+5|dirigeant+5,https://www.pappers.fr/entreprise/388777484,https://annuaire-entreprises.data.gouv.fr/entreprise/388777484,"https://www.google.com/maps?q=45.667528046,-0.330149976",https://www.google.com/search?q=ATELIER+CHARENTAIS+MECANIQUE+INDUSTRI+CHATEAUBERNARD,https://www.linkedin.com/search/results/companies/?keywords=ATELIER+CHARENTAIS+MECANIQUE+INDUSTRI,https://www.pagesjaunes.fr/annuaire/chercherlespros?quoiqui=ATELIER+CHARENTAIS+MECANIQUE+INDUSTRI&ou=CHATEAUBERNARD,https://www.societe.com/cgi-bin/search?champs=388777484,,,,10-19,PME,1,3,,83996,2025,34,1992-10-05,SARL,,3248,FR02388777484,active,388777484,38877748400030,33.12Z,9 ROUTE DE DIZEDON 16100 CHATEAUBERNARD,45.667528046,-0.330149976,,,,,non,oui,2026-08-06,sirene,CHATEAUBERNARD
ATELIERS DE BOBINAGE DU CENTRE,C,25,a contacter,,,,,,,,,,,,maintenance,Reparation d'equipements electriques,MONTLUCON,03100,03,,,,LUVICA,Président de SAS,effectif+10|categorie+5|anciennete+5|dirigeant+5,https://www.pappers.fr/entreprise/915550529,https://annuaire-entreprises.data.gouv.fr/entreprise/915550529,"https://www.google.com/maps?q=46.3676648074029,2.58929021627703",https://www.google.com/search?q=ATELIERS+DE+BOBINAGE+DU+CENTRE+MONTLUCON,https://www.linkedin.com/search/results/companies/?keywords=ATELIERS+DE+BOBINAGE+DU+CENTRE,https://www.pagesjaunes.fr/annuaire/chercherlespros?quoiqui=ATELIERS+DE+BOBINAGE+DU+CENTRE&ou=MONTLUCON,https://www.societe.com/cgi-bin/search?champs=915550529,,,,10-19,PME,1,2,,18739,2024,71,1955-01-01,SAS,,3248,FR84915550529,active,915550529,91555052900027,33.14Z,A 45 - ZONE DE PASQUIS 39 RUE JULES BOURNET 03100 MONTLUCON,46.3676648074029,2.58929021627703,,,,,non,oui,2026-08-02,sirene,MONTLUCON
ATS I,C,25,a contacter,,,,,,,,,,,,maintenance,Installation de machines et equipements mecaniques,SOLIERS,14540,14,,,,PHILIPPE DEBAIZE,Gérant,effectif+10|categorie+5|anciennete+5|dirigeant+5,https://www.pappers.fr/entreprise/430069047,https://annuaire-entreprises.data.gouv.fr/entreprise/430069047,"https://www.google.com/maps?q=49.139830293,-0.305421764",https://www.google.com/search?q=ATS+I+SOLIERS,https://www.linkedin.com/search/results/companies/?keywords=ATS+I,https://www.pagesjaunes.fr/annuaire/chercherlespros?quoiqui=ATS+I&ou=SOLIERS,https://www.societe.com/cgi-bin/search?champs=430069047,,,,10-19,PME,1,2,,52541,2024,26,2000-03-16,SARL,,3248,FR65430069047,active,430069047,43006904700024,33.20B,418 RUE AUGUSTIN RIFFAULT 14540 SOLIERS,49.139830293,-0.305421764,,,,PHILIPPE BRUNO DANIEL DEBAIZE (DEBAIZE) (Gérant); DAVID FERNAND DIDIER GOSSELIN (Gérant),non,oui,2026-08-06,sirene,SOLIERS
AUDE ASCENSEUR,C,25,a contacter,,,,,,,,,,,,maintenance,Autres travaux d'installation n.c.a.,ARNAS,69400,69,,,,MOHAMED ABDERRAZAK,Président de SAS,effectif+10|categorie+5|anciennete+5|dirigeant+5,https://www.pappers.fr/entreprise/833223688,https://annuaire-entreprises.data.gouv.fr/entreprise/833223688,"https://www.google.com/maps?q=46.0106849908814,4.72788098774193",https://www.google.com/search?q=AUDE+ASCENSEUR+ARNAS,https://www.linkedin.com/search/results/companies/?keywords=AUDE+ASCENSEUR,https://www.pagesjaunes.fr/annuaire/chercherlespros?quoiqui=AUDE+ASCENSEUR&ou=ARNAS,https://www.societe.com/cgi-bin/search?champs=833223688,,,,10-19,PME,1,4,,,,9,2017-10-23,SAS,,"9999, 1596",FR88833223688,active,833223688,83322368800049,43.29B,115 RUE DES HETRES 69400 ARNAS,46.0106849908814,4.72788098774193,,,,WAFAA FATHALLAH (FATHALLAH) (Président de SAS),non,oui,2026-08-04,sirene,ARNAS
AUTOMATISME CONCEPT DOMOTIQUE CABLAGE,C,25,a contacter,,,,,,,,,,,,maintenance,"Installation d'equipements electriques, de materiels electroniques et optiques ou d'autres materiels",SAINT-LAURENT-DU-VAR,06700,06,,,,OLIVIER GUIBERT (GUIBERT),Gérant,effectif+10|categorie+5|anciennete+5|dirigeant+5,https://www.pappers.fr/entreprise/478083777,https://annuaire-entreprises.data.gouv.fr/entreprise/478083777,"https://www.google.com/maps?q=43.701862699,7.1810186241",https://www.google.com/search?q=AUTOMATISME+CONCEPT+DOMOTIQUE+CABLAGE+SAINT-LAURENT-DU-VAR,https://www.linkedin.com/search/results/companies/?keywords=AUTOMATISME+CONCEPT+DOMOTIQUE+CABLAGE,https://www.pagesjaunes.fr/annuaire/chercherlespros?quoiqui=AUTOMATISME+CONCEPT+DOMOTIQUE+CABLAGE&ou=SAINT-LAURENT-DU-VAR,https://www.societe.com/cgi-bin/search?champs=478083777,,,,10-19,PME,1,1,,136701,2024,22,2004-07-01,SARL,,3248,FR31478083777,active,478083777,47808377700019,33.20D,ZI SECTEUR D 34 ALLEE DES GEOMETRES 06700 SAINT-LAURENT-DU-VAR,43.701862699,7.1810186241,,,,OLIVIER JEAN-PIERRE GUIBERT (Gérant),non,oui,2026-08-03,sirene,SAINT-LAURENT-DU-VAR
AVEHO ASCENSEURS ET AUTOMATISMES,C,25,a contacter,,,,,,,,,,,,maintenance,Autres travaux d'installation n.c.a.,SAINT-JEANNET,06640,06,,,,JEAN-CHARLES ARTHUR VINCENT BENVENUTI,Président de SAS,effectif+10|categorie+5|anciennete+5|dirigeant+5,https://www.pappers.fr/entreprise/840862734,https://annuaire-entreprises.data.gouv.fr/entreprise/840862734,"https://www.google.com/maps?q=43.7438950333142,7.1767120109527",https://www.google.com/search?q=AVEHO+ASCENSEURS+ET+AUTOMATISMES+SAINT-JEANNET,https://www.linkedin.com/search/results/companies/?keywords=AVEHO+ASCENSEURS+ET+AUTOMATISMES,https://www.pagesjaunes.fr/annuaire/chercherlespros?quoiqui=AVEHO+ASCENSEURS+ET+AUTOMATISMES&ou=SAINT-JEANNET,https://www.societe.com/cgi-bin/search?champs=840862734,,,,10-19,PME,1,2,,329111,2024,8,2018-07-02,SAS,,"9999, 3248",FR06840862734,active,840862734,84086273400026,43.29B,218-265-RTE METROPOLITAINE1-FONGERI 218 ROUTE DE LA BARONNE 06640 SAINT-JEANNET,43.7438950333142,7.1767120109527,,,,FREDERIC ANDRE MARCEL SAGET (Directeur général délégué),non,oui,2026-08-03,sirene,SAINT-JEANNET
AVRIL SEDAM,C,25,a contacter,,,,,,,,,,,,maintenance,Autres travaux d'installation n.c.a.,IS-SUR-TILLE,21120,21,,,,HUGO PHILIPPE RAGOIS,Directeur Général,effectif+10|categorie+5|anciennete+5|dirigeant+5,https://www.pappers.fr/entreprise/402999155,https://annuaire-entreprises.data.gouv.fr/entreprise/402999155,"https://www.google.com/maps?q=47.530744435,5.1153342306",https://www.google.com/search?q=AVRIL+SEDAM+IS-SUR-TILLE,https://www.linkedin.com/search/results/companies/?keywords=AVRIL+SEDAM,https://www.pagesjaunes.fr/annuaire/chercherlespros?quoiqui=AVRIL+SEDAM&ou=IS-SUR-TILLE,https://www.societe.com/cgi-bin/search?champs=402999155,,,,20-49,PME,1,1,,-196967,2023,31,1995-10-01,SAS,,"3248, 0650, 1885",FR50402999155,active,402999155,40299915500011,43.29B,33 RUE FRANCOIS MITTERRAND 21120 IS-SUR-TILLE,47.530744435,5.1153342306,,,,PHILIPPE MARIE RAGOIS (Président de SAS),non,oui,2026-08-07,sirene,IS-SUR-TILLE
BALDO FROID COMMERCIAL,C,25,a contacter,,,,,,,,,,,,maintenance,Installation de machines et equipements mecaniques,MONTBERON,31140,31,,,,ULYSSE DEVELOPPEMENT,Président de SAS,effectif+10|categorie+5|anciennete+5|dirigeant+5,https://www.pappers.fr/entreprise/484641584,https://annuaire-entreprises.data.gouv.fr/entreprise/484641584,"https://www.google.com/maps?q=43.72244078,1.5084869684",https://www.google.com/search?q=BALDO+FROID+COMMERCIAL+MONTBERON,https://www.linkedin.com/search/results/companies/?keywords=BALDO+FROID+COMMERCIAL,https://www.pagesjaunes.fr/annuaire/chercherlespros?quoiqui=BALDO+FROID+COMMERCIAL&ou=MONTBERON,https://www.societe.com/cgi-bin/search?champs=484641584,,,,10-19,PME,1,2,,281796,2024,21,2005-10-01,SAS,,1412,FR09484641584,active,484641584,48464158400020,33.20B,ZA LES VITARELLES 7 ROUTE DE BAZUS 31140 MONTBERON,43.72244078,1.5084869684,,,,,non,oui,2026-08-09,sirene,MONTBERON
BEEI DM,C,25,a contacter,,,,,,,,,,,,maintenance,Reparation d'equipements electriques,COLOMIERS,31770,31,,,,COMPAGNIE FIDUCIAIRE AUDIT,Commissaire aux comptes titulaire,effectif+10|categorie+5|anciennete+5|dirigeant+5,https://www.pappers.fr/entreprise/539546226,https://annuaire-entreprises.data.gouv.fr/entreprise/539546226,"https://www.google.com/maps?q=43.5966000595336,1.35620000894482",https://www.google.com/search?q=BEEI+DM+COLOMIERS,https://www.linkedin.com/search/results/companies/?keywords=BEEI+DM,https://www.pagesjaunes.fr/annuaire/chercherlespros?quoiqui=BEEI+DM&ou=COLOMIERS,https://www.societe.com/cgi-bin/search?champs=539546226,,,,20-49,PME,1,3,,420546,2023,14,2012-01-12,SAS,,3248,FR78539546226,active,539546226,53954622600033,33.14Z,3 B ALLEE CHARLES CROS 31770 COLOMIERS,43.5966000595336,1.35620000894482,,,,ESR GROUPE (Président de SAS),non,oui,2026-08-09,sirene,COLOMIERS
BOBINAGE ARMORICAIN,C,25,a contacter,,,,,,,,,,,,maintenance,Reparation d'equipements electriques,LOUDEAC,22600,22,,,,ARNAUD PELE,Directeur Général,effectif+10|categorie+5|anciennete+5|dirigeant+5,https://www.pappers.fr/entreprise/311295000,https://annuaire-entreprises.data.gouv.fr/entreprise/311295000,"https://www.google.com/maps?q=48.153702683,-2.763609083",https://www.google.com/search?q=BOBINAGE+ARMORICAIN+LOUDEAC,https://www.linkedin.com/search/results/companies/?keywords=BOBINAGE+ARMORICAIN,https://www.pagesjaunes.fr/annuaire/chercherlespros?quoiqui=BOBINAGE+ARMORICAIN&ou=LOUDEAC,https://www.societe.com/cgi-bin/search?champs=311295000,,,,10-19,PME,1,2,,738809,2023,49,1977-01-01,SAS,,3248,FR52311295000,active,311295000,31129500000039,33.14Z,ZI TRES LES BOIS RUE D ARSONVAL 22600 LOUDEAC,48.153702683,-2.763609083,,,,JACQUES PELE (Président de SAS),non,oui,2026-08-07,sirene,LOUDEAC
BREIZH BRUMISATION,C,25,a contacter,,,,,,,,,,,,maintenance,Installation de machines et equipements mecaniques,SAINT-YVI,29140,29,,,,YVES GUYON,Gérant,effectif+10|categorie+5|anciennete+5|dirigeant+5,https://www.pappers.fr/entreprise/492543921,https://annuaire-entreprises.data.gouv.fr/entreprise/492543921,"https://www.google.com/maps?q=47.957317474,-3.897196719",https://www.google.com/search?q=BREIZH+BRUMISATION+SAINT-YVI,https://www.linkedin.com/search/results/companies/?keywords=BREIZH+BRUMISATION,https://www.pagesjaunes.fr/annuaire/chercherlespros?quoiqui=BREIZH+BRUMISATION&ou=SAINT-YVI,https://www.societe.com/cgi-bin/search?champs=492543921,,,,10-19,PME,1,1,,21012,2023,20,2006-11-01,SARL,,1412,FR26492543921,active,492543921,49254392100018,33.20B,LD KERLAGADEC 29140 SAINT-YVI,47.957317474,-3.897196719,,,,,non,oui,2026-08-08,sirene,SAINT-YVI
C.G. ELEVAGE SERVICES,C,25,a contacter,,,,,,,,,,,,maintenance,Installation de machines et equipements mecaniques,CAMPAGNOLLES,14500,14,,,,MARC CHARPENTIER,Gérant,effectif+10|categorie+5|anciennete+5|dirigeant+5,https://www.pappers.fr/entreprise/509213096,https://annuaire-entreprises.data.gouv.fr/entreprise/509213096,"https://www.google.com/maps?q=48.897591223,-0.922042396",https://www.google.com/search?q=C.G.+ELEVAGE+SERVICES+CAMPAGNOLLES,https://www.linkedin.com/search/results/companies/?keywords=C.G.+ELEVAGE+SERVICES,https://www.pagesjaunes.fr/annuaire/chercherlespros?quoiqui=C.G.+ELEVAGE+SERVICES&ou=CAMPAGNOLLES,https://www.societe.com/cgi-bin/search?champs=509213096,,,,10-19,PME,1,1,,59270,2024,18,2008-11-28,SARL,,3248,FR74509213096,active,509213096,50921309600019,33.20B,LE MONTY 14500 CAMPAGNOLLES,48.897591223,-0.922042396,,,,MARC DENIS ALAIN CHARPENTIER (CHARPENTIER) (Gérant),non,oui,2026-08-06,sirene,CAMPAGNOLLES
CLIMA FROID AQUITAINE,C,25,a contacter,,,,,,,,,,,,maintenance,Installation de machines et equipements mecaniques,AILLAS,33124,33,,,,FREDERIC BOUQUET (BOUQUET),Président de SAS,effectif+10|categorie+5|anciennete+5|dirigeant+5,https://www.pappers.fr/entreprise/478742232,https://annuaire-entreprises.data.gouv.fr/entreprise/478742232,"https://www.google.com/maps?q=44.512515829675,-0.0527719965811279",https://www.google.com/search?q=CLIMA+FROID+AQUITAINE+AILLAS,https://www.linkedin.com/search/results/companies/?keywords=CLIMA+FROID+AQUITAINE,https://www.pagesjaunes.fr/annuaire/chercherlespros?quoiqui=CLIMA+FROID+AQUITAINE&ou=AILLAS,https://www.societe.com/cgi-bin/search?champs=478742232,,,,50-99,ETI,1,3,,2847098,2024,22,2004-09-07,SAS,,1412,FR88478742232,active,478742232,47874223200034,33.20B,3 RUE DU BOIS MAJOU 33124 AILLAS,44.512515829675,-0.0527719965811279,,,,OLLIVIER & ASSOCIES (Commissaire aux comptes titulaire),non,oui,2026-08-10,sirene,AILLAS
CLOTECHNIC,C,25,a contacter,,,,,,,,,,,,maintenance,Autres travaux d'installation n.c.a.,SAUBENS,31600,31,,,,ANNE DISSEGNA (VABRE),Président de SAS,effectif+10|categorie+5|anciennete+5|dirigeant+5,https://www.pappers.fr/entreprise/878106269,https://annuaire-entreprises.data.gouv.fr/entreprise/878106269,"https://www.google.com/maps?q=43.477531068,1.3697245013",https://www.google.com/search?q=CLOTECHNIC+SAUBENS,https://www.linkedin.com/search/results/companies/?keywords=CLOTECHNIC,https://www.pagesjaunes.fr/annuaire/chercherlespros?quoiqui=CLOTECHNIC&ou=SAUBENS,https://www.societe.com/cgi-bin/search?champs=878106269,,,,10-19,PME,1,1,,,,7,2019-10-10,SAS,,"2420, 2609, 1596",FR94878106269,active,878106269,87810626900011,43.29B,75 B CHEMIN DE PINS 31600 SAUBENS,43.477531068,1.3697245013,,,,,non,oui,2026-08-09,sirene,SAUBENS
CONSTRUCTION RENOVATION HABITAT - CRH,C,25,a contacter,,,,,,,,,,,,maintenance,"Installation d'equipements electriques, de materiels electroniques et optiques ou d'autres materiels",COURNON-D'AUVERGNE,63800,63,,,,BENJAMIN DUPOUY,Président de SAS,effectif+10|categorie+5|anciennete+5|dirigeant+5,https://www.pappers.fr/entreprise/501513295,https://annuaire-entreprises.data.gouv.fr/entreprise/501513295,"https://www.google.com/maps?q=45.7396890884681,3.19537992046872",https://www.google.com/search?q=CONSTRUCTION+RENOVATION+HABITAT+-+CRH+COURNON-D%27AUVERGNE,https://www.linkedin.com/search/results/companies/?keywords=CONSTRUCTION+RENOVATION+HABITAT+-+CRH,https://www.pagesjaunes.fr/annuaire/chercherlespros?quoiqui=CONSTRUCTION+RENOVATION+HABITAT+-+CRH&ou=COURNON-D%27AUVERGNE,https://www.societe.com/cgi-bin/search?champs=501513295,,,,10-19,PME,1,4,227789,47605,2019,19,2007-11-12,SAS,,,FR57501513295,active,501513295,50151329500052,33.20D,6 AVENUE DE LA REPUBLIQUE 63800 COURNON-D'AUVERGNE,45.7396890884681,3.19537992046872,,,,,non,oui,2026-08-04,sirene,COURNON-D'AUVERGNE
CREA TECH ENERGIE,C,25,a contacter,,,,,,,,,,,,maintenance,Reparation de machines et equipements mecaniques,NIMES,30900,30,,,,ERIC RODIER,Gérant,effectif+10|categorie+5|anciennete+5|dirigeant+5,https://www.pappers.fr/entreprise/844510297,https://annuaire-entreprises.data.gouv.fr/entreprise/844510297,"https://www.google.com/maps?q=43.8113669550787,4.33304839987717",https://www.google.com/search?q=CREA+TECH+ENERGIE+NIMES,https://www.linkedin.com/search/results/companies/?keywords=CREA+TECH+ENERGIE,https://www.pagesjaunes.fr/annuaire/chercherlespros?quoiqui=CREA+TECH+ENERGIE&ou=NIMES,https://www.societe.com/cgi-bin/search?champs=844510297,,,,10-19,PME,1,1,,,,8,2018-12-01,SARL,,1404,FR28844510297,active,844510297,84451029700014,33.12Z,850 RUE ETIENNE LENOIR 30900 NIMES,43.8113669550787,4.33304839987717,,,,ERIC ANTONIN RENE RODIER (Gérant),non,oui,2026-08-08,sirene,NIMES
CROUZET DAVID SERVICES,C,25,a contacter,,,,,,,,,,,,maintenance,Reparation de machines et equipements mecaniques,BAZAS,33430,33,,,,DAVID CROUZET (CROUZET),Gérant,effectif+10|categorie+5|anciennete+5|dirigeant+5,https://www.pappers.fr/entreprise/752468926,https://annuaire-entreprises.data.gouv.fr/entreprise/752468926,"https://www.google.com/maps?q=44.444802002,-0.240971045",https://www.google.com/search?q=CROUZET+DAVID+SERVICES+BAZAS,https://www.linkedin.com/search/results/companies/?keywords=CROUZET+DAVID+SERVICES,https://www.pagesjaunes.fr/annuaire/chercherlespros?quoiqui=CROUZET+DAVID+SERVICES&ou=BAZAS,https://www.societe.com/cgi-bin/search?champs=752468926,,,,10-19,PME,1,3,,8219,2024,14,2012-06-21,SARL,,1404,FR92752468926,active,752468926,75246892600031,33.12Z,170 CHEMIN DE BLANCHARDON 33430 BAZAS,44.444802002,-0.240971045,,,,,non,oui,2026-08-10,sirene,BAZAS
CUST'HOME PACA,C,25,a contacter,,,,,,,,,,,,maintenance,"Installation d'equipements electriques, de materiels electroniques et optiques ou d'autres materiels",SAINT-LAURENT-DU-VAR,06700,06,,,,NICOLAS PIERRE COLOMBI (COLOMBI),Gérant,effectif+10|categorie+5|anciennete+5|dirigeant+5,https://www.pappers.fr/entreprise/453816050,https://annuaire-entreprises.data.gouv.fr/entreprise/453816050,"https://www.google.com/maps?q=43.658726956,7.1865086169",https://www.google.com/search?q=CUST%27HOME+PACA+SAINT-LAURENT-DU-VAR,https://www.linkedin.com/search/results/companies/?keywords=CUST%27HOME+PACA,https://www.pagesjaunes.fr/annuaire/chercherlespros?quoiqui=CUST%27HOME+PACA&ou=SAINT-LAURENT-DU-VAR,https://www.societe.com/cgi-bin/search?champs=453816050,,,,10-19,PME,1,2,,264981,2023,22,2004-05-19,SARL,,3248,FR06453816050,active,453816050,45381605000026,33.20D,IMMEUBLE LE FLORENTIN 1178 ROUTE DU BORD DE MER 06700 SAINT-LAURENT-DU-VAR,43.658726956,7.1865086169,,,,CLAUDE JACK PEY (PEY) (Gérant),non,oui,2026-08-03,sirene,SAINT-LAURENT-DU-VAR
D F H CHARTRES,C,25,a contacter,,,,,,,,,,,,maintenance,Reparation de machines et equipements mecaniques,GELLAINVILLE,28630,28,,,,MATHIEU BOURGEOT (BOURGEOT),Président de SAS,effectif+10|categorie+5|anciennete+5|dirigeant+5,https://www.pappers.fr/entreprise/423524941,https://annuaire-entreprises.data.gouv.fr/entreprise/423524941,"https://www.google.com/maps?q=48.4284330864156,1.51942774518057",https://www.google.com/search?q=D+F+H+CHARTRES+GELLAINVILLE,https://www.linkedin.com/search/results/companies/?keywords=D+F+H+CHARTRES,https://www.pagesjaunes.fr/annuaire/chercherlespros?quoiqui=D+F+H+CHARTRES&ou=GELLAINVILLE,https://www.societe.com/cgi-bin/search?champs=423524941,,,,10-19,PME,1,3,,393437,2024,27,1999-07-02,SAS,,3248,FR62423524941,active,423524941,42352494100030,33.12Z,5 AVENUE GUSTAVE EIFFEL 28630 GELLAINVILLE,48.4284330864156,1.51942774518057,,,,,non,oui,2026-08-08,sirene,GELLAINVILLE
DIP ASCENSEURS FERMETURES ET MOBILITE,C,25,a contacter,,,,,,,,,,,,maintenance,Autres travaux d'installation n.c.a.,L'UNION,31240,31,,,,FID SUD AUDIT,Commissaire aux comptes titulaire,effectif+10|categorie+5|anciennete+5|dirigeant+5,https://www.pappers.fr/entreprise/513259747,https://annuaire-entreprises.data.gouv.fr/entreprise/513259747,"https://www.google.com/maps?q=43.638146824,1.493746109",https://www.google.com/search?q=DIP+ASCENSEURS+FERMETURES+ET+MOBILITE+L%27UNION,https://www.linkedin.com/search/results/companies/?keywords=DIP+ASCENSEURS+FERMETURES+ET+MOBILITE,https://www.pagesjaunes.fr/annuaire/chercherlespros?quoiqui=DIP+ASCENSEURS+FERMETURES+ET+MOBILITE&ou=L%27UNION,https://www.societe.com/cgi-bin/search?champs=513259747,,,,20-49,PME,1,5,,317363,2024,17,2009-06-22,SAS,,"2609, 2420",FR89513259747,active,513259747,51325974700055,43.29B,1 RUE D'HELIOS 31240 L'UNION,43.638146824,1.493746109,,,,MAEJU (Président de SAS),non,oui,2026-08-09,sirene,L'UNION
E.T.C.,C,25,a contacter,,,,,,,,,,,,maintenance,"Installation d'equipements electriques, de materiels electroniques et optiques ou d'autres materiels",YFFINIAC,22120,22,,,,ARMOR PROCESS INDUSTRIE,Président de SAS,effectif+10|categorie+5|anciennete+5|dirigeant+5,https://www.pappers.fr/entreprise/508075355,https://annuaire-entreprises.data.gouv.fr/entreprise/508075355,"https://www.google.com/maps?q=48.4765990316143,-2.67371495297407",https://www.google.com/search?q=E.T.C.+YFFINIAC,https://www.linkedin.com/search/results/companies/?keywords=E.T.C.,https://www.pagesjaunes.fr/annuaire/chercherlespros?quoiqui=E.T.C.&ou=YFFINIAC,https://www.societe.com/cgi-bin/search?champs=508075355,,,,10-19,PME,1,2,,37591,2024,18,2008-09-15,SAS,,3248,FR87508075355,active,508075355,50807535500026,33.20D,ZA DE LA BOURDINIERE 16 RUE DES SAULES 22120 YFFINIAC,48.4765990316143,-2.67371495297407,,,,,non,oui,2026-08-07,sirene,YFFINIAC
ELEC OUTILS CAULETIN,C,25,a contacter,,,,,,,,,,,,maintenance,Reparation d'equipements electriques,NICE,06300,06,,,,RICHARD HENRI JEAN CONSTANTIN,Président de SAS,effectif+10|categorie+5|anciennete+5|dirigeant+5,https://www.pappers.fr/entreprise/331478198,https://annuaire-entreprises.data.gouv.fr/entreprise/331478198,"https://www.google.com/maps?q=43.708849247,7.2915930414",https://www.google.com/search?q=ELEC+OUTILS+CAULETIN+NICE,https://www.linkedin.com/search/results/companies/?keywords=ELEC+OUTILS+CAULETIN,https://www.pagesjaunes.fr/annuaire/chercherlespros?quoiqui=ELEC+OUTILS+CAULETIN&ou=NICE,https://www.societe.com/cgi-bin/search?champs=331478198,,,,10-19,PME,1,1,,124035,2024,41,1985-01-10,SAS,,3248,FR15331478198,active,331478198,33147819800012,33.14Z,10 RUE DE L'ARMEE D'ORIENT 06300 NICE,43.708849247,7.2915930414,,,,,non,oui,2026-08-03,sirene,NICE
EM ASCENSEURS,C,25,a contacter,,,,,,,,,,,,maintenance,Autres travaux d'installation n.c.a.,DIJON,21000,21,,,,HOLDING ZITA INVEST,Président de SAS,effectif+10|categorie+5|anciennete+5|dirigeant+5,https://www.pappers.fr/entreprise/538790890,https://annuaire-entreprises.data.gouv.fr/entreprise/538790890,"https://www.google.com/maps?q=47.3448095972702,5.06352242054483",https://www.google.com/search?q=EM+ASCENSEURS+DIJON,https://www.linkedin.com/search/results/companies/?keywords=EM+ASCENSEURS,https://www.pagesjaunes.fr/annuaire/chercherlespros?quoiqui=EM+ASCENSEURS&ou=DIJON,https://www.societe.com/cgi-bin/search?champs=538790890,,,,10-19,PME,1,3,,16767,2024,14,2012-01-01,SAS,,3248,FR87538790890,active,538790890,53879089000031,43.29B,10 RUE DE MAYENCE 21000 DIJON,47.3448095972702,5.06352242054483,,,,,non,oui,2026-08-07,sirene,DIJON
ENSEIGNES PUBLICITE BEGUET,C,25,a contacter,,,,,,,,,,,,maintenance,Autres travaux d'installation n.c.a.,CERTINES,01240,01,,,,EDDY BEGUET,Gérant,effectif+10|categorie+5|anciennete+5|dirigeant+5,https://www.pappers.fr/entreprise/338141344,https://annuaire-entreprises.data.gouv.fr/entreprise/338141344,"https://www.google.com/maps?q=46.147614577,5.2800106303",https://www.google.com/search?q=ENSEIGNES+PUBLICITE+BEGUET+CERTINES,https://www.linkedin.com/search/results/companies/?keywords=ENSEIGNES+PUBLICITE+BEGUET,https://www.pagesjaunes.fr/annuaire/chercherlespros?quoiqui=ENSEIGNES+PUBLICITE+BEGUET&ou=CERTINES,https://www.societe.com/cgi-bin/search?champs=338141344,,,,10-19,PME,1,1,,35436,2024,40,1986-05-12,SARL,,"2420, 1596",FR81338141344,active,338141344,33814134400030,43.29B,ZA LES RIPPES 01240 CERTINES,46.147614577,5.2800106303,,,,,non,oui,2026-08-01,sirene,CERTINES
ERIC SEILER (RXLR),C,25,a contacter,,,,,,,,,,,,maintenance,Reparation de machines et equipements mecaniques,GLAIRE,08200,08,,,,ERIC JEAN SEILER (SEILER),,effectif+10|categorie+5|anciennete+5|dirigeant+5,https://www.pappers.fr/entreprise/424862076,https://annuaire-entreprises.data.gouv.fr/entreprise/424862076,"https://www.google.com/maps?q=49.699910266,4.9074359236",https://www.google.com/search?q=ERIC+SEILER+%28RXLR%29+GLAIRE,https://www.linkedin.com/search/results/companies/?keywords=ERIC+SEILER+%28RXLR%29,https://www.pagesjaunes.fr/annuaire/chercherlespros?quoiqui=ERIC+SEILER+%28RXLR%29&ou=GLAIRE,https://www.societe.com/cgi-bin/search?champs=424862076,,,,10-19,PME,1,3,,,,27,1999-11-04,Entrepreneur individuel,,1412,FR32424862076,active,424862076,42486207600033,33.12Z,ZAC DE GLAIRE 08200 GLAIRE,49.699910266,4.9074359236,,,,,non,oui,2026-08-03,sirene,GLAIRE
ESKENS TINTING SOLUTIONS FRANCE,C,25,a contacter,,,,,,,,,,,,maintenance,Reparation de machines et equipements mecaniques,MANDELIEU-LA-NAPOULE,06210,06,,,,BASTIAAN SEIJSENER,Gérant,effectif+10|categorie+5|anciennete+5|dirigeant+5,https://www.pappers.fr/entreprise/487476442,https://annuaire-entreprises.data.gouv.fr/entreprise/487476442,"https://www.google.com/maps?q=43.56875675,6.943803727",https://www.google.com/search?q=ESKENS+TINTING+SOLUTIONS+FRANCE+MANDELIEU-LA-NAPOULE,https://www.linkedin.com/search/results/companies/?keywords=ESKENS+TINTING+SOLUTIONS+FRANCE,https://www.pagesjaunes.fr/annuaire/chercherlespros?quoiqui=ESKENS+TINTING+SOLUTIONS+FRANCE&ou=MANDELIEU-LA-NAPOULE,https://www.societe.com/cgi-bin/search?champs=487476442,,,,10-19,PME,1,6,,4279,2024,21,2005-11-24,SARL,,3248,FR11487476442,active,487476442,48747644200065,33.12Z,MANDELIEU TECHNOLOGY CENTER 10 ALLEE FRANCOIS COLI 06210 MANDELIEU-LA-NAPOULE,43.56875675,6.943803727,,,,,non,oui,2026-08-03,sirene,MANDELIEU-LA-NAPOULE
ESPACE STORES,C,25,a contacter,,,,,,,,,,,,maintenance,Autres travaux d'installation n.c.a.,L'UNION,31240,31,,,,DD GESTION,Président de SAS,effectif+10|categorie+5|anciennete+5|dirigeant+5,https://www.pappers.fr/entreprise/387671639,https://annuaire-entreprises.data.gouv.fr/entreprise/387671639,"https://www.google.com/maps?q=43.641937173,1.4994420289",https://www.google.com/search?q=ESPACE+STORES+L%27UNION,https://www.linkedin.com/search/results/companies/?keywords=ESPACE+STORES,https://www.pagesjaunes.fr/annuaire/chercherlespros?quoiqui=ESPACE+STORES&ou=L%27UNION,https://www.societe.com/cgi-bin/search?champs=387671639,,,,10-19,PME,1,4,,57688,2024,34,1992-06-15,SAS,,"2609, 1597",FR61387671639,active,387671639,38767163900038,43.29B,ZAC DE MONTREDON 14 RUE D'APOLLO 31240 L'UNION,43.641937173,1.4994420289,,,,,non,oui,2026-08-09,sirene,L'UNION
ETABLISSEMENTS FONTANIE,C,25,a contacter,,,,,,,,,,,,maintenance,Installation de machines et equipements mecaniques,VILLENEUVE-SUR-LOT,47300,47,,,,DIDIER FONTANIE (FONTANIE),Gérant et associé indéfiniment responsable,effectif+10|categorie+5|anciennete+5|dirigeant+5,https://www.pappers.fr/entreprise/916780034,https://annuaire-entreprises.data.gouv.fr/entreprise/916780034,"https://www.google.com/maps?q=44.393302169,0.746517382",https://www.google.com/search?q=ETABLISSEMENTS+FONTANIE+VILLENEUVE-SUR-LOT,https://www.linkedin.com/search/results/companies/?keywords=ETABLISSEMENTS+FONTANIE,https://www.pagesjaunes.fr/annuaire/chercherlespros?quoiqui=ETABLISSEMENTS+FONTANIE&ou=VILLENEUVE-SUR-LOT,https://www.societe.com/cgi-bin/search?champs=916780034,,,,10-19,PME,1,4,,83976,2024,59,1967-01-01,SARL,,1412,FR77916780034,active,916780034,91678003400036,33.20B,ZONE INDUSTRIELLE LA BOULBENE RUE ALFRED NOBEL 47300 VILLENEUVE-SUR-LOT,44.393302169,0.746517382,,,,,non,oui,2026-08-07,sirene,VILLENEUVE-SUR-LOT
ETABLISSEMENTS LESCURE,C,25,a contacter,,,,,,,,,,,,maintenance,Reparation d'equipements electriques,CUSSET,03300,03,,,,MICHEL ALAIN FRANCOIS PELLETIER,Gérant,effectif+10|categorie+5|anciennete+5|dirigeant+5,https://www.pappers.fr/entreprise/343048906,https://annuaire-entreprises.data.gouv.fr/entreprise/343048906,"https://www.google.com/maps?q=46.140666706,3.444705597",https://www.google.com/search?q=ETABLISSEMENTS+LESCURE+CUSSET,https://www.linkedin.com/search/results/companies/?keywords=ETABLISSEMENTS+LESCURE,https://www.pagesjaunes.fr/annuaire/chercherlespros?quoiqui=ETABLISSEMENTS+LESCURE&ou=CUSSET,https://www.societe.com/cgi-bin/search?champs=343048906,,,,10-19,ETI,1,2,,193270,2024,39,1987-11-02,SARL,,3248,FR10343048906,active,343048906,34304890600014,33.14Z,3 RUE AMPERE 03300 CUSSET,46.140666706,3.444705597,,,,,non,oui,2026-08-02,sirene,CUSSET
ETS BARIMAR AGRAF METAL,C,25,a contacter,,,,,,,,,,,,maintenance,Reparation de machines et equipements mecaniques,PONT-AUDEMER,27500,27,,,,NICOLAS HENRI CHARLES MARIE LEON,Président de SAS,effectif+10|categorie+5|anciennete+5|dirigeant+5,https://www.pappers.fr/entreprise/562126912,https://annuaire-entreprises.data.gouv.fr/entreprise/562126912,"https://www.google.com/maps?q=49.349865211,0.5432034208",https://www.google.com/search?q=ETS+BARIMAR+AGRAF+METAL+PONT-AUDEMER,https://www.linkedin.com/search/results/companies/?keywords=ETS+BARIMAR+AGRAF+METAL,https://www.pagesjaunes.fr/annuaire/chercherlespros?quoiqui=ETS+BARIMAR+AGRAF+METAL&ou=PONT-AUDEMER,https://www.societe.com/cgi-bin/search?champs=562126912,,,,10-19,PME,1,8,,443570,2023,49,1977-01-01,SAS,,3248,FR52562126912,active,562126912,56212691200095,33.12Z,ZI LES BURETS 4 IMP DES BURETS 27500 PONT-AUDEMER,49.349865211,0.5432034208,,,,,non,oui,2026-08-08,sirene,PONT-AUDEMER
EURO ENERGIE,C,25,a contacter,,,,,,,,,,,,maintenance,Reparation de machines et equipements mecaniques,PLABENNEC,29860,29,,,,NIDICI,Président de SAS,effectif+10|categorie+5|anciennete+5|dirigeant+5,https://www.pappers.fr/entreprise/388586604,https://annuaire-entreprises.data.gouv.fr/entreprise/388586604,"https://www.google.com/maps?q=48.458210407,-4.453329867",https://www.google.com/search?q=EURO+ENERGIE+PLABENNEC,https://www.linkedin.com/search/results/companies/?keywords=EURO+ENERGIE,https://www.pagesjaunes.fr/annuaire/chercherlespros?quoiqui=EURO+ENERGIE&ou=PLABENNEC,https://www.societe.com/cgi-bin/search?champs=388586604,,,,20-49,PME,1,5,,,,34,1992-07-16,SAS,,1412,FR50388586604,active,388586604,38858660400059,33.12Z,ZA DE PENHOAT 92 RUE BLAISE PASCAL 29860 PLABENNEC,48.458210407,-4.453329867,,,,NIDICI SARL (Président de SAS),non,oui,2026-08-08,sirene,PLABENNEC
EURO MONTAGE CONCEPT,C,25,a contacter,,,,,,,,,,,,maintenance,Reparation de machines et equipements mecaniques,PORT-DE-BOUC,13110,13,,,,RACHID ATITALLAH,Gérant,effectif+10|categorie+5|anciennete+5|dirigeant+5,https://www.pappers.fr/entreprise/833769334,https://annuaire-entreprises.data.gouv.fr/entreprise/833769334,"https://www.google.com/maps?q=43.418261136,4.9868410878",https://www.google.com/search?q=EURO+MONTAGE+CONCEPT+PORT-DE-BOUC,https://www.linkedin.com/search/results/companies/?keywords=EURO+MONTAGE+CONCEPT,https://www.pagesjaunes.fr/annuaire/chercherlespros?quoiqui=EURO+MONTAGE+CONCEPT&ou=PORT-DE-BOUC,https://www.societe.com/cgi-bin/search?champs=833769334,,,,20-49,PME,1,2,,441223,2024,9,2017-11-09,SARL,,2630,FR54833769334,active,833769334,83376933400024,33.12Z,LOT N62 ALLEE DE LA GARRIGUE 13110 PORT-DE-BOUC,43.418261136,4.9868410878,,,,,non,oui,2026-08-05,sirene,PORT-DE-BOUC
EUROPE MAINTENANCE ECHANGEUR,C,25,a contacter,,,,,,,,,,,,maintenance,Reparation d'equipements electriques,VILLENEUVE-SAINT-GERMAIN,02200,02,,,,ALAIN MAURICE JUVENAL LE GUYADER,Gérant,effectif+10|categorie+5|anciennete+5|dirigeant+5,https://www.pappers.fr/entreprise/509532446,https://annuaire-entreprises.data.gouv.fr/entreprise/509532446,"https://www.google.com/maps?q=49.368812094,3.3679058782",https://www.google.com/search?q=EUROPE+MAINTENANCE+ECHANGEUR+VILLENEUVE-SAINT-GERMAIN,https://www.linkedin.com/search/results/companies/?keywords=EUROPE+MAINTENANCE+ECHANGEUR,https://www.pagesjaunes.fr/annuaire/chercherlespros?quoiqui=EUROPE+MAINTENANCE+ECHANGEUR&ou=VILLENEUVE-SAINT-GERMAIN,https://www.societe.com/cgi-bin/search?champs=509532446,,,,10-19,PME,1,2,,522086,2024,18,2008-12-04,SARL,,3248,FR55509532446,active,509532446,50953244600028,33.14Z,149 RUE GUSTAVE EIFFEL 02200 VILLENEUVE-SAINT-GERMAIN,49.368812094,3.3679058782,,,,,non,oui,2026-08-01,sirene,VILLENEUVE-SAINT-GERMAIN
EVEREST POSE,C,25,a contacter,,,,,,,,,,,,maintenance,Autres travaux d'installation n.c.a.,SAINT-PIERRE-LA-GARENNE,27600,27,,,,FERNANDO BRUNO ALVES FERREIRA,Gérant,effectif+10|categorie+5|anciennete+5|dirigeant+5,https://www.pappers.fr/entreprise/922904743,https://annuaire-entreprises.data.gouv.fr/entreprise/922904743,"https://www.google.com/maps?q=49.144011868,1.4123680335",https://www.google.com/search?q=EVEREST+POSE+SAINT-PIERRE-LA-GARENNE,https://www.linkedin.com/search/results/companies/?keywords=EVEREST+POSE,https://www.pagesjaunes.fr/annuaire/chercherlespros?quoiqui=EVEREST+POSE&ou=SAINT-PIERRE-LA-GARENNE,https://www.societe.com/cgi-bin/search?champs=922904743,,,,10-19,PME,1,1,,,,3,2023-01-09,SARL,,9999,FR76922904743,active,922904743,92290474300015,43.29B,3 RUE DE LA CROIX DU VALLOT 27600 SAINT-PIERRE-LA-GARENNE,49.144011868,1.4123680335,,,,,non,oui,2026-08-08,sirene,SAINT-PIERRE-LA-GARENNE
EXA,C,25,a contacter,,,,,,,,,,,,maintenance,Reparation de machines et equipements mecaniques,GRADIGNAN,33170,33,,,,AUDIAL,Commissaire aux comptes titulaire,effectif+10|categorie+5|anciennete+5|dirigeant+5,https://www.pappers.fr/entreprise/455201632,https://annuaire-entreprises.data.gouv.fr/entreprise/455201632,"https://www.google.com/maps?q=44.786637269,-0.625086114",https://www.google.com/search?q=EXA+GRADIGNAN,https://www.linkedin.com/search/results/companies/?keywords=EXA,https://www.pagesjaunes.fr/annuaire/chercherlespros?quoiqui=EXA&ou=GRADIGNAN,https://www.societe.com/cgi-bin/search?champs=455201632,,,,10-19,PME,1,2,,-6812,2024,71,1955-01-01,SAS,,3248,FR11455201632,active,455201632,45520163200029,33.12Z,PARC REMORA VOIE ROMAINE ROUTE DE PESSAC 33170 GRADIGNAN,44.786637269,-0.625086114,,,,BOUILLY MICHEL (Commissaire aux comptes suppléant); FERNANDO GOU ALFONSO (Président de SAS),non,oui,2026-08-10,sirene,GRADIGNAN
FROID CHAUD SERVICE,C,25,a contacter,,,,,,,,,,,,maintenance,Installation de machines et equipements mecaniques,MILLY-LA-FORET,91490,91,,,,MICHEL GUY PASCAL GILLET,Autre,effectif+10|categorie+5|anciennete+5|dirigeant+5,https://www.pappers.fr/entreprise/339792756,https://annuaire-entreprises.data.gouv.fr/entreprise/339792756,"https://www.google.com/maps?q=48.397876986,2.4266325623",https://www.google.com/search?q=FROID+CHAUD+SERVICE+MILLY-LA-FORET,https://www.linkedin.com/search/results/companies/?keywords=FROID+CHAUD+SERVICE,https://www.pagesjaunes.fr/annuaire/chercherlespros?quoiqui=FROID+CHAUD+SERVICE&ou=MILLY-LA-FORET,https://www.societe.com/cgi-bin/search?champs=339792756,,,,50-99,PME,1,4,,-401536,2025,39,1987-01-01,SARL,,1412,FR42339792756,active,339792756,33979275600043,33.20B,ZA CHENET ROUTE DE MAISSE 91490 MILLY-LA-FORET,48.397876986,2.4266325623,,,,FIDELIANCE AUDIT (Commissaire aux comptes titulaire),non,oui,2026-08-10,sirene,MILLY-LA-FORET
FROID CLIMATISATION TECHNIQUES OCEAN INDIEN,C,25,a contacter,,,,,,,,,,,,maintenance,Installation de machines et equipements mecaniques,LE TAMPON,97430,974,,,,ODYSSÉE,Président de SAS,effectif+10|categorie+5|anciennete+5|dirigeant+5,https://www.pappers.fr/entreprise/852265891,https://annuaire-entreprises.data.gouv.fr/entreprise/852265891,"https://www.google.com/maps?q=-21.26404351,55.490958267",https://www.google.com/search?q=FROID+CLIMATISATION+TECHNIQUES+OCEAN+INDIEN+LE+TAMPON,https://www.linkedin.com/search/results/companies/?keywords=FROID+CLIMATISATION+TECHNIQUES+OCEAN+INDIEN,https://www.pagesjaunes.fr/annuaire/chercherlespros?quoiqui=FROID+CLIMATISATION+TECHNIQUES+OCEAN+INDIEN&ou=LE+TAMPON,https://www.societe.com/cgi-bin/search?champs=852265891,,,,10-19,ETI,1,3,,13291,2024,7,2019-06-28,SAS,,1412,FR02852265891,active,852265891,85226589100030,33.20B,ZA DE TROIS MARES 8 RUE DES LIANES D'OR 97430 LE TAMPON,-21.26404351,55.490958267,,,,,non,oui,2026-08-05,sirene,LE TAMPON
FROID ELEC SERVICE,C,25,a contacter,,,,,,,,,,,,maintenance,Reparation de machines et equipements mecaniques,CASTRIES,34160,34,,,,BRIGITTE SYLLA BENALI (SYLLA),Gérant,effectif+10|categorie+5|anciennete+5|dirigeant+5,https://www.pappers.fr/entreprise/423984392,https://annuaire-entreprises.data.gouv.fr/entreprise/423984392,"https://www.google.com/maps?q=43.671922756,3.9707649365",https://www.google.com/search?q=FROID+ELEC+SERVICE+CASTRIES,https://www.linkedin.com/search/results/companies/?keywords=FROID+ELEC+SERVICE,https://www.pagesjaunes.fr/annuaire/chercherlespros?quoiqui=FROID+ELEC+SERVICE&ou=CASTRIES,https://www.societe.com/cgi-bin/search?champs=423984392,,,,10-19,PME,1,3,,1352,2023,27,1999-08-01,SARL,,1412,FR45423984392,active,423984392,42398439200039,33.12Z,289 AVENUE DES RAZETEURS 34160 CASTRIES,43.671922756,3.9707649365,,,,,non,oui,2026-08-10,sirene,CASTRIES
G.M.I MAINTENANCE INDUSTRIELLE,C,25,a contacter,,,,,,,,,,,,maintenance,Installation de machines et equipements mecaniques,TREMOREL,22230,22,,,,STEPHANE MAURICE YVES GEFFROY,Gérant,effectif+10|categorie+5|anciennete+5|dirigeant+5,https://www.pappers.fr/entreprise/752333377,https://annuaire-entreprises.data.gouv.fr/entreprise/752333377,"https://www.google.com/maps?q=48.200943366,-2.254399322",https://www.google.com/search?q=G.M.I+MAINTENANCE+INDUSTRIELLE+TREMOREL,https://www.linkedin.com/search/results/companies/?keywords=G.M.I+MAINTENANCE+INDUSTRIELLE,https://www.pagesjaunes.fr/annuaire/chercherlespros?quoiqui=G.M.I+MAINTENANCE+INDUSTRIELLE&ou=TREMOREL,https://www.societe.com/cgi-bin/search?champs=752333377,,,,10-19,PME,1,1,,,,14,2012-06-18,SARL,,3248,FR69752333377,active,752333377,75233337700014,33.20B,LA GAUTRAIE OUEST PARC D'ACTIVITE 22230 TREMOREL,48.200943366,-2.254399322,,,,,non,oui,2026-08-07,sirene,TREMOREL
GENICLIM MIDI PYRENEES,C,25,a contacter,,,,,,,,,,,,maintenance,Installation de machines et equipements mecaniques,SAINT-JEAN,31240,31,,,,REMI PIERRE BALZANO,Président de SAS,effectif+10|categorie+5|anciennete+5|dirigeant+5,https://www.pappers.fr/entreprise/404487407,https://annuaire-entreprises.data.gouv.fr/entreprise/404487407,"https://www.google.com/maps?q=43.651404606,1.5196571718",https://www.google.com/search?q=GENICLIM+MIDI+PYRENEES+SAINT-JEAN,https://www.linkedin.com/search/results/companies/?keywords=GENICLIM+MIDI+PYRENEES,https://www.pagesjaunes.fr/annuaire/chercherlespros?quoiqui=GENICLIM+MIDI+PYRENEES&ou=SAINT-JEAN,https://www.societe.com/cgi-bin/search?champs=404487407,,,,20-49,ETI,1,2,,1490063,2024,30,1996-04-01,SAS,,"2609, 1597, 2420",FR90404487407,active,404487407,40448740700029,33.20B,PARC D ACTIVITES DU CASSE 9 RUE DU CASSE 31240 SAINT-JEAN,43.651404606,1.5196571718,,,,FIDUVAL MEDITERRANEE (Commissaire aux comptes titulaire),non,oui,2026-08-09,sirene,SAINT-JEAN
GRAND SUD PROTECTION CONFINEMENT,C,25,a contacter,,,,,,,,,,,,maintenance,Autres travaux d'installation n.c.a.,TREBES,11800,11,,,,PAULINE LAURE LAMBOTTE (BERG),Directeur Général,effectif+10|categorie+5|anciennete+5|dirigeant+5,https://www.pappers.fr/entreprise/880118070,https://annuaire-entreprises.data.gouv.fr/entreprise/880118070,"https://www.google.com/maps?q=43.2085786087184,2.41526858554137",https://www.google.com/search?q=GRAND+SUD+PROTECTION+CONFINEMENT+TREBES,https://www.linkedin.com/search/results/companies/?keywords=GRAND+SUD+PROTECTION+CONFINEMENT,https://www.pagesjaunes.fr/annuaire/chercherlespros?quoiqui=GRAND+SUD+PROTECTION+CONFINEMENT&ou=TREBES,https://www.societe.com/cgi-bin/search?champs=880118070,,,,10-19,PME,1,3,,24430,2024,6,2020-01-06,SAS,,,FR60880118070,active,880118070,88011807000031,43.29B,ZA SAUTES 4 RUE DU COMMERCE 11800 TREBES,43.2085786087184,2.41526858554137,,,,JOSE MARC LAMBOTTE (Président de SAS),non,oui,2026-08-04,sirene,TREBES
I.M.S.,C,25,a contacter,,,,,,,,,,,,maintenance,Reparation de machines et equipements mecaniques,GENAY,69730,69,,,,GERARD SIMONET (SIMONET),Gérant,effectif+10|categorie+5|anciennete+5|dirigeant+5,https://www.pappers.fr/entreprise/391206315,https://annuaire-entreprises.data.gouv.fr/entreprise/391206315,"https://www.google.com/maps?q=45.8979851333471,4.82095737106288",https://www.google.com/search?q=I.M.S.+GENAY,https://www.linkedin.com/search/results/companies/?keywords=I.M.S.,https://www.pagesjaunes.fr/annuaire/chercherlespros?quoiqui=I.M.S.&ou=GENAY,https://www.societe.com/cgi-bin/search?champs=391206315,,,,10-19,PME,1,5,,74638,2023,33,1993-05-24,SARL,,3248,FR49391206315,active,391206315,39120631500056,33.12Z,ACTIPARK DE LA RICHASSIERE BATIMENT J 662 RUE DES JONCHERES 69730 GENAY,45.8979851333471,4.82095737106288,,,,,non,oui,2026-08-01,sirene,GENAY
IBERIAN SUSTAINEABLE ENERGIES GROUP FRANCE SAS (ISEG FRANCE),C,25,a contacter,,,,,,,,,,,,maintenance,Reparation d'equipements electriques,ABBEVILLE,80100,80,,,,IGNACIO MORILLO SANCHEZ,Gérant,effectif+10|categorie+5|anciennete+5|dirigeant+5,https://www.pappers.fr/entreprise/789729373,https://annuaire-entreprises.data.gouv.fr/entreprise/789729373,"https://www.google.com/maps?q=50.106085886,1.8643660483",https://www.google.com/search?q=IBERIAN+SUSTAINEABLE+ENERGIES+GROUP+FRANCE+SAS+%28ISEG+FRANCE%29+ABBEVILLE,https://www.linkedin.com/search/results/companies/?keywords=IBERIAN+SUSTAINEABLE+ENERGIES+GROUP+FRANCE+SAS+%28ISEG+FRANCE%29,https://www.pagesjaunes.fr/annuaire/chercherlespros?quoiqui=IBERIAN+SUSTAINEABLE+ENERGIES+GROUP+FRANCE+SAS+%28ISEG+FRANCE%29&ou=ABBEVILLE,https://www.societe.com/cgi-bin/search?champs=789729373,,,,10-19,PME,1,4,,10445,2024,14,2012-11-22,SARL,,"3248, 9999",FR88789729373,active,789729373,78972937300041,33.14Z,VILLAGE PME - ATELIER A2 38 RUE RENE DINGEON 80100 ABBEVILLE,50.106085886,1.8643660483,,,,,non,oui,2026-08-03,sirene,ABBEVILLE
ILEX FRANCHE COMTE,C,25,a contacter,,,,,,,,,,,,maintenance,Autres travaux d'installation n.c.a.,MONTBELIARD,25200,25,,,,ASCENSIO,Président de SAS,effectif+10|categorie+5|anciennete+5|dirigeant+5,https://www.pappers.fr/entreprise/441972650,https://annuaire-entreprises.data.gouv.fr/entreprise/441972650,"https://www.google.com/maps?q=47.4935677879163,6.81108847606307",https://www.google.com/search?q=ILEX+FRANCHE+COMTE+MONTBELIARD,https://www.linkedin.com/search/results/companies/?keywords=ILEX+FRANCHE+COMTE,https://www.pagesjaunes.fr/annuaire/chercherlespros?quoiqui=ILEX+FRANCHE+COMTE&ou=MONTBELIARD,https://www.societe.com/cgi-bin/search?champs=441972650,,,,10-19,PME,1,4,,224656,2024,24,2002-05-01,SAS,,3248,FR33441972650,active,441972650,44197265000044,43.29B,PARC D'ACTIVITES DES COURTS CANTONS 4 RUE ETIENNE VIENOT 25200 MONTBELIARD,47.4935677879163,6.81108847606307,,,,,non,oui,2026-08-07,sirene,MONTBELIARD
ILEX MARSEILLE,C,25,a contacter,,,,,,,,,,,,maintenance,Autres travaux d'installation n.c.a.,MARSEILLE,13014,13,,,,ASCENSIO,Président de SAS,effectif+10|categorie+5|anciennete+5|dirigeant+5,https://www.pappers.fr/entreprise/538788357,https://annuaire-entreprises.data.gouv.fr/entreprise/538788357,"https://www.google.com/maps?q=43.331790343,5.3705073924",https://www.google.com/search?q=ILEX+MARSEILLE+MARSEILLE,https://www.linkedin.com/search/results/companies/?keywords=ILEX+MARSEILLE,https://www.pagesjaunes.fr/annuaire/chercherlespros?quoiqui=ILEX+MARSEILLE&ou=MARSEILLE,https://www.societe.com/cgi-bin/search?champs=538788357,,,,10-19,PME,1,3,,154311,2024,15,2011-12-26,SAS,,3248,FR54538788357,active,538788357,53878835700035,43.29B,PARC DES AYGALADES 35 BOULEVARD DU CAPITAINE GEZE 13014 MARSEILLE,43.331790343,5.3705073924,,,,,non,oui,2026-08-05,sirene,MARSEILLE
INCENDIZ TRAVAUX,C,25,a contacter,,,,,,,,,,,,maintenance,Autres travaux d'installation n.c.a.,VITROLLES,13127,13,,,,GROUPE INCENDIZ,Président de SAS,effectif+10|categorie+5|anciennete+5|dirigeant+5,https://www.pappers.fr/entreprise/840973655,https://annuaire-entreprises.data.gouv.fr/entreprise/840973655,"https://www.google.com/maps?q=43.4238984371833,5.2585830647791",https://www.google.com/search?q=INCENDIZ+TRAVAUX+VITROLLES,https://www.linkedin.com/search/results/companies/?keywords=INCENDIZ+TRAVAUX,https://www.pagesjaunes.fr/annuaire/chercherlespros?quoiqui=INCENDIZ+TRAVAUX&ou=VITROLLES,https://www.societe.com/cgi-bin/search?champs=840973655,,,,10-19,PME,1,4,,7437,2024,8,2018-06-01,SAS,,"2420, 2609",FR59840973655,active,840973655,84097365500045,43.29B,ZAC DE L'ANJOLY 1 VOIE D'ANGLETERRE 13127 VITROLLES,43.4238984371833,5.2585830647791,,,,,non,oui,2026-08-05,sirene,VITROLLES
INSTALLATIONS MAINTENANCE TIRAGE BIERE,C,25,a contacter,,,,,,,,,,,,maintenance,Installation de machines et equipements mecaniques,DAGNEUX,01120,01,,,,STEPHANE PICHODO (PICHODO),Directeur Général,effectif+10|categorie+5|anciennete+5|dirigeant+5,https://www.pappers.fr/entreprise/340667351,https://annuaire-entreprises.data.gouv.fr/entreprise/340667351,"https://www.google.com/maps?q=45.841180548,5.0671152759",https://www.google.com/search?q=INSTALLATIONS+MAINTENANCE+TIRAGE+BIERE+DAGNEUX,https://www.linkedin.com/search/results/companies/?keywords=INSTALLATIONS+MAINTENANCE+TIRAGE+BIERE,https://www.pagesjaunes.fr/annuaire/chercherlespros?quoiqui=INSTALLATIONS+MAINTENANCE+TIRAGE+BIERE&ou=DAGNEUX,https://www.societe.com/cgi-bin/search?champs=340667351,,,,10-19,PME,1,6,,-95870,2024,39,1987-02-24,SAS,,0573,FR74340667351,active,340667351,34066735100068,33.20B,1021 RUE DE LA CRAZ 01120 DAGNEUX,45.841180548,5.0671152759,,,,STEPHANE NORBERT MICHEL PICHODO (Directeur Général); BLOMY (Président de SAS); SWALO (Directeur Général),non,oui,2026-08-01,sirene,DAGNEUX
JJD MAINTENANCE MECANIQUE INDUSTRIELLE,C,25,a contacter,,,,,,,,,,,,maintenance,Reparation de machines et equipements mecaniques,MORNAC,16600,16,,,,SIMON PIERRE-DENIS DUMAS (DUMAS),Gérant,effectif+10|categorie+5|anciennete+5|dirigeant+5,https://www.pappers.fr/entreprise/539889709,https://annuaire-entreprises.data.gouv.fr/entreprise/539889709,"https://www.google.com/maps?q=45.697013013,0.3113219889",https://www.google.com/search?q=JJD+MAINTENANCE+MECANIQUE+INDUSTRIELLE+MORNAC,https://www.linkedin.com/search/results/companies/?keywords=JJD+MAINTENANCE+MECANIQUE+INDUSTRIELLE,https://www.pagesjaunes.fr/annuaire/chercherlespros?quoiqui=JJD+MAINTENANCE+MECANIQUE+INDUSTRIELLE&ou=MORNAC,https://www.societe.com/cgi-bin/search?champs=539889709,,,,10-19,PME,1,2,,23960,2024,14,2012-02-02,SARL,,3248,FR96539889709,active,539889709,53988970900025,33.12Z,18 IMPASSE DU LAC DES SAULES 16600 MORNAC,45.697013013,0.3113219889,,,,,non,oui,2026-08-06,sirene,MORNAC
L'ARTISAN DU FROID,C,25,a contacter,,,,,,,,,,,,maintenance,Installation de machines et equipements mecaniques,BAURECH,33880,33,,,,FREDERIC ROUGIER (ROUGIER),Gérant,effectif+10|categorie+5|anciennete+5|dirigeant+5,https://www.pappers.fr/entreprise/494628506,https://annuaire-entreprises.data.gouv.fr/entreprise/494628506,"https://www.google.com/maps?q=44.741281466,-0.414801253",https://www.google.com/search?q=L%27ARTISAN+DU+FROID+BAURECH,https://www.linkedin.com/search/results/companies/?keywords=L%27ARTISAN+DU+FROID,https://www.pagesjaunes.fr/annuaire/chercherlespros?quoiqui=L%27ARTISAN+DU+FROID&ou=BAURECH,https://www.societe.com/cgi-bin/search?champs=494628506,,,,10-19,PME,1,1,,21927,2024,19,2007-03-05,SARL,,1412,FR94494628506,active,494628506,49462850600011,33.20B,ZONE ARTISANALE LA LANDE ROUTE DE TABANAC 33880 BAURECH,44.741281466,-0.414801253,,,,,non,oui,2026-08-10,sirene,BAURECH
LABORATOIRE SERVICES MAINTENANCE,C,25,a contacter,,,,,,,,,,,,maintenance,Reparation de materiels electroniques et optiques,VALENCE,26000,26,,,,ALEXANDRE RENAUD,Directeur Général,effectif+10|categorie+5|anciennete+5|dirigeant+5,https://www.pappers.fr/entreprise/439352782,https://annuaire-entreprises.data.gouv.fr/entreprise/439352782,"https://www.google.com/maps?q=44.936362224,4.9312180313",https://www.google.com/search?q=LABORATOIRE+SERVICES+MAINTENANCE+VALENCE,https://www.linkedin.com/search/results/companies/?keywords=LABORATOIRE+SERVICES+MAINTENANCE,https://www.pagesjaunes.fr/annuaire/chercherlespros?quoiqui=LABORATOIRE+SERVICES+MAINTENANCE&ou=VALENCE,https://www.societe.com/cgi-bin/search?champs=439352782,,,,20-49,PME,1,6,,167861,2024,25,2001-10-02,SAS,,3248,FR48439352782,active,439352782,43935278200056,33.13Z,ZI MOZART 9 COUR MANUEL DE FALLA 26000 VALENCE,44.936362224,4.9312180313,,,,ASGARD (Président de SAS),non,oui,2026-08-07,sirene,VALENCE
LCI,C,25,a contacter,,,,,,,,,,,,maintenance,Installation de machines et equipements mecaniques,LA BOISSE,01120,01,,,,BULENT DEMIR (DEMIR),Directeur Général,effectif+10|categorie+5|anciennete+5|dirigeant+5,https://www.pappers.fr/entreprise/852114735,https://annuaire-entreprises.data.gouv.fr/entreprise/852114735,"https://www.google.com/maps?q=45.8386002293999,5.01709811602582",https://www.google.com/search?q=LCI+LA+BOISSE,https://www.linkedin.com/search/results/companies/?keywords=LCI,https://www.pagesjaunes.fr/annuaire/chercherlespros?quoiqui=LCI&ou=LA+BOISSE,https://www.societe.com/cgi-bin/search?champs=852114735,,,,10-19,PME,1,3,,110259,2024,7,2019-07-01,SAS,,3248,FR09852114735,active,852114735,85211473500032,33.20B,42 RUE DU PRE NEUF 01120 LA BOISSE,45.8386002293999,5.01709811602582,,,,GROUP ALEYNA (Président de SAS),non,oui,2026-08-01,sirene,LA BOISSE
LE FROID PICARD,C,25,a contacter,,,,,,,,,,,,maintenance,Installation de machines et equipements mecaniques,SAINT-QUENTIN,02100,02,,,,JEAN-LUC JACQUES RAOUL HERVOUET,Directeur général délégué,effectif+10|categorie+5|anciennete+5|dirigeant+5,https://www.pappers.fr/entreprise/378102685,https://annuaire-entreprises.data.gouv.fr/entreprise/378102685,"https://www.google.com/maps?q=49.853240896,3.2674746758",https://www.google.com/search?q=LE+FROID+PICARD+SAINT-QUENTIN,https://www.linkedin.com/search/results/companies/?keywords=LE+FROID+PICARD,https://www.pagesjaunes.fr/annuaire/chercherlespros?quoiqui=LE+FROID+PICARD&ou=SAINT-QUENTIN,https://www.societe.com/cgi-bin/search?champs=378102685,,,,10-19,PME,1,2,,-12966,2025,36,1990-04-01,SA,,1412,FR58378102685,active,378102685,37810268500021,33.20B,ZA BOIS DE LA CHOCQUE AVENUE ARCHIMEDE 02100 SAINT-QUENTIN,49.853240896,3.2674746758,,,,JOHAN JONATHAN HERVOUET (Président du conseil d’administration et directeur général); JANIQUE DENISE YVONNE HERVOUET (RICHET) (Administrateur),non,oui,2026-08-01,sirene,SAINT-QUENTIN
LEVAGE ENTRETIEN TRAVAUX MANUTENTION,C,25,a contacter,,,,,,,,,,,,maintenance,Reparation de machines et equipements mecaniques,CHATEAUNEUF-LES-MARTIGUES,13220,13,,,,PHILIPPE FERNAND JOSEPH BERUTTI,Président de SAS,effectif+10|categorie+5|anciennete+5|dirigeant+5,https://www.pappers.fr/entreprise/331153379,https://annuaire-entreprises.data.gouv.fr/entreprise/331153379,"https://www.google.com/maps?q=43.394357995,5.1390327929",https://www.google.com/search?q=LEVAGE+ENTRETIEN+TRAVAUX+MANUTENTION+CHATEAUNEUF-LES-MARTIGUES,https://www.linkedin.com/search/results/companies/?keywords=LEVAGE+ENTRETIEN+TRAVAUX+MANUTENTION,https://www.pagesjaunes.fr/annuaire/chercherlespros?quoiqui=LEVAGE+ENTRETIEN+TRAVAUX+MANUTENTION&ou=CHATEAUNEUF-LES-MARTIGUES,https://www.societe.com/cgi-bin/search?champs=331153379,,,,10-19,PME,1,1,,92071,2025,42,1984-11-02,SAS,,"3248, 9999",FR20331153379,active,331153379,33115337900028,33.12Z,LA PALUNETTE 13220 CHATEAUNEUF-LES-MARTIGUES,43.394357995,5.1390327929,,,,,non,oui,2026-08-05,sirene,CHATEAUNEUF-LES-MARTIGUES
LITTORAL CUISINES INDUSTRIELLES,C,25,a contacter,,,,,,,,,,,,maintenance,Installation de machines et equipements mecaniques,CARROS,06510,06,,,,VIRGINIE DALMASSO (NIEL),Directeur Général,effectif+10|categorie+5|anciennete+5|dirigeant+5,https://www.pappers.fr/entreprise/530793330,https://annuaire-entreprises.data.gouv.fr/entreprise/530793330,"https://www.google.com/maps?q=43.791056371,7.2072039495",https://www.google.com/search?q=LITTORAL+CUISINES+INDUSTRIELLES+CARROS,https://www.linkedin.com/search/results/companies/?keywords=LITTORAL+CUISINES+INDUSTRIELLES,https://www.pagesjaunes.fr/annuaire/chercherlespros?quoiqui=LITTORAL+CUISINES+INDUSTRIELLES&ou=CARROS,https://www.societe.com/cgi-bin/search?champs=530793330,,,,20-49,PME,1,2,,448750,2024,15,2011-02-21,SAS,,1412,FR66530793330,active,530793330,53079333000024,33.20B,1ERE AVENUE - 3211 M ZONE INDUSTRIELLE 06510 CARROS,43.791056371,7.2072039495,,,,CABINET TRINTIGNAC &  ASSOCIES (Commissaire aux comptes titulaire); HELINE (Président de SAS),non,oui,2026-08-03,sirene,CARROS
M T M S,C,25,a contacter,,,,,,,,,,,,maintenance,Reparation d'equipements electriques,LES PENNES-MIRABEAU,13170,13,,,,JEROME PIERRE ESTEVE,Gérant,effectif+10|categorie+5|anciennete+5|dirigeant+5,https://www.pappers.fr/entreprise/528750136,https://annuaire-entreprises.data.gouv.fr/entreprise/528750136,"https://www.google.com/maps?q=43.412032131,5.3258558666",https://www.google.com/search?q=M+T+M+S+LES+PENNES-MIRABEAU,https://www.linkedin.com/search/results/companies/?keywords=M+T+M+S,https://www.pagesjaunes.fr/annuaire/chercherlespros?quoiqui=M+T+M+S&ou=LES+PENNES-MIRABEAU,https://www.societe.com/cgi-bin/search?champs=528750136,,,,10-19,PME,1,1,,206304,2024,16,2010-12-02,SARL,,"0650, 3248",FR11528750136,active,528750136,52875013600012,33.14Z,285 AVENUE DU PLAN DE CAMPAGNE 13170 LES PENNES-MIRABEAU,43.412032131,5.3258558666,,,,,non,oui,2026-08-05,sirene,LES PENNES-MIRABEAU
M.B.F,C,25,a contacter,,,,,,,,,,,,maintenance,Installation de machines et equipements mecaniques,ANTIBES,06600,06,,,,EMMANUEL BELLOFATTO,Gérant,effectif+10|categorie+5|anciennete+5|dirigeant+5,https://www.pappers.fr/entreprise/807411442,https://annuaire-entreprises.data.gouv.fr/entreprise/807411442,"https://www.google.com/maps?q=43.582415034,7.1239009445",https://www.google.com/search?q=M.B.F+ANTIBES,https://www.linkedin.com/search/results/companies/?keywords=M.B.F,https://www.pagesjaunes.fr/annuaire/chercherlespros?quoiqui=M.B.F&ou=ANTIBES,https://www.societe.com/cgi-bin/search?champs=807411442,,,,10-19,PME,1,3,,52673,2023,12,2014-10-20,SARL,,,FR02807411442,active,807411442,80741144200039,33.20B,LES BEAUX JOURS 26 RUE LACAN 06600 ANTIBES,43.582415034,7.1239009445,,,,,non,oui,2026-08-03,sirene,ANTIBES
MAINTENANCE DE NORMANDIE SERVICES PRESSES,C,25,a contacter,,,,,,,,,,,,maintenance,Reparation de machines et equipements mecaniques,LAMBLORE,28340,28,,,,STEPHANE ARTRU (ARTRU),Directeur Général,effectif+10|categorie+5|anciennete+5|dirigeant+5,https://www.pappers.fr/entreprise/522719020,https://annuaire-entreprises.data.gouv.fr/entreprise/522719020,"https://www.google.com/maps?q=48.617774981,0.9009639526",https://www.google.com/search?q=MAINTENANCE+DE+NORMANDIE+SERVICES+PRESSES+LAMBLORE,https://www.linkedin.com/search/results/companies/?keywords=MAINTENANCE+DE+NORMANDIE+SERVICES+PRESSES,https://www.pagesjaunes.fr/annuaire/chercherlespros?quoiqui=MAINTENANCE+DE+NORMANDIE+SERVICES+PRESSES&ou=LAMBLORE,https://www.societe.com/cgi-bin/search?champs=522719020,,,,10-19,PME,1,3,,-80659,2024,16,2010-05-14,SAS,,3248,FR73522719020,active,522719020,52271902000037,33.12Z,PARC ACTIVITES DES BOISSELIERES 28340 LAMBLORE,48.617774981,0.9009639526,,,,ARNAUD MONSERE (Président de SAS); ARNAUD EMILE EMMANUEL MONSERE (MONSERE) (Président de SAS),non,oui,2026-08-08,sirene,LAMBLORE
MAN INDUSTRIE,C,25,a contacter,,,,,,,,,,,,maintenance,Reparation de machines et equipements mecaniques,FOS-SUR-MER,13270,13,,,,VINCENT ASCIUTTO,Président de SAS,effectif+10|categorie+5|anciennete+5|dirigeant+5,https://www.pappers.fr/entreprise/752294561,https://annuaire-entreprises.data.gouv.fr/entreprise/752294561,"https://www.google.com/maps?q=43.452988282,4.9285395853",https://www.google.com/search?q=MAN+INDUSTRIE+FOS-SUR-MER,https://www.linkedin.com/search/results/companies/?keywords=MAN+INDUSTRIE,https://www.pagesjaunes.fr/annuaire/chercherlespros?quoiqui=MAN+INDUSTRIE&ou=FOS-SUR-MER,https://www.societe.com/cgi-bin/search?champs=752294561,,,,10-19,PME,1,3,,15171,2024,14,2012-06-01,SAS,,"3248, 9999",FR21752294561,active,752294561,75229456100036,33.12Z,ZI DU GUIGONNET 120 CHEMIN DE LA SONDE 13270 FOS-SUR-MER,43.452988282,4.9285395853,,,,FREDERIC NARDELLA (Directeur Général),non,oui,2026-08-05,sirene,FOS-SUR-MER
MARELEC ELECTRONICS NAVIGATION,C,25,a contacter,,,,,,,,,,,,maintenance,"Installation d'equipements electriques, de materiels electroniques et optiques ou d'autres materiels",SAINT-VAAST-LA-HOUGUE,50550,50,,,,JACQUES PATRICK FAILLY,Gérant,effectif+10|categorie+5|anciennete+5|dirigeant+5,https://www.pappers.fr/entreprise/444563969,https://annuaire-entreprises.data.gouv.fr/entreprise/444563969,"https://www.google.com/maps?q=49.586693714,-1.26662482",https://www.google.com/search?q=MARELEC+ELECTRONICS+NAVIGATION+SAINT-VAAST-LA-HOUGUE,https://www.linkedin.com/search/results/companies/?keywords=MARELEC+ELECTRONICS+NAVIGATION,https://www.pagesjaunes.fr/annuaire/chercherlespros?quoiqui=MARELEC+ELECTRONICS+NAVIGATION&ou=SAINT-VAAST-LA-HOUGUE,https://www.societe.com/cgi-bin/search?champs=444563969,,,,10-19,PME,1,3,,76149,2023,23,2003-01-01,SARL,,,FR22444563969,active,444563969,44456396900013,33.20D,16 RUE MARECHAL FOCH 50550 SAINT-VAAST-LA-HOUGUE,49.586693714,-1.26662482,,,,LIONNEL JEAN-MARIE RENE MESNIL (MESNIL) (Gérant),non,oui,2026-08-06,sirene,SAINT-VAAST-LA-HOUGUE
MATAVICOL 22,C,25,a contacter,,,,,,,,,,,,maintenance,Installation de machines et equipements mecaniques,ROSTRENEN,22110,22,,,,JEAN-LUC GILOT,Gérant,effectif+10|categorie+5|anciennete+5|dirigeant+5,https://www.pappers.fr/entreprise/440928927,https://annuaire-entreprises.data.gouv.fr/entreprise/440928927,"https://www.google.com/maps?q=48.251627312,-3.303049377",https://www.google.com/search?q=MATAVICOL+22+ROSTRENEN,https://www.linkedin.com/search/results/companies/?keywords=MATAVICOL+22,https://www.pagesjaunes.fr/annuaire/chercherlespros?quoiqui=MATAVICOL+22&ou=ROSTRENEN,https://www.societe.com/cgi-bin/search?champs=440928927,,,,10-19,PME,1,1,,-90443,2024,24,2002-02-01,SARL,,1404,FR24440928927,active,440928927,44092892700019,33.20B,AR WAREMM VRAS 22110 ROSTRENEN,48.251627312,-3.303049377,,,,,non,oui,2026-08-07,sirene,ROSTRENEN
MODUL'STRUCTURE,C,25,a contacter,,,,,,,,,,,,maintenance,"Installation d'equipements electriques, de materiels electroniques et optiques ou d'autres materiels",GARDANNE,13120,13,,,,REMY PIERRE LOUIS FEBVRE,Président de SAS,effectif+10|categorie+5|anciennete+5|dirigeant+5,https://www.pappers.fr/entreprise/811593599,https://annuaire-entreprises.data.gouv.fr/entreprise/811593599,"https://www.google.com/maps?q=43.452263371,5.4508314866",https://www.google.com/search?q=MODUL%27STRUCTURE+GARDANNE,https://www.linkedin.com/search/results/companies/?keywords=MODUL%27STRUCTURE,https://www.pagesjaunes.fr/annuaire/chercherlespros?quoiqui=MODUL%27STRUCTURE&ou=GARDANNE,https://www.societe.com/cgi-bin/search?champs=811593599,,,,10-19,PME,1,3,,6720,2024,11,2015-05-15,SAS,,3248,FR08811593599,active,811593599,81159359900038,33.20D,"POLE Y MORANDAT, 22 1480 AVENUE D'ARMENIE 13120 GARDANNE",43.452263371,5.4508314866,,,,,non,oui,2026-08-05,sirene,GARDANNE
NICOLAS CLOTURE ET FILS,C,25,a contacter,,,,,,,,,,,,maintenance,Autres travaux d'installation n.c.a.,PUYMOYEN,16400,16,,,,LAURENT NICOLAS (NICOLAS),Gérant,effectif+10|categorie+5|anciennete+5|dirigeant+5,https://www.pappers.fr/entreprise/440205573,https://annuaire-entreprises.data.gouv.fr/entreprise/440205573,"https://www.google.com/maps?q=45.624995432,0.1621812471",https://www.google.com/search?q=NICOLAS+CLOTURE+ET+FILS+PUYMOYEN,https://www.linkedin.com/search/results/companies/?keywords=NICOLAS+CLOTURE+ET+FILS,https://www.pagesjaunes.fr/annuaire/chercherlespros?quoiqui=NICOLAS+CLOTURE+ET+FILS&ou=PUYMOYEN,https://www.societe.com/cgi-bin/search?champs=440205573,,,,10-19,PME,1,1,,17053,2024,25,2001-12-17,SARL,,"2614, 1702",FR46440205573,active,440205573,44020557300015,43.29B,9 ZONE ARTISANALE LES BRANDEAUX 16400 PUYMOYEN,45.624995432,0.1621812471,,,,LAURENT FRANCOIS NICOLAS (Gérant),non,oui,2026-08-06,sirene,PUYMOYEN
PESAGE MIDI PYRENEES,C,25,a contacter,,,,,,,,,,,,maintenance,Reparation de machines et equipements mecaniques,CASTANET-TOLOSAN,31320,31,,,,PMP FINANCE,Directeur Général,effectif+10|categorie+5|anciennete+5|dirigeant+5,https://www.pappers.fr/entreprise/343508636,https://annuaire-entreprises.data.gouv.fr/entreprise/343508636,"https://www.google.com/maps?q=43.519748372,1.5122902695",https://www.google.com/search?q=PESAGE+MIDI+PYRENEES+CASTANET-TOLOSAN,https://www.linkedin.com/search/results/companies/?keywords=PESAGE+MIDI+PYRENEES,https://www.pagesjaunes.fr/annuaire/chercherlespros?quoiqui=PESAGE+MIDI+PYRENEES&ou=CASTANET-TOLOSAN,https://www.societe.com/cgi-bin/search?champs=343508636,,,,10-19,PME,1,3,,390698,2024,38,1988-01-12,SAS,,3248,FR54343508636,active,343508636,34350863600036,33.12Z,44 AVENUE JEAN MOULIN 31320 CASTANET-TOLOSAN,43.519748372,1.5122902695,,,,ZYGISMA (Président de SAS),non,oui,2026-08-09,sirene,CASTANET-TOLOSAN
POMPAGE RHONE-ALPES,C,25,a contacter,,,,,,,,,,,,maintenance,Installation de machines et equipements mecaniques,LE POUZIN,07250,07,,,,JEAN-PHILIPPE CLAUDE LAURENT,Directeur Général,effectif+10|categorie+5|anciennete+5|dirigeant+5,https://www.pappers.fr/entreprise/341529717,https://annuaire-entreprises.data.gouv.fr/entreprise/341529717,"https://www.google.com/maps?q=44.754942081,4.7583312632",https://www.google.com/search?q=POMPAGE+RHONE-ALPES+LE+POUZIN,https://www.linkedin.com/search/results/companies/?keywords=POMPAGE+RHONE-ALPES,https://www.pagesjaunes.fr/annuaire/chercherlespros?quoiqui=POMPAGE+RHONE-ALPES&ou=LE+POUZIN,https://www.societe.com/cgi-bin/search?champs=341529717,,,,10-19,ETI,1,4,,286067,2023,39,1987-05-07,SAS,,"2614, 3212, 1702",FR85341529717,active,341529717,34152971700041,33.20B,3 ZONE INDUSTRIELLE RHONE-VALLEE NORD 07250 LE POUZIN,44.754942081,4.7583312632,,,,PAUL MICHEL SERGE RAMPA (Président de SAS); SCP GABON-FARGIER-BOUTON-DREVETON (Commissaire aux comptes titulaire); RAMPA ENTREPRISES (Directeur Général),non,oui,2026-08-01,sirene,LE POUZIN
PROD OPTIMA INDUSTRIES,C,25,a contacter,,,,,,,,,,,,maintenance,Reparation de machines et equipements mecaniques,ANAIS,16560,16,,,,APB INDUSTRIE,Président de SAS,effectif+10|categorie+5|anciennete+5|dirigeant+5,https://www.pappers.fr/entreprise/492582697,https://annuaire-entreprises.data.gouv.fr/entreprise/492582697,https://www.google.com/maps/search/?api=1&query=PROD+OPTIMA+INDUSTRIES+ANAIS,https://www.google.com/search?q=PROD+OPTIMA+INDUSTRIES+ANAIS,https://www.linkedin.com/search/results/companies/?keywords=PROD+OPTIMA+INDUSTRIES,https://www.pagesjaunes.fr/annuaire/chercherlespros?quoiqui=PROD+OPTIMA+INDUSTRIES&ou=ANAIS,https://www.societe.com/cgi-bin/search?champs=492582697,,,,20-49,PME,1,2,,60943,2024,20,2006-11-02,SAS,,2272,FR51492582697,active,492582697,49258269700024,33.12Z,LA TOUCHE ZA LA TOUCHE D'ANAIS 16560 ANAIS,,,,,,,non,oui,2026-08-06,sirene,ANAIS
QUARK REFRIGERATION,C,25,a contacter,,,,,,,,,,,,maintenance,Installation de machines et equipements mecaniques,PLOUFRAGAN,22440,22,,,,CLAUDE JEAN-FRANCOIS SCHANN (SCHANN),Gérant,effectif+10|categorie+5|anciennete+5|dirigeant+5,https://www.pappers.fr/entreprise/353698517,https://annuaire-entreprises.data.gouv.fr/entreprise/353698517,"https://www.google.com/maps?q=48.477937121,-2.797448521",https://www.google.com/search?q=QUARK+REFRIGERATION+PLOUFRAGAN,https://www.linkedin.com/search/results/companies/?keywords=QUARK+REFRIGERATION,https://www.pagesjaunes.fr/annuaire/chercherlespros?quoiqui=QUARK+REFRIGERATION&ou=PLOUFRAGAN,https://www.societe.com/cgi-bin/search?champs=353698517,,,,10-19,PME,1,3,,83929,2024,36,1990-02-01,SARL,,1412,FR50353698517,active,353698517,35369851700037,33.20B,27 RUE DU SABOT 22440 PLOUFRAGAN,48.477937121,-2.797448521,,,,,non,oui,2026-08-07,sirene,PLOUFRAGAN
R D S,C,25,a contacter,,,,,,,,,,,,maintenance,Autres travaux d'installation n.c.a.,BEYCHAC-ET-CAILLAU,33750,33,,,,LOIC FARI (FARI),Gérant,effectif+10|categorie+5|anciennete+5|dirigeant+5,https://www.pappers.fr/entreprise/492428099,https://annuaire-entreprises.data.gouv.fr/entreprise/492428099,"https://www.google.com/maps?q=44.872982624,-0.39577035",https://www.google.com/search?q=R+D+S+BEYCHAC-ET-CAILLAU,https://www.linkedin.com/search/results/companies/?keywords=R+D+S,https://www.pagesjaunes.fr/annuaire/chercherlespros?quoiqui=R+D+S&ou=BEYCHAC-ET-CAILLAU,https://www.societe.com/cgi-bin/search?champs=492428099,,,,20-49,PME,1,2,,147598,2024,20,2006-10-02,SARL,,3248,FR14492428099,active,492428099,49242809900021,43.29B,ZA PASQUINA LOT 3 33750 BEYCHAC-ET-CAILLAU,44.872982624,-0.39577035,,,,,non,oui,2026-08-10,sirene,BEYCHAC-ET-CAILLAU
ROBIN JANODET,C,25,a contacter,,,,,,,,,,,,maintenance,Reparation de machines et equipements mecaniques,BAGE-DOMMARTIN,01380,01,,,,ASSISTANCE INDUSTRIE SERVICES EN ABREGE A.I.S.,Président de SAS,effectif+10|categorie+5|anciennete+5|dirigeant+5,https://www.pappers.fr/entreprise/437527880,https://annuaire-entreprises.data.gouv.fr/entreprise/437527880,"https://www.google.com/maps?q=46.32449994,4.9343979016",https://www.google.com/search?q=ROBIN+JANODET+BAGE-DOMMARTIN,https://www.linkedin.com/search/results/companies/?keywords=ROBIN+JANODET,https://www.pagesjaunes.fr/annuaire/chercherlespros?quoiqui=ROBIN+JANODET&ou=BAGE-DOMMARTIN,https://www.societe.com/cgi-bin/search?champs=437527880,,,,10-19,PME,1,3,,82993,2024,25,2001-04-09,SAS,,3248,FR22437527880,active,437527880,43752788000037,33.12Z,LIEU DIT LE CORRIDOR BAGE LA VILLE 1193 RTE DE PONT DE VAUX 01380 BAGE-DOMMARTIN,46.32449994,4.9343979016,,,,ASSISTANCE INDUSTRIE SERVICES (Président de SAS),non,oui,2026-08-01,sirene,BAGE-DOMMARTIN
S A E T-ANCIENS ETS TESSIER,C,25,a contacter,,,,,,,,,,,,maintenance,Reparation d'equipements electriques,SAINT-DOULCHARD,18230,18,,,,LUVICA,Président de SAS,effectif+10|categorie+5|anciennete+5|dirigeant+5,https://www.pappers.fr/entreprise/325493492,https://annuaire-entreprises.data.gouv.fr/entreprise/325493492,"https://www.google.com/maps?q=47.105209425,2.3903163092",https://www.google.com/search?q=S+A+E+T-ANCIENS+ETS+TESSIER+SAINT-DOULCHARD,https://www.linkedin.com/search/results/companies/?keywords=S+A+E+T-ANCIENS+ETS+TESSIER,https://www.pagesjaunes.fr/annuaire/chercherlespros?quoiqui=S+A+E+T-ANCIENS+ETS+TESSIER&ou=SAINT-DOULCHARD,https://www.societe.com/cgi-bin/search?champs=325493492,,,,10-19,PME,1,2,,22835,2024,44,1982-09-30,SAS,,3248,FR15325493492,active,325493492,32549349200012,33.14Z,ZI DE MALITORNE RUE ANDRE CHARLES BOULLE 18230 SAINT-DOULCHARD,47.105209425,2.3903163092,,,,,non,oui,2026-08-06,sirene,SAINT-DOULCHARD
SARI MAINTENANCE,C,25,a contacter,,,,,,,,,,,,maintenance,Reparation de machines et equipements mecaniques,TERRASSON-LAVILLEDIEU,24120,24,,,,SINAN SARI (SARI),Gérant,effectif+10|categorie+5|anciennete+5|dirigeant+5,https://www.pappers.fr/entreprise/509776860,https://annuaire-entreprises.data.gouv.fr/entreprise/509776860,"https://www.google.com/maps?q=45.135582929,1.296591595",https://www.google.com/search?q=SARI+MAINTENANCE+TERRASSON-LAVILLEDIEU,https://www.linkedin.com/search/results/companies/?keywords=SARI+MAINTENANCE,https://www.pagesjaunes.fr/annuaire/chercherlespros?quoiqui=SARI+MAINTENANCE&ou=TERRASSON-LAVILLEDIEU,https://www.societe.com/cgi-bin/search?champs=509776860,,,,10-19,PME,1,1,,57514,2022,18,2008-12-01,SARL,,3248,FR74509776860,active,509776860,50977686000017,33.12Z,3 RUE GABRIEL PERI 24120 TERRASSON-LAVILLEDIEU,45.135582929,1.296591595,,,,,non,oui,2026-08-07,sirene,TERRASSON-LAVILLEDIEU
SARL DESGRANGES,C,25,a contacter,,,,,,,,,,,,maintenance,Installation de machines et equipements mecaniques,TAIN-L'HERMITAGE,26600,26,,,,GILLES DESGRANGES (DESGRANGES),Gérant,effectif+10|categorie+5|anciennete+5|dirigeant+5,https://www.pappers.fr/entreprise/347547929,https://annuaire-entreprises.data.gouv.fr/entreprise/347547929,"https://www.google.com/maps?q=45.065467525,4.865448973",https://www.google.com/search?q=SARL+DESGRANGES+TAIN-L%27HERMITAGE,https://www.linkedin.com/search/results/companies/?keywords=SARL+DESGRANGES,https://www.pagesjaunes.fr/annuaire/chercherlespros?quoiqui=SARL+DESGRANGES&ou=TAIN-L%27HERMITAGE,https://www.societe.com/cgi-bin/search?champs=347547929,,,,10-19,PME,1,2,,269198,2025,38,1988-06-04,SARL,,3248,FR14347547929,active,347547929,34754792900021,33.20B,1535 CHEMIN DES LEVEES 26600 TAIN-L'HERMITAGE,45.065467525,4.865448973,,,,,non,oui,2026-08-07,sirene,TAIN-L'HERMITAGE
SARL DYNAMIQUE ASCENSEUR,C,25,a contacter,,,,,,,,,,,,maintenance,Autres travaux d'installation n.c.a.,NICE,06300,06,,,,CEZAR MIHAI ILIE,Gérant,effectif+10|categorie+5|anciennete+5|dirigeant+5,https://www.pappers.fr/entreprise/908436892,https://annuaire-entreprises.data.gouv.fr/entreprise/908436892,"https://www.google.com/maps?q=43.700858224,7.2870472682",https://www.google.com/search?q=SARL+DYNAMIQUE+ASCENSEUR+NICE,https://www.linkedin.com/search/results/companies/?keywords=SARL+DYNAMIQUE+ASCENSEUR,https://www.pagesjaunes.fr/annuaire/chercherlespros?quoiqui=SARL+DYNAMIQUE+ASCENSEUR&ou=NICE,https://www.societe.com/cgi-bin/search?champs=908436892,,,,10-19,PME,1,1,,,2023,5,2021-12-13,SARL,,3248,FR46908436892,active,908436892,90843689200016,43.29B,C/O ELIA FRANCE 37 RUE BARLA 06300 NICE,43.700858224,7.2870472682,,,,CEZAR-MIHAI ILIE (Gérant),non,oui,2026-08-03,sirene,NICE
SARL FROID TRAITE PLOMBERIE ELECTRICITE,C,25,a contacter,,,,,,,,,,,,maintenance,Reparation de machines et equipements mecaniques,MARSAC-SUR-L'ISLE,24430,24,,,,HUGUES ANDRE MAURICE MENIER (MENIER),Gérant,effectif+10|categorie+5|anciennete+5|dirigeant+5,https://www.pappers.fr/entreprise/520920430,https://annuaire-entreprises.data.gouv.fr/entreprise/520920430,"https://www.google.com/maps?q=45.198013066,0.6637198119",https://www.google.com/search?q=SARL+FROID+TRAITE+PLOMBERIE+ELECTRICITE+MARSAC-SUR-L%27ISLE,https://www.linkedin.com/search/results/companies/?keywords=SARL+FROID+TRAITE+PLOMBERIE+ELECTRICITE,https://www.pagesjaunes.fr/annuaire/chercherlespros?quoiqui=SARL+FROID+TRAITE+PLOMBERIE+ELECTRICITE&ou=MARSAC-SUR-L%27ISLE,https://www.societe.com/cgi-bin/search?champs=520920430,,,,10-19,PME,1,2,,66933,2025,16,2010-04-01,SARL,,3248,FR25520920430,active,520920430,52092043000029,33.12Z,SALTGOURDE 24430 MARSAC-SUR-L'ISLE,45.198013066,0.6637198119,,,,,non,oui,2026-08-07,sirene,MARSAC-SUR-L'ISLE
SARL V.G.M.,C,25,a contacter,,,,,,,,,,,,maintenance,Installation de machines et equipements mecaniques,LA LOUBIERE,12740,12,,,,VERONIQUE GAYRAUD (AYRINHAC),Gérant,effectif+10|categorie+5|anciennete+5|dirigeant+5,https://www.pappers.fr/entreprise/352196455,https://annuaire-entreprises.data.gouv.fr/entreprise/352196455,"https://www.google.com/maps?q=44.412036432,2.6412510516",https://www.google.com/search?q=SARL+V.G.M.+LA+LOUBIERE,https://www.linkedin.com/search/results/companies/?keywords=SARL+V.G.M.,https://www.pagesjaunes.fr/annuaire/chercherlespros?quoiqui=SARL+V.G.M.&ou=LA+LOUBIERE,https://www.societe.com/cgi-bin/search?champs=352196455,,,,10-19,PME,1,2,,383961,2024,37,1989-10-01,SAS,,1412,FR96352196455,active,352196455,35219645500021,33.20B,Z.A. DE LIOUJAS LA DEVEZE GRANDE 12740 LA LOUBIERE,44.412036432,2.6412510516,,,,VERONIQUE ANNE-MARIE GAYRAUD (AYRINHAC) (Gérant); VGH HOLDING (Président de SAS),non,oui,2026-08-04,sirene,LA LOUBIERE
SAS 3A,C,25,a contacter,,,,,,,,,,,,maintenance,Autres travaux d'installation n.c.a.,NICE,06200,06,,,,CÉPHÉE,Président de SAS,effectif+10|categorie+5|anciennete+5|dirigeant+5,https://www.pappers.fr/entreprise/531755114,https://annuaire-entreprises.data.gouv.fr/entreprise/531755114,"https://www.google.com/maps?q=43.7165949173862,7.19817569008542",https://www.google.com/search?q=SAS+3A+NICE,https://www.linkedin.com/search/results/companies/?keywords=SAS+3A,https://www.pagesjaunes.fr/annuaire/chercherlespros?quoiqui=SAS+3A&ou=NICE,https://www.societe.com/cgi-bin/search?champs=531755114,,,,10-19,PME,1,2,,97890,2024,15,2011-04-01,SAS,,3248,FR56531755114,active,531755114,53175511400026,43.29B,205 CHEMIN DE CREMAT 06200 NICE,43.7165949173862,7.19817569008542,,,,,non,oui,2026-08-03,sirene,NICE
SAS YOANN GUILLORY,C,25,a contacter,,,,,,,,,,,,maintenance,Reparation de machines et equipements mecaniques,LOUDEAC,22600,22,,,,YOANN GUILLORY (GUILLORY),Gérant,effectif+10|categorie+5|anciennete+5|dirigeant+5,https://www.pappers.fr/entreprise/794673459,https://annuaire-entreprises.data.gouv.fr/entreprise/794673459,"https://www.google.com/maps?q=48.157868038,-2.756160003",https://www.google.com/search?q=SAS+YOANN+GUILLORY+LOUDEAC,https://www.linkedin.com/search/results/companies/?keywords=SAS+YOANN+GUILLORY,https://www.pagesjaunes.fr/annuaire/chercherlespros?quoiqui=SAS+YOANN+GUILLORY&ou=LOUDEAC,https://www.societe.com/cgi-bin/search?champs=794673459,,,,10-19,PME,1,1,,87835,2024,13,2013-07-27,SAS,,1404,FR76794673459,active,794673459,79467345900010,33.12Z,RTE DE PONTIVY 73 RUE ARTHUR ENAUD 22600 LOUDEAC,48.157868038,-2.756160003,,,,GH INVEST (Président de SAS),non,oui,2026-08-07,sirene,LOUDEAC
SENSORYS - MP2A,C,25,a contacter,,,,,,,,,,,,maintenance,Installation de machines et equipements mecaniques,EVREUX,27000,27,,,,PHILIPPE DAGORN,Commissaire aux comptes titulaire,effectif+10|categorie+5|anciennete+5|dirigeant+5,https://www.pappers.fr/entreprise/480179571,https://annuaire-entreprises.data.gouv.fr/entreprise/480179571,"https://www.google.com/maps?q=49.000427077,1.145034265",https://www.google.com/search?q=SENSORYS+-+MP2A+EVREUX,https://www.linkedin.com/search/results/companies/?keywords=SENSORYS+-+MP2A,https://www.pagesjaunes.fr/annuaire/chercherlespros?quoiqui=SENSORYS+-+MP2A&ou=EVREUX,https://www.societe.com/cgi-bin/search?champs=480179571,,,,10-19,PME,1,5,,60516,2024,21,2005-01-02,SAS,,9999,FR67480179571,active,480179571,48017957100058,33.20B,152 RUE DU GENERAL DE LANGLE DE CARY 27000 EVREUX,49.000427077,1.145034265,,,,PHILIPPE MENINGER (Commissaire aux comptes suppléant); PIERRE RENE PAUL PAGES (Président de SAS),non,oui,2026-08-08,sirene,EVREUX
SFERE BM SERVICES,C,25,a contacter,,,,,,,,,,,,maintenance,Installation de machines et equipements mecaniques,REVEL,31250,31,,,,CHRISTOPHE NICOLAS BERNARD MAYNADIER,Gérant,effectif+10|categorie+5|anciennete+5|dirigeant+5,https://www.pappers.fr/entreprise/328971379,https://annuaire-entreprises.data.gouv.fr/entreprise/328971379,"https://www.google.com/maps?q=43.459016247,1.9829116934",https://www.google.com/search?q=SFERE+BM+SERVICES+REVEL,https://www.linkedin.com/search/results/companies/?keywords=SFERE+BM+SERVICES,https://www.pagesjaunes.fr/annuaire/chercherlespros?quoiqui=SFERE+BM+SERVICES&ou=REVEL,https://www.societe.com/cgi-bin/search?champs=328971379,,,,10-19,PME,1,4,,31816,2024,42,1984-01-17,SARL,,3248,FR65328971379,active,328971379,32897137900057,33.20B,ZI DE LA POMME 31250 REVEL,43.459016247,1.9829116934,,,,,non,oui,2026-08-09,sirene,REVEL
SN - PR - REFRIGERATION,C,25,a contacter,,,,,,,,,,,,maintenance,Installation de machines et equipements mecaniques,LES PENNES MIRABEAU,13170,13,,,,PASCAL TROJANI,Président de SAS,effectif+10|categorie+5|anciennete+5|dirigeant+5,https://www.pappers.fr/entreprise/832985402,https://annuaire-entreprises.data.gouv.fr/entreprise/832985402,"https://www.google.com/maps?q=43.40904197,5.2880560798",https://www.google.com/search?q=SN+-+PR+-+REFRIGERATION+LES+PENNES+MIRABEAU,https://www.linkedin.com/search/results/companies/?keywords=SN+-+PR+-+REFRIGERATION,https://www.pagesjaunes.fr/annuaire/chercherlespros?quoiqui=SN+-+PR+-+REFRIGERATION&ou=LES+PENNES+MIRABEAU,https://www.societe.com/cgi-bin/search?champs=832985402,,,,10-19,ETI,1,1,,87990,2024,9,2017-10-30,SAS,,1412,FR23832985402,active,832985402,83298540200011,33.20B,ZA LES JONQUIERS 13170 LES PENNES MIRABEAU,43.40904197,5.2880560798,,,,,non,oui,2026-08-05,sirene,LES PENNES MIRABEAU
SOC ENTRETIEN REPARATION MATERIEL,C,25,a contacter,,,,,,,,,,,,maintenance,Installation de machines et equipements mecaniques,LAMPAUL-GUIMILIAU,29400,29,,,,LIONEL SCANFF,Président de SAS,effectif+10|categorie+5|anciennete+5|dirigeant+5,https://www.pappers.fr/entreprise/347405045,https://annuaire-entreprises.data.gouv.fr/entreprise/347405045,"https://www.google.com/maps?q=48.492140401,-4.047548897",https://www.google.com/search?q=SOC+ENTRETIEN+REPARATION+MATERIEL+LAMPAUL-GUIMILIAU,https://www.linkedin.com/search/results/companies/?keywords=SOC+ENTRETIEN+REPARATION+MATERIEL,https://www.pagesjaunes.fr/annuaire/chercherlespros?quoiqui=SOC+ENTRETIEN+REPARATION+MATERIEL&ou=LAMPAUL-GUIMILIAU,https://www.societe.com/cgi-bin/search?champs=347405045,,,,20-49,PME,1,1,,26674,2024,38,1988-07-01,SAS,,3248,FR05347405045,active,347405045,34740504500019,33.20B,RUE DE LA TANNERIE 29400 LAMPAUL-GUIMILIAU,48.492140401,-4.047548897,,,,,non,oui,2026-08-08,sirene,LAMPAUL-GUIMILIAU
SOC EXPLOITATION ETS BERTOLOTTI,C,25,a contacter,,,,,,,,,,,,maintenance,Installation de machines et equipements mecaniques,CANEJAN,33610,33,,,,FINANCIERE BERTOLOTTI,Président de SAS,effectif+10|categorie+5|anciennete+5|dirigeant+5,https://www.pappers.fr/entreprise/399615350,https://annuaire-entreprises.data.gouv.fr/entreprise/399615350,"https://www.google.com/maps?q=44.77055821,-0.658224715",https://www.google.com/search?q=SOC+EXPLOITATION+ETS+BERTOLOTTI+CANEJAN,https://www.linkedin.com/search/results/companies/?keywords=SOC+EXPLOITATION+ETS+BERTOLOTTI,https://www.pagesjaunes.fr/annuaire/chercherlespros?quoiqui=SOC+EXPLOITATION+ETS+BERTOLOTTI&ou=CANEJAN,https://www.societe.com/cgi-bin/search?champs=399615350,,,,10-19,PME,1,2,,313745,2024,32,1994-12-31,SAS,,1597,FR73399615350,active,399615350,39961535000028,33.20B,10 IMPASSE GRANET 33610 CANEJAN,44.77055821,-0.658224715,,,,,non,oui,2026-08-10,sirene,CANEJAN
SOC SERRURERIE BOBINAGE ELECTROMECANIQUE,C,25,a contacter,,,,,,,,,,,,maintenance,Reparation de machines et equipements mecaniques,LONGEAULT-PLUVAULT,21110,21,,,,DAVID CHARLUT,Gérant,effectif+10|categorie+5|anciennete+5|dirigeant+5,https://www.pappers.fr/entreprise/317962934,https://annuaire-entreprises.data.gouv.fr/entreprise/317962934,"https://www.google.com/maps?q=47.223615197,5.2443462652",https://www.google.com/search?q=SOC+SERRURERIE+BOBINAGE+ELECTROMECANIQUE+LONGEAULT-PLUVAULT,https://www.linkedin.com/search/results/companies/?keywords=SOC+SERRURERIE+BOBINAGE+ELECTROMECANIQUE,https://www.pagesjaunes.fr/annuaire/chercherlespros?quoiqui=SOC+SERRURERIE+BOBINAGE+ELECTROMECANIQUE&ou=LONGEAULT-PLUVAULT,https://www.societe.com/cgi-bin/search?champs=317962934,,,,20-49,PME,1,2,,133581,2024,46,1980-01-01,SARL,,3248,FR29317962934,active,317962934,31796293400020,33.12Z,3 RTE N 5 21110 LONGEAULT-PLUVAULT,47.223615197,5.2443462652,,,,JOHAN CHARLUT (Gérant); VINCENT CHARLUT (Gérant); FIDUCIAIRE DE FRANCHE-COMTE (Gérant),non,oui,2026-08-07,sirene,LONGEAULT-PLUVAULT
SOCIETE D'EQUIPEMENT DE BLANCHISSERIES INDUSTRIELLES,C,25,a contacter,,,,,,,,,,,,maintenance,Installation de machines et equipements mecaniques,SAINT-AUBIN-SUR-GAILLON,27600,27,,,,PASCAL LUCAS (LUCAS),Directeur Général,effectif+10|categorie+5|anciennete+5|dirigeant+5,https://www.pappers.fr/entreprise/323824748,https://annuaire-entreprises.data.gouv.fr/entreprise/323824748,"https://www.google.com/maps?q=49.1420014104396,1.30807065762526",https://www.google.com/search?q=SOCIETE+D%27EQUIPEMENT+DE+BLANCHISSERIES+INDUSTRIELLES+SAINT-AUBIN-SUR-GAILLON,https://www.linkedin.com/search/results/companies/?keywords=SOCIETE+D%27EQUIPEMENT+DE+BLANCHISSERIES+INDUSTRIELLES,https://www.pagesjaunes.fr/annuaire/chercherlespros?quoiqui=SOCIETE+D%27EQUIPEMENT+DE+BLANCHISSERIES+INDUSTRIELLES&ou=SAINT-AUBIN-SUR-GAILLON,https://www.societe.com/cgi-bin/search?champs=323824748,,,,20-49,PME,1,3,,,,44,1982-01-01,SAS,,0573,FR50323824748,active,323824748,32382474800053,33.20B,ZAC DES CHAMPS CHOUETTE RUE DU BOIS DE SAINT PAUL 27600 SAINT-AUBIN-SUR-GAILLON,49.1420014104396,1.30807065762526,,,,HERMESIANE (Commissaire aux comptes titulaire); SEBINVEST (Président de SAS),non,oui,2026-08-08,sirene,SAINT-AUBIN-SUR-GAILLON
SOCIETE D'EXPLOITATION DES ETABLISSEMENTS TEISSONNIERE,C,25,a contacter,,,,,,,,,,,,maintenance,Installation de machines et equipements mecaniques,NIMES,30900,30,,,,BERNARD ABRAX,Président de SAS,effectif+10|categorie+5|anciennete+5|dirigeant+5,https://www.pappers.fr/entreprise/440936292,https://annuaire-entreprises.data.gouv.fr/entreprise/440936292,"https://www.google.com/maps?q=43.813265518,4.3735063508",https://www.google.com/search?q=SOCIETE+D%27EXPLOITATION+DES+ETABLISSEMENTS+TEISSONNIERE+NIMES,https://www.linkedin.com/search/results/companies/?keywords=SOCIETE+D%27EXPLOITATION+DES+ETABLISSEMENTS+TEISSONNIERE,https://www.pagesjaunes.fr/annuaire/chercherlespros?quoiqui=SOCIETE+D%27EXPLOITATION+DES+ETABLISSEMENTS+TEISSONNIERE&ou=NIMES,https://www.societe.com/cgi-bin/search?champs=440936292,,,,10-19,PME,1,2,,141000,2024,24,2002-01-10,SAS,,1412,FR03440936292,active,440936292,44093629200026,33.20B,ZAC MAS DES ABEILLES 528 RUE MAURICE SCHUMANN 30900 NIMES,43.813265518,4.3735063508,,,,,non,oui,2026-08-08,sirene,NIMES
SOCIETE DE MAINTENANCE INDUSTRIELLE ET DE TRAVAUX EN HAUTEUR,C,25,a contacter,,,,,,,,,,,,maintenance,Reparation de machines et equipements mecaniques,LA BROUSSE,17160,17,,,,FABRICE DAYRON,Président de SAS,effectif+10|categorie+5|anciennete+5|dirigeant+5,https://www.pappers.fr/entreprise/519872394,https://annuaire-entreprises.data.gouv.fr/entreprise/519872394,"https://www.google.com/maps?q=45.877837247,-0.35887948",https://www.google.com/search?q=SOCIETE+DE+MAINTENANCE+INDUSTRIELLE+ET+DE+TRAVAUX+EN+HAUTEUR+LA+BROUSSE,https://www.linkedin.com/search/results/companies/?keywords=SOCIETE+DE+MAINTENANCE+INDUSTRIELLE+ET+DE+TRAVAUX+EN+HAUTEUR,https://www.pagesjaunes.fr/annuaire/chercherlespros?quoiqui=SOCIETE+DE+MAINTENANCE+INDUSTRIELLE+ET+DE+TRAVAUX+EN+HAUTEUR&ou=LA+BROUSSE,https://www.societe.com/cgi-bin/search?champs=519872394,,,,10-19,PME,1,3,,688288,2024,16,2010-01-26,SAS,,3248,FR75519872394,active,519872394,51987239400035,33.12Z,40 RUE DE SAINT JEAN 17160 LA BROUSSE,45.877837247,-0.35887948,,,,KATZ (Président),non,oui,2026-08-06,sirene,LA BROUSSE
SOCIETE ENTRETIEN MOTEURS INDUSTRIELS ET MARINS - ETABLISSEMENTS DIEUDONNE,C,25,a contacter,,,,,,,,,,,,maintenance,Reparation de machines et equipements mecaniques,CONCARNEAU,29900,29,,,,HOLDING GROUPE DIEUDONNE,Président de SAS,effectif+10|categorie+5|anciennete+5|dirigeant+5,https://www.pappers.fr/entreprise/375977451,https://annuaire-entreprises.data.gouv.fr/entreprise/375977451,"https://www.google.com/maps?q=47.875592511,-3.902609737",https://www.google.com/search?q=SOCIETE+ENTRETIEN+MOTEURS+INDUSTRIELS+ET+MARINS+-+ETABLISSEMENTS+DIEUDONNE+CONCARNEAU,https://www.linkedin.com/search/results/companies/?keywords=SOCIETE+ENTRETIEN+MOTEURS+INDUSTRIELS+ET+MARINS+-+ETABLISSEMENTS+DIEUDONNE,https://www.pagesjaunes.fr/annuaire/chercherlespros?quoiqui=SOCIETE+ENTRETIEN+MOTEURS+INDUSTRIELS+ET+MARINS+-+ETABLISSEMENTS+DIEUDONNE&ou=CONCARNEAU,https://www.societe.com/cgi-bin/search?champs=375977451,,,,10-19,PME,1,1,,,,55,1971-01-01,SAS,,,FR69375977451,active,375977451,37597745100026,33.12Z,TERRE PLEIN ZONE IND MOROS RIVE GAUCHE 29900 CONCARNEAU,47.875592511,-3.902609737,,,,,non,oui,2026-08-08,sirene,CONCARNEAU
SOCIETE REPARATION JUSTET BALUST,C,25,a contacter,,,,,,,,,,,,maintenance,Reparation de machines et equipements mecaniques,SAINT-MARTIN-DE-VALGALGUES,30520,30,,,,BRUNO BONET,Gérant,effectif+10|categorie+5|anciennete+5|dirigeant+5,https://www.pappers.fr/entreprise/321458150,https://annuaire-entreprises.data.gouv.fr/entreprise/321458150,"https://www.google.com/maps?q=44.162413969,4.0954650084",https://www.google.com/search?q=SOCIETE+REPARATION+JUSTET+BALUST+SAINT-MARTIN-DE-VALGALGUES,https://www.linkedin.com/search/results/companies/?keywords=SOCIETE+REPARATION+JUSTET+BALUST,https://www.pagesjaunes.fr/annuaire/chercherlespros?quoiqui=SOCIETE+REPARATION+JUSTET+BALUST&ou=SAINT-MARTIN-DE-VALGALGUES,https://www.societe.com/cgi-bin/search?champs=321458150,,,,10-19,PME,1,4,,8611,2025,45,1981-04-02,SARL,,3248,FR74321458150,active,321458150,32145815000042,33.12Z,623 ROUTE DE SAINT AMBROIX 30520 SAINT-MARTIN-DE-VALGALGUES,44.162413969,4.0954650084,,,,BRUNO YVES BONET (Gérant),non,oui,2026-08-08,sirene,SAINT-MARTIN-DE-VALGALGUES
SOFI SUD INSTALLATIONS,C,25,a contacter,,,,,,,,,,,,maintenance,Installation de machines et equipements mecaniques,MEYREUIL,13590,13,,,,WESLEY TERRIER,Président de SAS,effectif+10|categorie+5|anciennete+5|dirigeant+5,https://www.pappers.fr/entreprise/749990636,https://annuaire-entreprises.data.gouv.fr/entreprise/749990636,"https://www.google.com/maps?q=43.4910062554733,5.53063063070879",https://www.google.com/search?q=SOFI+SUD+INSTALLATIONS+MEYREUIL,https://www.linkedin.com/search/results/companies/?keywords=SOFI+SUD+INSTALLATIONS,https://www.pagesjaunes.fr/annuaire/chercherlespros?quoiqui=SOFI+SUD+INSTALLATIONS&ou=MEYREUIL,https://www.societe.com/cgi-bin/search?champs=749990636,,,,20-49,ETI,1,3,,820019,2023,14,2012-02-20,SAS,,1412,FR78749990636,active,749990636,74999063600039,33.20B,ARTEPARC DE BACHASSON BATIMENT E RUE LA CARRIERE DE BACHASSON 13590 MEYREUIL,43.4910062554733,5.53063063070879,,,,OLLIVIER & ASSOCIES (Commissaire aux comptes titulaire),non,oui,2026-08-05,sirene,MEYREUIL
SOUD-HYDRO,C,25,a contacter,,,,,,,,,,,,maintenance,Reparation de machines et equipements mecaniques,LUC-LA-PRIMAUBE,12450,12,,,,BEATRICE CAUNEGRE (VEYRAC),Gérant,effectif+10|categorie+5|anciennete+5|dirigeant+5,https://www.pappers.fr/entreprise/326273422,https://annuaire-entreprises.data.gouv.fr/entreprise/326273422,"https://www.google.com/maps?q=44.31824043,2.5592920096",https://www.google.com/search?q=SOUD-HYDRO+LUC-LA-PRIMAUBE,https://www.linkedin.com/search/results/companies/?keywords=SOUD-HYDRO,https://www.pagesjaunes.fr/annuaire/chercherlespros?quoiqui=SOUD-HYDRO&ou=LUC-LA-PRIMAUBE,https://www.societe.com/cgi-bin/search?champs=326273422,,,,10-19,PME,1,2,,145571,2024,43,1983-02-01,SARL,,3248,FR68326273422,active,326273422,32627342200021,33.12Z,LA PRIMAUBE 290 AVENUE DE RODEZ 12450 LUC-LA-PRIMAUBE,44.31824043,2.5592920096,,,,,non,oui,2026-08-04,sirene,LUC-LA-PRIMAUBE
SOVIMEF INSTALL FRIGORIFIQUE,C,25,a contacter,,,,,,,,,,,,maintenance,Installation de machines et equipements mecaniques,LE TRAIT,76580,76,,,,JÉRÔME CARLES,Président de SAS,effectif+10|categorie+5|anciennete+5|dirigeant+5,https://www.pappers.fr/entreprise/775702145,https://annuaire-entreprises.data.gouv.fr/entreprise/775702145,"https://www.google.com/maps?q=49.4789505679573,0.806276360641779",https://www.google.com/search?q=SOVIMEF+INSTALL+FRIGORIFIQUE+LE+TRAIT,https://www.linkedin.com/search/results/companies/?keywords=SOVIMEF+INSTALL+FRIGORIFIQUE,https://www.pagesjaunes.fr/annuaire/chercherlespros?quoiqui=SOVIMEF+INSTALL+FRIGORIFIQUE&ou=LE+TRAIT,https://www.societe.com/cgi-bin/search?champs=775702145,,,,50-99,ETI,1,4,,27796,2018,61,1965-01-01,SAS,,1412,FR11775702145,active,775702145,77570214500019,33.20B,19 RUE ARISTIDE BRIAND 76580 LE TRAIT,49.4789505679573,0.806276360641779,,,,OLLIVIER & ASSOCIES (Commissaire aux comptes titulaire),non,oui,2026-08-08,sirene,LE TRAIT
SUD EST VENTILATION,C,25,a contacter,,,,,,,,,,,,maintenance,Installation de machines et equipements mecaniques,VENDARGUES,34740,34,,,,SEBASTIEN SAUSSE,Gérant,effectif+10|categorie+5|anciennete+5|dirigeant+5,https://www.pappers.fr/entreprise/825241540,https://annuaire-entreprises.data.gouv.fr/entreprise/825241540,https://www.google.com/maps/search/?api=1&query=SUD+EST+VENTILATION+VENDARGUES,https://www.google.com/search?q=SUD+EST+VENTILATION+VENDARGUES,https://www.linkedin.com/search/results/companies/?keywords=SUD+EST+VENTILATION,https://www.pagesjaunes.fr/annuaire/chercherlespros?quoiqui=SUD+EST+VENTILATION&ou=VENDARGUES,https://www.societe.com/cgi-bin/search?champs=825241540,,,,10-19,PME,1,3,,83453,2023,9,2017-01-17,SARL,,,FR34825241540,active,825241540,82524154000038,33.20B,ZA LES ROUTOUS RUE CLEMENT POUGET 34740 VENDARGUES,,,,,,SEBASTIEN JEAN-MAURICE SAUSSE (Gérant); CHRISTOPHE TARRAZI (Gérant); CHRISTOPHE YVAN ROBERT JACQUES TARRAZI (Gérant),non,oui,2026-08-05,sirene,VENDARGUES
SUD-OUEST REFRIGERATION,C,25,a contacter,,,,,,,,,,,,maintenance,Installation de machines et equipements mecaniques,VILLENAVE-D'ORNON,33140,33,,,,THIERRY JEAN CHARLES ABADIE (ABADIE),Directeur Général,effectif+10|categorie+5|anciennete+5|dirigeant+5,https://www.pappers.fr/entreprise/815057641,https://annuaire-entreprises.data.gouv.fr/entreprise/815057641,"https://www.google.com/maps?q=44.786168402,-0.579568929",https://www.google.com/search?q=SUD-OUEST+REFRIGERATION+VILLENAVE-D%27ORNON,https://www.linkedin.com/search/results/companies/?keywords=SUD-OUEST+REFRIGERATION,https://www.pagesjaunes.fr/annuaire/chercherlespros?quoiqui=SUD-OUEST+REFRIGERATION&ou=VILLENAVE-D%27ORNON,https://www.societe.com/cgi-bin/search?champs=815057641,,,,20-49,ETI,1,3,,1014173,2024,11,2015-11-23,SAS,,1412,FR39815057641,active,815057641,81505764100020,33.20B,433 CHEMIN DE LEYSOTTE 33140 VILLENAVE-D'ORNON,44.786168402,-0.579568929,,,,XAVIER JEAN JACQUES MERCUSOT (Président de SAS); OLLIVIER & ASSOCIES (Commissaire aux comptes titulaire),non,oui,2026-08-09,sirene,VILLENAVE-D'ORNON
SYCCAF SOCIETE YVELINOISE COLLECTIVITE CAFETERIA APPLICATIONS DU FROID,C,25,a contacter,,,,,,,,,,,,maintenance,Reparation de machines et equipements mecaniques,LE PERRAY-EN-YVELINES,78610,78,,,,CELSO CARVALHO DOS REIS (CARVALHO DOS REIS),Gérant,effectif+10|categorie+5|anciennete+5|dirigeant+5,https://www.pappers.fr/entreprise/432516094,https://annuaire-entreprises.data.gouv.fr/entreprise/432516094,"https://www.google.com/maps?q=48.702985815,1.8550372591",https://www.google.com/search?q=SYCCAF+SOCIETE+YVELINOISE+COLLECTIVITE+CAFETERIA+APPLICATIONS+DU+FROID+LE+PERRAY-EN-YVELINES,https://www.linkedin.com/search/results/companies/?keywords=SYCCAF+SOCIETE+YVELINOISE+COLLECTIVITE+CAFETERIA+APPLICATIONS+DU+FROID,https://www.pagesjaunes.fr/annuaire/chercherlespros?quoiqui=SYCCAF+SOCIETE+YVELINOISE+COLLECTIVITE+CAFETERIA+APPLICATIONS+DU+FROID&ou=LE+PERRAY-EN-YVELINES,https://www.societe.com/cgi-bin/search?champs=432516094,,,,10-19,PME,1,3,,200942,2025,26,2000-08-02,SARL,,1412,FR52432516094,active,432516094,43251609400021,33.12Z,8 ALLEE DES HAPHLERIES 78610 LE PERRAY-EN-YVELINES,48.702985815,1.8550372591,,,,ANTOINE SERGE FERNANDES (Gérant),non,oui,2026-08-08,sirene,LE PERRAY-EN-YVELINES
TECHNIC CLOTURES,C,25,a contacter,,,,,,,,,,,,maintenance,Autres travaux d'installation n.c.a.,BEZIERS,34500,34,,,,GILLES TREMBLAY,Gérant,effectif+10|categorie+5|anciennete+5|dirigeant+5,https://www.pappers.fr/entreprise/514215284,https://annuaire-entreprises.data.gouv.fr/entreprise/514215284,"https://www.google.com/maps?q=43.331301356,3.2575399671",https://www.google.com/search?q=TECHNIC+CLOTURES+BEZIERS,https://www.linkedin.com/search/results/companies/?keywords=TECHNIC+CLOTURES,https://www.pagesjaunes.fr/annuaire/chercherlespros?quoiqui=TECHNIC+CLOTURES&ou=BEZIERS,https://www.societe.com/cgi-bin/search?champs=514215284,,,,10-19,PME,1,4,,,2024,17,2009-06-29,SARL,,"2420, 1597, 2609",FR59514215284,active,514215284,51421528400043,43.29B,1 RUE ANDRE BLONDEL 34500 BEZIERS,43.331301356,3.2575399671,,,,GILLES LUCIEN TREMBLAY (TREMBLAY) (Gérant),non,oui,2026-08-10,sirene,BEZIERS
TELEPHONIE NOUVELLE ET TERMINAUX,C,25,a contacter,,,,,,,,,,,,maintenance,"Installation d'equipements electriques, de materiels electroniques et optiques ou d'autres materiels",AUBAGNE,13400,13,,,,MATTHIEU DELLWING,Directeur Général,effectif+10|categorie+5|anciennete+5|dirigeant+5,https://www.pappers.fr/entreprise/430290387,https://annuaire-entreprises.data.gouv.fr/entreprise/430290387,"https://www.google.com/maps?q=43.2902653457017,5.60012904408862",https://www.google.com/search?q=TELEPHONIE+NOUVELLE+ET+TERMINAUX+AUBAGNE,https://www.linkedin.com/search/results/companies/?keywords=TELEPHONIE+NOUVELLE+ET+TERMINAUX,https://www.pagesjaunes.fr/annuaire/chercherlespros?quoiqui=TELEPHONIE+NOUVELLE+ET+TERMINAUX&ou=AUBAGNE,https://www.societe.com/cgi-bin/search?champs=430290387,,,,10-19,PME,1,2,,23928,2024,26,2000-04-01,SAS,,3248,FR23430290387,active,430290387,43029038700025,33.20D,ZI LES PALUDS 155 RUE DE LENCHE 13400 AUBAGNE,43.2902653457017,5.60012904408862,,,,CHRISTIAN MUNINI (Président de SAS),non,oui,2026-08-05,sirene,AUBAGNE
THERMI FROID COTE D'EMERAUDE,C,25,a contacter,,,,,,,,,,,,maintenance,Reparation de machines et equipements mecaniques,PLESLIN-TRIGAVOU,22490,22,,,,NICOLAS RÉGIS FRANCK MASSARD,Directeur Général,effectif+10|categorie+5|anciennete+5|dirigeant+5,https://www.pappers.fr/entreprise/489975334,https://annuaire-entreprises.data.gouv.fr/entreprise/489975334,"https://www.google.com/maps?q=48.523268687,-2.042993188",https://www.google.com/search?q=THERMI+FROID+COTE+D%27EMERAUDE+PLESLIN-TRIGAVOU,https://www.linkedin.com/search/results/companies/?keywords=THERMI+FROID+COTE+D%27EMERAUDE,https://www.pagesjaunes.fr/annuaire/chercherlespros?quoiqui=THERMI+FROID+COTE+D%27EMERAUDE&ou=PLESLIN-TRIGAVOU,https://www.societe.com/cgi-bin/search?champs=489975334,,,,10-19,PME,1,2,,128915,2025,20,2006-05-01,SAS,,1412,FR42489975334,active,489975334,48997533400025,33.12Z,SECTEUR 2 PARC ACTIVITE  LA GRIGNARDAIS 22490 PLESLIN-TRIGAVOU,48.523268687,-2.042993188,,,,LES 4 M (Président de SAS),non,oui,2026-08-07,sirene,PLESLIN-TRIGAVOU
VBH FRANCE,C,25,a contacter,,,,,,,,,,,,maintenance,"Installation d'equipements electriques, de materiels electroniques et optiques ou d'autres materiels",ANTIBES,06600,06,,,,PETRUS JACOBUS ANNA AARTS,Directeur Général,effectif+10|categorie+5|anciennete+5|dirigeant+5,https://www.pappers.fr/entreprise/825361868,https://annuaire-entreprises.data.gouv.fr/entreprise/825361868,"https://www.google.com/maps?q=43.582581917,7.122394543",https://www.google.com/search?q=VBH+FRANCE+ANTIBES,https://www.linkedin.com/search/results/companies/?keywords=VBH+FRANCE,https://www.pagesjaunes.fr/annuaire/chercherlespros?quoiqui=VBH+FRANCE&ou=ANTIBES,https://www.societe.com/cgi-bin/search?champs=825361868,,,,10-19,PME,1,2,,75074,2024,9,2017-01-27,SAS,,3236,FR81825361868,active,825361868,82536186800029,33.20D,8 AVENUE MIRABEAU 06600 ANTIBES,43.582581917,7.122394543,,,,VAN BERGE HENEGOUWEN INSTALLATIES (Président de SAS),non,oui,2026-08-03,sirene,ANTIBES
AGRI CONCEPT,C,22,a contacter,,,,,,,,,,,,maintenance,Reparation de machines et equipements mecaniques,BELABRE,,36,02 54 37 39 99,agriconc@club-internet.fr,mx_ok,,,email+12|tel+10,https://www.pappers.fr/entreprise/331055095,https://annuaire-entreprises.data.gouv.fr/entreprise/331055095,https://www.google.com/maps/search/?api=1&query=AGRI+CONCEPT+BELABRE,https://www.google.com/search?q=AGRI+CONCEPT+BELABRE,https://www.linkedin.com/search/results/companies/?keywords=AGRI+CONCEPT,https://www.pagesjaunes.fr/annuaire/chercherlespros?quoiqui=AGRI+CONCEPT&ou=BELABRE,https://www.societe.com/cgi-bin/search?champs=331055095,https://fr.trustpilot.com/review/agriconcept.fr,,agriconcept.fr,,,,,,,,,,,,,FR48331055095,,331055095,33105509500011,33.12Z,,,,site,non,,,oui,oui,2026-08-06,sirene,
AMAXIA,C,22,a contacter,,,,,,,,,,,,maintenance,Reparation de materiels electroniques et optiques,MONTPELLIER,,34,04 67 10 59 06,assistance@amaxia.fr,mx_ok,,,email+12|tel+10,https://www.pappers.fr/entreprise/408827350,https://annuaire-entreprises.data.gouv.fr/entreprise/408827350,https://www.google.com/maps/search/?api=1&query=AMAXIA+MONTPELLIER,https://www.google.com/search?q=AMAXIA+MONTPELLIER,https://www.linkedin.com/search/results/companies/?keywords=AMAXIA,https://www.pagesjaunes.fr/annuaire/chercherlespros?quoiqui=AMAXIA&ou=MONTPELLIER,https://www.societe.com/cgi-bin/search?champs=408827350,https://fr.trustpilot.com/review/amaxia.fr,,amaxia.fr,,,,,,,,,,,,,FR94408827350,,408827350,40882735000013,33.13Z,,,,site,non,gotliweb@gmail.com,,oui,oui,2026-08-10,sirene,
CNCR GROUP,C,22,a contacter,,,,,,,,,,,,maintenance,Reparation d'equipements electriques,WISSOUS,,91,01 23 45 67 89,salesforce@cncr-group.fr,mx_ok,,,email+12|tel+10,https://www.pappers.fr/entreprise/394185136,https://annuaire-entreprises.data.gouv.fr/entreprise/394185136,https://www.google.com/maps/search/?api=1&query=CNCR+GROUP+WISSOUS,https://www.google.com/search?q=CNCR+GROUP+WISSOUS,https://www.linkedin.com/search/results/companies/?keywords=CNCR+GROUP,https://www.pagesjaunes.fr/annuaire/chercherlespros?quoiqui=CNCR+GROUP&ou=WISSOUS,https://www.societe.com/cgi-bin/search?champs=394185136,https://fr.trustpilot.com/review/cncrgroup.com,,cncrgroup.com,,,,,,,,,,,,,FR96394185136,,394185136,39418513600022,33.14Z,,,,site,non,,,oui,oui,2026-08-02,sirene,
CODUMAT,C,22,a contacter,,,,,,,,,,,,maintenance,Reparation de machines et equipements mecaniques,MACON,,71,03 85 50 01 19,jean.dupont@gmail.com,mx_ok,,,email+12|tel+10,https://www.pappers.fr/entreprise/533240990,https://annuaire-entreprises.data.gouv.fr/entreprise/533240990,https://www.google.com/maps/search/?api=1&query=CODUMAT+MACON,https://www.google.com/search?q=CODUMAT+MACON,https://www.linkedin.com/search/results/companies/?keywords=CODUMAT,https://www.pagesjaunes.fr/annuaire/chercherlespros?quoiqui=CODUMAT&ou=MACON,https://www.societe.com/cgi-bin/search?champs=533240990,https://fr.trustpilot.com/review/codumat.fr,,codumat.fr,,,,,,,,,,,,,FR49533240990,,533240990,53324099000010,33.12Z,,,,site,oui,sarl.codumat@gmail.com,,oui,oui,2026-08-01,sirene,
ERELIA,C,22,a contacter,,,,,,,,,,,,maintenance,"Installation d'equipements electriques, de materiels electroniques et optiques ou d'autres materiels",CHAMPLAN,,91,06 92 19 50 61,erelia@bassetti-group.com,mx_ok,,,email+12|tel+10,https://www.pappers.fr/entreprise/348012428,https://annuaire-entreprises.data.gouv.fr/entreprise/348012428,https://www.google.com/maps/search/?api=1&query=ERELIA+CHAMPLAN,https://www.google.com/search?q=ERELIA+CHAMPLAN,https://www.linkedin.com/search/results/companies/?keywords=ERELIA,https://www.pagesjaunes.fr/annuaire/chercherlespros?quoiqui=ERELIA&ou=CHAMPLAN,https://www.societe.com/cgi-bin/search?champs=348012428,https://fr.trustpilot.com/review/erelia.fr,https://www.linkedin.com/company/ereliagroup,erelia.fr,,,,,,,,,,,,,FR09348012428,,348012428,34801242800036,33.20D,,,,site,non,,,oui,oui,2026-08-05,sirene,
EURO-TECHNOLOGIE,C,22,a contacter,,,,,,,,,,,,maintenance,Installation de machines et equipements mecaniques,MUDAISON,,34,04 67 65 06 03,siege@eurotechnologie.fr,mx_ok,,,email+12|tel+10,https://www.pappers.fr/entreprise/384061669,https://annuaire-entreprises.data.gouv.fr/entreprise/384061669,https://www.google.com/maps/search/?api=1&query=EURO-TECHNOLOGIE+MUDAISON,https://www.google.com/search?q=EURO-TECHNOLOGIE+MUDAISON,https://www.linkedin.com/search/results/companies/?keywords=EURO-TECHNOLOGIE,https://www.pagesjaunes.fr/annuaire/chercherlespros?quoiqui=EURO-TECHNOLOGIE&ou=MUDAISON,https://www.societe.com/cgi-bin/search?champs=384061669,https://fr.trustpilot.com/review/eurotechnologie.fr,https://www.linkedin.com/company/eurotechnologie,eurotechnologie.fr,,,,,,,,,,,,,FR07384061669,,384061669,38406166900030,33.20B,,,,site,non,,,oui,oui,2026-08-10,sirene,
LMELEC,C,22,a contacter,,,,,,,,,,,,maintenance,Reparation d'equipements electriques,ALBI,,81,06 17 42 44 00,consiglio.manuel@orange.fr,mx_ok,,,email+12|tel+10,https://www.pappers.fr/entreprise/521249847,https://annuaire-entreprises.data.gouv.fr/entreprise/521249847,https://www.google.com/maps/search/?api=1&query=LMELEC+ALBI,https://www.google.com/search?q=LMELEC+ALBI,https://www.linkedin.com/search/results/companies/?keywords=LMELEC,https://www.pagesjaunes.fr/annuaire/chercherlespros?quoiqui=LMELEC&ou=ALBI,https://www.societe.com/cgi-bin/search?champs=521249847,https://fr.trustpilot.com/review/lmelec.fr,,lmelec.fr,,,,,,,,,,,,,FR40521249847,,521249847,52124984700026,33.14Z,,,,site,oui,,,oui,oui,2026-08-08,sirene,
MACE,C,22,a contacter,,,,,,,,,,,,maintenance,"Installation d'equipements electriques, de materiels electroniques et optiques ou d'autres materiels",TREGUEUX,,22,06 64 20 26 56,customerservice@mace.com,mx_ok,,,email+12|tel+10,https://www.pappers.fr/entreprise/344609243,https://annuaire-entreprises.data.gouv.fr/entreprise/344609243,https://www.google.com/maps/search/?api=1&query=MACE+TREGUEUX,https://www.google.com/search?q=MACE+TREGUEUX,https://www.linkedin.com/search/results/companies/?keywords=MACE,https://www.pagesjaunes.fr/annuaire/chercherlespros?quoiqui=MACE&ou=TREGUEUX,https://www.societe.com/cgi-bin/search?champs=344609243,https://fr.trustpilot.com/review/mace.com,,mace.com,,,,,,,,,,,,,FR92344609243,,344609243,34460924300037,33.20D,,,,site,non,,,oui,oui,2026-08-06,sirene,
MAINTELEC,C,22,a contacter,,,,,,,,,,,,maintenance,Reparation de materiels electroniques et optiques,VENISSIEUX,,69,05 83 11 74 27,adv.ventes@maintelec.eu,mx_ok,,,email+12|tel+10,https://www.pappers.fr/entreprise/327069282,https://annuaire-entreprises.data.gouv.fr/entreprise/327069282,https://www.google.com/maps/search/?api=1&query=MAINTELEC+VENISSIEUX,https://www.google.com/search?q=MAINTELEC+VENISSIEUX,https://www.linkedin.com/search/results/companies/?keywords=MAINTELEC,https://www.pagesjaunes.fr/annuaire/chercherlespros?quoiqui=MAINTELEC&ou=VENISSIEUX,https://www.societe.com/cgi-bin/search?champs=327069282,https://fr.trustpilot.com/review/maintelec.eu,https://fr.linkedin.com/company/maintelec,maintelec.eu,,,,,,,,,,,,,FR90327069282,,327069282,32706928200108,33.13Z,,,,site,non,,,oui,oui,2026-08-04,sirene,
MECALEV,C,22,a contacter,,,,,,,,,,,,maintenance,Reparation de machines et equipements mecaniques,GARDANNE,,13,05 53 31 01 24,mecalev@orange.fr,mx_ok,,,email+12|tel+10,https://www.pappers.fr/entreprise/392081063,https://annuaire-entreprises.data.gouv.fr/entreprise/392081063,https://www.google.com/maps/search/?api=1&query=MECALEV+GARDANNE,https://www.google.com/search?q=MECALEV+GARDANNE,https://www.linkedin.com/search/results/companies/?keywords=MECALEV,https://www.pagesjaunes.fr/annuaire/chercherlespros?quoiqui=MECALEV&ou=GARDANNE,https://www.societe.com/cgi-bin/search?champs=392081063,https://fr.trustpilot.com/review/mecalev.fr,,mecalev.fr,,,,,,,,,,,,,FR55392081063,,392081063,39208106300035,33.12Z,,,,site,oui,,,oui,oui,2026-08-04,sirene,
MICROMEGA,C,22,a contacter,,,,,,,,,,,,maintenance,Reparation de materiels electroniques et optiques,MEYREUIL,,13,04 42 65 43 43,mm13@micromega.fr,mx_ok,,,email+12|tel+10,https://www.pappers.fr/entreprise/350923140,https://annuaire-entreprises.data.gouv.fr/entreprise/350923140,https://www.google.com/maps/search/?api=1&query=MICROMEGA+MEYREUIL,https://www.google.com/search?q=MICROMEGA+MEYREUIL,https://www.linkedin.com/search/results/companies/?keywords=MICROMEGA,https://www.pagesjaunes.fr/annuaire/chercherlespros?quoiqui=MICROMEGA&ou=MEYREUIL,https://www.societe.com/cgi-bin/search?champs=350923140,https://fr.trustpilot.com/review/micromega.fr,,micromega.fr,,,,,,,,,,,,,FR11350923140,,350923140,35092314000064,33.13Z,,,,site,non,,,oui,oui,2026-08-02,sirene,
SECOFLUID,C,22,a contacter,,,,,,,,,,,,maintenance,Installation de machines et equipements mecaniques,NANTES,,44,02 40 02 13 13,secofluid@secofluid.fr,mx_ok,,,email+12|tel+10,https://www.pappers.fr/entreprise/393434063,https://annuaire-entreprises.data.gouv.fr/entreprise/393434063,https://www.google.com/maps/search/?api=1&query=SECOFLUID+NANTES,https://www.google.com/search?q=SECOFLUID+NANTES,https://www.linkedin.com/search/results/companies/?keywords=SECOFLUID,https://www.pagesjaunes.fr/annuaire/chercherlespros?quoiqui=SECOFLUID&ou=NANTES,https://www.societe.com/cgi-bin/search?champs=393434063,https://fr.trustpilot.com/review/secofluid.fr,https://www.linkedin.com/company/secofluid,secofluid.fr,,,,,,,,,,,,,FR90393434063,,393434063,39343406300060,33.20B,,,,site,non,,,oui,oui,2026-08-07,sirene,
ARNAL NEON AQUITAINE,C,20,a contacter,,,,,,,,,,,,maintenance,Autres travaux d'installation n.c.a.,LABEGE,31670,31,,,,CHRISTINE ROUCH (ARNAL),Directeur Général,effectif+10|categorie+5|dirigeant+5,https://www.pappers.fr/entreprise/700801335,https://annuaire-entreprises.data.gouv.fr/entreprise/700801335,"https://www.google.com/maps?q=43.544311204,1.5178385699",https://www.google.com/search?q=ARNAL+NEON+AQUITAINE+LABEGE,https://www.linkedin.com/search/results/companies/?keywords=ARNAL+NEON+AQUITAINE,https://www.pagesjaunes.fr/annuaire/chercherlespros?quoiqui=ARNAL+NEON+AQUITAINE&ou=LABEGE,https://www.societe.com/cgi-bin/search?champs=700801335,,,,20-49,PME,1,2,,110272,2024,126,1900-01-01,SAS,,"2609, 1597",FR21700801335,active,700801335,70080133500030,43.29B,31 RUE DE BOLE 31670 LABEGE,43.544311204,1.5178385699,,,,HOLDING ARNAL (Président de SAS),non,oui,2026-08-09,sirene,LABEGE
A.C.S SERVICE,C,20,a contacter,,,,,,,,,,,,maintenance,Reparation de machines et equipements mecaniques,GARIDECH,,31,,info@acsservice.com,mx_ok,,,email+20,https://www.pappers.fr/entreprise/448975086,https://annuaire-entreprises.data.gouv.fr/entreprise/448975086,https://www.google.com/maps/search/?api=1&query=A.C.S+SERVICE+GARIDECH,https://www.google.com/search?q=A.C.S+SERVICE+GARIDECH,https://www.linkedin.com/search/results/companies/?keywords=A.C.S+SERVICE,https://www.pagesjaunes.fr/annuaire/chercherlespros?quoiqui=A.C.S+SERVICE&ou=GARIDECH,https://www.societe.com/cgi-bin/search?champs=448975086,https://fr.trustpilot.com/review/acsservice.com,https://www.linkedin.com/company/112289266,acsservice.com,,,,,,,,,,,,,FR51448975086,,448975086,44897508600043,33.12Z,,,,site-generique,non,sales@acsservice.com,,oui,oui,2026-08-09,sirene,
AITICA,C,20,a contacter,,,,,,,,,,,,maintenance,Installation de machines et equipements mecaniques,FALAISE,,14,,contact@aitica.com,mx_ok,,,email+20,https://www.pappers.fr/entreprise/492651427,https://annuaire-entreprises.data.gouv.fr/entreprise/492651427,https://www.google.com/maps/search/?api=1&query=AITICA+FALAISE,https://www.google.com/search?q=AITICA+FALAISE,https://www.linkedin.com/search/results/companies/?keywords=AITICA,https://www.pagesjaunes.fr/annuaire/chercherlespros?quoiqui=AITICA&ou=FALAISE,https://www.societe.com/cgi-bin/search?champs=492651427,https://fr.trustpilot.com/review/aitica.com,,aitica.com,,,,,,,,,,,,,FR19492651427,,492651427,49265142700048,33.20B,,,,site-generique,non,,,oui,oui,2026-08-05,sirene,
ACAF,C,18,a contacter,,,,,,,,,,,,maintenance,Autres travaux d'installation n.c.a.,EYBENS,,38,04 76 12 95 80,,,,,site+8|tel+10,https://www.pappers.fr/entreprise/433536190,https://annuaire-entreprises.data.gouv.fr/entreprise/433536190,https://www.google.com/maps/search/?api=1&query=ACAF+EYBENS,https://www.google.com/search?q=ACAF+EYBENS,https://www.linkedin.com/search/results/companies/?keywords=ACAF,https://www.pagesjaunes.fr/annuaire/chercherlespros?quoiqui=ACAF&ou=EYBENS,https://www.societe.com/cgi-bin/search?champs=433536190,https://fr.trustpilot.com/review/acaf.fr,https://fr.linkedin.com/company/groupe-acaf,acaf.fr,,,,,,,,,,,,,FR87433536190,,433536190,43353619000088,43.29B,,,,,,,,oui,oui,2026-08-08,sirene,
AEOLE TECHNIQUES,C,18,a contacter,,,,,,,,,,,,maintenance,Installation de machines et equipements mecaniques,BEYCHAC-ET-CAILLAU,,33,05 56 86 40 63,,,,,site+8|tel+10,https://www.pappers.fr/entreprise/509038360,https://annuaire-entreprises.data.gouv.fr/entreprise/509038360,https://www.google.com/maps/search/?api=1&query=AEOLE+TECHNIQUES+BEYCHAC-ET-CAILLAU,https://www.google.com/search?q=AEOLE+TECHNIQUES+BEYCHAC-ET-CAILLAU,https://www.linkedin.com/search/results/companies/?keywords=AEOLE+TECHNIQUES,https://www.pagesjaunes.fr/annuaire/chercherlespros?quoiqui=AEOLE+TECHNIQUES&ou=BEYCHAC-ET-CAILLAU,https://www.societe.com/cgi-bin/search?champs=509038360,https://fr.trustpilot.com/review/aeoletechniques.fr,https://fr.linkedin.com/company/aeole-techniques,aeoletechniques.fr,,,,,,,,,,,,,FR54509038360,,509038360,50903836000038,33.20B,,,,,,,,oui,oui,2026-08-08,sirene,
ASSETCO,C,18,a contacter,,,,,,,,,,,,maintenance,Reparation de machines et equipements mecaniques,VANVES,,92,02 42 53 34 02,,,,,site+8|tel+10,https://www.pappers.fr/entreprise/537446239,https://annuaire-entreprises.data.gouv.fr/entreprise/537446239,https://www.google.com/maps/search/?api=1&query=ASSETCO+VANVES,https://www.google.com/search?q=ASSETCO+VANVES,https://www.linkedin.com/search/results/companies/?keywords=ASSETCO,https://www.pagesjaunes.fr/annuaire/chercherlespros?quoiqui=ASSETCO&ou=VANVES,https://www.societe.com/cgi-bin/search?champs=537446239,https://fr.trustpilot.com/review/assetco.com,https://www.linkedin.com/company/riverglobalinvestors,assetco.com,,,,,,,,,,,,,FR73537446239,,537446239,53744623900031,33.12Z,,,,,,,,oui,oui,2026-08-02,sirene,
B S A V,C,18,a contacter,,,,,,,,,,,,maintenance,Reparation d'equipements electriques,GRIGNY,,91,01 85 53 74 67,,,,,site+8|tel+10,https://www.pappers.fr/entreprise/352367320,https://annuaire-entreprises.data.gouv.fr/entreprise/352367320,https://www.google.com/maps/search/?api=1&query=B+S+A+V+GRIGNY,https://www.google.com/search?q=B+S+A+V+GRIGNY,https://www.linkedin.com/search/results/companies/?keywords=B+S+A+V,https://www.pagesjaunes.fr/annuaire/chercherlespros?quoiqui=B+S+A+V&ou=GRIGNY,https://www.societe.com/cgi-bin/search?champs=352367320,https://fr.trustpilot.com/review/bsav.fr,https://www.linkedin.com/company/bsav,bsav.fr,,,,,,,,,,,,,FR46352367320,,352367320,35236732000046,33.14Z,,,,,,,,oui,oui,2026-08-07,sirene,
FRANCE STORE,C,18,a contacter,,,,,,,,,,,,maintenance,Autres travaux d'installation n.c.a.,PESSAC,,33,02 16 44 73 78,,,,,site+8|tel+10,https://www.pappers.fr/entreprise/531909919,https://annuaire-entreprises.data.gouv.fr/entreprise/531909919,https://www.google.com/maps/search/?api=1&query=FRANCE+STORE+PESSAC,https://www.google.com/search?q=FRANCE+STORE+PESSAC,https://www.linkedin.com/search/results/companies/?keywords=FRANCE+STORE,https://www.pagesjaunes.fr/annuaire/chercherlespros?quoiqui=FRANCE+STORE&ou=PESSAC,https://www.societe.com/cgi-bin/search?champs=531909919,https://fr.trustpilot.com/review/francestore.net,,francestore.net,,,,,,,,,,,,,FR35531909919,,531909919,53190991900023,43.29B,,,,,,,,oui,oui,2026-08-09,sirene,
GENIE FROID,C,18,a contacter,,,,,,,,,,,,maintenance,Installation de machines et equipements mecaniques,SAINTE-SAVINE,,10,03 25 49 06 98,,,,,site+8|tel+10,https://www.pappers.fr/entreprise/424942464,https://annuaire-entreprises.data.gouv.fr/entreprise/424942464,https://www.google.com/maps/search/?api=1&query=GENIE+FROID+SAINTE-SAVINE,https://www.google.com/search?q=GENIE+FROID+SAINTE-SAVINE,https://www.linkedin.com/search/results/companies/?keywords=GENIE+FROID,https://www.pagesjaunes.fr/annuaire/chercherlespros?quoiqui=GENIE+FROID&ou=SAINTE-SAVINE,https://www.societe.com/cgi-bin/search?champs=424942464,https://fr.trustpilot.com/review/geniefroid.fr,https://fr.linkedin.com/company/g%C3%A9nie-froid,geniefroid.fr,,,,,,,,,,,,,FR54424942464,,424942464,42494246400027,33.20B,,,,,,,,oui,oui,2026-08-03,sirene,
HDPI,C,18,a contacter,,,,,,,,,,,,maintenance,"Installation d'equipements electriques, de materiels electroniques et optiques ou d'autres materiels",MAUGUIO,,34,04 67 12 01 12,,,,,site+8|tel+10,https://www.pappers.fr/entreprise/403585243,https://annuaire-entreprises.data.gouv.fr/entreprise/403585243,https://www.google.com/maps/search/?api=1&query=HDPI+MAUGUIO,https://www.google.com/search?q=HDPI+MAUGUIO,https://www.linkedin.com/search/results/companies/?keywords=HDPI,https://www.pagesjaunes.fr/annuaire/chercherlespros?quoiqui=HDPI&ou=MAUGUIO,https://www.societe.com/cgi-bin/search?champs=403585243,https://fr.trustpilot.com/review/hdpi.fr,,hdpi.fr,,,,,,,,,,,,,FR92403585243,,403585243,40358524300021,33.20D,,,,,,,,oui,oui,2026-08-10,sirene,
ORONA,C,18,a contacter,,,,,,,,,,,,maintenance,Autres travaux d'installation n.c.a.,OULLINS-PIERRE-BENITE,,69,07 76 42 16 82,,,,,site+8|tel+10,https://www.pappers.fr/entreprise/430243857,https://annuaire-entreprises.data.gouv.fr/entreprise/430243857,https://www.google.com/maps/search/?api=1&query=ORONA+OULLINS-PIERRE-BENITE,https://www.google.com/search?q=ORONA+OULLINS-PIERRE-BENITE,https://www.linkedin.com/search/results/companies/?keywords=ORONA,https://www.pagesjaunes.fr/annuaire/chercherlespros?quoiqui=ORONA&ou=OULLINS-PIERRE-BENITE,https://www.societe.com/cgi-bin/search?champs=430243857,https://fr.trustpilot.com/review/orona.fr,https://www.linkedin.com/company/orona-france,orona.fr,,,,,,,,,,,,,FR16430243857,,430243857,43024385700116,43.29B,,,,,,,,oui,oui,2026-08-01,sirene,
SI2M,C,18,a contacter,,,,,,,,,,,,maintenance,Reparation d'equipements electriques,USSAC,,19,08 92 85 71 43,,,,,site+8|tel+10,https://www.pappers.fr/entreprise/825052251,https://annuaire-entreprises.data.gouv.fr/entreprise/825052251,https://www.google.com/maps/search/?api=1&query=SI2M+USSAC,https://www.google.com/search?q=SI2M+USSAC,https://www.linkedin.com/search/results/companies/?keywords=SI2M,https://www.pagesjaunes.fr/annuaire/chercherlespros?quoiqui=SI2M&ou=USSAC,https://www.societe.com/cgi-bin/search?champs=825052251,https://fr.trustpilot.com/review/si2m.fr,,si2m.fr,,,,,,,,,,,,,FR05825052251,,825052251,82505225100030,33.14Z,,,,,,,,oui,oui,2026-08-06,sirene,
SNT-DURIEZ,C,18,a contacter,,,,,,,,,,,,maintenance,Reparation d'equipements electriques,LE GRAND-QUEVILLY,,76,02 32 11 14 35,,,,,site+8|tel+10,https://www.pappers.fr/entreprise/320497936,https://annuaire-entreprises.data.gouv.fr/entreprise/320497936,https://www.google.com/maps/search/?api=1&query=SNT-DURIEZ+LE+GRAND-QUEVILLY,https://www.google.com/search?q=SNT-DURIEZ+LE+GRAND-QUEVILLY,https://www.linkedin.com/search/results/companies/?keywords=SNT-DURIEZ,https://www.pagesjaunes.fr/annuaire/chercherlespros?quoiqui=SNT-DURIEZ&ou=LE+GRAND-QUEVILLY,https://www.societe.com/cgi-bin/search?champs=320497936,https://fr.trustpilot.com/review/sntduriez.fr,,sntduriez.fr,,,,,,,,,,,,,FR41320497936,,320497936,32049793600015,33.14Z,,,,,,,,oui,oui,2026-08-07,sirene,
AGRI-MECA,C,12,a contacter,,,,,,,,,,,,maintenance,Reparation de machines et equipements mecaniques,MARNAY,,70,,administracion@agrimeca.net,mx_ok,,,email+12,https://www.pappers.fr/entreprise/448075788,https://annuaire-entreprises.data.gouv.fr/entreprise/448075788,https://www.google.com/maps/search/?api=1&query=AGRI-MECA+MARNAY,https://www.google.com/search?q=AGRI-MECA+MARNAY,https://www.linkedin.com/search/results/companies/?keywords=AGRI-MECA,https://www.pagesjaunes.fr/annuaire/chercherlespros?quoiqui=AGRI-MECA&ou=MARNAY,https://www.societe.com/cgi-bin/search?champs=448075788,https://fr.trustpilot.com/review/agrimeca.net,,agrimeca.net,,,,,,,,,,,,,FR18448075788,,448075788,44807578800035,33.12Z,,,,site,non,gerencia@agrimeca.net,,oui,oui,2026-08-07,sirene,
ELSYS SOLUTIONS,C,12,a contacter,,,,,,,,,,,,maintenance,Installation de machines et equipements mecaniques,GALLARGUES-LE-MONTUEUX,,30,,dg@elsyssolutions.com,mx_ok,,,email+12,https://www.pappers.fr/entreprise/830694089,https://annuaire-entreprises.data.gouv.fr/entreprise/830694089,https://www.google.com/maps/search/?api=1&query=ELSYS+SOLUTIONS+GALLARGUES-LE-MONTUEUX,https://www.google.com/search?q=ELSYS+SOLUTIONS+GALLARGUES-LE-MONTUEUX,https://www.linkedin.com/search/results/companies/?keywords=ELSYS+SOLUTIONS,https://www.pagesjaunes.fr/annuaire/chercherlespros?quoiqui=ELSYS+SOLUTIONS&ou=GALLARGUES-LE-MONTUEUX,https://www.societe.com/cgi-bin/search?champs=830694089,https://fr.trustpilot.com/review/elsyssolutions.com,,elsyssolutions.com,,,,,,,,,,,,,FR86830694089,,830694089,83069408900020,33.20B,,,,site,non,,,oui,oui,2026-08-08,sirene,
MEVAL,C,12,a contacter,,,,,,,,,,,,maintenance,Reparation de machines et equipements mecaniques,AUBAGNE,,13,,webmaster@meval.com,mx_ok,,,email+12,https://www.pappers.fr/entreprise/889310181,https://annuaire-entreprises.data.gouv.fr/entreprise/889310181,https://www.google.com/maps/search/?api=1&query=MEVAL+AUBAGNE,https://www.google.com/search?q=MEVAL+AUBAGNE,https://www.linkedin.com/search/results/companies/?keywords=MEVAL,https://www.pagesjaunes.fr/annuaire/chercherlespros?quoiqui=MEVAL&ou=AUBAGNE,https://www.societe.com/cgi-bin/search?champs=889310181,https://fr.trustpilot.com/review/meval.com,,meval.com,,,,,,,,,,,,,FR69889310181,,889310181,88931018100025,33.12Z,,,,site,non,,,oui,oui,2026-08-05,sirene,
NICE FRANCE,C,12,a contacter,,,,,,,,,,,,maintenance,Autres travaux d'installation n.c.a.,AUBAGNE,,13,,nicefrancenet@gmail.com,mx_ok,,,email+12,https://www.pappers.fr/entreprise/399781921,https://annuaire-entreprises.data.gouv.fr/entreprise/399781921,https://www.google.com/maps/search/?api=1&query=NICE+FRANCE+AUBAGNE,https://www.google.com/search?q=NICE+FRANCE+AUBAGNE,https://www.linkedin.com/search/results/companies/?keywords=NICE+FRANCE,https://www.pagesjaunes.fr/annuaire/chercherlespros?quoiqui=NICE+FRANCE&ou=AUBAGNE,https://www.societe.com/cgi-bin/search?champs=399781921,https://fr.trustpilot.com/review/nicefrance.net,,nicefrance.net,,,,,,,,,,,,,FR42399781921,,399781921,39978192100057,43.29B,,,,site,oui,,,oui,oui,2026-08-04,sirene,
POIRSON,C,12,a contacter,,,,,,,,,,,,maintenance,Reparation d'equipements electriques,ARBENT,,01,,allen@poirson.net,mx_ok,,,email+12,https://www.pappers.fr/entreprise/317839009,https://annuaire-entreprises.data.gouv.fr/entreprise/317839009,https://www.google.com/maps/search/?api=1&query=POIRSON+ARBENT,https://www.google.com/search?q=POIRSON+ARBENT,https://www.linkedin.com/search/results/companies/?keywords=POIRSON,https://www.pagesjaunes.fr/annuaire/chercherlespros?quoiqui=POIRSON&ou=ARBENT,https://www.societe.com/cgi-bin/search?champs=317839009,https://fr.trustpilot.com/review/poirson.net,,poirson.net,,,,,,,,,,,,,FR55317839009,,317839009,31783900900014,33.14Z,,,,site,non,,,oui,oui,2026-08-01,sirene,
A LEPETIT,C,8,a contacter,,,,,,,,,,,,maintenance,Reparation de machines et equipements mecaniques,SAINT-ROMAIN-DE-COLBOSC,,76,,,,,,site+8,https://www.pappers.fr/entreprise/358501203,https://annuaire-entreprises.data.gouv.fr/entreprise/358501203,https://www.google.com/maps/search/?api=1&query=A+LEPETIT+SAINT-ROMAIN-DE-COLBOSC,https://www.google.com/search?q=A+LEPETIT+SAINT-ROMAIN-DE-COLBOSC,https://www.linkedin.com/search/results/companies/?keywords=A+LEPETIT,https://www.pagesjaunes.fr/annuaire/chercherlespros?quoiqui=A+LEPETIT&ou=SAINT-ROMAIN-DE-COLBOSC,https://www.societe.com/cgi-bin/search?champs=358501203,https://fr.trustpilot.com/review/alepetit.com,,alepetit.com,,,,,,,,,,,,,FR19358501203,,358501203,35850120300063,33.12Z,,,,,,,,oui,oui,2026-08-05,sirene,
ARCTIQUE,C,8,a contacter,,,,,,,,,,,,maintenance,Installation de machines et equipements mecaniques,SAINT-AMAND-MONTROND,,18,,,,,,site+8,https://www.pappers.fr/entreprise/429410848,https://annuaire-entreprises.data.gouv.fr/entreprise/429410848,https://www.google.com/maps/search/?api=1&query=ARCTIQUE+SAINT-AMAND-MONTROND,https://www.google.com/search?q=ARCTIQUE+SAINT-AMAND-MONTROND,https://www.linkedin.com/search/results/companies/?keywords=ARCTIQUE,https://www.pagesjaunes.fr/annuaire/chercherlespros?quoiqui=ARCTIQUE&ou=SAINT-AMAND-MONTROND,https://www.societe.com/cgi-bin/search?champs=429410848,https://fr.trustpilot.com/review/arctique.fr,,arctique.fr,,,,,,,,,,,,,FR00429410848,,429410848,42941084800015,33.20B,,,,,,,,oui,oui,2026-08-06,sirene,
ARRAS FROID SERVICES,C,8,a contacter,,,,,,,,,,,,maintenance,Reparation de machines et equipements mecaniques,GIBERVILLE,,14,,,,,,site+8,https://www.pappers.fr/entreprise/523236933,https://annuaire-entreprises.data.gouv.fr/entreprise/523236933,https://www.google.com/maps/search/?api=1&query=ARRAS+FROID+SERVICES+GIBERVILLE,https://www.google.com/search?q=ARRAS+FROID+SERVICES+GIBERVILLE,https://www.linkedin.com/search/results/companies/?keywords=ARRAS+FROID+SERVICES,https://www.pagesjaunes.fr/annuaire/chercherlespros?quoiqui=ARRAS+FROID+SERVICES&ou=GIBERVILLE,https://www.societe.com/cgi-bin/search?champs=523236933,https://fr.trustpilot.com/review/arrasfroidservices.fr,,arrasfroidservices.fr,,,,,,,,,,,,,FR66523236933,,523236933,52323693300058,33.12Z,,,,,,,,oui,oui,2026-08-05,sirene,
BO STORE,C,8,a contacter,,,,,,,,,,,,maintenance,Autres travaux d'installation n.c.a.,CARPIQUET,,14,,,,,,site+8,https://www.pappers.fr/entreprise/501401327,https://annuaire-entreprises.data.gouv.fr/entreprise/501401327,https://www.google.com/maps/search/?api=1&query=BO+STORE+CARPIQUET,https://www.google.com/search?q=BO+STORE+CARPIQUET,https://www.linkedin.com/search/results/companies/?keywords=BO+STORE,https://www.pagesjaunes.fr/annuaire/chercherlespros?quoiqui=BO+STORE&ou=CARPIQUET,https://www.societe.com/cgi-bin/search?champs=501401327,https://fr.trustpilot.com/review/bostore.org,,bostore.org,,,,,,,,,,,,,FR64501401327,,501401327,50140132700033,43.29B,,,,,,,,oui,oui,2026-08-05,sirene,
COMM PRO,C,8,a contacter,,,,,,,,,,,,maintenance,"Installation d'equipements electriques, de materiels electroniques et optiques ou d'autres materiels",BEAUMONT,,63,,,,,,site+8,https://www.pappers.fr/entreprise/794173278,https://annuaire-entreprises.data.gouv.fr/entreprise/794173278,https://www.google.com/maps/search/?api=1&query=COMM+PRO+BEAUMONT,https://www.google.com/search?q=COMM+PRO+BEAUMONT,https://www.linkedin.com/search/results/companies/?keywords=COMM+PRO,https://www.pagesjaunes.fr/annuaire/chercherlespros?quoiqui=COMM+PRO&ou=BEAUMONT,https://www.societe.com/cgi-bin/search?champs=794173278,https://fr.trustpilot.com/review/commpro.com,,commpro.com,,,,,,,,,,,,,FR26794173278,,794173278,79417327800027,33.20D,,,,,,,,oui,oui,2026-08-02,sirene,
EMASOLAR,C,8,a contacter,,,,,,,,,,,,maintenance,Reparation d'equipements electriques,LYON,,69,,,,,,site+8,https://www.pappers.fr/entreprise/534858063,https://annuaire-entreprises.data.gouv.fr/entreprise/534858063,https://www.google.com/maps/search/?api=1&query=EMASOLAR+LYON,https://www.google.com/search?q=EMASOLAR+LYON,https://www.linkedin.com/search/results/companies/?keywords=EMASOLAR,https://www.pagesjaunes.fr/annuaire/chercherlespros?quoiqui=EMASOLAR&ou=LYON,https://www.societe.com/cgi-bin/search?champs=534858063,https://fr.trustpilot.com/review/emasolar.fr,,emasolar.fr,,,,,,,,,,,,,FR07534858063,,534858063,53485806300058,33.14Z,,,,,,,,oui,oui,2026-08-03,sirene,
HONEYWELL AEROSPACE,C,8,a contacter,,,,,,,,,,,,maintenance,Reparation de materiels electroniques et optiques,TOULOUSE,,31,,,,,,site+8,https://www.pappers.fr/entreprise/340797919,https://annuaire-entreprises.data.gouv.fr/entreprise/340797919,https://www.google.com/maps/search/?api=1&query=HONEYWELL+AEROSPACE+TOULOUSE,https://www.google.com/search?q=HONEYWELL+AEROSPACE+TOULOUSE,https://www.linkedin.com/search/results/companies/?keywords=HONEYWELL+AEROSPACE,https://www.pagesjaunes.fr/annuaire/chercherlespros?quoiqui=HONEYWELL+AEROSPACE&ou=TOULOUSE,https://www.societe.com/cgi-bin/search?champs=340797919,https://fr.trustpilot.com/review/honeywellaerospace.com,https://www.linkedin.com/company/honeywell-aerospace,honeywellaerospace.com,,,,,,,,,,,,,FR92340797919,,340797919,34079791900040,33.13Z,,,,,,,,oui,oui,2026-08-08,sirene,
HYDRO APPLICATIONS,C,8,a contacter,,,,,,,,,,,,maintenance,Reparation de machines et equipements mecaniques,LAGORD,,17,,,,,,site+8,https://www.pappers.fr/entreprise/303414122,https://annuaire-entreprises.data.gouv.fr/entreprise/303414122,https://www.google.com/maps/search/?api=1&query=HYDRO+APPLICATIONS+LAGORD,https://www.google.com/search?q=HYDRO+APPLICATIONS+LAGORD,https://www.linkedin.com/search/results/companies/?keywords=HYDRO+APPLICATIONS,https://www.pagesjaunes.fr/annuaire/chercherlespros?quoiqui=HYDRO+APPLICATIONS&ou=LAGORD,https://www.societe.com/cgi-bin/search?champs=303414122,https://fr.trustpilot.com/review/hydroapplications.fr,,hydroapplications.fr,,,,,,,,,,,,,FR04303414122,,303414122,30341412200034,33.12Z,,,,,,,,oui,oui,2026-08-06,sirene,
KOESIO OCCITANIE,C,8,a contacter,,,,,,,,,,,,maintenance,Reparation de machines et equipements mecaniques,LABEGE,,31,,,,,,site+8,https://www.pappers.fr/entreprise/390895738,https://annuaire-entreprises.data.gouv.fr/entreprise/390895738,https://www.google.com/maps/search/?api=1&query=KOESIO+OCCITANIE+LABEGE,https://www.google.com/search?q=KOESIO+OCCITANIE+LABEGE,https://www.linkedin.com/search/results/companies/?keywords=KOESIO+OCCITANIE,https://www.pagesjaunes.fr/annuaire/chercherlespros?quoiqui=KOESIO+OCCITANIE&ou=LABEGE,https://www.societe.com/cgi-bin/search?champs=390895738,https://fr.trustpilot.com/review/koesiooccitanie.fr,,koesiooccitanie.fr,,,,,,,,,,,,,FR03390895738,,390895738,39089573800222,33.12Z,,,,,,,,oui,oui,2026-08-03,sirene,
LACROIX,C,8,a contacter,,,,,,,,,,,,maintenance,"Installation d'equipements electriques, de materiels electroniques et optiques ou d'autres materiels",TOULOUSE,,31,,,,,,site+8,https://www.pappers.fr/entreprise/410782494,https://annuaire-entreprises.data.gouv.fr/entreprise/410782494,https://www.google.com/maps/search/?api=1&query=LACROIX+TOULOUSE,https://www.google.com/search?q=LACROIX+TOULOUSE,https://www.linkedin.com/search/results/companies/?keywords=LACROIX,https://www.pagesjaunes.fr/annuaire/chercherlespros?quoiqui=LACROIX&ou=TOULOUSE,https://www.societe.com/cgi-bin/search?champs=410782494,https://fr.trustpilot.com/review/lacroix.org,,lacroix.org,,,,,,,,,,,,,FR33410782494,,410782494,41078249400018,33.20D,,,,,,,,oui,oui,2026-08-08,sirene,
LEAD'UP,C,8,a contacter,,,,,,,,,,,,maintenance,"Installation d'equipements electriques, de materiels electroniques et optiques ou d'autres materiels",TAVERS,,45,,,,,,site+8,https://www.pappers.fr/entreprise/820625184,https://annuaire-entreprises.data.gouv.fr/entreprise/820625184,https://www.google.com/maps/search/?api=1&query=LEAD%27UP+TAVERS,https://www.google.com/search?q=LEAD%27UP+TAVERS,https://www.linkedin.com/search/results/companies/?keywords=LEAD%27UP,https://www.pagesjaunes.fr/annuaire/chercherlespros?quoiqui=LEAD%27UP&ou=TAVERS,https://www.societe.com/cgi-bin/search?champs=820625184,https://fr.trustpilot.com/review/leadup.com,,leadup.com,,,,,,,,,,,,,FR44820625184,,820625184,82062518400016,33.20D,,,,,,,,oui,oui,2026-08-07,sirene,
MAEG COSTRUZIONI S.P.A,C,8,a contacter,,,,,,,,,,,,maintenance,Installation de machines et equipements mecaniques,,,,,,,,,site+8,https://www.pappers.fr/entreprise/843165317,https://annuaire-entreprises.data.gouv.fr/entreprise/843165317,https://www.google.com/maps/search/?api=1&query=MAEG+COSTRUZIONI+S.P.A,https://www.google.com/search?q=MAEG+COSTRUZIONI+S.P.A,https://www.linkedin.com/search/results/companies/?keywords=MAEG+COSTRUZIONI+S.P.A,https://www.pagesjaunes.fr/annuaire/chercherlespros?quoiqui=MAEG+COSTRUZIONI+S.P.A,https://www.societe.com/cgi-bin/search?champs=843165317,https://fr.trustpilot.com/review/maegcostruzionispa.com,,maegcostruzionispa.com,,,,,,,,,,,,,FR94843165317,,843165317,84316531700010,33.20B,,,,,,,,oui,oui,2026-08-09,sirene,
MANUMESURE,C,8,a contacter,,,,,,,,,,,,maintenance,Reparation de materiels electroniques et optiques,ASNIERES-SUR-SEINE,,92,,,,,,site+8,https://www.pappers.fr/entreprise/663650034,https://annuaire-entreprises.data.gouv.fr/entreprise/663650034,https://www.google.com/maps/search/?api=1&query=MANUMESURE+ASNIERES-SUR-SEINE,https://www.google.com/search?q=MANUMESURE+ASNIERES-SUR-SEINE,https://www.linkedin.com/search/results/companies/?keywords=MANUMESURE,https://www.pagesjaunes.fr/annuaire/chercherlespros?quoiqui=MANUMESURE&ou=ASNIERES-SUR-SEINE,https://www.societe.com/cgi-bin/search?champs=663650034,https://fr.trustpilot.com/review/manumesure.fr,https://fr.linkedin.com/company/manumesure,manumesure.fr,,,,,,,,,,,,,FR88663650034,,663650034,66365003400635,33.13Z,,,,,,,,oui,oui,2026-08-04,sirene,
MESTE,C,8,a contacter,,,,,,,,,,,,maintenance,Reparation de machines et equipements mecaniques,AUBAGNE,,13,,,,,,site+8,https://www.pappers.fr/entreprise/889369583,https://annuaire-entreprises.data.gouv.fr/entreprise/889369583,https://www.google.com/maps/search/?api=1&query=MESTE+AUBAGNE,https://www.google.com/search?q=MESTE+AUBAGNE,https://www.linkedin.com/search/results/companies/?keywords=MESTE,https://www.pagesjaunes.fr/annuaire/chercherlespros?quoiqui=MESTE&ou=AUBAGNE,https://www.societe.com/cgi-bin/search?champs=889369583,https://fr.trustpilot.com/review/meste.com,,meste.com,,,,,,,,,,,,,FR86889369583,,889369583,88936958300022,33.12Z,,,,,,,,oui,oui,2026-08-05,sirene,
MIREY SAS,C,8,a contacter,,,,,,,,,,,,maintenance,Reparation d'equipements electriques,CAEN,,14,,,,,,site+8,https://www.pappers.fr/entreprise/308897230,https://annuaire-entreprises.data.gouv.fr/entreprise/308897230,https://www.google.com/maps/search/?api=1&query=MIREY+SAS+CAEN,https://www.google.com/search?q=MIREY+SAS+CAEN,https://www.linkedin.com/search/results/companies/?keywords=MIREY+SAS,https://www.pagesjaunes.fr/annuaire/chercherlespros?quoiqui=MIREY+SAS&ou=CAEN,https://www.societe.com/cgi-bin/search?champs=308897230,https://fr.trustpilot.com/review/mirey.fr,,mirey.fr,,,,,,,,,,,,,FR68308897230,,308897230,30889723000014,33.14Z,,,,,,,,oui,oui,2026-08-05,sirene,
SPX FLOW TECHNOLOGY SAS,C,8,a contacter,,,,,,,,,,,,maintenance,Installation de machines et equipements mecaniques,EVREUX,,27,,,,,,site+8,https://www.pappers.fr/entreprise/435580352,https://annuaire-entreprises.data.gouv.fr/entreprise/435580352,https://www.google.com/maps/search/?api=1&query=SPX+FLOW+TECHNOLOGY+SAS+EVREUX,https://www.google.com/search?q=SPX+FLOW+TECHNOLOGY+SAS+EVREUX,https://www.linkedin.com/search/results/companies/?keywords=SPX+FLOW+TECHNOLOGY+SAS,https://www.pagesjaunes.fr/annuaire/chercherlespros?quoiqui=SPX+FLOW+TECHNOLOGY+SAS&ou=EVREUX,https://www.societe.com/cgi-bin/search?champs=435580352,https://fr.trustpilot.com/review/spxflowtechnology.com,https://www.linkedin.com/company/spx-flow,spxflowtechnology.com,,,,,,,,,,,,,FR39435580352,,435580352,43558035200100,33.20B,,,,,,,,oui,oui,2026-08-03,sirene,
TECHNIFROID,C,8,a contacter,,,,,,,,,,,,maintenance,Reparation de machines et equipements mecaniques,BONDOUFLE,,91,,,,,,site+8,https://www.pappers.fr/entreprise/393847405,https://annuaire-entreprises.data.gouv.fr/entreprise/393847405,https://www.google.com/maps/search/?api=1&query=TECHNIFROID+BONDOUFLE,https://www.google.com/search?q=TECHNIFROID+BONDOUFLE,https://www.linkedin.com/search/results/companies/?keywords=TECHNIFROID,https://www.pagesjaunes.fr/annuaire/chercherlespros?quoiqui=TECHNIFROID&ou=BONDOUFLE,https://www.societe.com/cgi-bin/search?champs=393847405,https://fr.trustpilot.com/review/technifroid.com,,technifroid.com,,,,,,,,,,,,,FR68393847405,,393847405,39384740500130,33.12Z,,,,,,,,oui,oui,2026-08-03,sirene,
1 BLOW SERVICES,,,a contacter,,,,,,,,,,,,maintenance,Installation de machines et equipements mecaniques,BOISSY-L'AILLERIE,,95,,,,,,,,,,,,,,,,,,,,,,,,,,,,,,,511717548,51171754800032,33.20B,,,,,,,,,,,sirene,
2 J FERMETURES,,,a contacter,,,,,,,,,,,,maintenance,Autres travaux d'installation n.c.a.,LIMAY,,78,,,,,,,,,,,,,,,,,,,,,,,,,,,,,,,511354300,51135430000044,43.29B,,,,,,,,,,,sirene,
2 M (MAINTENANCE MURZIN),,,a contacter,,,,,,,,,,,,maintenance,Reparation de machines et equipements mecaniques,VIEUX-CONDE,,59,,,,,,,,,,,,,,,,,,,,,,,,,,,,,,,799274881,79927488100017,33.12Z,,,,,,,,,,,sirene,
2ACOM,,,a contacter,,,,,,,,,,,,maintenance,"Installation d'equipements electriques, de materiels electroniques et optiques ou d'autres materiels",REDON,,35,,,,,,,,,,,,,,,,,,,,,,,,,,,,,,,497587410,49758741000075,33.20D,,,,,,,,,,,sirene,
A A Z FRANCE,,,a contacter,,,,,,,,,,,,maintenance,Reparation de machines et equipements mecaniques,ALLONNES,,49,,,,,,,,,,,,,,,,,,,,,,,,,,,,,,,520635277,52063527700046,33.12Z,,,,,,,,,,,sirene,
A F R,,,a contacter,,,,,,,,,,,,maintenance,Reparation de machines et equipements mecaniques,VILLEURBANNE,,69,,,,,,,,,,,,,,,,,,,,,,,,,,,,,,,392602454,39260245400010,33.12Z,,,,,,,,,,,sirene,
A M C S TECHNOLOGIES,,,a contacter,,,,,,,,,,,,maintenance,Reparation de materiels electroniques et optiques,COLLEGIEN,,77,,,,,,,,,,,,,,,,,,,,,,,,,,,,,,,452439490,45243949000049,33.13Z,,,,,,,,,,,sirene,
A R 2 M,,,a contacter,,,,,,,,,,,,maintenance,Autres travaux d'installation n.c.a.,MESNIL-ROC'H,,35,,,,,,,,,,,,,,,,,,,,,,,,,,,,,,,508178613,50817861300024,43.29B,,,,,,,,,,,sirene,
A T F,,,a contacter,,,,,,,,,,,,maintenance,Installation de machines et equipements mecaniques,PUYGOUZON,,81,,,,,,,,,,,,,,,,,,,,,,,,,,,,,,,431635663,43163566300021,33.20B,,,,,,,,,,,sirene,
A.B.C. FROID,,,a contacter,,,,,,,,,,,,maintenance,Installation de machines et equipements mecaniques,CHANVERRIE,,85,,,,,,,,,,,,,,,,,,,,,,,,,,,,,,,414470161,41447016100046,33.20B,,,,,,,,,,,sirene,
A.B.M.C.,,,a contacter,,,,,,,,,,,,maintenance,Reparation d'equipements electriques,CALAIS,,62,,,,,,,,,,,,,,,,,,,,,,,,,,,,,,,392550778,39255077800022,33.14Z,,,,,,,,,,,sirene,
A.B.T.M.,,,a contacter,,,,,,,,,,,,maintenance,Reparation de machines et equipements mecaniques,VEUREY-VOROIZE,,38,,,,,,,,,,,,,,,,,,,,,,,,,,,,,,,453278046,45327804600025,33.12Z,,,,,,,,,,,sirene,
A.D.B.M,,,a contacter,,,,,,,,,,,,maintenance,Autres travaux d'installation n.c.a.,SUSVILLE,,38,,,,,,,,,,,,,,,,,,,,,,,,,,,,,,,522909142,52290914200039,43.29B,,,,,,,,,,,sirene,
A.D.R AGENCEMENT DECORATION RICHARD,,,a contacter,,,,,,,,,,,,maintenance,Autres travaux d'installation n.c.a.,MONTREUIL,,93,,,,,,,,,,,,,,,,,,,,,,,,,,,,,,,503572844,50357284400010,43.29B,,,,,,,,,,,sirene,
A.E.A ACCESSIBILITE PAR L'ELEVATEUR OU L'ASCENSEUR,,,a contacter,,,,,,,,,,,,maintenance,Autres travaux d'installation n.c.a.,BEZANNES,,51,,,,,,,,,,,,,,,,,,,,,,,,,,,,,,,798191409,79819140900035,43.29B,,,,,,,,,,,sirene,
A.F.I.D.F.,,,a contacter,,,,,,,,,,,,maintenance,Autres travaux d'installation n.c.a.,MARLY-LA-VILLE,,95,,,,,,,,,,,,,,,,,,,,,,,,,,,,,,,494577869,49457786900030,43.29B,,,,,,,,,,,sirene,
A.I.V. SARL ATELIER INDUSTRIEL VINTEJOUX,,,a contacter,,,,,,,,,,,,maintenance,Reparation de machines et equipements mecaniques,ROANNE,,42,,,,,,,,,,,,,,,,,,,,,,,,,,,,,,,398162826,39816282600042,33.12Z,,,,,,,,,,,sirene,
A.M.D.S.,,,a contacter,,,,,,,,,,,,maintenance,Reparation de machines et equipements mecaniques,DIVATTE-SUR-LOIRE,,44,,,,,,,,,,,,,,,,,,,,,,,,,,,,,,,501763577,50176357700035,33.12Z,,,,,,,,,,,sirene,
A.M.I. 37,,,a contacter,,,,,,,,,,,,maintenance,Reparation de machines et equipements mecaniques,AZAY-LE-RIDEAU,,37,,,,,,,,,,,,,,,,,,,,,,,,,,,,,,,522608520,52260852000022,33.12Z,,,,,,,,,,,sirene,
A.M.T.I. ASSIST  MAINT  TECHNIQ INDUS,,,a contacter,,,,,,,,,,,,maintenance,Reparation de machines et equipements mecaniques,LES SORINIERES,,44,,,,,,,,,,,,,,,,,,,,,,,,,,,,,,,477727127,47772712700029,33.12Z,,,,,,,,,,,sirene,
A.S ASCENSEURS SERVICES,,,a contacter,,,,,,,,,,,,maintenance,Autres travaux d'installation n.c.a.,PARIS,,75,,,,,,,,,,,,,,,,,,,,,,,,,,,,,,,414501411,41450141100030,43.29B,,,,,,,,,,,sirene,
A.T.I.,,,a contacter,,,,,,,,,,,,maintenance,Reparation de machines et equipements mecaniques,MEYZIEU,,69,,,,,,,,,,,,,,,,,,,,,,,,,,,,,,,501745772,50174577200035,33.12Z,,,,,,,,,,,sirene,
A2A ASCENSEURS LORRAINE,,,a contacter,,,,,,,,,,,,maintenance,Autres travaux d'installation n.c.a.,BEZANNES,,51,,,,,,,,,,,,,,,,,,,,,,,,,,,,,,,817641566,81764156600036,43.29B,,,,,,,,,,,sirene,
A2MS,,,a contacter,,,,,,,,,,,,maintenance,Installation de machines et equipements mecaniques,NEGREPELISSE,,82,,,,,,,,,,,,,,,,,,,,,,,,,,,,,,,852201391,85220139100020,33.20B,,,,,,,,,,,sirene,
A2P,C,0,a contacter,,,,,,,,,,,,maintenance,Autres travaux d'installation n.c.a.,ROUFFIAC-TOLOSAN,,31,,,,,,,https://www.pappers.fr/entreprise/528786965,https://annuaire-entreprises.data.gouv.fr/entreprise/528786965,https://www.google.com/maps/search/?api=1&query=A2P+ROUFFIAC-TOLOSAN,https://www.google.com/search?q=A2P+ROUFFIAC-TOLOSAN,https://www.linkedin.com/search/results/companies/?keywords=A2P,https://www.pagesjaunes.fr/annuaire/chercherlespros?quoiqui=A2P&ou=ROUFFIAC-TOLOSAN,https://www.societe.com/cgi-bin/search?champs=528786965,,,,,,,,,,,,,,,,FR15528786965,,528786965,52878696500020,43.29B,,,,,,,,non,oui,2026-08-09,sirene,
A3 INDUSTRIE,,,a contacter,,,,,,,,,,,,maintenance,Reparation de machines et equipements mecaniques,LUCHY,,60,,,,,,,,,,,,,,,,,,,,,,,,,,,,,,,801822800,80182280000034,33.12Z,,,,,,,,,,,sirene,
AB MAINTENANCE,,,a contacter,,,,,,,,,,,,maintenance,Reparation d'equipements electriques,PONTONX-SUR-L'ADOUR,,40,,,,,,,,,,,,,,,,,,,,,,,,,,,,,,,532291408,53229140800021,33.14Z,,,,,,,,,,,sirene,
AB NEON,,,a contacter,,,,,,,,,,,,maintenance,"Installation d'equipements electriques, de materiels electroniques et optiques ou d'autres materiels",GUER,,56,,,,,,,,,,,,,,,,,,,,,,,,,,,,,,,524638228,52463822800022,33.20D,,,,,,,,,,,sirene,
ABCP-ABS,,,a contacter,,,,,,,,,,,,maintenance,Reparation de machines et equipements mecaniques,MESANGER,,44,,,,,,,,,,,,,,,,,,,,,,,,,,,,,,,514288869,51428886900027,33.12Z,,,,,,,,,,,sirene,
ABF 35,,,a contacter,,,,,,,,,,,,maintenance,Autres travaux d'installation n.c.a.,CESSON-SEVIGNE,,35,,,,,,,,,,,,,,,,,,,,,,,,,,,,,,,497642330,49764233000037,43.29B,,,,,,,,,,,sirene,
ABH,,,a contacter,,,,,,,,,,,,maintenance,Autres travaux d'installation n.c.a.,PACE,,35,,,,,,,,,,,,,,,,,,,,,,,,,,,,,,,381934884,38193488400028,43.29B,,,,,,,,,,,sirene,
AC PORTAIL,,,a contacter,,,,,,,,,,,,maintenance,Autres travaux d'installation n.c.a.,BEGAAR,,40,,,,,,,,,,,,,,,,,,,,,,,,,,,,,,,917987257,91798725700016,43.29B,,,,,,,,,,,sirene,
ACAF LYON,,,a contacter,,,,,,,,,,,,maintenance,Autres travaux d'installation n.c.a.,GENAS,,69,,,,,,,,,,,,,,,,,,,,,,,,,,,,,,,503176018,50317601800037,43.29B,,,,,,,,,,,sirene,
ACARA,,,a contacter,,,,,,,,,,,,maintenance,Reparation de machines et equipements mecaniques,VEYRE-MONTON,,63,,,,,,,,,,,,,,,,,,,,,,,,,,,,,,,821131984,82113198400022,33.12Z,,,,,,,,,,,sirene,
ACCES ELEVATION,,,a contacter,,,,,,,,,,,,maintenance,Installation de machines et equipements mecaniques,MALLEVAL,,42,,,,,,,,,,,,,,,,,,,,,,,,,,,,,,,790200919,79020091900021,33.20B,,,,,,,,,,,sirene,
ACCESS ALU,,,a contacter,,,,,,,,,,,,maintenance,Autres travaux d'installation n.c.a.,ILLIES,,59,,,,,,,,,,,,,,,,,,,,,,,,,,,,,,,840976260,84097626000033,43.29B,,,,,,,,,,,sirene,
ACCORIS,,,a contacter,,,,,,,,,,,,maintenance,Reparation de machines et equipements mecaniques,CHASSIEU,,69,,,,,,,,,,,,,,,,,,,,,,,,,,,,,,,835049412,83504941200017,33.12Z,,,,,,,,,,,sirene,
ACFP ENVIRONNEMENT,,,a contacter,,,,,,,,,,,,maintenance,Installation de machines et equipements mecaniques,LILLE,,59,,,,,,,,,,,,,,,,,,,,,,,,,,,,,,,437777469,43777746900028,33.20B,,,,,,,,,,,sirene,
ACS ASCENSEUR COPRO SERVICE,,,a contacter,,,,,,,,,,,,maintenance,Autres travaux d'installation n.c.a.,ALFORTVILLE,,94,,,,,,,,,,,,,,,,,,,,,,,,,,,,,,,510493091,51049309100019,43.29B,,,,,,,,,,,sirene,
ACT ENGINEERING,,,a contacter,,,,,,,,,,,,maintenance,Installation de machines et equipements mecaniques,SAINT-BRANCHS,,37,,,,,,,,,,,,,,,,,,,,,,,,,,,,,,,309507168,30950716800032,33.20B,,,,,,,,,,,sirene,
ACTION GROUPE,,,a contacter,,,,,,,,,,,,maintenance,Reparation de machines et equipements mecaniques,VILLEMANDEUR,,45,,,,,,,,,,,,,,,,,,,,,,,,,,,,,,,407663848,40766384800049,33.12Z,,,,,,,,,,,sirene,
AD CLIM,,,a contacter,,,,,,,,,,,,maintenance,Installation de machines et equipements mecaniques,FAREMOUTIERS,,77,,,,,,,,,,,,,,,,,,,,,,,,,,,,,,,450158555,45015855500034,33.20B,,,,,,,,,,,sirene,
AD FROID,,,a contacter,,,,,,,,,,,,maintenance,Installation de machines et equipements mecaniques,PACE,,35,,,,,,,,,,,,,,,,,,,,,,,,,,,,,,,501866693,50186669300036,33.20B,,,,,,,,,,,sirene,
ADF GUYANE,,,a contacter,,,,,,,,,,,,maintenance,Reparation de machines et equipements mecaniques,KOUROU,,973,,,,,,,,,,,,,,,,,,,,,,,,,,,,,,,887599686,88759968600011,33.12Z,,,,,,,,,,,sirene,
ADF RHONE ALPES,,,a contacter,,,,,,,,,,,,maintenance,Reparation de machines et equipements mecaniques,SAINT-LAURENT-DE-MURE,,69,,,,,,,,,,,,,,,,,,,,,,,,,,,,,,,488393885,48839388500048,33.12Z,,,,,,,,,,,sirene,
ADITEC,,,a contacter,,,,,,,,,,,,maintenance,Installation de machines et equipements mecaniques,ENTRELACS,,73,,,,,,,,,,,,,,,,,,,,,,,,,,,,,,,339721763,33972176300029,33.20B,,,,,,,,,,,sirene,
ADS,,,a contacter,,,,,,,,,,,,maintenance,Autres travaux d'installation n.c.a.,EPERNAY,,51,,,,,,,,,,,,,,,,,,,,,,,,,,,,,,,517495057,51749505700013,43.29B,,,,,,,,,,,sirene,
ADTE,,,a contacter,,,,,,,,,,,,maintenance,Installation de machines et equipements mecaniques,ARGENTEUIL,,95,,,,,,,,,,,,,,,,,,,,,,,,,,,,,,,415172543,41517254300035,33.20B,,,,,,,,,,,sirene,
ADVANTEST FRANCE SAS,C,0,a contacter,,,,,,,,,,,,maintenance,Reparation de materiels electroniques et optiques,GRENOBLE,,38,,,,,,,https://www.pappers.fr/entreprise/488789629,https://annuaire-entreprises.data.gouv.fr/entreprise/488789629,https://www.google.com/maps/search/?api=1&query=ADVANTEST+FRANCE+SAS+GRENOBLE,https://www.google.com/search?q=ADVANTEST+FRANCE+SAS+GRENOBLE,https://www.linkedin.com/search/results/companies/?keywords=ADVANTEST+FRANCE+SAS,https://www.pagesjaunes.fr/annuaire/chercherlespros?quoiqui=ADVANTEST+FRANCE+SAS&ou=GRENOBLE,https://www.societe.com/cgi-bin/search?champs=488789629,,,,,,,,,,,,,,,,FR14488789629,,488789629,48878962900042,33.13Z,,,,,,,,non,oui,2026-08-04,sirene,
AEP,,,a contacter,,,,,,,,,,,,maintenance,Reparation de machines et equipements mecaniques,MERY-SUR-OISE,,95,,,,,,,,,,,,,,,,,,,,,,,,,,,,,,,537487613,53748761300052,33.12Z,,,,,,,,,,,sirene,
AEPBMP GROUPE,,,a contacter,,,,,,,,,,,,maintenance,Reparation d'equipements electriques,VITRE,,35,,,,,,,,,,,,,,,,,,,,,,,,,,,,,,,537487472,53748747200038,33.14Z,,,,,,,,,,,sirene,
AERAULIQUE THERMIQUE HYDRAULIQUE,,,a contacter,,,,,,,,,,,,maintenance,Installation de machines et equipements mecaniques,SAINT-PRIEST,,69,,,,,,,,,,,,,,,,,,,,,,,,,,,,,,,341419539,34141953900018,33.20B,,,,,,,,,,,sirene,
AERO TECHNOLOGIES,,,a contacter,,,,,,,,,,,,maintenance,Installation de machines et equipements mecaniques,HOUILLES,,78,,,,,,,,,,,,,,,,,,,,,,,,,,,,,,,825126337,82512633700013,33.20B,,,,,,,,,,,sirene,
AEROBATTERIE,,,a contacter,,,,,,,,,,,,maintenance,Reparation d'equipements electriques,ROISSY-EN-FRANCE,,95,,,,,,,,,,,,,,,,,,,,,,,,,,,,,,,512855552,51285555200059,33.14Z,,,,,,,,,,,sirene,
AEROFROID,,,a contacter,,,,,,,,,,,,maintenance,Installation de machines et equipements mecaniques,MENIL-AUX-BOIS,,55,,,,,,,,,,,,,,,,,,,,,,,,,,,,,,,477725204,47772520400028,33.20B,,,,,,,,,,,sirene,
AESMA,,,a contacter,,,,,,,,,,,,maintenance,Installation de machines et equipements mecaniques,GONESSE,,95,,,,,,,,,,,,,,,,,,,,,,,,,,,,,,,832354070,83235407000019,33.20B,,,,,,,,,,,sirene,
AFACLIM,,,a contacter,,,,,,,,,,,,maintenance,Installation de machines et equipements mecaniques,CONFLANS-SAINTE-HONORINE,,78,,,,,,,,,,,,,,,,,,,,,,,,,,,,,,,383708138,38370813800029,33.20B,,,,,,,,,,,sirene,
AFATEK,,,a contacter,,,,,,,,,,,,maintenance,Installation de machines et equipements mecaniques,VILLEJUST,,91,,,,,,,,,,,,,,,,,,,,,,,,,,,,,,,423606433,42360643300039,33.20B,,,,,,,,,,,sirene,
AFUME MAINTENANCE,,,a contacter,,,,,,,,,,,,maintenance,Reparation de machines et equipements mecaniques,JARGEAU,,45,,,,,,,,,,,,,,,,,,,,,,,,,,,,,,,851671123,85167112300012,33.12Z,,,,,,,,,,,sirene,
AGENCE DE MAINTENANCE ET PRESTATION INDUSTRIELLE,,,a contacter,,,,,,,,,,,,maintenance,Reparation d'equipements electriques,MUIZON,,51,,,,,,,,,,,,,,,,,,,,,,,,,,,,,,,831451356,83145135600032,33.14Z,,,,,,,,,,,sirene,
AGENCEMENT CHAPPERT FRIGORIFIQUE,,,a contacter,,,,,,,,,,,,maintenance,Installation de machines et equipements mecaniques,ALBI,,81,,,,,,,,,,,,,,,,,,,,,,,,,,,,,,,405243619,40524361900013,33.20B,,,,,,,,,,,sirene,
AGENCEMENT CLIMATISATION REFRIGERATION,,,a contacter,,,,,,,,,,,,maintenance,Installation de machines et equipements mecaniques,IVRY-SUR-SEINE,,94,,,,,,,,,,,,,,,,,,,,,,,,,,,,,,,444160824,44416082400041,33.20B,,,,,,,,,,,sirene,
AGESCA IDENTIFICATION,,,a contacter,,,,,,,,,,,,maintenance,Autres travaux d'installation n.c.a.,BRON,,69,,,,,,,,,,,,,,,,,,,,,,,,,,,,,,,389720541,38972054100025,43.29B,,,,,,,,,,,sirene,
AGISCOM TECHNOLOGY,,,a contacter,,,,,,,,,,,,maintenance,Reparation de materiels electroniques et optiques,QUINCY-VOISINS,,77,,,,,,,,,,,,,,,,,,,,,,,,,,,,,,,519381594,51938159400018,33.13Z,,,,,,,,,,,sirene,
AGRI PLEVY,,,a contacter,,,,,,,,,,,,maintenance,Reparation de machines et equipements mecaniques,GREZIEU-LE-MARCHE,,69,,,,,,,,,,,,,,,,,,,,,,,,,,,,,,,452427883,45242788300023,33.12Z,,,,,,,,,,,sirene,
AGRIMOT PEAN SERVICES,,,a contacter,,,,,,,,,,,,maintenance,Reparation de machines et equipements mecaniques,LE LUART,,72,,,,,,,,,,,,,,,,,,,,,,,,,,,,,,,887759405,88775940500012,33.12Z,,,,,,,,,,,sirene,
AGRISPOR SECURIBAT,C,0,a contacter,,,,,,,,,,,,maintenance,Autres travaux d'installation n.c.a.,SOUMONT-SAINT-QUENTIN,,14,,,,,,,https://www.pappers.fr/entreprise/332188226,https://annuaire-entreprises.data.gouv.fr/entreprise/332188226,https://www.google.com/maps/search/?api=1&query=AGRISPOR+SECURIBAT+SOUMONT-SAINT-QUENTIN,https://www.google.com/search?q=AGRISPOR+SECURIBAT+SOUMONT-SAINT-QUENTIN,https://www.linkedin.com/search/results/companies/?keywords=AGRISPOR+SECURIBAT,https://www.pagesjaunes.fr/annuaire/chercherlespros?quoiqui=AGRISPOR+SECURIBAT&ou=SOUMONT-SAINT-QUENTIN,https://www.societe.com/cgi-bin/search?champs=332188226,,,,,,,,,,,,,,,,FR76332188226,,332188226,33218822600051,43.29B,,,,,,,,non,oui,2026-08-05,sirene,
AGRO PROCESS,,,a contacter,,,,,,,,,,,,maintenance,Installation de machines et equipements mecaniques,VALENCE,,82,,,,,,,,,,,,,,,,,,,,,,,,,,,,,,,413032137,41303213700015,33.20B,,,,,,,,,,,sirene,
AIBSOFT,,,a contacter,,,,,,,,,,,,maintenance,"Installation d'equipements electriques, de materiels electroniques et optiques ou d'autres materiels",SARREBOURG,,57,,,,,,,,,,,,,,,,,,,,,,,,,,,,,,,510113020,51011302000026,33.20D,,,,,,,,,,,sirene,
AIF SCHINDLER,,,a contacter,,,,,,,,,,,,maintenance,Autres travaux d'installation n.c.a.,VILLENEUVE-LA-GARENNE,,92,,,,,,,,,,,,,,,,,,,,,,,,,,,,,,,308448182,30844818200086,43.29B,,,,,,,,,,,sirene,
AIR CONDITIONNE SYSTEM TECHNOLOGIES,,,a contacter,,,,,,,,,,,,maintenance,Installation de machines et equipements mecaniques,VILLEBON-SUR-YVETTE,,91,,,,,,,,,,,,,,,,,,,,,,,,,,,,,,,414925479,41492547900043,33.20B,,,,,,,,,,,sirene,
AIR GROUPE,C,0,a contacter,,,,,,,,,,,,maintenance,Installation de machines et equipements mecaniques,PEYPIN,,13,,,,,,,https://www.pappers.fr/entreprise/438559627,https://annuaire-entreprises.data.gouv.fr/entreprise/438559627,https://www.google.com/maps/search/?api=1&query=AIR+GROUPE+PEYPIN,https://www.google.com/search?q=AIR+GROUPE+PEYPIN,https://www.linkedin.com/search/results/companies/?keywords=AIR+GROUPE,https://www.pagesjaunes.fr/annuaire/chercherlespros?quoiqui=AIR+GROUPE&ou=PEYPIN,https://www.societe.com/cgi-bin/search?champs=438559627,,,,,,,,,,,,,,,,FR90438559627,,438559627,43855962700015,33.20B,,,,,,,,non,oui,2026-08-04,sirene,
AIR OUEST CLIMATISATION,,,a contacter,,,,,,,,,,,,maintenance,Installation de machines et equipements mecaniques,PACE,,35,,,,,,,,,,,,,,,,,,,,,,,,,,,,,,,407535566,40753556600035,33.20B,,,,,,,,,,,sirene,
AIR QUALITY PROCESS,,,a contacter,,,,,,,,,,,,maintenance,Installation de machines et equipements mecaniques,ARTIX,,64,,,,,,,,,,,,,,,,,,,,,,,,,,,,,,,391297447,39129744700024,33.20B,,,,,,,,,,,sirene,
AIR VIDE MAINTENANCE,,,a contacter,,,,,,,,,,,,maintenance,Reparation de machines et equipements mecaniques,OSTRICOURT,,59,,,,,,,,,,,,,,,,,,,,,,,,,,,,,,,505201640,50520164000024,33.12Z,,,,,,,,,,,sirene,
ALCETIS,,,a contacter,,,,,,,,,,,,maintenance,"Installation d'equipements electriques, de materiels electroniques et optiques ou d'autres materiels",COLLEGIEN,,77,,,,,,,,,,,,,,,,,,,,,,,,,,,,,,,444989958,44498995800038,33.20D,,,,,,,,,,,sirene,
ALEO ASCENSEURS,,,a contacter,,,,,,,,,,,,maintenance,Autres travaux d'installation n.c.a.,IRIGNY,,69,,,,,,,,,,,,,,,,,,,,,,,,,,,,,,,510433816,51043381600020,43.29B,,,,,,,,,,,sirene,
ALGAN-SIREC,,,a contacter,,,,,,,,,,,,maintenance,Reparation de machines et equipements mecaniques,CHAMPIGNY,,89,,,,,,,,,,,,,,,,,,,,,,,,,,,,,,,351887476,35188747600031,33.12Z,,,,,,,,,,,sirene,
ALIUM CONCEPT,,,a contacter,,,,,,,,,,,,maintenance,Autres travaux d'installation n.c.a.,EAUBONNE,,95,,,,,,,,,,,,,,,,,,,,,,,,,,,,,,,499496313,49949631300036,43.29B,,,,,,,,,,,sirene,
ALM FROID,,,a contacter,,,,,,,,,,,,maintenance,Installation de machines et equipements mecaniques,CHANTELOUP-LES-VIGNES,,78,,,,,,,,,,,,,,,,,,,,,,,,,,,,,,,514559442,51455944200033,33.20B,,,,,,,,,,,sirene,
ALP'COM,,,a contacter,,,,,,,,,,,,maintenance,"Installation d'equipements electriques, de materiels electroniques et optiques ou d'autres materiels",ANNECY,,74,,,,,,,,,,,,,,,,,,,,,,,,,,,,,,,387872401,38787240100105,33.20D,,,,,,,,,,,sirene,
ALPASER,,,a contacter,,,,,,,,,,,,maintenance,Autres travaux d'installation n.c.a.,LA ROCHE-SUR-FORON,,74,,,,,,,,,,,,,,,,,,,,,,,,,,,,,,,390446557,39044655700048,43.29B,,,,,,,,,,,sirene,
ALPES COMMUNICATION SYSTEMS,,,a contacter,,,,,,,,,,,,maintenance,Reparation de machines et equipements mecaniques,CHAMBERY,,73,,,,,,,,,,,,,,,,,,,,,,,,,,,,,,,343328035,34332803500047,33.12Z,,,,,,,,,,,sirene,
ALPHAMETAL,,,a contacter,,,,,,,,,,,,maintenance,Reparation de machines et equipements mecaniques,THIONVILLE,,57,,,,,,,,,,,,,,,,,,,,,,,,,,,,,,,503541559,50354155900012,33.12Z,,,,,,,,,,,sirene,
ALSIA,,,a contacter,,,,,,,,,,,,maintenance,Installation de machines et equipements mecaniques,SCHILTIGHEIM,,67,,,,,,,,,,,,,,,,,,,,,,,,,,,,,,,568500391,56850039100012,33.20B,,,,,,,,,,,sirene,
ALTI FROID,,,a contacter,,,,,,,,,,,,maintenance,Installation de machines et equipements mecaniques,VACHERESSE,,74,,,,,,,,,,,,,,,,,,,,,,,,,,,,,,,430150201,43015020100027,33.20B,,,,,,,,,,,sirene,
AMICN SERVICES,,,a contacter,,,,,,,,,,,,maintenance,"Installation d'equipements electriques, de materiels electroniques et optiques ou d'autres materiels",TIGNIEU-JAMEYZIEU,,38,,,,,,,,,,,,,,,,,,,,,,,,,,,,,,,413154857,41315485700051,33.20D,,,,,,,,,,,sirene,
AMIO ASSISTANCE MAINTENANCE INDUSTRIELLE OUEST,C,0,a contacter,,,,,,,,,,,,maintenance,Installation de machines et equipements mecaniques,ANCENIS-SAINT-GEREON,,44,,,,,,,https://www.pappers.fr/entreprise/395145311,https://annuaire-entreprises.data.gouv.fr/entreprise/395145311,https://www.google.com/maps/search/?api=1&query=AMIO+ASSISTANCE+MAINTENANCE+INDUSTRIELLE+OUEST+ANCENIS-SAINT-GEREON,https://www.google.com/search?q=AMIO+ASSISTANCE+MAINTENANCE+INDUSTRIELLE+OUEST+ANCENIS-SAINT-GEREON,https://www.linkedin.com/search/results/companies/?keywords=AMIO+ASSISTANCE+MAINTENANCE+INDUSTRIELLE+OUEST,https://www.pagesjaunes.fr/annuaire/chercherlespros?quoiqui=AMIO+ASSISTANCE+MAINTENANCE+INDUSTRIELLE+OUEST&ou=ANCENIS-SAINT-GEREON,https://www.societe.com/cgi-bin/search?champs=395145311,,,,,,,,,,,,,,,,FR12395145311,,395145311,39514531100068,33.20B,,,,,,,,non,oui,2026-08-07,sirene,
AMITEC,,,a contacter,,,,,,,,,,,,maintenance,Reparation de materiels electroniques et optiques,BRETEIL,,35,,,,,,,,,,,,,,,,,,,,,,,,,,,,,,,813198702,81319870200025,33.13Z,,,,,,,,,,,sirene,
ANDRES SAS,,,a contacter,,,,,,,,,,,,maintenance,Reparation de machines et equipements mecaniques,OBERNAI,,67,,,,,,,,,,,,,,,,,,,,,,,,,,,,,,,350918272,35091827200039,33.12Z,,,,,,,,,,,sirene,
ANDRITZ SCHULER FRANCE,,,a contacter,,,,,,,,,,,,maintenance,Reparation de machines et equipements mecaniques,STRASBOURG,,67,,,,,,,,,,,,,,,,,,,,,,,,,,,,,,,335323853,33532385300028,33.12Z,,,,,,,,,,,sirene,
ANG,,,a contacter,,,,,,,,,,,,maintenance,Autres travaux d'installation n.c.a.,MANDRES-LES-ROSES,,94,,,,,,,,,,,,,,,,,,,,,,,,,,,,,,,513770099,51377009900036,43.29B,,,,,,,,,,,sirene,
ANTELIA,,,a contacter,,,,,,,,,,,,maintenance,Reparation de materiels electroniques et optiques,DOMMARTIN,,69,,,,,,,,,,,,,,,,,,,,,,,,,,,,,,,448550996,44855099600046,33.13Z,,,,,,,,,,,sirene,
APB,C,0,a contacter,,,,,,,,,,,,maintenance,Autres travaux d'installation n.c.a.,BLAINVILLE-SUR-ORNE,,14,,,,,,,https://www.pappers.fr/entreprise/499106219,https://annuaire-entreprises.data.gouv.fr/entreprise/499106219,https://www.google.com/maps/search/?api=1&query=APB+BLAINVILLE-SUR-ORNE,https://www.google.com/search?q=APB+BLAINVILLE-SUR-ORNE,https://www.linkedin.com/search/results/companies/?keywords=APB,https://www.pagesjaunes.fr/annuaire/chercherlespros?quoiqui=APB&ou=BLAINVILLE-SUR-ORNE,https://www.societe.com/cgi-bin/search?champs=499106219,,,,,,,,,,,,,,,,FR91499106219,,499106219,49910621900037,43.29B,,,,,,,,non,oui,2026-08-05,sirene,
APB,,,a contacter,,,,,,,,,,,,maintenance,Autres travaux d'installation n.c.a.,PLAISIR,,78,,,,,,,,,,,,,,,,,,,,,,,,,,,,,,,394271514,39427151400033,43.29B,,,,,,,,,,,sirene,
APPLICATION ELECTRO MECANIQUE,C,0,a contacter,,,,,,,,,,,,maintenance,Reparation d'equipements electriques,L'AIGLE,,61,,,,,,,https://www.pappers.fr/entreprise/325069532,https://annuaire-entreprises.data.gouv.fr/entreprise/325069532,https://www.google.com/maps/search/?api=1&query=APPLICATION+ELECTRO+MECANIQUE+L%27AIGLE,https://www.google.com/search?q=APPLICATION+ELECTRO+MECANIQUE+L%27AIGLE,https://www.linkedin.com/search/results/companies/?keywords=APPLICATION+ELECTRO+MECANIQUE,https://www.pagesjaunes.fr/annuaire/chercherlespros?quoiqui=APPLICATION+ELECTRO+MECANIQUE&ou=L%27AIGLE,https://www.societe.com/cgi-bin/search?champs=325069532,,,,,,,,,,,,,,,,FR96325069532,,325069532,32506953200134,33.14Z,,,,,,,,non,oui,2026-08-06,sirene,
APPLICATION ELECTRONIQUE INDUST MODERNE,,,a contacter,,,,,,,,,,,,maintenance,"Installation d'equipements electriques, de materiels electroniques et optiques ou d'autres materiels",ALGRANGE,,57,,,,,,,,,,,,,,,,,,,,,,,,,,,,,,,780108841,78010884100021,33.20D,,,,,,,,,,,sirene,
APPLICATION GENERALE MECANIQUE ELECTRIQU,C,0,a contacter,,,,,,,,,,,,maintenance,Reparation d'equipements electriques,DOMONT,,95,,,,,,,https://www.pappers.fr/entreprise/403540586,https://annuaire-entreprises.data.gouv.fr/entreprise/403540586,https://www.google.com/maps/search/?api=1&query=APPLICATION+GENERALE+MECANIQUE+ELECTRIQU+DOMONT,https://www.google.com/search?q=APPLICATION+GENERALE+MECANIQUE+ELECTRIQU+DOMONT,https://www.linkedin.com/search/results/companies/?keywords=APPLICATION+GENERALE+MECANIQUE+ELECTRIQU,https://www.pagesjaunes.fr/annuaire/chercherlespros?quoiqui=APPLICATION+GENERALE+MECANIQUE+ELECTRIQU&ou=DOMONT,https://www.societe.com/cgi-bin/search?champs=403540586,,,,,,,,,,,,,,,,FR78403540586,,403540586,40354058600043,33.14Z,,,,,,,,non,oui,2026-08-09,sirene,
APPLICATION MATERIELS AUTOMATISMES PARIS ILE DE FRANCE,,,a contacter,,,,,,,,,,,,maintenance,Autres travaux d'installation n.c.a.,CORMEILLES-EN-PARISIS,,95,,,,,,,,,,,,,,,,,,,,,,,,,,,,,,,377733548,37773354800020,43.29B,,,,,,,,,,,sirene,
APPLICATIONS FROID,C,0,a contacter,,,,,,,,,,,,maintenance,Installation de machines et equipements mecaniques,JACOU,,34,,,,,,,https://www.pappers.fr/entreprise/380513911,https://annuaire-entreprises.data.gouv.fr/entreprise/380513911,https://www.google.com/maps/search/?api=1&query=APPLICATIONS+FROID+JACOU,https://www.google.com/search?q=APPLICATIONS+FROID+JACOU,https://www.linkedin.com/search/results/companies/?keywords=APPLICATIONS+FROID,https://www.pagesjaunes.fr/annuaire/chercherlespros?quoiqui=APPLICATIONS+FROID&ou=JACOU,https://www.societe.com/cgi-bin/search?champs=380513911,,,,,,,,,,,,,,,,FR58380513911,,380513911,38051391100046,33.20B,,,,,,,,non,oui,2026-08-10,sirene,
APPLICATIONS GAZIERES PROFESSIONNELLES,,,a contacter,,,,,,,,,,,,maintenance,Installation de machines et equipements mecaniques,GUIBEVILLE,,91,,,,,,,,,,,,,,,,,,,,,,,,,,,,,,,323934174,32393417400034,33.20B,,,,,,,,,,,sirene,
AQUITAINE ASCENSEURS,C,0,a contacter,,,,,,,,,,,,maintenance,Autres travaux d'installation n.c.a.,MERIGNAC,,33,,,,,,,https://www.pappers.fr/entreprise/534766837,https://annuaire-entreprises.data.gouv.fr/entreprise/534766837,https://www.google.com/maps/search/?api=1&query=AQUITAINE+ASCENSEURS+MERIGNAC,https://www.google.com/search?q=AQUITAINE+ASCENSEURS+MERIGNAC,https://www.linkedin.com/search/results/companies/?keywords=AQUITAINE+ASCENSEURS,https://www.pagesjaunes.fr/annuaire/chercherlespros?quoiqui=AQUITAINE+ASCENSEURS&ou=MERIGNAC,https://www.societe.com/cgi-bin/search?champs=534766837,,,,,,,,,,,,,,,,FR63534766837,,534766837,53476683700031,43.29B,,,,,,,,non,oui,2026-08-10,sirene,
AQUITAINE MAITRISE D OEUVRE,C,0,a contacter,,,,,,,,,,,,maintenance,Reparation de machines et equipements mecaniques,BLANQUEFORT,,33,,,,,,,https://www.pappers.fr/entreprise/392065231,https://annuaire-entreprises.data.gouv.fr/entreprise/392065231,https://www.google.com/maps/search/?api=1&query=AQUITAINE+MAITRISE+D+OEUVRE+BLANQUEFORT,https://www.google.com/search?q=AQUITAINE+MAITRISE+D+OEUVRE+BLANQUEFORT,https://www.linkedin.com/search/results/companies/?keywords=AQUITAINE+MAITRISE+D+OEUVRE,https://www.pagesjaunes.fr/annuaire/chercherlespros?quoiqui=AQUITAINE+MAITRISE+D+OEUVRE&ou=BLANQUEFORT,https://www.societe.com/cgi-bin/search?champs=392065231,,,,,,,,,,,,,,,,FR89392065231,,392065231,39206523100038,33.12Z,,,,,,,,non,oui,2026-08-08,sirene,
AQUITAINE SERVICE ELECTRIQUE,C,0,a contacter,,,,,,,,,,,,maintenance,Reparation d'equipements electriques,MERIGNAC,,33,,,,,,,https://www.pappers.fr/entreprise/472202639,https://annuaire-entreprises.data.gouv.fr/entreprise/472202639,https://www.google.com/maps/search/?api=1&query=AQUITAINE+SERVICE+ELECTRIQUE+MERIGNAC,https://www.google.com/search?q=AQUITAINE+SERVICE+ELECTRIQUE+MERIGNAC,https://www.linkedin.com/search/results/companies/?keywords=AQUITAINE+SERVICE+ELECTRIQUE,https://www.pagesjaunes.fr/annuaire/chercherlespros?quoiqui=AQUITAINE+SERVICE+ELECTRIQUE&ou=MERIGNAC,https://www.societe.com/cgi-bin/search?champs=472202639,,,,,,,,,,,,,,,,FR44472202639,,472202639,47220263900051,33.14Z,,,,,,,,non,oui,2026-08-09,sirene,
ARATAL ATTRACTIVE MOBILITY - AAM,,,a contacter,,,,,,,,,,,,maintenance,Autres travaux d'installation n.c.a.,CHARNAY-LES-MACON,,71,,,,,,,,,,,,,,,,,,,,,,,,,,,,,,,840689327,84068932700012,43.29B,,,,,,,,,,,sirene,
ARCOM AUTOMATION,,,a contacter,,,,,,,,,,,,maintenance,"Installation d'equipements electriques, de materiels electroniques et optiques ou d'autres materiels",FRAGNES-LA LOYERE,,71,,,,,,,,,,,,,,,,,,,,,,,,,,,,,,,488658196,48865819600024,33.20D,,,,,,,,,,,sirene,
ARMOR INOX SERVICE,,,a contacter,,,,,,,,,,,,maintenance,Reparation de machines et equipements mecaniques,MAURON,,56,,,,,,,,,,,,,,,,,,,,,,,,,,,,,,,799767322,79976732200016,33.12Z,,,,,,,,,,,sirene,
ARTOIS FROID ENERGIES,,,a contacter,,,,,,,,,,,,maintenance,Installation de machines et equipements mecaniques,BEAURAINS,,62,,,,,,,,,,,,,,,,,,,,,,,,,,,,,,,905187761,90518776100010,33.20B,,,,,,,,,,,sirene,
ASCAUM,,,a contacter,,,,,,,,,,,,maintenance,Autres travaux d'installation n.c.a.,RAEDERSHEIM,,68,,,,,,,,,,,,,,,,,,,,,,,,,,,,,,,881398309,88139830900032,43.29B,,,,,,,,,,,sirene,
ASCENCEURS & MULTI SERVICES,,,a contacter,,,,,,,,,,,,maintenance,Autres travaux d'installation n.c.a.,WIWERSHEIM,,67,,,,,,,,,,,,,,,,,,,,,,,,,,,,,,,338304421,33830442100088,43.29B,,,,,,,,,,,sirene,
ASCENSEURS MITSUBISHI FRANCE,,,a contacter,,,,,,,,,,,,maintenance,Autres travaux d'installation n.c.a.,NANTERRE,,92,,,,,,,,,,,,,,,,,,,,,,,,,,,,,,,348926981,34892698100039,43.29B,,,,,,,,,,,sirene,
ASCENSEURS OCEAN INDIEN,,,a contacter,,,,,,,,,,,,maintenance,Autres travaux d'installation n.c.a.,SAINT-DENIS,,974,,,,,,,,,,,,,,,,,,,,,,,,,,,,,,,753119049,75311904900041,43.29B,,,,,,,,,,,sirene,
ASCENSEURS PORTES AUTOMATIQUES ARNAUD-AP,,,a contacter,,,,,,,,,,,,maintenance,Autres travaux d'installation n.c.a.,BAYONNE,,64,,,,,,,,,,,,,,,,,,,,,,,,,,,,,,,441413101,44141310100029,43.29B,,,,,,,,,,,sirene,
ASCENSEURS PORTES ET AUTOMATISMES,,,a contacter,,,,,,,,,,,,maintenance,Autres travaux d'installation n.c.a.,VIEILLE-EGLISE-EN-YVELINES,,78,,,,,,,,,,,,,,,,,,,,,,,,,,,,,,,407668185,40766818500025,43.29B,,,,,,,,,,,sirene,
ASCENSEURS SERVICE,,,a contacter,,,,,,,,,,,,maintenance,Autres travaux d'installation n.c.a.,SAINT-PRIEST,,69,,,,,,,,,,,,,,,,,,,,,,,,,,,,,,,302534987,30253498700060,43.29B,,,,,,,,,,,sirene,
ASCENTECH ET SYSTEMES,,,a contacter,,,,,,,,,,,,maintenance,Autres travaux d'installation n.c.a.,SAINT-PRIEST,,69,,,,,,,,,,,,,,,,,,,,,,,,,,,,,,,529435562,52943556200036,43.29B,,,,,,,,,,,sirene,
ASCIER,,,a contacter,,,,,,,,,,,,maintenance,Autres travaux d'installation n.c.a.,SERRIS,,77,,,,,,,,,,,,,,,,,,,,,,,,,,,,,,,417610896,41761089600108,43.29B,,,,,,,,,,,sirene,
ASCO ASCENSEURS,,,a contacter,,,,,,,,,,,,maintenance,Autres travaux d'installation n.c.a.,ELANCOURT,,78,,,,,,,,,,,,,,,,,,,,,,,,,,,,,,,533019725,53301972500035,43.29B,,,,,,,,,,,sirene,
ASERTI METROLOGY,C,0,a contacter,,,,,,,,,,,,maintenance,Reparation de materiels electroniques et optiques,SUCY-EN-BRIE,,94,,,,,,,https://www.pappers.fr/entreprise/692037625,https://annuaire-entreprises.data.gouv.fr/entreprise/692037625,https://www.google.com/maps/search/?api=1&query=ASERTI+METROLOGY+SUCY-EN-BRIE,https://www.google.com/search?q=ASERTI+METROLOGY+SUCY-EN-BRIE,https://www.linkedin.com/search/results/companies/?keywords=ASERTI+METROLOGY,https://www.pagesjaunes.fr/annuaire/chercherlespros?quoiqui=ASERTI+METROLOGY&ou=SUCY-EN-BRIE,https://www.societe.com/cgi-bin/search?champs=692037625,,,,,,,,,,,,,,,,FR62692037625,,692037625,69203762500096,33.13Z,,,,,,,,non,oui,2026-08-08,sirene,
ASPIR'ELEC,,,a contacter,,,,,,,,,,,,maintenance,Installation de machines et equipements mecaniques,DIEMOZ,,38,,,,,,,,,,,,,,,,,,,,,,,,,,,,,,,337966840,33796684000015,33.20B,,,,,,,,,,,sirene,
ASSIST LEVAGE,C,0,a contacter,,,,,,,,,,,,maintenance,Reparation de machines et equipements mecaniques,MIMET,,13,,,,,,,https://www.pappers.fr/entreprise/437962335,https://annuaire-entreprises.data.gouv.fr/entreprise/437962335,https://www.google.com/maps/search/?api=1&query=ASSIST+LEVAGE+MIMET,https://www.google.com/search?q=ASSIST+LEVAGE+MIMET,https://www.linkedin.com/search/results/companies/?keywords=ASSIST+LEVAGE,https://www.pagesjaunes.fr/annuaire/chercherlespros?quoiqui=ASSIST+LEVAGE&ou=MIMET,https://www.societe.com/cgi-bin/search?champs=437962335,,,,,,,,,,,,,,,,FR95437962335,,437962335,43796233500026,33.12Z,,,,,,,,non,oui,2026-08-04,sirene,
ASSISTANCE 97 GUADELOUPE,,,a contacter,,,,,,,,,,,,maintenance,Reparation d'equipements electriques,BAIE-MAHAULT,,971,,,,,,,,,,,,,,,,,,,,,,,,,,,,,,,339641755,33964175500097,33.14Z,,,,,,,,,,,sirene,
ASSISTANCE COLLECTIVITES-HOTELLERIE ET PARTICULIERS,,,a contacter,,,,,,,,,,,,maintenance,Reparation d'equipements electriques,BAIE MAHAULT,,971,,,,,,,,,,,,,,,,,,,,,,,,,,,,,,,419077581,41907758100017,33.14Z,,,,,,,,,,,sirene,
ASSISTANCE ET INSTALLATION INDUSTRIELLE-A2I,,,a contacter,,,,,,,,,,,,maintenance,Reparation de machines et equipements mecaniques,SAINTE-SIGOLENE,,43,,,,,,,,,,,,,,,,,,,,,,,,,,,,,,,519419832,51941983200042,33.12Z,,,,,,,,,,,sirene,
ASSISTANCE ETUDE REALISATION INDUSTRIELL,,,a contacter,,,,,,,,,,,,maintenance,Installation de machines et equipements mecaniques,LE MONT-SAINT-ADRIEN,,60,,,,,,,,,,,,,,,,,,,,,,,,,,,,,,,402780985,40278098500055,33.20B,,,,,,,,,,,sirene,
ASSISTANCE INDUSTRIE SERVICES EN ABREGE A.I.S.,C,0,a contacter,,,,,,,,,,,,maintenance,Installation de machines et equipements mecaniques,BAGE-DOMMARTIN,,01,,,,,,,https://www.pappers.fr/entreprise/501614598,https://annuaire-entreprises.data.gouv.fr/entreprise/501614598,https://www.google.com/maps/search/?api=1&query=ASSISTANCE+INDUSTRIE+SERVICES+EN+ABREGE+A.I.S.+BAGE-DOMMARTIN,https://www.google.com/search?q=ASSISTANCE+INDUSTRIE+SERVICES+EN+ABREGE+A.I.S.+BAGE-DOMMARTIN,https://www.linkedin.com/search/results/companies/?keywords=ASSISTANCE+INDUSTRIE+SERVICES+EN+ABREGE+A.I.S.,https://www.pagesjaunes.fr/annuaire/chercherlespros?quoiqui=ASSISTANCE+INDUSTRIE+SERVICES+EN+ABREGE+A.I.S.&ou=BAGE-DOMMARTIN,https://www.societe.com/cgi-bin/search?champs=501614598,,,,,,,,,,,,,,,,FR65501614598,,501614598,50161459800016,33.20B,,,,,,,,non,oui,2026-08-01,sirene,
ASSISTANCE SERVICE INDUSTRIEL,,,a contacter,,,,,,,,,,,,maintenance,Reparation d'equipements electriques,SAINT-ETIENNE,,42,,,,,,,,,,,,,,,,,,,,,,,,,,,,,,,833115207,83311520700023,33.14Z,,,,,,,,,,,sirene,
ASSISTANCE TECHNIQUE EN CLIMATISATION,,,a contacter,,,,,,,,,,,,maintenance,"Installation d'equipements electriques, de materiels electroniques et optiques ou d'autres materiels",REMIRE-MONTJOLY,,973,,,,,,,,,,,,,,,,,,,,,,,,,,,,,,,844800698,84480069800046,33.20D,,,,,,,,,,,sirene,
ASSISTEAUX ASSISTANCE TECHNIQUE TOTALE DE TOUS TRAITEMENTD D'EAUX,,,a contacter,,,,,,,,,,,,maintenance,Reparation de machines et equipements mecaniques,VALENCE-EN-POITOU,,86,,,,,,,,,,,,,,,,,,,,,,,,,,,,,,,722051760,72205176000063,33.12Z,,,,,,,,,,,sirene,
ASSISTECH MAINTENANCE,,,a contacter,,,,,,,,,,,,maintenance,Reparation de machines et equipements mecaniques,NEUF-MESNIL,,59,,,,,,,,,,,,,,,,,,,,,,,,,,,,,,,492795554,49279555400020,33.12Z,,,,,,,,,,,sirene,
ASSITANCE 97 MG,,,a contacter,,,,,,,,,,,,maintenance,Reparation d'equipements electriques,LE LAMENTIN,,972,,,,,,,,,,,,,,,,,,,,,,,,,,,,,,,522023308,52202330800011,33.14Z,,,,,,,,,,,sirene,
ASTEC ASCENSEURS TECHNIQUES,,,a contacter,,,,,,,,,,,,maintenance,Autres travaux d'installation n.c.a.,DARDILLY,,69,,,,,,,,,,,,,,,,,,,,,,,,,,,,,,,423693175,42369317500022,43.29B,,,,,,,,,,,sirene,
ATECOREL INDUSTRIE,,,a contacter,,,,,,,,,,,,maintenance,Reparation d'equipements electriques,UCKANGE,,57,,,,,,,,,,,,,,,,,,,,,,,,,,,,,,,421215013,42121501300010,33.14Z,,,,,,,,,,,sirene,
ATELIER CERAMIQUE REGNIER,,,a contacter,,,,,,,,,,,,maintenance,Autres travaux d'installation n.c.a.,MENNEVILLE,,62,,,,,,,,,,,,,,,,,,,,,,,,,,,,,,,821545720,82154572000020,43.29B,,,,,,,,,,,sirene,
ATELIER DE BOBINAGE DES MUREAUX,,,a contacter,,,,,,,,,,,,maintenance,"Installation d'equipements electriques, de materiels electroniques et optiques ou d'autres materiels",LES MUREAUX,,78,,,,,,,,,,,,,,,,,,,,,,,,,,,,,,,350667861,35066786100024,33.20D,,,,,,,,,,,sirene,
ATELIER DE BOBINAGES ELECTRIQUES,,,a contacter,,,,,,,,,,,,maintenance,Reparation d'equipements electriques,AGEN,,47,,,,,,,,,,,,,,,,,,,,,,,,,,,,,,,026920090,02692009000029,33.14Z,,,,,,,,,,,sirene,
ATELIER DE LA MANUTENTION,,,a contacter,,,,,,,,,,,,maintenance,Reparation de machines et equipements mecaniques,LA CRECHE,,79,,,,,,,,,,,,,,,,,,,,,,,,,,,,,,,442831376,44283137600029,33.12Z,,,,,,,,,,,sirene,
ATELIER DE MAINTENANCE DES MASCAREIGNES,,,a contacter,,,,,,,,,,,,maintenance,Reparation de machines et equipements mecaniques,LE PORT,,974,,,,,,,,,,,,,,,,,,,,,,,,,,,,,,,904164639,90416463900018,33.12Z,,,,,,,,,,,sirene,
ATELIER DE MAINTENANCE DU PLATEAU,,,a contacter,,,,,,,,,,,,maintenance,Reparation de machines et equipements mecaniques,LANNEMEZAN,,65,,,,,,,,,,,,,,,,,,,,,,,,,,,,,,,892095902,89209590200029,33.12Z,,,,,,,,,,,sirene,
ATELIER ELECTRIQUE ST NABOR SARL,,,a contacter,,,,,,,,,,,,maintenance,Reparation d'equipements electriques,SAINT-AVOLD,,57,,,,,,,,,,,,,,,,,,,,,,,,,,,,,,,380564088,38056408800025,33.14Z,,,,,,,,,,,sirene,
ATELIER ELECTROTECHNIQUE ATEL SARL,C,0,a contacter,,,,,,,,,,,,maintenance,Reparation de machines et equipements mecaniques,PIA,,66,,,,,,,https://www.pappers.fr/entreprise/380138024,https://annuaire-entreprises.data.gouv.fr/entreprise/380138024,https://www.google.com/maps/search/?api=1&query=ATELIER+ELECTROTECHNIQUE+ATEL+SARL+PIA,https://www.google.com/search?q=ATELIER+ELECTROTECHNIQUE+ATEL+SARL+PIA,https://www.linkedin.com/search/results/companies/?keywords=ATELIER+ELECTROTECHNIQUE+ATEL+SARL,https://www.pagesjaunes.fr/annuaire/chercherlespros?quoiqui=ATELIER+ELECTROTECHNIQUE+ATEL+SARL&ou=PIA,https://www.societe.com/cgi-bin/search?champs=380138024,,,,,,,,,,,,,,,,FR22380138024,,380138024,38013802400019,33.12Z,,,,,,,,non,oui,2026-08-09,sirene,
ATELIER MAINTENANCE DE BOBIGNY,,,a contacter,,,,,,,,,,,,maintenance,Reparation de machines et equipements mecaniques,BOBIGNY,,93,,,,,,,,,,,,,,,,,,,,,,,,,,,,,,,882587793,88258779300010,33.12Z,,,,,,,,,,,sirene,
ATELIER REPARATION ENTRETIEN FORGES,,,a contacter,,,,,,,,,,,,maintenance,Reparation de machines et equipements mecaniques,PESCHADOIRES,,63,,,,,,,,,,,,,,,,,,,,,,,,,,,,,,,305824781,30582478100028,33.12Z,,,,,,,,,,,sirene,
ATELIER SOUDURE TOLERIE CHAUDRONNERIE,,,a contacter,,,,,,,,,,,,maintenance,Installation de machines et equipements mecaniques,JOUY-LE-MOUTIER,,95,,,,,,,,,,,,,,,,,,,,,,,,,,,,,,,380248591,38024859100022,33.20B,,,,,,,,,,,sirene,
ATELIER TRAVAUX PUBLICS GRABARSKI,,,a contacter,,,,,,,,,,,,maintenance,Reparation de machines et equipements mecaniques,CASTELCULIER,,47,,,,,,,,,,,,,,,,,,,,,,,,,,,,,,,384051561,38405156100015,33.12Z,,,,,,,,,,,sirene,
ATELIERS DE BOBINAGE DE PIERRELAYE,,,a contacter,,,,,,,,,,,,maintenance,Reparation d'equipements electriques,SAINT-OUEN-L'AUMONE,,95,,,,,,,,,,,,,,,,,,,,,,,,,,,,,,,648203552,64820355200027,33.14Z,,,,,,,,,,,sirene,
ATELIERS DE CLOUANGE REPARATION MECANIQUE,,,a contacter,,,,,,,,,,,,maintenance,Reparation de machines et equipements mecaniques,CLOUANGE,,57,,,,,,,,,,,,,,,,,,,,,,,,,,,,,,,811805027,81180502700018,33.12Z,,,,,,,,,,,sirene,
ATELIERS DE NORMANDIE,,,a contacter,,,,,,,,,,,,maintenance,Reparation de machines et equipements mecaniques,LE HAVRE,,76,,,,,,,,,,,,,,,,,,,,,,,,,,,,,,,389682717,38968271700035,33.12Z,,,,,,,,,,,sirene,
ATELIERS LEFEBVRE,,,a contacter,,,,,,,,,,,,maintenance,Reparation de machines et equipements mecaniques,LES SABLES D'OLONNE,,85,,,,,,,,,,,,,,,,,,,,,,,,,,,,,,,305831471,30583147100019,33.12Z,,,,,,,,,,,sirene,
ATELIERS MECANIQUE AIROIS,,,a contacter,,,,,,,,,,,,maintenance,Reparation de machines et equipements mecaniques,ISBERGUES,,62,,,,,,,,,,,,,,,,,,,,,,,,,,,,,,,522963024,52296302400024,33.12Z,,,,,,,,,,,sirene,
ATELIERS MECANIQUES DE CHALMOUX,,,a contacter,,,,,,,,,,,,maintenance,Reparation de machines et equipements mecaniques,CHALMOUX,,71,,,,,,,,,,,,,,,,,,,,,,,,,,,,,,,423040690,42304069000012,33.12Z,,,,,,,,,,,sirene,
ATELIERS MECANIQUES LORIENTAIS,,,a contacter,,,,,,,,,,,,maintenance,Reparation de machines et equipements mecaniques,LORIENT,,56,,,,,,,,,,,,,,,,,,,,,,,,,,,,,,,397977372,39797737200044,33.12Z,,,,,,,,,,,sirene,
ATHP,,,a contacter,,,,,,,,,,,,maintenance,Reparation de machines et equipements mecaniques,LIEUSAINT,,77,,,,,,,,,,,,,,,,,,,,,,,,,,,,,,,400509238,40050923800061,33.12Z,,,,,,,,,,,sirene,
ATLANTIC FLEX,,,a contacter,,,,,,,,,,,,maintenance,Reparation de machines et equipements mecaniques,NANTES,,44,,,,,,,,,,,,,,,,,,,,,,,,,,,,,,,521214593,52121459300035,33.12Z,,,,,,,,,,,sirene,
ATLANTIC PROPULSION SERVICE,,,a contacter,,,,,,,,,,,,maintenance,Reparation de machines et equipements mecaniques,SAINT-BREVIN-LES-PINS,,44,,,,,,,,,,,,,,,,,,,,,,,,,,,,,,,527976989,52797698900030,33.12Z,,,,,,,,,,,sirene,
ATLANTIQUE AUTOMATISMES OCEAN,,,a contacter,,,,,,,,,,,,maintenance,Autres travaux d'installation n.c.a.,SAINT-AIGNAN-GRANDLIEU,,44,,,,,,,,,,,,,,,,,,,,,,,,,,,,,,,492581319,49258131900034,43.29B,,,,,,,,,,,sirene,
ATMOSPH'AIR SERVICES,,,a contacter,,,,,,,,,,,,maintenance,Reparation de machines et equipements mecaniques,PARIS,,75,,,,,,,,,,,,,,,,,,,,,,,,,,,,,,,828498931,82849893100017,33.12Z,,,,,,,,,,,sirene,
ATOMPRO FRANCE,,,a contacter,,,,,,,,,,,,maintenance,Reparation de machines et equipements mecaniques,FORBACH,,57,,,,,,,,,,,,,,,,,,,,,,,,,,,,,,,802392142,80239214200021,33.12Z,,,,,,,,,,,sirene,
ATOS TFM,,,a contacter,,,,,,,,,,,,maintenance,Reparation de machines et equipements mecaniques,DARDILLY,,69,,,,,,,,,,,,,,,,,,,,,,,,,,,,,,,795397538,79539753800021,33.12Z,,,,,,,,,,,sirene,
ATOUT PUB,,,a contacter,,,,,,,,,,,,maintenance,Autres travaux d'installation n.c.a.,AJACCIO,,2A,,,,,,,,,,,,,,,,,,,,,,,,,,,,,,,422350918,42235091800013,43.29B,,,,,,,,,,,sirene,
ATP-SYSTEM,,,a contacter,,,,,,,,,,,,maintenance,Installation de machines et equipements mecaniques,HERIC,,44,,,,,,,,,,,,,,,,,,,,,,,,,,,,,,,489599456,48959945600014,33.20B,,,,,,,,,,,sirene,
ATS,,,a contacter,,,,,,,,,,,,maintenance,Autres travaux d'installation n.c.a.,NOISY-LE-SEC,,93,,,,,,,,,,,,,,,,,,,,,,,,,,,,,,,313402083,31340208300072,43.29B,,,,,,,,,,,sirene,
AUDEBERT GRANDES CUISINES,,,a contacter,,,,,,,,,,,,maintenance,Installation de machines et equipements mecaniques,SOULTZ-HAUT-RHIN,,68,,,,,,,,,,,,,,,,,,,,,,,,,,,,,,,505369041,50536904100049,33.20B,,,,,,,,,,,sirene,
AURES MAINTENANCE,,,a contacter,,,,,,,,,,,,maintenance,Reparation de machines et equipements mecaniques,CHALON-SUR-SAONE,,71,,,,,,,,,,,,,,,,,,,,,,,,,,,,,,,853731107,85373110700035,33.12Z,,,,,,,,,,,sirene,
AUTOMATISME MAINTENANCE DEVELOPPEMENT ELECTRICITE CABLAGE,,,a contacter,,,,,,,,,,,,maintenance,"Installation d'equipements electriques, de materiels electroniques et optiques ou d'autres materiels",ALBAN,,81,,,,,,,,,,,,,,,,,,,,,,,,,,,,,,,879547776,87954777600010,33.20D,,,,,,,,,,,sirene,
AUTOMATISME-GRUE-SECURITE,C,0,a contacter,,,,,,,,,,,,maintenance,"Installation d'equipements electriques, de materiels electroniques et optiques ou d'autres materiels",GENAS,,69,,,,,,,https://www.pappers.fr/entreprise/432551919,https://annuaire-entreprises.data.gouv.fr/entreprise/432551919,https://www.google.com/maps/search/?api=1&query=AUTOMATISME-GRUE-SECURITE+GENAS,https://www.google.com/search?q=AUTOMATISME-GRUE-SECURITE+GENAS,https://www.linkedin.com/search/results/companies/?keywords=AUTOMATISME-GRUE-SECURITE,https://www.pagesjaunes.fr/annuaire/chercherlespros?quoiqui=AUTOMATISME-GRUE-SECURITE&ou=GENAS,https://www.societe.com/cgi-bin/search?champs=432551919,,,,,,,,,,,,,,,,FR51432551919,,432551919,43255191900074,33.20D,,,,,,,,non,oui,2026-08-09,sirene,
AUTOMATISMES BOURBON FERMETURES,,,a contacter,,,,,,,,,,,,maintenance,Autres travaux d'installation n.c.a.,SAINT-PAUL,,974,,,,,,,,,,,,,,,,,,,,,,,,,,,,,,,429208606,42920860600039,43.29B,,,,,,,,,,,sirene,
AUTOMATISMES BOXES SERVICES,,,a contacter,,,,,,,,,,,,maintenance,Autres travaux d'installation n.c.a.,ALFORTVILLE,,94,,,,,,,,,,,,,,,,,,,,,,,,,,,,,,,378191811,37819181100041,43.29B,,,,,,,,,,,sirene,
AUTOMATISMES FERMETURES ACCES,,,a contacter,,,,,,,,,,,,maintenance,Autres travaux d'installation n.c.a.,SAINT-ETIENNE,,42,,,,,,,,,,,,,,,,,,,,,,,,,,,,,,,412640112,41264011200048,43.29B,,,,,,,,,,,sirene,
AUTOMATISMES INDUSTRIELS DE LA LOIRE,,,a contacter,,,,,,,,,,,,maintenance,"Installation d'equipements electriques, de materiels electroniques et optiques ou d'autres materiels",FRAISSES,,42,,,,,,,,,,,,,,,,,,,,,,,,,,,,,,,319616991,31961699100034,33.20D,,,,,,,,,,,sirene,
AUTOMATISMES MAINTENANCE GROUPES ELECTROGENES,,,a contacter,,,,,,,,,,,,maintenance,Reparation de machines et equipements mecaniques,SARTROUVILLE,,78,,,,,,,,,,,,,,,,,,,,,,,,,,,,,,,402194666,40219466600036,33.12Z,,,,,,,,,,,sirene,
AUVERGNE ASCENSEURS,,,a contacter,,,,,,,,,,,,maintenance,Autres travaux d'installation n.c.a.,SAINT-GERMAIN-LAPRADE,,43,,,,,,,,,,,,,,,,,,,,,,,,,,,,,,,389736349,38973634900041,43.29B,,,,,,,,,,,sirene,
AUVERGNE DEGRE SERVICE,,,a contacter,,,,,,,,,,,,maintenance,Installation de machines et equipements mecaniques,LEMPDES,,63,,,,,,,,,,,,,,,,,,,,,,,,,,,,,,,393862149,39386214900027,33.20B,,,,,,,,,,,sirene,
AVANTAGES VIDEO,,,a contacter,,,,,,,,,,,,maintenance,"Installation d'equipements electriques, de materiels electroniques et optiques ou d'autres materiels",BRON,,69,,,,,,,,,,,,,,,,,,,,,,,,,,,,,,,400345708,40034570800038,33.20D,,,,,,,,,,,sirene,
AVIR,,,a contacter,,,,,,,,,,,,maintenance,Installation de machines et equipements mecaniques,VITRY-SUR-SEINE,,94,,,,,,,,,,,,,,,,,,,,,,,,,,,,,,,418226544,41822654400033,33.20B,,,,,,,,,,,sirene,
AXICLIM,,,a contacter,,,,,,,,,,,,maintenance,Installation de machines et equipements mecaniques,MONCE-EN-BELIN,,72,,,,,,,,,,,,,,,,,,,,,,,,,,,,,,,430345512,43034551200056,33.20B,,,,,,,,,,,sirene,
AZUR TECHNOLOGIES,,,a contacter,,,,,,,,,,,,maintenance,Reparation de machines et equipements mecaniques,MAGNY-EN-VEXIN,,95,,,,,,,,,,,,,,,,,,,,,,,,,,,,,,,401226196,40122619600038,33.12Z,,,,,,,,,,,sirene,
AZUR TRUCKS FROID,C,0,a contacter,,,,,,,,,,,,maintenance,Reparation de machines et equipements mecaniques,VILLENEUVE-LOUBET,,06,,,,,,,https://www.pappers.fr/entreprise/429177660,https://annuaire-entreprises.data.gouv.fr/entreprise/429177660,https://www.google.com/maps/search/?api=1&query=AZUR+TRUCKS+FROID+VILLENEUVE-LOUBET,https://www.google.com/search?q=AZUR+TRUCKS+FROID+VILLENEUVE-LOUBET,https://www.linkedin.com/search/results/companies/?keywords=AZUR+TRUCKS+FROID,https://www.pagesjaunes.fr/annuaire/chercherlespros?quoiqui=AZUR+TRUCKS+FROID&ou=VILLENEUVE-LOUBET,https://www.societe.com/cgi-bin/search?champs=429177660,,,,,,,,,,,,,,,,FR00429177660,,429177660,42917766000132,33.12Z,,,,,,,,non,oui,2026-08-01,sirene,
B. FROID CONCEPT,C,0,a contacter,,,,,,,,,,,,maintenance,Installation de machines et equipements mecaniques,SURGERES,,17,,,,,,,https://www.pappers.fr/entreprise/818814006,https://annuaire-entreprises.data.gouv.fr/entreprise/818814006,https://www.google.com/maps/search/?api=1&query=B.+FROID+CONCEPT+SURGERES,https://www.google.com/search?q=B.+FROID+CONCEPT+SURGERES,https://www.linkedin.com/search/results/companies/?keywords=B.+FROID+CONCEPT,https://www.pagesjaunes.fr/annuaire/chercherlespros?quoiqui=B.+FROID+CONCEPT&ou=SURGERES,https://www.societe.com/cgi-bin/search?champs=818814006,,,,,,,,,,,,,,,,FR62818814006,,818814006,81881400600016,33.20B,,,,,,,,non,oui,2026-08-06,sirene,
B.D.C,,,a contacter,,,,,,,,,,,,maintenance,Reparation d'equipements electriques,BLOIS,,41,,,,,,,,,,,,,,,,,,,,,,,,,,,,,,,422937227,42293722700045,33.14Z,,,,,,,,,,,sirene,
B.H INTERNATIONAL,,,a contacter,,,,,,,,,,,,maintenance,Installation de machines et equipements mecaniques,MAUREGARD,,77,,,,,,,,,,,,,,,,,,,,,,,,,,,,,,,892090531,89209053100013,33.20B,,,,,,,,,,,sirene,
BAGNEUX HYDRAULIQUE,,,a contacter,,,,,,,,,,,,maintenance,Installation de machines et equipements mecaniques,BAGNEUX,,92,,,,,,,,,,,,,,,,,,,,,,,,,,,,,,,302209366,30220936600012,33.20B,,,,,,,,,,,sirene,
BAIL SAS,,,a contacter,,,,,,,,,,,,maintenance,Installation de machines et equipements mecaniques,RACHES,,59,,,,,,,,,,,,,,,,,,,,,,,,,,,,,,,334628146,33462814600030,33.20B,,,,,,,,,,,sirene,
BARET PNEUMATIQUE SERVICES,,,a contacter,,,,,,,,,,,,maintenance,Reparation de machines et equipements mecaniques,SAINT-LOUIS,,974,,,,,,,,,,,,,,,,,,,,,,,,,,,,,,,830663415,83066341500016,33.12Z,,,,,,,,,,,sirene,
BARKENE AUTOMATISME,,,a contacter,,,,,,,,,,,,maintenance,Autres travaux d'installation n.c.a.,RILLIEUX-LA-PAPE,,69,,,,,,,,,,,,,,,,,,,,,,,,,,,,,,,391960721,39196072100044,43.29B,,,,,,,,,,,sirene,
BARKENE INCENDIE,C,0,a contacter,,,,,,,,,,,,maintenance,Reparation de materiels electroniques et optiques,PANTIN,,93,,,,,,,https://www.pappers.fr/entreprise/383406188,https://annuaire-entreprises.data.gouv.fr/entreprise/383406188,https://www.google.com/maps/search/?api=1&query=BARKENE+INCENDIE+PANTIN,https://www.google.com/search?q=BARKENE+INCENDIE+PANTIN,https://www.linkedin.com/search/results/companies/?keywords=BARKENE+INCENDIE,https://www.pagesjaunes.fr/annuaire/chercherlespros?quoiqui=BARKENE+INCENDIE&ou=PANTIN,https://www.societe.com/cgi-bin/search?champs=383406188,,,,,,,,,,,,,,,,FR45383406188,,383406188,38340618800037,33.13Z,,,,,,,,non,oui,2026-08-06,sirene,
BARON INDUSTRIE,,,a contacter,,,,,,,,,,,,maintenance,Reparation de machines et equipements mecaniques,CALAIS,,62,,,,,,,,,,,,,,,,,,,,,,,,,,,,,,,483186789,48318678900028,33.12Z,,,,,,,,,,,sirene,
BARON MTE,,,a contacter,,,,,,,,,,,,maintenance,Installation de machines et equipements mecaniques,MARQUISE,,62,,,,,,,,,,,,,,,,,,,,,,,,,,,,,,,522991223,52299122300028,33.20B,,,,,,,,,,,sirene,
BATEN,,,a contacter,,,,,,,,,,,,maintenance,Autres travaux d'installation n.c.a.,CHATELLERAULT,,86,,,,,,,,,,,,,,,,,,,,,,,,,,,,,,,750315723,75031572300015,43.29B,,,,,,,,,,,sirene,
BCH COMPRESSEURS,,,a contacter,,,,,,,,,,,,maintenance,Installation de machines et equipements mecaniques,PORTE-DE-SAVOIE,,73,,,,,,,,,,,,,,,,,,,,,,,,,,,,,,,449343953,44934395300039,33.20B,,,,,,,,,,,sirene,
BEARN OPERATIONS POMPAGES SERVICES,,,a contacter,,,,,,,,,,,,maintenance,Installation de machines et equipements mecaniques,LONS,,64,,,,,,,,,,,,,,,,,,,,,,,,,,,,,,,803347038,80334703800033,33.20B,,,,,,,,,,,sirene,
BECHAMEIL,,,a contacter,,,,,,,,,,,,maintenance,Reparation de machines et equipements mecaniques,ENTRAINS-SUR-NOHAIN,,58,,,,,,,,,,,,,,,,,,,,,,,,,,,,,,,830836722,83083672200017,33.12Z,,,,,,,,,,,sirene,
BECK & POLLITZER FRANCE SAS,,,a contacter,,,,,,,,,,,,maintenance,Installation de machines et equipements mecaniques,SAINT-AMAND-LES-EAUX,,59,,,,,,,,,,,,,,,,,,,,,,,,,,,,,,,429670797,42967079700050,33.20B,,,,,,,,,,,sirene,
BELLOC ET COMPAGNIE,,,a contacter,,,,,,,,,,,,maintenance,"Installation d'equipements electriques, de materiels electroniques et optiques ou d'autres materiels",BAYONNE,,64,,,,,,,,,,,,,,,,,,,,,,,,,,,,,,,418524062,41852406200027,33.20D,,,,,,,,,,,sirene,
BERTRAND FROID,,,a contacter,,,,,,,,,,,,maintenance,Installation de machines et equipements mecaniques,SAINT-SAUVEUR,,80,,,,,,,,,,,,,,,,,,,,,,,,,,,,,,,379564925,37956492500053,33.20B,,,,,,,,,,,sirene,
BESSIN ELECTRO-FROID,,,a contacter,,,,,,,,,,,,maintenance,Reparation de machines et equipements mecaniques,MONT-PRES-CHAMBORD,,41,,,,,,,,,,,,,,,,,,,,,,,,,,,,,,,414977033,41497703300029,33.12Z,,,,,,,,,,,sirene,
BETA PRO,,,a contacter,,,,,,,,,,,,maintenance,Autres travaux d'installation n.c.a.,LE BOURGET,,93,,,,,,,,,,,,,,,,,,,,,,,,,,,,,,,534731393,53473139300029,43.29B,,,,,,,,,,,sirene,
BH ENERGIE,,,a contacter,,,,,,,,,,,,maintenance,Installation de machines et equipements mecaniques,CORMEILLES-EN-PARISIS,,95,,,,,,,,,,,,,,,,,,,,,,,,,,,,,,,522651454,52265145400046,33.20B,,,,,,,,,,,sirene,
BIARD ADMH,,,a contacter,,,,,,,,,,,,maintenance,Installation de machines et equipements mecaniques,TRIGNAC,,44,,,,,,,,,,,,,,,,,,,,,,,,,,,,,,,321894644,32189464400046,33.20B,,,,,,,,,,,sirene,
BINAPE,,,a contacter,,,,,,,,,,,,maintenance,Autres travaux d'installation n.c.a.,PARIS,,75,,,,,,,,,,,,,,,,,,,,,,,,,,,,,,,844090563,84409056300025,43.29B,,,,,,,,,,,sirene,
BIOMESNIL MEDICAL,,,a contacter,,,,,,,,,,,,maintenance,Reparation de materiels electroniques et optiques,MONTIVILLIERS,,76,,,,,,,,,,,,,,,,,,,,,,,,,,,,,,,349290627,34929062700059,33.13Z,,,,,,,,,,,sirene,
BIZERN,,,a contacter,,,,,,,,,,,,maintenance,Installation de machines et equipements mecaniques,PERPIGNAN,,66,,,,,,,,,,,,,,,,,,,,,,,,,,,,,,,323933077,32393307700014,33.20B,,,,,,,,,,,sirene,
BKTRONIC,,,a contacter,,,,,,,,,,,,maintenance,Reparation de materiels electroniques et optiques,CERNAY,,68,,,,,,,,,,,,,,,,,,,,,,,,,,,,,,,752851261,75285126100020,33.13Z,,,,,,,,,,,sirene,
BLM GROUP FRANCE,,,a contacter,,,,,,,,,,,,maintenance,Reparation de machines et equipements mecaniques,SOULTZ-HAUT-RHIN,,68,,,,,,,,,,,,,,,,,,,,,,,,,,,,,,,393543624,39354362400026,33.12Z,,,,,,,,,,,sirene,
BME - MACHINES TOURNANTES,,,a contacter,,,,,,,,,,,,maintenance,Reparation d'equipements electriques,SAUSHEIM,,68,,,,,,,,,,,,,,,,,,,,,,,,,,,,,,,302305693,30230569300038,33.14Z,,,,,,,,,,,sirene,
BMMI,,,a contacter,,,,,,,,,,,,maintenance,Reparation de machines et equipements mecaniques,BAPAUME,,62,,,,,,,,,,,,,,,,,,,,,,,,,,,,,,,820077196,82007719600021,33.12Z,,,,,,,,,,,sirene,
BMO MACHINES OUTILS,,,a contacter,,,,,,,,,,,,maintenance,Reparation de machines et equipements mecaniques,L'HORME,,42,,,,,,,,,,,,,,,,,,,,,,,,,,,,,,,310914296,31091429600028,33.12Z,,,,,,,,,,,sirene,
BMR INDUSTRIE,,,a contacter,,,,,,,,,,,,maintenance,Reparation de machines et equipements mecaniques,SAINT-MARTIN-LESTRA,,42,,,,,,,,,,,,,,,,,,,,,,,,,,,,,,,479036634,47903663400026,33.12Z,,,,,,,,,,,sirene,
BMS SOCIETE NOUVELLE,C,0,a contacter,,,,,,,,,,,,maintenance,Reparation d'equipements electriques,EYSINES,,33,,,,,,,https://www.pappers.fr/entreprise/489040956,https://annuaire-entreprises.data.gouv.fr/entreprise/489040956,https://www.google.com/maps/search/?api=1&query=BMS+SOCIETE+NOUVELLE+EYSINES,https://www.google.com/search?q=BMS+SOCIETE+NOUVELLE+EYSINES,https://www.linkedin.com/search/results/companies/?keywords=BMS+SOCIETE+NOUVELLE,https://www.pagesjaunes.fr/annuaire/chercherlespros?quoiqui=BMS+SOCIETE+NOUVELLE&ou=EYSINES,https://www.societe.com/cgi-bin/search?champs=489040956,,,,,,,,,,,,,,,,FR14489040956,,489040956,48904095600018,33.14Z,,,,,,,,non,oui,2026-08-09,sirene,
BOISSON,,,a contacter,,,,,,,,,,,,maintenance,Autres travaux d'installation n.c.a.,AUBIERE,,63,,,,,,,,,,,,,,,,,,,,,,,,,,,,,,,351165212,35116521200066,43.29B,,,,,,,,,,,sirene,
BOON EDAM FRANCE,,,a contacter,,,,,,,,,,,,maintenance,Autres travaux d'installation n.c.a.,GARGES-LES-GONESSE,,95,,,,,,,,,,,,,,,,,,,,,,,,,,,,,,,392802278,39280227800029,43.29B,,,,,,,,,,,sirene,
BOOST'AIR REFRIGERATION,,,a contacter,,,,,,,,,,,,maintenance,Installation de machines et equipements mecaniques,COURLAOUX,,39,,,,,,,,,,,,,,,,,,,,,,,,,,,,,,,405224114,40522411400026,33.20B,,,,,,,,,,,sirene,
BOREANA,,,a contacter,,,,,,,,,,,,maintenance,Installation de machines et equipements mecaniques,VALENTON,,94,,,,,,,,,,,,,,,,,,,,,,,,,,,,,,,335324489,33532448900038,33.20B,,,,,,,,,,,sirene,
BOUET SERVICE,C,0,a contacter,,,,,,,,,,,,maintenance,Installation de machines et equipements mecaniques,COULONGES-SUR-SARTHE,,61,,,,,,,https://www.pappers.fr/entreprise/313832974,https://annuaire-entreprises.data.gouv.fr/entreprise/313832974,https://www.google.com/maps/search/?api=1&query=BOUET+SERVICE+COULONGES-SUR-SARTHE,https://www.google.com/search?q=BOUET+SERVICE+COULONGES-SUR-SARTHE,https://www.linkedin.com/search/results/companies/?keywords=BOUET+SERVICE,https://www.pagesjaunes.fr/annuaire/chercherlespros?quoiqui=BOUET+SERVICE&ou=COULONGES-SUR-SARTHE,https://www.societe.com/cgi-bin/search?champs=313832974,,,,,,,,,,,,,,,,FR56313832974,,313832974,31383297400023,33.20B,,,,,,,,non,oui,2026-08-07,sirene,
BOURBON INGENIERIE PROTECTION,,,a contacter,,,,,,,,,,,,maintenance,Autres travaux d'installation n.c.a.,SAINT-DENIS,,974,,,,,,,,,,,,,,,,,,,,,,,,,,,,,,,498475532,49847553200046,43.29B,,,,,,,,,,,sirene,
BOURCET DOLE,,,a contacter,,,,,,,,,,,,maintenance,Installation de machines et equipements mecaniques,DOLE,,39,,,,,,,,,,,,,,,,,,,,,,,,,,,,,,,809902109,80990210900010,33.20B,,,,,,,,,,,sirene,
BOUTONNIER ADT LEVAGE,,,a contacter,,,,,,,,,,,,maintenance,Reparation de machines et equipements mecaniques,LE GRAND-QUEVILLY,,76,,,,,,,,,,,,,,,,,,,,,,,,,,,,,,,394916647,39491664700032,33.12Z,,,,,,,,,,,sirene,
BOUVIER SECURITE,,,a contacter,,,,,,,,,,,,maintenance,Installation de machines et equipements mecaniques,SAINT-PIERRE-EN-FAUCIGNY,,74,,,,,,,,,,,,,,,,,,,,,,,,,,,,,,,348176173,34817617300048,33.20B,,,,,,,,,,,sirene,
BOUYGUES E&S MAINTENANCE INDUSTRIELLE,C,0,a contacter,,,,,,,,,,,,maintenance,Reparation de machines et equipements mecaniques,FEYZIN,,69,,,,,,,https://www.pappers.fr/entreprise/322491127,https://annuaire-entreprises.data.gouv.fr/entreprise/322491127,https://www.google.com/maps/search/?api=1&query=BOUYGUES+E%26S+MAINTENANCE+INDUSTRIELLE+FEYZIN,https://www.google.com/search?q=BOUYGUES+E%26S+MAINTENANCE+INDUSTRIELLE+FEYZIN,https://www.linkedin.com/search/results/companies/?keywords=BOUYGUES+E%26S+MAINTENANCE+INDUSTRIELLE,https://www.pagesjaunes.fr/annuaire/chercherlespros?quoiqui=BOUYGUES+E%26S+MAINTENANCE+INDUSTRIELLE&ou=FEYZIN,https://www.societe.com/cgi-bin/search?champs=322491127,,,,,,,,,,,,,,,,FR49322491127,,322491127,32249112700047,33.12Z,,,,,,,,non,oui,2026-08-06,sirene,
BOVIS MAINTENANCE TRANSFERTS INDUSTRIELS,,,a contacter,,,,,,,,,,,,maintenance,Reparation de machines et equipements mecaniques,FLEURY-MEROGIS,,91,,,,,,,,,,,,,,,,,,,,,,,,,,,,,,,441518206,44151820600046,33.12Z,,,,,,,,,,,sirene,
BRIDES TECHNOLOGIES,,,a contacter,,,,,,,,,,,,maintenance,Reparation de machines et equipements mecaniques,TRITH-ST-LEGER,,59,,,,,,,,,,,,,,,,,,,,,,,,,,,,,,,952886356,95288635600015,33.12Z,,,,,,,,,,,sirene,
BRIDGELEC,,,a contacter,,,,,,,,,,,,maintenance,Reparation de materiels electroniques et optiques,LABRUGUIERE,,81,,,,,,,,,,,,,,,,,,,,,,,,,,,,,,,819757097,81975709700020,33.13Z,,,,,,,,,,,sirene,
BROUTECHOUX,C,0,a contacter,,,,,,,,,,,,maintenance,Reparation de machines et equipements mecaniques,BEYNOST,,01,,,,,,,https://www.pappers.fr/entreprise/441416732,https://annuaire-entreprises.data.gouv.fr/entreprise/441416732,https://www.google.com/maps/search/?api=1&query=BROUTECHOUX+BEYNOST,https://www.google.com/search?q=BROUTECHOUX+BEYNOST,https://www.linkedin.com/search/results/companies/?keywords=BROUTECHOUX,https://www.pagesjaunes.fr/annuaire/chercherlespros?quoiqui=BROUTECHOUX&ou=BEYNOST,https://www.societe.com/cgi-bin/search?champs=441416732,,,,,,,,,,,,,,,,FR00441416732,,441416732,44141673200028,33.12Z,,,,,,,,non,oui,2026-08-01,sirene,
BUHLER SAS,,,a contacter,,,,,,,,,,,,maintenance,Installation de machines et equipements mecaniques,HAGUENAU,,67,,,,,,,,,,,,,,,,,,,,,,,,,,,,,,,301764320,30176432000018,33.20B,,,,,,,,,,,sirene,
BULBUC MONTAGE SERVICES ASCENSEURS,,,a contacter,,,,,,,,,,,,maintenance,Autres travaux d'installation n.c.a.,ANDRESY,,78,,,,,,,,,,,,,,,,,,,,,,,,,,,,,,,910846112,91084611200019,43.29B,,,,,,,,,,,sirene,
BUREAUTIQUE RHENANE,,,a contacter,,,,,,,,,,,,maintenance,Reparation de machines et equipements mecaniques,SCHILTIGHEIM,,67,,,,,,,,,,,,,,,,,,,,,,,,,,,,,,,381033380,38103338000076,33.12Z,,,,,,,,,,,sirene,
BUROMATIC 59 SOC,,,a contacter,,,,,,,,,,,,maintenance,Installation de machines et equipements mecaniques,ROUVIGNIES,,59,,,,,,,,,,,,,,,,,,,,,,,,,,,,,,,331180372,33118037200046,33.20B,,,,,,,,,,,sirene,
BURSTERT,,,a contacter,,,,,,,,,,,,maintenance,Reparation de machines et equipements mecaniques,SAINTE-MARIE-AUX-MINES,,68,,,,,,,,,,,,,,,,,,,,,,,,,,,,,,,423507896,42350789600029,33.12Z,,,,,,,,,,,sirene,
BV SERVICES,,,a contacter,,,,,,,,,,,,maintenance,Reparation de machines et equipements mecaniques,BAILLEVAL,,60,,,,,,,,,,,,,,,,,,,,,,,,,,,,,,,800357931,80035793100016,33.12Z,,,,,,,,,,,sirene,
C 2 M,,,a contacter,,,,,,,,,,,,maintenance,Installation de machines et equipements mecaniques,ROSNY-SOUS-BOIS,,93,,,,,,,,,,,,,,,,,,,,,,,,,,,,,,,403449309,40344930900034,33.20B,,,,,,,,,,,sirene,
C E S CUISINE EQUIPEMENT SERVICE,,,a contacter,,,,,,,,,,,,maintenance,Installation de machines et equipements mecaniques,EYBENS,,38,,,,,,,,,,,,,,,,,,,,,,,,,,,,,,,448023788,44802378800038,33.20B,,,,,,,,,,,sirene,
C.B.S.,,,a contacter,,,,,,,,,,,,maintenance,Installation de machines et equipements mecaniques,MONTMELIAN,,73,,,,,,,,,,,,,,,,,,,,,,,,,,,,,,,451470199,45147019900022,33.20B,,,,,,,,,,,sirene,
C.F.M. - CUISINE FROID MONTAGNE,,,a contacter,,,,,,,,,,,,maintenance,Installation de machines et equipements mecaniques,ANNECY,,74,,,,,,,,,,,,,,,,,,,,,,,,,,,,,,,337622120,33762212000034,33.20B,,,,,,,,,,,sirene,
C.S. PRO.,,,a contacter,,,,,,,,,,,,maintenance,Installation de machines et equipements mecaniques,MONTAUBAN,,82,,,,,,,,,,,,,,,,,,,,,,,,,,,,,,,818352502,81835250200020,33.20B,,,,,,,,,,,sirene,
C2T,,,a contacter,,,,,,,,,,,,maintenance,Installation de machines et equipements mecaniques,STRASBOURG,,67,,,,,,,,,,,,,,,,,,,,,,,,,,,,,,,818683526,81868352600029,33.20B,,,,,,,,,,,sirene,
C4E TECHNOLOGIES,,,a contacter,,,,,,,,,,,,maintenance,"Installation d'equipements electriques, de materiels electroniques et optiques ou d'autres materiels",SAINT-PIERRE-DU-PERRAY,,91,,,,,,,,,,,,,,,,,,,,,,,,,,,,,,,318918885,31891888500084,33.20D,,,,,,,,,,,sirene,
CABLES ET MONTAGE CEM,,,a contacter,,,,,,,,,,,,maintenance,Installation de machines et equipements mecaniques,SAINTE-HELENE-DU-LAC,,73,,,,,,,,,,,,,,,,,,,,,,,,,,,,,,,490257425,49025742500036,33.20B,,,,,,,,,,,sirene,
CALIBRA,,,a contacter,,,,,,,,,,,,maintenance,Reparation de materiels electroniques et optiques,MARNAZ,,74,,,,,,,,,,,,,,,,,,,,,,,,,,,,,,,381903368,38190336800029,33.13Z,,,,,,,,,,,sirene,
CAMA 2,C,0,a contacter,,,,,,,,,,,,maintenance,Reparation d'equipements electriques,LA CHAPELLE-SAINT-LUC,,10,,,,,,,https://www.pappers.fr/entreprise/344269881,https://annuaire-entreprises.data.gouv.fr/entreprise/344269881,https://www.google.com/maps/search/?api=1&query=CAMA+2+LA+CHAPELLE-SAINT-LUC,https://www.google.com/search?q=CAMA+2+LA+CHAPELLE-SAINT-LUC,https://www.linkedin.com/search/results/companies/?keywords=CAMA+2,https://www.pagesjaunes.fr/annuaire/chercherlespros?quoiqui=CAMA+2&ou=LA+CHAPELLE-SAINT-LUC,https://www.societe.com/cgi-bin/search?champs=344269881,,,,,,,,,,,,,,,,FR21344269881,,344269881,34426988100050,33.14Z,,,,,,,,non,oui,2026-08-03,sirene,
CAP ENERGY,,,a contacter,,,,,,,,,,,,maintenance,Reparation de machines et equipements mecaniques,ORMES,,51,,,,,,,,,,,,,,,,,,,,,,,,,,,,,,,451807986,45180798600034,33.12Z,,,,,,,,,,,sirene,
CARAIBES TELECOM,,,a contacter,,,,,,,,,,,,maintenance,"Installation d'equipements electriques, de materiels electroniques et optiques ou d'autres materiels",BAIE MAHAULT,,971,,,,,,,,,,,,,,,,,,,,,,,,,,,,,,,388470528,38847052800026,33.20D,,,,,,,,,,,sirene,
CATT'O2 MAINTENANCE,,,a contacter,,,,,,,,,,,,maintenance,Reparation de materiels electroniques et optiques,FLERS-EN-ESCREBIEUX,,59,,,,,,,,,,,,,,,,,,,,,,,,,,,,,,,523764017,52376401700019,33.13Z,,,,,,,,,,,sirene,
CB FROID,,,a contacter,,,,,,,,,,,,maintenance,Installation de machines et equipements mecaniques,VOUNEUIL-SOUS-BIARD,,86,,,,,,,,,,,,,,,,,,,,,,,,,,,,,,,493386635,49338663500038,33.20B,,,,,,,,,,,sirene,
CBF-PRO,,,a contacter,,,,,,,,,,,,maintenance,Installation de machines et equipements mecaniques,SAINT-GENIX-LES-VILLAGES,,73,,,,,,,,,,,,,,,,,,,,,,,,,,,,,,,437894454,43789445400028,33.20B,,,,,,,,,,,sirene,
CBL REPRO,,,a contacter,,,,,,,,,,,,maintenance,Reparation de machines et equipements mecaniques,SAINT-DENIS,,974,,,,,,,,,,,,,,,,,,,,,,,,,,,,,,,321227845,32122784500062,33.12Z,,,,,,,,,,,sirene,
CBS 59,,,a contacter,,,,,,,,,,,,maintenance,Reparation de machines et equipements mecaniques,SAINGHIN-EN-MELANTOIS,,59,,,,,,,,,,,,,,,,,,,,,,,,,,,,,,,879955854,87995585400010,33.12Z,,,,,,,,,,,sirene,
CBS 87,,,a contacter,,,,,,,,,,,,maintenance,Reparation de machines et equipements mecaniques,FEYTIAT,,87,,,,,,,,,,,,,,,,,,,,,,,,,,,,,,,539564955,53956495500026,33.12Z,,,,,,,,,,,sirene,
CBS DISTRIBUTION,,,a contacter,,,,,,,,,,,,maintenance,Reparation d'equipements electriques,LE MALESHERBOIS,,45,,,,,,,,,,,,,,,,,,,,,,,,,,,,,,,397778952,39777895200028,33.14Z,,,,,,,,,,,sirene,
CDNI,,,a contacter,,,,,,,,,,,,maintenance,Reparation de machines et equipements mecaniques,HAISNES,,62,,,,,,,,,,,,,,,,,,,,,,,,,,,,,,,803174358,80317435800033,33.12Z,,,,,,,,,,,sirene,
CEF NORD,,,a contacter,,,,,,,,,,,,maintenance,Installation de machines et equipements mecaniques,AVELIN,,59,,,,,,,,,,,,,,,,,,,,,,,,,,,,,,,321501926,32150192600133,33.20B,,,,,,,,,,,sirene,
CEG,,,a contacter,,,,,,,,,,,,maintenance,Autres travaux d'installation n.c.a.,FIRMINY,,42,,,,,,,,,,,,,,,,,,,,,,,,,,,,,,,843922188,84392218800019,43.29B,,,,,,,,,,,sirene,
CELSIUS,,,a contacter,,,,,,,,,,,,maintenance,Installation de machines et equipements mecaniques,LONGUENESSE,,62,,,,,,,,,,,,,,,,,,,,,,,,,,,,,,,484093653,48409365300018,33.20B,,,,,,,,,,,sirene,
CENTRE REPARATION BOBINAGE,,,a contacter,,,,,,,,,,,,maintenance,Reparation d'equipements electriques,SAINT-PRYVE-SAINT-MESMIN,,45,,,,,,,,,,,,,,,,,,,,,,,,,,,,,,,348226432,34822643200014,33.14Z,,,,,,,,,,,sirene,
CERFIC FROID - CENTRE D'ETUDES ET DE REALISATIONS FRIGORIFIQUES INDUSTRIELLES ET CLIMATIQUES,,,a contacter,,,,,,,,,,,,maintenance,Installation de machines et equipements mecaniques,ARNAS,,69,,,,,,,,,,,,,,,,,,,,,,,,,,,,,,,383867769,38386776900036,33.20B,,,,,,,,,,,sirene,
CHABANNE INGENIERIE,,,a contacter,,,,,,,,,,,,maintenance,Reparation de machines et equipements mecaniques,CHAMBŒUF,,42,,,,,,,,,,,,,,,,,,,,,,,,,,,,,,,422120485,42212048500012,33.12Z,,,,,,,,,,,sirene,
CHAPLAIN ENERGIE,,,a contacter,,,,,,,,,,,,maintenance,Reparation de machines et equipements mecaniques,HERIC,,44,,,,,,,,,,,,,,,,,,,,,,,,,,,,,,,794040915,79404091500017,33.12Z,,,,,,,,,,,sirene,
CHOLLET,,,a contacter,,,,,,,,,,,,maintenance,Reparation de machines et equipements mecaniques,LA TALAUDIERE,,42,,,,,,,,,,,,,,,,,,,,,,,,,,,,,,,315012575,31501257500033,33.12Z,,,,,,,,,,,sirene,
CHRONO FLEX,,,a contacter,,,,,,,,,,,,maintenance,Reparation de machines et equipements mecaniques,SAINT-HERBLAIN,,44,,,,,,,,,,,,,,,,,,,,,,,,,,,,,,,401282553,40128255300049,33.12Z,,,,,,,,,,,sirene,
CHRONOFERM,,,a contacter,,,,,,,,,,,,maintenance,Reparation de materiels electroniques et optiques,HAUTE-GOULAINE,,44,,,,,,,,,,,,,,,,,,,,,,,,,,,,,,,421409319,42140931900041,33.13Z,,,,,,,,,,,sirene,
CIC CLIMATISATION,,,a contacter,,,,,,,,,,,,maintenance,Installation de machines et equipements mecaniques,PLAISIR,,78,,,,,,,,,,,,,,,,,,,,,,,,,,,,,,,487527558,48752755800026,33.20B,,,,,,,,,,,sirene,
CIGHASCENSEURS,,,a contacter,,,,,,,,,,,,maintenance,Autres travaux d'installation n.c.a.,TREMBLAY-EN-FRANCE,,93,,,,,,,,,,,,,,,,,,,,,,,,,,,,,,,827554585,82755458500014,43.29B,,,,,,,,,,,sirene,
CIGMA,,,a contacter,,,,,,,,,,,,maintenance,Reparation de machines et equipements mecaniques,HERICOURT,,70,,,,,,,,,,,,,,,,,,,,,,,,,,,,,,,537908758,53790875800031,33.12Z,,,,,,,,,,,sirene,
CIM DEVELOPPEMENT,,,a contacter,,,,,,,,,,,,maintenance,Installation de machines et equipements mecaniques,BACQUEVILLE-EN-CAUX,,76,,,,,,,,,,,,,,,,,,,,,,,,,,,,,,,440581742,44058174200010,33.20B,,,,,,,,,,,sirene,
CIMELEC,,,a contacter,,,,,,,,,,,,maintenance,"Installation d'equipements electriques, de materiels electroniques et optiques ou d'autres materiels",VILLAZ,,74,,,,,,,,,,,,,,,,,,,,,,,,,,,,,,,394083992,39408399200021,33.20D,,,,,,,,,,,sirene,
CIRA TECHNOLOGIE,,,a contacter,,,,,,,,,,,,maintenance,"Installation d'equipements electriques, de materiels electroniques et optiques ou d'autres materiels",SAINT-JEAN-BONNEFONDS,,42,,,,,,,,,,,,,,,,,,,,,,,,,,,,,,,411364912,41136491200039,33.20D,,,,,,,,,,,sirene,
CIUCH SERVICES,,,a contacter,,,,,,,,,,,,maintenance,Installation de machines et equipements mecaniques,TOURCOING,,59,,,,,,,,,,,,,,,,,,,,,,,,,,,,,,,495204794,49520479400038,33.20B,,,,,,,,,,,sirene,
CLARKE ENERGY FRANCE,C,0,a contacter,,,,,,,,,,,,maintenance,Reparation d'equipements electriques,BOUC-BEL-AIR,,13,,,,,,,https://www.pappers.fr/entreprise/439818071,https://annuaire-entreprises.data.gouv.fr/entreprise/439818071,https://www.google.com/maps/search/?api=1&query=CLARKE+ENERGY+FRANCE+BOUC-BEL-AIR,https://www.google.com/search?q=CLARKE+ENERGY+FRANCE+BOUC-BEL-AIR,https://www.linkedin.com/search/results/companies/?keywords=CLARKE+ENERGY+FRANCE,https://www.pagesjaunes.fr/annuaire/chercherlespros?quoiqui=CLARKE+ENERGY+FRANCE&ou=BOUC-BEL-AIR,https://www.societe.com/cgi-bin/search?champs=439818071,,,,,,,,,,,,,,,,FR85439818071,,439818071,43981807100037,33.14Z,,,,,,,,non,oui,2026-08-04,sirene,
CLIM 101,,,a contacter,,,,,,,,,,,,maintenance,Reparation de machines et equipements mecaniques,SAINT-PAUL,,974,,,,,,,,,,,,,,,,,,,,,,,,,,,,,,,453632689,45363268900023,33.12Z,,,,,,,,,,,sirene,
CLIM 5 S,,,a contacter,,,,,,,,,,,,maintenance,Autres travaux d'installation n.c.a.,IVRY-SUR-SEINE,,94,,,,,,,,,,,,,,,,,,,,,,,,,,,,,,,829483320,82948332000026,43.29B,,,,,,,,,,,sirene,
CLIM ASSISTANCE SERVICE RHONE ALPES,,,a contacter,,,,,,,,,,,,maintenance,Reparation de machines et equipements mecaniques,GLEIZE,,69,,,,,,,,,,,,,,,,,,,,,,,,,,,,,,,490668498,49066849800051,33.12Z,,,,,,,,,,,sirene,
CLIM COOLING SERVICES,,,a contacter,,,,,,,,,,,,maintenance,Installation de machines et equipements mecaniques,CROISSY-BEAUBOURG,,77,,,,,,,,,,,,,,,,,,,,,,,,,,,,,,,805298171,80529817100036,33.20B,,,,,,,,,,,sirene,
CLIM ECOLO,,,a contacter,,,,,,,,,,,,maintenance,Installation de machines et equipements mecaniques,PARIS,,75,,,,,,,,,,,,,,,,,,,,,,,,,,,,,,,531940971,53194097100017,33.20B,,,,,,,,,,,sirene,
CLIM VAR FROID,,,a contacter,,,,,,,,,,,,maintenance,Installation de machines et equipements mecaniques,LA MOTTE,,83,,,,,,,,,,,,,,,,,,,,,,,,,,,,,,,351154109,35115410900034,33.20B,,,,,,,,,,,sirene,
CLIM.MAG.,C,0,a contacter,,,,,,,,,,,,maintenance,Installation de machines et equipements mecaniques,PEROLS,,34,,,,,,,https://www.pappers.fr/entreprise/508834652,https://annuaire-entreprises.data.gouv.fr/entreprise/508834652,https://www.google.com/maps/search/?api=1&query=CLIM.MAG.+PEROLS,https://www.google.com/search?q=CLIM.MAG.+PEROLS,https://www.linkedin.com/search/results/companies/?keywords=CLIM.MAG.,https://www.pagesjaunes.fr/annuaire/chercherlespros?quoiqui=CLIM.MAG.&ou=PEROLS,https://www.societe.com/cgi-bin/search?champs=508834652,,,,,,,,,,,,,,,,FR30508834652,,508834652,50883465200028,33.20B,,,,,,,,non,oui,2026-08-08,sirene,
CLIMA FROID ROUSSILLON,,,a contacter,,,,,,,,,,,,maintenance,Installation de machines et equipements mecaniques,PERPIGNAN,,66,,,,,,,,,,,,,,,,,,,,,,,,,,,,,,,477656201,47765620100043,33.20B,,,,,,,,,,,sirene,
CLIMAFROID SERVICE,,,a contacter,,,,,,,,,,,,maintenance,Installation de machines et equipements mecaniques,HŒRDT,,67,,,,,,,,,,,,,,,,,,,,,,,,,,,,,,,452023609,45202360900038,33.20B,,,,,,,,,,,sirene,
CLIMALISE SARL,,,a contacter,,,,,,,,,,,,maintenance,Installation de machines et equipements mecaniques,LISSES,,91,,,,,,,,,,,,,,,,,,,,,,,,,,,,,,,451575609,45157560900032,33.20B,,,,,,,,,,,sirene,
CLIMAT-FLUIDES,,,a contacter,,,,,,,,,,,,maintenance,Installation de machines et equipements mecaniques,COURBEVOIE,,92,,,,,,,,,,,,,,,,,,,,,,,,,,,,,,,529453235,52945323500044,33.20B,,,,,,,,,,,sirene,
CLIMATAIR,,,a contacter,,,,,,,,,,,,maintenance,Installation de machines et equipements mecaniques,ATTON,,54,,,,,,,,,,,,,,,,,,,,,,,,,,,,,,,352340517,35234051700023,33.20B,,,,,,,,,,,sirene,
CLIMATIS OI,,,a contacter,,,,,,,,,,,,maintenance,Reparation de machines et equipements mecaniques,SAINT-PIERRE,,974,,,,,,,,,,,,,,,,,,,,,,,,,,,,,,,750250805,75025080500017,33.12Z,,,,,,,,,,,sirene,
CLIMEX FROID,,,a contacter,,,,,,,,,,,,maintenance,Reparation de machines et equipements mecaniques,SAINT-LEU,,974,,,,,,,,,,,,,,,,,,,,,,,,,,,,,,,530818814,53081881400028,33.12Z,,,,,,,,,,,sirene,
CLIMTEC,,,a contacter,,,,,,,,,,,,maintenance,Installation de machines et equipements mecaniques,COURNON-D'AUVERGNE,,63,,,,,,,,,,,,,,,,,,,,,,,,,,,,,,,453843989,45384398900030,33.20B,,,,,,,,,,,sirene,
CLOPEV,,,a contacter,,,,,,,,,,,,maintenance,Autres travaux d'installation n.c.a.,BEUVRY-LA-FORET,,59,,,,,,,,,,,,,,,,,,,,,,,,,,,,,,,893224386,89322438600019,43.29B,,,,,,,,,,,sirene,
CLOSAMBRE,,,a contacter,,,,,,,,,,,,maintenance,Autres travaux d'installation n.c.a.,FEIGNIES,,59,,,,,,,,,,,,,,,,,,,,,,,,,,,,,,,387487549,38748754900025,43.29B,,,,,,,,,,,sirene,
CLOSSUR,,,a contacter,,,,,,,,,,,,maintenance,Autres travaux d'installation n.c.a.,BEAUVALLON,,69,,,,,,,,,,,,,,,,,,,,,,,,,,,,,,,334934403,33493440300026,43.29B,,,,,,,,,,,sirene,
CLOTURES BERRENGER,,,a contacter,,,,,,,,,,,,maintenance,Autres travaux d'installation n.c.a.,LONDINIERES,,76,,,,,,,,,,,,,,,,,,,,,,,,,,,,,,,395089923,39508992300035,43.29B,,,,,,,,,,,sirene,
CLOTURES ET PORTAILS DU DOUAISIS,,,a contacter,,,,,,,,,,,,maintenance,Autres travaux d'installation n.c.a.,FLERS-EN-ESCREBIEUX,,59,,,,,,,,,,,,,,,,,,,,,,,,,,,,,,,384510624,38451062400016,43.29B,,,,,,,,,,,sirene,
CLOTURES SANIEZ GRANDS TRAVAUX,,,a contacter,,,,,,,,,,,,maintenance,Autres travaux d'installation n.c.a.,SOLESMES,,59,,,,,,,,,,,,,,,,,,,,,,,,,,,,,,,518874375,51887437500018,43.29B,,,,,,,,,,,sirene,
CLOTURES SANIEZ IDF,,,a contacter,,,,,,,,,,,,maintenance,Autres travaux d'installation n.c.a.,SOLESMES,,59,,,,,,,,,,,,,,,,,,,,,,,,,,,,,,,518874490,51887449000015,43.29B,,,,,,,,,,,sirene,
CLOTURES SANIEZ NORD,,,a contacter,,,,,,,,,,,,maintenance,Autres travaux d'installation n.c.a.,SOLESMES,,59,,,,,,,,,,,,,,,,,,,,,,,,,,,,,,,518875596,51887559600018,43.29B,,,,,,,,,,,sirene,
CLOTURES SANIEZ SUD EST,C,0,a contacter,,,,,,,,,,,,maintenance,Autres travaux d'installation n.c.a.,SOLESMES,,59,,,,,,,https://www.pappers.fr/entreprise/790388664,https://annuaire-entreprises.data.gouv.fr/entreprise/790388664,https://www.google.com/maps/search/?api=1&query=CLOTURES+SANIEZ+SUD+EST+SOLESMES,https://www.google.com/search?q=CLOTURES+SANIEZ+SUD+EST+SOLESMES,https://www.linkedin.com/search/results/companies/?keywords=CLOTURES+SANIEZ+SUD+EST,https://www.pagesjaunes.fr/annuaire/chercherlespros?quoiqui=CLOTURES+SANIEZ+SUD+EST&ou=SOLESMES,https://www.societe.com/cgi-bin/search?champs=790388664,,,,,,,,,,,,,,,,FR34790388664,,790388664,79038866400019,43.29B,,,,,,,,non,oui,2026-08-04,sirene,
CMDM,,,a contacter,,,,,,,,,,,,maintenance,Reparation de machines et equipements mecaniques,PRESSAC,,86,,,,,,,,,,,,,,,,,,,,,,,,,,,,,,,492305685,49230568500041,33.12Z,,,,,,,,,,,sirene,
CML MANUTENTION,,,a contacter,,,,,,,,,,,,maintenance,Reparation de machines et equipements mecaniques,ARRAS,,62,,,,,,,,,,,,,,,,,,,,,,,,,,,,,,,824778211,82477821100014,33.12Z,,,,,,,,,,,sirene,
COCIREL,,,a contacter,,,,,,,,,,,,maintenance,Reparation de materiels electroniques et optiques,CHAVIGNY,,54,,,,,,,,,,,,,,,,,,,,,,,,,,,,,,,340326636,34032663600040,33.13Z,,,,,,,,,,,sirene,
CODAITEC,,,a contacter,,,,,,,,,,,,maintenance,Installation de machines et equipements mecaniques,COURTRY,,77,,,,,,,,,,,,,,,,,,,,,,,,,,,,,,,326301405,32630140500030,33.20B,,,,,,,,,,,sirene,
CODITEM,,,a contacter,,,,,,,,,,,,maintenance,Reparation de machines et equipements mecaniques,VALENTON,,94,,,,,,,,,,,,,,,,,,,,,,,,,,,,,,,385016217,38501621700049,33.12Z,,,,,,,,,,,sirene,
COFRINO FROID ET MACHINES S.A.S.,,,a contacter,,,,,,,,,,,,maintenance,Installation de machines et equipements mecaniques,LAMBERSART,,59,,,,,,,,,,,,,,,,,,,,,,,,,,,,,,,390562593,39056259300025,33.20B,,,,,,,,,,,sirene,
COLUSSI ICOS,,,a contacter,,,,,,,,,,,,maintenance,Reparation de materiels electroniques et optiques,LENTILLY,,69,,,,,,,,,,,,,,,,,,,,,,,,,,,,,,,424587186,42458718600026,33.13Z,,,,,,,,,,,sirene,
COLVEMAT ALSACE,,,a contacter,,,,,,,,,,,,maintenance,Reparation de machines et equipements mecaniques,DUTTLENHEIM,,67,,,,,,,,,,,,,,,,,,,,,,,,,,,,,,,420594186,42059418600041,33.12Z,,,,,,,,,,,sirene,
COM UNIC,,,a contacter,,,,,,,,,,,,maintenance,Reparation d'equipements electriques,CHAVANOD,,74,,,,,,,,,,,,,,,,,,,,,,,,,,,,,,,477562060,47756206000046,33.14Z,,,,,,,,,,,sirene,
COMAT,,,a contacter,,,,,,,,,,,,maintenance,Reparation de machines et equipements mecaniques,MONTBRAY,,50,,,,,,,,,,,,,,,,,,,,,,,,,,,,,,,848481750,84848175000018,33.12Z,,,,,,,,,,,sirene,
COMATEL BUGELEC,C,0,a contacter,,,,,,,,,,,,maintenance,"Installation d'equipements electriques, de materiels electroniques et optiques ou d'autres materiels",BELLEY,,01,,,,,,,https://www.pappers.fr/entreprise/350714853,https://annuaire-entreprises.data.gouv.fr/entreprise/350714853,https://www.google.com/maps/search/?api=1&query=COMATEL+BUGELEC+BELLEY,https://www.google.com/search?q=COMATEL+BUGELEC+BELLEY,https://www.linkedin.com/search/results/companies/?keywords=COMATEL+BUGELEC,https://www.pagesjaunes.fr/annuaire/chercherlespros?quoiqui=COMATEL+BUGELEC&ou=BELLEY,https://www.societe.com/cgi-bin/search?champs=350714853,,,,,,,,,,,,,,,,FR24350714853,,350714853,35071485300024,33.20D,,,,,,,,non,oui,2026-08-01,sirene,
COME FERMETURES,,,a contacter,,,,,,,,,,,,maintenance,Autres travaux d'installation n.c.a.,MULSANNE,,72,,,,,,,,,,,,,,,,,,,,,,,,,,,,,,,524982329,52498232900020,43.29B,,,,,,,,,,,sirene,
COMECA SERVICES,,,a contacter,,,,,,,,,,,,maintenance,Reparation de machines et equipements mecaniques,TOURNAN-EN-BRIE,,77,,,,,,,,,,,,,,,,,,,,,,,,,,,,,,,391023959,39102395900037,33.12Z,,,,,,,,,,,sirene,
COMPAGNIE DE TRAVAUX ANTILLAIS D'ENTRETIEN ET DE SERVICE,,,a contacter,,,,,,,,,,,,maintenance,Autres travaux d'installation n.c.a.,LES ABYMES,,971,,,,,,,,,,,,,,,,,,,,,,,,,,,,,,,313967226,31396722600041,43.29B,,,,,,,,,,,sirene,
COMPAGNIE POUR LA RENOVATION ET L'ENTRETIEN D'ASCENSEURS,,,a contacter,,,,,,,,,,,,maintenance,Autres travaux d'installation n.c.a.,MONTIGNY-LES-CORMEILLES,,95,,,,,,,,,,,,,,,,,,,,,,,,,,,,,,,521426288,52142628800028,43.29B,,,,,,,,,,,sirene,
COMPETENCE CUISINE COLLECTIVE,,,a contacter,,,,,,,,,,,,maintenance,Reparation de machines et equipements mecaniques,DEUIL-LA-BARRE,,95,,,,,,,,,,,,,,,,,,,,,,,,,,,,,,,352822522,35282252200038,33.12Z,,,,,,,,,,,sirene,
COMPRESSEUR SERVICE EQUIPEMENT,,,a contacter,,,,,,,,,,,,maintenance,Reparation de machines et equipements mecaniques,JOIGNY,,89,,,,,,,,,,,,,,,,,,,,,,,,,,,,,,,492032289,49203228900026,33.12Z,,,,,,,,,,,sirene,
COMUTEX,,,a contacter,,,,,,,,,,,,maintenance,"Installation d'equipements electriques, de materiels electroniques et optiques ou d'autres materiels",THOUARS,,79,,,,,,,,,,,,,,,,,,,,,,,,,,,,,,,389199571,38919957100081,33.20D,,,,,,,,,,,sirene,
CONCEPT INSTALLATION AUTOMATISMES,C,0,a contacter,,,,,,,,,,,,maintenance,Autres travaux d'installation n.c.a.,COIGNIERES,,78,,,,,,,https://www.pappers.fr/entreprise/507863330,https://annuaire-entreprises.data.gouv.fr/entreprise/507863330,https://www.google.com/maps/search/?api=1&query=CONCEPT+INSTALLATION+AUTOMATISMES+COIGNIERES,https://www.google.com/search?q=CONCEPT+INSTALLATION+AUTOMATISMES+COIGNIERES,https://www.linkedin.com/search/results/companies/?keywords=CONCEPT+INSTALLATION+AUTOMATISMES,https://www.pagesjaunes.fr/annuaire/chercherlespros?quoiqui=CONCEPT+INSTALLATION+AUTOMATISMES&ou=COIGNIERES,https://www.societe.com/cgi-bin/search?champs=507863330,,,,,,,,,,,,,,,,FR41507863330,,507863330,50786333000043,43.29B,,,,,,,,non,oui,2026-08-09,sirene,
CONCEPT LEVAGE SYSTEME,,,a contacter,,,,,,,,,,,,maintenance,Installation de machines et equipements mecaniques,VILLEDIEU-SUR-INDRE,,36,,,,,,,,,,,,,,,,,,,,,,,,,,,,,,,505293282,50529328200024,33.20B,,,,,,,,,,,sirene,
CONNECT & REL,,,a contacter,,,,,,,,,,,,maintenance,"Installation d'equipements electriques, de materiels electroniques et optiques ou d'autres materiels",CLAIX,,38,,,,,,,,,,,,,,,,,,,,,,,,,,,,,,,380921544,38092154400025,33.20D,,,,,,,,,,,sirene,
CONSTRUCTION METALLIQUE ET DE MONTAGE,,,a contacter,,,,,,,,,,,,maintenance,Installation de machines et equipements mecaniques,SCHOENECK,,57,,,,,,,,,,,,,,,,,,,,,,,,,,,,,,,309743649,30974364900043,33.20B,,,,,,,,,,,sirene,
CONSTRUCTIONS MECANIQUES DE L ISERE,,,a contacter,,,,,,,,,,,,maintenance,Installation de machines et equipements mecaniques,SAINT-QUENTIN-SUR-ISERE,,38,,,,,,,,,,,,,,,,,,,,,,,,,,,,,,,061501268,06150126800017,33.20B,,,,,,,,,,,sirene,
CONTIREP,C,0,a contacter,,,,,,,,,,,,maintenance,Reparation d'equipements electriques,VALENTIGNEY,,25,,,,,,,https://www.pappers.fr/entreprise/311865778,https://annuaire-entreprises.data.gouv.fr/entreprise/311865778,https://www.google.com/maps/search/?api=1&query=CONTIREP+VALENTIGNEY,https://www.google.com/search?q=CONTIREP+VALENTIGNEY,https://www.linkedin.com/search/results/companies/?keywords=CONTIREP,https://www.pagesjaunes.fr/annuaire/chercherlespros?quoiqui=CONTIREP&ou=VALENTIGNEY,https://www.societe.com/cgi-bin/search?champs=311865778,,,,,,,,,,,,,,,,FR45311865778,,311865778,31186577800055,33.14Z,,,,,,,,non,oui,2026-08-07,sirene,
CONTRACT,,,a contacter,,,,,,,,,,,,maintenance,Autres travaux d'installation n.c.a.,COUBERT,,77,,,,,,,,,,,,,,,,,,,,,,,,,,,,,,,835324872,83532487200026,43.29B,,,,,,,,,,,sirene,
COOP ATELIER REPARATION MACHINES AGRICOL,,,a contacter,,,,,,,,,,,,maintenance,Reparation de machines et equipements mecaniques,XANTON-CHASSENON,,85,,,,,,,,,,,,,,,,,,,,,,,,,,,,,,,786482620,78648262000014,33.12Z,,,,,,,,,,,sirene,
COPAS ASCENSEURS,C,0,a contacter,,,,,,,,,,,,maintenance,Autres travaux d'installation n.c.a.,GUILHERAND-GRANGES,,07,,,,,,,https://www.pappers.fr/entreprise/434993531,https://annuaire-entreprises.data.gouv.fr/entreprise/434993531,https://www.google.com/maps/search/?api=1&query=COPAS+ASCENSEURS+GUILHERAND-GRANGES,https://www.google.com/search?q=COPAS+ASCENSEURS+GUILHERAND-GRANGES,https://www.linkedin.com/search/results/companies/?keywords=COPAS+ASCENSEURS,https://www.pagesjaunes.fr/annuaire/chercherlespros?quoiqui=COPAS+ASCENSEURS&ou=GUILHERAND-GRANGES,https://www.societe.com/cgi-bin/search?champs=434993531,,,,,,,,,,,,,,,,FR29434993531,,434993531,43499353100038,43.29B,,,,,,,,non,oui,2026-08-03,sirene,
COPAS HAUT DE FRANCE,,,a contacter,,,,,,,,,,,,maintenance,Reparation de machines et equipements mecaniques,COLEMBERT,,62,,,,,,,,,,,,,,,,,,,,,,,,,,,,,,,840067037,84006703700019,33.12Z,,,,,,,,,,,sirene,
COPHYMA,,,a contacter,,,,,,,,,,,,maintenance,Reparation de machines et equipements mecaniques,TALUYERS,,69,,,,,,,,,,,,,,,,,,,,,,,,,,,,,,,422991406,42299140600022,33.12Z,,,,,,,,,,,sirene,
COPHYMA 38,,,a contacter,,,,,,,,,,,,maintenance,Installation de machines et equipements mecaniques,VOUREY,,38,,,,,,,,,,,,,,,,,,,,,,,,,,,,,,,502266240,50226624000022,33.20B,,,,,,,,,,,sirene,
COPPEL MAINTENANCE,,,a contacter,,,,,,,,,,,,maintenance,Reparation de machines et equipements mecaniques,SAINT-PIERRE-EN-FAUCIGNY,,74,,,,,,,,,,,,,,,,,,,,,,,,,,,,,,,345009948,34500994800034,33.12Z,,,,,,,,,,,sirene,
CORAL,,,a contacter,,,,,,,,,,,,maintenance,Installation de machines et equipements mecaniques,BONDOUFLE,,91,,,,,,,,,,,,,,,,,,,,,,,,,,,,,,,692008402,69200840200046,33.20B,,,,,,,,,,,sirene,
CORBE CUISINE PROFESSIONNELLE,,,a contacter,,,,,,,,,,,,maintenance,Installation de machines et equipements mecaniques,LES SORINIERES,,44,,,,,,,,,,,,,,,,,,,,,,,,,,,,,,,409338084,40933808400026,33.20B,,,,,,,,,,,sirene,
CORBEC - NOVECLAIR,,,a contacter,,,,,,,,,,,,maintenance,Autres travaux d'installation n.c.a.,SAINT-MARTIN-BOULOGNE,,62,,,,,,,,,,,,,,,,,,,,,,,,,,,,,,,509579579,50957957900038,43.29B,,,,,,,,,,,sirene,
CORBEL-JANNIN INDUSTRIES,,,a contacter,,,,,,,,,,,,maintenance,Reparation de machines et equipements mecaniques,ANDREZIEUX-BOUTHEON,,42,,,,,,,,,,,,,,,,,,,,,,,,,,,,,,,503386872,50338687200025,33.12Z,,,,,,,,,,,sirene,
COTONAT,C,0,a contacter,,,,,,,,,,,,maintenance,Reparation de machines et equipements mecaniques,LADEVEZE-RIVIERE,,32,,,,,,,https://www.pappers.fr/entreprise/483837274,https://annuaire-entreprises.data.gouv.fr/entreprise/483837274,https://www.google.com/maps/search/?api=1&query=COTONAT+LADEVEZE-RIVIERE,https://www.google.com/search?q=COTONAT+LADEVEZE-RIVIERE,https://www.linkedin.com/search/results/companies/?keywords=COTONAT,https://www.pagesjaunes.fr/annuaire/chercherlespros?quoiqui=COTONAT&ou=LADEVEZE-RIVIERE,https://www.societe.com/cgi-bin/search?champs=483837274,,,,,,,,,,,,,,,,FR51483837274,,483837274,48383727400016,33.12Z,,,,,,,,non,oui,2026-08-09,sirene,
COUSIN ELECTRICITE,,,a contacter,,,,,,,,,,,,maintenance,Reparation d'equipements electriques,CERISE,,61,,,,,,,,,,,,,,,,,,,,,,,,,,,,,,,097320063,09732006300023,33.14Z,,,,,,,,,,,sirene,
CREAZ'IN,,,a contacter,,,,,,,,,,,,maintenance,Installation de machines et equipements mecaniques,PACE,,35,,,,,,,,,,,,,,,,,,,,,,,,,,,,,,,792782351,79278235100029,33.20B,,,,,,,,,,,sirene,
CREELEC,,,a contacter,,,,,,,,,,,,maintenance,"Installation d'equipements electriques, de materiels electroniques et optiques ou d'autres materiels",MORANGIS,,91,,,,,,,,,,,,,,,,,,,,,,,,,,,,,,,392265443,39226544300029,33.20D,,,,,,,,,,,sirene,
CROS,,,a contacter,,,,,,,,,,,,maintenance,Reparation de machines et equipements mecaniques,ECHIROLLES,,38,,,,,,,,,,,,,,,,,,,,,,,,,,,,,,,062500053,06250005300038,33.12Z,,,,,,,,,,,sirene,
CSLM,,,a contacter,,,,,,,,,,,,maintenance,Reparation de materiels electroniques et optiques,COMBS-LA-VILLE,,77,,,,,,,,,,,,,,,,,,,,,,,,,,,,,,,381456433,38145643300030,33.13Z,,,,,,,,,,,sirene,
CSTP NORMANDIE,,,a contacter,,,,,,,,,,,,maintenance,Autres travaux d'installation n.c.a.,BREAUTE,,76,,,,,,,,,,,,,,,,,,,,,,,,,,,,,,,905298428,90529842800012,43.29B,,,,,,,,,,,sirene,
CTR SANTE,,,a contacter,,,,,,,,,,,,maintenance,"Installation d'equipements electriques, de materiels electroniques et optiques ou d'autres materiels",VOIRON,,38,,,,,,,,,,,,,,,,,,,,,,,,,,,,,,,424473197,42447319700020,33.20D,,,,,,,,,,,sirene,
CVC DESIGN,,,a contacter,,,,,,,,,,,,maintenance,Installation de machines et equipements mecaniques,TAVERNY,,95,,,,,,,,,,,,,,,,,,,,,,,,,,,,,,,810699538,81069953800031,33.20B,,,,,,,,,,,sirene,
CVS ENGINEERING,,,a contacter,,,,,,,,,,,,maintenance,"Installation d'equipements electriques, de materiels electroniques et optiques ou d'autres materiels",MEUDON,,92,,,,,,,,,,,,,,,,,,,,,,,,,,,,,,,403819550,40381955000035,33.20D,,,,,,,,,,,sirene,
CW TECH SARL,,,a contacter,,,,,,,,,,,,maintenance,Reparation de machines et equipements mecaniques,COLMAR,,68,,,,,,,,,,,,,,,,,,,,,,,,,,,,,,,481843373,48184337300020,33.12Z,,,,,,,,,,,sirene,
CYCLOFIX SERVICES,,,a contacter,,,,,,,,,,,,maintenance,Reparation de machines et equipements mecaniques,PARIS,,75,,,,,,,,,,,,,,,,,,,,,,,,,,,,,,,890750318,89075031800010,33.12Z,,,,,,,,,,,sirene,
D-MA ATLANTIQUE,,,a contacter,,,,,,,,,,,,maintenance,Reparation de machines et equipements mecaniques,LE POIRE-SUR-VIE,,85,,,,,,,,,,,,,,,,,,,,,,,,,,,,,,,494682321,49468232100026,33.12Z,,,,,,,,,,,sirene,
D.M.S.ASCENSEURS,,,a contacter,,,,,,,,,,,,maintenance,Autres travaux d'installation n.c.a.,NOISY-LE-GRAND,,93,,,,,,,,,,,,,,,,,,,,,,,,,,,,,,,350258158,35025815800020,43.29B,,,,,,,,,,,sirene,
D.T. SEVIN SARL,,,a contacter,,,,,,,,,,,,maintenance,Reparation de machines et equipements mecaniques,SAINT-PERAVY-LA-COLOMBE,,45,,,,,,,,,,,,,,,,,,,,,,,,,,,,,,,421347956,42134795600011,33.12Z,,,,,,,,,,,sirene,
DAMAD,,,a contacter,,,,,,,,,,,,maintenance,Autres travaux d'installation n.c.a.,PARIS,,75,,,,,,,,,,,,,,,,,,,,,,,,,,,,,,,499039931,49903993100047,43.29B,,,,,,,,,,,sirene,
DATA BURO,C,0,a contacter,,,,,,,,,,,,maintenance,Reparation de machines et equipements mecaniques,MARSEILLE,,13,,,,,,,https://www.pappers.fr/entreprise/414734525,https://annuaire-entreprises.data.gouv.fr/entreprise/414734525,https://www.google.com/maps/search/?api=1&query=DATA+BURO+MARSEILLE,https://www.google.com/search?q=DATA+BURO+MARSEILLE,https://www.linkedin.com/search/results/companies/?keywords=DATA+BURO,https://www.pagesjaunes.fr/annuaire/chercherlespros?quoiqui=DATA+BURO&ou=MARSEILLE,https://www.societe.com/cgi-bin/search?champs=414734525,,,,,,,,,,,,,,,,FR10414734525,,414734525,41473452500028,33.12Z,,,,,,,,non,oui,2026-08-04,sirene,
DAULOUEDE CLOTURES,,,a contacter,,,,,,,,,,,,maintenance,Autres travaux d'installation n.c.a.,TOSSE,,40,,,,,,,,,,,,,,,,,,,,,,,,,,,,,,,908252513,90825251300019,43.29B,,,,,,,,,,,sirene,
DAVID TELECOM,,,a contacter,,,,,,,,,,,,maintenance,"Installation d'equipements electriques, de materiels electroniques et optiques ou d'autres materiels",POISY,,74,,,,,,,,,,,,,,,,,,,,,,,,,,,,,,,430346239,43034623900014,33.20D,,,,,,,,,,,sirene,
DB ELEVAGE,,,a contacter,,,,,,,,,,,,maintenance,Installation de machines et equipements mecaniques,EVRON,,53,,,,,,,,,,,,,,,,,,,,,,,,,,,,,,,500778006,50077800600048,33.20B,,,,,,,,,,,sirene,
DB POWER,,,a contacter,,,,,,,,,,,,maintenance,Reparation de machines et equipements mecaniques,DAMPIERRE-EN-BURLY,,45,,,,,,,,,,,,,,,,,,,,,,,,,,,,,,,900661984,90066198400022,33.12Z,,,,,,,,,,,sirene,
DCP AIRPORTS,,,a contacter,,,,,,,,,,,,maintenance,"Installation d'equipements electriques, de materiels electroniques et optiques ou d'autres materiels",SAINT-MARTIN-DU-TERTRE,,95,,,,,,,,,,,,,,,,,,,,,,,,,,,,,,,479224701,47922470100017,33.20D,,,,,,,,,,,sirene,
DEBEVRE VENTILATION,,,a contacter,,,,,,,,,,,,maintenance,Installation de machines et equipements mecaniques,MERRIS,,59,,,,,,,,,,,,,,,,,,,,,,,,,,,,,,,341593671,34159367100017,33.20B,,,,,,,,,,,sirene,
DEBIEU MOTOCULTURE,,,a contacter,,,,,,,,,,,,maintenance,Reparation de machines et equipements mecaniques,AVRANCHES,,50,,,,,,,,,,,,,,,,,,,,,,,,,,,,,,,889616108,88961610800011,33.12Z,,,,,,,,,,,sirene,
DECIMALE,,,a contacter,,,,,,,,,,,,maintenance,"Installation d'equipements electriques, de materiels electroniques et optiques ou d'autres materiels",VITRY-SUR-SEINE,,94,,,,,,,,,,,,,,,,,,,,,,,,,,,,,,,482419686,48241968600043,33.20D,,,,,,,,,,,sirene,
DECO-LIFTS,,,a contacter,,,,,,,,,,,,maintenance,Autres travaux d'installation n.c.a.,PRINGY,,77,,,,,,,,,,,,,,,,,,,,,,,,,,,,,,,794906461,79490646100031,43.29B,,,,,,,,,,,sirene,
DEL PINO,,,a contacter,,,,,,,,,,,,maintenance,Autres travaux d'installation n.c.a.,CORDEMAIS,,44,,,,,,,,,,,,,,,,,,,,,,,,,,,,,,,393831029,39383102900029,43.29B,,,,,,,,,,,sirene,
DELTA ASCENSEURS,C,0,a contacter,,,,,,,,,,,,maintenance,Autres travaux d'installation n.c.a.,BOUC-BEL-AIR,,13,,,,,,,https://www.pappers.fr/entreprise/492030903,https://annuaire-entreprises.data.gouv.fr/entreprise/492030903,https://www.google.com/maps/search/?api=1&query=DELTA+ASCENSEURS+BOUC-BEL-AIR,https://www.google.com/search?q=DELTA+ASCENSEURS+BOUC-BEL-AIR,https://www.linkedin.com/search/results/companies/?keywords=DELTA+ASCENSEURS,https://www.pagesjaunes.fr/annuaire/chercherlespros?quoiqui=DELTA+ASCENSEURS&ou=BOUC-BEL-AIR,https://www.societe.com/cgi-bin/search?champs=492030903,,,,,,,,,,,,,,,,FR71492030903,,492030903,49203090300032,43.29B,,,,,,,,non,oui,2026-08-04,sirene,
DELTA FROID,,,a contacter,,,,,,,,,,,,maintenance,Installation de machines et equipements mecaniques,MONTFERMEIL,,93,,,,,,,,,,,,,,,,,,,,,,,,,,,,,,,329074140,32907414000032,33.20B,,,,,,,,,,,sirene,
DEMOLIN REIMS MAINTENANCE,,,a contacter,,,,,,,,,,,,maintenance,Reparation de machines et equipements mecaniques,CORMONTREUIL,,51,,,,,,,,,,,,,,,,,,,,,,,,,,,,,,,494705692,49470569200023,33.12Z,,,,,,,,,,,sirene,
DENEAL,,,a contacter,,,,,,,,,,,,maintenance,"Installation d'equipements electriques, de materiels electroniques et optiques ou d'autres materiels",PARNAY,,49,,,,,,,,,,,,,,,,,,,,,,,,,,,,,,,531102192,53110219200022,33.20D,,,,,,,,,,,sirene,
DEPAN'EX,,,a contacter,,,,,,,,,,,,maintenance,Reparation de machines et equipements mecaniques,SAINT-ETIENNE,,42,,,,,,,,,,,,,,,,,,,,,,,,,,,,,,,529904492,52990449200038,33.12Z,,,,,,,,,,,sirene,
DESRET 23 - 63,C,0,a contacter,,,,,,,,,,,,maintenance,Reparation de machines et equipements mecaniques,FONTANIERES,,23,,,,,,,https://www.pappers.fr/entreprise/904621992,https://annuaire-entreprises.data.gouv.fr/entreprise/904621992,https://www.google.com/maps/search/?api=1&query=DESRET+23+-+63+FONTANIERES,https://www.google.com/search?q=DESRET+23+-+63+FONTANIERES,https://www.linkedin.com/search/results/companies/?keywords=DESRET+23+-+63,https://www.pagesjaunes.fr/annuaire/chercherlespros?quoiqui=DESRET+23+-+63&ou=FONTANIERES,https://www.societe.com/cgi-bin/search?champs=904621992,,,,,,,,,,,,,,,,FR85904621992,,904621992,90462199200026,33.12Z,,,,,,,,non,oui,2026-08-07,sirene,
DESSINDUS,,,a contacter,,,,,,,,,,,,maintenance,Reparation de machines et equipements mecaniques,COLMAR,,68,,,,,,,,,,,,,,,,,,,,,,,,,,,,,,,478332646,47833264600031,33.12Z,,,,,,,,,,,sirene,
DEUTSCHE WINDTECHNIK,,,a contacter,,,,,,,,,,,,maintenance,Reparation d'equipements electriques,BEZANNES,,51,,,,,,,,,,,,,,,,,,,,,,,,,,,,,,,822111076,82211107600052,33.14Z,,,,,,,,,,,sirene,
DFM SPADE,,,a contacter,,,,,,,,,,,,maintenance,Reparation de machines et equipements mecaniques,VILLEPINTE,,93,,,,,,,,,,,,,,,,,,,,,,,,,,,,,,,352203640,35220364000029,33.12Z,,,,,,,,,,,sirene,
DGM INDUSTRIES,,,a contacter,,,,,,,,,,,,maintenance,Reparation de machines et equipements mecaniques,CHAMPTOCE-SUR-LOIRE,,49,,,,,,,,,,,,,,,,,,,,,,,,,,,,,,,798012373,79801237300022,33.12Z,,,,,,,,,,,sirene,
DIAMECAL,,,a contacter,,,,,,,,,,,,maintenance,Reparation de materiels electroniques et optiques,GIF-SUR-YVETTE,,91,,,,,,,,,,,,,,,,,,,,,,,,,,,,,,,513981381,51398138100033,33.13Z,,,,,,,,,,,sirene,
DIESEL POWER ASSISTANCE INTERNATIONAL,,,a contacter,,,,,,,,,,,,maintenance,Reparation de machines et equipements mecaniques,OLLIOULES,,83,,,,,,,,,,,,,,,,,,,,,,,,,,,,,,,534335617,53433561700021,33.12Z,,,,,,,,,,,sirene,
DIETSMANN TECHNOLOGIES,C,0,a contacter,,,,,,,,,,,,maintenance,Reparation d'equipements electriques,SALIES-DU-SALAT,,31,,,,,,,https://www.pappers.fr/entreprise/306304254,https://annuaire-entreprises.data.gouv.fr/entreprise/306304254,https://www.google.com/maps/search/?api=1&query=DIETSMANN+TECHNOLOGIES+SALIES-DU-SALAT,https://www.google.com/search?q=DIETSMANN+TECHNOLOGIES+SALIES-DU-SALAT,https://www.linkedin.com/search/results/companies/?keywords=DIETSMANN+TECHNOLOGIES,https://www.pagesjaunes.fr/annuaire/chercherlespros?quoiqui=DIETSMANN+TECHNOLOGIES&ou=SALIES-DU-SALAT,https://www.societe.com/cgi-bin/search?champs=306304254,,,,,,,,,,,,,,,,FR55306304254,,306304254,30630425400015,33.14Z,,,,,,,,non,oui,2026-08-04,sirene,
DIMAC,,,a contacter,,,,,,,,,,,,maintenance,Reparation de machines et equipements mecaniques,IBOS,,65,,,,,,,,,,,,,,,,,,,,,,,,,,,,,,,401224621,40122462100045,33.12Z,,,,,,,,,,,sirene,
DIMART SA,,,a contacter,,,,,,,,,,,,maintenance,Reparation de machines et equipements mecaniques,PLOERMEL,,56,,,,,,,,,,,,,,,,,,,,,,,,,,,,,,,331914879,33191487900019,33.12Z,,,,,,,,,,,sirene,
DINACTIS,,,a contacter,,,,,,,,,,,,maintenance,Installation de machines et equipements mecaniques,LILLEBONNE,,76,,,,,,,,,,,,,,,,,,,,,,,,,,,,,,,441455805,44145580500024,33.20B,,,,,,,,,,,sirene,
DISTRI3R,,,a contacter,,,,,,,,,,,,maintenance,Reparation de machines et equipements mecaniques,EMERAINVILLE,,77,,,,,,,,,,,,,,,,,,,,,,,,,,,,,,,897715538,89771553800012,33.12Z,,,,,,,,,,,sirene,
DLF RESEAUX,C,0,a contacter,,,,,,,,,,,,maintenance,"Installation d'equipements electriques, de materiels electroniques et optiques ou d'autres materiels",AMBARES-ET-LAGRAVE,,33,,,,,,,https://www.pappers.fr/entreprise/824088017,https://annuaire-entreprises.data.gouv.fr/entreprise/824088017,https://www.google.com/maps/search/?api=1&query=DLF+RESEAUX+AMBARES-ET-LAGRAVE,https://www.google.com/search?q=DLF+RESEAUX+AMBARES-ET-LAGRAVE,https://www.linkedin.com/search/results/companies/?keywords=DLF+RESEAUX,https://www.pagesjaunes.fr/annuaire/chercherlespros?quoiqui=DLF+RESEAUX&ou=AMBARES-ET-LAGRAVE,https://www.societe.com/cgi-bin/search?champs=824088017,,,,,,,,,,,,,,,,FR37824088017,,824088017,82408801700028,33.20D,,,,,,,,non,oui,2026-08-09,sirene,
DMB,,,a contacter,,,,,,,,,,,,maintenance,Installation de machines et equipements mecaniques,SAINT-LO,,50,,,,,,,,,,,,,,,,,,,,,,,,,,,,,,,349338996,34933899600037,33.20B,,,,,,,,,,,sirene,
DMI,,,a contacter,,,,,,,,,,,,maintenance,Reparation de machines et equipements mecaniques,FRIVILLE-ESCARBOTIN,,80,,,,,,,,,,,,,,,,,,,,,,,,,,,,,,,840563803,84056380300013,33.12Z,,,,,,,,,,,sirene,
DRIEUX-COMBALUZIER,,,a contacter,,,,,,,,,,,,maintenance,Autres travaux d'installation n.c.a.,LES LILAS,,93,,,,,,,,,,,,,,,,,,,,,,,,,,,,,,,612042051,61204205100047,43.29B,,,,,,,,,,,sirene,
DS AUTOMOTION,,,a contacter,,,,,,,,,,,,maintenance,Installation de machines et equipements mecaniques,SIX-FOURS-LES-PLAGES,,83,,,,,,,,,,,,,,,,,,,,,,,,,,,,,,,503883407,50388340700036,33.20B,,,,,,,,,,,sirene,
DUBOIS SAS,,,a contacter,,,,,,,,,,,,maintenance,Installation de machines et equipements mecaniques,MARGNY-LES-COMPIEGNE,,60,,,,,,,,,,,,,,,,,,,,,,,,,,,,,,,315532671,31553267100023,33.20B,,,,,,,,,,,sirene,
DUBOS VERGER & ASSOCIES,,,a contacter,,,,,,,,,,,,maintenance,Autres travaux d'installation n.c.a.,SUCY-EN-BRIE,,94,,,,,,,,,,,,,,,,,,,,,,,,,,,,,,,303086813,30308681300084,43.29B,,,,,,,,,,,sirene,
DURELEC TRANSFORMATEURS,,,a contacter,,,,,,,,,,,,maintenance,Reparation d'equipements electriques,VILLEURBANNE,,69,,,,,,,,,,,,,,,,,,,,,,,,,,,,,,,453920639,45392063900011,33.14Z,,,,,,,,,,,sirene,
DV ELECTROMECANIQUE,,,a contacter,,,,,,,,,,,,maintenance,Reparation d'equipements electriques,GRIGNY,,62,,,,,,,,,,,,,,,,,,,,,,,,,,,,,,,440871119,44087111900010,33.14Z,,,,,,,,,,,sirene,
DV ELECTRONIQUE,C,0,a contacter,,,,,,,,,,,,maintenance,Reparation d'equipements electriques,GRIGNY,,62,,,,,,,https://www.pappers.fr/entreprise/440871010,https://annuaire-entreprises.data.gouv.fr/entreprise/440871010,https://www.google.com/maps/search/?api=1&query=DV+ELECTRONIQUE+GRIGNY,https://www.google.com/search?q=DV+ELECTRONIQUE+GRIGNY,https://www.linkedin.com/search/results/companies/?keywords=DV+ELECTRONIQUE,https://www.pagesjaunes.fr/annuaire/chercherlespros?quoiqui=DV+ELECTRONIQUE&ou=GRIGNY,https://www.societe.com/cgi-bin/search?champs=440871010,,,,,,,,,,,,,,,,FR00440871010,,440871010,44087101000011,33.14Z,,,,,,,,non,oui,2026-08-01,sirene,
DYNAMIC ROBOTIC SOLUTIONS FRANCE,,,a contacter,,,,,,,,,,,,maintenance,Reparation de machines et equipements mecaniques,ETAIN,,55,,,,,,,,,,,,,,,,,,,,,,,,,,,,,,,477914972,47791497200013,33.12Z,,,,,,,,,,,sirene,
DYNAMISME,,,a contacter,,,,,,,,,,,,maintenance,Autres travaux d'installation n.c.a.,DENAIN,,59,,,,,,,,,,,,,,,,,,,,,,,,,,,,,,,451012454,45101245400026,43.29B,,,,,,,,,,,sirene,
E G W MAINTENANCE,,,a contacter,,,,,,,,,,,,maintenance,Reparation de machines et equipements mecaniques,DUPPIGHEIM,,67,,,,,,,,,,,,,,,,,,,,,,,,,,,,,,,950622787,95062278700022,33.12Z,,,,,,,,,,,sirene,
E. TRUMPF ET FILS,,,a contacter,,,,,,,,,,,,maintenance,Reparation d'equipements electriques,WILWISHEIM,,67,,,,,,,,,,,,,,,,,,,,,,,,,,,,,,,676480502,67648050200050,33.14Z,,,,,,,,,,,sirene,
E.C.A.,,,a contacter,,,,,,,,,,,,maintenance,"Installation d'equipements electriques, de materiels electroniques et optiques ou d'autres materiels",LE LAMENTIN,,972,,,,,,,,,,,,,,,,,,,,,,,,,,,,,,,501890420,50189042000018,33.20D,,,,,,,,,,,sirene,
E.H.D.,,,a contacter,,,,,,,,,,,,maintenance,Reparation de machines et equipements mecaniques,LES TROIS-PIERRES,,76,,,,,,,,,,,,,,,,,,,,,,,,,,,,,,,849493051,84949305100015,33.12Z,,,,,,,,,,,sirene,
E.M.T.S.E.,,,a contacter,,,,,,,,,,,,maintenance,"Installation d'equipements electriques, de materiels electroniques et optiques ou d'autres materiels",WAZIERS,,59,,,,,,,,,,,,,,,,,,,,,,,,,,,,,,,753283241,75328324100036,33.20D,,,,,,,,,,,sirene,
E.R.G. HYDRAULIQUE,,,a contacter,,,,,,,,,,,,maintenance,Reparation de machines et equipements mecaniques,CHAMBLY,,60,,,,,,,,,,,,,,,,,,,,,,,,,,,,,,,497640417,49764041700034,33.12Z,,,,,,,,,,,sirene,
E.S.B.C SAVOIES,,,a contacter,,,,,,,,,,,,maintenance,Installation de machines et equipements mecaniques,BOURG-SAINT-MAURICE,,73,,,,,,,,,,,,,,,,,,,,,,,,,,,,,,,828163956,82816395600018,33.20B,,,,,,,,,,,sirene,
E.S.B.C.,,,a contacter,,,,,,,,,,,,maintenance,Reparation de machines et equipements mecaniques,LA CHAUSSEE-SAINT-VICTOR,,41,,,,,,,,,,,,,,,,,,,,,,,,,,,,,,,502421506,50242150600051,33.12Z,,,,,,,,,,,sirene,
E.T.S. TOURS,,,a contacter,,,,,,,,,,,,maintenance,Reparation d'equipements electriques,TOURS,,37,,,,,,,,,,,,,,,,,,,,,,,,,,,,,,,394534606,39453460600022,33.14Z,,,,,,,,,,,sirene,
E80 GROUP SARL,,,a contacter,,,,,,,,,,,,maintenance,Reparation de machines et equipements mecaniques,LYON,,69,,,,,,,,,,,,,,,,,,,,,,,,,,,,,,,828890616,82889061600042,33.12Z,,,,,,,,,,,sirene,
ECIP,,,a contacter,,,,,,,,,,,,maintenance,Installation de machines et equipements mecaniques,LA RUE-SAINT-PIERRE,,76,,,,,,,,,,,,,,,,,,,,,,,,,,,,,,,448623355,44862335500022,33.20B,,,,,,,,,,,sirene,
ECLAIR SA,,,a contacter,,,,,,,,,,,,maintenance,"Installation d'equipements electriques, de materiels electroniques et optiques ou d'autres materiels",FLORANGE,,57,,,,,,,,,,,,,,,,,,,,,,,,,,,,,,,403034440,40303444000012,33.20D,,,,,,,,,,,sirene,
ECLAIR SECURITE,C,0,a contacter,,,,,,,,,,,,maintenance,Reparation d'equipements electriques,SAULT-LES-RETHEL,,08,,,,,,,https://www.pappers.fr/entreprise/348033788,https://annuaire-entreprises.data.gouv.fr/entreprise/348033788,https://www.google.com/maps/search/?api=1&query=ECLAIR+SECURITE+SAULT-LES-RETHEL,https://www.google.com/search?q=ECLAIR+SECURITE+SAULT-LES-RETHEL,https://www.linkedin.com/search/results/companies/?keywords=ECLAIR+SECURITE,https://www.pagesjaunes.fr/annuaire/chercherlespros?quoiqui=ECLAIR+SECURITE&ou=SAULT-LES-RETHEL,https://www.societe.com/cgi-bin/search?champs=348033788,,,,,,,,,,,,,,,,FR69348033788,,348033788,34803378800053,33.14Z,,,,,,,,non,oui,2026-08-03,sirene,
ECOCHARD GIRARD ,,,a contacter,,,,,,,,,,,,maintenance,Autres travaux d'installation n.c.a.,LYON,,69,,,,,,,,,,,,,,,,,,,,,,,,,,,,,,,321748899,32174889900028,43.29B,,,,,,,,,,,sirene,
ECOCLEAN TECHNOLOGIES,,,a contacter,,,,,,,,,,,,maintenance,Reparation de machines et equipements mecaniques,LE MANS,,72,,,,,,,,,,,,,,,,,,,,,,,,,,,,,,,799367925,79936792500028,33.12Z,,,,,,,,,,,sirene,
ECOTERMIC,,,a contacter,,,,,,,,,,,,maintenance,Reparation de machines et equipements mecaniques,ARNOUVILLE-LES-MANTES,,78,,,,,,,,,,,,,,,,,,,,,,,,,,,,,,,752965376,75296537600029,33.12Z,,,,,,,,,,,sirene,
EDETEL SYSTEMS,,,a contacter,,,,,,,,,,,,maintenance,"Installation d'equipements electriques, de materiels electroniques et optiques ou d'autres materiels",LARCAY,,37,,,,,,,,,,,,,,,,,,,,,,,,,,,,,,,879158012,87915801200010,33.20D,,,,,,,,,,,sirene,
EFM-AIRPROCESS,,,a contacter,,,,,,,,,,,,maintenance,Installation de machines et equipements mecaniques,DARDILLY,,69,,,,,,,,,,,,,,,,,,,,,,,,,,,,,,,384020665,38402066500038,33.20B,,,,,,,,,,,sirene,
EGMI ENTREPRISE DE MAINTENANCE ISOTHERME,,,a contacter,,,,,,,,,,,,maintenance,Autres travaux d'installation n.c.a.,WISSOUS,,91,,,,,,,,,,,,,,,,,,,,,,,,,,,,,,,439716770,43971677000037,43.29B,,,,,,,,,,,sirene,
EIFFAGE ENERGIE SYSTEMES - CLEMESSY MOTORS,,,a contacter,,,,,,,,,,,,maintenance,Reparation d'equipements electriques,MULHOUSE,,68,,,,,,,,,,,,,,,,,,,,,,,,,,,,,,,419064480,41906448000017,33.14Z,,,,,,,,,,,sirene,
EIFFAGE ENERGIE SYSTEMES - EMCS NORD,,,a contacter,,,,,,,,,,,,maintenance,Reparation d'equipements electriques,DUNKERQUE,,59,,,,,,,,,,,,,,,,,,,,,,,,,,,,,,,437542681,43754268100014,33.14Z,,,,,,,,,,,sirene,
ELECTRA,,,a contacter,,,,,,,,,,,,maintenance,"Installation d'equipements electriques, de materiels electroniques et optiques ou d'autres materiels",KILLEM,,59,,,,,,,,,,,,,,,,,,,,,,,,,,,,,,,489407080,48940708000022,33.20D,,,,,,,,,,,sirene,
ELECTRICITE COURANT FAIBLE,,,a contacter,,,,,,,,,,,,maintenance,"Installation d'equipements electriques, de materiels electroniques et optiques ou d'autres materiels",VARENNES-JARCY,,91,,,,,,,,,,,,,,,,,,,,,,,,,,,,,,,331279216,33127921600039,33.20D,,,,,,,,,,,sirene,
ELECTRICITE INDUSTRIELLE J. TRICOT,,,a contacter,,,,,,,,,,,,maintenance,"Installation d'equipements electriques, de materiels electroniques et optiques ou d'autres materiels",JARVILLE-LA-MALGRANGE,,54,,,,,,,,,,,,,,,,,,,,,,,,,,,,,,,768800591,76880059100010,33.20D,,,,,,,,,,,sirene,
ELECTRICITE INSPECTION MATS SYTEME MOBILE,,,a contacter,,,,,,,,,,,,maintenance,Reparation d'equipements electriques,HEILLECOURT,,54,,,,,,,,,,,,,,,,,,,,,,,,,,,,,,,379742968,37974296800033,33.14Z,,,,,,,,,,,sirene,
ELECTRICITE MECANIQUE MAINTENANCE AUTOMATISME,,,a contacter,,,,,,,,,,,,maintenance,Reparation de machines et equipements mecaniques,SCHERWILLER,,67,,,,,,,,,,,,,,,,,,,,,,,,,,,,,,,517894275,51789427500059,33.12Z,,,,,,,,,,,sirene,
ELECTRICITE TELEPHONIE RESEAUX,,,a contacter,,,,,,,,,,,,maintenance,"Installation d'equipements electriques, de materiels electroniques et optiques ou d'autres materiels",SAINT-JEAN-DU-CARDONNAY,,76,,,,,,,,,,,,,,,,,,,,,,,,,,,,,,,329582894,32958289400047,33.20D,,,,,,,,,,,sirene,
ELECTRIP ENERGY SOLUTIONS AND MOBILITY SERVICES SASU,,,a contacter,,,,,,,,,,,,maintenance,Installation de machines et equipements mecaniques,PARIS,,75,,,,,,,,,,,,,,,,,,,,,,,,,,,,,,,919627430,91962743000029,33.20B,,,,,,,,,,,sirene,
ELECTRO BOBINAGE CATALAN,,,a contacter,,,,,,,,,,,,maintenance,"Installation d'equipements electriques, de materiels electroniques et optiques ou d'autres materiels",PERPIGNAN,,66,,,,,,,,,,,,,,,,,,,,,,,,,,,,,,,318045176,31804517600035,33.20D,,,,,,,,,,,sirene,
ELECTRO BOBINAGE GOEPFERT,,,a contacter,,,,,,,,,,,,maintenance,Reparation d'equipements electriques,BURNHAUPT-LE-HAUT,,68,,,,,,,,,,,,,,,,,,,,,,,,,,,,,,,309182152,30918215200046,33.14Z,,,,,,,,,,,sirene,
ELECTRO CALORIQUE SERVICES,,,a contacter,,,,,,,,,,,,maintenance,Reparation de machines et equipements mecaniques,PUSIGNAN,,69,,,,,,,,,,,,,,,,,,,,,,,,,,,,,,,790902555,79090255500016,33.12Z,,,,,,,,,,,sirene,
ELECTRO MOTEUR,,,a contacter,,,,,,,,,,,,maintenance,Reparation d'equipements electriques,SAINT-NABORD,,88,,,,,,,,,,,,,,,,,,,,,,,,,,,,,,,398694547,39869454700033,33.14Z,,,,,,,,,,,sirene,
ELECTROLEV,,,a contacter,,,,,,,,,,,,maintenance,Reparation de machines et equipements mecaniques,PIERRELAYE,,95,,,,,,,,,,,,,,,,,,,,,,,,,,,,,,,350621348,35062134800027,33.12Z,,,,,,,,,,,sirene,
ELECTROLIFT ASCENSEURS,C,0,a contacter,,,,,,,,,,,,maintenance,Autres travaux d'installation n.c.a.,CASTELLAR,,06,,,,,,,https://www.pappers.fr/entreprise/448872382,https://annuaire-entreprises.data.gouv.fr/entreprise/448872382,https://www.google.com/maps/search/?api=1&query=ELECTROLIFT+ASCENSEURS+CASTELLAR,https://www.google.com/search?q=ELECTROLIFT+ASCENSEURS+CASTELLAR,https://www.linkedin.com/search/results/companies/?keywords=ELECTROLIFT+ASCENSEURS,https://www.pagesjaunes.fr/annuaire/chercherlespros?quoiqui=ELECTROLIFT+ASCENSEURS&ou=CASTELLAR,https://www.societe.com/cgi-bin/search?champs=448872382,,,,,,,,,,,,,,,,FR11448872382,,448872382,44887238200016,43.29B,,,,,,,,non,oui,2026-08-02,sirene,
ELECTROMECA SERVICE,,,a contacter,,,,,,,,,,,,maintenance,Reparation d'equipements electriques,SAINT-GILLES-CROIX-DE-VIE,,85,,,,,,,,,,,,,,,,,,,,,,,,,,,,,,,444784003,44478400300030,33.14Z,,,,,,,,,,,sirene,
ELMECAU,,,a contacter,,,,,,,,,,,,maintenance,Reparation d'equipements electriques,MUNDOLSHEIM,,67,,,,,,,,,,,,,,,,,,,,,,,,,,,,,,,708502042,70850204200029,33.14Z,,,,,,,,,,,sirene,
EMC2 - 42,,,a contacter,,,,,,,,,,,,maintenance,Reparation d'equipements electriques,SAINT-PRIEST-EN-JAREZ,,42,,,,,,,,,,,,,,,,,,,,,,,,,,,,,,,500840988,50084098800025,33.14Z,,,,,,,,,,,sirene,
EMC2 63,,,a contacter,,,,,,,,,,,,maintenance,Reparation d'equipements electriques,COURNON-D'AUVERGNE,,63,,,,,,,,,,,,,,,,,,,,,,,,,,,,,,,387868722,38786872200043,33.14Z,,,,,,,,,,,sirene,
EMERAUDE MOTEURS SYSTEMES,,,a contacter,,,,,,,,,,,,maintenance,Installation de machines et equipements mecaniques,MINIAC-MORVAN,,35,,,,,,,,,,,,,,,,,,,,,,,,,,,,,,,431976729,43197672900035,33.20B,,,,,,,,,,,sirene,
EMGE SUD OUEST,C,0,a contacter,,,,,,,,,,,,maintenance,"Installation d'equipements electriques, de materiels electroniques et optiques ou d'autres materiels",TOULOUSE,,31,,,,,,,https://www.pappers.fr/entreprise/480066570,https://annuaire-entreprises.data.gouv.fr/entreprise/480066570,https://www.google.com/maps/search/?api=1&query=EMGE+SUD+OUEST+TOULOUSE,https://www.google.com/search?q=EMGE+SUD+OUEST+TOULOUSE,https://www.linkedin.com/search/results/companies/?keywords=EMGE+SUD+OUEST,https://www.pagesjaunes.fr/annuaire/chercherlespros?quoiqui=EMGE+SUD+OUEST&ou=TOULOUSE,https://www.societe.com/cgi-bin/search?champs=480066570,,,,,,,,,,,,,,,,FR79480066570,,480066570,48006657000023,33.20D,,,,,,,,non,oui,2026-08-09,sirene,
EMI - SEPAME ELECTRONIQUE MAINTENANCE INDUSTRIELLE,,,a contacter,,,,,,,,,,,,maintenance,Reparation de materiels electroniques et optiques,BALLAN-MIRE,,37,,,,,,,,,,,,,,,,,,,,,,,,,,,,,,,349335380,34933538000045,33.13Z,,,,,,,,,,,sirene,
ENCIS WIND,,,a contacter,,,,,,,,,,,,maintenance,"Installation d'equipements electriques, de materiels electroniques et optiques ou d'autres materiels",COUZEIX,,87,,,,,,,,,,,,,,,,,,,,,,,,,,,,,,,479639148,47963914800044,33.20D,,,,,,,,,,,sirene,
ENDG,,,a contacter,,,,,,,,,,,,maintenance,Reparation de machines et equipements mecaniques,FORT-DE-FRANCE,,972,,,,,,,,,,,,,,,,,,,,,,,,,,,,,,,803747377,80374737700015,33.12Z,,,,,,,,,,,sirene,
ENDIPREV FRANCE,,,a contacter,,,,,,,,,,,,maintenance,Reparation d'equipements electriques,PONTCHATEAU,,44,,,,,,,,,,,,,,,,,,,,,,,,,,,,,,,879646057,87964605700023,33.14Z,,,,,,,,,,,sirene,
ENERCON GMBH,C,0,a contacter,,,,,,,,,,,,maintenance,Installation de machines et equipements mecaniques,,,,,,,,,,https://www.pappers.fr/entreprise/478980717,https://annuaire-entreprises.data.gouv.fr/entreprise/478980717,https://www.google.com/maps/search/?api=1&query=ENERCON+GMBH,https://www.google.com/search?q=ENERCON+GMBH,https://www.linkedin.com/search/results/companies/?keywords=ENERCON+GMBH,https://www.pagesjaunes.fr/annuaire/chercherlespros?quoiqui=ENERCON+GMBH,https://www.societe.com/cgi-bin/search?champs=478980717,,,,,,,,,,,,,,,,FR71478980717,,478980717,47898071700019,33.20B,,,,,,,,non,oui,2026-08-03,sirene,
ENERGIE MAINTENANCE SERVICE A L'INDUSTRIE,,,a contacter,,,,,,,,,,,,maintenance,"Installation d'equipements electriques, de materiels electroniques et optiques ou d'autres materiels",LE ROBERT,,972,,,,,,,,,,,,,,,,,,,,,,,,,,,,,,,841733132,84173313200036,33.20D,,,,,,,,,,,sirene,
ENERGIE SERVICE,,,a contacter,,,,,,,,,,,,maintenance,"Installation d'equipements electriques, de materiels electroniques et optiques ou d'autres materiels",FRONTONAS,,38,,,,,,,,,,,,,,,,,,,,,,,,,,,,,,,444996078,44499607800028,33.20D,,,,,,,,,,,sirene,
ENERGIES ET TECHNIQUES,,,a contacter,,,,,,,,,,,,maintenance,Autres travaux d'installation n.c.a.,ACHEUX-EN-AMIENOIS,,80,,,,,,,,,,,,,,,,,,,,,,,,,,,,,,,441491347,44149134700031,43.29B,,,,,,,,,,,sirene,
ENGIK,,,a contacter,,,,,,,,,,,,maintenance,Reparation de machines et equipements mecaniques,GRANDE-SYNTHE,,59,,,,,,,,,,,,,,,,,,,,,,,,,,,,,,,818319600,81831960000032,33.12Z,,,,,,,,,,,sirene,
ENGINS SEGOR,,,a contacter,,,,,,,,,,,,maintenance,Reparation de machines et equipements mecaniques,BEUREY-SUR-SAULX,,55,,,,,,,,,,,,,,,,,,,,,,,,,,,,,,,410161012,41016101200019,33.12Z,,,,,,,,,,,sirene,
ENNEA GREEN,,,a contacter,,,,,,,,,,,,maintenance,Reparation de machines et equipements mecaniques,BETHUNE,,62,,,,,,,,,,,,,,,,,,,,,,,,,,,,,,,918658592,91865859200020,33.12Z,,,,,,,,,,,sirene,
ENSEIGNES SERVICE MAINTENANCE SARL,,,a contacter,,,,,,,,,,,,maintenance,Autres travaux d'installation n.c.a.,CHECY,,45,,,,,,,,,,,,,,,,,,,,,,,,,,,,,,,444956072,44495607200037,43.29B,,,,,,,,,,,sirene,
ENTREP MAINTEN INDUS REUNION SARL,,,a contacter,,,,,,,,,,,,maintenance,Reparation de machines et equipements mecaniques,LE PORT,,974,,,,,,,,,,,,,,,,,,,,,,,,,,,,,,,407718741,40771874100066,33.12Z,,,,,,,,,,,sirene,
ENTREPRISE DE REPARATION DE MATERIELS DE TRAVAUX PUBLICS,,,a contacter,,,,,,,,,,,,maintenance,Reparation de machines et equipements mecaniques,VERNOUILLET,,78,,,,,,,,,,,,,,,,,,,,,,,,,,,,,,,309082881,30908288100017,33.12Z,,,,,,,,,,,sirene,
ENTREPRISE DURANDET ET FILS,,,a contacter,,,,,,,,,,,,maintenance,Reparation de machines et equipements mecaniques,TALMONT-SAINT-HILAIRE,,85,,,,,,,,,,,,,,,,,,,,,,,,,,,,,,,328276340,32827634000010,33.12Z,,,,,,,,,,,sirene,
ENTREPRISE GENERALE DE CLOTURES,,,a contacter,,,,,,,,,,,,maintenance,Autres travaux d'installation n.c.a.,LAGNY-SUR-MARNE,,77,,,,,,,,,,,,,,,,,,,,,,,,,,,,,,,784950339,78495033900019,43.29B,,,,,,,,,,,sirene,
ENTREPRISE GENERALE DE MAINTENANCE,,,a contacter,,,,,,,,,,,,maintenance,Reparation de machines et equipements mecaniques,VENISSIEUX,,69,,,,,,,,,,,,,,,,,,,,,,,,,,,,,,,378752786,37875278600046,33.12Z,,,,,,,,,,,sirene,
ENTREPRISE GENERALE DE SECURITE,,,a contacter,,,,,,,,,,,,maintenance,"Installation d'equipements electriques, de materiels electroniques et optiques ou d'autres materiels",VESOUL,,70,,,,,,,,,,,,,,,,,,,,,,,,,,,,,,,330025305,33002530500047,33.20D,,,,,,,,,,,sirene,
ENTREPRISE LYONNAISE DE TELEPHONIE,,,a contacter,,,,,,,,,,,,maintenance,"Installation d'equipements electriques, de materiels electroniques et optiques ou d'autres materiels",LYON,,69,,,,,,,,,,,,,,,,,,,,,,,,,,,,,,,960504132,96050413200049,33.20D,,,,,,,,,,,sirene,
ENTREPRISE P RICHARDEAU,,,a contacter,,,,,,,,,,,,maintenance,Installation de machines et equipements mecaniques,REZE,,44,,,,,,,,,,,,,,,,,,,,,,,,,,,,,,,341250181,34125018100045,33.20B,,,,,,,,,,,sirene,
ENTREPRISE PIERRE ROSSINI,,,a contacter,,,,,,,,,,,,maintenance,Installation de machines et equipements mecaniques,SEQUEDIN,,59,,,,,,,,,,,,,,,,,,,,,,,,,,,,,,,329594345,32959434500020,33.20B,,,,,,,,,,,sirene,
ENTREPRISE TRAVAUX INDUSTRIELS ET MAINTENANCE MECANIQUE,,,a contacter,,,,,,,,,,,,maintenance,Installation de machines et equipements mecaniques,CREUTZWALD,,57,,,,,,,,,,,,,,,,,,,,,,,,,,,,,,,512504374,51250437400012,33.20B,,,,,,,,,,,sirene,
EPESEM STOEBNER,,,a contacter,,,,,,,,,,,,maintenance,"Installation d'equipements electriques, de materiels electroniques et optiques ou d'autres materiels",DIEMERINGEN,,67,,,,,,,,,,,,,,,,,,,,,,,,,,,,,,,676580020,67658002000045,33.20D,,,,,,,,,,,sirene,
EPM GAS TECHNOLOGY FRANCE,,,a contacter,,,,,,,,,,,,maintenance,Installation de machines et equipements mecaniques,CARQUEFOU,,44,,,,,,,,,,,,,,,,,,,,,,,,,,,,,,,829420710,82942071000032,33.20B,,,,,,,,,,,sirene,
EQUIP FROID ET COLLECTIVITES,,,a contacter,,,,,,,,,,,,maintenance,Installation de machines et equipements mecaniques,FOREST-SUR-MARQUE,,59,,,,,,,,,,,,,,,,,,,,,,,,,,,,,,,343989265,34398926500032,33.20B,,,,,,,,,,,sirene,
EQUIP'PRO,,,a contacter,,,,,,,,,,,,maintenance,Installation de machines et equipements mecaniques,BAIE-MAHAULT,,971,,,,,,,,,,,,,,,,,,,,,,,,,,,,,,,381047596,38104759600014,33.20B,,,,,,,,,,,sirene,
EQUIP-ECO,,,a contacter,,,,,,,,,,,,maintenance,Installation de machines et equipements mecaniques,LONS,,64,,,,,,,,,,,,,,,,,,,,,,,,,,,,,,,539504100,53950410000022,33.20B,,,,,,,,,,,sirene,
EQUIPEMENTS CARROSSERIE CLIMATISATION,C,0,a contacter,,,,,,,,,,,,maintenance,Installation de machines et equipements mecaniques,INGRE,,45,,,,,,,https://www.pappers.fr/entreprise/387780729,https://annuaire-entreprises.data.gouv.fr/entreprise/387780729,https://www.google.com/maps/search/?api=1&query=EQUIPEMENTS+CARROSSERIE+CLIMATISATION+INGRE,https://www.google.com/search?q=EQUIPEMENTS+CARROSSERIE+CLIMATISATION+INGRE,https://www.linkedin.com/search/results/companies/?keywords=EQUIPEMENTS+CARROSSERIE+CLIMATISATION,https://www.pagesjaunes.fr/annuaire/chercherlespros?quoiqui=EQUIPEMENTS+CARROSSERIE+CLIMATISATION&ou=INGRE,https://www.societe.com/cgi-bin/search?champs=387780729,,,,,,,,,,,,,,,,FR53387780729,,387780729,38778072900027,33.20B,,,,,,,,non,oui,2026-08-06,sirene,
EQUIPEMENTS MAINTENANCE INDUSTRIELLE,,,a contacter,,,,,,,,,,,,maintenance,Reparation de machines et equipements mecaniques,MOUSSY-LE-NEUF,,77,,,,,,,,,,,,,,,,,,,,,,,,,,,,,,,419725395,41972539500026,33.12Z,,,,,,,,,,,sirene,
EQUIPEMENTS NUMERIQUES DU BATI,,,a contacter,,,,,,,,,,,,maintenance,Autres travaux d'installation n.c.a.,LA GARDE,,83,,,,,,,,,,,,,,,,,,,,,,,,,,,,,,,494162209,49416220900022,43.29B,,,,,,,,,,,sirene,
EQUITA,,,a contacter,,,,,,,,,,,,maintenance,"Installation d'equipements electriques, de materiels electroniques et optiques ou d'autres materiels",BIGUGLIA,,2B,,,,,,,,,,,,,,,,,,,,,,,,,,,,,,,502413156,50241315600014,33.20D,,,,,,,,,,,sirene,
ERIGEST,,,a contacter,,,,,,,,,,,,maintenance,"Installation d'equipements electriques, de materiels electroniques et optiques ou d'autres materiels",IVRY-SUR-SEINE,,94,,,,,,,,,,,,,,,,,,,,,,,,,,,,,,,453499170,45349917000034,33.20D,,,,,,,,,,,sirene,
ERMA,,,a contacter,,,,,,,,,,,,maintenance,Autres travaux d'installation n.c.a.,CHAPONOST,,69,,,,,,,,,,,,,,,,,,,,,,,,,,,,,,,394688717,39468871700047,43.29B,,,,,,,,,,,sirene,
ERMA ENTRET REPARAT MODERNISAT ASCENCEUR,,,a contacter,,,,,,,,,,,,maintenance,Autres travaux d'installation n.c.a.,PARIS,,75,,,,,,,,,,,,,,,,,,,,,,,,,,,,,,,452026222,45202622200011,43.29B,,,,,,,,,,,sirene,
ESO NORD EST,,,a contacter,,,,,,,,,,,,maintenance,Reparation d'equipements electriques,TEMPLEMARS,,59,,,,,,,,,,,,,,,,,,,,,,,,,,,,,,,337771810,33777181000039,33.14Z,,,,,,,,,,,sirene,
ESPACE CLOTURE MEDITERRANEE,C,0,a contacter,,,,,,,,,,,,maintenance,Autres travaux d'installation n.c.a.,ROGNONAS,,13,,,,,,,https://www.pappers.fr/entreprise/790087951,https://annuaire-entreprises.data.gouv.fr/entreprise/790087951,https://www.google.com/maps/search/?api=1&query=ESPACE+CLOTURE+MEDITERRANEE+ROGNONAS,https://www.google.com/search?q=ESPACE+CLOTURE+MEDITERRANEE+ROGNONAS,https://www.linkedin.com/search/results/companies/?keywords=ESPACE+CLOTURE+MEDITERRANEE,https://www.pagesjaunes.fr/annuaire/chercherlespros?quoiqui=ESPACE+CLOTURE+MEDITERRANEE&ou=ROGNONAS,https://www.societe.com/cgi-bin/search?champs=790087951,,,,,,,,,,,,,,,,FR92790087951,,790087951,79008795100022,43.29B,,,,,,,,non,oui,2026-08-04,sirene,
ESPACE CLOTURE OUEST,C,0,a contacter,,,,,,,,,,,,maintenance,Autres travaux d'installation n.c.a.,VALLET,,44,,,,,,,https://www.pappers.fr/entreprise/790084842,https://annuaire-entreprises.data.gouv.fr/entreprise/790084842,https://www.google.com/maps/search/?api=1&query=ESPACE+CLOTURE+OUEST+VALLET,https://www.google.com/search?q=ESPACE+CLOTURE+OUEST+VALLET,https://www.linkedin.com/search/results/companies/?keywords=ESPACE+CLOTURE+OUEST,https://www.pagesjaunes.fr/annuaire/chercherlespros?quoiqui=ESPACE+CLOTURE+OUEST&ou=VALLET,https://www.societe.com/cgi-bin/search?champs=790084842,,,,,,,,,,,,,,,,FR77790084842,,790084842,79008484200026,43.29B,,,,,,,,non,oui,2026-08-05,sirene,
EST SIGNALISATION,,,a contacter,,,,,,,,,,,,maintenance,Autres travaux d'installation n.c.a.,NIEDERHERGHEIM,,68,,,,,,,,,,,,,,,,,,,,,,,,,,,,,,,534703608,53470360800024,43.29B,,,,,,,,,,,sirene,
ETABL A SCHWOOB ET CIE S A,,,a contacter,,,,,,,,,,,,maintenance,Reparation d'equipements electriques,ILLKIRCH-GRAFFENSTADEN,,67,,,,,,,,,,,,,,,,,,,,,,,,,,,,,,,708500723,70850072300018,33.14Z,,,,,,,,,,,sirene,
ETABLISSEMENT PERDREAU SARL,,,a contacter,,,,,,,,,,,,maintenance,Installation de machines et equipements mecaniques,CREANCES,,50,,,,,,,,,,,,,,,,,,,,,,,,,,,,,,,417715968,41771596800026,33.20B,,,,,,,,,,,sirene,
ETABLISSEMENTS  RHONE SAONE,,,a contacter,,,,,,,,,,,,maintenance,Installation de machines et equipements mecaniques,COLLONGES-AU-MONT-D'OR,,69,,,,,,,,,,,,,,,,,,,,,,,,,,,,,,,957519366,95751936600026,33.20B,,,,,,,,,,,sirene,
ETABLISSEMENTS ANDRE PERRIER,C,0,a contacter,,,,,,,,,,,,maintenance,Reparation de machines et equipements mecaniques,MARCIGNY,,71,,,,,,,https://www.pappers.fr/entreprise/349363838,https://annuaire-entreprises.data.gouv.fr/entreprise/349363838,https://www.google.com/maps/search/?api=1&query=ETABLISSEMENTS+ANDRE+PERRIER+MARCIGNY,https://www.google.com/search?q=ETABLISSEMENTS+ANDRE+PERRIER+MARCIGNY,https://www.linkedin.com/search/results/companies/?keywords=ETABLISSEMENTS+ANDRE+PERRIER,https://www.pagesjaunes.fr/annuaire/chercherlespros?quoiqui=ETABLISSEMENTS+ANDRE+PERRIER&ou=MARCIGNY,https://www.societe.com/cgi-bin/search?champs=349363838,,,,,,,,,,,,,,,,FR27349363838,,349363838,34936383800070,33.12Z,,,,,,,,non,oui,2026-08-06,sirene,
ETABLISSEMENTS BIARD ROY,,,a contacter,,,,,,,,,,,,maintenance,Reparation de materiels electroniques et optiques,SAINTE-AUSTREBERTHE,,76,,,,,,,,,,,,,,,,,,,,,,,,,,,,,,,570505271,57050527100041,33.13Z,,,,,,,,,,,sirene,
ETABLISSEMENTS CHAIN,,,a contacter,,,,,,,,,,,,maintenance,Reparation d'equipements electriques,SEMOY,,45,,,,,,,,,,,,,,,,,,,,,,,,,,,,,,,087180287,08718028700028,33.14Z,,,,,,,,,,,sirene,
ETABLISSEMENTS FOURMENT,,,a contacter,,,,,,,,,,,,maintenance,Autres travaux d'installation n.c.a.,LE PETIT-QUEVILLY,,76,,,,,,,,,,,,,,,,,,,,,,,,,,,,,,,311946404,31194640400044,43.29B,,,,,,,,,,,sirene,
ETABLISSEMENTS GRESSIER ET FILS,,,a contacter,,,,,,,,,,,,maintenance,Reparation d'equipements electriques,CALAIS,,62,,,,,,,,,,,,,,,,,,,,,,,,,,,,,,,343271680,34327168000021,33.14Z,,,,,,,,,,,sirene,
ETABLISSEMENTS HONORAT,C,0,a contacter,,,,,,,,,,,,maintenance,Autres travaux d'installation n.c.a.,EGUILLES,,13,,,,,,,https://www.pappers.fr/entreprise/782672083,https://annuaire-entreprises.data.gouv.fr/entreprise/782672083,https://www.google.com/maps/search/?api=1&query=ETABLISSEMENTS+HONORAT+EGUILLES,https://www.google.com/search?q=ETABLISSEMENTS+HONORAT+EGUILLES,https://www.linkedin.com/search/results/companies/?keywords=ETABLISSEMENTS+HONORAT,https://www.pagesjaunes.fr/annuaire/chercherlespros?quoiqui=ETABLISSEMENTS+HONORAT&ou=EGUILLES,https://www.societe.com/cgi-bin/search?champs=782672083,,,,,,,,,,,,,,,,FR20782672083,,782672083,78267208300030,43.29B,,,,,,,,non,oui,2026-08-05,sirene,
ETABLISSEMENTS JERUSALEM,,,a contacter,,,,,,,,,,,,maintenance,Installation de machines et equipements mecaniques,ANCY-LE-FRANC,,89,,,,,,,,,,,,,,,,,,,,,,,,,,,,,,,353120850,35312085000014,33.20B,,,,,,,,,,,sirene,
ETABLISSEMENTS JOEL BAEY,,,a contacter,,,,,,,,,,,,maintenance,"Installation d'equipements electriques, de materiels electroniques et optiques ou d'autres materiels",NERAC,,47,,,,,,,,,,,,,,,,,,,,,,,,,,,,,,,380502385,38050238500012,33.20D,,,,,,,,,,,sirene,
ETABLISSEMENTS MAININI,C,0,a contacter,,,,,,,,,,,,maintenance,Installation de machines et equipements mecaniques,BAYEUX,,14,,,,,,,https://www.pappers.fr/entreprise/334641347,https://annuaire-entreprises.data.gouv.fr/entreprise/334641347,https://www.google.com/maps/search/?api=1&query=ETABLISSEMENTS+MAININI+BAYEUX,https://www.google.com/search?q=ETABLISSEMENTS+MAININI+BAYEUX,https://www.linkedin.com/search/results/companies/?keywords=ETABLISSEMENTS+MAININI,https://www.pagesjaunes.fr/annuaire/chercherlespros?quoiqui=ETABLISSEMENTS+MAININI&ou=BAYEUX,https://www.societe.com/cgi-bin/search?champs=334641347,,,,,,,,,,,,,,,,FR49334641347,,334641347,33464134700052,33.20B,,,,,,,,non,oui,2026-08-05,sirene,
ETABLISSEMENTS MONTELS,,,a contacter,,,,,,,,,,,,maintenance,Reparation de machines et equipements mecaniques,GRAULHET,,81,,,,,,,,,,,,,,,,,,,,,,,,,,,,,,,717320733,71732073300024,33.12Z,,,,,,,,,,,sirene,
ETABLISSEMENTS PICHARD,,,a contacter,,,,,,,,,,,,maintenance,Reparation de machines et equipements mecaniques,AULNAY-SOUS-BOIS,,93,,,,,,,,,,,,,,,,,,,,,,,,,,,,,,,698200730,69820073000035,33.12Z,,,,,,,,,,,sirene,
ETABLISSEMENTS PINTURAUD SARL,C,0,a contacter,,,,,,,,,,,,maintenance,Installation de machines et equipements mecaniques,LA TESTE-DE-BUCH,,33,,,,,,,https://www.pappers.fr/entreprise/353961329,https://annuaire-entreprises.data.gouv.fr/entreprise/353961329,https://www.google.com/maps/search/?api=1&query=ETABLISSEMENTS+PINTURAUD+SARL+LA+TESTE-DE-BUCH,https://www.google.com/search?q=ETABLISSEMENTS+PINTURAUD+SARL+LA+TESTE-DE-BUCH,https://www.linkedin.com/search/results/companies/?keywords=ETABLISSEMENTS+PINTURAUD+SARL,https://www.pagesjaunes.fr/annuaire/chercherlespros?quoiqui=ETABLISSEMENTS+PINTURAUD+SARL&ou=LA+TESTE-DE-BUCH,https://www.societe.com/cgi-bin/search?champs=353961329,,,,,,,,,,,,,,,,FR70353961329,,353961329,35396132900011,33.20B,,,,,,,,non,oui,2026-08-09,sirene,
ETABLISSEMENTS ROBERT SERRANO,,,a contacter,,,,,,,,,,,,maintenance,Installation de machines et equipements mecaniques,JANNEYRIAS,,38,,,,,,,,,,,,,,,,,,,,,,,,,,,,,,,971505433,97150543300039,33.20B,,,,,,,,,,,sirene,
ETABLISSEMENTS ROBLIN,C,0,a contacter,,,,,,,,,,,,maintenance,Reparation de machines et equipements mecaniques,FORGES,,17,,,,,,,https://www.pappers.fr/entreprise/450519103,https://annuaire-entreprises.data.gouv.fr/entreprise/450519103,https://www.google.com/maps/search/?api=1&query=ETABLISSEMENTS+ROBLIN+FORGES,https://www.google.com/search?q=ETABLISSEMENTS+ROBLIN+FORGES,https://www.linkedin.com/search/results/companies/?keywords=ETABLISSEMENTS+ROBLIN,https://www.pagesjaunes.fr/annuaire/chercherlespros?quoiqui=ETABLISSEMENTS+ROBLIN&ou=FORGES,https://www.societe.com/cgi-bin/search?champs=450519103,,,,,,,,,,,,,,,,FR61450519103,,450519103,45051910300011,33.12Z,,,,,,,,non,oui,2026-08-06,sirene,
ETD,,,a contacter,,,,,,,,,,,,maintenance,Reparation de machines et equipements mecaniques,TOULON,,83,,,,,,,,,,,,,,,,,,,,,,,,,,,,,,,304326648,30432664800033,33.12Z,,,,,,,,,,,sirene,
ETINCEL,,,a contacter,,,,,,,,,,,,maintenance,Reparation d'equipements electriques,CREIL,,60,,,,,,,,,,,,,,,,,,,,,,,,,,,,,,,807688387,80768838700032,33.14Z,,,,,,,,,,,sirene,
ETP,,,a contacter,,,,,,,,,,,,maintenance,Installation de machines et equipements mecaniques,MONTGERON,,91,,,,,,,,,,,,,,,,,,,,,,,,,,,,,,,419977814,41997781400039,33.20B,,,,,,,,,,,sirene,
ETS JEAN BONHOMME,,,a contacter,,,,,,,,,,,,maintenance,Autres travaux d'installation n.c.a.,PARROY,,54,,,,,,,,,,,,,,,,,,,,,,,,,,,,,,,768801581,76880158100010,43.29B,,,,,,,,,,,sirene,
ETS LAVAL MECANIQUE,,,a contacter,,,,,,,,,,,,maintenance,Reparation de machines et equipements mecaniques,LOUVERNE,,53,,,,,,,,,,,,,,,,,,,,,,,,,,,,,,,792410060,79241006000018,33.12Z,,,,,,,,,,,sirene,
ETS MALEYRAN FRERES,C,0,a contacter,,,,,,,,,,,,maintenance,Reparation de machines et equipements mecaniques,FLOIRAC,,33,,,,,,,https://www.pappers.fr/entreprise/331288795,https://annuaire-entreprises.data.gouv.fr/entreprise/331288795,https://www.google.com/maps/search/?api=1&query=ETS+MALEYRAN+FRERES+FLOIRAC,https://www.google.com/search?q=ETS+MALEYRAN+FRERES+FLOIRAC,https://www.linkedin.com/search/results/companies/?keywords=ETS+MALEYRAN+FRERES,https://www.pagesjaunes.fr/annuaire/chercherlespros?quoiqui=ETS+MALEYRAN+FRERES&ou=FLOIRAC,https://www.societe.com/cgi-bin/search?champs=331288795,,,,,,,,,,,,,,,,FR32331288795,,331288795,33128879500049,33.12Z,,,,,,,,non,oui,2026-08-10,sirene,
ETS MICHEL SAULIERE ET CIE,,,a contacter,,,,,,,,,,,,maintenance,Autres travaux d'installation n.c.a.,AIGUEFONDE,,81,,,,,,,,,,,,,,,,,,,,,,,,,,,,,,,716920483,71692048300022,43.29B,,,,,,,,,,,sirene,
ETS PHILIPPE,,,a contacter,,,,,,,,,,,,maintenance,Installation de machines et equipements mecaniques,RUY-MONTCEAU,,38,,,,,,,,,,,,,,,,,,,,,,,,,,,,,,,673620209,67362020900035,33.20B,,,,,,,,,,,sirene,
ETS PIERRE MEIJE,C,0,a contacter,,,,,,,,,,,,maintenance,Reparation de machines et equipements mecaniques,AUSSILLON,,81,,,,,,,https://www.pappers.fr/entreprise/340317635,https://annuaire-entreprises.data.gouv.fr/entreprise/340317635,https://www.google.com/maps/search/?api=1&query=ETS+PIERRE+MEIJE+AUSSILLON,https://www.google.com/search?q=ETS+PIERRE+MEIJE+AUSSILLON,https://www.linkedin.com/search/results/companies/?keywords=ETS+PIERRE+MEIJE,https://www.pagesjaunes.fr/annuaire/chercherlespros?quoiqui=ETS+PIERRE+MEIJE&ou=AUSSILLON,https://www.societe.com/cgi-bin/search?champs=340317635,,,,,,,,,,,,,,,,FR78340317635,,340317635,34031763500027,33.12Z,,,,,,,,non,oui,2026-08-09,sirene,
ETUDE MAINTENANCE INDUSTR PICARDE,,,a contacter,,,,,,,,,,,,maintenance,Reparation de machines et equipements mecaniques,NESLE,,80,,,,,,,,,,,,,,,,,,,,,,,,,,,,,,,432390011,43239001100034,33.12Z,,,,,,,,,,,sirene,
ETUDES TECHNIQUES ASSISTANCE MAINTENANCE,,,a contacter,,,,,,,,,,,,maintenance,"Installation d'equipements electriques, de materiels electroniques et optiques ou d'autres materiels",SAINT-SAULVE,,59,,,,,,,,,,,,,,,,,,,,,,,,,,,,,,,342007333,34200733300079,33.20D,,,,,,,,,,,sirene,
EUMETRYS,,,a contacter,,,,,,,,,,,,maintenance,"Installation d'equipements electriques, de materiels electroniques et optiques ou d'autres materiels",GAILLAC,,81,,,,,,,,,,,,,,,,,,,,,,,,,,,,,,,789290889,78929088900011,33.20D,,,,,,,,,,,sirene,
EUREKA,,,a contacter,,,,,,,,,,,,maintenance,Reparation de machines et equipements mecaniques,VENDOME,,41,,,,,,,,,,,,,,,,,,,,,,,,,,,,,,,493256069,49325606900011,33.12Z,,,,,,,,,,,sirene,
EURL RS RHONE ALPES,,,a contacter,,,,,,,,,,,,maintenance,Reparation de machines et equipements mecaniques,SAINT-GENIS-LAVAL,,69,,,,,,,,,,,,,,,,,,,,,,,,,,,,,,,538097288,53809728800012,33.12Z,,,,,,,,,,,sirene,
EURO DEPO,,,a contacter,,,,,,,,,,,,maintenance,Reparation de machines et equipements mecaniques,HAGUENAU,,67,,,,,,,,,,,,,,,,,,,,,,,,,,,,,,,815069935,81506993500022,33.12Z,,,,,,,,,,,sirene,
EURO MAINTENANCE INFORMATIQUE,,,a contacter,,,,,,,,,,,,maintenance,"Installation d'equipements electriques, de materiels electroniques et optiques ou d'autres materiels",MOIRANS,,38,,,,,,,,,,,,,,,,,,,,,,,,,,,,,,,390075463,39007546300047,33.20D,,,,,,,,,,,sirene,
EURO MECA,,,a contacter,,,,,,,,,,,,maintenance,Reparation de machines et equipements mecaniques,EPPEVILLE,,80,,,,,,,,,,,,,,,,,,,,,,,,,,,,,,,423776699,42377669900021,33.12Z,,,,,,,,,,,sirene,
EURO POMPES MAINTENANCE,,,a contacter,,,,,,,,,,,,maintenance,Reparation de machines et equipements mecaniques,HOCHFELDEN,,67,,,,,,,,,,,,,,,,,,,,,,,,,,,,,,,451049951,45104995100028,33.12Z,,,,,,,,,,,sirene,
EURO RESEAUX,,,a contacter,,,,,,,,,,,,maintenance,"Installation d'equipements electriques, de materiels electroniques et optiques ou d'autres materiels",SENS,,89,,,,,,,,,,,,,,,,,,,,,,,,,,,,,,,525041794,52504179400021,33.20D,,,,,,,,,,,sirene,
EURO-ASCENSEURS,,,a contacter,,,,,,,,,,,,maintenance,Autres travaux d'installation n.c.a.,LISSES,,91,,,,,,,,,,,,,,,,,,,,,,,,,,,,,,,381515865,38151586500040,43.29B,,,,,,,,,,,sirene,
EURODIME INDUSTRIE,,,a contacter,,,,,,,,,,,,maintenance,Reparation de machines et equipements mecaniques,DOCELLES,,88,,,,,,,,,,,,,,,,,,,,,,,,,,,,,,,849127170,84912717000017,33.12Z,,,,,,,,,,,sirene,
EUROP CLIMATISATION,,,a contacter,,,,,,,,,,,,maintenance,Installation de machines et equipements mecaniques,CUSTINES,,54,,,,,,,,,,,,,,,,,,,,,,,,,,,,,,,417736410,41773641000040,33.20B,,,,,,,,,,,sirene,
EUROPE QUALITE MIDI PYRENEES,C,0,a contacter,,,,,,,,,,,,maintenance,Reparation de materiels electroniques et optiques,TOULOUSE,,31,,,,,,,https://www.pappers.fr/entreprise/822182226,https://annuaire-entreprises.data.gouv.fr/entreprise/822182226,https://www.google.com/maps/search/?api=1&query=EUROPE+QUALITE+MIDI+PYRENEES+TOULOUSE,https://www.google.com/search?q=EUROPE+QUALITE+MIDI+PYRENEES+TOULOUSE,https://www.linkedin.com/search/results/companies/?keywords=EUROPE+QUALITE+MIDI+PYRENEES,https://www.pagesjaunes.fr/annuaire/chercherlespros?quoiqui=EUROPE+QUALITE+MIDI+PYRENEES&ou=TOULOUSE,https://www.societe.com/cgi-bin/search?champs=822182226,,,,,,,,,,,,,,,,FR38822182226,,822182226,82218222600016,33.13Z,,,,,,,,non,oui,2026-08-08,sirene,
EUROPE QUALITE VAL DE LOIRE,,,a contacter,,,,,,,,,,,,maintenance,"Installation d'equipements electriques, de materiels electroniques et optiques ou d'autres materiels",SAINT-AVERTIN,,37,,,,,,,,,,,,,,,,,,,,,,,,,,,,,,,342105012,34210501200039,33.20D,,,,,,,,,,,sirene,
EUROPEENNE DE COMMUNICATION ET DE SERVICE,C,0,a contacter,,,,,,,,,,,,maintenance,"Installation d'equipements electriques, de materiels electroniques et optiques ou d'autres materiels",HŒRDT,,67,,,,,,,https://www.pappers.fr/entreprise/388451817,https://annuaire-entreprises.data.gouv.fr/entreprise/388451817,https://www.google.com/maps/search/?api=1&query=EUROPEENNE+DE+COMMUNICATION+ET+DE+SERVICE+H%C5%92RDT,https://www.google.com/search?q=EUROPEENNE+DE+COMMUNICATION+ET+DE+SERVICE+H%C5%92RDT,https://www.linkedin.com/search/results/companies/?keywords=EUROPEENNE+DE+COMMUNICATION+ET+DE+SERVICE,https://www.pagesjaunes.fr/annuaire/chercherlespros?quoiqui=EUROPEENNE+DE+COMMUNICATION+ET+DE+SERVICE&ou=H%C5%92RDT,https://www.societe.com/cgi-bin/search?champs=388451817,,,,,,,,,,,,,,,,FR82388451817,,388451817,38845181700034,33.20D,,,,,,,,non,oui,2026-08-06,sirene,
EUROPEENNE DE ROBOTIQUE ET D AUTOMATISME,,,a contacter,,,,,,,,,,,,maintenance,Reparation de machines et equipements mecaniques,DENAIN,,59,,,,,,,,,,,,,,,,,,,,,,,,,,,,,,,394847701,39484770100064,33.12Z,,,,,,,,,,,sirene,
EVOLLYS SERVICES SUPPORTS,,,a contacter,,,,,,,,,,,,maintenance,Reparation de machines et equipements mecaniques,L'ETANG-SALE,,974,,,,,,,,,,,,,,,,,,,,,,,,,,,,,,,439460973,43946097300027,33.12Z,,,,,,,,,,,sirene,
EX'M,,,a contacter,,,,,,,,,,,,maintenance,Reparation de machines et equipements mecaniques,FURDENHEIM,,67,,,,,,,,,,,,,,,,,,,,,,,,,,,,,,,441464872,44146487200049,33.12Z,,,,,,,,,,,sirene,
EXOMETAL,,,a contacter,,,,,,,,,,,,maintenance,Reparation de machines et equipements mecaniques,YERVILLE,,76,,,,,,,,,,,,,,,,,,,,,,,,,,,,,,,410499495,41049949500027,33.12Z,,,,,,,,,,,sirene,
F C P L,,,a contacter,,,,,,,,,,,,maintenance,Installation de machines et equipements mecaniques,LOUVERNE,,53,,,,,,,,,,,,,,,,,,,,,,,,,,,,,,,408772556,40877255600028,33.20B,,,,,,,,,,,sirene,
F.2.M.,,,a contacter,,,,,,,,,,,,maintenance,Installation de machines et equipements mecaniques,ROEZE-SUR-SARTHE,,72,,,,,,,,,,,,,,,,,,,,,,,,,,,,,,,797869112,79786911200020,33.20B,,,,,,,,,,,sirene,
F.J.F. DIFFUSION,,,a contacter,,,,,,,,,,,,maintenance,Reparation de machines et equipements mecaniques,AJACCIO,,2A,,,,,,,,,,,,,,,,,,,,,,,,,,,,,,,434562880,43456288000030,33.12Z,,,,,,,,,,,sirene,
F.V.P. FRANCE,,,a contacter,,,,,,,,,,,,maintenance,Autres travaux d'installation n.c.a.,ESCLAVELLES,,76,,,,,,,,,,,,,,,,,,,,,,,,,,,,,,,449368976,44936897600022,43.29B,,,,,,,,,,,sirene,
F3C,,,a contacter,,,,,,,,,,,,maintenance,Reparation d'equipements electriques,SAINT-CHAMOND,,42,,,,,,,,,,,,,,,,,,,,,,,,,,,,,,,820706877,82070687700033,33.14Z,,,,,,,,,,,sirene,
FAAC ENTRANCE SOLUTIONS FRANCE,,,a contacter,,,,,,,,,,,,maintenance,Autres travaux d'installation n.c.a.,LIEUSAINT,,77,,,,,,,,,,,,,,,,,,,,,,,,,,,,,,,844852897,84485289700017,43.29B,,,,,,,,,,,sirene,
FABBRI FROID SA,C,0,a contacter,,,,,,,,,,,,maintenance,Installation de machines et equipements mecaniques,ALBON,,26,,,,,,,https://www.pappers.fr/entreprise/309233161,https://annuaire-entreprises.data.gouv.fr/entreprise/309233161,https://www.google.com/maps/search/?api=1&query=FABBRI+FROID+SA+ALBON,https://www.google.com/search?q=FABBRI+FROID+SA+ALBON,https://www.linkedin.com/search/results/companies/?keywords=FABBRI+FROID+SA,https://www.pagesjaunes.fr/annuaire/chercherlespros?quoiqui=FABBRI+FROID+SA&ou=ALBON,https://www.societe.com/cgi-bin/search?champs=309233161,,,,,,,,,,,,,,,,FR31309233161,,309233161,30923316100038,33.20B,,,,,,,,non,oui,2026-08-03,sirene,
FABRE GROUP,,,a contacter,,,,,,,,,,,,maintenance,Autres travaux d'installation n.c.a.,PARIS,,75,,,,,,,,,,,,,,,,,,,,,,,,,,,,,,,948668066,94866806600012,43.29B,,,,,,,,,,,sirene,
FABRILIS,,,a contacter,,,,,,,,,,,,maintenance,Autres travaux d'installation n.c.a.,VAILHAUQUES,,34,,,,,,,,,,,,,,,,,,,,,,,,,,,,,,,504893777,50489377700020,43.29B,,,,,,,,,,,sirene,
FACTORIA,,,a contacter,,,,,,,,,,,,maintenance,Reparation de machines et equipements mecaniques,BOULOGNE-BILLANCOURT,,92,,,,,,,,,,,,,,,,,,,,,,,,,,,,,,,490572187,49057218700063,33.12Z,,,,,,,,,,,sirene,
FACTORIA CVL,C,0,a contacter,,,,,,,,,,,,maintenance,Reparation de machines et equipements mecaniques,BLOIS,,41,,,,,,,https://www.pappers.fr/entreprise/344152475,https://annuaire-entreprises.data.gouv.fr/entreprise/344152475,https://www.google.com/maps/search/?api=1&query=FACTORIA+CVL+BLOIS,https://www.google.com/search?q=FACTORIA+CVL+BLOIS,https://www.linkedin.com/search/results/companies/?keywords=FACTORIA+CVL,https://www.pagesjaunes.fr/annuaire/chercherlespros?quoiqui=FACTORIA+CVL&ou=BLOIS,https://www.societe.com/cgi-bin/search?champs=344152475,,,,,,,,,,,,,,,,FR10344152475,,344152475,34415247500028,33.12Z,,,,,,,,non,oui,2026-08-06,sirene,
FACULTATIEVE TECHNOLOGIES FRANCE,C,0,a contacter,,,,,,,,,,,,maintenance,Reparation de machines et equipements mecaniques,SAINTE-SAVINE,,10,,,,,,,https://www.pappers.fr/entreprise/317356822,https://annuaire-entreprises.data.gouv.fr/entreprise/317356822,https://www.google.com/maps/search/?api=1&query=FACULTATIEVE+TECHNOLOGIES+FRANCE+SAINTE-SAVINE,https://www.google.com/search?q=FACULTATIEVE+TECHNOLOGIES+FRANCE+SAINTE-SAVINE,https://www.linkedin.com/search/results/companies/?keywords=FACULTATIEVE+TECHNOLOGIES+FRANCE,https://www.pagesjaunes.fr/annuaire/chercherlespros?quoiqui=FACULTATIEVE+TECHNOLOGIES+FRANCE&ou=SAINTE-SAVINE,https://www.societe.com/cgi-bin/search?champs=317356822,,,,,,,,,,,,,,,,FR55317356822,,317356822,31735682200062,33.12Z,,,,,,,,non,oui,2026-08-03,sirene,
FAIN ASCENSEURS FRANCE,,,a contacter,,,,,,,,,,,,maintenance,Autres travaux d'installation n.c.a.,NOISY-LE-SEC,,93,,,,,,,,,,,,,,,,,,,,,,,,,,,,,,,788960169,78896016900027,43.29B,,,,,,,,,,,sirene,
FARMKON,,,a contacter,,,,,,,,,,,,maintenance,Installation de machines et equipements mecaniques,LYON,,69,,,,,,,,,,,,,,,,,,,,,,,,,,,,,,,897486999,89748699900013,33.20B,,,,,,,,,,,sirene,
FC REFRIGERATION,,,a contacter,,,,,,,,,,,,maintenance,Reparation de machines et equipements mecaniques,BUC,,78,,,,,,,,,,,,,,,,,,,,,,,,,,,,,,,752980672,75298067200048,33.12Z,,,,,,,,,,,sirene,
FCT ILE DE FRANCE,,,a contacter,,,,,,,,,,,,maintenance,Installation de machines et equipements mecaniques,COURTRY,,77,,,,,,,,,,,,,,,,,,,,,,,,,,,,,,,712051234,71205123400052,33.20B,,,,,,,,,,,sirene,
FE SAINT REUNAN,,,a contacter,,,,,,,,,,,,maintenance,Reparation de machines et equipements mecaniques,VILLENEUVE D ASCQ,,59,,,,,,,,,,,,,,,,,,,,,,,,,,,,,,,522707165,52270716500026,33.12Z,,,,,,,,,,,sirene,
FEMA INDUSTRIE,,,a contacter,,,,,,,,,,,,maintenance,"Installation d'equipements electriques, de materiels electroniques et optiques ou d'autres materiels",ROUSIES,,59,,,,,,,,,,,,,,,,,,,,,,,,,,,,,,,528387343,52838734300023,33.20D,,,,,,,,,,,sirene,
FERMATIC SAS,,,a contacter,,,,,,,,,,,,maintenance,Autres travaux d'installation n.c.a.,GUITRANCOURT,,78,,,,,,,,,,,,,,,,,,,,,,,,,,,,,,,792193476,79219347600019,43.29B,,,,,,,,,,,sirene,
FERMHABITAT,,,a contacter,,,,,,,,,,,,maintenance,Autres travaux d'installation n.c.a.,GUITRANCOURT,,78,,,,,,,,,,,,,,,,,,,,,,,,,,,,,,,799613948,79961394800014,43.29B,,,,,,,,,,,sirene,
FFG ENGINEERING SDN.BHD.,,,a contacter,,,,,,,,,,,,maintenance,Installation de machines et equipements mecaniques,,,,,,,,,,,,,,,,,,,,,,,,,,,,,,,,,,918694050,91869405000017,33.20B,,,,,,,,,,,sirene,
FIMEL - FABRICATION INSTALLATION MAINTENANCE D'ENSEIGNE LUMINEUSE,,,a contacter,,,,,,,,,,,,maintenance,Autres travaux d'installation n.c.a.,LE CHAMP-PRES-FROGES,,38,,,,,,,,,,,,,,,,,,,,,,,,,,,,,,,920389186,92038918600015,43.29B,,,,,,,,,,,sirene,
FLASHELEC,C,0,a contacter,,,,,,,,,,,,maintenance,Reparation d'equipements electriques,SAINT-ANDRE-DE-CORCY,,01,,,,,,,https://www.pappers.fr/entreprise/404363327,https://annuaire-entreprises.data.gouv.fr/entreprise/404363327,https://www.google.com/maps/search/?api=1&query=FLASHELEC+SAINT-ANDRE-DE-CORCY,https://www.google.com/search?q=FLASHELEC+SAINT-ANDRE-DE-CORCY,https://www.linkedin.com/search/results/companies/?keywords=FLASHELEC,https://www.pagesjaunes.fr/annuaire/chercherlespros?quoiqui=FLASHELEC&ou=SAINT-ANDRE-DE-CORCY,https://www.societe.com/cgi-bin/search?champs=404363327,,,,,,,,,,,,,,,,FR39404363327,,404363327,40436332700010,33.14Z,,,,,,,,non,oui,2026-08-01,sirene,
FLIPO RICHIR,,,a contacter,,,,,,,,,,,,maintenance,Reparation d'equipements electriques,SECLIN,,59,,,,,,,,,,,,,,,,,,,,,,,,,,,,,,,384117255,38411725500032,33.14Z,,,,,,,,,,,sirene,
FLOLISVA,,,a contacter,,,,,,,,,,,,maintenance,Reparation de machines et equipements mecaniques,BEAUMONT-SUR-OISE,,95,,,,,,,,,,,,,,,,,,,,,,,,,,,,,,,799959234,79995923400011,33.12Z,,,,,,,,,,,sirene,
FMC TECHNOLOGIES SAS,,,a contacter,,,,,,,,,,,,maintenance,Installation de machines et equipements mecaniques,SENS,,89,,,,,,,,,,,,,,,,,,,,,,,,,,,,,,,705580389,70558038900025,33.20B,,,,,,,,,,,sirene,
FMI PROCESS SAS,,,a contacter,,,,,,,,,,,,maintenance,Installation de machines et equipements mecaniques,ANDREZIEUX-BOUTHEON,,42,,,,,,,,,,,,,,,,,,,,,,,,,,,,,,,961502564,96150256400068,33.20B,,,,,,,,,,,sirene,
FORETMAT,,,a contacter,,,,,,,,,,,,maintenance,Reparation de machines et equipements mecaniques,NOVALAISE,,73,,,,,,,,,,,,,,,,,,,,,,,,,,,,,,,521092296,52109229600024,33.12Z,,,,,,,,,,,sirene,
FORGEL SA,,,a contacter,,,,,,,,,,,,maintenance,Installation de machines et equipements mecaniques,BEZANNES,,51,,,,,,,,,,,,,,,,,,,,,,,,,,,,,,,335580023,33558002300059,33.20B,,,,,,,,,,,sirene,
FRAMACO SERVICES,,,a contacter,,,,,,,,,,,,maintenance,Installation de machines et equipements mecaniques,FREPILLON,,95,,,,,,,,,,,,,,,,,,,,,,,,,,,,,,,950745794,95074579400020,33.20B,,,,,,,,,,,sirene,
FRANCE ALARME NORD,,,a contacter,,,,,,,,,,,,maintenance,"Installation d'equipements electriques, de materiels electroniques et optiques ou d'autres materiels",LILLE,,59,,,,,,,,,,,,,,,,,,,,,,,,,,,,,,,353962814,35396281400052,33.20D,,,,,,,,,,,sirene,
FRANCE FENETRES,,,a contacter,,,,,,,,,,,,maintenance,Autres travaux d'installation n.c.a.,MONTIGNY-LES-CORMEILLES,,95,,,,,,,,,,,,,,,,,,,,,,,,,,,,,,,393917323,39391732300114,43.29B,,,,,,,,,,,sirene,
FRANKLIN ENERGIE,,,a contacter,,,,,,,,,,,,maintenance,Autres travaux d'installation n.c.a.,OZOIR-LA-FERRIERE,,77,,,,,,,,,,,,,,,,,,,,,,,,,,,,,,,397672593,39767259300035,43.29B,,,,,,,,,,,sirene,
FREMONT AFFUTAGE,,,a contacter,,,,,,,,,,,,maintenance,Reparation de machines et equipements mecaniques,SOLESMES,,72,,,,,,,,,,,,,,,,,,,,,,,,,,,,,,,377930763,37793076300034,33.12Z,,,,,,,,,,,sirene,
FRIGELEC GRANDES CUISINES,C,0,a contacter,,,,,,,,,,,,maintenance,Reparation de machines et equipements mecaniques,VILLENEUVE,,04,,,,,,,https://www.pappers.fr/entreprise/824345227,https://annuaire-entreprises.data.gouv.fr/entreprise/824345227,https://www.google.com/maps/search/?api=1&query=FRIGELEC+GRANDES+CUISINES+VILLENEUVE,https://www.google.com/search?q=FRIGELEC+GRANDES+CUISINES+VILLENEUVE,https://www.linkedin.com/search/results/companies/?keywords=FRIGELEC+GRANDES+CUISINES,https://www.pagesjaunes.fr/annuaire/chercherlespros?quoiqui=FRIGELEC+GRANDES+CUISINES&ou=VILLENEUVE,https://www.societe.com/cgi-bin/search?champs=824345227,,,,,,,,,,,,,,,,FR32824345227,,824345227,82434522700030,33.12Z,,,,,,,,non,oui,2026-08-02,sirene,
FRIGORY,,,a contacter,,,,,,,,,,,,maintenance,Installation de machines et equipements mecaniques,ROUVIGNIES,,59,,,,,,,,,,,,,,,,,,,,,,,,,,,,,,,568800106,56880010600029,33.20B,,,,,,,,,,,sirene,
FRIGOTEKNIK,,,a contacter,,,,,,,,,,,,maintenance,Installation de machines et equipements mecaniques,PAU,,64,,,,,,,,,,,,,,,,,,,,,,,,,,,,,,,823779426,82377942600035,33.20B,,,,,,,,,,,sirene,
FROID 73,,,a contacter,,,,,,,,,,,,maintenance,Installation de machines et equipements mecaniques,ALBERTVILLE,,73,,,,,,,,,,,,,,,,,,,,,,,,,,,,,,,401382932,40138293200028,33.20B,,,,,,,,,,,sirene,
FROID 77,,,a contacter,,,,,,,,,,,,maintenance,Reparation de machines et equipements mecaniques,VERT-SAINT-DENIS,,77,,,,,,,,,,,,,,,,,,,,,,,,,,,,,,,306246174,30624617400040,33.12Z,,,,,,,,,,,sirene,
FROID CHAMPAGNE-ARDENNE,,,a contacter,,,,,,,,,,,,maintenance,Reparation de machines et equipements mecaniques,LA VEUVE,,51,,,,,,,,,,,,,,,,,,,,,,,,,,,,,,,520031584,52003158400011,33.12Z,,,,,,,,,,,sirene,
FROID CLIMAT AUVERGNE,,,a contacter,,,,,,,,,,,,maintenance,Installation de machines et equipements mecaniques,CLERMONT-FERRAND,,63,,,,,,,,,,,,,,,,,,,,,,,,,,,,,,,418279808,41827980800053,33.20B,,,,,,,,,,,sirene,
FROID CLIMATISATION CHAUFFAGE,C,0,a contacter,,,,,,,,,,,,maintenance,Installation de machines et equipements mecaniques,SOCHAUX,,25,,,,,,,https://www.pappers.fr/entreprise/522963776,https://annuaire-entreprises.data.gouv.fr/entreprise/522963776,https://www.google.com/maps/search/?api=1&query=FROID+CLIMATISATION+CHAUFFAGE+SOCHAUX,https://www.google.com/search?q=FROID+CLIMATISATION+CHAUFFAGE+SOCHAUX,https://www.linkedin.com/search/results/companies/?keywords=FROID+CLIMATISATION+CHAUFFAGE,https://www.pagesjaunes.fr/annuaire/chercherlespros?quoiqui=FROID+CLIMATISATION+CHAUFFAGE&ou=SOCHAUX,https://www.societe.com/cgi-bin/search?champs=522963776,,,,,,,,,,,,,,,,FR51522963776,,522963776,52296377600029,33.20B,,,,,,,,non,oui,2026-08-07,sirene,
FROID CUISINES INDUSTRIELLES RESTAURATIO,,,a contacter,,,,,,,,,,,,maintenance,Installation de machines et equipements mecaniques,L'HAY-LES-ROSES,,94,,,,,,,,,,,,,,,,,,,,,,,,,,,,,,,314490293,31449029300052,33.20B,,,,,,,,,,,sirene,
FROID EQUIPEMENT SERVICE,,,a contacter,,,,,,,,,,,,maintenance,Reparation de machines et equipements mecaniques,ROCHE-LA-MOLIERE,,42,,,,,,,,,,,,,,,,,,,,,,,,,,,,,,,381747245,38174724500037,33.12Z,,,,,,,,,,,sirene,
FROID ET CLIM 33,C,0,a contacter,,,,,,,,,,,,maintenance,Reparation de machines et equipements mecaniques,GRADIGNAN,,33,,,,,,,https://www.pappers.fr/entreprise/405051954,https://annuaire-entreprises.data.gouv.fr/entreprise/405051954,https://www.google.com/maps/search/?api=1&query=FROID+ET+CLIM+33+GRADIGNAN,https://www.google.com/search?q=FROID+ET+CLIM+33+GRADIGNAN,https://www.linkedin.com/search/results/companies/?keywords=FROID+ET+CLIM+33,https://www.pagesjaunes.fr/annuaire/chercherlespros?quoiqui=FROID+ET+CLIM+33&ou=GRADIGNAN,https://www.societe.com/cgi-bin/search?champs=405051954,,,,,,,,,,,,,,,,FR14405051954,,405051954,40505195400031,33.12Z,,,,,,,,non,oui,2026-08-09,sirene,
FROID ET MACHINES DU HAUT QUERCY,,,a contacter,,,,,,,,,,,,maintenance,Installation de machines et equipements mecaniques,CAPDENAC,,46,,,,,,,,,,,,,,,,,,,,,,,,,,,,,,,310226022,31022602200021,33.20B,,,,,,,,,,,sirene,
FROID EXPRESS,,,a contacter,,,,,,,,,,,,maintenance,Installation de machines et equipements mecaniques,ARNAGE,,72,,,,,,,,,,,,,,,,,,,,,,,,,,,,,,,377850649,37785064900056,33.20B,,,,,,,,,,,sirene,
FROID GILBERT,,,a contacter,,,,,,,,,,,,maintenance,Installation de machines et equipements mecaniques,DUTTLENHEIM,,67,,,,,,,,,,,,,,,,,,,,,,,,,,,,,,,324045244,32404524400021,33.20B,,,,,,,,,,,sirene,
FROID GUYADER,C,0,a contacter,,,,,,,,,,,,maintenance,Installation de machines et equipements mecaniques,QUIMPER,,29,,,,,,,https://www.pappers.fr/entreprise/402855209,https://annuaire-entreprises.data.gouv.fr/entreprise/402855209,https://www.google.com/maps/search/?api=1&query=FROID+GUYADER+QUIMPER,https://www.google.com/search?q=FROID+GUYADER+QUIMPER,https://www.linkedin.com/search/results/companies/?keywords=FROID+GUYADER,https://www.pagesjaunes.fr/annuaire/chercherlespros?quoiqui=FROID+GUYADER&ou=QUIMPER,https://www.societe.com/cgi-bin/search?champs=402855209,,,,,,,,,,,,,,,,FR56402855209,,402855209,40285520900035,33.20B,,,,,,,,non,oui,2026-08-08,sirene,
FROID SAVOIE,,,a contacter,,,,,,,,,,,,maintenance,Installation de machines et equipements mecaniques,LA RAVOIRE,,73,,,,,,,,,,,,,,,,,,,,,,,,,,,,,,,451197792,45119779200026,33.20B,,,,,,,,,,,sirene,
FULLPROD,,,a contacter,,,,,,,,,,,,maintenance,Reparation de machines et equipements mecaniques,TREMBLAY-EN-FRANCE,,93,,,,,,,,,,,,,,,,,,,,,,,,,,,,,,,900099086,90009908600010,33.12Z,,,,,,,,,,,sirene,
FUSTER ENERGIES,,,a contacter,,,,,,,,,,,,maintenance,Installation de machines et equipements mecaniques,LYON,,69,,,,,,,,,,,,,,,,,,,,,,,,,,,,,,,440690931,44069093100033,33.20B,,,,,,,,,,,sirene,
G&HOUSE,,,a contacter,,,,,,,,,,,,maintenance,Autres travaux d'installation n.c.a.,KOUROU,,973,,,,,,,,,,,,,,,,,,,,,,,,,,,,,,,883722258,88372225800018,43.29B,,,,,,,,,,,sirene,
G.T. VENTILATION,,,a contacter,,,,,,,,,,,,maintenance,Installation de machines et equipements mecaniques,MARCHELEPOT-MISERY,,80,,,,,,,,,,,,,,,,,,,,,,,,,,,,,,,837942168,83794216800035,33.20B,,,,,,,,,,,sirene,
GALAFE,,,a contacter,,,,,,,,,,,,maintenance,Reparation de machines et equipements mecaniques,FORT-DE-FRANCE,,972,,,,,,,,,,,,,,,,,,,,,,,,,,,,,,,385299375,38529937500019,33.12Z,,,,,,,,,,,sirene,
GALAMAU,,,a contacter,,,,,,,,,,,,maintenance,Reparation de machines et equipements mecaniques,FORT-DE-FRANCE,,972,,,,,,,,,,,,,,,,,,,,,,,,,,,,,,,482633336,48263333600011,33.12Z,,,,,,,,,,,sirene,
GALE ACTIVITES MAINTEN. TRANSFERT TECHN.,,,a contacter,,,,,,,,,,,,maintenance,Installation de machines et equipements mecaniques,EGLY,,91,,,,,,,,,,,,,,,,,,,,,,,,,,,,,,,445306442,44530644200028,33.20B,,,,,,,,,,,sirene,
GARAGE DU RAIZET,,,a contacter,,,,,,,,,,,,maintenance,Reparation d'equipements electriques,BAIE-MAHAULT,,971,,,,,,,,,,,,,,,,,,,,,,,,,,,,,,,322425976,32242597600030,33.14Z,,,,,,,,,,,sirene,
GARAGE LEFEUVRE,,,a contacter,,,,,,,,,,,,maintenance,Reparation de machines et equipements mecaniques,LANDIVY,,53,,,,,,,,,,,,,,,,,,,,,,,,,,,,,,,539577734,53957773400020,33.12Z,,,,,,,,,,,sirene,
GARAGE VIART,,,a contacter,,,,,,,,,,,,maintenance,Reparation de machines et equipements mecaniques,SIMENCOURT,,62,,,,,,,,,,,,,,,,,,,,,,,,,,,,,,,448114207,44811420700021,33.12Z,,,,,,,,,,,sirene,
GCA REUNION - GENIE CLIMATIQUE AUSTRAL,,,a contacter,,,,,,,,,,,,maintenance,Installation de machines et equipements mecaniques,LE PORT,,974,,,,,,,,,,,,,,,,,,,,,,,,,,,,,,,527613848,52761384800045,33.20B,,,,,,,,,,,sirene,
GEA PROCESS ENGINEERING,C,0,a contacter,,,,,,,,,,,,maintenance,Installation de machines et equipements mecaniques,MONTIGNY-LE-BRETONNEUX,,78,,,,,,,https://www.pappers.fr/entreprise/420856221,https://annuaire-entreprises.data.gouv.fr/entreprise/420856221,https://www.google.com/maps/search/?api=1&query=GEA+PROCESS+ENGINEERING+MONTIGNY-LE-BRETONNEUX,https://www.google.com/search?q=GEA+PROCESS+ENGINEERING+MONTIGNY-LE-BRETONNEUX,https://www.linkedin.com/search/results/companies/?keywords=GEA+PROCESS+ENGINEERING,https://www.pagesjaunes.fr/annuaire/chercherlespros?quoiqui=GEA+PROCESS+ENGINEERING&ou=MONTIGNY-LE-BRETONNEUX,https://www.societe.com/cgi-bin/search?champs=420856221,,,,,,,,,,,,,,,,FR88420856221,,420856221,42085622100015,33.20B,,,,,,,,non,oui,2026-08-09,sirene,
GENERALE DE SERVICES REUNION,,,a contacter,,,,,,,,,,,,maintenance,Reparation de machines et equipements mecaniques,L'ETANG-SALE,,974,,,,,,,,,,,,,,,,,,,,,,,,,,,,,,,433574803,43357480300014,33.12Z,,,,,,,,,,,sirene,
GENERGIES ANTILLES GUYANE,,,a contacter,,,,,,,,,,,,maintenance,"Installation d'equipements electriques, de materiels electroniques et optiques ou d'autres materiels",BAIE MAHAULT,,971,,,,,,,,,,,,,,,,,,,,,,,,,,,,,,,519628168,51962816800089,33.20D,,,,,,,,,,,sirene,
GEORGES ELECTRICITE,,,a contacter,,,,,,,,,,,,maintenance,Reparation d'equipements electriques,CHALONS-EN-CHAMPAGNE,,51,,,,,,,,,,,,,,,,,,,,,,,,,,,,,,,889309860,88930986000019,33.14Z,,,,,,,,,,,sirene,
GIFEC,,,a contacter,,,,,,,,,,,,maintenance,Reparation de machines et equipements mecaniques,LE HAVRE,,76,,,,,,,,,,,,,,,,,,,,,,,,,,,,,,,400897161,40089716100024,33.12Z,,,,,,,,,,,sirene,
GILFOR SA,,,a contacter,,,,,,,,,,,,maintenance,Reparation de machines et equipements mecaniques,TERSSAC,,81,,,,,,,,,,,,,,,,,,,,,,,,,,,,,,,950627034,95062703400032,33.12Z,,,,,,,,,,,sirene,
GIRARD JL,,,a contacter,,,,,,,,,,,,maintenance,Reparation d'equipements electriques,ROCHE SUR YON (LA),,85,,,,,,,,,,,,,,,,,,,,,,,,,,,,,,,347842544,34784254400038,33.14Z,,,,,,,,,,,sirene,
GLI TP,,,a contacter,,,,,,,,,,,,maintenance,Reparation de machines et equipements mecaniques,LE PORT,,974,,,,,,,,,,,,,,,,,,,,,,,,,,,,,,,830850145,83085014500012,33.12Z,,,,,,,,,,,sirene,
GLOBAL AIR SERVICES,,,a contacter,,,,,,,,,,,,maintenance,Installation de machines et equipements mecaniques,SAINT-BRICE-SOUS-FORET,,95,,,,,,,,,,,,,,,,,,,,,,,,,,,,,,,492111299,49211129900045,33.20B,,,,,,,,,,,sirene,
GLOBAL MAINTENANCE,,,a contacter,,,,,,,,,,,,maintenance,Reparation de machines et equipements mecaniques,MARLY,,59,,,,,,,,,,,,,,,,,,,,,,,,,,,,,,,919802603,91980260300010,33.12Z,,,,,,,,,,,sirene,
GMS,,,a contacter,,,,,,,,,,,,maintenance,Reparation de machines et equipements mecaniques,BAIE-MAHAULT,,971,,,,,,,,,,,,,,,,,,,,,,,,,,,,,,,404737520,40473752000035,33.12Z,,,,,,,,,,,sirene,
GMS INDUSTRIE,,,a contacter,,,,,,,,,,,,maintenance,Reparation de machines et equipements mecaniques,EPIERRE,,73,,,,,,,,,,,,,,,,,,,,,,,,,,,,,,,412222085,41222208500026,33.12Z,,,,,,,,,,,sirene,
GOSTYLE ASCENSEURS,,,a contacter,,,,,,,,,,,,maintenance,Reparation de machines et equipements mecaniques,CRETEIL,,94,,,,,,,,,,,,,,,,,,,,,,,,,,,,,,,511717373,51171737300043,33.12Z,,,,,,,,,,,sirene,
GOUVILLE FROID,C,0,a contacter,,,,,,,,,,,,maintenance,Reparation de machines et equipements mecaniques,BRETTEVILLE-SUR-ODON,,14,,,,,,,https://www.pappers.fr/entreprise/344172994,https://annuaire-entreprises.data.gouv.fr/entreprise/344172994,https://www.google.com/maps/search/?api=1&query=GOUVILLE+FROID+BRETTEVILLE-SUR-ODON,https://www.google.com/search?q=GOUVILLE+FROID+BRETTEVILLE-SUR-ODON,https://www.linkedin.com/search/results/companies/?keywords=GOUVILLE+FROID,https://www.pagesjaunes.fr/annuaire/chercherlespros?quoiqui=GOUVILLE+FROID&ou=BRETTEVILLE-SUR-ODON,https://www.societe.com/cgi-bin/search?champs=344172994,,,,,,,,,,,,,,,,FR69344172994,,344172994,34417299400040,33.12Z,,,,,,,,non,oui,2026-08-05,sirene,
GREEN POINT FRANCE,,,a contacter,,,,,,,,,,,,maintenance,Reparation de machines et equipements mecaniques,COMBS-LA-VILLE,,77,,,,,,,,,,,,,,,,,,,,,,,,,,,,,,,946150786,94615078600071,33.12Z,,,,,,,,,,,sirene,
GROUPE CEB - SSM,,,a contacter,,,,,,,,,,,,maintenance,Installation de machines et equipements mecaniques,LACROUZETTE,,81,,,,,,,,,,,,,,,,,,,,,,,,,,,,,,,421941394,42194139400015,33.20B,,,,,,,,,,,sirene,
GROUPE EMILE DUFOUR,C,0,a contacter,,,,,,,,,,,,maintenance,Reparation d'equipements electriques,MANTES-LA-VILLE,,78,,,,,,,https://www.pappers.fr/entreprise/402548366,https://annuaire-entreprises.data.gouv.fr/entreprise/402548366,https://www.google.com/maps/search/?api=1&query=GROUPE+EMILE+DUFOUR+MANTES-LA-VILLE,https://www.google.com/search?q=GROUPE+EMILE+DUFOUR+MANTES-LA-VILLE,https://www.linkedin.com/search/results/companies/?keywords=GROUPE+EMILE+DUFOUR,https://www.pagesjaunes.fr/annuaire/chercherlespros?quoiqui=GROUPE+EMILE+DUFOUR&ou=MANTES-LA-VILLE,https://www.societe.com/cgi-bin/search?champs=402548366,,,,,,,,,,,,,,,,FR57402548366,,402548366,40254836600218,33.14Z,,,,,,,,non,oui,2026-08-07,sirene,
GROUPE INNOVAPESAGE,,,a contacter,,,,,,,,,,,,maintenance,Reparation de machines et equipements mecaniques,ANDREZIEUX-BOUTHEON,,42,,,,,,,,,,,,,,,,,,,,,,,,,,,,,,,398126599,39812659900099,33.12Z,,,,,,,,,,,sirene,
GROUPE NEODIA,,,a contacter,,,,,,,,,,,,maintenance,Autres travaux d'installation n.c.a.,TOURCOING,,59,,,,,,,,,,,,,,,,,,,,,,,,,,,,,,,388002800,38800280000067,43.29B,,,,,,,,,,,sirene,
GTM SERVICES,,,a contacter,,,,,,,,,,,,maintenance,Reparation de machines et equipements mecaniques,CAYENNE,,973,,,,,,,,,,,,,,,,,,,,,,,,,,,,,,,403180789,40318078900022,33.12Z,,,,,,,,,,,sirene,
GTSF,,,a contacter,,,,,,,,,,,,maintenance,Installation de machines et equipements mecaniques,SORIGNY,,37,,,,,,,,,,,,,,,,,,,,,,,,,,,,,,,339234163,33923416300089,33.20B,,,,,,,,,,,sirene,
GUERMONPREZ,,,a contacter,,,,,,,,,,,,maintenance,Autres travaux d'installation n.c.a.,MONS-EN-BARŒUL,,59,,,,,,,,,,,,,,,,,,,,,,,,,,,,,,,445292386,44529238600023,43.29B,,,,,,,,,,,sirene,
GUITTENY AGRI SERVICES,,,a contacter,,,,,,,,,,,,maintenance,Reparation de machines et equipements mecaniques,SAINT-HILAIRE-DE-CHALEONS,,44,,,,,,,,,,,,,,,,,,,,,,,,,,,,,,,384303756,38430375600025,33.12Z,,,,,,,,,,,sirene,
GUYONNAUD-AUDEBRAND,,,a contacter,,,,,,,,,,,,maintenance,Installation de machines et equipements mecaniques,PARTHENAY,,79,,,,,,,,,,,,,,,,,,,,,,,,,,,,,,,334537594,33453759400015,33.20B,,,,,,,,,,,sirene,
H.B.I MAINTENANCE,,,a contacter,,,,,,,,,,,,maintenance,Reparation de machines et equipements mecaniques,SAINT-PRIEST,,69,,,,,,,,,,,,,,,,,,,,,,,,,,,,,,,914680145,91468014500010,33.12Z,,,,,,,,,,,sirene,
HA D M A,,,a contacter,,,,,,,,,,,,maintenance,Installation de machines et equipements mecaniques,CAVAILLON,,84,,,,,,,,,,,,,,,,,,,,,,,,,,,,,,,498098110,49809811000022,33.20B,,,,,,,,,,,sirene,
HACQUARD,,,a contacter,,,,,,,,,,,,maintenance,"Installation d'equipements electriques, de materiels electroniques et optiques ou d'autres materiels",BERTHELMING,,57,,,,,,,,,,,,,,,,,,,,,,,,,,,,,,,500490834,50049083400024,33.20D,,,,,,,,,,,sirene,
HAFFNER ENERGY,,,a contacter,,,,,,,,,,,,maintenance,Installation de machines et equipements mecaniques,VITRY-LE-FRANCOIS,,51,,,,,,,,,,,,,,,,,,,,,,,,,,,,,,,813176823,81317682300017,33.20B,,,,,,,,,,,sirene,
HALTON SERVICES,,,a contacter,,,,,,,,,,,,maintenance,Installation de machines et equipements mecaniques,BETHUNE,,62,,,,,,,,,,,,,,,,,,,,,,,,,,,,,,,408645901,40864590100047,33.20B,,,,,,,,,,,sirene,
HANSSENS,,,a contacter,,,,,,,,,,,,maintenance,Installation de machines et equipements mecaniques,BAPAUME,,62,,,,,,,,,,,,,,,,,,,,,,,,,,,,,,,888447505,88844750500015,33.20B,,,,,,,,,,,sirene,
HAUTE TENSION SOLUTIONS,,,a contacter,,,,,,,,,,,,maintenance,Reparation d'equipements electriques,SAINT-GENIS-LES-OLLIERES,,69,,,,,,,,,,,,,,,,,,,,,,,,,,,,,,,845396613,84539661300026,33.14Z,,,,,,,,,,,sirene,
HAUTMONTOISE CONSTRUCTIONS INDUSTRIELLES,,,a contacter,,,,,,,,,,,,maintenance,Reparation de machines et equipements mecaniques,LOUVROIL,,59,,,,,,,,,,,,,,,,,,,,,,,,,,,,,,,312757792,31275779200048,33.12Z,,,,,,,,,,,sirene,
HAUTS DE FRANCE BUREAUTIQUE,,,a contacter,,,,,,,,,,,,maintenance,Reparation de machines et equipements mecaniques,WASQUEHAL,,59,,,,,,,,,,,,,,,,,,,,,,,,,,,,,,,330541079,33054107900068,33.12Z,,,,,,,,,,,sirene,
HEAD GESTION,,,a contacter,,,,,,,,,,,,maintenance,Autres travaux d'installation n.c.a.,PAU,,64,,,,,,,,,,,,,,,,,,,,,,,,,,,,,,,790761217,79076121700039,43.29B,,,,,,,,,,,sirene,
HECTRONIC FRANCE,,,a contacter,,,,,,,,,,,,maintenance,Installation de machines et equipements mecaniques,SAINT-MAUR-DES-FOSSES,,94,,,,,,,,,,,,,,,,,,,,,,,,,,,,,,,432267193,43226719300048,33.20B,,,,,,,,,,,sirene,
HENCO,,,a contacter,,,,,,,,,,,,maintenance,Reparation de machines et equipements mecaniques,TORCY,,77,,,,,,,,,,,,,,,,,,,,,,,,,,,,,,,334796372,33479637200038,33.12Z,,,,,,,,,,,sirene,
HENRIOT EQUIPEMENTS,,,a contacter,,,,,,,,,,,,maintenance,Installation de machines et equipements mecaniques,SENS,,89,,,,,,,,,,,,,,,,,,,,,,,,,,,,,,,389188913,38918891300021,33.20B,,,,,,,,,,,sirene,
HERIPRET MAINTENANCE,,,a contacter,,,,,,,,,,,,maintenance,Reparation de machines et equipements mecaniques,BAVAY,,59,,,,,,,,,,,,,,,,,,,,,,,,,,,,,,,335171146,33517114600129,33.12Z,,,,,,,,,,,sirene,
HERIPRET MAINTENANCE AGENCE NORD,,,a contacter,,,,,,,,,,,,maintenance,Reparation de machines et equipements mecaniques,BAVAY,,59,,,,,,,,,,,,,,,,,,,,,,,,,,,,,,,423346956,42334695600026,33.12Z,,,,,,,,,,,sirene,
HERMETIC MECAFLUX,,,a contacter,,,,,,,,,,,,maintenance,Reparation de machines et equipements mecaniques,CHAPONOST,,69,,,,,,,,,,,,,,,,,,,,,,,,,,,,,,,380058206,38005820600026,33.12Z,,,,,,,,,,,sirene,
HEURTAUX SAS,,,a contacter,,,,,,,,,,,,maintenance,Installation de machines et equipements mecaniques,SAINT-AUBIN-LES-ELBEUF,,76,,,,,,,,,,,,,,,,,,,,,,,,,,,,,,,351070347,35107034700015,33.20B,,,,,,,,,,,sirene,
HEXATECHNIC,,,a contacter,,,,,,,,,,,,maintenance,Reparation de machines et equipements mecaniques,CALAIS,,62,,,,,,,,,,,,,,,,,,,,,,,,,,,,,,,387607740,38760774000058,33.12Z,,,,,,,,,,,sirene,
HI DEVELOPPEMENT,,,a contacter,,,,,,,,,,,,maintenance,"Installation d'equipements electriques, de materiels electroniques et optiques ou d'autres materiels",SORGUES,,84,,,,,,,,,,,,,,,,,,,,,,,,,,,,,,,440858660,44085866000028,33.20D,,,,,,,,,,,sirene,
HIE-EQUIPEMENT,,,a contacter,,,,,,,,,,,,maintenance,Installation de machines et equipements mecaniques,MOIRANS,,38,,,,,,,,,,,,,,,,,,,,,,,,,,,,,,,453010613,45301061300041,33.20B,,,,,,,,,,,sirene,
HISS QUICK FRANCE,,,a contacter,,,,,,,,,,,,maintenance,Autres travaux d'installation n.c.a.,NEUILLY-SUR-SEINE,,92,,,,,,,,,,,,,,,,,,,,,,,,,,,,,,,901681221,90168122100015,43.29B,,,,,,,,,,,sirene,
HORLOGES HUCHEZ,,,a contacter,,,,,,,,,,,,maintenance,Reparation de materiels electroniques et optiques,FERRIERES,,60,,,,,,,,,,,,,,,,,,,,,,,,,,,,,,,343717245,34371724500017,33.13Z,,,,,,,,,,,sirene,
HOWDEN BC COMPRESSORS,,,a contacter,,,,,,,,,,,,maintenance,Reparation de machines et equipements mecaniques,NOGENT-SUR-OISE,,60,,,,,,,,,,,,,,,,,,,,,,,,,,,,,,,695580019,69558001900047,33.12Z,,,,,,,,,,,sirene,
HOWDEN MAINTENANCE PARTNERS FRANCE,,,a contacter,,,,,,,,,,,,maintenance,Reparation de machines et equipements mecaniques,NANTES,,44,,,,,,,,,,,,,,,,,,,,,,,,,,,,,,,819969338,81996933800022,33.12Z,,,,,,,,,,,sirene,
HUGUET MAINTENANCE,,,a contacter,,,,,,,,,,,,maintenance,Reparation de machines et equipements mecaniques,POUZAUGES,,85,,,,,,,,,,,,,,,,,,,,,,,,,,,,,,,419341052,41934105200019,33.12Z,,,,,,,,,,,sirene,
HUGUET THIBAULT SOCIETE NOUVELLE,,,a contacter,,,,,,,,,,,,maintenance,Autres travaux d'installation n.c.a.,POITIERS,,86,,,,,,,,,,,,,,,,,,,,,,,,,,,,,,,439253519,43925351900011,43.29B,,,,,,,,,,,sirene,
HUNDEGGER TECHNOLOGIES,,,a contacter,,,,,,,,,,,,maintenance,Reparation de machines et equipements mecaniques,SOUFFLENHEIM,,67,,,,,,,,,,,,,,,,,,,,,,,,,,,,,,,447631441,44763144100022,33.12Z,,,,,,,,,,,sirene,
HUWER NORD,,,a contacter,,,,,,,,,,,,maintenance,Reparation de machines et equipements mecaniques,RUITZ,,62,,,,,,,,,,,,,,,,,,,,,,,,,,,,,,,378834477,37883447700010,33.12Z,,,,,,,,,,,sirene,
HYD&AU FLUID,C,0,a contacter,,,,,,,,,,,,maintenance,Reparation de machines et equipements mecaniques,VAYRES,,33,,,,,,,https://www.pappers.fr/entreprise/353400963,https://annuaire-entreprises.data.gouv.fr/entreprise/353400963,https://www.google.com/maps/search/?api=1&query=HYD%26AU+FLUID+VAYRES,https://www.google.com/search?q=HYD%26AU+FLUID+VAYRES,https://www.linkedin.com/search/results/companies/?keywords=HYD%26AU+FLUID,https://www.pagesjaunes.fr/annuaire/chercherlespros?quoiqui=HYD%26AU+FLUID&ou=VAYRES,https://www.societe.com/cgi-bin/search?champs=353400963,,,,,,,,,,,,,,,,FR79353400963,,353400963,35340096300222,33.12Z,,,,,,,,non,oui,2026-08-03,sirene,
HYDRAU-ELECT,,,a contacter,,,,,,,,,,,,maintenance,Installation de machines et equipements mecaniques,BIARS-SUR-CERE,,46,,,,,,,,,,,,,,,,,,,,,,,,,,,,,,,335219655,33521965500032,33.20B,,,,,,,,,,,sirene,
HYDRAUHAVRE,,,a contacter,,,,,,,,,,,,maintenance,Reparation de machines et equipements mecaniques,ROGERVILLE,,76,,,,,,,,,,,,,,,,,,,,,,,,,,,,,,,395294119,39529411900031,33.12Z,,,,,,,,,,,sirene,
HYDRAULIQUE 95,,,a contacter,,,,,,,,,,,,maintenance,Reparation de machines et equipements mecaniques,CHAMPAGNE-SUR-OISE,,95,,,,,,,,,,,,,,,,,,,,,,,,,,,,,,,308327436,30832743600025,33.12Z,,,,,,,,,,,sirene,
HYDRAULIQUE TRANSMISSION MANUTENTION,,,a contacter,,,,,,,,,,,,maintenance,Installation de machines et equipements mecaniques,VILLENEUVE-LES-BEZIERS,,34,,,,,,,,,,,,,,,,,,,,,,,,,,,,,,,425048287,42504828700022,33.20B,,,,,,,,,,,sirene,
HYDRAUMEL,,,a contacter,,,,,,,,,,,,maintenance,Reparation de machines et equipements mecaniques,SAINT-BARTHELEMY-D'ANJOU,,49,,,,,,,,,,,,,,,,,,,,,,,,,,,,,,,489275800,48927580000022,33.12Z,,,,,,,,,,,sirene,
HYDRAUNORM,,,a contacter,,,,,,,,,,,,maintenance,Installation de machines et equipements mecaniques,SAINT-ETIENNE-DU-ROUVRAY,,76,,,,,,,,,,,,,,,,,,,,,,,,,,,,,,,327968368,32796836800024,33.20B,,,,,,,,,,,sirene,
HYDRO 71,,,a contacter,,,,,,,,,,,,maintenance,Reparation de machines et equipements mecaniques,LE CREUSOT,,71,,,,,,,,,,,,,,,,,,,,,,,,,,,,,,,533347985,53334798500012,33.12Z,,,,,,,,,,,sirene,
HYDRO MAINTENANCE,,,a contacter,,,,,,,,,,,,maintenance,Reparation de machines et equipements mecaniques,CAPPELLE-LA-GRANDE,,59,,,,,,,,,,,,,,,,,,,,,,,,,,,,,,,328516174,32851617400054,33.12Z,,,,,,,,,,,sirene,
HYDRO SYSTEMS FRANCE,C,0,a contacter,,,,,,,,,,,,maintenance,Reparation de machines et equipements mecaniques,COLOMIERS,,31,,,,,,,https://www.pappers.fr/entreprise/752809061,https://annuaire-entreprises.data.gouv.fr/entreprise/752809061,https://www.google.com/maps/search/?api=1&query=HYDRO+SYSTEMS+FRANCE+COLOMIERS,https://www.google.com/search?q=HYDRO+SYSTEMS+FRANCE+COLOMIERS,https://www.linkedin.com/search/results/companies/?keywords=HYDRO+SYSTEMS+FRANCE,https://www.pagesjaunes.fr/annuaire/chercherlespros?quoiqui=HYDRO+SYSTEMS+FRANCE&ou=COLOMIERS,https://www.societe.com/cgi-bin/search?champs=752809061,,,,,,,,,,,,,,,,FR57752809061,,752809061,75280906100027,33.12Z,,,,,,,,non,oui,2026-08-09,sirene,
HYDRO THERM,,,a contacter,,,,,,,,,,,,maintenance,Installation de machines et equipements mecaniques,ORMESSON-SUR-MARNE,,94,,,,,,,,,,,,,,,,,,,,,,,,,,,,,,,410956676,41095667600051,33.20B,,,,,,,,,,,sirene,
HYDROTHERM INDUSTRIE,,,a contacter,,,,,,,,,,,,maintenance,Installation de machines et equipements mecaniques,LOIRE-AUTHION,,49,,,,,,,,,,,,,,,,,,,,,,,,,,,,,,,419478268,41947826800032,33.20B,,,,,,,,,,,sirene,
I&K REFRIGERATION CHAUFFAGE,,,a contacter,,,,,,,,,,,,maintenance,Installation de machines et equipements mecaniques,SAINT-MAUR-DES-FOSSES,,94,,,,,,,,,,,,,,,,,,,,,,,,,,,,,,,749989224,74998922400037,33.20B,,,,,,,,,,,sirene,
I.R.E.A.,,,a contacter,,,,,,,,,,,,maintenance,Autres travaux d'installation n.c.a.,BAGNEUX,,92,,,,,,,,,,,,,,,,,,,,,,,,,,,,,,,342526688,34252668800037,43.29B,,,,,,,,,,,sirene,
I2S ASCENSEURS,,,a contacter,,,,,,,,,,,,maintenance,Autres travaux d'installation n.c.a.,CHALLES-LES-EAUX,,73,,,,,,,,,,,,,,,,,,,,,,,,,,,,,,,811311554,81131155400026,43.29B,,,,,,,,,,,sirene,
ID 9,,,a contacter,,,,,,,,,,,,maintenance,Autres travaux d'installation n.c.a.,BONDY,,93,,,,,,,,,,,,,,,,,,,,,,,,,,,,,,,509560488,50956048800033,43.29B,,,,,,,,,,,sirene,
ID FROID,,,a contacter,,,,,,,,,,,,maintenance,Installation de machines et equipements mecaniques,CHAMPIGNY-SUR-MARNE,,94,,,,,,,,,,,,,,,,,,,,,,,,,,,,,,,799289079,79928907900029,33.20B,,,,,,,,,,,sirene,
IDC ENERGIES,,,a contacter,,,,,,,,,,,,maintenance,Installation de machines et equipements mecaniques,TREILLIERES,,44,,,,,,,,,,,,,,,,,,,,,,,,,,,,,,,488386251,48838625100026,33.20B,,,,,,,,,,,sirene,
IDCLIM VALENGREEN,,,a contacter,,,,,,,,,,,,maintenance,Installation de machines et equipements mecaniques,VITRY-EN-ARTOIS,,62,,,,,,,,,,,,,,,,,,,,,,,,,,,,,,,495258097,49525809700023,33.20B,,,,,,,,,,,sirene,
IDEENOV,,,a contacter,,,,,,,,,,,,maintenance,Reparation d'equipements electriques,WITTELSHEIM,,68,,,,,,,,,,,,,,,,,,,,,,,,,,,,,,,401011622,40101162200024,33.14Z,,,,,,,,,,,sirene,
IDEM CUISINES,,,a contacter,,,,,,,,,,,,maintenance,Reparation de machines et equipements mecaniques,CHANTELOUP-EN-BRIE,,77,,,,,,,,,,,,,,,,,,,,,,,,,,,,,,,412735409,41273540900044,33.12Z,,,,,,,,,,,sirene,
IDEX SPACE,,,a contacter,,,,,,,,,,,,maintenance,Reparation de machines et equipements mecaniques,KOUROU,,973,,,,,,,,,,,,,,,,,,,,,,,,,,,,,,,833063910,83306391000032,33.12Z,,,,,,,,,,,sirene,
IDF REFRIGERATION,,,a contacter,,,,,,,,,,,,maintenance,Installation de machines et equipements mecaniques,SARCELLES,,95,,,,,,,,,,,,,,,,,,,,,,,,,,,,,,,340856145,34085614500024,33.20B,,,,,,,,,,,sirene,
IDF THERMIC,,,a contacter,,,,,,,,,,,,maintenance,Installation de machines et equipements mecaniques,NOISY-LE-ROI,,78,,,,,,,,,,,,,,,,,,,,,,,,,,,,,,,382639078,38263907800031,33.20B,,,,,,,,,,,sirene,
IDF-AIR,,,a contacter,,,,,,,,,,,,maintenance,Installation de machines et equipements mecaniques,SUCY-EN-BRIE,,94,,,,,,,,,,,,,,,,,,,,,,,,,,,,,,,493346464,49334646400040,33.20B,,,,,,,,,,,sirene,
IKORP,,,a contacter,,,,,,,,,,,,maintenance,Installation de machines et equipements mecaniques,PIERRE-DE-BRESSE,,71,,,,,,,,,,,,,,,,,,,,,,,,,,,,,,,502180102,50218010200035,33.20B,,,,,,,,,,,sirene,
ILE DE FRANCE BUREAUTIQUE,,,a contacter,,,,,,,,,,,,maintenance,Installation de machines et equipements mecaniques,TREMBLAY-EN-FRANCE,,93,,,,,,,,,,,,,,,,,,,,,,,,,,,,,,,390107498,39010749800045,33.20B,,,,,,,,,,,sirene,
ILE DE FRANCE MAINTE SERVICE,,,a contacter,,,,,,,,,,,,maintenance,Reparation de machines et equipements mecaniques,VAIRES-SUR-MARNE,,77,,,,,,,,,,,,,,,,,,,,,,,,,,,,,,,333676039,33367603900071,33.12Z,,,,,,,,,,,sirene,
ILEX,,,a contacter,,,,,,,,,,,,maintenance,Autres travaux d'installation n.c.a.,RIVESALTES,,66,,,,,,,,,,,,,,,,,,,,,,,,,,,,,,,813316486,81331648600030,43.29B,,,,,,,,,,,sirene,
ILEX FREJUS,,,a contacter,,,,,,,,,,,,maintenance,Autres travaux d'installation n.c.a.,PUGET-SUR-ARGENS,,83,,,,,,,,,,,,,,,,,,,,,,,,,,,,,,,502198831,50219883100021,43.29B,,,,,,,,,,,sirene,
ILEX ILE DE FRANCE,,,a contacter,,,,,,,,,,,,maintenance,Autres travaux d'installation n.c.a.,PALAISEAU,,91,,,,,,,,,,,,,,,,,,,,,,,,,,,,,,,410493993,41049399300050,43.29B,,,,,,,,,,,sirene,
ILEX LORRAINE,C,0,a contacter,,,,,,,,,,,,maintenance,Autres travaux d'installation n.c.a.,ANTIBES,,06,,,,,,,https://www.pappers.fr/entreprise/851883231,https://annuaire-entreprises.data.gouv.fr/entreprise/851883231,https://www.google.com/maps/search/?api=1&query=ILEX+LORRAINE+ANTIBES,https://www.google.com/search?q=ILEX+LORRAINE+ANTIBES,https://www.linkedin.com/search/results/companies/?keywords=ILEX+LORRAINE,https://www.pagesjaunes.fr/annuaire/chercherlespros?quoiqui=ILEX+LORRAINE&ou=ANTIBES,https://www.societe.com/cgi-bin/search?champs=851883231,,,,,,,,,,,,,,,,FR17851883231,,851883231,85188323100017,43.29B,,,,,,,,non,oui,2026-08-02,sirene,
ILEX LYON,,,a contacter,,,,,,,,,,,,maintenance,Autres travaux d'installation n.c.a.,SAINT-FONS,,69,,,,,,,,,,,,,,,,,,,,,,,,,,,,,,,801528332,80152833200027,43.29B,,,,,,,,,,,sirene,
ILEX MONTPELLIER,,,a contacter,,,,,,,,,,,,maintenance,Autres travaux d'installation n.c.a.,MONTPELLIER,,34,,,,,,,,,,,,,,,,,,,,,,,,,,,,,,,520228446,52022844600032,43.29B,,,,,,,,,,,sirene,
IMA FRANCE,,,a contacter,,,,,,,,,,,,maintenance,Reparation de machines et equipements mecaniques,RUEIL-MALMAISON,,92,,,,,,,,,,,,,,,,,,,,,,,,,,,,,,,328263314,32826331400028,33.12Z,,,,,,,,,,,sirene,
IMA SCHELLING FRANCE,,,a contacter,,,,,,,,,,,,maintenance,Reparation de machines et equipements mecaniques,BENFELD,,67,,,,,,,,,,,,,,,,,,,,,,,,,,,,,,,384786737,38478673700039,33.12Z,,,,,,,,,,,sirene,
IMAC,,,a contacter,,,,,,,,,,,,maintenance,Reparation de machines et equipements mecaniques,FONTENAY-SOUS-BOIS,,94,,,,,,,,,,,,,,,,,,,,,,,,,,,,,,,412578916,41257891600022,33.12Z,,,,,,,,,,,sirene,
IMPAIROUSSOT,,,a contacter,,,,,,,,,,,,maintenance,Autres travaux d'installation n.c.a.,CARRIERES-SUR-SEINE,,78,,,,,,,,,,,,,,,,,,,,,,,,,,,,,,,510803638,51080363800020,43.29B,,,,,,,,,,,sirene,
IMS SECURITE.COM,,,a contacter,,,,,,,,,,,,maintenance,Reparation d'equipements electriques,SAINT-MARTIN-DU-MANOIR,,76,,,,,,,,,,,,,,,,,,,,,,,,,,,,,,,522718543,52271854300039,33.14Z,,,,,,,,,,,sirene,
INDELEC REGION NORD,,,a contacter,,,,,,,,,,,,maintenance,Autres travaux d'installation n.c.a.,DOUAI,,59,,,,,,,,,,,,,,,,,,,,,,,,,,,,,,,450019963,45001996300013,43.29B,,,,,,,,,,,sirene,
INDUMAR,,,a contacter,,,,,,,,,,,,maintenance,Reparation de machines et equipements mecaniques,BOUGUENAIS,,44,,,,,,,,,,,,,,,,,,,,,,,,,,,,,,,509308052,50930805200026,33.12Z,,,,,,,,,,,sirene,
INDUSELEC,,,a contacter,,,,,,,,,,,,maintenance,"Installation d'equipements electriques, de materiels electroniques et optiques ou d'autres materiels",COULOMMIERS,,77,,,,,,,,,,,,,,,,,,,,,,,,,,,,,,,381889245,38188924500035,33.20D,,,,,,,,,,,sirene,
INDUSTRIE METALLERIE CORBASIENNE,,,a contacter,,,,,,,,,,,,maintenance,Reparation de machines et equipements mecaniques,CORBAS,,69,,,,,,,,,,,,,,,,,,,,,,,,,,,,,,,499387900,49938790000016,33.12Z,,,,,,,,,,,sirene,
INFOPESAGE,,,a contacter,,,,,,,,,,,,maintenance,Reparation de materiels electroniques et optiques,ALLOUAGNE,,62,,,,,,,,,,,,,,,,,,,,,,,,,,,,,,,341624674,34162467400022,33.13Z,,,,,,,,,,,sirene,
INGECENTRE,,,a contacter,,,,,,,,,,,,maintenance,Reparation de machines et equipements mecaniques,GIDY,,45,,,,,,,,,,,,,,,,,,,,,,,,,,,,,,,821870474,82187047400037,33.12Z,,,,,,,,,,,sirene,
INITIALES3D,,,a contacter,,,,,,,,,,,,maintenance,"Installation d'equipements electriques, de materiels electroniques et optiques ou d'autres materiels",BOOS,,76,,,,,,,,,,,,,,,,,,,,,,,,,,,,,,,431654060,43165406000034,33.20D,,,,,,,,,,,sirene,
INNOVATION DEVELOPPEMENT,C,0,a contacter,,,,,,,,,,,,maintenance,Reparation de materiels electroniques et optiques,TOURNES,,08,,,,,,,https://www.pappers.fr/entreprise/333337871,https://annuaire-entreprises.data.gouv.fr/entreprise/333337871,https://www.google.com/maps/search/?api=1&query=INNOVATION+DEVELOPPEMENT+TOURNES,https://www.google.com/search?q=INNOVATION+DEVELOPPEMENT+TOURNES,https://www.linkedin.com/search/results/companies/?keywords=INNOVATION+DEVELOPPEMENT,https://www.pagesjaunes.fr/annuaire/chercherlespros?quoiqui=INNOVATION+DEVELOPPEMENT&ou=TOURNES,https://www.societe.com/cgi-bin/search?champs=333337871,,,,,,,,,,,,,,,,FR79333337871,,333337871,33333787100037,33.13Z,,,,,,,,non,oui,2026-08-03,sirene,
INNOVATION DEVELOPPEMENT SUD,,,a contacter,,,,,,,,,,,,maintenance,Reparation de materiels electroniques et optiques,OLLIOULES,,83,,,,,,,,,,,,,,,,,,,,,,,,,,,,,,,433044641,43304464100028,33.13Z,,,,,,,,,,,sirene,
INSIDIX,,,a contacter,,,,,,,,,,,,maintenance,Reparation de materiels electroniques et optiques,NOYAREY,,38,,,,,,,,,,,,,,,,,,,,,,,,,,,,,,,409210465,40921046500061,33.13Z,,,,,,,,,,,sirene,
INSTALLATION ET EXPLOITATION DE CARRIERES ET SABLIERES,,,a contacter,,,,,,,,,,,,maintenance,Installation de machines et equipements mecaniques,MERSUAY,,70,,,,,,,,,,,,,,,,,,,,,,,,,,,,,,,331953703,33195370300013,33.20B,,,,,,,,,,,sirene,
INSTALLATIONS FRIGOR CH.GERBER & CIE,,,a contacter,,,,,,,,,,,,maintenance,Installation de machines et equipements mecaniques,ILLKIRCH-GRAFFENSTADEN,,67,,,,,,,,,,,,,,,,,,,,,,,,,,,,,,,578501116,57850111600029,33.20B,,,,,,,,,,,sirene,
INSTRON FRANCE S.A.S.,,,a contacter,,,,,,,,,,,,maintenance,Reparation de materiels electroniques et optiques,ELANCOURT,,78,,,,,,,,,,,,,,,,,,,,,,,,,,,,,,,652041484,65204148400070,33.13Z,,,,,,,,,,,sirene,
INTER ASCENCEURS,,,a contacter,,,,,,,,,,,,maintenance,Autres travaux d'installation n.c.a.,DRANCY,,93,,,,,,,,,,,,,,,,,,,,,,,,,,,,,,,529835720,52983572000036,43.29B,,,,,,,,,,,sirene,
INTER INDUSTRIES,,,a contacter,,,,,,,,,,,,maintenance,Reparation de materiels electroniques et optiques,REIMS,,51,,,,,,,,,,,,,,,,,,,,,,,,,,,,,,,381684968,38168496800070,33.13Z,,,,,,,,,,,sirene,
INTERNATIONAL HYDRAULIQUE,,,a contacter,,,,,,,,,,,,maintenance,Installation de machines et equipements mecaniques,BRY-SUR-MARNE,,94,,,,,,,,,,,,,,,,,,,,,,,,,,,,,,,314016908,31401690800027,33.20B,,,,,,,,,,,sirene,
IP'FLEX,,,a contacter,,,,,,,,,,,,maintenance,Reparation de machines et equipements mecaniques,RIVES-DU-LOIR-EN-ANJOU,,49,,,,,,,,,,,,,,,,,,,,,,,,,,,,,,,502198393,50219839300022,33.12Z,,,,,,,,,,,sirene,
IRSH,,,a contacter,,,,,,,,,,,,maintenance,Autres travaux d'installation n.c.a.,LIMOGES,,87,,,,,,,,,,,,,,,,,,,,,,,,,,,,,,,449559806,44955980600053,43.29B,,,,,,,,,,,sirene,
ISATYS,C,0,a contacter,,,,,,,,,,,,maintenance,Installation de machines et equipements mecaniques,LA SEYNE SUR MER,,83,,,,,,,https://www.pappers.fr/entreprise/434026142,https://annuaire-entreprises.data.gouv.fr/entreprise/434026142,https://www.google.com/maps/search/?api=1&query=ISATYS+LA+SEYNE+SUR+MER,https://www.google.com/search?q=ISATYS+LA+SEYNE+SUR+MER,https://www.linkedin.com/search/results/companies/?keywords=ISATYS,https://www.pagesjaunes.fr/annuaire/chercherlespros?quoiqui=ISATYS&ou=LA+SEYNE+SUR+MER,https://www.societe.com/cgi-bin/search?champs=434026142,,,,,,,,,,,,,,,,FR05434026142,,434026142,43402614200043,33.20B,,,,,,,,non,oui,2026-08-02,sirene,
ISCO,,,a contacter,,,,,,,,,,,,maintenance,Reparation de machines et equipements mecaniques,ARGENTEUIL,,95,,,,,,,,,,,,,,,,,,,,,,,,,,,,,,,410111751,41011175100021,33.12Z,,,,,,,,,,,sirene,
ISERE FROID ASSISTANCE,,,a contacter,,,,,,,,,,,,maintenance,Reparation de machines et equipements mecaniques,NOYAREY,,38,,,,,,,,,,,,,,,,,,,,,,,,,,,,,,,498546837,49854683700010,33.12Z,,,,,,,,,,,sirene,
ISOCOOL973,,,a contacter,,,,,,,,,,,,maintenance,"Installation d'equipements electriques, de materiels electroniques et optiques ou d'autres materiels",MATOURY,,973,,,,,,,,,,,,,,,,,,,,,,,,,,,,,,,824425391,82442539100011,33.20D,,,,,,,,,,,sirene,
ISOTHERMES,,,a contacter,,,,,,,,,,,,maintenance,Installation de machines et equipements mecaniques,SAINT-JEAN-DE-LA-RUELLE,,45,,,,,,,,,,,,,,,,,,,,,,,,,,,,,,,842132227,84213222700021,33.20B,,,,,,,,,,,sirene,
IVM PRODUCT,,,a contacter,,,,,,,,,,,,maintenance,Installation de machines et equipements mecaniques,SAINT-BENOIT,,974,,,,,,,,,,,,,,,,,,,,,,,,,,,,,,,838495059,83849505900035,33.20B,,,,,,,,,,,sirene,
IVM REFRIGERATION,,,a contacter,,,,,,,,,,,,maintenance,Installation de machines et equipements mecaniques,SAINT-BENOIT,,974,,,,,,,,,,,,,,,,,,,,,,,,,,,,,,,789385838,78938583800030,33.20B,,,,,,,,,,,sirene,
J.D.BAUMANN,,,a contacter,,,,,,,,,,,,maintenance,Autres travaux d'installation n.c.a.,SAINTE-CROIX-EN-PLAINE,,68,,,,,,,,,,,,,,,,,,,,,,,,,,,,,,,333634863,33363486300034,43.29B,,,,,,,,,,,sirene,
J.P. PALMERO INDUSTRIE,,,a contacter,,,,,,,,,,,,maintenance,Installation de machines et equipements mecaniques,GRISOLLES,,82,,,,,,,,,,,,,,,,,,,,,,,,,,,,,,,498972603,49897260300027,33.20B,,,,,,,,,,,sirene,
JEAN MIRMONT,C,0,a contacter,,,,,,,,,,,,maintenance,Installation de machines et equipements mecaniques,PLAISIR,,78,,,,,,,https://www.pappers.fr/entreprise/318826716,https://annuaire-entreprises.data.gouv.fr/entreprise/318826716,https://www.google.com/maps/search/?api=1&query=JEAN+MIRMONT+PLAISIR,https://www.google.com/search?q=JEAN+MIRMONT+PLAISIR,https://www.linkedin.com/search/results/companies/?keywords=JEAN+MIRMONT,https://www.pagesjaunes.fr/annuaire/chercherlespros?quoiqui=JEAN+MIRMONT&ou=PLAISIR,https://www.societe.com/cgi-bin/search?champs=318826716,,,,,,,,,,,,,,,,FR20318826716,,318826716,31882671600082,33.20B,,,,,,,,non,oui,2026-08-07,sirene,
JKL VENTIL,,,a contacter,,,,,,,,,,,,maintenance,Installation de machines et equipements mecaniques,HŒRDT,,67,,,,,,,,,,,,,,,,,,,,,,,,,,,,,,,823570627,82357062700013,33.20B,,,,,,,,,,,sirene,
JMT INDUSTRIE,,,a contacter,,,,,,,,,,,,maintenance,Reparation de machines et equipements mecaniques,SAUMUR,,49,,,,,,,,,,,,,,,,,,,,,,,,,,,,,,,539894246,53989424600021,33.12Z,,,,,,,,,,,sirene,
JO FROID SERVICES,,,a contacter,,,,,,,,,,,,maintenance,Reparation de machines et equipements mecaniques,REMIRE-MONTJOLY,,973,,,,,,,,,,,,,,,,,,,,,,,,,,,,,,,529558108,52955810800039,33.12Z,,,,,,,,,,,sirene,
JOHN COCKERILL SERVICES FRANCE NORD,,,a contacter,,,,,,,,,,,,maintenance,Reparation de machines et equipements mecaniques,GRANDE-SYNTHE,,59,,,,,,,,,,,,,,,,,,,,,,,,,,,,,,,409897196,40989719600146,33.12Z,,,,,,,,,,,sirene,
JOHN COCKERILL SERVICES MCF,,,a contacter,,,,,,,,,,,,maintenance,Reparation de machines et equipements mecaniques,GRANDE-SYNTHE,,59,,,,,,,,,,,,,,,,,,,,,,,,,,,,,,,480068410,48006841000012,33.12Z,,,,,,,,,,,sirene,
JOMARD,,,a contacter,,,,,,,,,,,,maintenance,Reparation de machines et equipements mecaniques,SARCEY,,69,,,,,,,,,,,,,,,,,,,,,,,,,,,,,,,413096397,41309639700018,33.12Z,,,,,,,,,,,sirene,
JOSF MARTINS,,,a contacter,,,,,,,,,,,,maintenance,Installation de machines et equipements mecaniques,PAU,,64,,,,,,,,,,,,,,,,,,,,,,,,,,,,,,,847802295,84780229500026,33.20B,,,,,,,,,,,sirene,
JST MAINTENANCE,,,a contacter,,,,,,,,,,,,maintenance,Reparation d'equipements electriques,CHALON-SUR-SAONE,,71,,,,,,,,,,,,,,,,,,,,,,,,,,,,,,,538735663,53873566300022,33.14Z,,,,,,,,,,,sirene,
JUMELEC,,,a contacter,,,,,,,,,,,,maintenance,Reparation d'equipements electriques,ROSIERES-AUX-SALINES,,54,,,,,,,,,,,,,,,,,,,,,,,,,,,,,,,379999436,37999943600023,33.14Z,,,,,,,,,,,sirene,
JURA ENERGIE SOLAIRE,,,a contacter,,,,,,,,,,,,maintenance,Installation de machines et equipements mecaniques,POLIGNY,,39,,,,,,,,,,,,,,,,,,,,,,,,,,,,,,,326419421,32641942100036,33.20B,,,,,,,,,,,sirene,
KAB ELEC,,,a contacter,,,,,,,,,,,,maintenance,Reparation d'equipements electriques,ANZIN,,59,,,,,,,,,,,,,,,,,,,,,,,,,,,,,,,919299875,91929987500014,33.14Z,,,,,,,,,,,sirene,
KANE INTERNATIONAL LIMITED,,,a contacter,,,,,,,,,,,,maintenance,Reparation de materiels electroniques et optiques,,,,,,,,,,,,,,,,,,,,,,,,,,,,,,,,,,504909425,50490942500010,33.13Z,,,,,,,,,,,sirene,
KARLVILLE DEVELOPMENT SAS,,,a contacter,,,,,,,,,,,,maintenance,Reparation de machines et equipements mecaniques,VAULX-EN-VELIN,,69,,,,,,,,,,,,,,,,,,,,,,,,,,,,,,,491510582,49151058200035,33.12Z,,,,,,,,,,,sirene,
KERN FRANCE,,,a contacter,,,,,,,,,,,,maintenance,Reparation de machines et equipements mecaniques,SAUSHEIM,,68,,,,,,,,,,,,,,,,,,,,,,,,,,,,,,,483074258,48307425800052,33.12Z,,,,,,,,,,,sirene,
KERNTERMINAL SAS,,,a contacter,,,,,,,,,,,,maintenance,"Installation d'equipements electriques, de materiels electroniques et optiques ou d'autres materiels",HALLENNES-LEZ-HAUBOURDIN,,59,,,,,,,,,,,,,,,,,,,,,,,,,,,,,,,978119337,97811933700027,33.20D,,,,,,,,,,,sirene,
KLLIP,,,a contacter,,,,,,,,,,,,maintenance,Autres travaux d'installation n.c.a.,VILLENEUVE-LE-ROI,,94,,,,,,,,,,,,,,,,,,,,,,,,,,,,,,,530071364,53007136400018,43.29B,,,,,,,,,,,sirene,
KODAK ALARIS FRANCE SAS,,,a contacter,,,,,,,,,,,,maintenance,Reparation de materiels electroniques et optiques,IVRY-SUR-SEINE,,94,,,,,,,,,,,,,,,,,,,,,,,,,,,,,,,794137638,79413763800068,33.13Z,,,,,,,,,,,sirene,
KOMA FRANCE,,,a contacter,,,,,,,,,,,,maintenance,Installation de machines et equipements mecaniques,SECLIN,,59,,,,,,,,,,,,,,,,,,,,,,,,,,,,,,,457507275,45750727500032,33.20B,,,,,,,,,,,sirene,
KORBER TECHNOLOGIES SAS,,,a contacter,,,,,,,,,,,,maintenance,Reparation de machines et equipements mecaniques,LES ULIS,,91,,,,,,,,,,,,,,,,,,,,,,,,,,,,,,,316500909,31650090900080,33.12Z,,,,,,,,,,,sirene,
KOVE ASCENSEURS,,,a contacter,,,,,,,,,,,,maintenance,Autres travaux d'installation n.c.a.,EPINAY-SUR-SEINE,,93,,,,,,,,,,,,,,,,,,,,,,,,,,,,,,,518354725,51835472500039,43.29B,,,,,,,,,,,sirene,
KRONOS SYSTEMES SA,C,0,a contacter,,,,,,,,,,,,maintenance,Reparation de materiels electroniques et optiques,VANDŒUVRE-LES-NANCY,,54,,,,,,,https://www.pappers.fr/entreprise/784691560,https://annuaire-entreprises.data.gouv.fr/entreprise/784691560,https://www.google.com/maps/search/?api=1&query=KRONOS+SYSTEMES+SA+VAND%C5%92UVRE-LES-NANCY,https://www.google.com/search?q=KRONOS+SYSTEMES+SA+VAND%C5%92UVRE-LES-NANCY,https://www.linkedin.com/search/results/companies/?keywords=KRONOS+SYSTEMES+SA,https://www.pagesjaunes.fr/annuaire/chercherlespros?quoiqui=KRONOS+SYSTEMES+SA&ou=VAND%C5%92UVRE-LES-NANCY,https://www.societe.com/cgi-bin/search?champs=784691560,,,,,,,,,,,,,,,,FR25784691560,,784691560,78469156000121,33.13Z,,,,,,,,non,oui,2026-08-08,sirene,
KUTHE SAS,,,a contacter,,,,,,,,,,,,maintenance,Installation de machines et equipements mecaniques,METZ,,57,,,,,,,,,,,,,,,,,,,,,,,,,,,,,,,775619471,77561947100029,33.20B,,,,,,,,,,,sirene,
KYO ASCENSEURS,,,a contacter,,,,,,,,,,,,maintenance,Autres travaux d'installation n.c.a.,VILLIERS-LE-BEL,,95,,,,,,,,,,,,,,,,,,,,,,,,,,,,,,,494731490,49473149000012,43.29B,,,,,,,,,,,sirene,
L S  FROID,,,a contacter,,,,,,,,,,,,maintenance,Installation de machines et equipements mecaniques,SAINTE-MARIE-DES-CHAMPS,,76,,,,,,,,,,,,,,,,,,,,,,,,,,,,,,,441403797,44140379700026,33.20B,,,,,,,,,,,sirene,
L'AIR CONDITIONNE SERVICE LACS,,,a contacter,,,,,,,,,,,,maintenance,Installation de machines et equipements mecaniques,TIGERY,,91,,,,,,,,,,,,,,,,,,,,,,,,,,,,,,,443107578,44310757800058,33.20B,,,,,,,,,,,sirene,
L'AIR SEREIN,,,a contacter,,,,,,,,,,,,maintenance,Reparation de machines et equipements mecaniques,CHELLES,,77,,,,,,,,,,,,,,,,,,,,,,,,,,,,,,,751253493,75125349300041,33.12Z,,,,,,,,,,,sirene,
L'ASCENSEUR PARISIEN,,,a contacter,,,,,,,,,,,,maintenance,Autres travaux d'installation n.c.a.,PARIS,,75,,,,,,,,,,,,,,,,,,,,,,,,,,,,,,,422119180,42211918000038,43.29B,,,,,,,,,,,sirene,
L'HORME STORES,,,a contacter,,,,,,,,,,,,maintenance,Autres travaux d'installation n.c.a.,SAINT-CHAMOND,,42,,,,,,,,,,,,,,,,,,,,,,,,,,,,,,,488426420,48842642000052,43.29B,,,,,,,,,,,sirene,
L'INDUSTRIEL DU FROID ET DE CUISSON,,,a contacter,,,,,,,,,,,,maintenance,Installation de machines et equipements mecaniques,VAUX-LE-PENIL,,77,,,,,,,,,,,,,,,,,,,,,,,,,,,,,,,332111947,33211194700021,33.20B,,,,,,,,,,,sirene,
L'UNIVERS DU JARDIN,,,a contacter,,,,,,,,,,,,maintenance,Autres travaux d'installation n.c.a.,LES RUES-DES-VIGNES,,59,,,,,,,,,,,,,,,,,,,,,,,,,,,,,,,801504515,80150451500017,43.29B,,,,,,,,,,,sirene,
L.M.I.T.,,,a contacter,,,,,,,,,,,,maintenance,Reparation de materiels electroniques et optiques,LE MANS,,72,,,,,,,,,,,,,,,,,,,,,,,,,,,,,,,793234014,79323401400025,33.13Z,,,,,,,,,,,sirene,
L.T.C.,,,a contacter,,,,,,,,,,,,maintenance,Reparation de machines et equipements mecaniques,SAVIGNY-LE-TEMPLE,,77,,,,,,,,,,,,,,,,,,,,,,,,,,,,,,,479224677,47922467700019,33.12Z,,,,,,,,,,,sirene,
L.V.M.,,,a contacter,,,,,,,,,,,,maintenance,Autres travaux d'installation n.c.a.,VILLEPINTE,,93,,,,,,,,,,,,,,,,,,,,,,,,,,,,,,,519753289,51975328900023,43.29B,,,,,,,,,,,sirene,
LA BUREAUTIQUE,,,a contacter,,,,,,,,,,,,maintenance,Reparation de machines et equipements mecaniques,LE LAMENTIN,,972,,,,,,,,,,,,,,,,,,,,,,,,,,,,,,,333709426,33370942600055,33.12Z,,,,,,,,,,,sirene,
LA CENTRALE INCENDIE ETABLISSEMENTS DUBERNARD,,,a contacter,,,,,,,,,,,,maintenance,Reparation de machines et equipements mecaniques,HOUILLES,,78,,,,,,,,,,,,,,,,,,,,,,,,,,,,,,,609801535,60980153500012,33.12Z,,,,,,,,,,,sirene,
LA LOULAYSIENNE,,,a contacter,,,,,,,,,,,,maintenance,Autres travaux d'installation n.c.a.,MONTAIGU-VENDEE,,85,,,,,,,,,,,,,,,,,,,,,,,,,,,,,,,444568364,44456836400038,43.29B,,,,,,,,,,,sirene,
LA SABLIERE,,,a contacter,,,,,,,,,,,,maintenance,Reparation de machines et equipements mecaniques,OPPEDE,,84,,,,,,,,,,,,,,,,,,,,,,,,,,,,,,,877644542,87764454200012,33.12Z,,,,,,,,,,,sirene,
LARIGAUDERIE ET FILS,C,0,a contacter,,,,,,,,,,,,maintenance,Reparation de machines et equipements mecaniques,SAINT-DIZIER-LES-DOMAINES,,23,,,,,,,https://www.pappers.fr/entreprise/385056858,https://annuaire-entreprises.data.gouv.fr/entreprise/385056858,https://www.google.com/maps/search/?api=1&query=LARIGAUDERIE+ET+FILS+SAINT-DIZIER-LES-DOMAINES,https://www.google.com/search?q=LARIGAUDERIE+ET+FILS+SAINT-DIZIER-LES-DOMAINES,https://www.linkedin.com/search/results/companies/?keywords=LARIGAUDERIE+ET+FILS,https://www.pagesjaunes.fr/annuaire/chercherlespros?quoiqui=LARIGAUDERIE+ET+FILS&ou=SAINT-DIZIER-LES-DOMAINES,https://www.societe.com/cgi-bin/search?champs=385056858,,,,,,,,,,,,,,,,FR11385056858,,385056858,38505685800017,33.12Z,,,,,,,,non,oui,2026-08-07,sirene,
LAROCHE & RIBIERE,,,a contacter,,,,,,,,,,,,maintenance,Reparation d'equipements electriques,LIMOGES,,87,,,,,,,,,,,,,,,,,,,,,,,,,,,,,,,309600344,30960034400043,33.14Z,,,,,,,,,,,sirene,
LAVANCE SERVICES FRANCE,,,a contacter,,,,,,,,,,,,maintenance,Reparation de machines et equipements mecaniques,LE RHEU,,35,,,,,,,,,,,,,,,,,,,,,,,,,,,,,,,452176498,45217649800023,33.12Z,,,,,,,,,,,sirene,
LB3M,,,a contacter,,,,,,,,,,,,maintenance,Reparation de machines et equipements mecaniques,CAMPBON,,44,,,,,,,,,,,,,,,,,,,,,,,,,,,,,,,798717070,79871707000022,33.12Z,,,,,,,,,,,sirene,
LE FROID FOREZIEN SARL,,,a contacter,,,,,,,,,,,,maintenance,Installation de machines et equipements mecaniques,SAINT-PRIEST-EN-JAREZ,,42,,,,,,,,,,,,,,,,,,,,,,,,,,,,,,,584502066,58450206600031,33.20B,,,,,,,,,,,sirene,
LE FROID FRANCILIEN,,,a contacter,,,,,,,,,,,,maintenance,Installation de machines et equipements mecaniques,JOUY-LE-MOUTIER,,95,,,,,,,,,,,,,,,,,,,,,,,,,,,,,,,513476325,51347632500024,33.20B,,,,,,,,,,,sirene,
LE FROID MEDITERRANEEN,C,0,a contacter,,,,,,,,,,,,maintenance,Installation de machines et equipements mecaniques,LE ROVE,,13,,,,,,,https://www.pappers.fr/entreprise/353137391,https://annuaire-entreprises.data.gouv.fr/entreprise/353137391,https://www.google.com/maps/search/?api=1&query=LE+FROID+MEDITERRANEEN+LE+ROVE,https://www.google.com/search?q=LE+FROID+MEDITERRANEEN+LE+ROVE,https://www.linkedin.com/search/results/companies/?keywords=LE+FROID+MEDITERRANEEN,https://www.pagesjaunes.fr/annuaire/chercherlespros?quoiqui=LE+FROID+MEDITERRANEEN&ou=LE+ROVE,https://www.societe.com/cgi-bin/search?champs=353137391,,,,,,,,,,,,,,,,FR10353137391,,353137391,35313739100036,33.20B,,,,,,,,non,oui,2026-08-04,sirene,
LE FROID PYRENEEN,,,a contacter,,,,,,,,,,,,maintenance,Installation de machines et equipements mecaniques,LONS,,64,,,,,,,,,,,,,,,,,,,,,,,,,,,,,,,409095601,40909560100038,33.20B,,,,,,,,,,,sirene,
LE GAZ INTEGRAL,,,a contacter,,,,,,,,,,,,maintenance,"Installation d'equipements electriques, de materiels electroniques et optiques ou d'autres materiels",LEVALLOIS-PERRET,,92,,,,,,,,,,,,,,,,,,,,,,,,,,,,,,,335322939,33532293900026,33.20D,,,,,,,,,,,sirene,
LE ROYER,,,a contacter,,,,,,,,,,,,maintenance,Reparation de machines et equipements mecaniques,MAGNY-LE-DESERT,,61,,,,,,,,,,,,,,,,,,,,,,,,,,,,,,,390220945,39022094500021,33.12Z,,,,,,,,,,,sirene,
LEGER SAS,,,a contacter,,,,,,,,,,,,maintenance,Reparation de machines et equipements mecaniques,CANCON,,47,,,,,,,,,,,,,,,,,,,,,,,,,,,,,,,383951613,38395161300017,33.12Z,,,,,,,,,,,sirene,
LEGRAND DATA CENTER SOLUTIONS,,,a contacter,,,,,,,,,,,,maintenance,Autres travaux d'installation n.c.a.,BAGNOLET,,93,,,,,,,,,,,,,,,,,,,,,,,,,,,,,,,393460621,39346062100039,43.29B,,,,,,,,,,,sirene,
LENOIR SERVICES,,,a contacter,,,,,,,,,,,,maintenance,Autres travaux d'installation n.c.a.,VILLEURBANNE,,69,,,,,,,,,,,,,,,,,,,,,,,,,,,,,,,380207266,38020726600046,43.29B,,,,,,,,,,,sirene,
LEVELEC,,,a contacter,,,,,,,,,,,,maintenance,Reparation de machines et equipements mecaniques,VAULX-EN-VELIN,,69,,,,,,,,,,,,,,,,,,,,,,,,,,,,,,,300986684,30098668400037,33.12Z,,,,,,,,,,,sirene,
LFC AVOND SERVICES,,,a contacter,,,,,,,,,,,,maintenance,Reparation de machines et equipements mecaniques,CORBEIL-ESSONNES,,91,,,,,,,,,,,,,,,,,,,,,,,,,,,,,,,412687964,41268796400046,33.12Z,,,,,,,,,,,sirene,
LIFE SCIENCES HOLDINGS FRANCE SAS,,,a contacter,,,,,,,,,,,,maintenance,Reparation de materiels electroniques et optiques,SAINT-GERMAIN-EN-LAYE,,78,,,,,,,,,,,,,,,,,,,,,,,,,,,,,,,433819455,43381945500067,33.13Z,,,,,,,,,,,sirene,
LIFTMAN,,,a contacter,,,,,,,,,,,,maintenance,Autres travaux d'installation n.c.a.,SAINGHIN-EN-MELANTOIS,,59,,,,,,,,,,,,,,,,,,,,,,,,,,,,,,,483144788,48314478800047,43.29B,,,,,,,,,,,sirene,
LINKAIE,,,a contacter,,,,,,,,,,,,maintenance,"Installation d'equipements electriques, de materiels electroniques et optiques ou d'autres materiels",PORNICHET,,44,,,,,,,,,,,,,,,,,,,,,,,,,,,,,,,829683374,82968337400013,33.20D,,,,,,,,,,,sirene,
LISSE,,,a contacter,,,,,,,,,,,,maintenance,Reparation de machines et equipements mecaniques,LOUVROIL,,59,,,,,,,,,,,,,,,,,,,,,,,,,,,,,,,327697728,32769772800019,33.12Z,,,,,,,,,,,sirene,
LM MAINTENANCE,,,a contacter,,,,,,,,,,,,maintenance,Reparation de machines et equipements mecaniques,VIGY,,57,,,,,,,,,,,,,,,,,,,,,,,,,,,,,,,789172947,78917294700010,33.12Z,,,,,,,,,,,sirene,
LMD ASCENSEURS,,,a contacter,,,,,,,,,,,,maintenance,Autres travaux d'installation n.c.a.,DRANCY,,93,,,,,,,,,,,,,,,,,,,,,,,,,,,,,,,503042178,50304217800031,43.29B,,,,,,,,,,,sirene,
LOGISTIQUE-REPARATION-MAINTENANCE DE DISPOSITIFS MEDICAUX,C,0,a contacter,,,,,,,,,,,,maintenance,Reparation de materiels electroniques et optiques,MARTIGNAS-SUR-JALLE,,33,,,,,,,https://www.pappers.fr/entreprise/530699743,https://annuaire-entreprises.data.gouv.fr/entreprise/530699743,https://www.google.com/maps/search/?api=1&query=LOGISTIQUE-REPARATION-MAINTENANCE+DE+DISPOSITIFS+MEDICAUX+MARTIGNAS-SUR-JALLE,https://www.google.com/search?q=LOGISTIQUE-REPARATION-MAINTENANCE+DE+DISPOSITIFS+MEDICAUX+MARTIGNAS-SUR-JALLE,https://www.linkedin.com/search/results/companies/?keywords=LOGISTIQUE-REPARATION-MAINTENANCE+DE+DISPOSITIFS+MEDICAUX,https://www.pagesjaunes.fr/annuaire/chercherlespros?quoiqui=LOGISTIQUE-REPARATION-MAINTENANCE+DE+DISPOSITIFS+MEDICAUX&ou=MARTIGNAS-SUR-JALLE,https://www.societe.com/cgi-bin/search?champs=530699743,,,,,,,,,,,,,,,,FR23530699743,,530699743,53069974300015,33.13Z,,,,,,,,non,oui,2026-08-10,sirene,
LOIRE ASCENCEURS,,,a contacter,,,,,,,,,,,,maintenance,Autres travaux d'installation n.c.a.,SAINT-ETIENNE,,42,,,,,,,,,,,,,,,,,,,,,,,,,,,,,,,326035953,32603595300032,43.29B,,,,,,,,,,,sirene,
LORENZONI ENSEIGNES,,,a contacter,,,,,,,,,,,,maintenance,Autres travaux d'installation n.c.a.,VITTEL,,88,,,,,,,,,,,,,,,,,,,,,,,,,,,,,,,322942863,32294286300026,43.29B,,,,,,,,,,,sirene,
LORMECASER,,,a contacter,,,,,,,,,,,,maintenance,Reparation de machines et equipements mecaniques,FLEVILLE-DEVANT-NANCY,,54,,,,,,,,,,,,,,,,,,,,,,,,,,,,,,,807421334,80742133400010,33.12Z,,,,,,,,,,,sirene,
LORRAINE COMPRESSEURS ET MAINTENANCE,,,a contacter,,,,,,,,,,,,maintenance,Reparation de machines et equipements mecaniques,MILLERY,,54,,,,,,,,,,,,,,,,,,,,,,,,,,,,,,,451890172,45189017200021,33.12Z,,,,,,,,,,,sirene,
LORRAINE MONTAGE MAINTENANCE INDUSTRIELLE,,,a contacter,,,,,,,,,,,,maintenance,Reparation de machines et equipements mecaniques,BENAMENIL,,54,,,,,,,,,,,,,,,,,,,,,,,,,,,,,,,494352537,49435253700026,33.12Z,,,,,,,,,,,sirene,
LOUTZ CHARIOTS ELEVATEURS,C,0,a contacter,,,,,,,,,,,,maintenance,Reparation de machines et equipements mecaniques,BONSECOURS,,76,,,,,,,https://www.pappers.fr/entreprise/450461454,https://annuaire-entreprises.data.gouv.fr/entreprise/450461454,https://www.google.com/maps/search/?api=1&query=LOUTZ+CHARIOTS+ELEVATEURS+BONSECOURS,https://www.google.com/search?q=LOUTZ+CHARIOTS+ELEVATEURS+BONSECOURS,https://www.linkedin.com/search/results/companies/?keywords=LOUTZ+CHARIOTS+ELEVATEURS,https://www.pagesjaunes.fr/annuaire/chercherlespros?quoiqui=LOUTZ+CHARIOTS+ELEVATEURS&ou=BONSECOURS,https://www.societe.com/cgi-bin/search?champs=450461454,,,,,,,,,,,,,,,,FR65450461454,,450461454,45046145400016,33.12Z,,,,,,,,non,oui,2026-08-05,sirene,
LOXO,,,a contacter,,,,,,,,,,,,maintenance,Installation de machines et equipements mecaniques,LYS-LEZ-LANNOY,,59,,,,,,,,,,,,,,,,,,,,,,,,,,,,,,,485310502,48531050200037,33.20B,,,,,,,,,,,sirene,
LOYAUTE ET SERVICES ENTREPRISE,,,a contacter,,,,,,,,,,,,maintenance,Reparation de machines et equipements mecaniques,SAINT-ANDRE,,974,,,,,,,,,,,,,,,,,,,,,,,,,,,,,,,879678779,87967877900015,33.12Z,,,,,,,,,,,sirene,
LP SERVICES,,,a contacter,,,,,,,,,,,,maintenance,Reparation de machines et equipements mecaniques,CHAMPLAN,,91,,,,,,,,,,,,,,,,,,,,,,,,,,,,,,,387838956,38783895600044,33.12Z,,,,,,,,,,,sirene,
LTC FROID & CVC,,,a contacter,,,,,,,,,,,,maintenance,Installation de machines et equipements mecaniques,PARIS,,75,,,,,,,,,,,,,,,,,,,,,,,,,,,,,,,878057488,87805748800016,33.20B,,,,,,,,,,,sirene,
LTDM INDUSTRIES,,,a contacter,,,,,,,,,,,,maintenance,Reparation de machines et equipements mecaniques,ARQUES,,62,,,,,,,,,,,,,,,,,,,,,,,,,,,,,,,077350353,07735035300098,33.12Z,,,,,,,,,,,sirene,
LTDM MAINTENANCE,,,a contacter,,,,,,,,,,,,maintenance,Reparation de machines et equipements mecaniques,QUAEDYPRE,,59,,,,,,,,,,,,,,,,,,,,,,,,,,,,,,,429004591,42900459100047,33.12Z,,,,,,,,,,,sirene,
LUSO ASCENSEURS,,,a contacter,,,,,,,,,,,,maintenance,Autres travaux d'installation n.c.a.,SAVIGNY-SUR-ORGE,,91,,,,,,,,,,,,,,,,,,,,,,,,,,,,,,,509938072,50993807200048,43.29B,,,,,,,,,,,sirene,
LVH ELECTRONIQUE,,,a contacter,,,,,,,,,,,,maintenance,Reparation de materiels electroniques et optiques,MORDELLES,,35,,,,,,,,,,,,,,,,,,,,,,,,,,,,,,,489858100,48985810000022,33.13Z,,,,,,,,,,,sirene,
M H ASCENSEUR,,,a contacter,,,,,,,,,,,,maintenance,Autres travaux d'installation n.c.a.,MITRY-MORY,,77,,,,,,,,,,,,,,,,,,,,,,,,,,,,,,,481301356,48130135600020,43.29B,,,,,,,,,,,sirene,
M.E.I.SERVICES(MOTEURS ELECTRIQUES...,,,a contacter,,,,,,,,,,,,maintenance,Reparation d'equipements electriques,ROUILLON,,72,,,,,,,,,,,,,,,,,,,,,,,,,,,,,,,453809295,45380929500018,33.14Z,,,,,,,,,,,sirene,
M.I.D.ELECTRONIQUE SARL,,,a contacter,,,,,,,,,,,,maintenance,Reparation de materiels electroniques et optiques,SEMOY,,45,,,,,,,,,,,,,,,,,,,,,,,,,,,,,,,447586652,44758665200037,33.13Z,,,,,,,,,,,sirene,
M.P,,,a contacter,,,,,,,,,,,,maintenance,Reparation de machines et equipements mecaniques,SAINT-PAUL,,974,,,,,,,,,,,,,,,,,,,,,,,,,,,,,,,521122408,52112240800029,33.12Z,,,,,,,,,,,sirene,
M2S ASCENSEURS,,,a contacter,,,,,,,,,,,,maintenance,Autres travaux d'installation n.c.a.,LINAS,,91,,,,,,,,,,,,,,,,,,,,,,,,,,,,,,,531908515,53190851500038,43.29B,,,,,,,,,,,sirene,
MA ASCENSEURS,,,a contacter,,,,,,,,,,,,maintenance,Autres travaux d'installation n.c.a.,PARIS,,75,,,,,,,,,,,,,,,,,,,,,,,,,,,,,,,529520744,52952074400028,43.29B,,,,,,,,,,,sirene,
MABAGUETTE,,,a contacter,,,,,,,,,,,,maintenance,Installation de machines et equipements mecaniques,TIERCE,,49,,,,,,,,,,,,,,,,,,,,,,,,,,,,,,,829387398,82938739800011,33.20B,,,,,,,,,,,sirene,
MACON COMMUNICATION,,,a contacter,,,,,,,,,,,,maintenance,"Installation d'equipements electriques, de materiels electroniques et optiques ou d'autres materiels",MACON,,71,,,,,,,,,,,,,,,,,,,,,,,,,,,,,,,381637172,38163717200028,33.20D,,,,,,,,,,,sirene,
MADINE ELECTROSERVICES,C,0,a contacter,,,,,,,,,,,,maintenance,"Installation d'equipements electriques, de materiels electroniques et optiques ou d'autres materiels",RIVESALTES,,66,,,,,,,https://www.pappers.fr/entreprise/505281253,https://annuaire-entreprises.data.gouv.fr/entreprise/505281253,https://www.google.com/maps/search/?api=1&query=MADINE+ELECTROSERVICES+RIVESALTES,https://www.google.com/search?q=MADINE+ELECTROSERVICES+RIVESALTES,https://www.linkedin.com/search/results/companies/?keywords=MADINE+ELECTROSERVICES,https://www.pagesjaunes.fr/annuaire/chercherlespros?quoiqui=MADINE+ELECTROSERVICES&ou=RIVESALTES,https://www.societe.com/cgi-bin/search?champs=505281253,,,,,,,,,,,,,,,,FR36505281253,,505281253,50528125300029,33.20D,,,,,,,,non,oui,2026-08-09,sirene,
MAINTECH,,,a contacter,,,,,,,,,,,,maintenance,Reparation de machines et equipements mecaniques,PARIS,,75,,,,,,,,,,,,,,,,,,,,,,,,,,,,,,,393353008,39335300800039,33.12Z,,,,,,,,,,,sirene,
MAINTENANCE ASSISTANCE CAMIONS,,,a contacter,,,,,,,,,,,,maintenance,Reparation de machines et equipements mecaniques,BAIE-MAHAULT,,971,,,,,,,,,,,,,,,,,,,,,,,,,,,,,,,424009389,42400938900026,33.12Z,,,,,,,,,,,sirene,
MAINTENANCE AUTOMATISME TECHNOLOGIE ET ETUDE,,,a contacter,,,,,,,,,,,,maintenance,Reparation de machines et equipements mecaniques,LE MANS,,72,,,,,,,,,,,,,,,,,,,,,,,,,,,,,,,425141348,42514134800044,33.12Z,,,,,,,,,,,sirene,
MAINTENANCE BATIMENT INDUSTRIE,,,a contacter,,,,,,,,,,,,maintenance,"Installation d'equipements electriques, de materiels electroniques et optiques ou d'autres materiels",CHASSIEU,,69,,,,,,,,,,,,,,,,,,,,,,,,,,,,,,,380178699,38017869900035,33.20D,,,,,,,,,,,sirene,
MAINTENANCE BOBINAGE ELECTRIQUE,,,a contacter,,,,,,,,,,,,maintenance,Reparation d'equipements electriques,ARNAS,,69,,,,,,,,,,,,,,,,,,,,,,,,,,,,,,,442285722,44228572200033,33.14Z,,,,,,,,,,,sirene,
MAINTENANCE DES MASCAREIGNES,,,a contacter,,,,,,,,,,,,maintenance,Installation de machines et equipements mecaniques,L'ETANG-SALE,,974,,,,,,,,,,,,,,,,,,,,,,,,,,,,,,,813231115,81323111500029,33.20B,,,,,,,,,,,sirene,
MAINTENANCE DU GOL,,,a contacter,,,,,,,,,,,,maintenance,Reparation de machines et equipements mecaniques,SAINT-LOUIS,,974,,,,,,,,,,,,,,,,,,,,,,,,,,,,,,,518380605,51838060500015,33.12Z,,,,,,,,,,,sirene,
MAINTENANCE ET CONTROLE D'EQUIPEMENTS INDUSTRIELS,,,a contacter,,,,,,,,,,,,maintenance,Reparation de machines et equipements mecaniques,SAINT-DENIS,,974,,,,,,,,,,,,,,,,,,,,,,,,,,,,,,,411125719,41112571900012,33.12Z,,,,,,,,,,,sirene,
MAINTENANCE ETUDES REALISAT INDUSTRIELLE,,,a contacter,,,,,,,,,,,,maintenance,Reparation de machines et equipements mecaniques,VILLARS,,42,,,,,,,,,,,,,,,,,,,,,,,,,,,,,,,398887034,39888703400021,33.12Z,,,,,,,,,,,sirene,
MAINTENANCE ETUDES REALISATIONS INDUSTRIELLES DE SECHAGE,,,a contacter,,,,,,,,,,,,maintenance,Installation de machines et equipements mecaniques,MOISSAC,,82,,,,,,,,,,,,,,,,,,,,,,,,,,,,,,,434806279,43480627900023,33.20B,,,,,,,,,,,sirene,
MAINTENANCE FLEET INTERNATIONAL,,,a contacter,,,,,,,,,,,,maintenance,Reparation de machines et equipements mecaniques,AULNAY-SOUS-BOIS,,93,,,,,,,,,,,,,,,,,,,,,,,,,,,,,,,803740653,80374065300024,33.12Z,,,,,,,,,,,sirene,
MAINTENANCE INDUSTRIELLE ALBIOL & GABRIELLI,,,a contacter,,,,,,,,,,,,maintenance,Reparation de machines et equipements mecaniques,SORGUES,,84,,,,,,,,,,,,,,,,,,,,,,,,,,,,,,,501383319,50138331900016,33.12Z,,,,,,,,,,,sirene,
MAINTENANCE INDUSTRIELLE ET PORTUAIRE ABREVIATION M.I.P,,,a contacter,,,,,,,,,,,,maintenance,Reparation de machines et equipements mecaniques,DUNKERQUE,,59,,,,,,,,,,,,,,,,,,,,,,,,,,,,,,,880917075,88091707500033,33.12Z,,,,,,,,,,,sirene,
MAINTENANCE INDUSTRIELLE HEAVY,,,a contacter,,,,,,,,,,,,maintenance,Reparation de machines et equipements mecaniques,LE PORT,,974,,,,,,,,,,,,,,,,,,,,,,,,,,,,,,,831494992,83149499200017,33.12Z,,,,,,,,,,,sirene,
MAINTENANCE INDUSTRIELLE REUNION,,,a contacter,,,,,,,,,,,,maintenance,Reparation de machines et equipements mecaniques,SAINT-PAUL,,974,,,,,,,,,,,,,,,,,,,,,,,,,,,,,,,829036177,82903617700022,33.12Z,,,,,,,,,,,sirene,
MAINTENANCE INDUSTRIELLE VALENCIENNOIS,,,a contacter,,,,,,,,,,,,maintenance,Reparation de machines et equipements mecaniques,BRUAY-SUR-L'ESCAUT,,59,,,,,,,,,,,,,,,,,,,,,,,,,,,,,,,482088093,48208809300018,33.12Z,,,,,,,,,,,sirene,
MAINTENANCE INDUSTRIIE SERVICE CONCEPT ENVIRONNEMENT,,,a contacter,,,,,,,,,,,,maintenance,Reparation d'equipements electriques,LES ABYMES,,971,,,,,,,,,,,,,,,,,,,,,,,,,,,,,,,513699611,51369961100028,33.14Z,,,,,,,,,,,sirene,
MAINTENANCE INTALLATION REPARATION INDUS,,,a contacter,,,,,,,,,,,,maintenance,Reparation de machines et equipements mecaniques,COIGNIERES,,78,,,,,,,,,,,,,,,,,,,,,,,,,,,,,,,448214619,44821461900034,33.12Z,,,,,,,,,,,sirene,
MAINTENANCE SERVICE,,,a contacter,,,,,,,,,,,,maintenance,Reparation de machines et equipements mecaniques,GRETZ-ARMAINVILLIERS,,77,,,,,,,,,,,,,,,,,,,,,,,,,,,,,,,328400866,32840086600013,33.12Z,,,,,,,,,,,sirene,
MAINTENANCE SERVICES ORGANISATION,,,a contacter,,,,,,,,,,,,maintenance,Reparation de machines et equipements mecaniques,SAINT-OMER,,62,,,,,,,,,,,,,,,,,,,,,,,,,,,,,,,810822551,81082255100018,33.12Z,,,,,,,,,,,sirene,
MAINTENANCE TECHNIQUE HYDRAULIQUE,,,a contacter,,,,,,,,,,,,maintenance,Reparation de machines et equipements mecaniques,ANNECY,,74,,,,,,,,,,,,,,,,,,,,,,,,,,,,,,,497524041,49752404100033,33.12Z,,,,,,,,,,,sirene,
MAINTENANCE TRANSFERTS INDUSTRIELS ET SERVICES,,,a contacter,,,,,,,,,,,,maintenance,Installation de machines et equipements mecaniques,CHALON-SUR-SAONE,,71,,,,,,,,,,,,,,,,,,,,,,,,,,,,,,,489993899,48999389900025,33.20B,,,,,,,,,,,sirene,
MAINTENANCE TRAVAUX INDUSTRIELS,,,a contacter,,,,,,,,,,,,maintenance,Reparation de machines et equipements mecaniques,AULNAY-SOUS-BOIS,,93,,,,,,,,,,,,,,,,,,,,,,,,,,,,,,,802070268,80207026800023,33.12Z,,,,,,,,,,,sirene,
MAINTENANCE TUYAUTERIE TRANSFERT INDUSTRIEL,,,a contacter,,,,,,,,,,,,maintenance,Reparation de machines et equipements mecaniques,ROUSIES,,59,,,,,,,,,,,,,,,,,,,,,,,,,,,,,,,792815896,79281589600024,33.12Z,,,,,,,,,,,sirene,
MANEI LIFT,,,a contacter,,,,,,,,,,,,maintenance,Autres travaux d'installation n.c.a.,GENNEVILLIERS,,92,,,,,,,,,,,,,,,,,,,,,,,,,,,,,,,478147101,47814710100024,43.29B,,,,,,,,,,,sirene,
MANEKO,,,a contacter,,,,,,,,,,,,maintenance,Reparation de machines et equipements mecaniques,TOUL,,54,,,,,,,,,,,,,,,,,,,,,,,,,,,,,,,885318626,88531862600011,33.12Z,,,,,,,,,,,sirene,
MANULEC SOC,,,a contacter,,,,,,,,,,,,maintenance,Installation de machines et equipements mecaniques,MERY-SUR-OISE,,95,,,,,,,,,,,,,,,,,,,,,,,,,,,,,,,709804447,70980444700031,33.20B,,,,,,,,,,,sirene,
MANUSTRA,,,a contacter,,,,,,,,,,,,maintenance,Reparation de machines et equipements mecaniques,TALUYERS,,69,,,,,,,,,,,,,,,,,,,,,,,,,,,,,,,443388699,44338869900037,33.12Z,,,,,,,,,,,sirene,
MARCHAL SAS,,,a contacter,,,,,,,,,,,,maintenance,Reparation de machines et equipements mecaniques,WINTZENHEIM,,68,,,,,,,,,,,,,,,,,,,,,,,,,,,,,,,830262218,83026221800019,33.12Z,,,,,,,,,,,sirene,
MARCU ASCENSEURS,,,a contacter,,,,,,,,,,,,maintenance,Autres travaux d'installation n.c.a.,NEUILLY-SUR-MARNE,,93,,,,,,,,,,,,,,,,,,,,,,,,,,,,,,,838089241,83808924100031,43.29B,,,,,,,,,,,sirene,
MAREEL F.A,,,a contacter,,,,,,,,,,,,maintenance,Autres travaux d'installation n.c.a.,SAINT-ANDRE-LEZ-LILLE,,59,,,,,,,,,,,,,,,,,,,,,,,,,,,,,,,390494839,39049483900033,43.29B,,,,,,,,,,,sirene,
MARELEC,,,a contacter,,,,,,,,,,,,maintenance,Reparation d'equipements electriques,TREIZE-SEPTIERS,,85,,,,,,,,,,,,,,,,,,,,,,,,,,,,,,,403403108,40340310800034,33.14Z,,,,,,,,,,,sirene,
MARTINON MSE,,,a contacter,,,,,,,,,,,,maintenance,Reparation de machines et equipements mecaniques,COMMUNAY,,69,,,,,,,,,,,,,,,,,,,,,,,,,,,,,,,389573064,38957306400042,33.12Z,,,,,,,,,,,sirene,
MASSON PRODUCTION,,,a contacter,,,,,,,,,,,,maintenance,Installation de machines et equipements mecaniques,SAINT-MICHEL-SUR-RHONE,,42,,,,,,,,,,,,,,,,,,,,,,,,,,,,,,,977496124,97749612400024,33.20B,,,,,,,,,,,sirene,
MASTAIR,,,a contacter,,,,,,,,,,,,maintenance,"Installation d'equipements electriques, de materiels electroniques et optiques ou d'autres materiels",CHAMPLAN,,91,,,,,,,,,,,,,,,,,,,,,,,,,,,,,,,411858913,41185891300030,33.20D,,,,,,,,,,,sirene,
MASTER GRID,,,a contacter,,,,,,,,,,,,maintenance,Reparation d'equipements electriques,GRENOBLE,,38,,,,,,,,,,,,,,,,,,,,,,,,,,,,,,,854068392,85406839200018,33.14Z,,,,,,,,,,,sirene,
MASTER UPS,,,a contacter,,,,,,,,,,,,maintenance,Reparation d'equipements electriques,SAINT-OUEN-L'AUMONE,,95,,,,,,,,,,,,,,,,,,,,,,,,,,,,,,,417774460,41777446000030,33.14Z,,,,,,,,,,,sirene,
MAT ELEVAGE,,,a contacter,,,,,,,,,,,,maintenance,Installation de machines et equipements mecaniques,MOREAC,,56,,,,,,,,,,,,,,,,,,,,,,,,,,,,,,,328339031,32833903100028,33.20B,,,,,,,,,,,sirene,
MAT' FROID,,,a contacter,,,,,,,,,,,,maintenance,Reparation de machines et equipements mecaniques,LA FERTE-SOUS-JOUARRE,,77,,,,,,,,,,,,,,,,,,,,,,,,,,,,,,,439110727,43911072700039,33.12Z,,,,,,,,,,,sirene,
MATP(MAINTENANCE DE MATERIELS TP),,,a contacter,,,,,,,,,,,,maintenance,Reparation de machines et equipements mecaniques,SAINT-JULIEN-L'ARS,,86,,,,,,,,,,,,,,,,,,,,,,,,,,,,,,,400350492,40035049200023,33.12Z,,,,,,,,,,,sirene,
MATURA S A,,,a contacter,,,,,,,,,,,,maintenance,Installation de machines et equipements mecaniques,ROUEN,,76,,,,,,,,,,,,,,,,,,,,,,,,,,,,,,,700500812,70050081200040,33.20B,,,,,,,,,,,sirene,
MB PARK SERVICES,,,a contacter,,,,,,,,,,,,maintenance,"Installation d'equipements electriques, de materiels electroniques et optiques ou d'autres materiels",STAINS,,93,,,,,,,,,,,,,,,,,,,,,,,,,,,,,,,921407409,92140740900017,33.20D,,,,,,,,,,,sirene,
MC SERVICES,,,a contacter,,,,,,,,,,,,maintenance,Reparation de machines et equipements mecaniques,HARFLEUR,,76,,,,,,,,,,,,,,,,,,,,,,,,,,,,,,,885345132,88534513200017,33.12Z,,,,,,,,,,,sirene,
MC-LIFT,,,a contacter,,,,,,,,,,,,maintenance,Autres travaux d'installation n.c.a.,ATHIS-MONS,,91,,,,,,,,,,,,,,,,,,,,,,,,,,,,,,,919804948,91980494800025,43.29B,,,,,,,,,,,sirene,
MC2,,,a contacter,,,,,,,,,,,,maintenance,Reparation de materiels electroniques et optiques,AUBIERE,,63,,,,,,,,,,,,,,,,,,,,,,,,,,,,,,,393953575,39395357500064,33.13Z,,,,,,,,,,,sirene,
MCBP 35,,,a contacter,,,,,,,,,,,,maintenance,Reparation de machines et equipements mecaniques,LA GUERCHE-DE-BRETAGNE,,35,,,,,,,,,,,,,,,,,,,,,,,,,,,,,,,808829006,80882900600044,33.12Z,,,,,,,,,,,sirene,
MDMI,,,a contacter,,,,,,,,,,,,maintenance,Reparation de machines et equipements mecaniques,LA FERTE-SAINT-AUBIN,,45,,,,,,,,,,,,,,,,,,,,,,,,,,,,,,,852282847,85228284700023,33.12Z,,,,,,,,,,,sirene,
MECA SERVICE,,,a contacter,,,,,,,,,,,,maintenance,Reparation de machines et equipements mecaniques,RIEUX,,56,,,,,,,,,,,,,,,,,,,,,,,,,,,,,,,500795679,50079567900033,33.12Z,,,,,,,,,,,sirene,
MECAMONT HYDRO,,,a contacter,,,,,,,,,,,,maintenance,Reparation de machines et equipements mecaniques,LANNEMEZAN,,65,,,,,,,,,,,,,,,,,,,,,,,,,,,,,,,378209712,37820971200025,33.12Z,,,,,,,,,,,sirene,
MECANIQUE TRAVAUX PUBLICS SERVICES,,,a contacter,,,,,,,,,,,,maintenance,Reparation de machines et equipements mecaniques,WITRY-LES-REIMS,,51,,,,,,,,,,,,,,,,,,,,,,,,,,,,,,,341972297,34197229700038,33.12Z,,,,,,,,,,,sirene,
MECANIQUE TUYAUTERIE MAINTENANCE INDUSTR,,,a contacter,,,,,,,,,,,,maintenance,Reparation de machines et equipements mecaniques,TOURCOING,,59,,,,,,,,,,,,,,,,,,,,,,,,,,,,,,,381511807,38151180700046,33.12Z,,,,,,,,,,,sirene,
MECASAIRE 2000,,,a contacter,,,,,,,,,,,,maintenance,Reparation de machines et equipements mecaniques,SAINTE-GENEVIEVE,,50,,,,,,,,,,,,,,,,,,,,,,,,,,,,,,,430188771,43018877100025,33.12Z,,,,,,,,,,,sirene,
MEDIA COMMUNICATION IDF,,,a contacter,,,,,,,,,,,,maintenance,"Installation d'equipements electriques, de materiels electroniques et optiques ou d'autres materiels",VAUREAL,,95,,,,,,,,,,,,,,,,,,,,,,,,,,,,,,,417906047,41790604700069,33.20D,,,,,,,,,,,sirene,
MEDICAL SERVICE ENDOSCOPIE,,,a contacter,,,,,,,,,,,,maintenance,Reparation de materiels electroniques et optiques,VILLENEUVE-LE-ROI,,94,,,,,,,,,,,,,,,,,,,,,,,,,,,,,,,848507430,84850743000033,33.13Z,,,,,,,,,,,sirene,
MEDITERRANEENNE DE FROID COMMERCIAL ET INDUSTRIEL,,,a contacter,,,,,,,,,,,,maintenance,Installation de machines et equipements mecaniques,LE PRADET,,83,,,,,,,,,,,,,,,,,,,,,,,,,,,,,,,432794063,43279406300011,33.20B,,,,,,,,,,,sirene,
MELITTA PROFESSIONAL COFFEE SOLUTIONS,,,a contacter,,,,,,,,,,,,maintenance,Reparation de machines et equipements mecaniques,SAINT-DENIS,,93,,,,,,,,,,,,,,,,,,,,,,,,,,,,,,,332574680,33257468000085,33.12Z,,,,,,,,,,,sirene,
MERRIS HYDRAULIQUE,,,a contacter,,,,,,,,,,,,maintenance,Reparation de machines et equipements mecaniques,MERRIS,,59,,,,,,,,,,,,,,,,,,,,,,,,,,,,,,,337833362,33783336200029,33.12Z,,,,,,,,,,,sirene,
MESURE PROCESS,,,a contacter,,,,,,,,,,,,maintenance,Reparation de materiels electroniques et optiques,NOISY-LE-GRAND,,93,,,,,,,,,,,,,,,,,,,,,,,,,,,,,,,394684682,39468468200047,33.13Z,,,,,,,,,,,sirene,
METALO MECANIQUE,,,a contacter,,,,,,,,,,,,maintenance,Installation de machines et equipements mecaniques,SAINTE LIVRADE SUR LOT,,47,,,,,,,,,,,,,,,,,,,,,,,,,,,,,,,419100904,41910090400020,33.20B,,,,,,,,,,,sirene,
METALOCK ENGINEERING FRANCE,,,a contacter,,,,,,,,,,,,maintenance,Reparation de machines et equipements mecaniques,GONDECOURT,,59,,,,,,,,,,,,,,,,,,,,,,,,,,,,,,,350118881,35011888100084,33.12Z,,,,,,,,,,,sirene,
METESA FRANCE,,,a contacter,,,,,,,,,,,,maintenance,Reparation de materiels electroniques et optiques,VENDIN-LE-VIEIL,,62,,,,,,,,,,,,,,,,,,,,,,,,,,,,,,,318760378,31876037800055,33.13Z,,,,,,,,,,,sirene,
MG MAINTENANCE,,,a contacter,,,,,,,,,,,,maintenance,Reparation de machines et equipements mecaniques,MONCOUTANT-SUR-SEVRE,,79,,,,,,,,,,,,,,,,,,,,,,,,,,,,,,,520064338,52006433800012,33.12Z,,,,,,,,,,,sirene,
MGA SERVICES,,,a contacter,,,,,,,,,,,,maintenance,Autres travaux d'installation n.c.a.,ROSNY-SOUS-BOIS,,93,,,,,,,,,,,,,,,,,,,,,,,,,,,,,,,530322783,53032278300024,43.29B,,,,,,,,,,,sirene,
MGL FROID,,,a contacter,,,,,,,,,,,,maintenance,Reparation de machines et equipements mecaniques,COLLEGIEN,,77,,,,,,,,,,,,,,,,,,,,,,,,,,,,,,,380852038,38085203800047,33.12Z,,,,,,,,,,,sirene,
MGS MAINTENANCE INDUSTRIELLE,,,a contacter,,,,,,,,,,,,maintenance,Reparation de machines et equipements mecaniques,SAINT-HERBLAIN,,44,,,,,,,,,,,,,,,,,,,,,,,,,,,,,,,798155982,79815598200027,33.12Z,,,,,,,,,,,sirene,
MIC DATA,,,a contacter,,,,,,,,,,,,maintenance,"Installation d'equipements electriques, de materiels electroniques et optiques ou d'autres materiels",LA VERRIERE,,78,,,,,,,,,,,,,,,,,,,,,,,,,,,,,,,377629233,37762923300067,33.20D,,,,,,,,,,,sirene,
MICHAUD JJH,,,a contacter,,,,,,,,,,,,maintenance,Reparation de machines et equipements mecaniques,CHAUMES-EN-RETZ,,44,,,,,,,,,,,,,,,,,,,,,,,,,,,,,,,528492507,52849250700025,33.12Z,,,,,,,,,,,sirene,
MIDILEV,,,a contacter,,,,,,,,,,,,maintenance,Autres travaux d'installation n.c.a.,SAIX,,81,,,,,,,,,,,,,,,,,,,,,,,,,,,,,,,382859619,38285961900043,43.29B,,,,,,,,,,,sirene,
MIG AUTOMATION,,,a contacter,,,,,,,,,,,,maintenance,Reparation d'equipements electriques,ROCHE-LA-MOLIERE,,42,,,,,,,,,,,,,,,,,,,,,,,,,,,,,,,451389449,45138944900054,33.14Z,,,,,,,,,,,sirene,
MIGEN SERVICE,,,a contacter,,,,,,,,,,,,maintenance,Reparation de machines et equipements mecaniques,LIMONEST,,69,,,,,,,,,,,,,,,,,,,,,,,,,,,,,,,898436910,89843691000027,33.12Z,,,,,,,,,,,sirene,
MINEBEA INTEC FRANCE,C,0,a contacter,,,,,,,,,,,,maintenance,Reparation de machines et equipements mecaniques,ROISSY-EN-FRANCE,,95,,,,,,,https://www.pappers.fr/entreprise/390639953,https://annuaire-entreprises.data.gouv.fr/entreprise/390639953,https://www.google.com/maps/search/?api=1&query=MINEBEA+INTEC+FRANCE+ROISSY-EN-FRANCE,https://www.google.com/search?q=MINEBEA+INTEC+FRANCE+ROISSY-EN-FRANCE,https://www.linkedin.com/search/results/companies/?keywords=MINEBEA+INTEC+FRANCE,https://www.pagesjaunes.fr/annuaire/chercherlespros?quoiqui=MINEBEA+INTEC+FRANCE&ou=ROISSY-EN-FRANCE,https://www.societe.com/cgi-bin/search?champs=390639953,,,,,,,,,,,,,,,,FR15390639953,,390639953,39063995300038,33.12Z,,,,,,,,non,oui,2026-08-06,sirene,
MINELEC,,,a contacter,,,,,,,,,,,,maintenance,Reparation d'equipements electriques,ACIGNE,,35,,,,,,,,,,,,,,,,,,,,,,,,,,,,,,,418328985,41832898500035,33.14Z,,,,,,,,,,,sirene,
MINIER ATELIER,,,a contacter,,,,,,,,,,,,maintenance,Reparation de machines et equipements mecaniques,NAVEIL,,41,,,,,,,,,,,,,,,,,,,,,,,,,,,,,,,437689326,43768932600019,33.12Z,,,,,,,,,,,sirene,
MIPE - MAINTENANCE INDUSTRIELLE PRODUCTION ELECTRONIQUE,,,a contacter,,,,,,,,,,,,maintenance,Reparation de materiels electroniques et optiques,PITHIVIERS,,45,,,,,,,,,,,,,,,,,,,,,,,,,,,,,,,408676393,40867639300015,33.13Z,,,,,,,,,,,sirene,
MISTRAL ASCENSEURS,C,0,a contacter,,,,,,,,,,,,maintenance,Autres travaux d'installation n.c.a.,MARCOUSSIS,,91,,,,,,,https://www.pappers.fr/entreprise/510178627,https://annuaire-entreprises.data.gouv.fr/entreprise/510178627,https://www.google.com/maps/search/?api=1&query=MISTRAL+ASCENSEURS+MARCOUSSIS,https://www.google.com/search?q=MISTRAL+ASCENSEURS+MARCOUSSIS,https://www.linkedin.com/search/results/companies/?keywords=MISTRAL+ASCENSEURS,https://www.pagesjaunes.fr/annuaire/chercherlespros?quoiqui=MISTRAL+ASCENSEURS&ou=MARCOUSSIS,https://www.societe.com/cgi-bin/search?champs=510178627,,,,,,,,,,,,,,,,FR53510178627,,510178627,51017862700061,43.29B,,,,,,,,non,oui,2026-08-06,sirene,
MMS RHONE-ALPES - MAINTENANCE MECANIQUE SERVICES,,,a contacter,,,,,,,,,,,,maintenance,Reparation de machines et equipements mecaniques,TIGNIEU-JAMEYZIEU,,38,,,,,,,,,,,,,,,,,,,,,,,,,,,,,,,405196593,40519659300041,33.12Z,,,,,,,,,,,sirene,
MMSI,,,a contacter,,,,,,,,,,,,maintenance,Reparation de machines et equipements mecaniques,FAMARS,,59,,,,,,,,,,,,,,,,,,,,,,,,,,,,,,,845131663,84513166300021,33.12Z,,,,,,,,,,,sirene,
MONASCENSEUR,,,a contacter,,,,,,,,,,,,maintenance,Autres travaux d'installation n.c.a.,NEUILLY-PLAISANCE,,93,,,,,,,,,,,,,,,,,,,,,,,,,,,,,,,823370374,82337037400014,43.29B,,,,,,,,,,,sirene,
MONTAGE D'EQUIPEMENTS AERAULIQUES PAR ABREVIATION M.E.A.,C,0,a contacter,,,,,,,,,,,,maintenance,Installation de machines et equipements mecaniques,TORCIEU,,01,,,,,,,https://www.pappers.fr/entreprise/844556407,https://annuaire-entreprises.data.gouv.fr/entreprise/844556407,https://www.google.com/maps/search/?api=1&query=MONTAGE+D%27EQUIPEMENTS+AERAULIQUES+PAR+ABREVIATION+M.E.A.+TORCIEU,https://www.google.com/search?q=MONTAGE+D%27EQUIPEMENTS+AERAULIQUES+PAR+ABREVIATION+M.E.A.+TORCIEU,https://www.linkedin.com/search/results/companies/?keywords=MONTAGE+D%27EQUIPEMENTS+AERAULIQUES+PAR+ABREVIATION+M.E.A.,https://www.pagesjaunes.fr/annuaire/chercherlespros?quoiqui=MONTAGE+D%27EQUIPEMENTS+AERAULIQUES+PAR+ABREVIATION+M.E.A.&ou=TORCIEU,https://www.societe.com/cgi-bin/search?champs=844556407,,,,,,,,,,,,,,,,FR36844556407,,844556407,84455640700014,33.20B,,,,,,,,non,oui,2026-08-01,sirene,
MONTAGE ET REALISATIONS D'INSTALLATIONS THERMIQUES,,,a contacter,,,,,,,,,,,,maintenance,Installation de machines et equipements mecaniques,SAINT-HERBLAIN,,44,,,,,,,,,,,,,,,,,,,,,,,,,,,,,,,511445025,51144502500030,33.20B,,,,,,,,,,,sirene,
MOOVEO ENERGIES,C,0,a contacter,,,,,,,,,,,,maintenance,Reparation de machines et equipements mecaniques,DIJON,,21,,,,,,,https://www.pappers.fr/entreprise/851196097,https://annuaire-entreprises.data.gouv.fr/entreprise/851196097,https://www.google.com/maps/search/?api=1&query=MOOVEO+ENERGIES+DIJON,https://www.google.com/search?q=MOOVEO+ENERGIES+DIJON,https://www.linkedin.com/search/results/companies/?keywords=MOOVEO+ENERGIES,https://www.pagesjaunes.fr/annuaire/chercherlespros?quoiqui=MOOVEO+ENERGIES&ou=DIJON,https://www.societe.com/cgi-bin/search?champs=851196097,,,,,,,,,,,,,,,,FR59851196097,,851196097,85119609700022,33.12Z,,,,,,,,non,oui,2026-08-06,sirene,
MOQUAIS SERVICE,,,a contacter,,,,,,,,,,,,maintenance,Reparation de machines et equipements mecaniques,FONTENAY-LE-COMTE,,85,,,,,,,,,,,,,,,,,,,,,,,,,,,,,,,441229606,44122960600021,33.12Z,,,,,,,,,,,sirene,
MOREIRA MONTAG MECANIQ ET INSTAL ELECTRI,,,a contacter,,,,,,,,,,,,maintenance,Autres travaux d'installation n.c.a.,FRANCONVILLE,,95,,,,,,,,,,,,,,,,,,,,,,,,,,,,,,,397569518,39756951800053,43.29B,,,,,,,,,,,sirene,
MOS INDUSTRIE,,,a contacter,,,,,,,,,,,,maintenance,Reparation de machines et equipements mecaniques,VOREPPE,,38,,,,,,,,,,,,,,,,,,,,,,,,,,,,,,,341522332,34152233200061,33.12Z,,,,,,,,,,,sirene,
MOUNIER,,,a contacter,,,,,,,,,,,,maintenance,"Installation d'equipements electriques, de materiels electroniques et optiques ou d'autres materiels",TERNAY,,69,,,,,,,,,,,,,,,,,,,,,,,,,,,,,,,343821476,34382147600045,33.20D,,,,,,,,,,,sirene,
MPM,,,a contacter,,,,,,,,,,,,maintenance,Reparation de machines et equipements mecaniques,CESSON-SEVIGNE,,35,,,,,,,,,,,,,,,,,,,,,,,,,,,,,,,451264378,45126437800022,33.12Z,,,,,,,,,,,sirene,
MR 2A,,,a contacter,,,,,,,,,,,,maintenance,Autres travaux d'installation n.c.a.,HERRLISHEIM-PRES-COLMAR,,68,,,,,,,,,,,,,,,,,,,,,,,,,,,,,,,422081109,42208110900023,43.29B,,,,,,,,,,,sirene,
MSA SAFETY SERVICES GMBH,C,0,a contacter,,,,,,,,,,,,maintenance,Reparation de materiels electroniques et optiques,,,,,,,,,,https://www.pappers.fr/entreprise/805277480,https://annuaire-entreprises.data.gouv.fr/entreprise/805277480,https://www.google.com/maps/search/?api=1&query=MSA+SAFETY+SERVICES+GMBH,https://www.google.com/search?q=MSA+SAFETY+SERVICES+GMBH,https://www.linkedin.com/search/results/companies/?keywords=MSA+SAFETY+SERVICES+GMBH,https://www.pagesjaunes.fr/annuaire/chercherlespros?quoiqui=MSA+SAFETY+SERVICES+GMBH,https://www.societe.com/cgi-bin/search?champs=805277480,,,,,,,,,,,,,,,,FR19805277480,,805277480,80527748000010,33.13Z,,,,,,,,non,oui,2026-08-01,sirene,
MSE MAINTENANCE SERVICES EQUIPEMENTS,,,a contacter,,,,,,,,,,,,maintenance,Reparation de machines et equipements mecaniques,COLMAR,,68,,,,,,,,,,,,,,,,,,,,,,,,,,,,,,,529455008,52945500800027,33.12Z,,,,,,,,,,,sirene,
MSI SERVICES,,,a contacter,,,,,,,,,,,,maintenance,Installation de machines et equipements mecaniques,DECINES-CHARPIEU,,69,,,,,,,,,,,,,,,,,,,,,,,,,,,,,,,521496240,52149624000032,33.20B,,,,,,,,,,,sirene,
MT AEROSPACE GUYANE,,,a contacter,,,,,,,,,,,,maintenance,Reparation de materiels electroniques et optiques,KOUROU,,973,,,,,,,,,,,,,,,,,,,,,,,,,,,,,,,411976475,41197647500011,33.13Z,,,,,,,,,,,sirene,
MTB SERVICE,,,a contacter,,,,,,,,,,,,maintenance,Installation de machines et equipements mecaniques,SAINT-CHEF,,38,,,,,,,,,,,,,,,,,,,,,,,,,,,,,,,827524265,82752426500028,33.20B,,,,,,,,,,,sirene,
MTG,,,a contacter,,,,,,,,,,,,maintenance,Autres travaux d'installation n.c.a.,LE BIGNON,,44,,,,,,,,,,,,,,,,,,,,,,,,,,,,,,,481470581,48147058100028,43.29B,,,,,,,,,,,sirene,
MTSEI,,,a contacter,,,,,,,,,,,,maintenance,Reparation de machines et equipements mecaniques,MAUBEUGE,,59,,,,,,,,,,,,,,,,,,,,,,,,,,,,,,,921046348,92104634800022,33.12Z,,,,,,,,,,,sirene,
MULTI - PRO - SERVICES,,,a contacter,,,,,,,,,,,,maintenance,Reparation d'equipements electriques,MONTEVRAIN,,77,,,,,,,,,,,,,,,,,,,,,,,,,,,,,,,535408686,53540868600033,33.14Z,,,,,,,,,,,sirene,
MULTIMECA,,,a contacter,,,,,,,,,,,,maintenance,Reparation de machines et equipements mecaniques,SAINT-SOUPLET,,59,,,,,,,,,,,,,,,,,,,,,,,,,,,,,,,444188999,44418899900023,33.12Z,,,,,,,,,,,sirene,
MV & MODLIFT,,,a contacter,,,,,,,,,,,,maintenance,Autres travaux d'installation n.c.a.,VILLEMOISSON-SUR-ORGE,,91,,,,,,,,,,,,,,,,,,,,,,,,,,,,,,,804910115,80491011500034,43.29B,,,,,,,,,,,sirene,
MWM FRANCE SAS,,,a contacter,,,,,,,,,,,,maintenance,Reparation d'equipements electriques,GENNEVILLIERS,,92,,,,,,,,,,,,,,,,,,,,,,,,,,,,,,,501300370,50130037000027,33.14Z,,,,,,,,,,,sirene,
MZ,,,a contacter,,,,,,,,,,,,maintenance,Autres travaux d'installation n.c.a.,AVION,,62,,,,,,,,,,,,,,,,,,,,,,,,,,,,,,,511453573,51145357300012,43.29B,,,,,,,,,,,sirene,
N MONTAGE LEVAGE ET SERVICE,,,a contacter,,,,,,,,,,,,maintenance,Installation de machines et equipements mecaniques,JOUY-EN-JOSAS,,78,,,,,,,,,,,,,,,,,,,,,,,,,,,,,,,953548880,95354888000020,33.20B,,,,,,,,,,,sirene,
NEO TEC,,,a contacter,,,,,,,,,,,,maintenance,Installation de machines et equipements mecaniques,PERPIGNAN,,66,,,,,,,,,,,,,,,,,,,,,,,,,,,,,,,507405256,50740525600011,33.20B,,,,,,,,,,,sirene,
NETMATIS,,,a contacter,,,,,,,,,,,,maintenance,Reparation de machines et equipements mecaniques,LE MEUX,,60,,,,,,,,,,,,,,,,,,,,,,,,,,,,,,,444883284,44488328400010,33.12Z,,,,,,,,,,,sirene,
NEU-JKF PROCESS,,,a contacter,,,,,,,,,,,,maintenance,Installation de machines et equipements mecaniques,LA CHAPELLE-D'ARMENTIERES,,59,,,,,,,,,,,,,,,,,,,,,,,,,,,,,,,479988453,47998845300029,33.20B,,,,,,,,,,,sirene,
NEW YORK APPLICATIONS PLASTIQUES,,,a contacter,,,,,,,,,,,,maintenance,Autres travaux d'installation n.c.a.,PARIS,,75,,,,,,,,,,,,,,,,,,,,,,,,,,,,,,,389497587,38949758700011,43.29B,,,,,,,,,,,sirene,
NIKKEN TECHNO FRANCE,,,a contacter,,,,,,,,,,,,maintenance,Reparation de materiels electroniques et optiques,NEUVILLE-SUR-SAONE,,69,,,,,,,,,,,,,,,,,,,,,,,,,,,,,,,313861965,31386196500058,33.13Z,,,,,,,,,,,sirene,
NIKON PRECISION EUROPE GMBH,,,a contacter,,,,,,,,,,,,maintenance,Reparation de materiels electroniques et optiques,,,,,,,,,,,,,,,,,,,,,,,,,,,,,,,,,,352238745,35223874500066,33.13Z,,,,,,,,,,,sirene,
NIT ELECTRONIQUE,,,a contacter,,,,,,,,,,,,maintenance,Reparation de machines et equipements mecaniques,AULNAY-SOUS-BOIS,,93,,,,,,,,,,,,,,,,,,,,,,,,,,,,,,,507756450,50775645000031,33.12Z,,,,,,,,,,,sirene,
NORD MOTORS,,,a contacter,,,,,,,,,,,,maintenance,Reparation de machines et equipements mecaniques,HOLQUE,,59,,,,,,,,,,,,,,,,,,,,,,,,,,,,,,,388068447,38806844700027,33.12Z,,,,,,,,,,,sirene,
NORD-MAINTENANCE,,,a contacter,,,,,,,,,,,,maintenance,Reparation de machines et equipements mecaniques,DUNKERQUE,,59,,,,,,,,,,,,,,,,,,,,,,,,,,,,,,,920076155,92007615500018,33.12Z,,,,,,,,,,,sirene,
NORMA FROID,,,a contacter,,,,,,,,,,,,maintenance,Installation de machines et equipements mecaniques,BARENTIN,,76,,,,,,,,,,,,,,,,,,,,,,,,,,,,,,,341850857,34185085700028,33.20B,,,,,,,,,,,sirene,
NORMANDIE FERMETURES INDUSTRIELLES,,,a contacter,,,,,,,,,,,,maintenance,Reparation de machines et equipements mecaniques,PAVILLY,,76,,,,,,,,,,,,,,,,,,,,,,,,,,,,,,,398640367,39864036700023,33.12Z,,,,,,,,,,,sirene,
NORMANDIE NACELLES,,,a contacter,,,,,,,,,,,,maintenance,Reparation de machines et equipements mecaniques,OUDALLE,,76,,,,,,,,,,,,,,,,,,,,,,,,,,,,,,,381787902,38178790200018,33.12Z,,,,,,,,,,,sirene,
NORMANET,,,a contacter,,,,,,,,,,,,maintenance,Reparation de machines et equipements mecaniques,ST MARTIN BOULOGNE,,62,,,,,,,,,,,,,,,,,,,,,,,,,,,,,,,333892602,33389260200066,33.12Z,,,,,,,,,,,sirene,
NOWOS SAS,,,a contacter,,,,,,,,,,,,maintenance,Reparation d'equipements electriques,AMPLEPUIS,,69,,,,,,,,,,,,,,,,,,,,,,,,,,,,,,,889972733,88997273300022,33.14Z,,,,,,,,,,,sirene,
NUVO ASCENSEUR SAS,,,a contacter,,,,,,,,,,,,maintenance,Autres travaux d'installation n.c.a.,PUTEAUX,,92,,,,,,,,,,,,,,,,,,,,,,,,,,,,,,,889018727,88901872700020,43.29B,,,,,,,,,,,sirene,
OCAD,,,a contacter,,,,,,,,,,,,maintenance,Installation de machines et equipements mecaniques,ONNAING,,59,,,,,,,,,,,,,,,,,,,,,,,,,,,,,,,505375550,50537555000033,33.20B,,,,,,,,,,,sirene,
OCR MAINTENANCE ELECTRONIQUE,,,a contacter,,,,,,,,,,,,maintenance,Reparation d'equipements electriques,VILLEBON-SUR-YVETTE,,91,,,,,,,,,,,,,,,,,,,,,,,,,,,,,,,402923643,40292364300033,33.14Z,,,,,,,,,,,sirene,
OCR RHONE ALPES,,,a contacter,,,,,,,,,,,,maintenance,Reparation d'equipements electriques,VILLEBON-SUR-YVETTE,,91,,,,,,,,,,,,,,,,,,,,,,,,,,,,,,,439914052,43991405200048,33.14Z,,,,,,,,,,,sirene,
ODICE ENTREPRISE,C,0,a contacter,,,,,,,,,,,,maintenance,Installation de machines et equipements mecaniques,VILLENEUVE,,04,,,,,,,https://www.pappers.fr/entreprise/853443240,https://annuaire-entreprises.data.gouv.fr/entreprise/853443240,https://www.google.com/maps/search/?api=1&query=ODICE+ENTREPRISE+VILLENEUVE,https://www.google.com/search?q=ODICE+ENTREPRISE+VILLENEUVE,https://www.linkedin.com/search/results/companies/?keywords=ODICE+ENTREPRISE,https://www.pagesjaunes.fr/annuaire/chercherlespros?quoiqui=ODICE+ENTREPRISE&ou=VILLENEUVE,https://www.societe.com/cgi-bin/search?champs=853443240,,,,,,,,,,,,,,,,FR85853443240,,853443240,85344324000017,33.20B,,,,,,,,non,oui,2026-08-02,sirene,
OGELEC,,,a contacter,,,,,,,,,,,,maintenance,"Installation d'equipements electriques, de materiels electroniques et optiques ou d'autres materiels",CANDE-SUR-BEUVRON,,41,,,,,,,,,,,,,,,,,,,,,,,,,,,,,,,412126922,41212692200027,33.20D,,,,,,,,,,,sirene,
OGEPAR MOTEUR TECHNOLOGIE DUNKERQUE,,,a contacter,,,,,,,,,,,,maintenance,Reparation de machines et equipements mecaniques,DUNKERQUE,,59,,,,,,,,,,,,,,,,,,,,,,,,,,,,,,,819501107,81950110700026,33.12Z,,,,,,,,,,,sirene,
OKERMAD,,,a contacter,,,,,,,,,,,,maintenance,Installation de machines et equipements mecaniques,LOUVIGNE-DU-DESERT,,35,,,,,,,,,,,,,,,,,,,,,,,,,,,,,,,410767214,41076721400019,33.20B,,,,,,,,,,,sirene,
OLYRAN,,,a contacter,,,,,,,,,,,,maintenance,"Installation d'equipements electriques, de materiels electroniques et optiques ou d'autres materiels",PARIS,,75,,,,,,,,,,,,,,,,,,,,,,,,,,,,,,,851722892,85172289200037,33.20D,,,,,,,,,,,sirene,
OMEGA ELEC,,,a contacter,,,,,,,,,,,,maintenance,Reparation d'equipements electriques,ROUBAIX,,59,,,,,,,,,,,,,,,,,,,,,,,,,,,,,,,820500585,82050058500022,33.14Z,,,,,,,,,,,sirene,
OMNIUM GENIE CLIMATIQUE SERVICES,,,a contacter,,,,,,,,,,,,maintenance,Reparation de machines et equipements mecaniques,SAINT-PAUL,,974,,,,,,,,,,,,,,,,,,,,,,,,,,,,,,,524758976,52475897600020,33.12Z,,,,,,,,,,,sirene,
OMNIUM GOMMES INDUST DERIVES,,,a contacter,,,,,,,,,,,,maintenance,Autres travaux d'installation n.c.a.,THIONVILLE,,57,,,,,,,,,,,,,,,,,,,,,,,,,,,,,,,313352049,31335204900032,43.29B,,,,,,,,,,,sirene,
ONET SECURITE SYSTEMES,C,0,a contacter,,,,,,,,,,,,maintenance,"Installation d'equipements electriques, de materiels electroniques et optiques ou d'autres materiels",MARSEILLE,,13,,,,,,,https://www.pappers.fr/entreprise/069502433,https://annuaire-entreprises.data.gouv.fr/entreprise/069502433,https://www.google.com/maps/search/?api=1&query=ONET+SECURITE+SYSTEMES+MARSEILLE,https://www.google.com/search?q=ONET+SECURITE+SYSTEMES+MARSEILLE,https://www.linkedin.com/search/results/companies/?keywords=ONET+SECURITE+SYSTEMES,https://www.pagesjaunes.fr/annuaire/chercherlespros?quoiqui=ONET+SECURITE+SYSTEMES&ou=MARSEILLE,https://www.societe.com/cgi-bin/search?champs=069502433,,,,,,,,,,,,,,,,FR88069502433,,069502433,06950243300324,33.20D,,,,,,,,non,oui,2026-08-02,sirene,
OPTICS CONCEPT,,,a contacter,,,,,,,,,,,,maintenance,Reparation de materiels electroniques et optiques,VOISINS-LE-BRETONNEUX,,78,,,,,,,,,,,,,,,,,,,,,,,,,,,,,,,450658539,45065853900033,33.13Z,,,,,,,,,,,sirene,
ORONA ILE DE FRANCE,,,a contacter,,,,,,,,,,,,maintenance,Autres travaux d'installation n.c.a.,BONNEUIL-SUR-MARNE,,94,,,,,,,,,,,,,,,,,,,,,,,,,,,,,,,306690694,30669069400139,43.29B,,,,,,,,,,,sirene,
ORONA OUEST NORD,,,a contacter,,,,,,,,,,,,maintenance,Autres travaux d'installation n.c.a.,LA CHAPELLE-DES-FOUGERETZ,,35,,,,,,,,,,,,,,,,,,,,,,,,,,,,,,,414672717,41467271700116,43.29B,,,,,,,,,,,sirene,
ORONA SEALIFT,C,0,a contacter,,,,,,,,,,,,maintenance,Autres travaux d'installation n.c.a.,SAINT-LAURENT-DU-VAR,,06,,,,,,,https://www.pappers.fr/entreprise/489279943,https://annuaire-entreprises.data.gouv.fr/entreprise/489279943,https://www.google.com/maps/search/?api=1&query=ORONA+SEALIFT+SAINT-LAURENT-DU-VAR,https://www.google.com/search?q=ORONA+SEALIFT+SAINT-LAURENT-DU-VAR,https://www.linkedin.com/search/results/companies/?keywords=ORONA+SEALIFT,https://www.pagesjaunes.fr/annuaire/chercherlespros?quoiqui=ORONA+SEALIFT&ou=SAINT-LAURENT-DU-VAR,https://www.societe.com/cgi-bin/search?champs=489279943,,,,,,,,,,,,,,,,FR48489279943,,489279943,48927994300026,43.29B,,,,,,,,non,oui,2026-08-03,sirene,
ORONA SUD-OUEST,C,0,a contacter,,,,,,,,,,,,maintenance,Autres travaux d'installation n.c.a.,MERIGNAC,,33,,,,,,,https://www.pappers.fr/entreprise/350888996,https://annuaire-entreprises.data.gouv.fr/entreprise/350888996,https://www.google.com/maps/search/?api=1&query=ORONA+SUD-OUEST+MERIGNAC,https://www.google.com/search?q=ORONA+SUD-OUEST+MERIGNAC,https://www.linkedin.com/search/results/companies/?keywords=ORONA+SUD-OUEST,https://www.pagesjaunes.fr/annuaire/chercherlespros?quoiqui=ORONA+SUD-OUEST&ou=MERIGNAC,https://www.societe.com/cgi-bin/search?champs=350888996,,,,,,,,,,,,,,,,FR11350888996,,350888996,35088899600104,43.29B,,,,,,,,non,oui,2026-08-08,sirene,
OUEST AUTOMATISATION,,,a contacter,,,,,,,,,,,,maintenance,Autres travaux d'installation n.c.a.,PONTIVY,,56,,,,,,,,,,,,,,,,,,,,,,,,,,,,,,,325590032,32559003200034,43.29B,,,,,,,,,,,sirene,
OULLINS BALANCES,,,a contacter,,,,,,,,,,,,maintenance,Reparation de machines et equipements mecaniques,OULLINS-PIERRE-BENITE,,69,,,,,,,,,,,,,,,,,,,,,,,,,,,,,,,963500848,96350084800014,33.12Z,,,,,,,,,,,sirene,
OUTIL COUPANT NUMERIQUE EURL,,,a contacter,,,,,,,,,,,,maintenance,Reparation de machines et equipements mecaniques,BELFORT,,90,,,,,,,,,,,,,,,,,,,,,,,,,,,,,,,316472034,31647203400040,33.12Z,,,,,,,,,,,sirene,
OXY SERVICES INDUSTRIE,,,a contacter,,,,,,,,,,,,maintenance,Reparation de machines et equipements mecaniques,PONTOISE,,95,,,,,,,,,,,,,,,,,,,,,,,,,,,,,,,818814428,81881442800012,33.12Z,,,,,,,,,,,sirene,
OXYGEN,,,a contacter,,,,,,,,,,,,maintenance,Reparation de materiels electroniques et optiques,LES ULIS,,91,,,,,,,,,,,,,,,,,,,,,,,,,,,,,,,435164488,43516448800049,33.13Z,,,,,,,,,,,sirene,
OZENFANT,,,a contacter,,,,,,,,,,,,maintenance,Autres travaux d'installation n.c.a.,REIMS,,51,,,,,,,,,,,,,,,,,,,,,,,,,,,,,,,495300410,49530041000034,43.29B,,,,,,,,,,,sirene,
P & L IDENTITE SERVICES,,,a contacter,,,,,,,,,,,,maintenance,Autres travaux d'installation n.c.a.,SAVIGNY,,69,,,,,,,,,,,,,,,,,,,,,,,,,,,,,,,451543128,45154312800016,43.29B,,,,,,,,,,,sirene,
P S I A,,,a contacter,,,,,,,,,,,,maintenance,Reparation de machines et equipements mecaniques,LIEVIN,,62,,,,,,,,,,,,,,,,,,,,,,,,,,,,,,,448555268,44855526800029,33.12Z,,,,,,,,,,,sirene,
P.S.I,C,0,a contacter,,,,,,,,,,,,maintenance,Installation de machines et equipements mecaniques,VILLEDOUX,,17,,,,,,,https://www.pappers.fr/entreprise/517719746,https://annuaire-entreprises.data.gouv.fr/entreprise/517719746,https://www.google.com/maps/search/?api=1&query=P.S.I+VILLEDOUX,https://www.google.com/search?q=P.S.I+VILLEDOUX,https://www.linkedin.com/search/results/companies/?keywords=P.S.I,https://www.pagesjaunes.fr/annuaire/chercherlespros?quoiqui=P.S.I&ou=VILLEDOUX,https://www.societe.com/cgi-bin/search?champs=517719746,,,,,,,,,,,,,,,,FR03517719746,,517719746,51771974600029,33.20B,,,,,,,,non,oui,2026-08-06,sirene,
PACA ASCENSEURS SERVICES,C,0,a contacter,,,,,,,,,,,,maintenance,Autres travaux d'installation n.c.a.,LES PENNES MIRABEAU,,13,,,,,,,https://www.pappers.fr/entreprise/402023360,https://annuaire-entreprises.data.gouv.fr/entreprise/402023360,https://www.google.com/maps/search/?api=1&query=PACA+ASCENSEURS+SERVICES+LES+PENNES+MIRABEAU,https://www.google.com/search?q=PACA+ASCENSEURS+SERVICES+LES+PENNES+MIRABEAU,https://www.linkedin.com/search/results/companies/?keywords=PACA+ASCENSEURS+SERVICES,https://www.pagesjaunes.fr/annuaire/chercherlespros?quoiqui=PACA+ASCENSEURS+SERVICES&ou=LES+PENNES+MIRABEAU,https://www.societe.com/cgi-bin/search?champs=402023360,,,,,,,,,,,,,,,,FR28402023360,,402023360,40202336000066,43.29B,,,,,,,,non,oui,2026-08-02,sirene,
PAGANETTI THERMIQUE,C,0,a contacter,,,,,,,,,,,,maintenance,Installation de machines et equipements mecaniques,LE HAVRE,,76,,,,,,,https://www.pappers.fr/entreprise/381926021,https://annuaire-entreprises.data.gouv.fr/entreprise/381926021,https://www.google.com/maps/search/?api=1&query=PAGANETTI+THERMIQUE+LE+HAVRE,https://www.google.com/search?q=PAGANETTI+THERMIQUE+LE+HAVRE,https://www.linkedin.com/search/results/companies/?keywords=PAGANETTI+THERMIQUE,https://www.pagesjaunes.fr/annuaire/chercherlespros?quoiqui=PAGANETTI+THERMIQUE&ou=LE+HAVRE,https://www.societe.com/cgi-bin/search?champs=381926021,,,,,,,,,,,,,,,,FR10381926021,,381926021,38192602100027,33.20B,,,,,,,,non,oui,2026-08-05,sirene,
PANE ASCENSEUR,,,a contacter,,,,,,,,,,,,maintenance,Autres travaux d'installation n.c.a.,SAINT-OUEN-L'AUMONE,,95,,,,,,,,,,,,,,,,,,,,,,,,,,,,,,,502834518,50283451800032,43.29B,,,,,,,,,,,sirene,
PAPREC TECHNIQUES,,,a contacter,,,,,,,,,,,,maintenance,Reparation d'equipements electriques,PARIS,,75,,,,,,,,,,,,,,,,,,,,,,,,,,,,,,,439498775,43949877500097,33.14Z,,,,,,,,,,,sirene,
PARFLAM SA,,,a contacter,,,,,,,,,,,,maintenance,Installation de machines et equipements mecaniques,BEZONS,,95,,,,,,,,,,,,,,,,,,,,,,,,,,,,,,,384824496,38482449600127,33.20B,,,,,,,,,,,sirene,
PENTAX FRANCE LIFE CARE,,,a contacter,,,,,,,,,,,,maintenance,Reparation de materiels electroniques et optiques,ARGENTEUIL,,95,,,,,,,,,,,,,,,,,,,,,,,,,,,,,,,520004219,52000421900025,33.13Z,,,,,,,,,,,sirene,
PESAGE LORRAIN CONTINU ET DISCONTINU,,,a contacter,,,,,,,,,,,,maintenance,Reparation de machines et equipements mecaniques,SAINT-JULIEN-LES-METZ,,57,,,,,,,,,,,,,,,,,,,,,,,,,,,,,,,329022685,32902268500013,33.12Z,,,,,,,,,,,sirene,
PESAGES ET VOLUMETRIE,,,a contacter,,,,,,,,,,,,maintenance,Reparation de machines et equipements mecaniques,PERPIGNAN,,66,,,,,,,,,,,,,,,,,,,,,,,,,,,,,,,454028226,45402822600024,33.12Z,,,,,,,,,,,sirene,
PETEL SERVICES,,,a contacter,,,,,,,,,,,,maintenance,Reparation de materiels electroniques et optiques,PARIS,,75,,,,,,,,,,,,,,,,,,,,,,,,,,,,,,,998229702,99822970200084,33.13Z,,,,,,,,,,,sirene,
PGC,,,a contacter,,,,,,,,,,,,maintenance,Installation de machines et equipements mecaniques,BETTON,,35,,,,,,,,,,,,,,,,,,,,,,,,,,,,,,,350598843,35059884300026,33.20B,,,,,,,,,,,sirene,
PHONER RETAIL,,,a contacter,,,,,,,,,,,,maintenance,Reparation de materiels electroniques et optiques,VITRE,,35,,,,,,,,,,,,,,,,,,,,,,,,,,,,,,,882297500,88229750000028,33.13Z,,,,,,,,,,,sirene,
PICKLING SYSTEMS,,,a contacter,,,,,,,,,,,,maintenance,Installation de machines et equipements mecaniques,HENRIVILLE,,57,,,,,,,,,,,,,,,,,,,,,,,,,,,,,,,480293083,48029308300022,33.20B,,,,,,,,,,,sirene,
PIOT,,,a contacter,,,,,,,,,,,,maintenance,Reparation de machines et equipements mecaniques,REIMS,,51,,,,,,,,,,,,,,,,,,,,,,,,,,,,,,,417754546,41775454600030,33.12Z,,,,,,,,,,,sirene,
PIRTEK HYDRAULIQUE SERVICE SAS,,,a contacter,,,,,,,,,,,,maintenance,Installation de machines et equipements mecaniques,ORLY,,94,,,,,,,,,,,,,,,,,,,,,,,,,,,,,,,421455650,42145565000067,33.20B,,,,,,,,,,,sirene,
PMF INDUSTRIE,,,a contacter,,,,,,,,,,,,maintenance,Installation de machines et equipements mecaniques,MONTBAZON,,37,,,,,,,,,,,,,,,,,,,,,,,,,,,,,,,832264915,83226491500022,33.20B,,,,,,,,,,,sirene,
POLE MOTEURS INDUSTRIELS,,,a contacter,,,,,,,,,,,,maintenance,Reparation d'equipements electriques,CALAIS,,62,,,,,,,,,,,,,,,,,,,,,,,,,,,,,,,343222121,34322212100034,33.14Z,,,,,,,,,,,sirene,
POLYFLUID,,,a contacter,,,,,,,,,,,,maintenance,Installation de machines et equipements mecaniques,TOUL,,54,,,,,,,,,,,,,,,,,,,,,,,,,,,,,,,341887339,34188733900032,33.20B,,,,,,,,,,,sirene,
POLYFROID,,,a contacter,,,,,,,,,,,,maintenance,Installation de machines et equipements mecaniques,VILLEJUIF,,94,,,,,,,,,,,,,,,,,,,,,,,,,,,,,,,722024247,72202424700032,33.20B,,,,,,,,,,,sirene,
POLYPORTE,,,a contacter,,,,,,,,,,,,maintenance,Installation de machines et equipements mecaniques,PONT-EVEQUE,,38,,,,,,,,,,,,,,,,,,,,,,,,,,,,,,,353809544,35380954400011,33.20B,,,,,,,,,,,sirene,
POLYVALENTE D'ELECTRO-MECANIQUE,,,a contacter,,,,,,,,,,,,maintenance,Reparation d'equipements electriques,BREUIL-LE-SEC,,60,,,,,,,,,,,,,,,,,,,,,,,,,,,,,,,313413148,31341314800039,33.14Z,,,,,,,,,,,sirene,
POSE STORES 67,,,a contacter,,,,,,,,,,,,maintenance,Autres travaux d'installation n.c.a.,WAHLENHEIM,,67,,,,,,,,,,,,,,,,,,,,,,,,,,,,,,,807453436,80745343600014,43.29B,,,,,,,,,,,sirene,
POULAIN BOBINAGE,C,0,a contacter,,,,,,,,,,,,maintenance,Reparation de machines et equipements mecaniques,SAINT-BRICE-COURCELLES,,51,,,,,,,https://www.pappers.fr/entreprise/494590540,https://annuaire-entreprises.data.gouv.fr/entreprise/494590540,https://www.google.com/maps/search/?api=1&query=POULAIN+BOBINAGE+SAINT-BRICE-COURCELLES,https://www.google.com/search?q=POULAIN+BOBINAGE+SAINT-BRICE-COURCELLES,https://www.linkedin.com/search/results/companies/?keywords=POULAIN+BOBINAGE,https://www.pagesjaunes.fr/annuaire/chercherlespros?quoiqui=POULAIN+BOBINAGE&ou=SAINT-BRICE-COURCELLES,https://www.societe.com/cgi-bin/search?champs=494590540,,,,,,,,,,,,,,,,FR74494590540,,494590540,49459054000014,33.12Z,,,,,,,,non,oui,2026-08-03,sirene,
PRECIA MOLEN SERVICE,C,0,a contacter,,,,,,,,,,,,maintenance,Reparation de machines et equipements mecaniques,VEYRAS,,07,,,,,,,https://www.pappers.fr/entreprise/349743179,https://annuaire-entreprises.data.gouv.fr/entreprise/349743179,https://www.google.com/maps/search/?api=1&query=PRECIA+MOLEN+SERVICE+VEYRAS,https://www.google.com/search?q=PRECIA+MOLEN+SERVICE+VEYRAS,https://www.linkedin.com/search/results/companies/?keywords=PRECIA+MOLEN+SERVICE,https://www.pagesjaunes.fr/annuaire/chercherlespros?quoiqui=PRECIA+MOLEN+SERVICE&ou=VEYRAS,https://www.societe.com/cgi-bin/search?champs=349743179,,,,,,,,,,,,,,,,FR46349743179,,349743179,34974317900203,33.12Z,,,,,,,,non,oui,2026-08-01,sirene,
PRECISE FRANCE,,,a contacter,,,,,,,,,,,,maintenance,Reparation d'equipements electriques,PEILLONNEX,,74,,,,,,,,,,,,,,,,,,,,,,,,,,,,,,,317482156,31748215600021,33.14Z,,,,,,,,,,,sirene,
PRESSE LIENS SERVICE,,,a contacter,,,,,,,,,,,,maintenance,Reparation de machines et equipements mecaniques,BEAUVAIS,,60,,,,,,,,,,,,,,,,,,,,,,,,,,,,,,,330266602,33026660200045,33.12Z,,,,,,,,,,,sirene,
PRESSURE CONTROL CYLINDER P.C.C.,,,a contacter,,,,,,,,,,,,maintenance,Reparation de machines et equipements mecaniques,ESTERNAY,,51,,,,,,,,,,,,,,,,,,,,,,,,,,,,,,,512651357,51265135700026,33.12Z,,,,,,,,,,,sirene,
PRESTA RACK,,,a contacter,,,,,,,,,,,,maintenance,"Installation d'equipements electriques, de materiels electroniques et optiques ou d'autres materiels",BARLIN,,62,,,,,,,,,,,,,,,,,,,,,,,,,,,,,,,883018418,88301841800029,33.20D,,,,,,,,,,,sirene,
PRESTICLIM,,,a contacter,,,,,,,,,,,,maintenance,Installation de machines et equipements mecaniques,BIEVRES,,91,,,,,,,,,,,,,,,,,,,,,,,,,,,,,,,479760969,47976096900010,33.20B,,,,,,,,,,,sirene,
PRIMA,,,a contacter,,,,,,,,,,,,maintenance,Autres travaux d'installation n.c.a.,SAINT-RAPHAEL,,83,,,,,,,,,,,,,,,,,,,,,,,,,,,,,,,508570710,50857071000030,43.29B,,,,,,,,,,,sirene,
PRO BAT SERVICES,,,a contacter,,,,,,,,,,,,maintenance,Autres travaux d'installation n.c.a.,NEUILLY-SUR-MARNE,,93,,,,,,,,,,,,,,,,,,,,,,,,,,,,,,,883886632,88388663200032,43.29B,,,,,,,,,,,sirene,
PROCHIMA SEGALA SA,,,a contacter,,,,,,,,,,,,maintenance,Installation de machines et equipements mecaniques,VITRY-SUR-SEINE,,94,,,,,,,,,,,,,,,,,,,,,,,,,,,,,,,306101072,30610107200073,33.20B,,,,,,,,,,,sirene,
PROMAR LASHING AND HANDLING,,,a contacter,,,,,,,,,,,,maintenance,Installation de machines et equipements mecaniques,LE GRAND-QUEVILLY,,76,,,,,,,,,,,,,,,,,,,,,,,,,,,,,,,524408739,52440873900026,33.20B,,,,,,,,,,,sirene,
PROVENCE FROID,C,0,a contacter,,,,,,,,,,,,maintenance,Installation de machines et equipements mecaniques,VILLENEUVE,,04,,,,,,,https://www.pappers.fr/entreprise/328998729,https://annuaire-entreprises.data.gouv.fr/entreprise/328998729,https://www.google.com/maps/search/?api=1&query=PROVENCE+FROID+VILLENEUVE,https://www.google.com/search?q=PROVENCE+FROID+VILLENEUVE,https://www.linkedin.com/search/results/companies/?keywords=PROVENCE+FROID,https://www.pagesjaunes.fr/annuaire/chercherlespros?quoiqui=PROVENCE+FROID&ou=VILLENEUVE,https://www.societe.com/cgi-bin/search?champs=328998729,,,,,,,,,,,,,,,,FR53328998729,,328998729,32899872900045,33.20B,,,,,,,,non,oui,2026-08-02,sirene,
PROVENCE FROID INDUSTRIE,C,0,a contacter,,,,,,,,,,,,maintenance,Installation de machines et equipements mecaniques,AUBAGNE,,13,,,,,,,https://www.pappers.fr/entreprise/880752423,https://annuaire-entreprises.data.gouv.fr/entreprise/880752423,https://www.google.com/maps/search/?api=1&query=PROVENCE+FROID+INDUSTRIE+AUBAGNE,https://www.google.com/search?q=PROVENCE+FROID+INDUSTRIE+AUBAGNE,https://www.linkedin.com/search/results/companies/?keywords=PROVENCE+FROID+INDUSTRIE,https://www.pagesjaunes.fr/annuaire/chercherlespros?quoiqui=PROVENCE+FROID+INDUSTRIE&ou=AUBAGNE,https://www.societe.com/cgi-bin/search?champs=880752423,,,,,,,,,,,,,,,,FR76880752423,,880752423,88075242300033,33.20B,,,,,,,,non,oui,2026-08-02,sirene,
PROXI VAC,,,a contacter,,,,,,,,,,,,maintenance,Installation de machines et equipements mecaniques,SORBIERS,,42,,,,,,,,,,,,,,,,,,,,,,,,,,,,,,,489438804,48943880400036,33.20B,,,,,,,,,,,sirene,
PRS,,,a contacter,,,,,,,,,,,,maintenance,Installation de machines et equipements mecaniques,SAINT-PIERRE-DU-PERRAY,,91,,,,,,,,,,,,,,,,,,,,,,,,,,,,,,,315766311,31576631100031,33.20B,,,,,,,,,,,sirene,
PRS HEALTHCARE,,,a contacter,,,,,,,,,,,,maintenance,Reparation de materiels electroniques et optiques,SAINTE-FOY-LES-LYON,,69,,,,,,,,,,,,,,,,,,,,,,,,,,,,,,,450996947,45099694700021,33.13Z,,,,,,,,,,,sirene,
PYRENEES BATIMENT SERVICES,C,0,a contacter,,,,,,,,,,,,maintenance,Autres travaux d'installation n.c.a.,GALIE,,31,,,,,,,https://www.pappers.fr/entreprise/389086208,https://annuaire-entreprises.data.gouv.fr/entreprise/389086208,https://www.google.com/maps/search/?api=1&query=PYRENEES+BATIMENT+SERVICES+GALIE,https://www.google.com/search?q=PYRENEES+BATIMENT+SERVICES+GALIE,https://www.linkedin.com/search/results/companies/?keywords=PYRENEES+BATIMENT+SERVICES,https://www.pagesjaunes.fr/annuaire/chercherlespros?quoiqui=PYRENEES+BATIMENT+SERVICES&ou=GALIE,https://www.societe.com/cgi-bin/search?champs=389086208,,,,,,,,,,,,,,,,FR18389086208,,389086208,38908620800011,43.29B,,,,,,,,non,oui,2026-08-09,sirene,
QUAD SERVICE,,,a contacter,,,,,,,,,,,,maintenance,Reparation de materiels electroniques et optiques,ACHERES,,78,,,,,,,,,,,,,,,,,,,,,,,,,,,,,,,348765389,34876538900054,33.13Z,,,,,,,,,,,sirene,
QUONEX ALSATEL,,,a contacter,,,,,,,,,,,,maintenance,"Installation d'equipements electriques, de materiels electroniques et optiques ou d'autres materiels",HOLTZHEIM,,67,,,,,,,,,,,,,,,,,,,,,,,,,,,,,,,843672346,84367234600056,33.20D,,,,,,,,,,,sirene,
R ET O  ELECTROMECANIQUE,,,a contacter,,,,,,,,,,,,maintenance,Reparation d'equipements electriques,SAINT-PRIEST,,69,,,,,,,,,,,,,,,,,,,,,,,,,,,,,,,790502637,79050263700024,33.14Z,,,,,,,,,,,sirene,
R FROID MONCOURTOIS,,,a contacter,,,,,,,,,,,,maintenance,Installation de machines et equipements mecaniques,MONTCOURT-FROMONVILLE,,77,,,,,,,,,,,,,,,,,,,,,,,,,,,,,,,483717740,48371774000029,33.20B,,,,,,,,,,,sirene,
R TEC SAS,,,a contacter,,,,,,,,,,,,maintenance,Installation de machines et equipements mecaniques,CHOISY-LE-ROI,,94,,,,,,,,,,,,,,,,,,,,,,,,,,,,,,,829012327,82901232700039,33.20B,,,,,,,,,,,sirene,
R-HYDRAU,,,a contacter,,,,,,,,,,,,maintenance,Reparation de machines et equipements mecaniques,LE MANS,,72,,,,,,,,,,,,,,,,,,,,,,,,,,,,,,,505402008,50540200800013,33.12Z,,,,,,,,,,,sirene,
RAVEY ET CIE,,,a contacter,,,,,,,,,,,,maintenance,Reparation d'equipements electriques,CRISSEY,,71,,,,,,,,,,,,,,,,,,,,,,,,,,,,,,,315985507,31598550700039,33.14Z,,,,,,,,,,,sirene,
RCIM,,,a contacter,,,,,,,,,,,,maintenance,Reparation de machines et equipements mecaniques,FLERS EN ESCREBIEUX,,59,,,,,,,,,,,,,,,,,,,,,,,,,,,,,,,520256108,52025610800041,33.12Z,,,,,,,,,,,sirene,
REAL ECO FROID,,,a contacter,,,,,,,,,,,,maintenance,Installation de machines et equipements mecaniques,CHEVILLY-LARUE,,94,,,,,,,,,,,,,,,,,,,,,,,,,,,,,,,884226218,88422621800011,33.20B,,,,,,,,,,,sirene,
RECUPERATION AGRICOLE GADET,,,a contacter,,,,,,,,,,,,maintenance,Reparation de machines et equipements mecaniques,BARACE,,49,,,,,,,,,,,,,,,,,,,,,,,,,,,,,,,382430213,38243021300019,33.12Z,,,,,,,,,,,sirene,
REDSISS,,,a contacter,,,,,,,,,,,,maintenance,"Installation d'equipements electriques, de materiels electroniques et optiques ou d'autres materiels",FEYTIAT,,87,,,,,,,,,,,,,,,,,,,,,,,,,,,,,,,881562896,88156289600020,33.20D,,,,,,,,,,,sirene,
REEL CMF,,,a contacter,,,,,,,,,,,,maintenance,Reparation de machines et equipements mecaniques,SAINT-CYR-AU-MONT-D'OR,,69,,,,,,,,,,,,,,,,,,,,,,,,,,,,,,,905290268,90529026800010,33.12Z,,,,,,,,,,,sirene,
REFRACENTRE,,,a contacter,,,,,,,,,,,,maintenance,Reparation de machines et equipements mecaniques,VEYRE-MONTON,,63,,,,,,,,,,,,,,,,,,,,,,,,,,,,,,,352772297,35277229700029,33.12Z,,,,,,,,,,,sirene,
REFRIGERATION CHAUFFE AUTOMATISME PAR ABREVIATION R C A,,,a contacter,,,,,,,,,,,,maintenance,Reparation de machines et equipements mecaniques,CHABANIERE,,69,,,,,,,,,,,,,,,,,,,,,,,,,,,,,,,497985549,49798554900011,33.12Z,,,,,,,,,,,sirene,
REGIONAL ASCENSEURS OUEST,,,a contacter,,,,,,,,,,,,maintenance,Autres travaux d'installation n.c.a.,MIGNE-AUXANCES,,86,,,,,,,,,,,,,,,,,,,,,,,,,,,,,,,429707920,42970792000055,43.29B,,,,,,,,,,,sirene,
REMA GROUPE,,,a contacter,,,,,,,,,,,,maintenance,Reparation de machines et equipements mecaniques,ARGENTEUIL,,95,,,,,,,,,,,,,,,,,,,,,,,,,,,,,,,333088714,33308871400055,33.12Z,,,,,,,,,,,sirene,
RENK FRANCE,,,a contacter,,,,,,,,,,,,maintenance,Reparation de machines et equipements mecaniques,SAINT-OUEN-L'AUMONE,,95,,,,,,,,,,,,,,,,,,,,,,,,,,,,,,,319580320,31958032000038,33.12Z,,,,,,,,,,,sirene,
RENOVATION MACHINES INDUSTRIELLES,,,a contacter,,,,,,,,,,,,maintenance,Reparation de machines et equipements mecaniques,NOMENY,,54,,,,,,,,,,,,,,,,,,,,,,,,,,,,,,,489334516,48933451600064,33.12Z,,,,,,,,,,,sirene,
RENOVATION POMPES VANNES INDUSTRIELLES,C,0,a contacter,,,,,,,,,,,,maintenance,Reparation de machines et equipements mecaniques,SAINT-DENIS-DE-PILE,,33,,,,,,,https://www.pappers.fr/entreprise/379262967,https://annuaire-entreprises.data.gouv.fr/entreprise/379262967,https://www.google.com/maps/search/?api=1&query=RENOVATION+POMPES+VANNES+INDUSTRIELLES+SAINT-DENIS-DE-PILE,https://www.google.com/search?q=RENOVATION+POMPES+VANNES+INDUSTRIELLES+SAINT-DENIS-DE-PILE,https://www.linkedin.com/search/results/companies/?keywords=RENOVATION+POMPES+VANNES+INDUSTRIELLES,https://www.pagesjaunes.fr/annuaire/chercherlespros?quoiqui=RENOVATION+POMPES+VANNES+INDUSTRIELLES&ou=SAINT-DENIS-DE-PILE,https://www.societe.com/cgi-bin/search?champs=379262967,,,,,,,,,,,,,,,,FR59379262967,,379262967,37926296700035,33.12Z,,,,,,,,non,oui,2026-08-09,sirene,
REPARATION DE MOTEURS ELECTRIQUES INDUSTRIELS - RMEI,,,a contacter,,,,,,,,,,,,maintenance,Reparation d'equipements electriques,LE MEUX,,60,,,,,,,,,,,,,,,,,,,,,,,,,,,,,,,392195764,39219576400015,33.14Z,,,,,,,,,,,sirene,
RESEAUTEL S A S,,,a contacter,,,,,,,,,,,,maintenance,"Installation d'equipements electriques, de materiels electroniques et optiques ou d'autres materiels",LISSIEU,,69,,,,,,,,,,,,,,,,,,,,,,,,,,,,,,,438992679,43899267900052,33.20D,,,,,,,,,,,sirene,
RESEAUX MAINTENANCE SERVICE,,,a contacter,,,,,,,,,,,,maintenance,Installation de machines et equipements mecaniques,BRECE,,35,,,,,,,,,,,,,,,,,,,,,,,,,,,,,,,838470441,83847044100018,33.20B,,,,,,,,,,,sirene,
RESTAUR ETUDE CONSEIL MATERIEL ANNEXE,,,a contacter,,,,,,,,,,,,maintenance,Reparation de machines et equipements mecaniques,PARIS,,75,,,,,,,,,,,,,,,,,,,,,,,,,,,,,,,413359001,41335900100034,33.12Z,,,,,,,,,,,sirene,
RETAIL ROBOTICS FRANCE,,,a contacter,,,,,,,,,,,,maintenance,Installation de machines et equipements mecaniques,GRIGNY,,91,,,,,,,,,,,,,,,,,,,,,,,,,,,,,,,899841191,89984119100013,33.20B,,,,,,,,,,,sirene,
RETAUX NEGOCE,,,a contacter,,,,,,,,,,,,maintenance,Reparation de machines et equipements mecaniques,RUYAULCOURT,,62,,,,,,,,,,,,,,,,,,,,,,,,,,,,,,,403842735,40384273500017,33.12Z,,,,,,,,,,,sirene,
REUNIMER MAINTENANCE,,,a contacter,,,,,,,,,,,,maintenance,Reparation de machines et equipements mecaniques,LE PORT,,974,,,,,,,,,,,,,,,,,,,,,,,,,,,,,,,797904034,79790403400031,33.12Z,,,,,,,,,,,sirene,
REUNION TELECOM,,,a contacter,,,,,,,,,,,,maintenance,"Installation d'equipements electriques, de materiels electroniques et optiques ou d'autres materiels",SAINT-DENIS,,974,,,,,,,,,,,,,,,,,,,,,,,,,,,,,,,350401824,35040182400072,33.20D,,,,,,,,,,,sirene,
REVIMA SOA SAS,,,a contacter,,,,,,,,,,,,maintenance,Reparation de machines et equipements mecaniques,SAINT-OUEN-L'AUMONE,,95,,,,,,,,,,,,,,,,,,,,,,,,,,,,,,,344708136,34470813600025,33.12Z,,,,,,,,,,,sirene,
RHF SERVICES,,,a contacter,,,,,,,,,,,,maintenance,Reparation de machines et equipements mecaniques,COLOMBES,,92,,,,,,,,,,,,,,,,,,,,,,,,,,,,,,,328123880,32812388000044,33.12Z,,,,,,,,,,,sirene,
RHONE ENERGIES,,,a contacter,,,,,,,,,,,,maintenance,Reparation d'equipements electriques,VILLEURBANNE,,69,,,,,,,,,,,,,,,,,,,,,,,,,,,,,,,534683057,53468305700028,33.14Z,,,,,,,,,,,sirene,
RHONE-ALPES ASCENSEURS,C,0,a contacter,,,,,,,,,,,,maintenance,Autres travaux d'installation n.c.a.,BRIGNAIS,,69,,,,,,,https://www.pappers.fr/entreprise/814485819,https://annuaire-entreprises.data.gouv.fr/entreprise/814485819,https://www.google.com/maps/search/?api=1&query=RHONE-ALPES+ASCENSEURS+BRIGNAIS,https://www.google.com/search?q=RHONE-ALPES+ASCENSEURS+BRIGNAIS,https://www.linkedin.com/search/results/companies/?keywords=RHONE-ALPES+ASCENSEURS,https://www.pagesjaunes.fr/annuaire/chercherlespros?quoiqui=RHONE-ALPES+ASCENSEURS&ou=BRIGNAIS,https://www.societe.com/cgi-bin/search?champs=814485819,,,,,,,,,,,,,,,,FR18814485819,,814485819,81448581900043,43.29B,,,,,,,,non,oui,2026-08-03,sirene,
RIVIERE SCHINDLER,,,a contacter,,,,,,,,,,,,maintenance,Autres travaux d'installation n.c.a.,SAINT-PIERRE,,974,,,,,,,,,,,,,,,,,,,,,,,,,,,,,,,398160366,39816036600025,43.29B,,,,,,,,,,,sirene,
RMBS,,,a contacter,,,,,,,,,,,,maintenance,Autres travaux d'installation n.c.a.,BELLOY-EN-FRANCE,,95,,,,,,,,,,,,,,,,,,,,,,,,,,,,,,,821186426,82118642600028,43.29B,,,,,,,,,,,sirene,
ROISSY HYDRO SERVICE,,,a contacter,,,,,,,,,,,,maintenance,Reparation de machines et equipements mecaniques,THIEUX,,77,,,,,,,,,,,,,,,,,,,,,,,,,,,,,,,326048345,32604834500028,33.12Z,,,,,,,,,,,sirene,
ROUSSEL STORES,,,a contacter,,,,,,,,,,,,maintenance,Autres travaux d'installation n.c.a.,PARIS,,75,,,,,,,,,,,,,,,,,,,,,,,,,,,,,,,692037435,69203743500033,43.29B,,,,,,,,,,,sirene,
RS ASCENSEURS,,,a contacter,,,,,,,,,,,,maintenance,Autres travaux d'installation n.c.a.,PARIS,,75,,,,,,,,,,,,,,,,,,,,,,,,,,,,,,,504343195,50434319500021,43.29B,,,,,,,,,,,sirene,
RS NORMANDIE,,,a contacter,,,,,,,,,,,,maintenance,Reparation de machines et equipements mecaniques,PORT-JEROME-SUR-SEINE,,76,,,,,,,,,,,,,,,,,,,,,,,,,,,,,,,428735807,42873580700011,33.12Z,,,,,,,,,,,sirene,
RUGA,,,a contacter,,,,,,,,,,,,maintenance,Reparation de machines et equipements mecaniques,SEYSSINS,,38,,,,,,,,,,,,,,,,,,,,,,,,,,,,,,,429330707,42933070700028,33.12Z,,,,,,,,,,,sirene,
RUIZ INDUSTRIE,C,0,a contacter,,,,,,,,,,,,maintenance,Reparation de machines et equipements mecaniques,POUSSAN,,34,,,,,,,https://www.pappers.fr/entreprise/422795351,https://annuaire-entreprises.data.gouv.fr/entreprise/422795351,https://www.google.com/maps/search/?api=1&query=RUIZ+INDUSTRIE+POUSSAN,https://www.google.com/search?q=RUIZ+INDUSTRIE+POUSSAN,https://www.linkedin.com/search/results/companies/?keywords=RUIZ+INDUSTRIE,https://www.pagesjaunes.fr/annuaire/chercherlespros?quoiqui=RUIZ+INDUSTRIE&ou=POUSSAN,https://www.societe.com/cgi-bin/search?champs=422795351,,,,,,,,,,,,,,,,FR00422795351,,422795351,42279535100010,33.12Z,,,,,,,,non,oui,2026-08-10,sirene,
RUSU,,,a contacter,,,,,,,,,,,,maintenance,Autres travaux d'installation n.c.a.,SAINT-GERMAIN-EN-LAYE,,78,,,,,,,,,,,,,,,,,,,,,,,,,,,,,,,827529827,82752982700038,43.29B,,,,,,,,,,,sirene,
S 4F,,,a contacter,,,,,,,,,,,,maintenance,Reparation de machines et equipements mecaniques,LE PORT,,974,,,,,,,,,,,,,,,,,,,,,,,,,,,,,,,324927821,32492782100037,33.12Z,,,,,,,,,,,sirene,
S E I A,C,0,a contacter,,,,,,,,,,,,maintenance,Reparation de materiels electroniques et optiques,NARBONNE,,11,,,,,,,https://www.pappers.fr/entreprise/439239872,https://annuaire-entreprises.data.gouv.fr/entreprise/439239872,https://www.google.com/maps/search/?api=1&query=S+E+I+A+NARBONNE,https://www.google.com/search?q=S+E+I+A+NARBONNE,https://www.linkedin.com/search/results/companies/?keywords=S+E+I+A,https://www.pagesjaunes.fr/annuaire/chercherlespros?quoiqui=S+E+I+A&ou=NARBONNE,https://www.societe.com/cgi-bin/search?champs=439239872,,,,,,,,,,,,,,,,FR42439239872,,439239872,43923987200039,33.13Z,,,,,,,,non,oui,2026-08-04,sirene,
S.A.M,,,a contacter,,,,,,,,,,,,maintenance,Reparation de machines et equipements mecaniques,SAINTE-HELENE-SUR-ISERE,,73,,,,,,,,,,,,,,,,,,,,,,,,,,,,,,,813347879,81334787900039,33.12Z,,,,,,,,,,,sirene,
S.A.S SUD MAINTENANCE,C,0,a contacter,,,,,,,,,,,,maintenance,Autres travaux d'installation n.c.a.,MAUGUIO,,34,,,,,,,https://www.pappers.fr/entreprise/528040439,https://annuaire-entreprises.data.gouv.fr/entreprise/528040439,https://www.google.com/maps/search/?api=1&query=S.A.S+SUD+MAINTENANCE+MAUGUIO,https://www.google.com/search?q=S.A.S+SUD+MAINTENANCE+MAUGUIO,https://www.linkedin.com/search/results/companies/?keywords=S.A.S+SUD+MAINTENANCE,https://www.pagesjaunes.fr/annuaire/chercherlespros?quoiqui=S.A.S+SUD+MAINTENANCE&ou=MAUGUIO,https://www.societe.com/cgi-bin/search?champs=528040439,,,,,,,,,,,,,,,,FR70528040439,,528040439,52804043900051,43.29B,,,,,,,,non,oui,2026-08-10,sirene,
S.A.S. ROLLEE CLAUDE,,,a contacter,,,,,,,,,,,,maintenance,Installation de machines et equipements mecaniques,CHAUMONT,,52,,,,,,,,,,,,,,,,,,,,,,,,,,,,,,,533873915,53387391500011,33.20B,,,,,,,,,,,sirene,
S.C.T.M.,,,a contacter,,,,,,,,,,,,maintenance,Reparation de machines et equipements mecaniques,MONTCHANIN,,71,,,,,,,,,,,,,,,,,,,,,,,,,,,,,,,390804854,39080485400052,33.12Z,,,,,,,,,,,sirene,
S.E.P.C.O.,,,a contacter,,,,,,,,,,,,maintenance,Installation de machines et equipements mecaniques,SAINT-MARTIN-DE-SEIGNANX,,40,,,,,,,,,,,,,,,,,,,,,,,,,,,,,,,814856654,81485665400029,33.20B,,,,,,,,,,,sirene,
S.F.R. (SERVICE FOURNITURE REFRACTAIRE),C,0,a contacter,,,,,,,,,,,,maintenance,Reparation de machines et equipements mecaniques,GAILLON,,27,,,,,,,https://www.pappers.fr/entreprise/391297090,https://annuaire-entreprises.data.gouv.fr/entreprise/391297090,https://www.google.com/maps/search/?api=1&query=S.F.R.+%28SERVICE+FOURNITURE+REFRACTAIRE%29+GAILLON,https://www.google.com/search?q=S.F.R.+%28SERVICE+FOURNITURE+REFRACTAIRE%29+GAILLON,https://www.linkedin.com/search/results/companies/?keywords=S.F.R.+%28SERVICE+FOURNITURE+REFRACTAIRE%29,https://www.pagesjaunes.fr/annuaire/chercherlespros?quoiqui=S.F.R.+%28SERVICE+FOURNITURE+REFRACTAIRE%29&ou=GAILLON,https://www.societe.com/cgi-bin/search?champs=391297090,,,,,,,,,,,,,,,,FR95391297090,,391297090,39129709000030,33.12Z,,,,,,,,non,oui,2026-08-08,sirene,
S.M.M ENERGIE,,,a contacter,,,,,,,,,,,,maintenance,"Installation d'equipements electriques, de materiels electroniques et optiques ou d'autres materiels",AUBERGENVILLE,,78,,,,,,,,,,,,,,,,,,,,,,,,,,,,,,,384663217,38466321700030,33.20D,,,,,,,,,,,sirene,
S.M.P ENERGIES,,,a contacter,,,,,,,,,,,,maintenance,Reparation de machines et equipements mecaniques,CHATEAU-RENARD,,45,,,,,,,,,,,,,,,,,,,,,,,,,,,,,,,417549029,41754902900011,33.12Z,,,,,,,,,,,sirene,
S.O.S MOTEUR,,,a contacter,,,,,,,,,,,,maintenance,Reparation de machines et equipements mecaniques,HYERES,,83,,,,,,,,,,,,,,,,,,,,,,,,,,,,,,,528539133,52853913300074,33.12Z,,,,,,,,,,,sirene,
S.R.C.A TRAVAUX,,,a contacter,,,,,,,,,,,,maintenance,Reparation de machines et equipements mecaniques,SAINT-PAUL,,974,,,,,,,,,,,,,,,,,,,,,,,,,,,,,,,833514821,83351482100010,33.12Z,,,,,,,,,,,sirene,
SA MANIEZ,,,a contacter,,,,,,,,,,,,maintenance,Installation de machines et equipements mecaniques,LOCON,,62,,,,,,,,,,,,,,,,,,,,,,,,,,,,,,,364200295,36420029500012,33.20B,,,,,,,,,,,sirene,
SA MIDI PESAGE,C,0,a contacter,,,,,,,,,,,,maintenance,Reparation de machines et equipements mecaniques,LE THOR,,84,,,,,,,https://www.pappers.fr/entreprise/383149002,https://annuaire-entreprises.data.gouv.fr/entreprise/383149002,https://www.google.com/maps/search/?api=1&query=SA+MIDI+PESAGE+LE+THOR,https://www.google.com/search?q=SA+MIDI+PESAGE+LE+THOR,https://www.linkedin.com/search/results/companies/?keywords=SA+MIDI+PESAGE,https://www.pagesjaunes.fr/annuaire/chercherlespros?quoiqui=SA+MIDI+PESAGE&ou=LE+THOR,https://www.societe.com/cgi-bin/search?champs=383149002,,,,,,,,,,,,,,,,FR25383149002,,383149002,38314900200032,33.12Z,,,,,,,,non,oui,2026-08-03,sirene,
SABECKS CLIMATISATION,,,a contacter,,,,,,,,,,,,maintenance,Installation de machines et equipements mecaniques,MATOURY,,973,,,,,,,,,,,,,,,,,,,,,,,,,,,,,,,841654346,84165434600029,33.20B,,,,,,,,,,,sirene,
SACHOT,,,a contacter,,,,,,,,,,,,maintenance,Autres travaux d'installation n.c.a.,LA CHAIZE-LE-VICOMTE,,85,,,,,,,,,,,,,,,,,,,,,,,,,,,,,,,495150823,49515082300021,43.29B,,,,,,,,,,,sirene,
SAD S.A.V.,,,a contacter,,,,,,,,,,,,maintenance,Reparation de machines et equipements mecaniques,BAIE-MAHAULT,,971,,,,,,,,,,,,,,,,,,,,,,,,,,,,,,,510937600,51093760000011,33.12Z,,,,,,,,,,,sirene,
SAGEER CARAIBES,,,a contacter,,,,,,,,,,,,maintenance,"Installation d'equipements electriques, de materiels electroniques et optiques ou d'autres materiels",SAINTE-LUCE,,972,,,,,,,,,,,,,,,,,,,,,,,,,,,,,,,822081600,82208160000022,33.20D,,,,,,,,,,,sirene,
SAJECLIM,,,a contacter,,,,,,,,,,,,maintenance,Installation de machines et equipements mecaniques,LA MOTTE-SERVOLEX,,73,,,,,,,,,,,,,,,,,,,,,,,,,,,,,,,314746785,31474678500034,33.20B,,,,,,,,,,,sirene,
SAJEMAT,,,a contacter,,,,,,,,,,,,maintenance,Installation de machines et equipements mecaniques,LA MOTTE-SERVOLEX,,73,,,,,,,,,,,,,,,,,,,,,,,,,,,,,,,910443282,91044328200017,33.20B,,,,,,,,,,,sirene,
SALAGER SERRA,C,0,a contacter,,,,,,,,,,,,maintenance,Installation de machines et equipements mecaniques,PRADES-LE-LEZ,,34,,,,,,,https://www.pappers.fr/entreprise/331476804,https://annuaire-entreprises.data.gouv.fr/entreprise/331476804,https://www.google.com/maps/search/?api=1&query=SALAGER+SERRA+PRADES-LE-LEZ,https://www.google.com/search?q=SALAGER+SERRA+PRADES-LE-LEZ,https://www.linkedin.com/search/results/companies/?keywords=SALAGER+SERRA,https://www.pagesjaunes.fr/annuaire/chercherlespros?quoiqui=SALAGER+SERRA&ou=PRADES-LE-LEZ,https://www.societe.com/cgi-bin/search?champs=331476804,,,,,,,,,,,,,,,,FR04331476804,,331476804,33147680400033,33.20B,,,,,,,,non,oui,2026-08-10,sirene,
SAM RHONE,,,a contacter,,,,,,,,,,,,maintenance,Autres travaux d'installation n.c.a.,MORNANT,,69,,,,,,,,,,,,,,,,,,,,,,,,,,,,,,,532103736,53210373600056,43.29B,,,,,,,,,,,sirene,
SAMBRE MAINTENANCE,,,a contacter,,,,,,,,,,,,maintenance,Reparation de machines et equipements mecaniques,FEIGNIES,,59,,,,,,,,,,,,,,,,,,,,,,,,,,,,,,,844790683,84479068300016,33.12Z,,,,,,,,,,,sirene,
SANEI ELEVATORS FRANCE,,,a contacter,,,,,,,,,,,,maintenance,Autres travaux d'installation n.c.a.,LISSES,,91,,,,,,,,,,,,,,,,,,,,,,,,,,,,,,,791529530,79152953000028,43.29B,,,,,,,,,,,sirene,
SANOLEC,,,a contacter,,,,,,,,,,,,maintenance,Reparation d'equipements electriques,NIEDERHERGHEIM,,68,,,,,,,,,,,,,,,,,,,,,,,,,,,,,,,402604318,40260431800053,33.14Z,,,,,,,,,,,sirene,
SANYCARE,,,a contacter,,,,,,,,,,,,maintenance,Reparation de machines et equipements mecaniques,MIONS,,69,,,,,,,,,,,,,,,,,,,,,,,,,,,,,,,814132098,81413209800033,33.12Z,,,,,,,,,,,sirene,
SARFIC,,,a contacter,,,,,,,,,,,,maintenance,"Installation d'equipements electriques, de materiels electroniques et optiques ou d'autres materiels",VILLENEUVE-LE-ROI,,94,,,,,,,,,,,,,,,,,,,,,,,,,,,,,,,785711409,78571140900058,33.20D,,,,,,,,,,,sirene,
SARI H2O,,,a contacter,,,,,,,,,,,,maintenance,Installation de machines et equipements mecaniques,SARI D'ORCINO,,2A,,,,,,,,,,,,,,,,,,,,,,,,,,,,,,,800134462,80013446200012,33.20B,,,,,,,,,,,sirene,
SARL ABARNOU,,,a contacter,,,,,,,,,,,,maintenance,"Installation d'equipements electriques, de materiels electroniques et optiques ou d'autres materiels",LE TRAIT,,76,,,,,,,,,,,,,,,,,,,,,,,,,,,,,,,444976211,44497621100029,33.20D,,,,,,,,,,,sirene,
SARL APC,,,a contacter,,,,,,,,,,,,maintenance,Autres travaux d'installation n.c.a.,LA CHATRE,,36,,,,,,,,,,,,,,,,,,,,,,,,,,,,,,,448170316,44817031600021,43.29B,,,,,,,,,,,sirene,
SARL CREAPUB,,,a contacter,,,,,,,,,,,,maintenance,Autres travaux d'installation n.c.a.,WIMEREUX,,62,,,,,,,,,,,,,,,,,,,,,,,,,,,,,,,433119625,43311962500021,43.29B,,,,,,,,,,,sirene,
SARL CUISINES INSTALLATIONS MACHINES AIR,,,a contacter,,,,,,,,,,,,maintenance,Installation de machines et equipements mecaniques,BORDERES-SUR-L'ECHEZ,,65,,,,,,,,,,,,,,,,,,,,,,,,,,,,,,,339900581,33990058100051,33.20B,,,,,,,,,,,sirene,
SARL DA-MI,,,a contacter,,,,,,,,,,,,maintenance,Reparation de machines et equipements mecaniques,BRESLES,,60,,,,,,,,,,,,,,,,,,,,,,,,,,,,,,,445045347,44504534700041,33.12Z,,,,,,,,,,,sirene,
SARL DENIS GUILLET,,,a contacter,,,,,,,,,,,,maintenance,Reparation de machines et equipements mecaniques,CONDE-SUR-VIRE,,50,,,,,,,,,,,,,,,,,,,,,,,,,,,,,,,421339714,42133971400014,33.12Z,,,,,,,,,,,sirene,
SARL DROUOT VOSGES MAINTENANCE,,,a contacter,,,,,,,,,,,,maintenance,Reparation de machines et equipements mecaniques,HADOL,,88,,,,,,,,,,,,,,,,,,,,,,,,,,,,,,,432400075,43240007500029,33.12Z,,,,,,,,,,,sirene,
SARL DT FROID,,,a contacter,,,,,,,,,,,,maintenance,Installation de machines et equipements mecaniques,PERENCHIES,,59,,,,,,,,,,,,,,,,,,,,,,,,,,,,,,,489122663,48912266300037,33.20B,,,,,,,,,,,sirene,
SARL EX PA BA,,,a contacter,,,,,,,,,,,,maintenance,Reparation d'equipements electriques,USTARITZ,,64,,,,,,,,,,,,,,,,,,,,,,,,,,,,,,,437688294,43768829400044,33.14Z,,,,,,,,,,,sirene,
SARL FRAMAFER,,,a contacter,,,,,,,,,,,,maintenance,"Installation d'equipements electriques, de materiels electroniques et optiques ou d'autres materiels",LA VERRIERE,,78,,,,,,,,,,,,,,,,,,,,,,,,,,,,,,,484414230,48441423000033,33.20D,,,,,,,,,,,sirene,
SARL GARAGE FREDERIC BOSSEUR,C,0,a contacter,,,,,,,,,,,,maintenance,Reparation de machines et equipements mecaniques,PLOURIN-LES-MORLAIX,,29,,,,,,,https://www.pappers.fr/entreprise/440276426,https://annuaire-entreprises.data.gouv.fr/entreprise/440276426,https://www.google.com/maps/search/?api=1&query=SARL+GARAGE+FREDERIC+BOSSEUR+PLOURIN-LES-MORLAIX,https://www.google.com/search?q=SARL+GARAGE+FREDERIC+BOSSEUR+PLOURIN-LES-MORLAIX,https://www.linkedin.com/search/results/companies/?keywords=SARL+GARAGE+FREDERIC+BOSSEUR,https://www.pagesjaunes.fr/annuaire/chercherlespros?quoiqui=SARL+GARAGE+FREDERIC+BOSSEUR&ou=PLOURIN-LES-MORLAIX,https://www.societe.com/cgi-bin/search?champs=440276426,,,,,,,,,,,,,,,,FR78440276426,,440276426,44027642600036,33.12Z,,,,,,,,non,oui,2026-08-08,sirene,
SARL HENRI DEHONDT,,,a contacter,,,,,,,,,,,,maintenance,Installation de machines et equipements mecaniques,TETEGHEM-COUDEKERQUE-VILLAGE,,59,,,,,,,,,,,,,,,,,,,,,,,,,,,,,,,418609004,41860900400019,33.20B,,,,,,,,,,,sirene,
SARL HENRI PUJADE,C,0,a contacter,,,,,,,,,,,,maintenance,Reparation de machines et equipements mecaniques,CARBONNE,,31,,,,,,,https://www.pappers.fr/entreprise/351400452,https://annuaire-entreprises.data.gouv.fr/entreprise/351400452,https://www.google.com/maps/search/?api=1&query=SARL+HENRI+PUJADE+CARBONNE,https://www.google.com/search?q=SARL+HENRI+PUJADE+CARBONNE,https://www.linkedin.com/search/results/companies/?keywords=SARL+HENRI+PUJADE,https://www.pagesjaunes.fr/annuaire/chercherlespros?quoiqui=SARL+HENRI+PUJADE&ou=CARBONNE,https://www.societe.com/cgi-bin/search?champs=351400452,,,,,,,,,,,,,,,,FR33351400452,,351400452,35140045200014,33.12Z,,,,,,,,non,oui,2026-08-08,sirene,
SARL HYDRAULIQUE MECANIQUE SERVICE,,,a contacter,,,,,,,,,,,,maintenance,Reparation de machines et equipements mecaniques,BOUZINCOURT,,80,,,,,,,,,,,,,,,,,,,,,,,,,,,,,,,391797875,39179787500013,33.12Z,,,,,,,,,,,sirene,
SARL LEMONNIER,,,a contacter,,,,,,,,,,,,maintenance,Autres travaux d'installation n.c.a.,MONTEVRAIN,,77,,,,,,,,,,,,,,,,,,,,,,,,,,,,,,,383988995,38398899500049,43.29B,,,,,,,,,,,sirene,
SARL MENUET,,,a contacter,,,,,,,,,,,,maintenance,Installation de machines et equipements mecaniques,CHALLANS,,85,,,,,,,,,,,,,,,,,,,,,,,,,,,,,,,383335726,38333572600022,33.20B,,,,,,,,,,,sirene,
SARL O.M.S. INDUSTRIE,,,a contacter,,,,,,,,,,,,maintenance,Installation de machines et equipements mecaniques,CHAPONNAY,,69,,,,,,,,,,,,,,,,,,,,,,,,,,,,,,,449035153,44903515300021,33.20B,,,,,,,,,,,sirene,
SARL PROFIBRE,,,a contacter,,,,,,,,,,,,maintenance,Reparation de materiels electroniques et optiques,TARARE,,69,,,,,,,,,,,,,,,,,,,,,,,,,,,,,,,480576537,48057653700033,33.13Z,,,,,,,,,,,sirene,
SARL RIVIERE ET FILS,,,a contacter,,,,,,,,,,,,maintenance,Reparation de machines et equipements mecaniques,BENAIS,,37,,,,,,,,,,,,,,,,,,,,,,,,,,,,,,,344681606,34468160600028,33.12Z,,,,,,,,,,,sirene,
SARL TECHMACOM,,,a contacter,,,,,,,,,,,,maintenance,Reparation de machines et equipements mecaniques,BETTANCOURT-LA-FERREE,,52,,,,,,,,,,,,,,,,,,,,,,,,,,,,,,,448486845,44848684500044,33.12Z,,,,,,,,,,,sirene,
SARL TECHNITRAITE FROID,C,0,a contacter,,,,,,,,,,,,maintenance,Reparation de machines et equipements mecaniques,LA CHAPELLE-BAYVEL,,27,,,,,,,https://www.pappers.fr/entreprise/418875878,https://annuaire-entreprises.data.gouv.fr/entreprise/418875878,https://www.google.com/maps/search/?api=1&query=SARL+TECHNITRAITE+FROID+LA+CHAPELLE-BAYVEL,https://www.google.com/search?q=SARL+TECHNITRAITE+FROID+LA+CHAPELLE-BAYVEL,https://www.linkedin.com/search/results/companies/?keywords=SARL+TECHNITRAITE+FROID,https://www.pagesjaunes.fr/annuaire/chercherlespros?quoiqui=SARL+TECHNITRAITE+FROID&ou=LA+CHAPELLE-BAYVEL,https://www.societe.com/cgi-bin/search?champs=418875878,,,,,,,,,,,,,,,,FR18418875878,,418875878,41887587800021,33.12Z,,,,,,,,non,oui,2026-08-05,sirene,
SARL TECNITUDE,,,a contacter,,,,,,,,,,,,maintenance,Reparation de machines et equipements mecaniques,ASPACH-MICHELBACH,,68,,,,,,,,,,,,,,,,,,,,,,,,,,,,,,,434275293,43427529300042,33.12Z,,,,,,,,,,,sirene,
SARL VAISON FROID,,,a contacter,,,,,,,,,,,,maintenance,Installation de machines et equipements mecaniques,VAISON-LA-ROMAINE,,84,,,,,,,,,,,,,,,,,,,,,,,,,,,,,,,334595758,33459575800015,33.20B,,,,,,,,,,,sirene,
"SAS AGENCEMENT,RECHERCHE,CREATION,ACTIONS,SERVICES",C,0,a contacter,,,,,,,,,,,,maintenance,Installation de machines et equipements mecaniques,GALLARDON,,28,,,,,,,https://www.pappers.fr/entreprise/877483289,https://annuaire-entreprises.data.gouv.fr/entreprise/877483289,https://www.google.com/maps/search/?api=1&query=SAS+AGENCEMENT%2CRECHERCHE%2CCREATION%2CACTIONS%2CSERVICES+GALLARDON,https://www.google.com/search?q=SAS+AGENCEMENT%2CRECHERCHE%2CCREATION%2CACTIONS%2CSERVICES+GALLARDON,https://www.linkedin.com/search/results/companies/?keywords=SAS+AGENCEMENT%2CRECHERCHE%2CCREATION%2CACTIONS%2CSERVICES,https://www.pagesjaunes.fr/annuaire/chercherlespros?quoiqui=SAS+AGENCEMENT%2CRECHERCHE%2CCREATION%2CACTIONS%2CSERVICES&ou=GALLARDON,https://www.societe.com/cgi-bin/search?champs=877483289,,,,,,,,,,,,,,,,FR53877483289,,877483289,87748328900022,33.20B,,,,,,,,non,oui,2026-08-08,sirene,
SAS GBM,,,a contacter,,,,,,,,,,,,maintenance,Installation de machines et equipements mecaniques,ELVEN,,56,,,,,,,,,,,,,,,,,,,,,,,,,,,,,,,812780724,81278072400025,33.20B,,,,,,,,,,,sirene,
SAS INTERNATIONALE DES ENERGIES RENOUVELABLES PRODUCTION EXPLOITATION CONSTRUCTION,,,a contacter,,,,,,,,,,,,maintenance,Installation de machines et equipements mecaniques,ARGENTEUIL,,95,,,,,,,,,,,,,,,,,,,,,,,,,,,,,,,652024142,65202414200075,33.20B,,,,,,,,,,,sirene,
SAS J.LALIN,,,a contacter,,,,,,,,,,,,maintenance,Installation de machines et equipements mecaniques,CHAUMONT,,52,,,,,,,,,,,,,,,,,,,,,,,,,,,,,,,451932982,45193298200023,33.20B,,,,,,,,,,,sirene,
SAS LTBO,,,a contacter,,,,,,,,,,,,maintenance,Autres travaux d'installation n.c.a.,EPINAL,,88,,,,,,,,,,,,,,,,,,,,,,,,,,,,,,,482744042,48274404200037,43.29B,,,,,,,,,,,sirene,
SAS PMI,,,a contacter,,,,,,,,,,,,maintenance,Reparation de machines et equipements mecaniques,LE PORT,,974,,,,,,,,,,,,,,,,,,,,,,,,,,,,,,,444338909,44433890900013,33.12Z,,,,,,,,,,,sirene,
SBF ENERGIES,,,a contacter,,,,,,,,,,,,maintenance,Installation de machines et equipements mecaniques,LA MOTTE-SERVOLEX,,73,,,,,,,,,,,,,,,,,,,,,,,,,,,,,,,452942378,45294237800020,33.20B,,,,,,,,,,,sirene,
SC2P,,,a contacter,,,,,,,,,,,,maintenance,Reparation de machines et equipements mecaniques,CHATTE,,38,,,,,,,,,,,,,,,,,,,,,,,,,,,,,,,453122020,45312202000036,33.12Z,,,,,,,,,,,sirene,
SCHERTZ AMENAGEMENTS,,,a contacter,,,,,,,,,,,,maintenance,Autres travaux d'installation n.c.a.,BERTHELMING,,57,,,,,,,,,,,,,,,,,,,,,,,,,,,,,,,951811801,95181180100012,43.29B,,,,,,,,,,,sirene,
SCOFELEC,,,a contacter,,,,,,,,,,,,maintenance,"Installation d'equipements electriques, de materiels electroniques et optiques ou d'autres materiels",MONTREUIL,,93,,,,,,,,,,,,,,,,,,,,,,,,,,,,,,,881572440,88157244000025,33.20D,,,,,,,,,,,sirene,
SCOP ELECTRO HYDRAULIQUE MECANIQUE,,,a contacter,,,,,,,,,,,,maintenance,Reparation de machines et equipements mecaniques,DIEPPE,,76,,,,,,,,,,,,,,,,,,,,,,,,,,,,,,,323471995,32347199500023,33.12Z,,,,,,,,,,,sirene,
SDA,,,a contacter,,,,,,,,,,,,maintenance,Autres travaux d'installation n.c.a.,MONTPELLIER,,34,,,,,,,,,,,,,,,,,,,,,,,,,,,,,,,797662343,79766234300020,43.29B,,,,,,,,,,,sirene,
SDEL IDF INDUSTRIE,,,a contacter,,,,,,,,,,,,maintenance,Autres travaux d'installation n.c.a.,LIEUSAINT,,77,,,,,,,,,,,,,,,,,,,,,,,,,,,,,,,479405102,47940510200068,43.29B,,,,,,,,,,,sirene,
SDHR,,,a contacter,,,,,,,,,,,,maintenance,Reparation de machines et equipements mecaniques,BUCHELAY,,78,,,,,,,,,,,,,,,,,,,,,,,,,,,,,,,409597457,40959745700061,33.12Z,,,,,,,,,,,sirene,
SDJ FROID,,,a contacter,,,,,,,,,,,,maintenance,Installation de machines et equipements mecaniques,THOUARS,,79,,,,,,,,,,,,,,,,,,,,,,,,,,,,,,,442785424,44278542400056,33.20B,,,,,,,,,,,sirene,
SE2M INDUSTRIE,,,a contacter,,,,,,,,,,,,maintenance,Reparation d'equipements electriques,LA FARLEDE,,83,,,,,,,,,,,,,,,,,,,,,,,,,,,,,,,841350556,84135055600020,33.14Z,,,,,,,,,,,sirene,
SECOFRAN,,,a contacter,,,,,,,,,,,,maintenance,Reparation de machines et equipements mecaniques,LES LOGES-EN-JOSAS,,78,,,,,,,,,,,,,,,,,,,,,,,,,,,,,,,409067485,40906748500030,33.12Z,,,,,,,,,,,sirene,
SECURITE INCENDIE EUROPEENNE,,,a contacter,,,,,,,,,,,,maintenance,Reparation de machines et equipements mecaniques,CHALIFERT,,77,,,,,,,,,,,,,,,,,,,,,,,,,,,,,,,389390832,38939083200076,33.12Z,,,,,,,,,,,sirene,
SEE SAUTEREAU,,,a contacter,,,,,,,,,,,,maintenance,Reparation de machines et equipements mecaniques,LIMONEST,,69,,,,,,,,,,,,,,,,,,,,,,,,,,,,,,,442759254,44275925400067,33.12Z,,,,,,,,,,,sirene,
SEGUIER & FOULQUIER,,,a contacter,,,,,,,,,,,,maintenance,Reparation de machines et equipements mecaniques,VERDALLE,,81,,,,,,,,,,,,,,,,,,,,,,,,,,,,,,,503240806,50324080600011,33.12Z,,,,,,,,,,,sirene,
SEGUIN FROID CONCEPT SAS,,,a contacter,,,,,,,,,,,,maintenance,Installation de machines et equipements mecaniques,LACAUNE,,81,,,,,,,,,,,,,,,,,,,,,,,,,,,,,,,391903150,39190315000012,33.20B,,,,,,,,,,,sirene,
SEICO SOC ELEC INDUS CORDEMAIS,,,a contacter,,,,,,,,,,,,maintenance,Reparation de materiels electroniques et optiques,MALVILLE,,44,,,,,,,,,,,,,,,,,,,,,,,,,,,,,,,321523466,32152346600027,33.13Z,,,,,,,,,,,sirene,
SEIM-N,,,a contacter,,,,,,,,,,,,maintenance,Installation de machines et equipements mecaniques,THOUARE-SUR-LOIRE,,44,,,,,,,,,,,,,,,,,,,,,,,,,,,,,,,495074452,49507445200014,33.20B,,,,,,,,,,,sirene,
SELMONI,,,a contacter,,,,,,,,,,,,maintenance,"Installation d'equipements electriques, de materiels electroniques et optiques ou d'autres materiels",ALTKIRCH,,68,,,,,,,,,,,,,,,,,,,,,,,,,,,,,,,379124811,37912481100033,33.20D,,,,,,,,,,,sirene,
SEMA,,,a contacter,,,,,,,,,,,,maintenance,Installation de machines et equipements mecaniques,RUAUDIN,,72,,,,,,,,,,,,,,,,,,,,,,,,,,,,,,,499058659,49905865900032,33.20B,,,,,,,,,,,sirene,
SEMPERTRANS MAINTENACE FRANCE NORD,,,a contacter,,,,,,,,,,,,maintenance,Installation de machines et equipements mecaniques,ANNEZIN,,62,,,,,,,,,,,,,,,,,,,,,,,,,,,,,,,329680235,32968023500036,33.20B,,,,,,,,,,,sirene,
SENEQUIER,,,a contacter,,,,,,,,,,,,maintenance,Installation de machines et equipements mecaniques,LA VALETTE-DU-VAR,,83,,,,,,,,,,,,,,,,,,,,,,,,,,,,,,,569501588,56950158800010,33.20B,,,,,,,,,,,sirene,
SEPCO PYRENEES,,,a contacter,,,,,,,,,,,,maintenance,Installation de machines et equipements mecaniques,IBOS,,65,,,,,,,,,,,,,,,,,,,,,,,,,,,,,,,789028040,78902804000028,33.20B,,,,,,,,,,,sirene,
SEPI RENT,C,0,a contacter,,,,,,,,,,,,maintenance,Reparation de machines et equipements mecaniques,PINTERVILLE,,27,,,,,,,https://www.pappers.fr/entreprise/835040098,https://annuaire-entreprises.data.gouv.fr/entreprise/835040098,https://www.google.com/maps/search/?api=1&query=SEPI+RENT+PINTERVILLE,https://www.google.com/search?q=SEPI+RENT+PINTERVILLE,https://www.linkedin.com/search/results/companies/?keywords=SEPI+RENT,https://www.pagesjaunes.fr/annuaire/chercherlespros?quoiqui=SEPI+RENT&ou=PINTERVILLE,https://www.societe.com/cgi-bin/search?champs=835040098,,,,,,,,,,,,,,,,FR52835040098,,835040098,83504009800013,33.12Z,,,,,,,,non,oui,2026-08-08,sirene,
SERAFEC,,,a contacter,,,,,,,,,,,,maintenance,Reparation de machines et equipements mecaniques,LA VALETTE-DU-VAR,,83,,,,,,,,,,,,,,,,,,,,,,,,,,,,,,,729500017,72950001700029,33.12Z,,,,,,,,,,,sirene,
SERAM INDUSTRIE,,,a contacter,,,,,,,,,,,,maintenance,Reparation de machines et equipements mecaniques,LIMONEST,,69,,,,,,,,,,,,,,,,,,,,,,,,,,,,,,,834404220,83440422000016,33.12Z,,,,,,,,,,,sirene,
SERAM INDUSTRIES,,,a contacter,,,,,,,,,,,,maintenance,Reparation de machines et equipements mecaniques,PERPIGNAN,,66,,,,,,,,,,,,,,,,,,,,,,,,,,,,,,,517420477,51742047700021,33.12Z,,,,,,,,,,,sirene,
SERBO,,,a contacter,,,,,,,,,,,,maintenance,Autres travaux d'installation n.c.a.,TREMBLAY-EN-FRANCE,,93,,,,,,,,,,,,,,,,,,,,,,,,,,,,,,,813820370,81382037000035,43.29B,,,,,,,,,,,sirene,
SEREC,,,a contacter,,,,,,,,,,,,maintenance,Reparation d'equipements electriques,SCHŒLCHER,,972,,,,,,,,,,,,,,,,,,,,,,,,,,,,,,,310311006,31031100600020,33.14Z,,,,,,,,,,,sirene,
SERELEC,,,a contacter,,,,,,,,,,,,maintenance,Reparation d'equipements electriques,SAINT-DIZIER,,52,,,,,,,,,,,,,,,,,,,,,,,,,,,,,,,921381943,92138194300015,33.14Z,,,,,,,,,,,sirene,
SERHY INGENIERIE,C,0,a contacter,,,,,,,,,,,,maintenance,Reparation de machines et equipements mecaniques,SAINT-AMANS-SOULT,,81,,,,,,,https://www.pappers.fr/entreprise/810610972,https://annuaire-entreprises.data.gouv.fr/entreprise/810610972,https://www.google.com/maps/search/?api=1&query=SERHY+INGENIERIE+SAINT-AMANS-SOULT,https://www.google.com/search?q=SERHY+INGENIERIE+SAINT-AMANS-SOULT,https://www.linkedin.com/search/results/companies/?keywords=SERHY+INGENIERIE,https://www.pagesjaunes.fr/annuaire/chercherlespros?quoiqui=SERHY+INGENIERIE&ou=SAINT-AMANS-SOULT,https://www.societe.com/cgi-bin/search?champs=810610972,,,,,,,,,,,,,,,,FR54810610972,,810610972,81061097200012,33.12Z,,,,,,,,non,oui,2026-08-02,sirene,
SERI FROID,,,a contacter,,,,,,,,,,,,maintenance,Reparation de machines et equipements mecaniques,L'ISLE-SUR-LA-SORGUE,,84,,,,,,,,,,,,,,,,,,,,,,,,,,,,,,,481401214,48140121400038,33.12Z,,,,,,,,,,,sirene,
SERIFROID,,,a contacter,,,,,,,,,,,,maintenance,Installation de machines et equipements mecaniques,SAINT-MARTIN-BOULOGNE,,62,,,,,,,,,,,,,,,,,,,,,,,,,,,,,,,432101806,43210180600029,33.20B,,,,,,,,,,,sirene,
SERVI SIGN,,,a contacter,,,,,,,,,,,,maintenance,Autres travaux d'installation n.c.a.,TALANGE,,57,,,,,,,,,,,,,,,,,,,,,,,,,,,,,,,520971268,52097126800013,43.29B,,,,,,,,,,,sirene,
SERVI TECH O.I.,,,a contacter,,,,,,,,,,,,maintenance,Reparation d'equipements electriques,SAINT-PIERRE,,974,,,,,,,,,,,,,,,,,,,,,,,,,,,,,,,538242959,53824295900012,33.14Z,,,,,,,,,,,sirene,
SERVICE DE MAINTENANCE ET D'INSTALLATION EN FROID COMMERCIAL ET INDUSTRIEL,,,a contacter,,,,,,,,,,,,maintenance,Installation de machines et equipements mecaniques,CHEVILLY-LARUE,,94,,,,,,,,,,,,,,,,,,,,,,,,,,,,,,,379509433,37950943300049,33.20B,,,,,,,,,,,sirene,
SERVICE INDUSTRIE MONTAGE MAINTENANCE EN ABREGE S.I.M.M.,,,a contacter,,,,,,,,,,,,maintenance,Reparation de machines et equipements mecaniques,MARMANDE,,47,,,,,,,,,,,,,,,,,,,,,,,,,,,,,,,333337632,33333763200025,33.12Z,,,,,,,,,,,sirene,
SERVICE MAINTENANCE ASSISTANCE TECHNIQUE,,,a contacter,,,,,,,,,,,,maintenance,Reparation de machines et equipements mecaniques,LE PORT,,974,,,,,,,,,,,,,,,,,,,,,,,,,,,,,,,310837042,31083704200038,33.12Z,,,,,,,,,,,sirene,
SERVICE MAINTENANCE ELECTRICITE TUYAUTERIE,,,a contacter,,,,,,,,,,,,maintenance,Reparation d'equipements electriques,TRITH-SAINT-LEGER,,59,,,,,,,,,,,,,,,,,,,,,,,,,,,,,,,517751665,51775166500012,33.14Z,,,,,,,,,,,sirene,
SERVICEUNION,,,a contacter,,,,,,,,,,,,maintenance,Reparation de machines et equipements mecaniques,LA CHAUSSEE-SAINT-VICTOR,,41,,,,,,,,,,,,,,,,,,,,,,,,,,,,,,,838991115,83899111500018,33.12Z,,,,,,,,,,,sirene,
SERVIMAC LA BRUFFIERE,,,a contacter,,,,,,,,,,,,maintenance,Reparation de machines et equipements mecaniques,LA BRUFFIERE,,85,,,,,,,,,,,,,,,,,,,,,,,,,,,,,,,513086934,51308693400017,33.12Z,,,,,,,,,,,sirene,
SERVISUN,C,0,a contacter,,,,,,,,,,,,maintenance,Autres travaux d'installation n.c.a.,BORDEAUX,,33,,,,,,,https://www.pappers.fr/entreprise/311110191,https://annuaire-entreprises.data.gouv.fr/entreprise/311110191,https://www.google.com/maps/search/?api=1&query=SERVISUN+BORDEAUX,https://www.google.com/search?q=SERVISUN+BORDEAUX,https://www.linkedin.com/search/results/companies/?keywords=SERVISUN,https://www.pagesjaunes.fr/annuaire/chercherlespros?quoiqui=SERVISUN&ou=BORDEAUX,https://www.societe.com/cgi-bin/search?champs=311110191,,,,,,,,,,,,,,,,FR77311110191,,311110191,31111019100039,43.29B,,,,,,,,non,oui,2026-08-09,sirene,
SHCB SOCIETE HYDRAULIQUE CHRISTIAN BERLAK,,,a contacter,,,,,,,,,,,,maintenance,Reparation de machines et equipements mecaniques,AUBERCHICOURT,,59,,,,,,,,,,,,,,,,,,,,,,,,,,,,,,,889869566,88986956600014,33.12Z,,,,,,,,,,,sirene,
SHIMADZU FRANCE,,,a contacter,,,,,,,,,,,,maintenance,Reparation de materiels electroniques et optiques,NOISIEL,,77,,,,,,,,,,,,,,,,,,,,,,,,,,,,,,,487513772,48751377200037,33.13Z,,,,,,,,,,,sirene,
SIDEL SERVICES,,,a contacter,,,,,,,,,,,,maintenance,Reparation de machines et equipements mecaniques,OCTEVILLE-SUR-MER,,76,,,,,,,,,,,,,,,,,,,,,,,,,,,,,,,409753811,40975381100044,33.12Z,,,,,,,,,,,sirene,
SIDFREM,,,a contacter,,,,,,,,,,,,maintenance,Reparation de machines et equipements mecaniques,IVRY-SUR-SEINE,,94,,,,,,,,,,,,,,,,,,,,,,,,,,,,,,,323119453,32311945300039,33.12Z,,,,,,,,,,,sirene,
SIETRAM,,,a contacter,,,,,,,,,,,,maintenance,Autres travaux d'installation n.c.a.,MONTREUIL,,93,,,,,,,,,,,,,,,,,,,,,,,,,,,,,,,387511330,38751133000020,43.29B,,,,,,,,,,,sirene,
SIETRAM & CO NORMANDIE,,,a contacter,,,,,,,,,,,,maintenance,Autres travaux d'installation n.c.a.,CANISY,,50,,,,,,,,,,,,,,,,,,,,,,,,,,,,,,,379291131,37929113100033,43.29B,,,,,,,,,,,sirene,
SIMA ANTILLES GUYANE,,,a contacter,,,,,,,,,,,,maintenance,Reparation de machines et equipements mecaniques,BAIE-MAHAULT,,971,,,,,,,,,,,,,,,,,,,,,,,,,,,,,,,383475902,38347590200037,33.12Z,,,,,,,,,,,sirene,
SINE QUA NON SERVICES,,,a contacter,,,,,,,,,,,,maintenance,Reparation de machines et equipements mecaniques,MONTPELLIER,,34,,,,,,,,,,,,,,,,,,,,,,,,,,,,,,,820683969,82068396900027,33.12Z,,,,,,,,,,,sirene,
SIPELEEC,,,a contacter,,,,,,,,,,,,maintenance,Reparation d'equipements electriques,BIGNON (LE),,44,,,,,,,,,,,,,,,,,,,,,,,,,,,,,,,791651367,79165136700033,33.14Z,,,,,,,,,,,sirene,
SKYLOC FR,,,a contacter,,,,,,,,,,,,maintenance,Reparation d'equipements electriques,LE MEUX,,60,,,,,,,,,,,,,,,,,,,,,,,,,,,,,,,334283967,33428396700043,33.14Z,,,,,,,,,,,sirene,
SM FRANCK,,,a contacter,,,,,,,,,,,,maintenance,Reparation de machines et equipements mecaniques,LA CHAPELLE-BLANCHE-SAINT-MARTIN,,37,,,,,,,,,,,,,,,,,,,,,,,,,,,,,,,384221016,38422101600015,33.12Z,,,,,,,,,,,sirene,
SME,,,a contacter,,,,,,,,,,,,maintenance,Reparation de machines et equipements mecaniques,BERGHEIM,,68,,,,,,,,,,,,,,,,,,,,,,,,,,,,,,,534163142,53416314200035,33.12Z,,,,,,,,,,,sirene,
SMED SOCIETE DE MAINTENANCE ELECTRO MECANIQUE ET DISTRIBUTION,,,a contacter,,,,,,,,,,,,maintenance,Reparation d'equipements electriques,OUDALLE,,76,,,,,,,,,,,,,,,,,,,,,,,,,,,,,,,480878818,48087881800040,33.14Z,,,,,,,,,,,sirene,
SMI INDUSTRIE,,,a contacter,,,,,,,,,,,,maintenance,Reparation de machines et equipements mecaniques,ENGHIEN-LES-BAINS,,95,,,,,,,,,,,,,,,,,,,,,,,,,,,,,,,829441419,82944141900019,33.12Z,,,,,,,,,,,sirene,
SN2O,,,a contacter,,,,,,,,,,,,maintenance,"Installation d'equipements electriques, de materiels electroniques et optiques ou d'autres materiels",BELLEVIGNY,,85,,,,,,,,,,,,,,,,,,,,,,,,,,,,,,,834934887,83493488700029,33.20D,,,,,,,,,,,sirene,
SNP,,,a contacter,,,,,,,,,,,,maintenance,Autres travaux d'installation n.c.a.,MONTBAZON,,37,,,,,,,,,,,,,,,,,,,,,,,,,,,,,,,508903663,50890366300013,43.29B,,,,,,,,,,,sirene,
SO LIFT,,,a contacter,,,,,,,,,,,,maintenance,Autres travaux d'installation n.c.a.,ARGENTEUIL,,95,,,,,,,,,,,,,,,,,,,,,,,,,,,,,,,533335345,53333534500013,43.29B,,,,,,,,,,,sirene,
SO WATT,,,a contacter,,,,,,,,,,,,maintenance,"Installation d'equipements electriques, de materiels electroniques et optiques ou d'autres materiels",LE LAMENTIN,,972,,,,,,,,,,,,,,,,,,,,,,,,,,,,,,,483902730,48390273000017,33.20D,,,,,,,,,,,sirene,
SOC AUTOMATISME SERVICES INSTRUMENTATION,,,a contacter,,,,,,,,,,,,maintenance,Reparation de materiels electroniques et optiques,HAGUENAU,,67,,,,,,,,,,,,,,,,,,,,,,,,,,,,,,,450300033,45030003300021,33.13Z,,,,,,,,,,,sirene,
SOC DE CABLAGE ET DE COMMUNICATION,,,a contacter,,,,,,,,,,,,maintenance,Reparation d'equipements electriques,SAINT-MARTIN-DU-VIVIER,,76,,,,,,,,,,,,,,,,,,,,,,,,,,,,,,,389105529,38910552900066,33.14Z,,,,,,,,,,,sirene,
SOC DE TRANSFORMATION ET REPARATIONS DE MACHINES,,,a contacter,,,,,,,,,,,,maintenance,Reparation de machines et equipements mecaniques,VETRAZ-MONTHOUX,,74,,,,,,,,,,,,,,,,,,,,,,,,,,,,,,,335276929,33527692900031,33.12Z,,,,,,,,,,,sirene,
SOC EXPLOIT ETS CAUDEVEL,,,a contacter,,,,,,,,,,,,maintenance,Autres travaux d'installation n.c.a.,BEAURAINVILLE,,62,,,,,,,,,,,,,,,,,,,,,,,,,,,,,,,324310598,32431059800028,43.29B,,,,,,,,,,,sirene,
SOC EXPLOITATION MASCAREIGNES MATERIEL,,,a contacter,,,,,,,,,,,,maintenance,Reparation d'equipements electriques,LA POSSESSION,,974,,,,,,,,,,,,,,,,,,,,,,,,,,,,,,,441913514,44191351400010,33.14Z,,,,,,,,,,,sirene,
SOC MAINTENANCE INDUSTRIELLE ET SERVICES,,,a contacter,,,,,,,,,,,,maintenance,Reparation de machines et equipements mecaniques,SAINT-JOSEPH,,974,,,,,,,,,,,,,,,,,,,,,,,,,,,,,,,441239472,44123947200034,33.12Z,,,,,,,,,,,sirene,
SOC NOUVELLE CASADEI MAINTENANCE,,,a contacter,,,,,,,,,,,,maintenance,Installation de machines et equipements mecaniques,GIEN,,45,,,,,,,,,,,,,,,,,,,,,,,,,,,,,,,417797842,41779784200016,33.20B,,,,,,,,,,,sirene,
SOC VALENTE GRUES ASSISTANCE,C,0,a contacter,,,,,,,,,,,,maintenance,Installation de machines et equipements mecaniques,BELLEY,,01,,,,,,,https://www.pappers.fr/entreprise/314583303,https://annuaire-entreprises.data.gouv.fr/entreprise/314583303,https://www.google.com/maps/search/?api=1&query=SOC+VALENTE+GRUES+ASSISTANCE+BELLEY,https://www.google.com/search?q=SOC+VALENTE+GRUES+ASSISTANCE+BELLEY,https://www.linkedin.com/search/results/companies/?keywords=SOC+VALENTE+GRUES+ASSISTANCE,https://www.pagesjaunes.fr/annuaire/chercherlespros?quoiqui=SOC+VALENTE+GRUES+ASSISTANCE&ou=BELLEY,https://www.societe.com/cgi-bin/search?champs=314583303,,,,,,,,,,,,,,,,FR61314583303,,314583303,31458330300040,33.20B,,,,,,,,non,oui,2026-08-01,sirene,
SOC.REUN.D'AUTOMATISME ET DE DETECTION,,,a contacter,,,,,,,,,,,,maintenance,Autres travaux d'installation n.c.a.,SAINT-DENIS,,974,,,,,,,,,,,,,,,,,,,,,,,,,,,,,,,337835292,33783529200059,43.29B,,,,,,,,,,,sirene,
SOCIETE 6'TEM,,,a contacter,,,,,,,,,,,,maintenance,Installation de machines et equipements mecaniques,METZ,,57,,,,,,,,,,,,,,,,,,,,,,,,,,,,,,,383987492,38398749200063,33.20B,,,,,,,,,,,sirene,
SOCIETE ALPINE FRIGORIFIQUE,,,a contacter,,,,,,,,,,,,maintenance,Installation de machines et equipements mecaniques,EPAGNY METZ-TESSY,,74,,,,,,,,,,,,,,,,,,,,,,,,,,,,,,,412056327,41205632700023,33.20B,,,,,,,,,,,sirene,
SOCIETE API,,,a contacter,,,,,,,,,,,,maintenance,"Installation d'equipements electriques, de materiels electroniques et optiques ou d'autres materiels",VERTOU,,44,,,,,,,,,,,,,,,,,,,,,,,,,,,,,,,342658317,34265831700033,33.20D,,,,,,,,,,,sirene,
SOCIETE AUXILIAIRE DE CONSTRUCTIONS ELECTRIQUES,,,a contacter,,,,,,,,,,,,maintenance,"Installation d'equipements electriques, de materiels electroniques et optiques ou d'autres materiels",BOBIGNY,,93,,,,,,,,,,,,,,,,,,,,,,,,,,,,,,,572052165,57205216500022,33.20D,,,,,,,,,,,sirene,
SOCIETE BELAIR,,,a contacter,,,,,,,,,,,,maintenance,Reparation de machines et equipements mecaniques,PARIGNE,,35,,,,,,,,,,,,,,,,,,,,,,,,,,,,,,,383369725,38336972500015,33.12Z,,,,,,,,,,,sirene,
SOCIETE CHEREAU,,,a contacter,,,,,,,,,,,,maintenance,Reparation de machines et equipements mecaniques,GASTINS,,77,,,,,,,,,,,,,,,,,,,,,,,,,,,,,,,350434304,35043430400027,33.12Z,,,,,,,,,,,sirene,
SOCIETE CROIX,,,a contacter,,,,,,,,,,,,maintenance,Installation de machines et equipements mecaniques,CANDE,,49,,,,,,,,,,,,,,,,,,,,,,,,,,,,,,,310037080,31003708000010,33.20B,,,,,,,,,,,sirene,
SOCIETE D INSTALLATION ET DE MAINTENANCE ELECTRIQUE 68,,,a contacter,,,,,,,,,,,,maintenance,"Installation d'equipements electriques, de materiels electroniques et optiques ou d'autres materiels",CERNAY,,68,,,,,,,,,,,,,,,,,,,,,,,,,,,,,,,789844818,78984481800011,33.20D,,,,,,,,,,,sirene,
SOCIETE D'ELECTROMECANIQUE PNEUMATIQUE HYDRAULIQUE,,,a contacter,,,,,,,,,,,,maintenance,Reparation d'equipements electriques,LE LAMENTIN,,972,,,,,,,,,,,,,,,,,,,,,,,,,,,,,,,479393522,47939352200020,33.14Z,,,,,,,,,,,sirene,
SOCIETE D'ENTRETIEN ET DE REPARATION D'APPAREILS DE LEVAGE,,,a contacter,,,,,,,,,,,,maintenance,Reparation de machines et equipements mecaniques,SARRALBE,,57,,,,,,,,,,,,,,,,,,,,,,,,,,,,,,,381239722,38123972200022,33.12Z,,,,,,,,,,,sirene,
SOCIETE D'ETUDES ET D'INSTALLATIONS DE CONDITIONNEMENT D'AIR ET DE REFRIGERATION,,,a contacter,,,,,,,,,,,,maintenance,Installation de machines et equipements mecaniques,ANNECY,,74,,,,,,,,,,,,,,,,,,,,,,,,,,,,,,,300794427,30079442700017,33.20B,,,,,,,,,,,sirene,
SOCIETE D'INSTALLATION ET DE DEPANNAGE,,,a contacter,,,,,,,,,,,,maintenance,Installation de machines et equipements mecaniques,SAINT-ETIENNE-DU-ROUVRAY,,76,,,,,,,,,,,,,,,,,,,,,,,,,,,,,,,726450174,72645017400024,33.20B,,,,,,,,,,,sirene,
SOCIETE D.E.M. SOCIETE DE DEMONTAGE ET ENLEVEMENT METALLIQUE,,,a contacter,,,,,,,,,,,,maintenance,Autres travaux d'installation n.c.a.,SARTROUVILLE,,78,,,,,,,,,,,,,,,,,,,,,,,,,,,,,,,333275899,33327589900032,43.29B,,,,,,,,,,,sirene,
SOCIETE DE DISTRIBUTION DE MATERIELS DE MANUTENTION ET DE TRAVAUX PUBLICS,,,a contacter,,,,,,,,,,,,maintenance,Reparation de machines et equipements mecaniques,LE LAMENTIN,,972,,,,,,,,,,,,,,,,,,,,,,,,,,,,,,,421940438,42194043800052,33.12Z,,,,,,,,,,,sirene,
SOCIETE DE MAINTENANCE INDUSTRIELLE 42,,,a contacter,,,,,,,,,,,,maintenance,Reparation de machines et equipements mecaniques,FIRMINY,,42,,,,,,,,,,,,,,,,,,,,,,,,,,,,,,,830815965,83081596500017,33.12Z,,,,,,,,,,,sirene,
SOCIETE DE REALISATIONS INDUSTRIELLES ET DE MECANIQUE,,,a contacter,,,,,,,,,,,,maintenance,Reparation de machines et equipements mecaniques,LE HAVRE,,76,,,,,,,,,,,,,,,,,,,,,,,,,,,,,,,337621460,33762146000019,33.12Z,,,,,,,,,,,sirene,
SOCIETE DEMARTIN,,,a contacter,,,,,,,,,,,,maintenance,Reparation de machines et equipements mecaniques,VALRAVILLON,,89,,,,,,,,,,,,,,,,,,,,,,,,,,,,,,,415216795,41521679500013,33.12Z,,,,,,,,,,,sirene,
SOCIETE DES ETABLISSEMENTS PICQUETTE,,,a contacter,,,,,,,,,,,,maintenance,Installation de machines et equipements mecaniques,SERIGNAN-DU-COMTAT,,84,,,,,,,,,,,,,,,,,,,,,,,,,,,,,,,305949679,30594967900024,33.20B,,,,,,,,,,,sirene,
SOCIETE DIFFUSION COMMERCIALE,,,a contacter,,,,,,,,,,,,maintenance,Installation de machines et equipements mecaniques,CASTRES,,81,,,,,,,,,,,,,,,,,,,,,,,,,,,,,,,314121310,31412131000028,33.20B,,,,,,,,,,,sirene,
SOCIETE GENERALE DE MECANIQUE,,,a contacter,,,,,,,,,,,,maintenance,Reparation de machines et equipements mecaniques,CRAYWICK,,59,,,,,,,,,,,,,,,,,,,,,,,,,,,,,,,335275046,33527504600050,33.12Z,,,,,,,,,,,sirene,
SOCIETE GENERALE DE REPARATION,,,a contacter,,,,,,,,,,,,maintenance,Reparation de machines et equipements mecaniques,SAINT-AMAND-LES-EAUX,,59,,,,,,,,,,,,,,,,,,,,,,,,,,,,,,,306042466,30604246600046,33.12Z,,,,,,,,,,,sirene,
SOCIETE GUYANAISE DE MECANIQUE,,,a contacter,,,,,,,,,,,,maintenance,Reparation de machines et equipements mecaniques,MATOURY,,973,,,,,,,,,,,,,,,,,,,,,,,,,,,,,,,479170474,47917047400015,33.12Z,,,,,,,,,,,sirene,
SOCIETE INDUSTRIELLE D'ELECTRICITE,,,a contacter,,,,,,,,,,,,maintenance,Reparation d'equipements electriques,LE HAVRE,,76,,,,,,,,,,,,,,,,,,,,,,,,,,,,,,,370500928,37050092800038,33.14Z,,,,,,,,,,,sirene,
SOCIETE INDUSTRIELLE EXCELSIOR,C,0,a contacter,,,,,,,,,,,,maintenance,Installation de machines et equipements mecaniques,BESANCON,,25,,,,,,,https://www.pappers.fr/entreprise/572821239,https://annuaire-entreprises.data.gouv.fr/entreprise/572821239,https://www.google.com/maps/search/?api=1&query=SOCIETE+INDUSTRIELLE+EXCELSIOR+BESANCON,https://www.google.com/search?q=SOCIETE+INDUSTRIELLE+EXCELSIOR+BESANCON,https://www.linkedin.com/search/results/companies/?keywords=SOCIETE+INDUSTRIELLE+EXCELSIOR,https://www.pagesjaunes.fr/annuaire/chercherlespros?quoiqui=SOCIETE+INDUSTRIELLE+EXCELSIOR&ou=BESANCON,https://www.societe.com/cgi-bin/search?champs=572821239,,,,,,,,,,,,,,,,FR89572821239,,572821239,57282123900033,33.20B,,,,,,,,non,oui,2026-08-04,sirene,
SOCIETE LEHOUX,,,a contacter,,,,,,,,,,,,maintenance,Reparation de machines et equipements mecaniques,SAINT-AVERTIN,,37,,,,,,,,,,,,,,,,,,,,,,,,,,,,,,,347775215,34777521500010,33.12Z,,,,,,,,,,,sirene,
SOCIETE LYONNAISE DE CABLAGE,,,a contacter,,,,,,,,,,,,maintenance,"Installation d'equipements electriques, de materiels electroniques et optiques ou d'autres materiels",CHASSIEU,,69,,,,,,,,,,,,,,,,,,,,,,,,,,,,,,,344134358,34413435800110,33.20D,,,,,,,,,,,sirene,
SOCIETE MECANIQUE DE LA GOHELLE,C,0,a contacter,,,,,,,,,,,,maintenance,Reparation de machines et equipements mecaniques,NŒUX-LES-MINES,,62,,,,,,,https://www.pappers.fr/entreprise/334438413,https://annuaire-entreprises.data.gouv.fr/entreprise/334438413,https://www.google.com/maps/search/?api=1&query=SOCIETE+MECANIQUE+DE+LA+GOHELLE+N%C5%92UX-LES-MINES,https://www.google.com/search?q=SOCIETE+MECANIQUE+DE+LA+GOHELLE+N%C5%92UX-LES-MINES,https://www.linkedin.com/search/results/companies/?keywords=SOCIETE+MECANIQUE+DE+LA+GOHELLE,https://www.pagesjaunes.fr/annuaire/chercherlespros?quoiqui=SOCIETE+MECANIQUE+DE+LA+GOHELLE&ou=N%C5%92UX-LES-MINES,https://www.societe.com/cgi-bin/search?champs=334438413,,,,,,,,,,,,,,,,FR19334438413,,334438413,33443841300034,33.12Z,,,,,,,,non,oui,2026-08-09,sirene,
SOCIETE MICHEL ET ALBERT,,,a contacter,,,,,,,,,,,,maintenance,Installation de machines et equipements mecaniques,SAINT-PIERRE-DES-CORPS,,37,,,,,,,,,,,,,,,,,,,,,,,,,,,,,,,317598043,31759804300030,33.20B,,,,,,,,,,,sirene,
SOCIETE NOUVELLE EQUIPEMENTS EXTERIEURS,,,a contacter,,,,,,,,,,,,maintenance,Autres travaux d'installation n.c.a.,SAULCY-SUR-MEURTHE,,88,,,,,,,,,,,,,,,,,,,,,,,,,,,,,,,505780072,50578007200045,43.29B,,,,,,,,,,,sirene,
SOCIETE NOUVELLE KLYMCAR,,,a contacter,,,,,,,,,,,,maintenance,Installation de machines et equipements mecaniques,STAINS,,93,,,,,,,,,,,,,,,,,,,,,,,,,,,,,,,493152011,49315201100034,33.20B,,,,,,,,,,,sirene,
SOCIETE NOUVELLE ODI,,,a contacter,,,,,,,,,,,,maintenance,Installation de machines et equipements mecaniques,DUNKERQUE,,59,,,,,,,,,,,,,,,,,,,,,,,,,,,,,,,389432477,38943247700013,33.20B,,,,,,,,,,,sirene,
SOCIETE PERPIGNANAISE DU FROID,,,a contacter,,,,,,,,,,,,maintenance,Installation de machines et equipements mecaniques,PERPIGNAN,,66,,,,,,,,,,,,,,,,,,,,,,,,,,,,,,,564200012,56420001200024,33.20B,,,,,,,,,,,sirene,
SOCIETE TECHNIQ COMMERCIALE MANUTENTION,C,0,a contacter,,,,,,,,,,,,maintenance,Reparation de machines et equipements mecaniques,NASSANDRES SUR RISLE,,27,,,,,,,https://www.pappers.fr/entreprise/305822231,https://annuaire-entreprises.data.gouv.fr/entreprise/305822231,https://www.google.com/maps/search/?api=1&query=SOCIETE+TECHNIQ+COMMERCIALE+MANUTENTION+NASSANDRES+SUR+RISLE,https://www.google.com/search?q=SOCIETE+TECHNIQ+COMMERCIALE+MANUTENTION+NASSANDRES+SUR+RISLE,https://www.linkedin.com/search/results/companies/?keywords=SOCIETE+TECHNIQ+COMMERCIALE+MANUTENTION,https://www.pagesjaunes.fr/annuaire/chercherlespros?quoiqui=SOCIETE+TECHNIQ+COMMERCIALE+MANUTENTION&ou=NASSANDRES+SUR+RISLE,https://www.societe.com/cgi-bin/search?champs=305822231,,,,,,,,,,,,,,,,FR62305822231,,305822231,30582223100034,33.12Z,,,,,,,,non,oui,2026-08-07,sirene,
SOCIETE TOULOUSAINE DE BOBINAGE,C,0,a contacter,,,,,,,,,,,,maintenance,Reparation d'equipements electriques,PORTET-SUR-GARONNE,,31,,,,,,,https://www.pappers.fr/entreprise/394444848,https://annuaire-entreprises.data.gouv.fr/entreprise/394444848,https://www.google.com/maps/search/?api=1&query=SOCIETE+TOULOUSAINE+DE+BOBINAGE+PORTET-SUR-GARONNE,https://www.google.com/search?q=SOCIETE+TOULOUSAINE+DE+BOBINAGE+PORTET-SUR-GARONNE,https://www.linkedin.com/search/results/companies/?keywords=SOCIETE+TOULOUSAINE+DE+BOBINAGE,https://www.pagesjaunes.fr/annuaire/chercherlespros?quoiqui=SOCIETE+TOULOUSAINE+DE+BOBINAGE&ou=PORTET-SUR-GARONNE,https://www.societe.com/cgi-bin/search?champs=394444848,,,,,,,,,,,,,,,,FR31394444848,,394444848,39444484800029,33.14Z,,,,,,,,non,oui,2026-08-09,sirene,
SOCOMELEC INDUSTRIE,,,a contacter,,,,,,,,,,,,maintenance,"Installation d'equipements electriques, de materiels electroniques et optiques ou d'autres materiels",COYE-LA-FORET,,60,,,,,,,,,,,,,,,,,,,,,,,,,,,,,,,403092109,40309210900053,33.20D,,,,,,,,,,,sirene,
SODAM,,,a contacter,,,,,,,,,,,,maintenance,Reparation de machines et equipements mecaniques,FIRMINY,,42,,,,,,,,,,,,,,,,,,,,,,,,,,,,,,,319265690,31926569000044,33.12Z,,,,,,,,,,,sirene,
SODER,,,a contacter,,,,,,,,,,,,maintenance,Installation de machines et equipements mecaniques,HAZEBROUCK,,59,,,,,,,,,,,,,,,,,,,,,,,,,,,,,,,443654710,44365471000013,33.20B,,,,,,,,,,,sirene,
SOFI RHONE ALPES,C,0,a contacter,,,,,,,,,,,,maintenance,Reparation de machines et equipements mecaniques,MOURS-SAINT-EUSEBE,,26,,,,,,,https://www.pappers.fr/entreprise/828900993,https://annuaire-entreprises.data.gouv.fr/entreprise/828900993,https://www.google.com/maps/search/?api=1&query=SOFI+RHONE+ALPES+MOURS-SAINT-EUSEBE,https://www.google.com/search?q=SOFI+RHONE+ALPES+MOURS-SAINT-EUSEBE,https://www.linkedin.com/search/results/companies/?keywords=SOFI+RHONE+ALPES,https://www.pagesjaunes.fr/annuaire/chercherlespros?quoiqui=SOFI+RHONE+ALPES&ou=MOURS-SAINT-EUSEBE,https://www.societe.com/cgi-bin/search?champs=828900993,,,,,,,,,,,,,,,,FR30828900993,,828900993,82890099300027,33.12Z,,,,,,,,non,oui,2026-08-07,sirene,
SOGEMA SERVICES,,,a contacter,,,,,,,,,,,,maintenance,Reparation de machines et equipements mecaniques,LYS-LEZ-LANNOY,,59,,,,,,,,,,,,,,,,,,,,,,,,,,,,,,,434917118,43491711800011,33.12Z,,,,,,,,,,,sirene,
SOGEMIN - SOMETI,,,a contacter,,,,,,,,,,,,maintenance,Reparation de machines et equipements mecaniques,GRANDE-SYNTHE,,59,,,,,,,,,,,,,,,,,,,,,,,,,,,,,,,451708192,45170819200054,33.12Z,,,,,,,,,,,sirene,
SOGEQUIP INDUSTRIES ET SOLUTIONS,,,a contacter,,,,,,,,,,,,maintenance,Reparation de machines et equipements mecaniques,SAINT-PRIEST,,69,,,,,,,,,,,,,,,,,,,,,,,,,,,,,,,794528877,79452887700051,33.12Z,,,,,,,,,,,sirene,
SOL-ELEC,,,a contacter,,,,,,,,,,,,maintenance,"Installation d'equipements electriques, de materiels electroniques et optiques ou d'autres materiels",CRESPIN,,59,,,,,,,,,,,,,,,,,,,,,,,,,,,,,,,529904203,52990420300021,33.20D,,,,,,,,,,,sirene,
SOLANREF-SOCIETE LANGUEDOCIENNE DE REFRIGERATION,,,a contacter,,,,,,,,,,,,maintenance,Installation de machines et equipements mecaniques,VENDARGUES,,34,,,,,,,,,,,,,,,,,,,,,,,,,,,,,,,502034366,50203436600026,33.20B,,,,,,,,,,,sirene,
SOLECO,,,a contacter,,,,,,,,,,,,maintenance,Reparation d'equipements electriques,BORGO,,2B,,,,,,,,,,,,,,,,,,,,,,,,,,,,,,,325266807,32526680700032,33.14Z,,,,,,,,,,,sirene,
SOMIRAM SAS,,,a contacter,,,,,,,,,,,,maintenance,Installation de machines et equipements mecaniques,CHEVREMONT,,90,,,,,,,,,,,,,,,,,,,,,,,,,,,,,,,349304816,34930481600037,33.20B,,,,,,,,,,,sirene,
SONASTEC,,,a contacter,,,,,,,,,,,,maintenance,"Installation d'equipements electriques, de materiels electroniques et optiques ou d'autres materiels",GOURNAY-SUR-MARNE,,93,,,,,,,,,,,,,,,,,,,,,,,,,,,,,,,489061556,48906155600010,33.20D,,,,,,,,,,,sirene,
SOREC,,,a contacter,,,,,,,,,,,,maintenance,Reparation de machines et equipements mecaniques,CORMONTREUIL,,51,,,,,,,,,,,,,,,,,,,,,,,,,,,,,,,391152378,39115237800017,33.12Z,,,,,,,,,,,sirene,
SOROMEC,,,a contacter,,,,,,,,,,,,maintenance,Reparation de machines et equipements mecaniques,VERNEUIL-SUR-VIENNE,,87,,,,,,,,,,,,,,,,,,,,,,,,,,,,,,,389068636,38906863600023,33.12Z,,,,,,,,,,,sirene,
SOS MEDICAL REUNION,,,a contacter,,,,,,,,,,,,maintenance,Reparation de materiels electroniques et optiques,SAINT-PAUL,,974,,,,,,,,,,,,,,,,,,,,,,,,,,,,,,,482711934,48271193400026,33.13Z,,,,,,,,,,,sirene,
SOSELEC,,,a contacter,,,,,,,,,,,,maintenance,"Installation d'equipements electriques, de materiels electroniques et optiques ou d'autres materiels",BOBIGNY,,93,,,,,,,,,,,,,,,,,,,,,,,,,,,,,,,320575095,32057509500049,33.20D,,,,,,,,,,,sirene,
SOTERKENOS,,,a contacter,,,,,,,,,,,,maintenance,Installation de machines et equipements mecaniques,PARIS,,75,,,,,,,,,,,,,,,,,,,,,,,,,,,,,,,572138543,57213854300010,33.20B,,,,,,,,,,,sirene,
SOUCHET,,,a contacter,,,,,,,,,,,,maintenance,Installation de machines et equipements mecaniques,ANTIGNY,,85,,,,,,,,,,,,,,,,,,,,,,,,,,,,,,,449350214,44935021400028,33.20B,,,,,,,,,,,sirene,
SOVERP,C,0,a contacter,,,,,,,,,,,,maintenance,Reparation de machines et equipements mecaniques,CHALEINS,,01,,,,,,,https://www.pappers.fr/entreprise/401325063,https://annuaire-entreprises.data.gouv.fr/entreprise/401325063,https://www.google.com/maps/search/?api=1&query=SOVERP+CHALEINS,https://www.google.com/search?q=SOVERP+CHALEINS,https://www.linkedin.com/search/results/companies/?keywords=SOVERP,https://www.pagesjaunes.fr/annuaire/chercherlespros?quoiqui=SOVERP&ou=CHALEINS,https://www.societe.com/cgi-bin/search?champs=401325063,,,,,,,,,,,,,,,,FR46401325063,,401325063,40132506300014,33.12Z,,,,,,,,non,oui,2026-08-01,sirene,
SOVI S.A.V.,,,a contacter,,,,,,,,,,,,maintenance,Reparation de machines et equipements mecaniques,LE TRAIT,,76,,,,,,,,,,,,,,,,,,,,,,,,,,,,,,,529199614,52919961400015,33.12Z,,,,,,,,,,,sirene,
SOVICLIM,,,a contacter,,,,,,,,,,,,maintenance,Installation de machines et equipements mecaniques,AGNEAUX,,50,,,,,,,,,,,,,,,,,,,,,,,,,,,,,,,450189824,45018982400011,33.20B,,,,,,,,,,,sirene,
SOVIDES,,,a contacter,,,,,,,,,,,,maintenance,Autres travaux d'installation n.c.a.,FERRIERES-EN-BRIE,,77,,,,,,,,,,,,,,,,,,,,,,,,,,,,,,,438655227,43865522700033,43.29B,,,,,,,,,,,sirene,
SPEMTECH,,,a contacter,,,,,,,,,,,,maintenance,Reparation de machines et equipements mecaniques,LECELLES,,59,,,,,,,,,,,,,,,,,,,,,,,,,,,,,,,529626772,52962677200014,33.12Z,,,,,,,,,,,sirene,
SPIE TURBOMACHINERY,,,a contacter,,,,,,,,,,,,maintenance,Reparation de machines et equipements mecaniques,LONS,,64,,,,,,,,,,,,,,,,,,,,,,,,,,,,,,,325140226,32514022600011,33.12Z,,,,,,,,,,,sirene,
SPP PUMPS FRANCE,,,a contacter,,,,,,,,,,,,maintenance,Reparation de machines et equipements mecaniques,US,,95,,,,,,,,,,,,,,,,,,,,,,,,,,,,,,,328357785,32835778500034,33.12Z,,,,,,,,,,,sirene,
STANISLAS INDUSTRIES,C,0,a contacter,,,,,,,,,,,,maintenance,Reparation de machines et equipements mecaniques,MENTON,,06,,,,,,,https://www.pappers.fr/entreprise/799041140,https://annuaire-entreprises.data.gouv.fr/entreprise/799041140,https://www.google.com/maps/search/?api=1&query=STANISLAS+INDUSTRIES+MENTON,https://www.google.com/search?q=STANISLAS+INDUSTRIES+MENTON,https://www.linkedin.com/search/results/companies/?keywords=STANISLAS+INDUSTRIES,https://www.pagesjaunes.fr/annuaire/chercherlespros?quoiqui=STANISLAS+INDUSTRIES&ou=MENTON,https://www.societe.com/cgi-bin/search?champs=799041140,,,,,,,,,,,,,,,,FR68799041140,,799041140,79904114000044,33.12Z,,,,,,,,non,oui,2026-08-02,sirene,
STAP ASCENSEURS,,,a contacter,,,,,,,,,,,,maintenance,Autres travaux d'installation n.c.a.,SAINT-PIERRE-EN-FAUCIGNY,,74,,,,,,,,,,,,,,,,,,,,,,,,,,,,,,,447582917,44758291700061,43.29B,,,,,,,,,,,sirene,
STATION FRIGORIFIQUE MIN D'AVIGNON,,,a contacter,,,,,,,,,,,,maintenance,Reparation de machines et equipements mecaniques,AVIGNON,,84,,,,,,,,,,,,,,,,,,,,,,,,,,,,,,,338015290,33801529000012,33.12Z,,,,,,,,,,,sirene,
STE  MONTAGE MAINT CONSTRUC MECANIQUE,,,a contacter,,,,,,,,,,,,maintenance,Installation de machines et equipements mecaniques,COURNON-D'AUVERGNE,,63,,,,,,,,,,,,,,,,,,,,,,,,,,,,,,,481481604,48148160400058,33.20B,,,,,,,,,,,sirene,
STE EUROPEENNE MECAN USIN REPAR,,,a contacter,,,,,,,,,,,,maintenance,Reparation de machines et equipements mecaniques,DUNKERQUE,,59,,,,,,,,,,,,,,,,,,,,,,,,,,,,,,,393007984,39300798400015,33.12Z,,,,,,,,,,,sirene,
STE HERRENKNECHT FRANCE,,,a contacter,,,,,,,,,,,,maintenance,Installation de machines et equipements mecaniques,EMERAINVILLE,,77,,,,,,,,,,,,,,,,,,,,,,,,,,,,,,,419088042,41908804200025,33.20B,,,,,,,,,,,sirene,
STEPELEC,C,0,a contacter,,,,,,,,,,,,maintenance,Autres travaux d'installation n.c.a.,COLOMBELLES,,14,,,,,,,https://www.pappers.fr/entreprise/390976686,https://annuaire-entreprises.data.gouv.fr/entreprise/390976686,https://www.google.com/maps/search/?api=1&query=STEPELEC+COLOMBELLES,https://www.google.com/search?q=STEPELEC+COLOMBELLES,https://www.linkedin.com/search/results/companies/?keywords=STEPELEC,https://www.pagesjaunes.fr/annuaire/chercherlespros?quoiqui=STEPELEC&ou=COLOMBELLES,https://www.societe.com/cgi-bin/search?champs=390976686,,,,,,,,,,,,,,,,FR56390976686,,390976686,39097668600035,43.29B,,,,,,,,non,oui,2026-08-05,sirene,
STERREN,,,a contacter,,,,,,,,,,,,maintenance,Autres travaux d'installation n.c.a.,MAROLLES-EN-HUREPOIX,,91,,,,,,,,,,,,,,,,,,,,,,,,,,,,,,,434257788,43425778800027,43.29B,,,,,,,,,,,sirene,
STIN,,,a contacter,,,,,,,,,,,,maintenance,Reparation de machines et equipements mecaniques,HAISNES,,62,,,,,,,,,,,,,,,,,,,,,,,,,,,,,,,523677110,52367711000018,33.12Z,,,,,,,,,,,sirene,
STM INDUSTRIE,,,a contacter,,,,,,,,,,,,maintenance,Reparation de machines et equipements mecaniques,AULNOYE-AYMERIES,,59,,,,,,,,,,,,,,,,,,,,,,,,,,,,,,,950707323,95070732300016,33.12Z,,,,,,,,,,,sirene,
STORES CLERC,,,a contacter,,,,,,,,,,,,maintenance,Autres travaux d'installation n.c.a.,ANNECY,,74,,,,,,,,,,,,,,,,,,,,,,,,,,,,,,,393990569,39399056900021,43.29B,,,,,,,,,,,sirene,
STORES ET DESIGN,,,a contacter,,,,,,,,,,,,maintenance,Autres travaux d'installation n.c.a.,VENDENHEIM,,67,,,,,,,,,,,,,,,,,,,,,,,,,,,,,,,728504762,72850476200036,43.29B,,,,,,,,,,,sirene,
STR THERMO REFRIGERATION,,,a contacter,,,,,,,,,,,,maintenance,Installation de machines et equipements mecaniques,NOTRE-DAME-D'OE,,37,,,,,,,,,,,,,,,,,,,,,,,,,,,,,,,321783862,32178386200113,33.20B,,,,,,,,,,,sirene,
STRM,,,a contacter,,,,,,,,,,,,maintenance,Autres travaux d'installation n.c.a.,RANNEE,,35,,,,,,,,,,,,,,,,,,,,,,,,,,,,,,,824427967,82442796700024,43.29B,,,,,,,,,,,sirene,
SUD CLOT,,,a contacter,,,,,,,,,,,,maintenance,Autres travaux d'installation n.c.a.,ORANGE,,84,,,,,,,,,,,,,,,,,,,,,,,,,,,,,,,877938472,87793847200025,43.29B,,,,,,,,,,,sirene,
SUD MAINTENANCE INDUSTRIE,,,a contacter,,,,,,,,,,,,maintenance,Reparation de machines et equipements mecaniques,LOURDES,,65,,,,,,,,,,,,,,,,,,,,,,,,,,,,,,,381025659,38102565900024,33.12Z,,,,,,,,,,,sirene,
SUD MO,,,a contacter,,,,,,,,,,,,maintenance,Reparation de machines et equipements mecaniques,SOUMOULOU,,64,,,,,,,,,,,,,,,,,,,,,,,,,,,,,,,507384477,50738447700026,33.12Z,,,,,,,,,,,sirene,
SUD MOTEURS ATLANTIQUE,C,0,a contacter,,,,,,,,,,,,maintenance,Reparation de machines et equipements mecaniques,BREST,,29,,,,,,,https://www.pappers.fr/entreprise/820000446,https://annuaire-entreprises.data.gouv.fr/entreprise/820000446,https://www.google.com/maps/search/?api=1&query=SUD+MOTEURS+ATLANTIQUE+BREST,https://www.google.com/search?q=SUD+MOTEURS+ATLANTIQUE+BREST,https://www.linkedin.com/search/results/companies/?keywords=SUD+MOTEURS+ATLANTIQUE,https://www.pagesjaunes.fr/annuaire/chercherlespros?quoiqui=SUD+MOTEURS+ATLANTIQUE&ou=BREST,https://www.societe.com/cgi-bin/search?champs=820000446,,,,,,,,,,,,,,,,FR64820000446,,820000446,82000044600014,33.12Z,,,,,,,,non,oui,2026-08-08,sirene,
SUN FOR YOU,,,a contacter,,,,,,,,,,,,maintenance,Autres travaux d'installation n.c.a.,PARIS,,75,,,,,,,,,,,,,,,,,,,,,,,,,,,,,,,919242321,91924232100017,43.29B,,,,,,,,,,,sirene,
SUNZIL CARAIBES,,,a contacter,,,,,,,,,,,,maintenance,"Installation d'equipements electriques, de materiels electroniques et optiques ou d'autres materiels",BAIE MAHAULT,,971,,,,,,,,,,,,,,,,,,,,,,,,,,,,,,,404299232,40429923200086,33.20D,,,,,,,,,,,sirene,
SVDA SOCIETE VENTILATION DO ADRO,,,a contacter,,,,,,,,,,,,maintenance,Installation de machines et equipements mecaniques,CHASSIEU,,69,,,,,,,,,,,,,,,,,,,,,,,,,,,,,,,393888391,39388839100025,33.20B,,,,,,,,,,,sirene,
SVDI,,,a contacter,,,,,,,,,,,,maintenance,Installation de machines et equipements mecaniques,NIVOLAS-VERMELLE,,38,,,,,,,,,,,,,,,,,,,,,,,,,,,,,,,831243423,83124342300025,33.20B,,,,,,,,,,,sirene,
SVE,,,a contacter,,,,,,,,,,,,maintenance,Reparation d'equipements electriques,SAINT-FONS,,69,,,,,,,,,,,,,,,,,,,,,,,,,,,,,,,420411647,42041164700035,33.14Z,,,,,,,,,,,sirene,
SVT COMMUNICATION,,,a contacter,,,,,,,,,,,,maintenance,"Installation d'equipements electriques, de materiels electroniques et optiques ou d'autres materiels",VILLEBON-SUR-YVETTE,,91,,,,,,,,,,,,,,,,,,,,,,,,,,,,,,,383879582,38387958200039,33.20D,,,,,,,,,,,sirene,
SWISSLOG FRANCE,C,0,a contacter,,,,,,,,,,,,maintenance,Reparation de machines et equipements mecaniques,SURESNES,,92,,,,,,,https://www.pappers.fr/entreprise/391496957,https://annuaire-entreprises.data.gouv.fr/entreprise/391496957,https://www.google.com/maps/search/?api=1&query=SWISSLOG+FRANCE+SURESNES,https://www.google.com/search?q=SWISSLOG+FRANCE+SURESNES,https://www.linkedin.com/search/results/companies/?keywords=SWISSLOG+FRANCE,https://www.pagesjaunes.fr/annuaire/chercherlespros?quoiqui=SWISSLOG+FRANCE&ou=SURESNES,https://www.societe.com/cgi-bin/search?champs=391496957,,,,,,,,,,,,,,,,FR42391496957,,391496957,39149695700088,33.12Z,,,,,,,,non,oui,2026-08-06,sirene,
SYGMATEL ELECTRONIQUE,,,a contacter,,,,,,,,,,,,maintenance,"Installation d'equipements electriques, de materiels electroniques et optiques ou d'autres materiels",LA CHAPELLE-SUR-ERDRE,,44,,,,,,,,,,,,,,,,,,,,,,,,,,,,,,,350970679,35097067900071,33.20D,,,,,,,,,,,sirene,
SYNERGIE MAINTENANCE,,,a contacter,,,,,,,,,,,,maintenance,Reparation de machines et equipements mecaniques,THAON-LES-VOSGES,,88,,,,,,,,,,,,,,,,,,,,,,,,,,,,,,,379888993,37988899300050,33.12Z,,,,,,,,,,,sirene,
SYSMOTIC,,,a contacter,,,,,,,,,,,,maintenance,"Installation d'equipements electriques, de materiels electroniques et optiques ou d'autres materiels",CARQUEFOU,,44,,,,,,,,,,,,,,,,,,,,,,,,,,,,,,,751077850,75107785000038,33.20D,,,,,,,,,,,sirene,
SYSTEKO,,,a contacter,,,,,,,,,,,,maintenance,"Installation d'equipements electriques, de materiels electroniques et optiques ou d'autres materiels",DUCOS,,972,,,,,,,,,,,,,,,,,,,,,,,,,,,,,,,799380928,79938092800058,33.20D,,,,,,,,,,,sirene,
SYSTEME APPLICATION FRIGORIFIQUE CLIMATI,,,a contacter,,,,,,,,,,,,maintenance,Installation de machines et equipements mecaniques,CHARNAY-LES-MACON,,71,,,,,,,,,,,,,,,,,,,,,,,,,,,,,,,404949612,40494961200026,33.20B,,,,,,,,,,,sirene,
SYSTEMES INGENIERIE MATERIELS,,,a contacter,,,,,,,,,,,,maintenance,Installation de machines et equipements mecaniques,NOISY-LE-SEC,,93,,,,,,,,,,,,,,,,,,,,,,,,,,,,,,,442012654,44201265400038,33.20B,,,,,,,,,,,sirene,
T L PRODUCTION,,,a contacter,,,,,,,,,,,,maintenance,Autres travaux d'installation n.c.a.,SAINT-PLANCHERS,,50,,,,,,,,,,,,,,,,,,,,,,,,,,,,,,,382132157,38213215700035,43.29B,,,,,,,,,,,sirene,
T R E M T,,,a contacter,,,,,,,,,,,,maintenance,Autres travaux d'installation n.c.a.,MORANGIS,,91,,,,,,,,,,,,,,,,,,,,,,,,,,,,,,,503799892,50379989200032,43.29B,,,,,,,,,,,sirene,
T.I.M.E.E.S,,,a contacter,,,,,,,,,,,,maintenance,Reparation de machines et equipements mecaniques,ONNAING,,59,,,,,,,,,,,,,,,,,,,,,,,,,,,,,,,848101622,84810162200027,33.12Z,,,,,,,,,,,sirene,
T.MATIC,,,a contacter,,,,,,,,,,,,maintenance,Autres travaux d'installation n.c.a.,SAINT-OUEN-L'AUMONE,,95,,,,,,,,,,,,,,,,,,,,,,,,,,,,,,,450476809,45047680900048,43.29B,,,,,,,,,,,sirene,
T.N.C.E.,,,a contacter,,,,,,,,,,,,maintenance,"Installation d'equipements electriques, de materiels electroniques et optiques ou d'autres materiels",VERRIERES-EN-ANJOU,,49,,,,,,,,,,,,,,,,,,,,,,,,,,,,,,,443092143,44309214300025,33.20D,,,,,,,,,,,sirene,
T.R.E.E.S TELECOM,C,0,a contacter,,,,,,,,,,,,maintenance,"Installation d'equipements electriques, de materiels electroniques et optiques ou d'autres materiels",CRETEIL,,94,,,,,,,https://www.pappers.fr/entreprise/423795996,https://annuaire-entreprises.data.gouv.fr/entreprise/423795996,https://www.google.com/maps/search/?api=1&query=T.R.E.E.S+TELECOM+CRETEIL,https://www.google.com/search?q=T.R.E.E.S+TELECOM+CRETEIL,https://www.linkedin.com/search/results/companies/?keywords=T.R.E.E.S+TELECOM,https://www.pagesjaunes.fr/annuaire/chercherlespros?quoiqui=T.R.E.E.S+TELECOM&ou=CRETEIL,https://www.societe.com/cgi-bin/search?champs=423795996,,,,,,,,,,,,,,,,FR76423795996,,423795996,42379599600085,33.20D,,,,,,,,non,oui,2026-08-04,sirene,
TA CLIM SERVICES T.C.S,,,a contacter,,,,,,,,,,,,maintenance,Installation de machines et equipements mecaniques,BEAUVAIS,,60,,,,,,,,,,,,,,,,,,,,,,,,,,,,,,,485125215,48512521500031,33.20B,,,,,,,,,,,sirene,
TAMS,,,a contacter,,,,,,,,,,,,maintenance,Autres travaux d'installation n.c.a.,SAINT-MICHEL-SUR-ORGE,,91,,,,,,,,,,,,,,,,,,,,,,,,,,,,,,,502374259,50237425900039,43.29B,,,,,,,,,,,sirene,
TATOUT SEBASTIEN,,,a contacter,,,,,,,,,,,,maintenance,Reparation de machines et equipements mecaniques,SAINT-MARCEL,,73,,,,,,,,,,,,,,,,,,,,,,,,,,,,,,,842494346,84249434600013,33.12Z,,,,,,,,,,,sirene,
TCMA,,,a contacter,,,,,,,,,,,,maintenance,Reparation de machines et equipements mecaniques,SAINT-PHILBERT-DE-GRAND-LIEU,,44,,,,,,,,,,,,,,,,,,,,,,,,,,,,,,,808627079,80862707900029,33.12Z,,,,,,,,,,,sirene,
TDMA,,,a contacter,,,,,,,,,,,,maintenance,Reparation de machines et equipements mecaniques,APPRIEU,,38,,,,,,,,,,,,,,,,,,,,,,,,,,,,,,,424997005,42499700500014,33.12Z,,,,,,,,,,,sirene,
TECH & PRO,,,a contacter,,,,,,,,,,,,maintenance,Reparation de machines et equipements mecaniques,MAUGES-SUR-LOIRE,,49,,,,,,,,,,,,,,,,,,,,,,,,,,,,,,,388456444,38845644400016,33.12Z,,,,,,,,,,,sirene,
TECHMA,,,a contacter,,,,,,,,,,,,maintenance,Reparation de machines et equipements mecaniques,FLERS,,61,,,,,,,,,,,,,,,,,,,,,,,,,,,,,,,337892236,33789223600023,33.12Z,,,,,,,,,,,sirene,
TECHMA NV,,,a contacter,,,,,,,,,,,,maintenance,Installation de machines et equipements mecaniques,SAINT-SAULVE,,59,,,,,,,,,,,,,,,,,,,,,,,,,,,,,,,953371903,95337190300014,33.20B,,,,,,,,,,,sirene,
TECHNI CAUX,,,a contacter,,,,,,,,,,,,maintenance,Reparation de machines et equipements mecaniques,CRIQUETOT-L'ESNEVAL,,76,,,,,,,,,,,,,,,,,,,,,,,,,,,,,,,791547870,79154787000034,33.12Z,,,,,,,,,,,sirene,
TECHNI FROID,,,a contacter,,,,,,,,,,,,maintenance,Installation de machines et equipements mecaniques,BRIGNOLES,,83,,,,,,,,,,,,,,,,,,,,,,,,,,,,,,,343939070,34393907000037,33.20B,,,,,,,,,,,sirene,
TECHNI FROID 86,,,a contacter,,,,,,,,,,,,maintenance,Installation de machines et equipements mecaniques,CHATELLERAULT,,86,,,,,,,,,,,,,,,,,,,,,,,,,,,,,,,401228739,40122873900025,33.20B,,,,,,,,,,,sirene,
TECHNI JURA ROBOTICS,,,a contacter,,,,,,,,,,,,maintenance,Installation de machines et equipements mecaniques,NANCHEZ,,39,,,,,,,,,,,,,,,,,,,,,,,,,,,,,,,948517040,94851704000010,33.20B,,,,,,,,,,,sirene,
TECHNI LAB SERVICE,,,a contacter,,,,,,,,,,,,maintenance,Autres travaux d'installation n.c.a.,MAGNY-EN-VEXIN,,95,,,,,,,,,,,,,,,,,,,,,,,,,,,,,,,524096922,52409692200025,43.29B,,,,,,,,,,,sirene,
TECHNI METAL MAINTENANCE,,,a contacter,,,,,,,,,,,,maintenance,Installation de machines et equipements mecaniques,GENELARD,,71,,,,,,,,,,,,,,,,,,,,,,,,,,,,,,,790232078,79023207800010,33.20B,,,,,,,,,,,sirene,
TECHNIAUTOMATION,,,a contacter,,,,,,,,,,,,maintenance,Reparation de machines et equipements mecaniques,VILLEPINTE,,93,,,,,,,,,,,,,,,,,,,,,,,,,,,,,,,837943158,83794315800019,33.12Z,,,,,,,,,,,sirene,
TECHNIFIT SERVICE,,,a contacter,,,,,,,,,,,,maintenance,Reparation de machines et equipements mecaniques,SAINTE-GENEVIEVE-DES-BOIS,,91,,,,,,,,,,,,,,,,,,,,,,,,,,,,,,,814986378,81498637800010,33.12Z,,,,,,,,,,,sirene,
TECHNIQUES DE REFRIGERATION -TECHNIREF SAS,,,a contacter,,,,,,,,,,,,maintenance,Installation de machines et equipements mecaniques,AIZENAY,,85,,,,,,,,,,,,,,,,,,,,,,,,,,,,,,,530962141,53096214100020,33.20B,,,,,,,,,,,sirene,
TECHNO FROID,,,a contacter,,,,,,,,,,,,maintenance,Installation de machines et equipements mecaniques,HABSHEIM,,68,,,,,,,,,,,,,,,,,,,,,,,,,,,,,,,312667728,31266772800033,33.20B,,,,,,,,,,,sirene,
TECHNOALPIN FRANCE,,,a contacter,,,,,,,,,,,,maintenance,Installation de machines et equipements mecaniques,DARDILLY,,69,,,,,,,,,,,,,,,,,,,,,,,,,,,,,,,750383036,75038303600050,33.20B,,,,,,,,,,,sirene,
TECHNOPROBE FRANCE,C,0,a contacter,,,,,,,,,,,,maintenance,Reparation de materiels electroniques et optiques,ROUSSET,,13,,,,,,,https://www.pappers.fr/entreprise/433916384,https://annuaire-entreprises.data.gouv.fr/entreprise/433916384,https://www.google.com/maps/search/?api=1&query=TECHNOPROBE+FRANCE+ROUSSET,https://www.google.com/search?q=TECHNOPROBE+FRANCE+ROUSSET,https://www.linkedin.com/search/results/companies/?keywords=TECHNOPROBE+FRANCE,https://www.pagesjaunes.fr/annuaire/chercherlespros?quoiqui=TECHNOPROBE+FRANCE&ou=ROUSSET,https://www.societe.com/cgi-bin/search?champs=433916384,,,,,,,,,,,,,,,,FR46433916384,,433916384,43391638400020,33.13Z,,,,,,,,non,oui,2026-08-04,sirene,
TECHNOSOLUTIONS,,,a contacter,,,,,,,,,,,,maintenance,"Installation d'equipements electriques, de materiels electroniques et optiques ou d'autres materiels",SAINT-NAZAIRE,,44,,,,,,,,,,,,,,,,,,,,,,,,,,,,,,,498558493,49855849300025,33.20D,,,,,,,,,,,sirene,
TECHNOTEL,,,a contacter,,,,,,,,,,,,maintenance,Installation de machines et equipements mecaniques,COUTANCES,,50,,,,,,,,,,,,,,,,,,,,,,,,,,,,,,,378860613,37886061300033,33.20B,,,,,,,,,,,sirene,
TECHTRA,,,a contacter,,,,,,,,,,,,maintenance,"Installation d'equipements electriques, de materiels electroniques et optiques ou d'autres materiels",BRILLON,,59,,,,,,,,,,,,,,,,,,,,,,,,,,,,,,,514851005,51485100500025,33.20D,,,,,,,,,,,sirene,
TECK RACING IMPORT,,,a contacter,,,,,,,,,,,,maintenance,"Installation d'equipements electriques, de materiels electroniques et optiques ou d'autres materiels",SAINT-CHINIAN,,34,,,,,,,,,,,,,,,,,,,,,,,,,,,,,,,492487947,49248794700011,33.20D,,,,,,,,,,,sirene,
TECNOTASK S.P.A,C,0,a contacter,,,,,,,,,,,,maintenance,Installation de machines et equipements mecaniques,,,,,,,,,,https://www.pappers.fr/entreprise/854037553,https://annuaire-entreprises.data.gouv.fr/entreprise/854037553,https://www.google.com/maps/search/?api=1&query=TECNOTASK+S.P.A,https://www.google.com/search?q=TECNOTASK+S.P.A,https://www.linkedin.com/search/results/companies/?keywords=TECNOTASK+S.P.A,https://www.pagesjaunes.fr/annuaire/chercherlespros?quoiqui=TECNOTASK+S.P.A,https://www.societe.com/cgi-bin/search?champs=854037553,,,,,,,,,,,,,,,,FR67854037553,,854037553,85403755300013,33.20B,,,,,,,,non,oui,2026-08-04,sirene,
TECNYX,,,a contacter,,,,,,,,,,,,maintenance,Reparation de machines et equipements mecaniques,VOURLES,,69,,,,,,,,,,,,,,,,,,,,,,,,,,,,,,,497533968,49753396800028,33.12Z,,,,,,,,,,,sirene,
TECVIL,,,a contacter,,,,,,,,,,,,maintenance,Reparation de machines et equipements mecaniques,NEUVE-EGLISE,,67,,,,,,,,,,,,,,,,,,,,,,,,,,,,,,,490322153,49032215300027,33.12Z,,,,,,,,,,,sirene,
TEK SARL,,,a contacter,,,,,,,,,,,,maintenance,Installation de machines et equipements mecaniques,ILLKIRCH-GRAFFENSTADEN,,67,,,,,,,,,,,,,,,,,,,,,,,,,,,,,,,312951999,31295199900076,33.20B,,,,,,,,,,,sirene,
TELEMATIC SOLUTIONS GUYANE,,,a contacter,,,,,,,,,,,,maintenance,Reparation de materiels electroniques et optiques,KOUROU,,973,,,,,,,,,,,,,,,,,,,,,,,,,,,,,,,789547494,78954749400029,33.13Z,,,,,,,,,,,sirene,
TELEPHONE DE L'OUEST,,,a contacter,,,,,,,,,,,,maintenance,"Installation d'equipements electriques, de materiels electroniques et optiques ou d'autres materiels",DOMPIERRE-SUR-YON,,85,,,,,,,,,,,,,,,,,,,,,,,,,,,,,,,407700129,40770012900031,33.20D,,,,,,,,,,,sirene,
TELLIER-GOUVION ELECTRICITE,,,a contacter,,,,,,,,,,,,maintenance,Reparation d'equipements electriques,DANJOUTIN,,90,,,,,,,,,,,,,,,,,,,,,,,,,,,,,,,997838305,99783830500032,33.14Z,,,,,,,,,,,sirene,
TELSEN,,,a contacter,,,,,,,,,,,,maintenance,"Installation d'equipements electriques, de materiels electroniques et optiques ou d'autres materiels",SAINT-LAURENT-DU-MARONI,,973,,,,,,,,,,,,,,,,,,,,,,,,,,,,,,,839512159,83951215900022,33.20D,,,,,,,,,,,sirene,
TETRA PAK PROCESSING SNC,,,a contacter,,,,,,,,,,,,maintenance,Reparation de machines et equipements mecaniques,PUTEAUX,,92,,,,,,,,,,,,,,,,,,,,,,,,,,,,,,,391522208,39152220800084,33.12Z,,,,,,,,,,,sirene,
TG CONCEPT,,,a contacter,,,,,,,,,,,,maintenance,Installation de machines et equipements mecaniques,OULLINS-PIERRE-BENITE,,69,,,,,,,,,,,,,,,,,,,,,,,,,,,,,,,492394952,49239495200039,33.20B,,,,,,,,,,,sirene,
THELIA,,,a contacter,,,,,,,,,,,,maintenance,Installation de machines et equipements mecaniques,FLERS-EN-ESCREBIEUX,,59,,,,,,,,,,,,,,,,,,,,,,,,,,,,,,,380890491,38089049100034,33.20B,,,,,,,,,,,sirene,
THERMODYN,,,a contacter,,,,,,,,,,,,maintenance,Reparation de machines et equipements mecaniques,LE CREUSOT,,71,,,,,,,,,,,,,,,,,,,,,,,,,,,,,,,428764682,42876468200020,33.12Z,,,,,,,,,,,sirene,
THIERS MAINTENANCE MECANIQUE,,,a contacter,,,,,,,,,,,,maintenance,Reparation de machines et equipements mecaniques,COURPIERE,,63,,,,,,,,,,,,,,,,,,,,,,,,,,,,,,,403567324,40356732400021,33.12Z,,,,,,,,,,,sirene,
TK HOME SOLUTIONS S.R.L.,,,a contacter,,,,,,,,,,,,maintenance,Autres travaux d'installation n.c.a.,,,,,,,,,,,,,,,,,,,,,,,,,,,,,,,,,,805017365,80501736500018,43.29B,,,,,,,,,,,sirene,
TOP ELEVATOR,,,a contacter,,,,,,,,,,,,maintenance,Autres travaux d'installation n.c.a.,STRASBOURG,,67,,,,,,,,,,,,,,,,,,,,,,,,,,,,,,,794108639,79410863900012,43.29B,,,,,,,,,,,sirene,
TOTALENERGIES CHARGING SERVICES,C,0,a contacter,,,,,,,,,,,,maintenance,"Installation d'equipements electriques, de materiels electroniques et optiques ou d'autres materiels",PUTEAUX,,92,,,,,,,https://www.pappers.fr/entreprise/844192443,https://annuaire-entreprises.data.gouv.fr/entreprise/844192443,https://www.google.com/maps/search/?api=1&query=TOTALENERGIES+CHARGING+SERVICES+PUTEAUX,https://www.google.com/search?q=TOTALENERGIES+CHARGING+SERVICES+PUTEAUX,https://www.linkedin.com/search/results/companies/?keywords=TOTALENERGIES+CHARGING+SERVICES,https://www.pagesjaunes.fr/annuaire/chercherlespros?quoiqui=TOTALENERGIES+CHARGING+SERVICES&ou=PUTEAUX,https://www.societe.com/cgi-bin/search?champs=844192443,,,,,,,,,,,,,,,,FR73844192443,,844192443,84419244300027,33.20D,,,,,,,,non,oui,2026-08-01,sirene,
TOURELEC,,,a contacter,,,,,,,,,,,,maintenance,Reparation d'equipements electriques,TOURCOING,,59,,,,,,,,,,,,,,,,,,,,,,,,,,,,,,,908089683,90808968300019,33.14Z,,,,,,,,,,,sirene,
TOUTELEC MOTORISATION,,,a contacter,,,,,,,,,,,,maintenance,Reparation d'equipements electriques,FIRMINY,,42,,,,,,,,,,,,,,,,,,,,,,,,,,,,,,,828616060,82861606000012,33.14Z,,,,,,,,,,,sirene,
TP SERVICE,,,a contacter,,,,,,,,,,,,maintenance,Reparation de machines et equipements mecaniques,SAINT-PIERRE-D'IRUBE,,64,,,,,,,,,,,,,,,,,,,,,,,,,,,,,,,887846178,88784617800010,33.12Z,,,,,,,,,,,sirene,
TPMS,,,a contacter,,,,,,,,,,,,maintenance,Reparation de machines et equipements mecaniques,ANOULD,,88,,,,,,,,,,,,,,,,,,,,,,,,,,,,,,,752908673,75290867300037,33.12Z,,,,,,,,,,,sirene,
TRADE CHOR,,,a contacter,,,,,,,,,,,,maintenance,Reparation de machines et equipements mecaniques,PARIS,,75,,,,,,,,,,,,,,,,,,,,,,,,,,,,,,,337902183,33790218300033,33.12Z,,,,,,,,,,,sirene,
TRAFIC TRANSPORT SURETE - TTS,,,a contacter,,,,,,,,,,,,maintenance,"Installation d'equipements electriques, de materiels electroniques et optiques ou d'autres materiels",CHAMPS-SUR-MARNE,,77,,,,,,,,,,,,,,,,,,,,,,,,,,,,,,,520832858,52083285800093,33.20D,,,,,,,,,,,sirene,
TRANSFORMATEURS SOLUTIONS VENISSIEUX TSV,,,a contacter,,,,,,,,,,,,maintenance,Reparation d'equipements electriques,VENISSIEUX,,69,,,,,,,,,,,,,,,,,,,,,,,,,,,,,,,495162612,49516261200024,33.14Z,,,,,,,,,,,sirene,
TRANSMANUTEC,,,a contacter,,,,,,,,,,,,maintenance,"Installation d'equipements electriques, de materiels electroniques et optiques ou d'autres materiels",COMMUNAY,,69,,,,,,,,,,,,,,,,,,,,,,,,,,,,,,,498947423,49894742300055,33.20D,,,,,,,,,,,sirene,
TRAVAUX ETUDES CONSTRUCTIONS MAINTENANCE INDUSTRIELLES,C,0,a contacter,,,,,,,,,,,,maintenance,Reparation de machines et equipements mecaniques,FOS-SUR-MER,,13,,,,,,,https://www.pappers.fr/entreprise/421455825,https://annuaire-entreprises.data.gouv.fr/entreprise/421455825,https://www.google.com/maps/search/?api=1&query=TRAVAUX+ETUDES+CONSTRUCTIONS+MAINTENANCE+INDUSTRIELLES+FOS-SUR-MER,https://www.google.com/search?q=TRAVAUX+ETUDES+CONSTRUCTIONS+MAINTENANCE+INDUSTRIELLES+FOS-SUR-MER,https://www.linkedin.com/search/results/companies/?keywords=TRAVAUX+ETUDES+CONSTRUCTIONS+MAINTENANCE+INDUSTRIELLES,https://www.pagesjaunes.fr/annuaire/chercherlespros?quoiqui=TRAVAUX+ETUDES+CONSTRUCTIONS+MAINTENANCE+INDUSTRIELLES&ou=FOS-SUR-MER,https://www.societe.com/cgi-bin/search?champs=421455825,,,,,,,,,,,,,,,,FR35421455825,,421455825,42145582500057,33.12Z,,,,,,,,non,oui,2026-08-04,sirene,
TREVI,,,a contacter,,,,,,,,,,,,maintenance,Reparation de machines et equipements mecaniques,PARCAY-MESLAY,,37,,,,,,,,,,,,,,,,,,,,,,,,,,,,,,,524539509,52453950900025,33.12Z,,,,,,,,,,,sirene,
TRINSTAL EQUIPEMENTS,,,a contacter,,,,,,,,,,,,maintenance,Installation de machines et equipements mecaniques,VERRIERES-EN-ANJOU,,49,,,,,,,,,,,,,,,,,,,,,,,,,,,,,,,491948469,49194846900029,33.20B,,,,,,,,,,,sirene,
TROMP MEDICAL,,,a contacter,,,,,,,,,,,,maintenance,Reparation de materiels electroniques et optiques,BRIE-COMTE-ROBERT,,77,,,,,,,,,,,,,,,,,,,,,,,,,,,,,,,892074618,89207461800026,33.13Z,,,,,,,,,,,sirene,
TSA,C,0,a contacter,,,,,,,,,,,,maintenance,Autres travaux d'installation n.c.a.,LE PLESSIS-TREVISE,,94,,,,,,,https://www.pappers.fr/entreprise/500252325,https://annuaire-entreprises.data.gouv.fr/entreprise/500252325,https://www.google.com/maps/search/?api=1&query=TSA+LE+PLESSIS-TREVISE,https://www.google.com/search?q=TSA+LE+PLESSIS-TREVISE,https://www.linkedin.com/search/results/companies/?keywords=TSA,https://www.pagesjaunes.fr/annuaire/chercherlespros?quoiqui=TSA&ou=LE+PLESSIS-TREVISE,https://www.societe.com/cgi-bin/search?champs=500252325,,,,,,,,,,,,,,,,FR50500252325,,500252325,50025232500054,43.29B,,,,,,,,non,oui,2026-08-07,sirene,
TSA,,,a contacter,,,,,,,,,,,,maintenance,"Installation d'equipements electriques, de materiels electroniques et optiques ou d'autres materiels",ROANNE,,42,,,,,,,,,,,,,,,,,,,,,,,,,,,,,,,411029457,41102945700024,33.20D,,,,,,,,,,,sirene,
TSI PRODUCTION,,,a contacter,,,,,,,,,,,,maintenance,Reparation de machines et equipements mecaniques,MONTCEAU-LES-MINES,,71,,,,,,,,,,,,,,,,,,,,,,,,,,,,,,,790450423,79045042300013,33.12Z,,,,,,,,,,,sirene,
TSME,,,a contacter,,,,,,,,,,,,maintenance,Reparation de machines et equipements mecaniques,BAVAY,,59,,,,,,,,,,,,,,,,,,,,,,,,,,,,,,,901892281,90189228100014,33.12Z,,,,,,,,,,,sirene,
TURBOMACH FRANCE SARL,,,a contacter,,,,,,,,,,,,maintenance,Reparation de machines et equipements mecaniques,LIEUSAINT,,77,,,,,,,,,,,,,,,,,,,,,,,,,,,,,,,337865752,33786575200071,33.12Z,,,,,,,,,,,sirene,
UNISERV,,,a contacter,,,,,,,,,,,,maintenance,Reparation de machines et equipements mecaniques,COUDEKERQUE-BRANCHE,,59,,,,,,,,,,,,,,,,,,,,,,,,,,,,,,,477565493,47756549300079,33.12Z,,,,,,,,,,,sirene,
UXOM,,,a contacter,,,,,,,,,,,,maintenance,Installation de machines et equipements mecaniques,SAINT-SAULVE,,59,,,,,,,,,,,,,,,,,,,,,,,,,,,,,,,522357169,52235716900047,33.20B,,,,,,,,,,,sirene,
V3TEC,,,a contacter,,,,,,,,,,,,maintenance,Reparation de machines et equipements mecaniques,VALLET,,44,,,,,,,,,,,,,,,,,,,,,,,,,,,,,,,890024359,89002435900030,33.12Z,,,,,,,,,,,sirene,
VAL ENERGIE 59,,,a contacter,,,,,,,,,,,,maintenance,Reparation d'equipements electriques,ANZIN,,59,,,,,,,,,,,,,,,,,,,,,,,,,,,,,,,838457356,83845735600031,33.14Z,,,,,,,,,,,sirene,
VALENGUY PROVENCE,,,a contacter,,,,,,,,,,,,maintenance,Installation de machines et equipements mecaniques,SIX-FOURS-LES-PLAGES,,83,,,,,,,,,,,,,,,,,,,,,,,,,,,,,,,378184725,37818472500059,33.20B,,,,,,,,,,,sirene,
VALFROID,,,a contacter,,,,,,,,,,,,maintenance,Installation de machines et equipements mecaniques,LA CHAUSSEE-SAINT-VICTOR,,41,,,,,,,,,,,,,,,,,,,,,,,,,,,,,,,823031067,82303106700023,33.20B,,,,,,,,,,,sirene,
VAN FROID,,,a contacter,,,,,,,,,,,,maintenance,Installation de machines et equipements mecaniques,SAINT-MAUR-DES-FOSSES,,94,,,,,,,,,,,,,,,,,,,,,,,,,,,,,,,337593511,33759351100039,33.20B,,,,,,,,,,,sirene,
VANATEC,,,a contacter,,,,,,,,,,,,maintenance,Reparation de machines et equipements mecaniques,LE HAVRE,,76,,,,,,,,,,,,,,,,,,,,,,,,,,,,,,,485114342,48511434200028,33.12Z,,,,,,,,,,,sirene,
VANDERLANDE INDUSTRIES FRANCE,,,a contacter,,,,,,,,,,,,maintenance,Reparation de machines et equipements mecaniques,,,,,,,,,,,,,,,,,,,,,,,,,,,,,,,,,,511449563,51144956300010,33.12Z,,,,,,,,,,,sirene,
VANDERLANDE LOGISTICS,,,a contacter,,,,,,,,,,,,maintenance,Reparation de machines et equipements mecaniques,SAINT-DENIS,,93,,,,,,,,,,,,,,,,,,,,,,,,,,,,,,,803619972,80361997200034,33.12Z,,,,,,,,,,,sirene,
VAR ASCENSEURS REPARATIONS SERVICES,,,a contacter,,,,,,,,,,,,maintenance,Autres travaux d'installation n.c.a.,LA CRAU,,83,,,,,,,,,,,,,,,,,,,,,,,,,,,,,,,527575815,52757581500040,43.29B,,,,,,,,,,,sirene,
VAREO,,,a contacter,,,,,,,,,,,,maintenance,Reparation d'equipements electriques,DRAGUIGNAN,,83,,,,,,,,,,,,,,,,,,,,,,,,,,,,,,,344575121,34457512100068,33.14Z,,,,,,,,,,,sirene,
VARIAN MEDICAL SYSTEMS FRANCE,C,0,a contacter,,,,,,,,,,,,maintenance,Reparation de materiels electroniques et optiques,LE PLESSIS ROBINSON,,92,,,,,,,https://www.pappers.fr/entreprise/414551150,https://annuaire-entreprises.data.gouv.fr/entreprise/414551150,https://www.google.com/maps/search/?api=1&query=VARIAN+MEDICAL+SYSTEMS+FRANCE+LE+PLESSIS+ROBINSON,https://www.google.com/search?q=VARIAN+MEDICAL+SYSTEMS+FRANCE+LE+PLESSIS+ROBINSON,https://www.linkedin.com/search/results/companies/?keywords=VARIAN+MEDICAL+SYSTEMS+FRANCE,https://www.pagesjaunes.fr/annuaire/chercherlespros?quoiqui=VARIAN+MEDICAL+SYSTEMS+FRANCE&ou=LE+PLESSIS+ROBINSON,https://www.societe.com/cgi-bin/search?champs=414551150,,,,,,,,,,,,,,,,FR69414551150,,414551150,41455115000074,33.13Z,,,,,,,,non,oui,2026-08-08,sirene,
VDB NORD GREAGE,,,a contacter,,,,,,,,,,,,maintenance,Reparation de machines et equipements mecaniques,CAMPAGNE-LES-WARDRECQUES,,62,,,,,,,,,,,,,,,,,,,,,,,,,,,,,,,823043799,82304379900035,33.12Z,,,,,,,,,,,sirene,
VDPI,,,a contacter,,,,,,,,,,,,maintenance,Autres travaux d'installation n.c.a.,ANDREZIEUX-BOUTHEON,,42,,,,,,,,,,,,,,,,,,,,,,,,,,,,,,,529960510,52996051000038,43.29B,,,,,,,,,,,sirene,
VECOFROID,,,a contacter,,,,,,,,,,,,maintenance,Installation de machines et equipements mecaniques,VESOUL,,70,,,,,,,,,,,,,,,,,,,,,,,,,,,,,,,352843239,35284323900018,33.20B,,,,,,,,,,,sirene,
VENTIL 72,,,a contacter,,,,,,,,,,,,maintenance,Installation de machines et equipements mecaniques,LE MANS,,72,,,,,,,,,,,,,,,,,,,,,,,,,,,,,,,499251916,49925191600031,33.20B,,,,,,,,,,,sirene,
VERDEMOBIL BIOGAZ,,,a contacter,,,,,,,,,,,,maintenance,Installation de machines et equipements mecaniques,MONTAIGU-VENDEE,,85,,,,,,,,,,,,,,,,,,,,,,,,,,,,,,,505002261,50500226100038,33.20B,,,,,,,,,,,sirene,
VESTO,,,a contacter,,,,,,,,,,,,maintenance,Reparation de machines et equipements mecaniques,SAINT-MAUR-DES-FOSSES,,94,,,,,,,,,,,,,,,,,,,,,,,,,,,,,,,883159766,88315976600020,33.12Z,,,,,,,,,,,sirene,
VIAPOSTE MAINTENANCE,,,a contacter,,,,,,,,,,,,maintenance,Reparation de machines et equipements mecaniques,LE KREMLIN-BICETRE,,94,,,,,,,,,,,,,,,,,,,,,,,,,,,,,,,519871305,51987130500040,33.12Z,,,,,,,,,,,sirene,
VIDELIO HMS,,,a contacter,,,,,,,,,,,,maintenance,"Installation d'equipements electriques, de materiels electroniques et optiques ou d'autres materiels",MONTOIR-DE-BRETAGNE,,44,,,,,,,,,,,,,,,,,,,,,,,,,,,,,,,328885157,32888515700151,33.20D,,,,,,,,,,,sirene,
VISER SERVICES,,,a contacter,,,,,,,,,,,,maintenance,Autres travaux d'installation n.c.a.,CHELLES,,77,,,,,,,,,,,,,,,,,,,,,,,,,,,,,,,820339216,82033921600021,43.29B,,,,,,,,,,,sirene,
VISIOM,,,a contacter,,,,,,,,,,,,maintenance,Reparation d'equipements electriques,ANTONY,,92,,,,,,,,,,,,,,,,,,,,,,,,,,,,,,,413249467,41324946700015,33.14Z,,,,,,,,,,,sirene,
VISOTEC SERVICES,,,a contacter,,,,,,,,,,,,maintenance,Autres travaux d'installation n.c.a.,ORVAULT,,44,,,,,,,,,,,,,,,,,,,,,,,,,,,,,,,401773809,40177380900025,43.29B,,,,,,,,,,,sirene,
VITAMOTOR MAINTENANCE,,,a contacter,,,,,,,,,,,,maintenance,Reparation de machines et equipements mecaniques,SAINT-PIERRE-DES-CORPS,,37,,,,,,,,,,,,,,,,,,,,,,,,,,,,,,,494676380,49467638000020,33.12Z,,,,,,,,,,,sirene,
VOLETS SERVICES MONTPELLIER,C,0,a contacter,,,,,,,,,,,,maintenance,Autres travaux d'installation n.c.a.,MONTPELLIER,,34,,,,,,,https://www.pappers.fr/entreprise/750466468,https://annuaire-entreprises.data.gouv.fr/entreprise/750466468,https://www.google.com/maps/search/?api=1&query=VOLETS+SERVICES+MONTPELLIER+MONTPELLIER,https://www.google.com/search?q=VOLETS+SERVICES+MONTPELLIER+MONTPELLIER,https://www.linkedin.com/search/results/companies/?keywords=VOLETS+SERVICES+MONTPELLIER,https://www.pagesjaunes.fr/annuaire/chercherlespros?quoiqui=VOLETS+SERVICES+MONTPELLIER&ou=MONTPELLIER,https://www.societe.com/cgi-bin/search?champs=750466468,,,,,,,,,,,,,,,,FR25750466468,,750466468,75046646800048,43.29B,,,,,,,,non,oui,2026-08-10,sirene,
VOLETS SERVICES NANTES,,,a contacter,,,,,,,,,,,,maintenance,Autres travaux d'installation n.c.a.,LE BIGNON,,44,,,,,,,,,,,,,,,,,,,,,,,,,,,,,,,819343989,81934398900045,43.29B,,,,,,,,,,,sirene,
VOLKSWIND SERVICE FRANCE,,,a contacter,,,,,,,,,,,,maintenance,Reparation d'equipements electriques,STRASBOURG,,67,,,,,,,,,,,,,,,,,,,,,,,,,,,,,,,829543123,82954312300048,33.14Z,,,,,,,,,,,sirene,
VOLTR,,,a contacter,,,,,,,,,,,,maintenance,Reparation d'equipements electriques,VERRIERES-EN-ANJOU,,49,,,,,,,,,,,,,,,,,,,,,,,,,,,,,,,947745634,94774563400032,33.14Z,,,,,,,,,,,sirene,
VOORTMAN FRANCE,,,a contacter,,,,,,,,,,,,maintenance,Reparation de machines et equipements mecaniques,APPRIEU,,38,,,,,,,,,,,,,,,,,,,,,,,,,,,,,,,801045915,80104591500023,33.12Z,,,,,,,,,,,sirene,
VULCATEC,,,a contacter,,,,,,,,,,,,maintenance,Installation de machines et equipements mecaniques,SAINT-BRICE-COURCELLES,,51,,,,,,,,,,,,,,,,,,,,,,,,,,,,,,,521820860,52182086000018,33.20B,,,,,,,,,,,sirene,
WAMAR ENGINEERING SAS,,,a contacter,,,,,,,,,,,,maintenance,Reparation de machines et equipements mecaniques,FONTAINE,,90,,,,,,,,,,,,,,,,,,,,,,,,,,,,,,,502696115,50269611500018,33.12Z,,,,,,,,,,,sirene,
WEMAINTAIN,,,a contacter,,,,,,,,,,,,maintenance,Autres travaux d'installation n.c.a.,NEUILLY-SUR-SEINE,,92,,,,,,,,,,,,,,,,,,,,,,,,,,,,,,,830852844,83085284400034,43.29B,,,,,,,,,,,sirene,
WESTENDORP,,,a contacter,,,,,,,,,,,,maintenance,Reparation d'equipements electriques,MEUNG-SUR-LOIRE,,45,,,,,,,,,,,,,,,,,,,,,,,,,,,,,,,330327396,33032739600025,33.14Z,,,,,,,,,,,sirene,
Y'INDUS,,,a contacter,,,,,,,,,,,,maintenance,Reparation de machines et equipements mecaniques,SAINT-ALBAN-LEYSSE,,73,,,,,,,,,,,,,,,,,,,,,,,,,,,,,,,893042234,89304223400011,33.12Z,,,,,,,,,,,sirene,
Y.P. CONCEPT,,,a contacter,,,,,,,,,,,,maintenance,Installation de machines et equipements mecaniques,CHANTONNAY,,85,,,,,,,,,,,,,,,,,,,,,,,,,,,,,,,428769285,42876928500035,33.20B,,,,,,,,,,,sirene,
ZELE PRO,,,a contacter,,,,,,,,,,,,maintenance,"Installation d'equipements electriques, de materiels electroniques et optiques ou d'autres materiels",MOISSY-CRAMAYEL,,77,,,,,,,,,,,,,,,,,,,,,,,,,,,,,,,540089786,54008978600029,33.20D,,,,,,,,,,,sirene,
