nom,tier,score,statut,date_contact,canal,date_relance,notes,produit,montant_vendu,date_vente,paye,montant_encaisse,commission,statut_livraison,type,libelle,commune,cp,departement,telephone,email,email_status,dirigeant,qualite,raisons,lien_pappers,lien_annuaire,lien_maps,lien_google,lien_linkedin_rech,lien_pagesjaunes,lien_societe,lien_trustpilot,linkedin,domain,effectif,categorie,nb_etablissements_ouverts,nb_etablissements,ca,resultat_net,annee_finances,anciennete,date_creation,nature_juridique,labels,idcc,tva_intra,etat,siren,siret,naf,adresse,latitude,longitude,email_source,email_perso,autres_emails,autres_dirigeants,a_site,web_fait,date_enrichi,source,ville
 STER ,,,a contacter,,,,,,,,,,,,reseaux,,LOUVRES,,95,,,,,,,,,,,,,,,,,,,,,,,,,,,,,,,807699988,80769998800042,43.21A,,,,,,,,,,,sirene,
2 L L E,,,a contacter,,,,,,,,,,,,reseaux,,BAIE-MAHAULT,,971,,,,,,,,,,,,,,,,,,,,,,,,,,,,,,,451178610,45117861000023,43.21A,,,,,,,,,,,sirene,
2EC ELEC,,,a contacter,,,,,,,,,,,,reseaux,,COURCELLES-LE-ROI,,45,,,,,,,,,,,,,,,,,,,,,,,,,,,,,,,507674364,50767436400017,43.21A,,,,,,,,,,,sirene,
2GTECH,,,a contacter,,,,,,,,,,,,reseaux,,FORT-DE-FRANCE,,972,,,,,,,,,,,,,,,,,,,,,,,,,,,,,,,911569234,91156923400014,61.90Z,,,,,,,,,,,sirene,
2H ELEC,,,a contacter,,,,,,,,,,,,reseaux,,SAULX-LES-CHARTREUX,,91,,,,,,,,,,,,,,,,,,,,,,,,,,,,,,,894937267,89493726700033,43.21A,,,,,,,,,,,sirene,
2JBR,,,a contacter,,,,,,,,,,,,reseaux,,ARGENTRE-DU-PLESSIS,,35,,,,,,,,,,,,,,,,,,,,,,,,,,,,,,,820538429,82053842900029,43.21A,,,,,,,,,,,sirene,
2M-ENR,,,a contacter,,,,,,,,,,,,reseaux,,VILLEY-SAINT-ETIENNE,,54,,,,,,,,,,,,,,,,,,,,,,,,,,,,,,,949651749,94965174900010,43.21A,,,,,,,,,,,sirene,
2RS-ETN,,,a contacter,,,,,,,,,,,,reseaux,,TEMPLEMARS,,59,,,,,,,,,,,,,,,,,,,,,,,,,,,,,,,509759924,50975992400079,61.90Z,,,,,,,,,,,sirene,
2STP,,,a contacter,,,,,,,,,,,,reseaux,,ANNECY,,74,,,,,,,,,,,,,,,,,,,,,,,,,,,,,,,823084892,82308489200012,43.21A,,,,,,,,,,,sirene,
3 TECHNOLOGIES,,,a contacter,,,,,,,,,,,,reseaux,,VAYRES,,33,,,,,,,,,,,,,,,,,,,,,,,,,,,,,,,499712388,49971238800069,61.90Z,,,,,,,,,,,sirene,
3A RESEAUX,,,a contacter,,,,,,,,,,,,reseaux,,VENISSIEUX,,69,,,,,,,,,,,,,,,,,,,,,,,,,,,,,,,498871656,49887165600043,43.21A,,,,,,,,,,,sirene,
3C INSTAL 15,,,a contacter,,,,,,,,,,,,reseaux,,OMPS,,15,,,,,,,,,,,,,,,,,,,,,,,,,,,,,,,828270322,82827032200013,43.21A,,,,,,,,,,,sirene,
3GELEC,,,a contacter,,,,,,,,,,,,reseaux,,MANDRES-LES-ROSES,,94,,,,,,,,,,,,,,,,,,,,,,,,,,,,,,,452344948,45234494800040,43.21A,,,,,,,,,,,sirene,
3S SATELLITE,,,a contacter,,,,,,,,,,,,reseaux,,PEYPIN,,13,,,,,,,,,,,,,,,,,,,,,,,,,,,,,,,512996026,51299602600039,43.21A,,,,,,,,,,,sirene,
4 TCC1 SOCIETA' CONSORTILE A R.L.,,,a contacter,,,,,,,,,,,,reseaux,,,,,,,,,,,,,,,,,,,,,,,,,,,,,,,,,,,887981645,88798164500013,42.21Z,,,,,,,,,,,sirene,
4B3 SCARL,,,a contacter,,,,,,,,,,,,reseaux,,,,,,,,,,,,,,,,,,,,,,,,,,,,,,,,,,,912219599,91221959900012,42.21Z,,,,,,,,,,,sirene,
4K FRANCE,,,a contacter,,,,,,,,,,,,reseaux,,CARRIERES-SUR-SEINE,,78,,,,,,,,,,,,,,,,,,,,,,,,,,,,,,,805211158,80521115800029,61.90Z,,,,,,,,,,,sirene,
58 ELEC,,,a contacter,,,,,,,,,,,,reseaux,,MARZY,,58,,,,,,,,,,,,,,,,,,,,,,,,,,,,,,,834274755,83427475500018,43.21A,,,,,,,,,,,sirene,
5IS,,,a contacter,,,,,,,,,,,,reseaux,,VALLAURIS,,06,,,,,,,,,,,,,,,,,,,,,,,,,,,,,,,528091309,52809130900047,61.10Z,,,,,,,,,,,sirene,
6M-TECHNOLOGIES,,,a contacter,,,,,,,,,,,,reseaux,,NOISY-LE-GRAND,,93,,,,,,,,,,,,,,,,,,,,,,,,,,,,,,,415006618,41500661800052,43.21A,,,,,,,,,,,sirene,
6NERGIES,,,a contacter,,,,,,,,,,,,reseaux,,LA TOUR-DE-SALVAGNY,,69,,,,,,,,,,,,,,,,,,,,,,,,,,,,,,,832558621,83255862100047,43.21A,,,,,,,,,,,sirene,
75FIBRE.COM,,,a contacter,,,,,,,,,,,,reseaux,,MANTES-LA-VILLE,,78,,,,,,,,,,,,,,,,,,,,,,,,,,,,,,,889766010,88976601000025,43.21A,,,,,,,,,,,sirene,
A B TELECOM,,,a contacter,,,,,,,,,,,,reseaux,,GRASSE,,06,,,,,,,,,,,,,,,,,,,,,,,,,,,,,,,414489112,41448911200097,61.90Z,,,,,,,,,,,sirene,
A C R T,,,a contacter,,,,,,,,,,,,reseaux,,VILLEFRANCHE-SUR-SAONE,,69,,,,,,,,,,,,,,,,,,,,,,,,,,,,,,,419961628,41996162800098,61.90Z,,,,,,,,,,,sirene,
A D E C,,,a contacter,,,,,,,,,,,,reseaux,,JOUE-LES-TOURS,,37,,,,,,,,,,,,,,,,,,,,,,,,,,,,,,,419008727,41900872700044,43.21A,,,,,,,,,,,sirene,
A M SECURITE,,,a contacter,,,,,,,,,,,,reseaux,,AMPUIS,,69,,,,,,,,,,,,,,,,,,,,,,,,,,,,,,,441311917,44131191700039,43.21A,,,,,,,,,,,sirene,
A PLUS ELEC,,,a contacter,,,,,,,,,,,,reseaux,,CARPIQUET,,14,,,,,,,,,,,,,,,,,,,,,,,,,,,,,,,503600074,50360007400044,43.21A,,,,,,,,,,,sirene,
A SYSTECH,,,a contacter,,,,,,,,,,,,reseaux,,SAINT-PIERRE-DU-PERRAY,,91,,,,,,,,,,,,,,,,,,,,,,,,,,,,,,,751029240,75102924000049,43.21A,,,,,,,,,,,sirene,
A T H,,,a contacter,,,,,,,,,,,,reseaux,,PERIGNY,,17,,,,,,,,,,,,,,,,,,,,,,,,,,,,,,,524661501,52466150100030,42.21Z,,,,,,,,,,,sirene,
A-FAIRELEC,,,a contacter,,,,,,,,,,,,reseaux,,LONS,,64,,,,,,,,,,,,,,,,,,,,,,,,,,,,,,,527851950,52785195000040,43.21A,,,,,,,,,,,sirene,
A. COFFIN,,,a contacter,,,,,,,,,,,,reseaux,,BEAUVAIS,,60,,,,,,,,,,,,,,,,,,,,,,,,,,,,,,,380553644,38055364400028,43.21A,,,,,,,,,,,sirene,
A.A.B.G. BESSON,,,a contacter,,,,,,,,,,,,reseaux,,BRESSUIRE,,79,,,,,,,,,,,,,,,,,,,,,,,,,,,,,,,431782630,43178263000021,43.21A,,,,,,,,,,,sirene,
A.B.I. ELECTRICITE SARL,,,a contacter,,,,,,,,,,,,reseaux,,FAINS-VEEL,,55,,,,,,,,,,,,,,,,,,,,,,,,,,,,,,,484713987,48471398700028,43.21A,,,,,,,,,,,sirene,
A.C.D.E. CONCEPT,,,a contacter,,,,,,,,,,,,reseaux,,SIX-FOURS-LES-PLAGES,,83,,,,,,,,,,,,,,,,,,,,,,,,,,,,,,,480045152,48004515200034,43.21A,,,,,,,,,,,sirene,
A.D FIBRE OPTIQUE,,,a contacter,,,,,,,,,,,,reseaux,,PLOERMEL,,56,,,,,,,,,,,,,,,,,,,,,,,,,,,,,,,891781726,89178172600015,43.21A,,,,,,,,,,,sirene,
A.DE.DIS.ALPHANE DEPANNAGE DISTRIBUTION,,,a contacter,,,,,,,,,,,,reseaux,,PERPIGNAN,,66,,,,,,,,,,,,,,,,,,,,,,,,,,,,,,,403605371,40360537100075,42.22Z,,,,,,,,,,,sirene,
A.E.B. ELECTRICITE,,,a contacter,,,,,,,,,,,,reseaux,,SAINT-GERMAIN-DU-PUY,,18,,,,,,,,,,,,,,,,,,,,,,,,,,,,,,,553720277,55372027700019,43.21A,,,,,,,,,,,sirene,
A.E.N.,,,a contacter,,,,,,,,,,,,reseaux,,JARVILLE-LA-MALGRANGE,,54,,,,,,,,,,,,,,,,,,,,,,,,,,,,,,,311712343,31171234300038,43.21A,,,,,,,,,,,sirene,
A.E.T.C. ATELIER ELECTRO TECHN CATALAN,,,a contacter,,,,,,,,,,,,reseaux,,CANET-EN-ROUSSILLON,,66,,,,,,,,,,,,,,,,,,,,,,,,,,,,,,,433727427,43372742700026,43.21A,,,,,,,,,,,sirene,
A.F.K. ELECTRICITE,,,a contacter,,,,,,,,,,,,reseaux,,SAINT-CHRISTOL-LEZ-ALES,,30,,,,,,,,,,,,,,,,,,,,,,,,,,,,,,,520239096,52023909600024,43.21A,,,,,,,,,,,sirene,
A.G.E,,,a contacter,,,,,,,,,,,,reseaux,,HEROUVILLE-SAINT-CLAIR,,14,,,,,,,,,,,,,,,,,,,,,,,,,,,,,,,415173418,41517341800021,43.21A,,,,,,,,,,,sirene,
A.L.B. TP,,,a contacter,,,,,,,,,,,,reseaux,,HEUQUEVILLE,,76,,,,,,,,,,,,,,,,,,,,,,,,,,,,,,,832278709,83227870900015,42.21Z,,,,,,,,,,,sirene,
A.M.A 76,,,a contacter,,,,,,,,,,,,reseaux,,LE HAVRE,,76,,,,,,,,,,,,,,,,,,,,,,,,,,,,,,,919695890,91969589000013,43.21A,,,,,,,,,,,sirene,
A.M.S. ELECTRICITE,,,a contacter,,,,,,,,,,,,reseaux,,BEAURAINS,,62,,,,,,,,,,,,,,,,,,,,,,,,,,,,,,,503062317,50306231700022,43.21A,,,,,,,,,,,sirene,
A.M.X. OPTIQUE,,,a contacter,,,,,,,,,,,,reseaux,,PONCHON,,60,,,,,,,,,,,,,,,,,,,,,,,,,,,,,,,753043322,75304332200027,43.21A,,,,,,,,,,,sirene,
A.MACHADO,,,a contacter,,,,,,,,,,,,reseaux,,PUYMERAS,,84,,,,,,,,,,,,,,,,,,,,,,,,,,,,,,,499496685,49949668500029,43.21A,,,,,,,,,,,sirene,
A.N.T.E ENERGY,,,a contacter,,,,,,,,,,,,reseaux,,SOTTEVILLE-LES-ROUEN,,76,,,,,,,,,,,,,,,,,,,,,,,,,,,,,,,393746532,39374653200042,43.21A,,,,,,,,,,,sirene,
A.P.E.I.,,,a contacter,,,,,,,,,,,,reseaux,,PLERNEUF,,22,,,,,,,,,,,,,,,,,,,,,,,,,,,,,,,510599459,51059945900029,42.21Z,,,,,,,,,,,sirene,
A.P.S.P ENTREPRISE GENERALE DE BATIMENT,,,a contacter,,,,,,,,,,,,reseaux,,LA COURNEUVE,,93,,,,,,,,,,,,,,,,,,,,,,,,,,,,,,,804252260,80425226000018,43.21A,,,,,,,,,,,sirene,
A.S. ELECTRICITE GENERALE,,,a contacter,,,,,,,,,,,,reseaux,,MONTATAIRE,,60,,,,,,,,,,,,,,,,,,,,,,,,,,,,,,,504706375,50470637500038,43.21A,,,,,,,,,,,sirene,
A.S.T.R.,,,a contacter,,,,,,,,,,,,reseaux,,LE MANS,,72,,,,,,,,,,,,,,,,,,,,,,,,,,,,,,,504310491,50431049100064,43.21A,,,,,,,,,,,sirene,
A.T.E.C,,,a contacter,,,,,,,,,,,,reseaux,,SAINT-BRES,,34,,,,,,,,,,,,,,,,,,,,,,,,,,,,,,,820329845,82032984500011,43.21A,,,,,,,,,,,sirene,
A.V.F.,,,a contacter,,,,,,,,,,,,reseaux,,AVION,,62,,,,,,,,,,,,,,,,,,,,,,,,,,,,,,,793467895,79346789500025,43.21A,,,,,,,,,,,sirene,
A.VARLET,,,a contacter,,,,,,,,,,,,reseaux,,LAMBRES-LEZ-DOUAI,,59,,,,,,,,,,,,,,,,,,,,,,,,,,,,,,,507571438,50757143800021,43.21A,,,,,,,,,,,sirene,
A2 TELEC,,,a contacter,,,,,,,,,,,,reseaux,,DRANCY,,93,,,,,,,,,,,,,,,,,,,,,,,,,,,,,,,502771843,50277184300021,43.21A,,,,,,,,,,,sirene,
A2CS,,,a contacter,,,,,,,,,,,,reseaux,,SAINT-WITZ,,95,,,,,,,,,,,,,,,,,,,,,,,,,,,,,,,442238986,44223898600024,43.21A,,,,,,,,,,,sirene,
A2F,,,a contacter,,,,,,,,,,,,reseaux,,POMPIGNAC,,33,,,,,,,,,,,,,,,,,,,,,,,,,,,,,,,815191507,81519150700038,43.21A,,,,,,,,,,,sirene,
A2F,,,a contacter,,,,,,,,,,,,reseaux,,YVRE L EVEQUE,,72,,,,,,,,,,,,,,,,,,,,,,,,,,,,,,,820516425,82051642500023,43.21A,,,,,,,,,,,sirene,
A2P ELEC,,,a contacter,,,,,,,,,,,,reseaux,,CHAMPIGNY-SUR-MARNE,,94,,,,,,,,,,,,,,,,,,,,,,,,,,,,,,,524028776,52402877600028,43.21A,,,,,,,,,,,sirene,
A2VIE SARL,,,a contacter,,,,,,,,,,,,reseaux,,SIX-FOURS-LES-PLAGES,,83,,,,,,,,,,,,,,,,,,,,,,,,,,,,,,,424763225,42476322500044,43.21A,,,,,,,,,,,sirene,
A3S,,,a contacter,,,,,,,,,,,,reseaux,,MANDRES-LES-ROSES,,94,,,,,,,,,,,,,,,,,,,,,,,,,,,,,,,482005014,48200501400048,43.21A,,,,,,,,,,,sirene,
AA GROUP,,,a contacter,,,,,,,,,,,,reseaux,,CORBEIL-ESSONNES,,91,,,,,,,,,,,,,,,,,,,,,,,,,,,,,,,915080287,91508028700013,61.10Z,,,,,,,,,,,sirene,
AAG BATIMENT,,,a contacter,,,,,,,,,,,,reseaux,,BESANCON,,25,,,,,,,,,,,,,,,,,,,,,,,,,,,,,,,900962689,90096268900015,43.21A,,,,,,,,,,,sirene,
AAS,,,a contacter,,,,,,,,,,,,reseaux,,CREIL,,60,,,,,,,,,,,,,,,,,,,,,,,,,,,,,,,830423372,83042337200028,43.21A,,,,,,,,,,,sirene,
AB ELEC PLUS,,,a contacter,,,,,,,,,,,,reseaux,,CAMBRAI,,59,,,,,,,,,,,,,,,,,,,,,,,,,,,,,,,534493630,53449363000022,43.21A,,,,,,,,,,,sirene,
AB RSX,,,a contacter,,,,,,,,,,,,reseaux,,GRIGNY,,69,,,,,,,,,,,,,,,,,,,,,,,,,,,,,,,514967330,51496733000036,43.21A,,,,,,,,,,,sirene,
AB SYSTEMS,,,a contacter,,,,,,,,,,,,reseaux,,AULNAY-SOUS-BOIS,,93,,,,,,,,,,,,,,,,,,,,,,,,,,,,,,,539822197,53982219700015,43.21A,,,,,,,,,,,sirene,
AB TELECOMS,,,a contacter,,,,,,,,,,,,reseaux,,LA PENNE-SUR-HUVEAUNE,,13,,,,,,,,,,,,,,,,,,,,,,,,,,,,,,,884020827,88402082700025,61.90Z,,,,,,,,,,,sirene,
AB VIDEOCOM,,,a contacter,,,,,,,,,,,,reseaux,,VIC-LA-GARDIOLE,,34,,,,,,,,,,,,,,,,,,,,,,,,,,,,,,,488165820,48816582000025,43.21A,,,,,,,,,,,sirene,
ABAD ELECTRICITE GENERALE,,,a contacter,,,,,,,,,,,,reseaux,,SAINT-MAURICE-L'EXIL,,38,,,,,,,,,,,,,,,,,,,,,,,,,,,,,,,301294658,30129465800028,43.21A,,,,,,,,,,,sirene,
ABADIE SERVICES,,,a contacter,,,,,,,,,,,,reseaux,,MONTREDON-DES-CORBIERES,,11,,,,,,,,,,,,,,,,,,,,,,,,,,,,,,,881814438,88181443800027,43.21A,,,,,,,,,,,sirene,
ABASQ ELECTROTECHNIQUE,,,a contacter,,,,,,,,,,,,reseaux,,LANNILIS,,29,,,,,,,,,,,,,,,,,,,,,,,,,,,,,,,492171376,49217137600022,43.21A,,,,,,,,,,,sirene,
ABC COM,,,a contacter,,,,,,,,,,,,reseaux,,CHALON-SUR-SAONE,,71,,,,,,,,,,,,,,,,,,,,,,,,,,,,,,,425055043,42505504300060,61.90Z,,,,,,,,,,,sirene,
ABC DEPAN RENOV,,,a contacter,,,,,,,,,,,,reseaux,,BETTON,,35,,,,,,,,,,,,,,,,,,,,,,,,,,,,,,,499325009,49932500900029,43.21A,,,,,,,,,,,sirene,
ABC TELEPHONIE ET INFORMATIQUE,,,a contacter,,,,,,,,,,,,reseaux,,BESANCON,,25,,,,,,,,,,,,,,,,,,,,,,,,,,,,,,,421881160,42188116000087,61.10Z,,,,,,,,,,,sirene,
ABC2E,,,a contacter,,,,,,,,,,,,reseaux,,SAINT-PIERRE,,974,,,,,,,,,,,,,,,,,,,,,,,,,,,,,,,835347345,83534734500075,43.21A,,,,,,,,,,,sirene,
ABCOM 2000,,,a contacter,,,,,,,,,,,,reseaux,,BOULOGNE-BILLANCOURT,,92,,,,,,,,,,,,,,,,,,,,,,,,,,,,,,,413059536,41305953600123,61.90Z,,,,,,,,,,,sirene,
ABDEL KHAOUANI,,,a contacter,,,,,,,,,,,,reseaux,,CAYENNE,,973,,,,,,,,,,,,,,,,,,,,,,,,,,,,,,,414076406,41407640600043,43.21A,,,,,,,,,,,sirene,
ABE ELECTRICITE,,,a contacter,,,,,,,,,,,,reseaux,,LA COLLE-SUR-LOUP,,06,,,,,,,,,,,,,,,,,,,,,,,,,,,,,,,450331905,45033190500031,43.21A,,,,,,,,,,,sirene,
ABIE,,,a contacter,,,,,,,,,,,,reseaux,,VILLEMOMBLE,,93,,,,,,,,,,,,,,,,,,,,,,,,,,,,,,,804946739,80494673900054,61.90Z,,,,,,,,,,,sirene,
ABREU J.,,,a contacter,,,,,,,,,,,,reseaux,,LUSSAC-LES-CHATEAUX,,86,,,,,,,,,,,,,,,,,,,,,,,,,,,,,,,479926149,47992614900010,43.21A,,,,,,,,,,,sirene,
ABS RENOVATION,,,a contacter,,,,,,,,,,,,reseaux,,MARSEILLE,,13,,,,,,,,,,,,,,,,,,,,,,,,,,,,,,,480535319,48053531900044,43.21A,,,,,,,,,,,sirene,
ABSO ENERGIES,,,a contacter,,,,,,,,,,,,reseaux,,CADAUJAC,,33,,,,,,,,,,,,,,,,,,,,,,,,,,,,,,,491551412,49155141200076,43.21A,,,,,,,,,,,sirene,
ABT CREATION,,,a contacter,,,,,,,,,,,,reseaux,,CADAUJAC,,33,,,,,,,,,,,,,,,,,,,,,,,,,,,,,,,344467717,34446771700015,42.21Z,,,,,,,,,,,sirene,
AC2F NORMANDIE,,,a contacter,,,,,,,,,,,,reseaux,,SAINT-ETIENNE-DU-ROUVRAY,,76,,,,,,,,,,,,,,,,,,,,,,,,,,,,,,,485164453,48516445300022,43.21A,,,,,,,,,,,sirene,
AC2PE,,,a contacter,,,,,,,,,,,,reseaux,,BELMONT-TRAMONET,,73,,,,,,,,,,,,,,,,,,,,,,,,,,,,,,,844501742,84450174200044,43.21A,,,,,,,,,,,sirene,
AC2R,,,a contacter,,,,,,,,,,,,reseaux,,CHARBONNIERES-LES-BAINS,,69,,,,,,,,,,,,,,,,,,,,,,,,,,,,,,,424542967,42454296700056,43.21A,,,,,,,,,,,sirene,
ACAMA-ENERGIES,,,a contacter,,,,,,,,,,,,reseaux,,BESSIERES,,31,,,,,,,,,,,,,,,,,,,,,,,,,,,,,,,821704574,82170457400036,43.21A,,,,,,,,,,,sirene,
ACE ELECTRO,,,a contacter,,,,,,,,,,,,reseaux,,SAINT-MARS-DE-COUTAIS,,44,,,,,,,,,,,,,,,,,,,,,,,,,,,,,,,494285141,49428514100037,43.21A,,,,,,,,,,,sirene,
ACELEC,,,a contacter,,,,,,,,,,,,reseaux,,BAILLY-ROMAINVILLIERS,,77,,,,,,,,,,,,,,,,,,,,,,,,,,,,,,,301192464,30119246400057,43.21A,,,,,,,,,,,sirene,
ACERELEC,,,a contacter,,,,,,,,,,,,reseaux,,BEDARRIDES,,84,,,,,,,,,,,,,,,,,,,,,,,,,,,,,,,380645697,38064569700042,43.21A,,,,,,,,,,,sirene,
ACL ENERGIES,,,a contacter,,,,,,,,,,,,reseaux,,SORGUES,,84,,,,,,,,,,,,,,,,,,,,,,,,,,,,,,,819121435,81912143500013,43.21A,,,,,,,,,,,sirene,
ACM TP,,,a contacter,,,,,,,,,,,,reseaux,,VEMARS,,95,,,,,,,,,,,,,,,,,,,,,,,,,,,,,,,809716327,80971632700048,42.22Z,,,,,,,,,,,sirene,
ACOR,,,a contacter,,,,,,,,,,,,reseaux,,SAINT-ANDRE,,974,,,,,,,,,,,,,,,,,,,,,,,,,,,,,,,853458560,85345856000010,43.21A,,,,,,,,,,,sirene,
ACR MEDIA,,,a contacter,,,,,,,,,,,,reseaux,,CANNES,,06,,,,,,,,,,,,,,,,,,,,,,,,,,,,,,,452738057,45273805700010,61.90Z,,,,,,,,,,,sirene,
ACSAL,,,a contacter,,,,,,,,,,,,reseaux,,BONDY,,93,,,,,,,,,,,,,,,,,,,,,,,,,,,,,,,380443663,38044366300063,43.21A,,,,,,,,,,,sirene,
ACTALARM,,,a contacter,,,,,,,,,,,,reseaux,,TREGUNC,,29,,,,,,,,,,,,,,,,,,,,,,,,,,,,,,,415048487,41504848700037,43.21A,,,,,,,,,,,sirene,
ACTELEC,,,a contacter,,,,,,,,,,,,reseaux,,LORMONT,,33,,,,,,,,,,,,,,,,,,,,,,,,,,,,,,,949317846,94931784600010,43.21A,,,,,,,,,,,sirene,
ACTILITY,,,a contacter,,,,,,,,,,,,reseaux,,LANNION,,22,,,,,,,,,,,,,,,,,,,,,,,,,,,,,,,522305473,52230547300012,61.90Z,,,,,,,,,,,sirene,
ACTIP,,,a contacter,,,,,,,,,,,,reseaux,,SAINT LEGER AUX BOIS,,60,,,,,,,,,,,,,,,,,,,,,,,,,,,,,,,794142307,79414230700030,43.21A,,,,,,,,,,,sirene,
ACTIS,,,a contacter,,,,,,,,,,,,reseaux,,MONTPELLIER,,34,,,,,,,,,,,,,,,,,,,,,,,,,,,,,,,390227361,39022736100040,43.21A,,,,,,,,,,,sirene,
ACTIV ELEC,,,a contacter,,,,,,,,,,,,reseaux,,TARBES,,65,,,,,,,,,,,,,,,,,,,,,,,,,,,,,,,483524914,48352491400031,43.21A,,,,,,,,,,,sirene,
ACTIV'ENVIRONNEMENT,,,a contacter,,,,,,,,,,,,reseaux,,LANCON-PROVENCE,,13,,,,,,,,,,,,,,,,,,,,,,,,,,,,,,,518275482,51827548200033,43.21A,,,,,,,,,,,sirene,
ACXESS ENERGY,,,a contacter,,,,,,,,,,,,reseaux,,PLOUDANIEL,,29,,,,,,,,,,,,,,,,,,,,,,,,,,,,,,,424153526,42415352600027,43.21A,,,,,,,,,,,sirene,
AD TELECOM,,,a contacter,,,,,,,,,,,,reseaux,,GOUSSAINVILLE,,95,,,,,,,,,,,,,,,,,,,,,,,,,,,,,,,823631197,82363119700014,43.21A,,,,,,,,,,,sirene,
AD-ELEC,,,a contacter,,,,,,,,,,,,reseaux,,CHANAS,,38,,,,,,,,,,,,,,,,,,,,,,,,,,,,,,,502228620,50222862000030,43.21A,,,,,,,,,,,sirene,
ADA RESEAUX,,,a contacter,,,,,,,,,,,,reseaux,,SARAN,,45,,,,,,,,,,,,,,,,,,,,,,,,,,,,,,,810086603,81008660300026,42.21Z,,,,,,,,,,,sirene,
ADAM,,,a contacter,,,,,,,,,,,,reseaux,,BOUXWILLER,,67,,,,,,,,,,,,,,,,,,,,,,,,,,,,,,,676580095,67658009500047,42.21Z,,,,,,,,,,,sirene,
ADAM.COM,,,a contacter,,,,,,,,,,,,reseaux,,MANTES-LA-JOLIE,,78,,,,,,,,,,,,,,,,,,,,,,,,,,,,,,,845404151,84540415100019,61.10Z,,,,,,,,,,,sirene,
ADEL ELECTRICITE,,,a contacter,,,,,,,,,,,,reseaux,,VERNON,,27,,,,,,,,,,,,,,,,,,,,,,,,,,,,,,,812163574,81216357400054,43.21A,,,,,,,,,,,sirene,
ADELCOM,,,a contacter,,,,,,,,,,,,reseaux,,SAINT-AUNES,,34,,,,,,,,,,,,,,,,,,,,,,,,,,,,,,,893654251,89365425100022,61.90Z,,,,,,,,,,,sirene,
ADELEC,,,a contacter,,,,,,,,,,,,reseaux,,NARBONNE,,11,,,,,,,,,,,,,,,,,,,,,,,,,,,,,,,488120387,48812038700060,43.21A,,,,,,,,,,,sirene,
ADELEC,,,a contacter,,,,,,,,,,,,reseaux,,COUSSEY,,88,,,,,,,,,,,,,,,,,,,,,,,,,,,,,,,509908059,50990805900025,43.21A,,,,,,,,,,,sirene,
ADEQWATTS ENERGIES,,,a contacter,,,,,,,,,,,,reseaux,,CROISSY-SUR-SEINE,,78,,,,,,,,,,,,,,,,,,,,,,,,,,,,,,,789928603,78992860300024,43.21A,,,,,,,,,,,sirene,
ADER,,,a contacter,,,,,,,,,,,,reseaux,,PONT STE MAXENCE,,60,,,,,,,,,,,,,,,,,,,,,,,,,,,,,,,353757644,35375764400078,43.21A,,,,,,,,,,,sirene,
ADG ENERGY,,,a contacter,,,,,,,,,,,,reseaux,,GENAS,,69,,,,,,,,,,,,,,,,,,,,,,,,,,,,,,,840314546,84031454600044,42.22Z,,,,,,,,,,,sirene,
ADM,,,a contacter,,,,,,,,,,,,reseaux,,AULNAY-SOUS-BOIS,,93,,,,,,,,,,,,,,,,,,,,,,,,,,,,,,,825153414,82515341400024,43.21A,,,,,,,,,,,sirene,
ADM CONNECT,,,a contacter,,,,,,,,,,,,reseaux,,SAINT-GERMAIN-EN-LAYE,,78,,,,,,,,,,,,,,,,,,,,,,,,,,,,,,,980615801,98061580100019,43.21A,,,,,,,,,,,sirene,
ADMS,,,a contacter,,,,,,,,,,,,reseaux,,SAINT-PIERRE-D OLERON,,17,,,,,,,,,,,,,,,,,,,,,,,,,,,,,,,539488981,53948898100017,43.21A,,,,,,,,,,,sirene,
ADRIEN ALARME,,,a contacter,,,,,,,,,,,,reseaux,,BINIC-ETABLES-SUR-MER,,22,,,,,,,,,,,,,,,,,,,,,,,,,,,,,,,439480617,43948061700026,43.21A,,,,,,,,,,,sirene,
ADTV (ALARMES - DETECTION - TECHNOLOGIE - VIDEO SURVEILLANCE),,,a contacter,,,,,,,,,,,,reseaux,,BEAUVAIS,,60,,,,,,,,,,,,,,,,,,,,,,,,,,,,,,,802387795,80238779500031,43.21A,,,,,,,,,,,sirene,
AECF,,,a contacter,,,,,,,,,,,,reseaux,,VILLENAVE-D'ORNON,,33,,,,,,,,,,,,,,,,,,,,,,,,,,,,,,,451113153,45111315300048,43.21A,,,,,,,,,,,sirene,
AED INDUSTRIE,,,a contacter,,,,,,,,,,,,reseaux,,ISSOIRE,,63,,,,,,,,,,,,,,,,,,,,,,,,,,,,,,,525398988,52539898800036,43.21A,,,,,,,,,,,sirene,
AED TERTIAIRE,,,a contacter,,,,,,,,,,,,reseaux,,ISSOIRE,,63,,,,,,,,,,,,,,,,,,,,,,,,,,,,,,,823334834,82333483400012,43.21A,,,,,,,,,,,sirene,
AEF TECHNOLOGIES,,,a contacter,,,,,,,,,,,,reseaux,,LESPINASSE,,31,,,,,,,,,,,,,,,,,,,,,,,,,,,,,,,442396842,44239684200035,43.21A,,,,,,,,,,,sirene,
AEM,,,a contacter,,,,,,,,,,,,reseaux,,BLOIS,,41,,,,,,,,,,,,,,,,,,,,,,,,,,,,,,,831075726,83107572600032,43.21A,,,,,,,,,,,sirene,
AETIS,,,a contacter,,,,,,,,,,,,reseaux,,SEVRES-ANXAUMONT,,86,,,,,,,,,,,,,,,,,,,,,,,,,,,,,,,484216809,48421680900018,43.21A,,,,,,,,,,,sirene,
AF COM,,,a contacter,,,,,,,,,,,,reseaux,,LA COURNEUVE,,93,,,,,,,,,,,,,,,,,,,,,,,,,,,,,,,881124309,88112430900058,43.21A,,,,,,,,,,,sirene,
AF TELEPHONIE DIFFUSION,,,a contacter,,,,,,,,,,,,reseaux,,SAINT-ANDRE-DE-CUBZAC,,33,,,,,,,,,,,,,,,,,,,,,,,,,,,,,,,401891106,40189110600056,61.90Z,,,,,,,,,,,sirene,
AFC ELECTRICITE,,,a contacter,,,,,,,,,,,,reseaux,,DECINES-CHARPIEU,,69,,,,,,,,,,,,,,,,,,,,,,,,,,,,,,,750350787,75035078700032,43.21A,,,,,,,,,,,sirene,
AFFA.COM,,,a contacter,,,,,,,,,,,,reseaux,,DONZERE,,26,,,,,,,,,,,,,,,,,,,,,,,,,,,,,,,513639294,51363929400026,43.21A,,,,,,,,,,,sirene,
AFJ PERF TELECOM,,,a contacter,,,,,,,,,,,,reseaux,,VIEUX-CHARMONT,,25,,,,,,,,,,,,,,,,,,,,,,,,,,,,,,,888885712,88888571200024,42.22Z,,,,,,,,,,,sirene,
AFO CONCEPT,,,a contacter,,,,,,,,,,,,reseaux,,SAINT-JOSEPH,,972,,,,,,,,,,,,,,,,,,,,,,,,,,,,,,,818653263,81865326300017,61.10Z,,,,,,,,,,,sirene,
AFONE PARTICIPATIONS,,,a contacter,,,,,,,,,,,,reseaux,,ANGERS,,49,,,,,,,,,,,,,,,,,,,,,,,,,,,,,,,411068737,41106873700153,61.20Z,,,,,,,,,,,sirene,
AFONSO SA,,,a contacter,,,,,,,,,,,,reseaux,,EPINAL,,88,,,,,,,,,,,,,,,,,,,,,,,,,,,,,,,388359457,38835945700065,43.21A,,,,,,,,,,,sirene,
AG ELECTRICITE,,,a contacter,,,,,,,,,,,,reseaux,,CORMONTREUIL,,51,,,,,,,,,,,,,,,,,,,,,,,,,,,,,,,432160232,43216023200018,43.21A,,,,,,,,,,,sirene,
AGC CABLING,,,a contacter,,,,,,,,,,,,reseaux,,THIEUX,,77,,,,,,,,,,,,,,,,,,,,,,,,,,,,,,,802792861,80279286100030,43.21A,,,,,,,,,,,sirene,
AGC CABLING HAUTS DE FRANCE,,,a contacter,,,,,,,,,,,,reseaux,,LILLE,,59,,,,,,,,,,,,,,,,,,,,,,,,,,,,,,,880695630,88069563000025,43.21A,,,,,,,,,,,sirene,
AGELEC,,,a contacter,,,,,,,,,,,,reseaux,,PUGET-SUR-ARGENS,,83,,,,,,,,,,,,,,,,,,,,,,,,,,,,,,,499493146,49949314600033,43.21A,,,,,,,,,,,sirene,
AGELEC APPLICATION GENERALE ELECTRIQUE,,,a contacter,,,,,,,,,,,,reseaux,,DOUE-EN-ANJOU,,49,,,,,,,,,,,,,,,,,,,,,,,,,,,,,,,300031002,30003100200037,43.21A,,,,,,,,,,,sirene,
AGEMHA,,,a contacter,,,,,,,,,,,,reseaux,,TOULOUSE,,31,,,,,,,,,,,,,,,,,,,,,,,,,,,,,,,844984286,84498428600014,43.21A,,,,,,,,,,,sirene,
AGENCE BEARNAISE D ELECTRICITE,,,a contacter,,,,,,,,,,,,reseaux,,BUROS,,64,,,,,,,,,,,,,,,,,,,,,,,,,,,,,,,494094857,49409485700054,43.21A,,,,,,,,,,,sirene,
AGENCE GENERALE DE TRAVAUX ELECTRIQUE,,,a contacter,,,,,,,,,,,,reseaux,,MARSEILLE,,13,,,,,,,,,,,,,,,,,,,,,,,,,,,,,,,499907772,49990777200044,43.21A,,,,,,,,,,,sirene,
AGIRENERGY,,,a contacter,,,,,,,,,,,,reseaux,,PERIGUEUX,,24,,,,,,,,,,,,,,,,,,,,,,,,,,,,,,,509476644,50947664400034,43.21A,,,,,,,,,,,sirene,
AGISCOM SERVICES,,,a contacter,,,,,,,,,,,,reseaux,,QUINCY-VOISINS,,77,,,,,,,,,,,,,,,,,,,,,,,,,,,,,,,522636265,52263626500012,43.21A,,,,,,,,,,,sirene,
AGITEL TELECOM,,,a contacter,,,,,,,,,,,,reseaux,,NEUILLY-SUR-SEINE,,92,,,,,,,,,,,,,,,,,,,,,,,,,,,,,,,788868982,78886898200067,61.90Z,,,,,,,,,,,sirene,
AGORAT TP,,,a contacter,,,,,,,,,,,,reseaux,,OISSEL,,76,,,,,,,,,,,,,,,,,,,,,,,,,,,,,,,538772260,53877226000047,42.21Z,,,,,,,,,,,sirene,
AGPG,,,a contacter,,,,,,,,,,,,reseaux,,GRENOBLE,,38,,,,,,,,,,,,,,,,,,,,,,,,,,,,,,,054501671,05450167100041,43.21A,,,,,,,,,,,sirene,
AGRILEC,,,a contacter,,,,,,,,,,,,reseaux,,CAULNES,,22,,,,,,,,,,,,,,,,,,,,,,,,,,,,,,,912577939,91257793900016,43.21A,,,,,,,,,,,sirene,
AGROELEC,,,a contacter,,,,,,,,,,,,reseaux,,LOPERHET,,29,,,,,,,,,,,,,,,,,,,,,,,,,,,,,,,352854673,35285467300030,43.21A,,,,,,,,,,,sirene,
AH DECO,,,a contacter,,,,,,,,,,,,reseaux,,PARIS,,75,,,,,,,,,,,,,,,,,,,,,,,,,,,,,,,904200425,90420042500034,43.21A,,,,,,,,,,,sirene,
AHK ELEC,,,a contacter,,,,,,,,,,,,reseaux,,NOISY-LE-SEC,,93,,,,,,,,,,,,,,,,,,,,,,,,,,,,,,,437827140,43782714000025,43.21A,,,,,,,,,,,sirene,
AIME ARMEDE,,,a contacter,,,,,,,,,,,,reseaux,,CAYENNE,,973,,,,,,,,,,,,,,,,,,,,,,,,,,,,,,,523938496,52393849600016,43.21A,,,,,,,,,,,sirene,
AIN ELEC SERVICES A.E.S.,,,a contacter,,,,,,,,,,,,reseaux,,BLYES,,01,,,,,,,,,,,,,,,,,,,,,,,,,,,,,,,494403579,49440357900043,43.21A,,,,,,,,,,,sirene,
AINTELEC,,,a contacter,,,,,,,,,,,,reseaux,,CROISSY-BEAUBOURG,,77,,,,,,,,,,,,,,,,,,,,,,,,,,,,,,,399171073,39917107300055,43.21A,,,,,,,,,,,sirene,
AIR AUTOMATISME INFORMATIQUE RADIOTELECOMMUNICATION,,,a contacter,,,,,,,,,,,,reseaux,,SOLIERS,,14,,,,,,,,,,,,,,,,,,,,,,,,,,,,,,,495229197,49522919700027,43.21A,,,,,,,,,,,sirene,
AIR ELECTRICITE CLIMATISATION,,,a contacter,,,,,,,,,,,,reseaux,,BAGES,,66,,,,,,,,,,,,,,,,,,,,,,,,,,,,,,,798656161,79865616100022,43.21A,,,,,,,,,,,sirene,
AIRBUS DS SLC,,,a contacter,,,,,,,,,,,,reseaux,,ELANCOURT,,78,,,,,,,,,,,,,,,,,,,,,,,,,,,,,,,523940971,52394097100014,61.90Z,,,,,,,,,,,sirene,
AIRMOB,,,a contacter,,,,,,,,,,,,reseaux,,TOULOUSE,,31,,,,,,,,,,,,,,,,,,,,,,,,,,,,,,,823064704,82306470400088,61.90Z,,,,,,,,,,,sirene,
AIRNITY,,,a contacter,,,,,,,,,,,,reseaux,,VALBONNE,,06,,,,,,,,,,,,,,,,,,,,,,,,,,,,,,,893395822,89339582200024,61.90Z,,,,,,,,,,,sirene,
AIRTIES SAS,,,a contacter,,,,,,,,,,,,reseaux,,PARIS,,75,,,,,,,,,,,,,,,,,,,,,,,,,,,,,,,913315693,91331569300022,61.10Z,,,,,,,,,,,sirene,
AIRVELEC,,,a contacter,,,,,,,,,,,,reseaux,,EAUBONNE,,95,,,,,,,,,,,,,,,,,,,,,,,,,,,,,,,802570838,80257083800036,43.21A,,,,,,,,,,,sirene,
AISN'ERGIE ELECTRIC,,,a contacter,,,,,,,,,,,,reseaux,,RESSONS-LE-LONG,,02,,,,,,,,,,,,,,,,,,,,,,,,,,,,,,,499373124,49937312400027,43.21A,,,,,,,,,,,sirene,
AITEC EVOLUTION,,,a contacter,,,,,,,,,,,,reseaux,,NICE,,06,,,,,,,,,,,,,,,,,,,,,,,,,,,,,,,450351325,45035132500037,43.21A,,,,,,,,,,,sirene,
AJ ELEC,,,a contacter,,,,,,,,,,,,reseaux,,SECLIN,,59,,,,,,,,,,,,,,,,,,,,,,,,,,,,,,,511473571,51147357100020,43.21A,,,,,,,,,,,sirene,
AJ PHONE,,,a contacter,,,,,,,,,,,,reseaux,,LA VAUPALIERE,,76,,,,,,,,,,,,,,,,,,,,,,,,,,,,,,,419523709,41952370900048,61.90Z,,,,,,,,,,,sirene,
AJ'ELEC,,,a contacter,,,,,,,,,,,,reseaux,,ANDREZIEUX-BOUTHEON,,42,,,,,,,,,,,,,,,,,,,,,,,,,,,,,,,454063264,45406326400047,43.21A,,,,,,,,,,,sirene,
AKB-FIBRE,,,a contacter,,,,,,,,,,,,reseaux,,CERGY,,95,,,,,,,,,,,,,,,,,,,,,,,,,,,,,,,848560900,84856090000013,43.21A,,,,,,,,,,,sirene,
AKOUM ELEC,,,a contacter,,,,,,,,,,,,reseaux,,DENICE,,69,,,,,,,,,,,,,,,,,,,,,,,,,,,,,,,479065807,47906580700022,43.21A,,,,,,,,,,,sirene,
AKTUM TRAVAUX,,,a contacter,,,,,,,,,,,,reseaux,,PARIS,,75,,,,,,,,,,,,,,,,,,,,,,,,,,,,,,,835084138,83508413800022,61.10Z,,,,,,,,,,,sirene,
AL 2 LUX,,,a contacter,,,,,,,,,,,,reseaux,,,,,,,,,,,,,,,,,,,,,,,,,,,,,,,,,,,919315598,91931559800012,61.90Z,,,,,,,,,,,sirene,
AL GOMES,,,a contacter,,,,,,,,,,,,reseaux,,VILLEMOMBLE,,93,,,,,,,,,,,,,,,,,,,,,,,,,,,,,,,479901266,47990126600029,43.21A,,,,,,,,,,,sirene,
ALAIN GUILLEVIC,,,a contacter,,,,,,,,,,,,reseaux,,MEUCON,,56,,,,,,,,,,,,,,,,,,,,,,,,,,,,,,,539967307,53996730700015,43.21A,,,,,,,,,,,sirene,
ALARME CONTROLE ELECTRONIQUE,,,a contacter,,,,,,,,,,,,reseaux,,LANGUEUX,,22,,,,,,,,,,,,,,,,,,,,,,,,,,,,,,,448029652,44802965200048,43.21A,,,,,,,,,,,sirene,
ALARME DETECTION SECURITE VIDEO,,,a contacter,,,,,,,,,,,,reseaux,,SAINT-MARD,,77,,,,,,,,,,,,,,,,,,,,,,,,,,,,,,,512163346,51216334600020,43.21A,,,,,,,,,,,sirene,
ALARME ELECTRICITE TROPEE,,,a contacter,,,,,,,,,,,,reseaux,,FOUGERES,,35,,,,,,,,,,,,,,,,,,,,,,,,,,,,,,,532096518,53209651800032,43.21A,,,,,,,,,,,sirene,
ALARMES COFFRES SECURITE (ALCOF SECURITE),,,a contacter,,,,,,,,,,,,reseaux,,PARIS,,75,,,,,,,,,,,,,,,,,,,,,,,,,,,,,,,402988331,40298833100011,43.21A,,,,,,,,,,,sirene,
ALARMES RESEAUX MAINTENANCE,,,a contacter,,,,,,,,,,,,reseaux,,LISSES,,91,,,,,,,,,,,,,,,,,,,,,,,,,,,,,,,534620851,53462085100020,43.21A,,,,,,,,,,,sirene,
ALBANAISE DE TRAVAUX PUBLICS,,,a contacter,,,,,,,,,,,,reseaux,,RUMILLY,,74,,,,,,,,,,,,,,,,,,,,,,,,,,,,,,,488888785,48888878500026,42.21Z,,,,,,,,,,,sirene,
ALBERTAZZI,,,a contacter,,,,,,,,,,,,reseaux,,LENTILLY,,69,,,,,,,,,,,,,,,,,,,,,,,,,,,,,,,973507353,97350735300025,42.21Z,,,,,,,,,,,sirene,
ALCONE,,,a contacter,,,,,,,,,,,,reseaux,,INGWILLER,,67,,,,,,,,,,,,,,,,,,,,,,,,,,,,,,,509207221,50920722100037,43.21A,,,,,,,,,,,sirene,
ALCY,,,a contacter,,,,,,,,,,,,reseaux,,MEYZIEU,,69,,,,,,,,,,,,,,,,,,,,,,,,,,,,,,,443139605,44313960500036,43.21A,,,,,,,,,,,sirene,
ALECTRON ENERGY,,,a contacter,,,,,,,,,,,,reseaux,,AVIGNON,,84,,,,,,,,,,,,,,,,,,,,,,,,,,,,,,,513895664,51389566400045,43.21A,,,,,,,,,,,sirene,
ALEKSO,,,a contacter,,,,,,,,,,,,reseaux,,LE PLESSIS-ROBINSON,,92,,,,,,,,,,,,,,,,,,,,,,,,,,,,,,,842362873,84236287300015,61.90Z,,,,,,,,,,,sirene,
ALELEC,,,a contacter,,,,,,,,,,,,reseaux,,MONTAUBAN,,82,,,,,,,,,,,,,,,,,,,,,,,,,,,,,,,505067066,50506706600041,43.21A,,,,,,,,,,,sirene,
ALFACOM,,,a contacter,,,,,,,,,,,,reseaux,,COLOMBIERS,,18,,,,,,,,,,,,,,,,,,,,,,,,,,,,,,,383026911,38302691100024,42.22Z,,,,,,,,,,,sirene,
ALFACOM TECHNOLOGIES,,,a contacter,,,,,,,,,,,,reseaux,,VENISSIEUX,,69,,,,,,,,,,,,,,,,,,,,,,,,,,,,,,,898626361,89862636100015,43.21A,,,,,,,,,,,sirene,
ALIPHONE,,,a contacter,,,,,,,,,,,,reseaux,,POITIERS,,86,,,,,,,,,,,,,,,,,,,,,,,,,,,,,,,420559460,42055946000209,61.20Z,,,,,,,,,,,sirene,
ALIZELEC,,,a contacter,,,,,,,,,,,,reseaux,,FORT-DE-FRANCE,,972,,,,,,,,,,,,,,,,,,,,,,,,,,,,,,,392963716,39296371600049,43.21A,,,,,,,,,,,sirene,
ALLAINGUILLAUME,,,a contacter,,,,,,,,,,,,reseaux,,ROUEN,,76,,,,,,,,,,,,,,,,,,,,,,,,,,,,,,,853018307,85301830700019,43.21A,,,,,,,,,,,sirene,
ALLAIRE DU TEMPS AND CO,,,a contacter,,,,,,,,,,,,reseaux,,LA ROCHELLE,,17,,,,,,,,,,,,,,,,,,,,,,,,,,,,,,,852284983,85228498300024,43.21A,,,,,,,,,,,sirene,
ALLANIC 29,,,a contacter,,,,,,,,,,,,reseaux,,PLOUGOURVEST,,29,,,,,,,,,,,,,,,,,,,,,,,,,,,,,,,894661685,89466168500012,43.21A,,,,,,,,,,,sirene,
ALLANIC 56,,,a contacter,,,,,,,,,,,,reseaux,,CAMORS,,56,,,,,,,,,,,,,,,,,,,,,,,,,,,,,,,301851168,30185116800023,43.21A,,,,,,,,,,,sirene,
ALLCOMS TECHNOLOGIES,,,a contacter,,,,,,,,,,,,reseaux,,MONTLUEL,,01,,,,,,,,,,,,,,,,,,,,,,,,,,,,,,,535367155,53536715500046,43.21A,,,,,,,,,,,sirene,
ALLIANCE DELTA LINES TECHNOLOGY,,,a contacter,,,,,,,,,,,,reseaux,,BAIE-MAHAULT,,971,,,,,,,,,,,,,,,,,,,,,,,,,,,,,,,828191981,82819198100012,42.22Z,,,,,,,,,,,sirene,
ALLIANCE ENERGIE 12,,,a contacter,,,,,,,,,,,,reseaux,,OLEMPS,,12,,,,,,,,,,,,,,,,,,,,,,,,,,,,,,,908947138,90894713800024,43.21A,,,,,,,,,,,sirene,
ALLIANCE ENERGIES CONCEPT,,,a contacter,,,,,,,,,,,,reseaux,,LISLE-SUR-TARN,,81,,,,,,,,,,,,,,,,,,,,,,,,,,,,,,,517720496,51772049600028,43.21A,,,,,,,,,,,sirene,
ALLIGATOR,,,a contacter,,,,,,,,,,,,reseaux,,MASSY,,91,,,,,,,,,,,,,,,,,,,,,,,,,,,,,,,383214160,38321416000038,43.21A,,,,,,,,,,,sirene,
ALLOCA,,,a contacter,,,,,,,,,,,,reseaux,,PAIMPOL,,22,,,,,,,,,,,,,,,,,,,,,,,,,,,,,,,501560783,50156078300018,43.21A,,,,,,,,,,,sirene,
ALLOSUN POSE,,,a contacter,,,,,,,,,,,,reseaux,,PLEUDIHEN-SUR-RANCE,,22,,,,,,,,,,,,,,,,,,,,,,,,,,,,,,,821984671,82198467100023,43.21A,,,,,,,,,,,sirene,
ALM RESEAUX,,,a contacter,,,,,,,,,,,,reseaux,,SENS,,89,,,,,,,,,,,,,,,,,,,,,,,,,,,,,,,895129484,89512948400021,43.21A,,,,,,,,,,,sirene,
ALO RESEAUX,,,a contacter,,,,,,,,,,,,reseaux,,SAINT-DENIS,,93,,,,,,,,,,,,,,,,,,,,,,,,,,,,,,,808546337,80854633700086,61.10Z,,,,,,,,,,,sirene,
ALP MEDELEC,,,a contacter,,,,,,,,,,,,reseaux,,GAP,,05,,,,,,,,,,,,,,,,,,,,,,,,,,,,,,,504763467,50476346700033,43.21A,,,,,,,,,,,sirene,
ALPES SUD CANALISATION,,,a contacter,,,,,,,,,,,,reseaux,,LES MEES,,04,,,,,,,,,,,,,,,,,,,,,,,,,,,,,,,885022301,88502230100018,42.21Z,,,,,,,,,,,sirene,
ALPHA PROTECTION SECURITE,,,a contacter,,,,,,,,,,,,reseaux,,TOURNON SUR RHONE,,07,,,,,,,,,,,,,,,,,,,,,,,,,,,,,,,441562980,44156298000025,43.21A,,,,,,,,,,,sirene,
ALR COM,,,a contacter,,,,,,,,,,,,reseaux,,FONTENAY-SOUS-BOIS,,94,,,,,,,,,,,,,,,,,,,,,,,,,,,,,,,849400098,84940009800026,43.21A,,,,,,,,,,,sirene,
ALSACE MULTI SERVICE RENOVATION,,,a contacter,,,,,,,,,,,,reseaux,,TURCKHEIM,,68,,,,,,,,,,,,,,,,,,,,,,,,,,,,,,,533557187,53355718700010,43.21A,,,,,,,,,,,sirene,
ALSATEC,,,a contacter,,,,,,,,,,,,reseaux,,HOLTZHEIM,,67,,,,,,,,,,,,,,,,,,,,,,,,,,,,,,,810517565,81051756500034,43.21A,,,,,,,,,,,sirene,
ALSOTEL,,,a contacter,,,,,,,,,,,,reseaux,,CORMEILLES-EN-PARISIS,,95,,,,,,,,,,,,,,,,,,,,,,,,,,,,,,,334822558,33482255800055,43.21A,,,,,,,,,,,sirene,
ALTELEC,,,a contacter,,,,,,,,,,,,reseaux,,BALLANCOURT-SUR-ESSONNE,,91,,,,,,,,,,,,,,,,,,,,,,,,,,,,,,,432105450,43210545000048,43.21A,,,,,,,,,,,sirene,
ALTENY,,,a contacter,,,,,,,,,,,,reseaux,,LE PORT,,974,,,,,,,,,,,,,,,,,,,,,,,,,,,,,,,848273553,84827355300026,43.21A,,,,,,,,,,,sirene,
ALTER ENERGIES,,,a contacter,,,,,,,,,,,,reseaux,,SAINT-ESTEVE,,66,,,,,,,,,,,,,,,,,,,,,,,,,,,,,,,517993093,51799309300056,43.21A,,,,,,,,,,,sirene,
ALTI-ELECT,,,a contacter,,,,,,,,,,,,reseaux,,DAMMARIE-LES-LYS,,77,,,,,,,,,,,,,,,,,,,,,,,,,,,,,,,504914284,50491428400014,43.21A,,,,,,,,,,,sirene,
ALTICE FRANCE,,,a contacter,,,,,,,,,,,,reseaux,,PARIS 15,,75,,,,,,,,,,,,,,,,,,,,,,,,,,,,,,,794661470,79466147000045,42.22Z,,,,,,,,,,,sirene,
ALTIS,,,a contacter,,,,,,,,,,,,reseaux,,SAINT-ANDRE,,974,,,,,,,,,,,,,,,,,,,,,,,,,,,,,,,448598417,44859841700047,43.21B,,,,,,,,,,,sirene,
ALTITUDE INFRA,,,a contacter,,,,,,,,,,,,reseaux,,COURBEVOIE,,92,,,,,,,,,,,,,,,,,,,,,,,,,,,,,,,922350418,92235041800021,61.10Z,,,,,,,,,,,sirene,
ALTITUDE INFRASTRUCTURE CONSTRUCTION,,,a contacter,,,,,,,,,,,,reseaux,,COURBEVOIE,,92,,,,,,,,,,,,,,,,,,,,,,,,,,,,,,,509601282,50960128200445,42.22Z,,,,,,,,,,,sirene,
ALTITUDE INFRASTRUCTURE THD,,,a contacter,,,,,,,,,,,,reseaux,,COURBEVOIE,,92,,,,,,,,,,,,,,,,,,,,,,,,,,,,,,,809822935,80982293500296,61.90Z,,,,,,,,,,,sirene,
ALV ELECTRICITE,,,a contacter,,,,,,,,,,,,reseaux,,QUESNOY-SUR-DEULE,,59,,,,,,,,,,,,,,,,,,,,,,,,,,,,,,,807963194,80796319400020,43.21A,,,,,,,,,,,sirene,
ALVA,,,a contacter,,,,,,,,,,,,reseaux,,GIVORS,,69,,,,,,,,,,,,,,,,,,,,,,,,,,,,,,,882489370,88248937000016,43.21A,,,,,,,,,,,sirene,
ALVAREZ SOLAIRE,,,a contacter,,,,,,,,,,,,reseaux,,CHEPNIERS,,17,,,,,,,,,,,,,,,,,,,,,,,,,,,,,,,519067284,51906728400041,43.21A,,,,,,,,,,,sirene,
ALVES CANALISATIONS,,,a contacter,,,,,,,,,,,,reseaux,,OSSUN,,65,,,,,,,,,,,,,,,,,,,,,,,,,,,,,,,423971829,42397182900027,42.21Z,,,,,,,,,,,sirene,
ALYAF TECHNOLOGIE,,,a contacter,,,,,,,,,,,,reseaux,,SAINT-ETIENNE,,42,,,,,,,,,,,,,,,,,,,,,,,,,,,,,,,848065751,84806575100028,42.22Z,,,,,,,,,,,sirene,
AM TP,,,a contacter,,,,,,,,,,,,reseaux,,AULNAY-SOUS-BOIS,,93,,,,,,,,,,,,,,,,,,,,,,,,,,,,,,,850474313,85047431300028,43.21A,,,,,,,,,,,sirene,
AM-ELEC,,,a contacter,,,,,,,,,,,,reseaux,,PLOUMAGOAR,,22,,,,,,,,,,,,,,,,,,,,,,,,,,,,,,,452916331,45291633100021,43.21A,,,,,,,,,,,sirene,
AM-TELECOM,,,a contacter,,,,,,,,,,,,reseaux,,ANGLET,,64,,,,,,,,,,,,,,,,,,,,,,,,,,,,,,,834910531,83491053100021,61.90Z,,,,,,,,,,,sirene,
AM3 I PLUS,,,a contacter,,,,,,,,,,,,reseaux,,SAINT-VIAUD,,44,,,,,,,,,,,,,,,,,,,,,,,,,,,,,,,505182154,50518215400037,43.21A,,,,,,,,,,,sirene,
AMADON SARL,,,a contacter,,,,,,,,,,,,reseaux,,VERTAIZON,,63,,,,,,,,,,,,,,,,,,,,,,,,,,,,,,,444024384,44402438400026,43.21A,,,,,,,,,,,sirene,
AMBIANCE CONCEPT ENERGIE AGENCEMENT,,,a contacter,,,,,,,,,,,,reseaux,,PONT-L'ABBE,,29,,,,,,,,,,,,,,,,,,,,,,,,,,,,,,,502024607,50202460700025,43.21A,,,,,,,,,,,sirene,
AMBITION CONSULTING & SERVICES,,,a contacter,,,,,,,,,,,,reseaux,,VILLEURBANNE,,69,,,,,,,,,,,,,,,,,,,,,,,,,,,,,,,514475573,51447557300051,61.90Z,,,,,,,,,,,sirene,
AMBITION THD,,,a contacter,,,,,,,,,,,,reseaux,,SAINT-ANDRE-SUR-ORNE,,14,,,,,,,,,,,,,,,,,,,,,,,,,,,,,,,841865108,84186510800028,43.21A,,,,,,,,,,,sirene,
AMBRE ENERGIES,,,a contacter,,,,,,,,,,,,reseaux,,SAINT-AVIT,,40,,,,,,,,,,,,,,,,,,,,,,,,,,,,,,,494966500,49496650000022,43.21A,,,,,,,,,,,sirene,
AMCE ENERGIE,,,a contacter,,,,,,,,,,,,reseaux,,LOUVRES,,95,,,,,,,,,,,,,,,,,,,,,,,,,,,,,,,495061301,49506130100026,43.21A,,,,,,,,,,,sirene,
AMELEC,,,a contacter,,,,,,,,,,,,reseaux,,RENAC,,35,,,,,,,,,,,,,,,,,,,,,,,,,,,,,,,802760595,80276059500040,43.21A,,,,,,,,,,,sirene,
AMELEC,,,a contacter,,,,,,,,,,,,reseaux,,FRANCOIS,,79,,,,,,,,,,,,,,,,,,,,,,,,,,,,,,,482762846,48276284600020,43.21A,,,,,,,,,,,sirene,
AMELEC AUTOMATISME,,,a contacter,,,,,,,,,,,,reseaux,,FRANCOIS,,79,,,,,,,,,,,,,,,,,,,,,,,,,,,,,,,851202481,85120248100012,43.21A,,,,,,,,,,,sirene,
AMELEC MAINTENANCE,,,a contacter,,,,,,,,,,,,reseaux,,FRANCOIS,,79,,,,,,,,,,,,,,,,,,,,,,,,,,,,,,,818820698,81882069800020,43.21A,,,,,,,,,,,sirene,
AMENAGEMENT ELECTRICITE DE NORMANDIE,,,a contacter,,,,,,,,,,,,reseaux,,COLOMBELLES,,14,,,,,,,,,,,,,,,,,,,,,,,,,,,,,,,891696163,89169616300015,43.21A,,,,,,,,,,,sirene,
AMENAGEMENT EMMANUEL BRUNETTE,,,a contacter,,,,,,,,,,,,reseaux,,NEUVILLE-DE-POITOU,,86,,,,,,,,,,,,,,,,,,,,,,,,,,,,,,,512943598,51294359800023,43.21A,,,,,,,,,,,sirene,
AMEVIA TP,,,a contacter,,,,,,,,,,,,reseaux,,PACE,,35,,,,,,,,,,,,,,,,,,,,,,,,,,,,,,,879203024,87920302400010,42.21Z,,,,,,,,,,,sirene,
AMG FACADES,,,a contacter,,,,,,,,,,,,reseaux,,PARIS,,75,,,,,,,,,,,,,,,,,,,,,,,,,,,,,,,812329860,81232986000041,43.21A,,,,,,,,,,,sirene,
AMGIS CONFORT ET ENERGIES,,,a contacter,,,,,,,,,,,,reseaux,,LES LOGES-MARCHIS,,50,,,,,,,,,,,,,,,,,,,,,,,,,,,,,,,910744754,91074475400011,43.21A,,,,,,,,,,,sirene,
AMGZ CONNECT,,,a contacter,,,,,,,,,,,,reseaux,,SAINT-DENIS,,93,,,,,,,,,,,,,,,,,,,,,,,,,,,,,,,824374656,82437465600026,61.90Z,,,,,,,,,,,sirene,
AMI BATIMENT,,,a contacter,,,,,,,,,,,,reseaux,,MARLY-LA-VILLE,,95,,,,,,,,,,,,,,,,,,,,,,,,,,,,,,,900565318,90056531800012,43.21A,,,,,,,,,,,sirene,
AMI2S,,,a contacter,,,,,,,,,,,,reseaux,,POISSY,,78,,,,,,,,,,,,,,,,,,,,,,,,,,,,,,,412157166,41215716600031,43.21A,,,,,,,,,,,sirene,
AMK ENERGY,,,a contacter,,,,,,,,,,,,reseaux,,TOULOUSE,,31,,,,,,,,,,,,,,,,,,,,,,,,,,,,,,,914624127,91462412700066,43.21A,,,,,,,,,,,sirene,
AMMULTITECH,,,a contacter,,,,,,,,,,,,reseaux,,COLOMBES,,92,,,,,,,,,,,,,,,,,,,,,,,,,,,,,,,802291146,80229114600016,43.21A,,,,,,,,,,,sirene,
AMN ENERGIES,,,a contacter,,,,,,,,,,,,reseaux,,BOMPAS,,66,,,,,,,,,,,,,,,,,,,,,,,,,,,,,,,878823707,87882370700020,43.21A,,,,,,,,,,,sirene,
AMORIM & CRUZ,,,a contacter,,,,,,,,,,,,reseaux,,PARIS,,75,,,,,,,,,,,,,,,,,,,,,,,,,,,,,,,810041889,81004188900025,43.21A,,,,,,,,,,,sirene,
AMPER'ELEC,,,a contacter,,,,,,,,,,,,reseaux,,MILLERY,,54,,,,,,,,,,,,,,,,,,,,,,,,,,,,,,,398642835,39864283500068,43.21A,,,,,,,,,,,sirene,
AMPERELEC,,,a contacter,,,,,,,,,,,,reseaux,,MONTROUGE,,92,,,,,,,,,,,,,,,,,,,,,,,,,,,,,,,342143682,34214368200041,43.21A,,,,,,,,,,,sirene,
AMS,,,a contacter,,,,,,,,,,,,reseaux,,EPINAY-SUR-SEINE,,93,,,,,,,,,,,,,,,,,,,,,,,,,,,,,,,897602942,89760294200020,43.21A,,,,,,,,,,,sirene,
AMTEC,,,a contacter,,,,,,,,,,,,reseaux,,GRANDCHAMP-DES-FONTAINES,,44,,,,,,,,,,,,,,,,,,,,,,,,,,,,,,,433358371,43335837100022,43.21A,,,,,,,,,,,sirene,
AN44 INDUSTRIE,,,a contacter,,,,,,,,,,,,reseaux,,SAINT-AIGNAN-GRANDLIEU,,44,,,,,,,,,,,,,,,,,,,,,,,,,,,,,,,433933181,43393318100060,43.21A,,,,,,,,,,,sirene,
ANAVEO SYSTEMS,,,a contacter,,,,,,,,,,,,reseaux,,CHAMPAGNE-AU-MONT-D'OR,,69,,,,,,,,,,,,,,,,,,,,,,,,,,,,,,,411573413,41157341300050,43.21A,,,,,,,,,,,sirene,
ANCELIN,,,a contacter,,,,,,,,,,,,reseaux,,VIVONNE,,86,,,,,,,,,,,,,,,,,,,,,,,,,,,,,,,775563232,77556323200104,42.22Z,,,,,,,,,,,sirene,
ANCELOT-LEPOLARD,,,a contacter,,,,,,,,,,,,reseaux,,SAINT-DOULCHARD,,18,,,,,,,,,,,,,,,,,,,,,,,,,,,,,,,502113913,50211391300037,43.21A,,,,,,,,,,,sirene,
ANDELEC,,,a contacter,,,,,,,,,,,,reseaux,,SOUSTONS,,40,,,,,,,,,,,,,,,,,,,,,,,,,,,,,,,800556805,80055680500045,43.21A,,,,,,,,,,,sirene,
ANDRE,,,a contacter,,,,,,,,,,,,reseaux,,GENNEVILLIERS,,92,,,,,,,,,,,,,,,,,,,,,,,,,,,,,,,304497704,30449770400037,43.21A,,,,,,,,,,,sirene,
ANDRILLON JEAN MARC,,,a contacter,,,,,,,,,,,,reseaux,,YZOSSE,,40,,,,,,,,,,,,,,,,,,,,,,,,,,,,,,,495399529,49539952900025,43.21A,,,,,,,,,,,sirene,
ANFRY ELECTRICITE,,,a contacter,,,,,,,,,,,,reseaux,,SAINT-ARNOULT,,14,,,,,,,,,,,,,,,,,,,,,,,,,,,,,,,325866200,32586620000026,43.21A,,,,,,,,,,,sirene,
ANGELINKS,,,a contacter,,,,,,,,,,,,reseaux,,RILLIEUX-LA-PAPE,,69,,,,,,,,,,,,,,,,,,,,,,,,,,,,,,,894517721,89451772100011,61.10Z,,,,,,,,,,,sirene,
ANIRELEC,,,a contacter,,,,,,,,,,,,reseaux,,VEMARS,,95,,,,,,,,,,,,,,,,,,,,,,,,,,,,,,,828461194,82846119400023,43.21A,,,,,,,,,,,sirene,
ANJOU PROCESS ENERGIES,,,a contacter,,,,,,,,,,,,reseaux,,ECOUFLANT,,49,,,,,,,,,,,,,,,,,,,,,,,,,,,,,,,414761361,41476136100057,43.21A,,,,,,,,,,,sirene,
ANNOVAZZI S.A.R.L.,,,a contacter,,,,,,,,,,,,reseaux,,LA MOTTE-SERVOLEX,,73,,,,,,,,,,,,,,,,,,,,,,,,,,,,,,,390663243,39066324300025,43.21A,,,,,,,,,,,sirene,
ANSEM NORD EST,,,a contacter,,,,,,,,,,,,reseaux,,SOISSONS,,02,,,,,,,,,,,,,,,,,,,,,,,,,,,,,,,451713069,45171306900040,43.21A,,,,,,,,,,,sirene,
ANSYA RESEAUX,,,a contacter,,,,,,,,,,,,reseaux,,PARIS,,75,,,,,,,,,,,,,,,,,,,,,,,,,,,,,,,833225089,83322508900022,43.21A,,,,,,,,,,,sirene,
ANTENNE FABRIQUE COMMUNICATION,,,a contacter,,,,,,,,,,,,reseaux,,CHALLANS,,85,,,,,,,,,,,,,,,,,,,,,,,,,,,,,,,888442647,88844264700028,43.21A,,,,,,,,,,,sirene,
ANTENNE SONO MENAGER,,,a contacter,,,,,,,,,,,,reseaux,,LOUDUN,,86,,,,,,,,,,,,,,,,,,,,,,,,,,,,,,,890627599,89062759900016,43.21A,,,,,,,,,,,sirene,
ANTENNES COMMUNICATION ET TECHNOLOGIES,,,a contacter,,,,,,,,,,,,reseaux,,SAINT-CYR-L'ECOLE,,78,,,,,,,,,,,,,,,,,,,,,,,,,,,,,,,429603343,42960334300048,43.21A,,,,,,,,,,,sirene,
ANTILLES TEHNIQUE INSTALLATION,,,a contacter,,,,,,,,,,,,reseaux,,LE LAMENTIN,,972,,,,,,,,,,,,,,,,,,,,,,,,,,,,,,,439129537,43912953700015,43.21A,,,,,,,,,,,sirene,
ANTILLES TELEPHONE,,,a contacter,,,,,,,,,,,,reseaux,,LE LAMENTIN,,972,,,,,,,,,,,,,,,,,,,,,,,,,,,,,,,328490685,32849068500034,61.10Z,,,,,,,,,,,sirene,
ANTOINE & ASSOCIES,,,a contacter,,,,,,,,,,,,reseaux,,FALAISE,,14,,,,,,,,,,,,,,,,,,,,,,,,,,,,,,,392963047,39296304700023,43.21A,,,,,,,,,,,sirene,
ANTONIA,,,a contacter,,,,,,,,,,,,reseaux,,AUXERRE,,89,,,,,,,,,,,,,,,,,,,,,,,,,,,,,,,509411310,50941131000022,43.21A,,,,,,,,,,,sirene,
AP3 ELEC,,,a contacter,,,,,,,,,,,,reseaux,,SAINT-MEDARD-D'AUNIS,,17,,,,,,,,,,,,,,,,,,,,,,,,,,,,,,,524708344,52470834400030,43.21A,,,,,,,,,,,sirene,
APAGELEC,,,a contacter,,,,,,,,,,,,reseaux,,MONETEAU,,89,,,,,,,,,,,,,,,,,,,,,,,,,,,,,,,495083289,49508328900035,43.21A,,,,,,,,,,,sirene,
APEX,,,a contacter,,,,,,,,,,,,reseaux,,FRIVILLE-ESCARBOTIN,,80,,,,,,,,,,,,,,,,,,,,,,,,,,,,,,,387897135,38789713500019,43.21A,,,,,,,,,,,sirene,
APEX ENERGIES,,,a contacter,,,,,,,,,,,,reseaux,,MONTPELLIER,,34,,,,,,,,,,,,,,,,,,,,,,,,,,,,,,,382499499,38249949900228,43.21A,,,,,,,,,,,sirene,
APHONE,,,a contacter,,,,,,,,,,,,reseaux,,LA MEZIERE,,35,,,,,,,,,,,,,,,,,,,,,,,,,,,,,,,533820411,53382041100106,61.90Z,,,,,,,,,,,sirene,
APPLIC BATIMENT LUMINAIRE ELECTR SERVICE,,,a contacter,,,,,,,,,,,,reseaux,,LE PETIT-QUEVILLY,,76,,,,,,,,,,,,,,,,,,,,,,,,,,,,,,,350436135,35043613500049,43.21A,,,,,,,,,,,sirene,
APPLICATION TECHN EQUIPEMENT ELECTRIQUE,,,a contacter,,,,,,,,,,,,reseaux,,COUTANCES,,50,,,,,,,,,,,,,,,,,,,,,,,,,,,,,,,388597692,38859769200028,43.21A,,,,,,,,,,,sirene,
APPLICATIONS CONSEILS ELECTRICITE,,,a contacter,,,,,,,,,,,,reseaux,,SUCY-EN-BRIE,,94,,,,,,,,,,,,,,,,,,,,,,,,,,,,,,,419996426,41999642600039,43.21A,,,,,,,,,,,sirene,
APPLICATIONS TOUT ELECTRIQUE,,,a contacter,,,,,,,,,,,,reseaux,,LOGNES,,77,,,,,,,,,,,,,,,,,,,,,,,,,,,,,,,314526971,31452697100077,43.21A,,,,,,,,,,,sirene,
APRES VENTE SERVICE,,,a contacter,,,,,,,,,,,,reseaux,,DIJON,,21,,,,,,,,,,,,,,,,,,,,,,,,,,,,,,,339560047,33956004700088,43.21A,,,,,,,,,,,sirene,
APRIMELEC,,,a contacter,,,,,,,,,,,,reseaux,,VINEUIL,,41,,,,,,,,,,,,,,,,,,,,,,,,,,,,,,,494538234,49453823400027,43.21A,,,,,,,,,,,sirene,
APSYS-E,,,a contacter,,,,,,,,,,,,reseaux,,NIMES,,30,,,,,,,,,,,,,,,,,,,,,,,,,,,,,,,793891805,79389180500038,43.21A,,,,,,,,,,,sirene,
AQUA TP,,,a contacter,,,,,,,,,,,,reseaux,,BAIE MAHAULT,,971,,,,,,,,,,,,,,,,,,,,,,,,,,,,,,,354084279,35408427900075,42.21Z,,,,,,,,,,,sirene,
AQUALIA,,,a contacter,,,,,,,,,,,,reseaux,,LE CONTROIS-EN-SOLOGNE,,41,,,,,,,,,,,,,,,,,,,,,,,,,,,,,,,499912095,49991209500019,42.21Z,,,,,,,,,,,sirene,
AQUALIANS,,,a contacter,,,,,,,,,,,,reseaux,,SAINT-ALBAN-LEYSSE,,73,,,,,,,,,,,,,,,,,,,,,,,,,,,,,,,530430339,53043033900032,42.21Z,,,,,,,,,,,sirene,
AQUATHERMO FRANCE,,,a contacter,,,,,,,,,,,,reseaux,,DECINES-CHARPIEU,,69,,,,,,,,,,,,,,,,,,,,,,,,,,,,,,,538981127,53898112700045,43.21A,,,,,,,,,,,sirene,
AQUATIRIS,,,a contacter,,,,,,,,,,,,reseaux,,BREAL-SOUS-MONTFORT,,35,,,,,,,,,,,,,,,,,,,,,,,,,,,,,,,499036069,49903606900056,42.21Z,,,,,,,,,,,sirene,
AQUI SUN CONNEXION,,,a contacter,,,,,,,,,,,,reseaux,,SAINTE-LIVRADE-SUR-LOT,,47,,,,,,,,,,,,,,,,,,,,,,,,,,,,,,,887670651,88767065100017,43.21A,,,,,,,,,,,sirene,
AQUI TELECOMS,,,a contacter,,,,,,,,,,,,reseaux,,BORDEAUX,,33,,,,,,,,,,,,,,,,,,,,,,,,,,,,,,,889282984,88928298400042,42.22Z,,,,,,,,,,,sirene,
AQUITAINE INFORMATIQUE,,,a contacter,,,,,,,,,,,,reseaux,,MARMANDE,,47,,,,,,,,,,,,,,,,,,,,,,,,,,,,,,,441806338,44180633800022,42.22Z,,,,,,,,,,,sirene,
AQUITAINE RESEAUX,,,a contacter,,,,,,,,,,,,reseaux,,LE THOU,,17,,,,,,,,,,,,,,,,,,,,,,,,,,,,,,,571780352,57178035200043,42.22Z,,,,,,,,,,,sirene,
AQUITEL,,,a contacter,,,,,,,,,,,,reseaux,,POUILLON,,40,,,,,,,,,,,,,,,,,,,,,,,,,,,,,,,818724858,81872485800019,42.22Z,,,,,,,,,,,sirene,
AR ELEC,,,a contacter,,,,,,,,,,,,reseaux,,SANNOIS,,95,,,,,,,,,,,,,,,,,,,,,,,,,,,,,,,529744427,52974442700038,43.21A,,,,,,,,,,,sirene,
AR SERVICES,,,a contacter,,,,,,,,,,,,reseaux,,LOUVIGNY,,14,,,,,,,,,,,,,,,,,,,,,,,,,,,,,,,491736633,49173663300075,43.21A,,,,,,,,,,,sirene,
AR-TECHNOLOGIE,,,a contacter,,,,,,,,,,,,reseaux,,VERNEGUES,,13,,,,,,,,,,,,,,,,,,,,,,,,,,,,,,,882320658,88232065800017,43.21A,,,,,,,,,,,sirene,
ARALEC,,,a contacter,,,,,,,,,,,,reseaux,,LYON,,69,,,,,,,,,,,,,,,,,,,,,,,,,,,,,,,341544286,34154428600022,43.21A,,,,,,,,,,,sirene,
ARANTEL,,,a contacter,,,,,,,,,,,,reseaux,,LE BIGNON,,44,,,,,,,,,,,,,,,,,,,,,,,,,,,,,,,439972597,43997259700033,61.90Z,,,,,,,,,,,sirene,
ARCELEC,,,a contacter,,,,,,,,,,,,reseaux,,GARGES-LES-GONESSE,,95,,,,,,,,,,,,,,,,,,,,,,,,,,,,,,,803108059,80310805900020,43.21A,,,,,,,,,,,sirene,
ARCOM PROVENCE,,,a contacter,,,,,,,,,,,,reseaux,,AVIGNON,,84,,,,,,,,,,,,,,,,,,,,,,,,,,,,,,,508059623,50805962300019,43.21A,,,,,,,,,,,sirene,
ARDECHE DROME SECURITE,,,a contacter,,,,,,,,,,,,reseaux,,SAINT-PERAY,,07,,,,,,,,,,,,,,,,,,,,,,,,,,,,,,,507694446,50769444600026,43.21A,,,,,,,,,,,sirene,
ARDELEC SERVICES,,,a contacter,,,,,,,,,,,,reseaux,,HERLIES,,59,,,,,,,,,,,,,,,,,,,,,,,,,,,,,,,908595556,90859555600014,43.21A,,,,,,,,,,,sirene,
ARDROM SECURITE,,,a contacter,,,,,,,,,,,,reseaux,,VALENCE,,26,,,,,,,,,,,,,,,,,,,,,,,,,,,,,,,479553711,47955371100033,43.21A,,,,,,,,,,,sirene,
ARELEC,,,a contacter,,,,,,,,,,,,reseaux,,ANNECY,,74,,,,,,,,,,,,,,,,,,,,,,,,,,,,,,,834173106,83417310600016,43.21A,,,,,,,,,,,sirene,
ARELEC,,,a contacter,,,,,,,,,,,,reseaux,,BORGO,,2B,,,,,,,,,,,,,,,,,,,,,,,,,,,,,,,812961019,81296101900021,43.21A,,,,,,,,,,,sirene,
ARELION FRANCE,,,a contacter,,,,,,,,,,,,reseaux,,PARIS,,75,,,,,,,,,,,,,,,,,,,,,,,,,,,,,,,421204793,42120479300077,61.10Z,,,,,,,,,,,sirene,
AREMA ENERGIES,,,a contacter,,,,,,,,,,,,reseaux,,TOULOUSE,,31,,,,,,,,,,,,,,,,,,,,,,,,,,,,,,,515193548,51519354800044,43.21A,,,,,,,,,,,sirene,
ARES,,,a contacter,,,,,,,,,,,,reseaux,,REIMS,,51,,,,,,,,,,,,,,,,,,,,,,,,,,,,,,,398319681,39831968100043,43.21A,,,,,,,,,,,sirene,
ARGUEL SERVICE,,,a contacter,,,,,,,,,,,,reseaux,,PONT-DE-SALARS,,12,,,,,,,,,,,,,,,,,,,,,,,,,,,,,,,418380291,41838029100033,43.21A,,,,,,,,,,,sirene,
ARHEX EMANEZ,,,a contacter,,,,,,,,,,,,reseaux,,LAGUINGE-RESTOUE,,64,,,,,,,,,,,,,,,,,,,,,,,,,,,,,,,439551656,43955165600010,42.21Z,,,,,,,,,,,sirene,
ARIS,,,a contacter,,,,,,,,,,,,reseaux,,NANCY,,54,,,,,,,,,,,,,,,,,,,,,,,,,,,,,,,903865111,90386511100012,43.21A,,,,,,,,,,,sirene,
ARMOR ELECTRICITE PLOMBERIE,,,a contacter,,,,,,,,,,,,reseaux,,PLERIN,,22,,,,,,,,,,,,,,,,,,,,,,,,,,,,,,,478910995,47891099500024,43.21A,,,,,,,,,,,sirene,
ARMOR RESEAUX CANALISATIONS,,,a contacter,,,,,,,,,,,,reseaux,,TREGUEUX,,22,,,,,,,,,,,,,,,,,,,,,,,,,,,,,,,325589059,32558905900055,42.21Z,,,,,,,,,,,sirene,
ART ELEC,,,a contacter,,,,,,,,,,,,reseaux,,CHATEAUROUX,,36,,,,,,,,,,,,,,,,,,,,,,,,,,,,,,,493601710,49360171000038,43.21A,,,,,,,,,,,sirene,
ART ELEC 24,,,a contacter,,,,,,,,,,,,reseaux,,MONTPON-MENESTEROL,,24,,,,,,,,,,,,,,,,,,,,,,,,,,,,,,,753161124,75316112400031,43.21A,,,,,,,,,,,sirene,
ART TELECOM,,,a contacter,,,,,,,,,,,,reseaux,,MELUN,,77,,,,,,,,,,,,,,,,,,,,,,,,,,,,,,,849280730,84928073000011,43.21A,,,,,,,,,,,sirene,
ARTEC ELECTRO,,,a contacter,,,,,,,,,,,,reseaux,,VALBONNE,,06,,,,,,,,,,,,,,,,,,,,,,,,,,,,,,,503535858,50353585800032,43.21A,,,,,,,,,,,sirene,
ARTEMIS CONCEPT,,,a contacter,,,,,,,,,,,,reseaux,,VILLEURBANNE,,69,,,,,,,,,,,,,,,,,,,,,,,,,,,,,,,801654112,80165411200037,43.21A,,,,,,,,,,,sirene,
ARTEMIS SECURITE,,,a contacter,,,,,,,,,,,,reseaux,,VAULX-EN-VELIN,,69,,,,,,,,,,,,,,,,,,,,,,,,,,,,,,,443285473,44328547300056,43.21A,,,,,,,,,,,sirene,
ARTERIA,,,a contacter,,,,,,,,,,,,reseaux,,COURBEVOIE,,92,,,,,,,,,,,,,,,,,,,,,,,,,,,,,,,444279095,44427909500046,61.10Z,,,,,,,,,,,sirene,
ARTHEMIS ELECTRICITE GENERALE,,,a contacter,,,,,,,,,,,,reseaux,,BERNIS,,30,,,,,,,,,,,,,,,,,,,,,,,,,,,,,,,800328130,80032813000029,43.21A,,,,,,,,,,,sirene,
ARTISCOP,,,a contacter,,,,,,,,,,,,reseaux,,LA BARRE-DE-MONTS,,85,,,,,,,,,,,,,,,,,,,,,,,,,,,,,,,893667477,89366747700010,43.21A,,,,,,,,,,,sirene,
ARTIWATT,,,a contacter,,,,,,,,,,,,reseaux,,MESVRES,,71,,,,,,,,,,,,,,,,,,,,,,,,,,,,,,,538629734,53862973400012,43.21A,,,,,,,,,,,sirene,
ARTOIS MULTI SERVICE,,,a contacter,,,,,,,,,,,,reseaux,,HESDIN,,62,,,,,,,,,,,,,,,,,,,,,,,,,,,,,,,439787748,43978774800029,43.21A,,,,,,,,,,,sirene,
ARTOIS RENOVATION,,,a contacter,,,,,,,,,,,,reseaux,,LENS,,62,,,,,,,,,,,,,,,,,,,,,,,,,,,,,,,451876601,45187660100035,43.21A,,,,,,,,,,,sirene,
ARTS TECHNIQUE MODERNE ELECT A DESCHAMPS,,,a contacter,,,,,,,,,,,,reseaux,,BELLEY,,01,,,,,,,,,,,,,,,,,,,,,,,,,,,,,,,302355011,30235501100040,43.21A,,,,,,,,,,,sirene,
ARTUS,,,a contacter,,,,,,,,,,,,reseaux,,CARNOUX-EN-PROVENCE,,13,,,,,,,,,,,,,,,,,,,,,,,,,,,,,,,891416562,89141656200025,43.21A,,,,,,,,,,,sirene,
ARTYSEO,,,a contacter,,,,,,,,,,,,reseaux,,BEAUCOUZE,,49,,,,,,,,,,,,,,,,,,,,,,,,,,,,,,,842823908,84282390800038,43.21A,,,,,,,,,,,sirene,
ARZUR ENERGIES,,,a contacter,,,,,,,,,,,,reseaux,,PLOUGONVELIN,,29,,,,,,,,,,,,,,,,,,,,,,,,,,,,,,,485312714,48531271400028,43.21A,,,,,,,,,,,sirene,
ASCELEC,,,a contacter,,,,,,,,,,,,reseaux,,MOULINS-LES-METZ,,57,,,,,,,,,,,,,,,,,,,,,,,,,,,,,,,364800888,36480088800034,43.21A,,,,,,,,,,,sirene,
ASCENSEUR SECURITE,,,a contacter,,,,,,,,,,,,reseaux,,MISY-SUR-YONNE,,77,,,,,,,,,,,,,,,,,,,,,,,,,,,,,,,450281001,45028100100021,43.21A,,,,,,,,,,,sirene,
ASE,,,a contacter,,,,,,,,,,,,reseaux,,MONTELIMAR,,26,,,,,,,,,,,,,,,,,,,,,,,,,,,,,,,411438138,41143813800017,43.21A,,,,,,,,,,,sirene,
ASE,,,a contacter,,,,,,,,,,,,reseaux,,SAINT-PAUL-ET-VALMALLE,,34,,,,,,,,,,,,,,,,,,,,,,,,,,,,,,,801931478,80193147800011,43.21A,,,,,,,,,,,sirene,
ASH ENERGIE,,,a contacter,,,,,,,,,,,,reseaux,,CHELLES,,77,,,,,,,,,,,,,,,,,,,,,,,,,,,,,,,849488341,84948834100033,43.21A,,,,,,,,,,,sirene,
ASII TELECOM,,,a contacter,,,,,,,,,,,,reseaux,,PARIS,,75,,,,,,,,,,,,,,,,,,,,,,,,,,,,,,,752343632,75234363200051,61.10Z,,,,,,,,,,,sirene,
ASPEC-SERVIGAZ,,,a contacter,,,,,,,,,,,,reseaux,,TOULOUSE,,31,,,,,,,,,,,,,,,,,,,,,,,,,,,,,,,440216109,44021610900031,43.21A,,,,,,,,,,,sirene,
ASSISTANCE DES RESEAUX DE TELECOMMUNICATION,,,a contacter,,,,,,,,,,,,reseaux,,SAINT-DENIS,,974,,,,,,,,,,,,,,,,,,,,,,,,,,,,,,,840852750,84085275000024,61.20Z,,,,,,,,,,,sirene,
ASSISTANCE TECHNIQUE ET MAINTENANCE EN ELECTRICITE,,,a contacter,,,,,,,,,,,,reseaux,,GAP,,05,,,,,,,,,,,,,,,,,,,,,,,,,,,,,,,351753884,35175388400045,43.21A,,,,,,,,,,,sirene,
ASTEM - RIE,,,a contacter,,,,,,,,,,,,reseaux,,LA VERRIERE,,78,,,,,,,,,,,,,,,,,,,,,,,,,,,,,,,799384250,79938425000012,43.21A,,,,,,,,,,,sirene,
ASTORG SAS,,,a contacter,,,,,,,,,,,,reseaux,,COURTRY,,77,,,,,,,,,,,,,,,,,,,,,,,,,,,,,,,325022366,32502236600042,43.21A,,,,,,,,,,,sirene,
AT CONNECT,,,a contacter,,,,,,,,,,,,reseaux,,ANGLET,,64,,,,,,,,,,,,,,,,,,,,,,,,,,,,,,,790768733,79076873300012,61.90Z,,,,,,,,,,,sirene,
AT&T GLOBAL NETWORK SERVICES FRANCE SAS,,,a contacter,,,,,,,,,,,,reseaux,,COURBEVOIE,,92,,,,,,,,,,,,,,,,,,,,,,,,,,,,,,,422399279,42239927900161,61.10Z,,,,,,,,,,,sirene,
ATARAXIE,,,a contacter,,,,,,,,,,,,reseaux,,CARCASSONNE,,11,,,,,,,,,,,,,,,,,,,,,,,,,,,,,,,419734173,41973417300026,61.90Z,,,,,,,,,,,sirene,
ATC BRETAGNE,,,a contacter,,,,,,,,,,,,reseaux,,PLOEREN,,56,,,,,,,,,,,,,,,,,,,,,,,,,,,,,,,751808346,75180834600025,43.21A,,,,,,,,,,,sirene,
ATC FRANCE,,,a contacter,,,,,,,,,,,,reseaux,,BAGNEUX,,92,,,,,,,,,,,,,,,,,,,,,,,,,,,,,,,538419052,53841905200088,61.20Z,,,,,,,,,,,sirene,
ATC NORMANDIE,,,a contacter,,,,,,,,,,,,reseaux,,PONTS,,50,,,,,,,,,,,,,,,,,,,,,,,,,,,,,,,412079402,41207940200050,43.21A,,,,,,,,,,,sirene,
ATC SERVICES,,,a contacter,,,,,,,,,,,,reseaux,,PONTS,,50,,,,,,,,,,,,,,,,,,,,,,,,,,,,,,,889613774,88961377400047,43.21A,,,,,,,,,,,sirene,
ATCE,,,a contacter,,,,,,,,,,,,reseaux,,SAINT-MALO,,35,,,,,,,,,,,,,,,,,,,,,,,,,,,,,,,519033419,51903341900028,43.21A,,,,,,,,,,,sirene,
ATEBI ENERGIES,,,a contacter,,,,,,,,,,,,reseaux,,TIERCE,,49,,,,,,,,,,,,,,,,,,,,,,,,,,,,,,,394442701,39444270100030,43.21A,,,,,,,,,,,sirene,
ATEC,,,a contacter,,,,,,,,,,,,reseaux,,MARSEILLE,,13,,,,,,,,,,,,,,,,,,,,,,,,,,,,,,,432475945,43247594500015,43.21A,,,,,,,,,,,sirene,
ATEC REHABILITATION,,,a contacter,,,,,,,,,,,,reseaux,,PLERNEUF,,22,,,,,,,,,,,,,,,,,,,,,,,,,,,,,,,527628069,52762806900025,42.21Z,,,,,,,,,,,sirene,
ATEIC ELECTRICITE,,,a contacter,,,,,,,,,,,,reseaux,,COGNAC,,16,,,,,,,,,,,,,,,,,,,,,,,,,,,,,,,814233797,81423379700012,43.21A,,,,,,,,,,,sirene,
ATELEC,,,a contacter,,,,,,,,,,,,reseaux,,CHALLANS,,85,,,,,,,,,,,,,,,,,,,,,,,,,,,,,,,340134980,34013498000028,43.21A,,,,,,,,,,,sirene,
ATELIER ELECTRIQUE VOIRONNAIS,,,a contacter,,,,,,,,,,,,reseaux,,VOIRON,,38,,,,,,,,,,,,,,,,,,,,,,,,,,,,,,,404675878,40467587800023,43.21A,,,,,,,,,,,sirene,
ATELSYS,,,a contacter,,,,,,,,,,,,reseaux,,LONGVIC,,21,,,,,,,,,,,,,,,,,,,,,,,,,,,,,,,429470461,42947046100014,43.21A,,,,,,,,,,,sirene,
ATEXIA,,,a contacter,,,,,,,,,,,,reseaux,,LA POSSESSION,,974,,,,,,,,,,,,,,,,,,,,,,,,,,,,,,,434568507,43456850700017,43.21A,,,,,,,,,,,sirene,
ATLANTIQUE ASSAINISSEMENT ET AMENAGEMENT,,,a contacter,,,,,,,,,,,,reseaux,,TRIGNAC,,44,,,,,,,,,,,,,,,,,,,,,,,,,,,,,,,410084263,41008426300038,42.21Z,,,,,,,,,,,sirene,
ATLANTIQUE ELECTRICITE SERVICES,,,a contacter,,,,,,,,,,,,reseaux,,SAINT-HERBLAIN,,44,,,,,,,,,,,,,,,,,,,,,,,,,,,,,,,423395987,42339598700047,43.21A,,,,,,,,,,,sirene,
ATLANTIQUE REHABILITATION,,,a contacter,,,,,,,,,,,,reseaux,,HERIC,,44,,,,,,,,,,,,,,,,,,,,,,,,,,,,,,,534966080,53496608000044,42.21Z,,,,,,,,,,,sirene,
ATLANTIQUE TRAVAUX PUBLICS,,,a contacter,,,,,,,,,,,,reseaux,,SAINTE-LUCE-SUR-LOIRE,,44,,,,,,,,,,,,,,,,,,,,,,,,,,,,,,,323355123,32335512300023,42.21Z,,,,,,,,,,,sirene,
ATLAPREST,,,a contacter,,,,,,,,,,,,reseaux,,PARAY-VIEILLE-POSTE,,91,,,,,,,,,,,,,,,,,,,,,,,,,,,,,,,901299818,90129981800020,43.21A,,,,,,,,,,,sirene,
ATM FIELD SERVICE,,,a contacter,,,,,,,,,,,,reseaux,,PARIS 8,,75,,,,,,,,,,,,,,,,,,,,,,,,,,,,,,,949714927,94971492700025,43.21A,,,,,,,,,,,sirene,
ATN SAS,,,a contacter,,,,,,,,,,,,reseaux,,NEVERS,,58,,,,,,,,,,,,,,,,,,,,,,,,,,,,,,,484630827,48463082700018,43.21A,,,,,,,,,,,sirene,
ATOL,,,a contacter,,,,,,,,,,,,reseaux,,PARIS,,75,,,,,,,,,,,,,,,,,,,,,,,,,,,,,,,513581975,51358197500044,43.21A,,,,,,,,,,,sirene,
ATOME ENERGIE,,,a contacter,,,,,,,,,,,,reseaux,,LE BAN-SAINT-MARTIN,,57,,,,,,,,,,,,,,,,,,,,,,,,,,,,,,,752485458,75248545800026,43.21A,,,,,,,,,,,sirene,
ATOUT CONFORT,,,a contacter,,,,,,,,,,,,reseaux,,TADEN,,22,,,,,,,,,,,,,,,,,,,,,,,,,,,,,,,453394066,45339406600014,43.21A,,,,,,,,,,,sirene,
ATP AUTOMATISME TECHNIQUE PLUS,,,a contacter,,,,,,,,,,,,reseaux,,MAUGUIO,,34,,,,,,,,,,,,,,,,,,,,,,,,,,,,,,,504079302,50407930200031,43.21A,,,,,,,,,,,sirene,
ATS COMMUNICATION,,,a contacter,,,,,,,,,,,,reseaux,,MONTLUCON,,03,,,,,,,,,,,,,,,,,,,,,,,,,,,,,,,812118255,81211825500015,43.21A,,,,,,,,,,,sirene,
ATS PLUS,,,a contacter,,,,,,,,,,,,reseaux,,NOISIEL,,77,,,,,,,,,,,,,,,,,,,,,,,,,,,,,,,897426912,89742691200027,43.21A,,,,,,,,,,,sirene,
AUBACOM,,,a contacter,,,,,,,,,,,,reseaux,,AUBAGNE,,13,,,,,,,,,,,,,,,,,,,,,,,,,,,,,,,409053899,40905389900020,61.10Z,,,,,,,,,,,sirene,
AUBE EQUIPEMENTS ELECTRIQUES,,,a contacter,,,,,,,,,,,,reseaux,,LES PAVILLONS-SOUS-BOIS,,93,,,,,,,,,,,,,,,,,,,,,,,,,,,,,,,344080403,34408040300043,43.21A,,,,,,,,,,,sirene,
AUBELEC,,,a contacter,,,,,,,,,,,,reseaux,,SAINT JULIEN LES VILLAS,,10,,,,,,,,,,,,,,,,,,,,,,,,,,,,,,,301213476,30121347600049,43.21A,,,,,,,,,,,sirene,
AUCLAIR PERE ET FILS,,,a contacter,,,,,,,,,,,,reseaux,,SAINT-PIERRE-DU-PERRAY,,91,,,,,,,,,,,,,,,,,,,,,,,,,,,,,,,315830273,31583027300035,43.21A,,,,,,,,,,,sirene,
AUDIO CABLE SERVICE,,,a contacter,,,,,,,,,,,,reseaux,,ALIXAN,,26,,,,,,,,,,,,,,,,,,,,,,,,,,,,,,,349735787,34973578700062,43.21A,,,,,,,,,,,sirene,
AUDIOVISUEL ASSISTANCE & SERVICE,,,a contacter,,,,,,,,,,,,reseaux,,LE BOURGET,,93,,,,,,,,,,,,,,,,,,,,,,,,,,,,,,,411021637,41102163700037,61.20Z,,,,,,,,,,,sirene,
AUDIT HABITAT,,,a contacter,,,,,,,,,,,,reseaux,,AJACCIO,,2A,,,,,,,,,,,,,,,,,,,,,,,,,,,,,,,952929677,95292967700013,43.21A,,,,,,,,,,,sirene,
AUDUN VIABILITE ASSAINISSEM,,,a contacter,,,,,,,,,,,,reseaux,,TRIEUX,,54,,,,,,,,,,,,,,,,,,,,,,,,,,,,,,,303355143,30335514300056,42.21Z,,,,,,,,,,,sirene,
AUG.FIBRE,,,a contacter,,,,,,,,,,,,reseaux,,PALAU-DEL-VIDRE,,66,,,,,,,,,,,,,,,,,,,,,,,,,,,,,,,820228880,82022888000036,42.22Z,,,,,,,,,,,sirene,
AUGER,,,a contacter,,,,,,,,,,,,reseaux,,BOISME,,79,,,,,,,,,,,,,,,,,,,,,,,,,,,,,,,392942181,39294218100026,43.21A,,,,,,,,,,,sirene,
AUNIS SAINTONGE ELECTRICITE,,,a contacter,,,,,,,,,,,,reseaux,,SAINTES,,17,,,,,,,,,,,,,,,,,,,,,,,,,,,,,,,387981798,38798179800045,42.22Z,,,,,,,,,,,sirene,
AURA SECURITE SYSTEME,,,a contacter,,,,,,,,,,,,reseaux,,SAINT-FONS,,69,,,,,,,,,,,,,,,,,,,,,,,,,,,,,,,510552771,51055277100055,43.21A,,,,,,,,,,,sirene,
AURAXI,,,a contacter,,,,,,,,,,,,reseaux,,L'ETANG-SALE,,974,,,,,,,,,,,,,,,,,,,,,,,,,,,,,,,813534815,81353481500010,43.21A,,,,,,,,,,,sirene,
AUSTRAL ENERGY MAINTENANCE,,,a contacter,,,,,,,,,,,,reseaux,,SAINT-PIERRE,,974,,,,,,,,,,,,,,,,,,,,,,,,,,,,,,,522804384,52280438400025,43.21A,,,,,,,,,,,sirene,
AUSTRAL ETUDE EQUIPEMENT MAINTENANCE,,,a contacter,,,,,,,,,,,,reseaux,,SAINT-LEU,,974,,,,,,,,,,,,,,,,,,,,,,,,,,,,,,,481746188,48174618800038,43.21A,,,,,,,,,,,sirene,
AUSTRAL SECURITES,,,a contacter,,,,,,,,,,,,reseaux,,LA POSSESSION,,974,,,,,,,,,,,,,,,,,,,,,,,,,,,,,,,434238481,43423848100023,43.21A,,,,,,,,,,,sirene,
AUSTRAL SOLAR,,,a contacter,,,,,,,,,,,,reseaux,,SAINT-LOUIS,,974,,,,,,,,,,,,,,,,,,,,,,,,,,,,,,,819179144,81917914400079,43.21A,,,,,,,,,,,sirene,
AUSTRAL SOLAR FRANCE,,,a contacter,,,,,,,,,,,,reseaux,,PARIS,,75,,,,,,,,,,,,,,,,,,,,,,,,,,,,,,,948607551,94860755100017,43.21A,,,,,,,,,,,sirene,
AUSTRAL TECHNIQUE,,,a contacter,,,,,,,,,,,,reseaux,,SAINT-LOUIS,,974,,,,,,,,,,,,,,,,,,,,,,,,,,,,,,,914661392,91466139200029,43.21A,,,,,,,,,,,sirene,
AUSTRAL TELECOM SERVICES,,,a contacter,,,,,,,,,,,,reseaux,,SAINT-DENIS,,974,,,,,,,,,,,,,,,,,,,,,,,,,,,,,,,513616284,51361628400065,42.22Z,,,,,,,,,,,sirene,
AUSYTEC,,,a contacter,,,,,,,,,,,,reseaux,,AJACCIO,,2A,,,,,,,,,,,,,,,,,,,,,,,,,,,,,,,419485289,41948528900047,43.21A,,,,,,,,,,,sirene,
AUTO BAZAR,,,a contacter,,,,,,,,,,,,reseaux,,SAINT-LAURENT-DU-VAR,,06,,,,,,,,,,,,,,,,,,,,,,,,,,,,,,,329336572,32933657200071,61.90Z,,,,,,,,,,,sirene,
AUTOM CONTROLE ELECTR INDUSTR INFORMATIQ,,,a contacter,,,,,,,,,,,,reseaux,,BLANQUEFORT,,33,,,,,,,,,,,,,,,,,,,,,,,,,,,,,,,339866311,33986631100022,43.21A,,,,,,,,,,,sirene,
AUTOMATION ET ELECTRICITE INDUSTRIELLE,,,a contacter,,,,,,,,,,,,reseaux,,RIBECOURT-DRESLINCOURT,,60,,,,,,,,,,,,,,,,,,,,,,,,,,,,,,,780553632,78055363200024,43.21A,,,,,,,,,,,sirene,
AUTOMATISME CABLAGE SERVICES,,,a contacter,,,,,,,,,,,,reseaux,,PLEUMELEUC,,35,,,,,,,,,,,,,,,,,,,,,,,,,,,,,,,388418790,38841879000035,43.21A,,,,,,,,,,,sirene,
AUTOMATISME ET EXPLOITATION DES ENERGIES NOUVELLES,,,a contacter,,,,,,,,,,,,reseaux,,SAINT-OUEN-L'AUMONE,,95,,,,,,,,,,,,,,,,,,,,,,,,,,,,,,,385014956,38501495600010,43.21A,,,,,,,,,,,sirene,
AUTOMATISMES CONCEPTIONS ELECTRIC TECHNI,,,a contacter,,,,,,,,,,,,reseaux,,FRANCONVILLE,,95,,,,,,,,,,,,,,,,,,,,,,,,,,,,,,,384926572,38492657200049,43.21A,,,,,,,,,,,sirene,
AUTOMATISMES FERMETURES CONTROLES D'ACCES OCEAN INDIEN,,,a contacter,,,,,,,,,,,,reseaux,,SAINT-PAUL,,974,,,,,,,,,,,,,,,,,,,,,,,,,,,,,,,793487828,79348782800030,43.21A,,,,,,,,,,,sirene,
AUTOMATISMES SECURITAIRES FERROVIAIRES,,,a contacter,,,,,,,,,,,,reseaux,,ANTONY,,92,,,,,,,,,,,,,,,,,,,,,,,,,,,,,,,501427454,50142745400076,43.21A,,,,,,,,,,,sirene,
AUVERGNE INSTALLATION ELECTRIQUE,,,a contacter,,,,,,,,,,,,reseaux,,CLERMONT-FERRAND,,63,,,,,,,,,,,,,,,,,,,,,,,,,,,,,,,485281018,48528101800039,43.21A,,,,,,,,,,,sirene,
AUVERGNE NUMERIQUE,,,a contacter,,,,,,,,,,,,reseaux,,CLERMONT-FERRAND,,63,,,,,,,,,,,,,,,,,,,,,,,,,,,,,,,798020202,79802020200023,61.10Z,,,,,,,,,,,sirene,
AUVERGNE PRODUCTIQUE INGENIERIE,,,a contacter,,,,,,,,,,,,reseaux,,CHAMALIERES,,63,,,,,,,,,,,,,,,,,,,,,,,,,,,,,,,337643910,33764391000025,43.21A,,,,,,,,,,,sirene,
AVANT-GARDE TELECOM,,,a contacter,,,,,,,,,,,,reseaux,,SAINT-QUENTIN-FALLAVIER,,38,,,,,,,,,,,,,,,,,,,,,,,,,,,,,,,842931255,84293125500066,42.22Z,,,,,,,,,,,sirene,
AVB,,,a contacter,,,,,,,,,,,,reseaux,,CHELLES,,77,,,,,,,,,,,,,,,,,,,,,,,,,,,,,,,445360951,44536095100047,43.21A,,,,,,,,,,,sirene,
AVENA TRAVAUX PUBLICS ET GENIE CIVIL,,,a contacter,,,,,,,,,,,,reseaux,,ROQUEFORT-LES-PINS,,06,,,,,,,,,,,,,,,,,,,,,,,,,,,,,,,900201955,90020195500045,42.21Z,,,,,,,,,,,sirene,
AVENEL SAS,,,a contacter,,,,,,,,,,,,reseaux,,DARNETAL,,76,,,,,,,,,,,,,,,,,,,,,,,,,,,,,,,670500560,67050056000032,43.21A,,,,,,,,,,,sirene,
AVENIR ELECTRIQUE DE LIMOGES,,,a contacter,,,,,,,,,,,,reseaux,,LIMOGES,,87,,,,,,,,,,,,,,,,,,,,,,,,,,,,,,,757500632,75750063200026,43.21A,,,,,,,,,,,sirene,
AVENIR ELECTRIQUE ORLEANAIS,,,a contacter,,,,,,,,,,,,reseaux,,GIDY,,45,,,,,,,,,,,,,,,,,,,,,,,,,,,,,,,305444838,30544483800018,43.21A,,,,,,,,,,,sirene,
AVEYRON ELEC CONCEPT,,,a contacter,,,,,,,,,,,,reseaux,,AUBIN,,12,,,,,,,,,,,,,,,,,,,,,,,,,,,,,,,488681438,48868143800039,43.21A,,,,,,,,,,,sirene,
AVIBAT,,,a contacter,,,,,,,,,,,,reseaux,,BONDY,,93,,,,,,,,,,,,,,,,,,,,,,,,,,,,,,,752710632,75271063200015,43.21A,,,,,,,,,,,sirene,
AVICA,,,a contacter,,,,,,,,,,,,reseaux,,SOMAIN,,59,,,,,,,,,,,,,,,,,,,,,,,,,,,,,,,524563012,52456301200045,43.21A,,,,,,,,,,,sirene,
AVICOLLO ENERGIES,,,a contacter,,,,,,,,,,,,reseaux,,LA GARDE,,83,,,,,,,,,,,,,,,,,,,,,,,,,,,,,,,410238711,41023871100031,43.21A,,,,,,,,,,,sirene,
AVIGNONNAISE DE RESEAUX ELECTRIQUES,,,a contacter,,,,,,,,,,,,reseaux,,AVIGNON,,84,,,,,,,,,,,,,,,,,,,,,,,,,,,,,,,333519528,33351952800017,43.21A,,,,,,,,,,,sirene,
AVITECH,,,a contacter,,,,,,,,,,,,reseaux,,MONTEREAU-SUR-LE-JARD,,77,,,,,,,,,,,,,,,,,,,,,,,,,,,,,,,522560135,52256013500025,43.21A,,,,,,,,,,,sirene,
AVS NEW FIBRE,,,a contacter,,,,,,,,,,,,reseaux,,CASTELNAU-LE-LEZ,,34,,,,,,,,,,,,,,,,,,,,,,,,,,,,,,,825382757,82538275700052,43.21A,,,,,,,,,,,sirene,
AXELEC,,,a contacter,,,,,,,,,,,,reseaux,,NICE,,06,,,,,,,,,,,,,,,,,,,,,,,,,,,,,,,812338424,81233842400037,43.21A,,,,,,,,,,,sirene,
AXELEC,,,a contacter,,,,,,,,,,,,reseaux,,SAINT-BRICE-SOUS-FORET,,95,,,,,,,,,,,,,,,,,,,,,,,,,,,,,,,808168272,80816827200041,43.21A,,,,,,,,,,,sirene,
AXELIS IT,,,a contacter,,,,,,,,,,,,reseaux,,MAUGUIO,,34,,,,,,,,,,,,,,,,,,,,,,,,,,,,,,,538638503,53863850300051,61.90Z,,,,,,,,,,,sirene,
AXEO,,,a contacter,,,,,,,,,,,,reseaux,,GENNEVILLIERS,,92,,,,,,,,,,,,,,,,,,,,,,,,,,,,,,,414874446,41487444600365,42.21Z,,,,,,,,,,,sirene,
AXYSCOM,,,a contacter,,,,,,,,,,,,reseaux,,MAXEVILLE,,54,,,,,,,,,,,,,,,,,,,,,,,,,,,,,,,841786593,84178659300019,42.22Z,,,,,,,,,,,sirene,
AYMERIC PELLOIN,,,a contacter,,,,,,,,,,,,reseaux,,MESLAY-DU-MAINE,,53,,,,,,,,,,,,,,,,,,,,,,,,,,,,,,,819401977,81940197700023,43.21A,,,,,,,,,,,sirene,
AZ ELEC,,,a contacter,,,,,,,,,,,,reseaux,,SAINT-OUEN-L'AUMONE,,95,,,,,,,,,,,,,,,,,,,,,,,,,,,,,,,521512970,52151297000059,43.21A,,,,,,,,,,,sirene,
AZA TELECOM,,,a contacter,,,,,,,,,,,,reseaux,,DUCOS,,972,,,,,,,,,,,,,,,,,,,,,,,,,,,,,,,833390081,83339008100028,61.10Z,,,,,,,,,,,sirene,
AZELEC ENR,,,a contacter,,,,,,,,,,,,reseaux,,SAINT-MARIENS,,33,,,,,,,,,,,,,,,,,,,,,,,,,,,,,,,812201663,81220166300042,43.21A,,,,,,,,,,,sirene,
AZETELEC,,,a contacter,,,,,,,,,,,,reseaux,,CHAMPIGNY-SUR-MARNE,,94,,,,,,,,,,,,,,,,,,,,,,,,,,,,,,,832909188,83290918800027,43.21A,,,,,,,,,,,sirene,
AZIZ TELECOM,,,a contacter,,,,,,,,,,,,reseaux,,LE RAINCY,,93,,,,,,,,,,,,,,,,,,,,,,,,,,,,,,,895358570,89535857000029,43.21A,,,,,,,,,,,sirene,
AZUR ELEC,,,a contacter,,,,,,,,,,,,reseaux,,NICE,,06,,,,,,,,,,,,,,,,,,,,,,,,,,,,,,,821114352,82111435200023,43.21A,,,,,,,,,,,sirene,
AZUR PORTES AUTOMATIQUES CONTROLE ACCES,,,a contacter,,,,,,,,,,,,reseaux,,ANTIBES,,06,,,,,,,,,,,,,,,,,,,,,,,,,,,,,,,407533579,40753357900014,43.21A,,,,,,,,,,,sirene,
AZUR PRO ELEC,,,a contacter,,,,,,,,,,,,reseaux,,CUERS,,83,,,,,,,,,,,,,,,,,,,,,,,,,,,,,,,482424496,48242449600032,43.21A,,,,,,,,,,,sirene,
AZUR TRAVAUX,,,a contacter,,,,,,,,,,,,reseaux,,BRIGNOLES,,83,,,,,,,,,,,,,,,,,,,,,,,,,,,,,,,323984377,32398437700040,42.22Z,,,,,,,,,,,sirene,
AZURCONNECT TECHNOLOGIES,,,a contacter,,,,,,,,,,,,reseaux,,CARNOUX-EN-PROVENCE,,13,,,,,,,,,,,,,,,,,,,,,,,,,,,,,,,814592192,81459219200029,42.22Z,,,,,,,,,,,sirene,
AZUREENNE MOUGINOISE BATIMENT,,,a contacter,,,,,,,,,,,,reseaux,,MOUANS-SARTOUX,,06,,,,,,,,,,,,,,,,,,,,,,,,,,,,,,,392762548,39276254800031,43.21A,,,,,,,,,,,sirene,
B & D CONCEPT,,,a contacter,,,,,,,,,,,,reseaux,,SAINT-MAURICE,,94,,,,,,,,,,,,,,,,,,,,,,,,,,,,,,,423974906,42397490600020,43.21A,,,,,,,,,,,sirene,
B A TELECOM,,,a contacter,,,,,,,,,,,,reseaux,,MARSEILLE,,13,,,,,,,,,,,,,,,,,,,,,,,,,,,,,,,752964734,75296473400020,43.21A,,,,,,,,,,,sirene,
B ELECTRIC,,,a contacter,,,,,,,,,,,,reseaux,,PERIGUEUX,,24,,,,,,,,,,,,,,,,,,,,,,,,,,,,,,,424896314,42489631400038,43.21A,,,,,,,,,,,sirene,
B F RESEAUX,,,a contacter,,,,,,,,,,,,reseaux,,VERSAILLES,,78,,,,,,,,,,,,,,,,,,,,,,,,,,,,,,,400889671,40088967100048,61.90Z,,,,,,,,,,,sirene,
B H ELECTRICITE,,,a contacter,,,,,,,,,,,,reseaux,,SARREGUEMINES,,57,,,,,,,,,,,,,,,,,,,,,,,,,,,,,,,408502458,40850245800032,43.21A,,,,,,,,,,,sirene,
B WORKER,,,a contacter,,,,,,,,,,,,reseaux,,DRANCY,,93,,,,,,,,,,,,,,,,,,,,,,,,,,,,,,,824655104,82465510400035,43.21A,,,,,,,,,,,sirene,
B-CONNECT,,,a contacter,,,,,,,,,,,,reseaux,,PARIS,,75,,,,,,,,,,,,,,,,,,,,,,,,,,,,,,,843944711,84394471100020,43.21A,,,,,,,,,,,sirene,
B.A.B T.P,,,a contacter,,,,,,,,,,,,reseaux,,ANGLET,,64,,,,,,,,,,,,,,,,,,,,,,,,,,,,,,,339883548,33988354800028,42.22Z,,,,,,,,,,,sirene,
B.C.J.K,,,a contacter,,,,,,,,,,,,reseaux,,PLEUVEN,,29,,,,,,,,,,,,,,,,,,,,,,,,,,,,,,,441793973,44179397300013,43.21A,,,,,,,,,,,sirene,
B.D.F.,,,a contacter,,,,,,,,,,,,reseaux,,ROSNOEN,,29,,,,,,,,,,,,,,,,,,,,,,,,,,,,,,,819736281,81973628100018,43.21A,,,,,,,,,,,sirene,
B.E.C.F,,,a contacter,,,,,,,,,,,,reseaux,,BUSSY-SAINT-GEORGES,,77,,,,,,,,,,,,,,,,,,,,,,,,,,,,,,,412778946,41277894600043,43.21A,,,,,,,,,,,sirene,
B.E.I,,,a contacter,,,,,,,,,,,,reseaux,,AUXERRE,,89,,,,,,,,,,,,,,,,,,,,,,,,,,,,,,,421262213,42126221300042,43.21A,,,,,,,,,,,sirene,
B.E.PA,,,a contacter,,,,,,,,,,,,reseaux,,BRUZ,,35,,,,,,,,,,,,,,,,,,,,,,,,,,,,,,,483903522,48390352200041,43.21A,,,,,,,,,,,sirene,
B.F.C.,,,a contacter,,,,,,,,,,,,reseaux,,NOIDANS-LES-VESOUL,,70,,,,,,,,,,,,,,,,,,,,,,,,,,,,,,,808658512,80865851200047,43.21A,,,,,,,,,,,sirene,
B.G ELECTRICITE,,,a contacter,,,,,,,,,,,,reseaux,,MAINVILLIERS,,28,,,,,,,,,,,,,,,,,,,,,,,,,,,,,,,807120027,80712002700022,43.21A,,,,,,,,,,,sirene,
B.K.S. TELECOM,,,a contacter,,,,,,,,,,,,reseaux,,DECINES-CHARPIEU,,69,,,,,,,,,,,,,,,,,,,,,,,,,,,,,,,883226805,88322680500017,43.21A,,,,,,,,,,,sirene,
B.L.I.,,,a contacter,,,,,,,,,,,,reseaux,,LA CHAIZE-LE-VICOMTE,,85,,,,,,,,,,,,,,,,,,,,,,,,,,,,,,,381865229,38186522900037,43.21A,,,,,,,,,,,sirene,
B.S.G.S,,,a contacter,,,,,,,,,,,,reseaux,,GOUSSAINVILLE,,95,,,,,,,,,,,,,,,,,,,,,,,,,,,,,,,538709189,53870918900046,43.21A,,,,,,,,,,,sirene,
B.S.K,,,a contacter,,,,,,,,,,,,reseaux,,DRANCY,,93,,,,,,,,,,,,,,,,,,,,,,,,,,,,,,,843687534,84368753400019,43.21A,,,,,,,,,,,sirene,
B.V.E,,,a contacter,,,,,,,,,,,,reseaux,,LA CROIX-VALMER,,83,,,,,,,,,,,,,,,,,,,,,,,,,,,,,,,920922598,92092259800015,43.21A,,,,,,,,,,,sirene,
B2V - ELECTRICITE,,,a contacter,,,,,,,,,,,,reseaux,,LE QUESNOY,,59,,,,,,,,,,,,,,,,,,,,,,,,,,,,,,,813348976,81334897600024,43.21A,,,,,,,,,,,sirene,
BA AUTOMATISME,,,a contacter,,,,,,,,,,,,reseaux,,BESSAN,,34,,,,,,,,,,,,,,,,,,,,,,,,,,,,,,,440747178,44074717800026,43.21A,,,,,,,,,,,sirene,
BABOLAT ELECTRICITE,,,a contacter,,,,,,,,,,,,reseaux,,LACHASSAGNE,,69,,,,,,,,,,,,,,,,,,,,,,,,,,,,,,,378620082,37862008200024,43.21A,,,,,,,,,,,sirene,
BAGELEC REUNION,,,a contacter,,,,,,,,,,,,reseaux,,LE PORT,,974,,,,,,,,,,,,,,,,,,,,,,,,,,,,,,,443355284,44335528400011,42.22Z,,,,,,,,,,,sirene,
BAGES ESTADIEU,,,a contacter,,,,,,,,,,,,reseaux,,ALBI,,81,,,,,,,,,,,,,,,,,,,,,,,,,,,,,,,505130294,50513029400018,43.21A,,,,,,,,,,,sirene,
BAHIER PLOMB ELECT CHAUF ELECTRO MENAGER,,,a contacter,,,,,,,,,,,,reseaux,,ERNEE,,53,,,,,,,,,,,,,,,,,,,,,,,,,,,,,,,737350017,73735001700015,43.21A,,,,,,,,,,,sirene,
BAILLY MONTHURY,,,a contacter,,,,,,,,,,,,reseaux,,PARIS,,75,,,,,,,,,,,,,,,,,,,,,,,,,,,,,,,572190288,57219028800017,43.21A,,,,,,,,,,,sirene,
BAKELEC,,,a contacter,,,,,,,,,,,,reseaux,,MONTPELLIER,,34,,,,,,,,,,,,,,,,,,,,,,,,,,,,,,,530815570,53081557000060,43.21A,,,,,,,,,,,sirene,
BALOSSI MARGUET ELECTRICITE,,,a contacter,,,,,,,,,,,,reseaux,,MORTEAU,,25,,,,,,,,,,,,,,,,,,,,,,,,,,,,,,,323138925,32313892500033,43.21A,,,,,,,,,,,sirene,
BARACCO SAS,,,a contacter,,,,,,,,,,,,reseaux,,BIOT,,06,,,,,,,,,,,,,,,,,,,,,,,,,,,,,,,520595091,52059509100031,43.21A,,,,,,,,,,,sirene,
BARBE - DEVAUX SAS,,,a contacter,,,,,,,,,,,,reseaux,,CHANGE,,72,,,,,,,,,,,,,,,,,,,,,,,,,,,,,,,422706846,42270684600025,43.21A,,,,,,,,,,,sirene,
BARCAIONI SAS,,,a contacter,,,,,,,,,,,,reseaux,,SAINT-MARTIN-SUR-LE-PRE,,51,,,,,,,,,,,,,,,,,,,,,,,,,,,,,,,432952679,43295267900020,43.21A,,,,,,,,,,,sirene,
BARRE BOUQUIGNAUD,,,a contacter,,,,,,,,,,,,reseaux,,LA FRANCHEVILLE,,08,,,,,,,,,,,,,,,,,,,,,,,,,,,,,,,333020220,33302022000039,43.21A,,,,,,,,,,,sirene,
BARRIQUAND S.A.,,,a contacter,,,,,,,,,,,,reseaux,,COMPIEGNE,,60,,,,,,,,,,,,,,,,,,,,,,,,,,,,,,,925620049,92562004900013,42.21Z,,,,,,,,,,,sirene,
BASELEC,,,a contacter,,,,,,,,,,,,reseaux,,EYSINES,,33,,,,,,,,,,,,,,,,,,,,,,,,,,,,,,,824885453,82488545300038,43.21A,,,,,,,,,,,sirene,
BAT CORPORATION,,,a contacter,,,,,,,,,,,,reseaux,,SAINT-DENIS,,974,,,,,,,,,,,,,,,,,,,,,,,,,,,,,,,848267175,84826717500026,43.21A,,,,,,,,,,,sirene,
BAT ELEC,,,a contacter,,,,,,,,,,,,reseaux,,BOBIGNY,,93,,,,,,,,,,,,,,,,,,,,,,,,,,,,,,,484871546,48487154600061,43.21A,,,,,,,,,,,sirene,
BATEL,,,a contacter,,,,,,,,,,,,reseaux,,LE BOURGET,,93,,,,,,,,,,,,,,,,,,,,,,,,,,,,,,,911785087,91178508700014,43.21A,,,,,,,,,,,sirene,
BATELEC,,,a contacter,,,,,,,,,,,,reseaux,,PLOUEDERN,,29,,,,,,,,,,,,,,,,,,,,,,,,,,,,,,,378327332,37832733200029,43.21A,,,,,,,,,,,sirene,
BATELEC,,,a contacter,,,,,,,,,,,,reseaux,,NEUILLY-SUR-MARNE,,93,,,,,,,,,,,,,,,,,,,,,,,,,,,,,,,797413812,79741381200042,43.21A,,,,,,,,,,,sirene,
BATELEC SERVICE ARTISANAT,,,a contacter,,,,,,,,,,,,reseaux,,CELLETTES,,41,,,,,,,,,,,,,,,,,,,,,,,,,,,,,,,479957862,47995786200044,43.21A,,,,,,,,,,,sirene,
BATHELEC,,,a contacter,,,,,,,,,,,,reseaux,,SAINT-DENIS,,93,,,,,,,,,,,,,,,,,,,,,,,,,,,,,,,438765083,43876508300045,43.21A,,,,,,,,,,,sirene,
BATI ECO PLUS,,,a contacter,,,,,,,,,,,,reseaux,,CHATILLON-SUR-CHALARONNE,,01,,,,,,,,,,,,,,,,,,,,,,,,,,,,,,,810183814,81018381400021,43.21A,,,,,,,,,,,sirene,
BATI TECH,,,a contacter,,,,,,,,,,,,reseaux,,MATOURY,,973,,,,,,,,,,,,,,,,,,,,,,,,,,,,,,,403313885,40331388500028,43.21A,,,,,,,,,,,sirene,
BATIMENT SERVICE TRAVAUX PUBLICS,,,a contacter,,,,,,,,,,,,reseaux,,PAU,,64,,,,,,,,,,,,,,,,,,,,,,,,,,,,,,,385010632,38501063200060,42.21Z,,,,,,,,,,,sirene,
BATIROD,,,a contacter,,,,,,,,,,,,reseaux,,PARIS,,75,,,,,,,,,,,,,,,,,,,,,,,,,,,,,,,505106609,50510660900025,43.21A,,,,,,,,,,,sirene,
BATON ET FILS,,,a contacter,,,,,,,,,,,,reseaux,,NEUILLY-SAINT-FRONT,,02,,,,,,,,,,,,,,,,,,,,,,,,,,,,,,,444483374,44448337400013,43.21A,,,,,,,,,,,sirene,
BATY ELEC,,,a contacter,,,,,,,,,,,,reseaux,,CHARMES,,88,,,,,,,,,,,,,,,,,,,,,,,,,,,,,,,493359053,49335905300045,43.21A,,,,,,,,,,,sirene,
BAUCHIERE COULET,,,a contacter,,,,,,,,,,,,reseaux,,MOUANS-SARTOUX,,06,,,,,,,,,,,,,,,,,,,,,,,,,,,,,,,404172884,40417288400029,43.21A,,,,,,,,,,,sirene,
BAUDUCEL RESEAUX SERVICES,,,a contacter,,,,,,,,,,,,reseaux,,LE MANS,,72,,,,,,,,,,,,,,,,,,,,,,,,,,,,,,,889421541,88942154100018,42.22Z,,,,,,,,,,,sirene,
BAUMELEC,,,a contacter,,,,,,,,,,,,reseaux,,PONT-DE-L'ISERE,,26,,,,,,,,,,,,,,,,,,,,,,,,,,,,,,,752391359,75239135900060,43.21A,,,,,,,,,,,sirene,
BAZILE,,,a contacter,,,,,,,,,,,,reseaux,,AIX-EN-PROVENCE,,13,,,,,,,,,,,,,,,,,,,,,,,,,,,,,,,484661434,48466143400031,61.20Z,,,,,,,,,,,sirene,
BBF RESEAUX,,,a contacter,,,,,,,,,,,,reseaux,,LACHASSAGNE,,69,,,,,,,,,,,,,,,,,,,,,,,,,,,,,,,754012953,75401295300016,42.22Z,,,,,,,,,,,sirene,
BC PROCESS,,,a contacter,,,,,,,,,,,,reseaux,,CURGIES,,59,,,,,,,,,,,,,,,,,,,,,,,,,,,,,,,751333030,75133303000029,43.21A,,,,,,,,,,,sirene,
BCE,,,a contacter,,,,,,,,,,,,reseaux,,RIORGES,,42,,,,,,,,,,,,,,,,,,,,,,,,,,,,,,,397834995,39783499500045,61.90Z,,,,,,,,,,,sirene,
BCL TELECOM,,,a contacter,,,,,,,,,,,,reseaux,,NIMES,,30,,,,,,,,,,,,,,,,,,,,,,,,,,,,,,,520144809,52014480900024,61.90Z,,,,,,,,,,,sirene,
BD.COM INGENIERIE,,,a contacter,,,,,,,,,,,,reseaux,,MONTFERMEIL,,93,,,,,,,,,,,,,,,,,,,,,,,,,,,,,,,488747809,48874780900058,43.21A,,,,,,,,,,,sirene,
BDS-ELEC,,,a contacter,,,,,,,,,,,,reseaux,,DRANCY,,93,,,,,,,,,,,,,,,,,,,,,,,,,,,,,,,839095510,83909551000047,43.21A,,,,,,,,,,,sirene,
BDSE,,,a contacter,,,,,,,,,,,,reseaux,,VOREPPE,,38,,,,,,,,,,,,,,,,,,,,,,,,,,,,,,,752508978,75250897800042,43.21A,,,,,,,,,,,sirene,
BE,,,a contacter,,,,,,,,,,,,reseaux,,GRENOBLE,,38,,,,,,,,,,,,,,,,,,,,,,,,,,,,,,,532796331,53279633100017,43.21A,,,,,,,,,,,sirene,
BE GREEN INSTAL,,,a contacter,,,,,,,,,,,,reseaux,,SAINT-HERBLAIN,,44,,,,,,,,,,,,,,,,,,,,,,,,,,,,,,,914117585,91411758500028,43.21A,,,,,,,,,,,sirene,
BE GREEN LINKS,,,a contacter,,,,,,,,,,,,reseaux,,VITRY-SUR-SEINE,,94,,,,,,,,,,,,,,,,,,,,,,,,,,,,,,,852972223,85297222300014,61.90Z,,,,,,,,,,,sirene,
BEAUVAL,,,a contacter,,,,,,,,,,,,reseaux,,EVRY-COURCOURONNES,,91,,,,,,,,,,,,,,,,,,,,,,,,,,,,,,,488233560,48823356000058,42.22Z,,,,,,,,,,,sirene,
BEBIAN ELECTRICITE,,,a contacter,,,,,,,,,,,,reseaux,,POINTE A PITRE,,971,,,,,,,,,,,,,,,,,,,,,,,,,,,,,,,420455123,42045512300018,43.21A,,,,,,,,,,,sirene,
BECHARD,,,a contacter,,,,,,,,,,,,reseaux,,PLAISANCE-DU-TOUCH,,31,,,,,,,,,,,,,,,,,,,,,,,,,,,,,,,393886627,39388662700032,43.21A,,,,,,,,,,,sirene,
BEDECARRATZ,,,a contacter,,,,,,,,,,,,reseaux,,SAINT-PALAIS,,64,,,,,,,,,,,,,,,,,,,,,,,,,,,,,,,811285022,81128502200026,43.21A,,,,,,,,,,,sirene,
BEDIER,,,a contacter,,,,,,,,,,,,reseaux,,SAINT-OUEN-L'AUMONE,,95,,,,,,,,,,,,,,,,,,,,,,,,,,,,,,,316099308,31609930800041,43.21A,,,,,,,,,,,sirene,
BEE,,,a contacter,,,,,,,,,,,,reseaux,,ANNECY,,74,,,,,,,,,,,,,,,,,,,,,,,,,,,,,,,832627210,83262721000020,43.21A,,,,,,,,,,,sirene,
BEE TECHNOLOGY,,,a contacter,,,,,,,,,,,,reseaux,,SAINT-DENIS,,974,,,,,,,,,,,,,,,,,,,,,,,,,,,,,,,507715365,50771536500023,61.90Z,,,,,,,,,,,sirene,
BEGOT ELECTRICITE,,,a contacter,,,,,,,,,,,,reseaux,,SAINT-VALLIER,,26,,,,,,,,,,,,,,,,,,,,,,,,,,,,,,,436280010,43628001000022,43.21A,,,,,,,,,,,sirene,
BEITECH,,,a contacter,,,,,,,,,,,,reseaux,,AIX-EN-PROVENCE,,13,,,,,,,,,,,,,,,,,,,,,,,,,,,,,,,488935214,48893521400020,43.21A,,,,,,,,,,,sirene,
BEKKAR,,,a contacter,,,,,,,,,,,,reseaux,,LE BLANC-MESNIL,,93,,,,,,,,,,,,,,,,,,,,,,,,,,,,,,,877957019,87795701900012,43.21A,,,,,,,,,,,sirene,
BEL ET MORAND TRAVAUX PUBLICS,,,a contacter,,,,,,,,,,,,reseaux,,ALLINGES,,74,,,,,,,,,,,,,,,,,,,,,,,,,,,,,,,323516732,32351673200027,42.21Z,,,,,,,,,,,sirene,
BELLAY EMERAUDE,,,a contacter,,,,,,,,,,,,reseaux,,MINIAC-MORVAN,,35,,,,,,,,,,,,,,,,,,,,,,,,,,,,,,,790906093,79090609300022,43.21A,,,,,,,,,,,sirene,
BELLAY JP RENNES,,,a contacter,,,,,,,,,,,,reseaux,,CHAVAGNE,,35,,,,,,,,,,,,,,,,,,,,,,,,,,,,,,,328357090,32835709000021,43.21A,,,,,,,,,,,sirene,
BELLINA ENTREPRISE,,,a contacter,,,,,,,,,,,,reseaux,,NOYON,,60,,,,,,,,,,,,,,,,,,,,,,,,,,,,,,,751365669,75136566900033,43.21A,,,,,,,,,,,sirene,
BELTRAMONE,,,a contacter,,,,,,,,,,,,reseaux,,VALENSOLE,,04,,,,,,,,,,,,,,,,,,,,,,,,,,,,,,,420594202,42059420200012,43.21A,,,,,,,,,,,sirene,
BENARD FRANCOIS,,,a contacter,,,,,,,,,,,,reseaux,,PHALSBOURG,,57,,,,,,,,,,,,,,,,,,,,,,,,,,,,,,,822365649,82236564900018,43.21A,,,,,,,,,,,sirene,
BENOIT CHEVRIER,,,a contacter,,,,,,,,,,,,reseaux,,CROISILLES,,62,,,,,,,,,,,,,,,,,,,,,,,,,,,,,,,790404156,79040415600024,43.21A,,,,,,,,,,,sirene,
BENOIT LOPEZ (LOPEZ ELEC),,,a contacter,,,,,,,,,,,,reseaux,,ROUBIA,,11,,,,,,,,,,,,,,,,,,,,,,,,,,,,,,,801406968,80140696800017,43.21A,,,,,,,,,,,sirene,
BENS TELECOM & INSTALLATION,,,a contacter,,,,,,,,,,,,reseaux,,TORCY,,77,,,,,,,,,,,,,,,,,,,,,,,,,,,,,,,883415549,88341554900038,43.21A,,,,,,,,,,,sirene,
BENTIN SAS,,,a contacter,,,,,,,,,,,,reseaux,,AULNAY-SOUS-BOIS,,93,,,,,,,,,,,,,,,,,,,,,,,,,,,,,,,598201101,59820110100089,43.21A,,,,,,,,,,,sirene,
BERCET TRAVAUX PUBLICS,,,a contacter,,,,,,,,,,,,reseaux,,VEAUCHE,,42,,,,,,,,,,,,,,,,,,,,,,,,,,,,,,,310145313,31014531300022,42.21Z,,,,,,,,,,,sirene,
BERETTONI ELECTRICITE,,,a contacter,,,,,,,,,,,,reseaux,,SAINT-LAURENT-DU-VAR,,06,,,,,,,,,,,,,,,,,,,,,,,,,,,,,,,380222844,38022284400041,43.21A,,,,,,,,,,,sirene,
BERNARD AUTOMATISME SERVICE,,,a contacter,,,,,,,,,,,,reseaux,,CUGES-LES-PINS,,13,,,,,,,,,,,,,,,,,,,,,,,,,,,,,,,450226659,45022665900024,43.21A,,,,,,,,,,,sirene,
BERNARD BRAIZE,,,a contacter,,,,,,,,,,,,reseaux,,MORZINE,,74,,,,,,,,,,,,,,,,,,,,,,,,,,,,,,,413518093,41351809300021,43.21A,,,,,,,,,,,sirene,
BERNARD DACHE,,,a contacter,,,,,,,,,,,,reseaux,,CREIL,,60,,,,,,,,,,,,,,,,,,,,,,,,,,,,,,,311440523,31144052300042,43.21A,,,,,,,,,,,sirene,
BERNARD ELECTRICITE,,,a contacter,,,,,,,,,,,,reseaux,,ACIGNE,,35,,,,,,,,,,,,,,,,,,,,,,,,,,,,,,,381459825,38145982500026,43.21A,,,,,,,,,,,sirene,
BERNARD FRERES,,,a contacter,,,,,,,,,,,,reseaux,,BOULAZAC ISLE MANOIRE,,24,,,,,,,,,,,,,,,,,,,,,,,,,,,,,,,318199908,31819990800027,43.21A,,,,,,,,,,,sirene,
BERNASCONI TRAVAUX PUBLICS,,,a contacter,,,,,,,,,,,,reseaux,,DOMJEAN,,50,,,,,,,,,,,,,,,,,,,,,,,,,,,,,,,331396002,33139600200015,42.21Z,,,,,,,,,,,sirene,
BERRY SOLAR,,,a contacter,,,,,,,,,,,,reseaux,,CHATEAUROUX,,36,,,,,,,,,,,,,,,,,,,,,,,,,,,,,,,922066626,92206662600065,43.21A,,,,,,,,,,,sirene,
BERTHELOT SAS,,,a contacter,,,,,,,,,,,,reseaux,,VILLABE,,91,,,,,,,,,,,,,,,,,,,,,,,,,,,,,,,393853577,39385357700020,43.21A,,,,,,,,,,,sirene,
BERTHOME FRANCOIS,,,a contacter,,,,,,,,,,,,reseaux,,SAINT-MARTIN-DES-NOYERS,,85,,,,,,,,,,,,,,,,,,,,,,,,,,,,,,,521713669,52171366900013,43.21A,,,,,,,,,,,sirene,
BESSAC TRAVAUX PUBLIC ET CARRIERES,,,a contacter,,,,,,,,,,,,reseaux,,REALMONT,,81,,,,,,,,,,,,,,,,,,,,,,,,,,,,,,,316831197,31683119700017,42.21Z,,,,,,,,,,,sirene,
BESSAT.B ELECTRICITE,,,a contacter,,,,,,,,,,,,reseaux,,DIE,,26,,,,,,,,,,,,,,,,,,,,,,,,,,,,,,,789680410,78968041000014,43.21A,,,,,,,,,,,sirene,
BETOOBE,,,a contacter,,,,,,,,,,,,reseaux,,SAINT-REMY-DE-PROVENCE,,13,,,,,,,,,,,,,,,,,,,,,,,,,,,,,,,843740473,84374047300049,61.90Z,,,,,,,,,,,sirene,
BETTER WAY TP,,,a contacter,,,,,,,,,,,,reseaux,,ROISSY-EN-FRANCE,,95,,,,,,,,,,,,,,,,,,,,,,,,,,,,,,,948112511,94811251100035,42.22Z,,,,,,,,,,,sirene,
BEVELEC,,,a contacter,,,,,,,,,,,,reseaux,,ESLETTES,,76,,,,,,,,,,,,,,,,,,,,,,,,,,,,,,,890277106,89027710600021,43.21A,,,,,,,,,,,sirene,
BEYER ASSAINISSEMENT,,,a contacter,,,,,,,,,,,,reseaux,,BRUMATH,,67,,,,,,,,,,,,,,,,,,,,,,,,,,,,,,,509275954,50927595400014,42.21Z,,,,,,,,,,,sirene,
BEYER PHOTOVOLTAIQUE,,,a contacter,,,,,,,,,,,,reseaux,,ENTZHEIM,,67,,,,,,,,,,,,,,,,,,,,,,,,,,,,,,,420914434,42091443400022,43.21A,,,,,,,,,,,sirene,
BF CONNECTIVITY,,,a contacter,,,,,,,,,,,,reseaux,,BOULOGNE-BILLANCOURT,,92,,,,,,,,,,,,,,,,,,,,,,,,,,,,,,,878088368,87808836800013,43.21A,,,,,,,,,,,sirene,
BFC SOLAIRE,,,a contacter,,,,,,,,,,,,reseaux,,SAULIEU,,21,,,,,,,,,,,,,,,,,,,,,,,,,,,,,,,828051193,82805119300047,43.21A,,,,,,,,,,,sirene,
BGS,,,a contacter,,,,,,,,,,,,reseaux,,TOURNAN-EN-BRIE,,77,,,,,,,,,,,,,,,,,,,,,,,,,,,,,,,488473646,48847364600021,43.21A,,,,,,,,,,,sirene,
BIAELEC - S.E.B.,,,a contacter,,,,,,,,,,,,reseaux,,EYBENS,,38,,,,,,,,,,,,,,,,,,,,,,,,,,,,,,,808860449,80886044900012,43.21A,,,,,,,,,,,sirene,
BIASINI SAE,,,a contacter,,,,,,,,,,,,reseaux,,EYBENS,,38,,,,,,,,,,,,,,,,,,,,,,,,,,,,,,,314925793,31492579300031,42.22Z,,,,,,,,,,,sirene,
BILD RESEAUX LUMIERE,,,a contacter,,,,,,,,,,,,reseaux,,KINGERSHEIM,,68,,,,,,,,,,,,,,,,,,,,,,,,,,,,,,,945752525,94575252500036,42.22Z,,,,,,,,,,,sirene,
BINAIRE TELECOM,,,a contacter,,,,,,,,,,,,reseaux,,MORANGIS,,91,,,,,,,,,,,,,,,,,,,,,,,,,,,,,,,847644127,84764412700031,43.21A,,,,,,,,,,,sirene,
BIO-TECHNOLOGIE SOLUTIONS,,,a contacter,,,,,,,,,,,,reseaux,,VILLENEUVE-LA-GARENNE,,92,,,,,,,,,,,,,,,,,,,,,,,,,,,,,,,530516103,53051610300047,43.21A,,,,,,,,,,,sirene,
BIONAT ENERGIES,,,a contacter,,,,,,,,,,,,reseaux,,EAUBONNE,,95,,,,,,,,,,,,,,,,,,,,,,,,,,,,,,,504616442,50461644200050,43.21A,,,,,,,,,,,sirene,
BIRDZ,,,a contacter,,,,,,,,,,,,reseaux,,SAINT-MAURICE,,94,,,,,,,,,,,,,,,,,,,,,,,,,,,,,,,527758726,52775872600105,61.90Z,,,,,,,,,,,sirene,
BISMELEC GENERALE,,,a contacter,,,,,,,,,,,,reseaux,,ARNOUVILLE,,95,,,,,,,,,,,,,,,,,,,,,,,,,,,,,,,519397335,51939733500042,43.21A,,,,,,,,,,,sirene,
BIVAUD SEBASTIEN,,,a contacter,,,,,,,,,,,,reseaux,,SAINT-PAIR-SUR-MER,,50,,,,,,,,,,,,,,,,,,,,,,,,,,,,,,,828690172,82869017200014,43.21A,,,,,,,,,,,sirene,
BJT PARTNERS,,,a contacter,,,,,,,,,,,,reseaux,,MONTROUGE,,92,,,,,,,,,,,,,,,,,,,,,,,,,,,,,,,480234210,48023421000049,61.10Z,,,,,,,,,,,sirene,
BL ENERGIES,,,a contacter,,,,,,,,,,,,reseaux,,SAINT-DIZIER,,52,,,,,,,,,,,,,,,,,,,,,,,,,,,,,,,514065549,51406554900032,43.21A,,,,,,,,,,,sirene,
BL ENERGIES NORD,,,a contacter,,,,,,,,,,,,reseaux,,LAMBERSART,,59,,,,,,,,,,,,,,,,,,,,,,,,,,,,,,,801319229,80131922900028,43.21A,,,,,,,,,,,sirene,
BLANCHARD ELECTRICITE SA,,,a contacter,,,,,,,,,,,,reseaux,,SAINT-BRICE-COURCELLES,,51,,,,,,,,,,,,,,,,,,,,,,,,,,,,,,,399848738,39984873800015,43.21A,,,,,,,,,,,sirene,
BLANELEC,,,a contacter,,,,,,,,,,,,reseaux,,LES ANGLES,,30,,,,,,,,,,,,,,,,,,,,,,,,,,,,,,,383981222,38398122200029,43.21A,,,,,,,,,,,sirene,
BLB CABLAGE,,,a contacter,,,,,,,,,,,,reseaux,,LANDIVISIAU,,29,,,,,,,,,,,,,,,,,,,,,,,,,,,,,,,508202199,50820219900016,43.21A,,,,,,,,,,,sirene,
BLE,,,a contacter,,,,,,,,,,,,reseaux,,CHAMBRAY-LES-TOURS,,37,,,,,,,,,,,,,,,,,,,,,,,,,,,,,,,489960369,48996036900010,43.21A,,,,,,,,,,,sirene,
BLEU ELECTRIQUE,,,a contacter,,,,,,,,,,,,reseaux,,VILLEURBANNE,,69,,,,,,,,,,,,,,,,,,,,,,,,,,,,,,,400312245,40031224500030,43.21A,,,,,,,,,,,sirene,
BLM PROJETS,,,a contacter,,,,,,,,,,,,reseaux,,PANTIN,,93,,,,,,,,,,,,,,,,,,,,,,,,,,,,,,,893615856,89361585600018,43.21A,,,,,,,,,,,sirene,
BLONDEL ELECTRICITE SAS,,,a contacter,,,,,,,,,,,,reseaux,,GAILLON,,27,,,,,,,,,,,,,,,,,,,,,,,,,,,,,,,812973717,81297371700034,43.21A,,,,,,,,,,,sirene,
BLOT ELECTRICITE,,,a contacter,,,,,,,,,,,,reseaux,,LEULINGHEM,,62,,,,,,,,,,,,,,,,,,,,,,,,,,,,,,,576980114,57698011400036,43.21A,,,,,,,,,,,sirene,
BLS,,,a contacter,,,,,,,,,,,,reseaux,,TRESSES,,33,,,,,,,,,,,,,,,,,,,,,,,,,,,,,,,883964637,88396463700010,43.21A,,,,,,,,,,,sirene,
BLUE,,,a contacter,,,,,,,,,,,,reseaux,,CHATEAUBOURG,,35,,,,,,,,,,,,,,,,,,,,,,,,,,,,,,,483400628,48340062800044,61.10Z,,,,,,,,,,,sirene,
BMK,,,a contacter,,,,,,,,,,,,reseaux,,SARCELLES,,95,,,,,,,,,,,,,,,,,,,,,,,,,,,,,,,828740548,82874054800015,43.21A,,,,,,,,,,,sirene,
BOCQUIER THERMIQUE,,,a contacter,,,,,,,,,,,,reseaux,,LA TOUR-BLANCHE-CERCLES,,24,,,,,,,,,,,,,,,,,,,,,,,,,,,,,,,790070544,79007054400024,43.21A,,,,,,,,,,,sirene,
BOISARD JEAN-PIERRE,,,a contacter,,,,,,,,,,,,reseaux,,LES SABLES D'OLONNE,,85,,,,,,,,,,,,,,,,,,,,,,,,,,,,,,,797490414,79749041400035,43.21A,,,,,,,,,,,sirene,
BOISSOT ELECTRICITE,,,a contacter,,,,,,,,,,,,reseaux,,HASPARREN,,64,,,,,,,,,,,,,,,,,,,,,,,,,,,,,,,488248758,48824875800010,43.21A,,,,,,,,,,,sirene,
BONAZZA,,,a contacter,,,,,,,,,,,,reseaux,,GRENOBLE,,38,,,,,,,,,,,,,,,,,,,,,,,,,,,,,,,403830664,40383066400021,43.21A,,,,,,,,,,,sirene,
BONINI SAS,,,a contacter,,,,,,,,,,,,reseaux,,VINCEY,,88,,,,,,,,,,,,,,,,,,,,,,,,,,,,,,,825650054,82565005400018,42.21Z,,,,,,,,,,,sirene,
BONNA TRAVAUX PRESSION,,,a contacter,,,,,,,,,,,,reseaux,,CONFLANS-SAINTE-HONORINE,,78,,,,,,,,,,,,,,,,,,,,,,,,,,,,,,,537958316,53795831600011,42.21Z,,,,,,,,,,,sirene,
BONNAIRE INDUSTRIE,,,a contacter,,,,,,,,,,,,reseaux,,VEAUCHE,,42,,,,,,,,,,,,,,,,,,,,,,,,,,,,,,,880833082,88083308200014,43.21A,,,,,,,,,,,sirene,
BONNIER FORAGES,,,a contacter,,,,,,,,,,,,reseaux,,LA GUERCHE-DE-BRETAGNE,,35,,,,,,,,,,,,,,,,,,,,,,,,,,,,,,,385329065,38532906500028,42.21Z,,,,,,,,,,,sirene,
BONNOT TRAVAUX DE TELEPHONIE,,,a contacter,,,,,,,,,,,,reseaux,,SAINT-AMAND,,23,,,,,,,,,,,,,,,,,,,,,,,,,,,,,,,510046501,51004650100019,43.21A,,,,,,,,,,,sirene,
BORDERES-SANCHIS,,,a contacter,,,,,,,,,,,,reseaux,,AGDE,,34,,,,,,,,,,,,,,,,,,,,,,,,,,,,,,,389011420,38901142000053,42.22Z,,,,,,,,,,,sirene,
BORDET ELECTRO-THERMIQUE,,,a contacter,,,,,,,,,,,,reseaux,,PLOUGASTEL-DAOULAS,,29,,,,,,,,,,,,,,,,,,,,,,,,,,,,,,,319346334,31934633400034,43.21A,,,,,,,,,,,sirene,
BORGEOT ET FILS,,,a contacter,,,,,,,,,,,,reseaux,,CRECHES-SUR-SAONE,,71,,,,,,,,,,,,,,,,,,,,,,,,,,,,,,,342010204,34201020400010,43.21A,,,,,,,,,,,sirene,
BORNES JPL,,,a contacter,,,,,,,,,,,,reseaux,,ASNIERES-SUR-SEINE,,92,,,,,,,,,,,,,,,,,,,,,,,,,,,,,,,479673527,47967352700020,43.21A,,,,,,,,,,,sirene,
BORTOLUZZI SAS,,,a contacter,,,,,,,,,,,,reseaux,,MUSIEGES,,74,,,,,,,,,,,,,,,,,,,,,,,,,,,,,,,304328370,30432837000016,42.21Z,,,,,,,,,,,sirene,
BOSCHET,,,a contacter,,,,,,,,,,,,reseaux,,SAINTE-BAZEILLE,,47,,,,,,,,,,,,,,,,,,,,,,,,,,,,,,,798848305,79884830500032,43.21A,,,,,,,,,,,sirene,
BOSSARD,,,a contacter,,,,,,,,,,,,reseaux,,LA ROCHE-SUR-YON,,85,,,,,,,,,,,,,,,,,,,,,,,,,,,,,,,422182931,42218293100028,43.21A,,,,,,,,,,,sirene,
BOUCARD TP,,,a contacter,,,,,,,,,,,,reseaux,,VUILLECIN,,25,,,,,,,,,,,,,,,,,,,,,,,,,,,,,,,312140585,31214058500026,42.21Z,,,,,,,,,,,sirene,
BOUCHARDON TP,,,a contacter,,,,,,,,,,,,reseaux,,SAINT-AGREVE,,07,,,,,,,,,,,,,,,,,,,,,,,,,,,,,,,336520234,33652023400012,42.21Z,,,,,,,,,,,sirene,
BOUDON,,,a contacter,,,,,,,,,,,,reseaux,,SAINTE-LIVRADE-SUR-LOT,,47,,,,,,,,,,,,,,,,,,,,,,,,,,,,,,,434356119,43435611900025,43.21A,,,,,,,,,,,sirene,
BOUGAINVILLE LAURENT TUAL,,,a contacter,,,,,,,,,,,,reseaux,,REDON,,35,,,,,,,,,,,,,,,,,,,,,,,,,,,,,,,448786343,44878634300195,61.90Z,,,,,,,,,,,sirene,
BOUISSEREN ,,,a contacter,,,,,,,,,,,,reseaux,,FOURQUES,,30,,,,,,,,,,,,,,,,,,,,,,,,,,,,,,,328307558,32830755800028,42.22Z,,,,,,,,,,,sirene,
BOURBON LUMIERE,,,a contacter,,,,,,,,,,,,reseaux,,SAINT-DENIS,,974,,,,,,,,,,,,,,,,,,,,,,,,,,,,,,,310879713,31087971300074,43.21B,,,,,,,,,,,sirene,
BOURGOGNE FRANCHE COMTE LUMIERE,,,a contacter,,,,,,,,,,,,reseaux,,VIGNOLES,,21,,,,,,,,,,,,,,,,,,,,,,,,,,,,,,,514652296,51465229600039,43.21B,,,,,,,,,,,sirene,
BP ELECTRICITE,,,a contacter,,,,,,,,,,,,reseaux,,LAMPAUL-PLOUDALMEZEAU,,29,,,,,,,,,,,,,,,,,,,,,,,,,,,,,,,842206807,84220680700013,43.21A,,,,,,,,,,,sirene,
BP ELECTRICITE,,,a contacter,,,,,,,,,,,,reseaux,,SAINT-BENOIT,,974,,,,,,,,,,,,,,,,,,,,,,,,,,,,,,,502838477,50283847700011,43.21A,,,,,,,,,,,sirene,
BRAULT 66,,,a contacter,,,,,,,,,,,,reseaux,,PERPIGNAN,,66,,,,,,,,,,,,,,,,,,,,,,,,,,,,,,,523012532,52301253200033,42.21Z,,,,,,,,,,,sirene,
BRAULT MTP,,,a contacter,,,,,,,,,,,,reseaux,,VENDARGUES,,34,,,,,,,,,,,,,,,,,,,,,,,,,,,,,,,788612752,78861275200014,42.21Z,,,,,,,,,,,sirene,
BRAULT TRAVAUX PUBLICS,,,a contacter,,,,,,,,,,,,reseaux,,BEZIERS,,34,,,,,,,,,,,,,,,,,,,,,,,,,,,,,,,308550359,30855035900027,42.21Z,,,,,,,,,,,sirene,
BRES ELECTRICITE,,,a contacter,,,,,,,,,,,,reseaux,,VENASQUE,,84,,,,,,,,,,,,,,,,,,,,,,,,,,,,,,,324457266,32445726600017,43.21A,,,,,,,,,,,sirene,
BREST TELEPHONE,,,a contacter,,,,,,,,,,,,reseaux,,BREST,,29,,,,,,,,,,,,,,,,,,,,,,,,,,,,,,,350272316,35027231600125,61.90Z,,,,,,,,,,,sirene,
BRETAGNE ANTENNES,,,a contacter,,,,,,,,,,,,reseaux,,CAUDAN,,56,,,,,,,,,,,,,,,,,,,,,,,,,,,,,,,393239173,39323917300023,43.21A,,,,,,,,,,,sirene,
BRETAGNE ELECTRICITE ET SERVICES,,,a contacter,,,,,,,,,,,,reseaux,,LE RHEU,,35,,,,,,,,,,,,,,,,,,,,,,,,,,,,,,,448077057,44807705700025,43.21A,,,,,,,,,,,sirene,
BRIES TRAVAUX PUBLICS,,,a contacter,,,,,,,,,,,,reseaux,,CABRIERES-D'AVIGNON,,84,,,,,,,,,,,,,,,,,,,,,,,,,,,,,,,342475811,34247581100010,42.21Z,,,,,,,,,,,sirene,
BROCHIER SOLUTIONS ELECTRIQUES,,,a contacter,,,,,,,,,,,,reseaux,,CALUIRE-ET-CUIRE,,69,,,,,,,,,,,,,,,,,,,,,,,,,,,,,,,802502872,80250287200020,43.21A,,,,,,,,,,,sirene,
BRONZO T.P.,,,a contacter,,,,,,,,,,,,reseaux,,LA CIOTAT,,13,,,,,,,,,,,,,,,,,,,,,,,,,,,,,,,501656573,50165657300018,42.21Z,,,,,,,,,,,sirene,
BROUSSE ET FILS,,,a contacter,,,,,,,,,,,,reseaux,,CAVAGNAC,,46,,,,,,,,,,,,,,,,,,,,,,,,,,,,,,,641650148,64165014800035,42.21Z,,,,,,,,,,,sirene,
BROUSSY ENERGIES,,,a contacter,,,,,,,,,,,,reseaux,,MAYRAN,,12,,,,,,,,,,,,,,,,,,,,,,,,,,,,,,,493872097,49387209700032,43.21A,,,,,,,,,,,sirene,
BRUN TP,,,a contacter,,,,,,,,,,,,reseaux,,SAHUNE,,26,,,,,,,,,,,,,,,,,,,,,,,,,,,,,,,832120380,83212038000015,42.21Z,,,,,,,,,,,sirene,
BRUNELEC,,,a contacter,,,,,,,,,,,,reseaux,,CHESSY,,77,,,,,,,,,,,,,,,,,,,,,,,,,,,,,,,393055942,39305594200030,43.21A,,,,,,,,,,,sirene,
BRUNO LEDRAPPIER,,,a contacter,,,,,,,,,,,,reseaux,,CLAIROIX,,60,,,,,,,,,,,,,,,,,,,,,,,,,,,,,,,503428930,50342893000013,43.21A,,,,,,,,,,,sirene,
BS PLUS BUREAUTIQUE SERVICES PLUS,,,a contacter,,,,,,,,,,,,reseaux,,REDON,,35,,,,,,,,,,,,,,,,,,,,,,,,,,,,,,,381794676,38179467600233,61.90Z,,,,,,,,,,,sirene,
BSE BAUCHET STEVE ELECTRICITE,,,a contacter,,,,,,,,,,,,reseaux,,GRIMAUD,,83,,,,,,,,,,,,,,,,,,,,,,,,,,,,,,,838001378,83800137800028,43.21A,,,,,,,,,,,sirene,
BSO NETWORK SOLUTIONS,,,a contacter,,,,,,,,,,,,reseaux,,PARIS,,75,,,,,,,,,,,,,,,,,,,,,,,,,,,,,,,452456585,45245658500069,61.10Z,,,,,,,,,,,sirene,
BT FRANCE,,,a contacter,,,,,,,,,,,,reseaux,,PUTEAUX,,92,,,,,,,,,,,,,,,,,,,,,,,,,,,,,,,702032145,70203214500162,61.10Z,,,,,,,,,,,sirene,
BT TECHNOLOGIES,,,a contacter,,,,,,,,,,,,reseaux,,MONTBOUCHER-SUR-JABRON,,26,,,,,,,,,,,,,,,,,,,,,,,,,,,,,,,853538254,85353825400030,43.21A,,,,,,,,,,,sirene,
BT TRAVAUX,,,a contacter,,,,,,,,,,,,reseaux,,LOUVIERS,,27,,,,,,,,,,,,,,,,,,,,,,,,,,,,,,,843208406,84320840600028,43.21A,,,,,,,,,,,sirene,
BTB FIBER,,,a contacter,,,,,,,,,,,,reseaux,,DRAVEIL,,91,,,,,,,,,,,,,,,,,,,,,,,,,,,,,,,891870156,89187015600025,43.21A,,,,,,,,,,,sirene,
BTB GENIE ELECTRIQUE & SERVICES,,,a contacter,,,,,,,,,,,,reseaux,,MORANGIS,,91,,,,,,,,,,,,,,,,,,,,,,,,,,,,,,,414894857,41489485700039,43.21A,,,,,,,,,,,sirene,
BTB INDUSTRIE,,,a contacter,,,,,,,,,,,,reseaux,,GENNEVILLIERS,,92,,,,,,,,,,,,,,,,,,,,,,,,,,,,,,,503675829,50367582900025,43.21A,,,,,,,,,,,sirene,
BTP CHARVET,,,a contacter,,,,,,,,,,,,reseaux,,BIZONNES,,38,,,,,,,,,,,,,,,,,,,,,,,,,,,,,,,429053523,42905352300016,42.21Z,,,,,,,,,,,sirene,
BUREAU,,,a contacter,,,,,,,,,,,,reseaux,,LOUVIERS,,27,,,,,,,,,,,,,,,,,,,,,,,,,,,,,,,518193024,51819302400024,43.21A,,,,,,,,,,,sirene,
BUREAU DE SECURITE DE L HABITAT,,,a contacter,,,,,,,,,,,,reseaux,,L'UNION,,31,,,,,,,,,,,,,,,,,,,,,,,,,,,,,,,751372889,75137288900020,43.21A,,,,,,,,,,,sirene,
BUREAU ENTREPRISE,,,a contacter,,,,,,,,,,,,reseaux,,EGLY,,91,,,,,,,,,,,,,,,,,,,,,,,,,,,,,,,452752173,45275217300024,43.21A,,,,,,,,,,,sirene,
BURLET - ROBIN,,,a contacter,,,,,,,,,,,,reseaux,,CHATEAUBOURG,,07,,,,,,,,,,,,,,,,,,,,,,,,,,,,,,,500083209,50008320900030,43.21A,,,,,,,,,,,sirene,
BV SCOP,,,a contacter,,,,,,,,,,,,reseaux,,PAMIERS,,09,,,,,,,,,,,,,,,,,,,,,,,,,,,,,,,388293599,38829359900014,42.22Z,,,,,,,,,,,sirene,
BVS,,,a contacter,,,,,,,,,,,,reseaux,,HAUTEVILLE-LES-DIJON,,21,,,,,,,,,,,,,,,,,,,,,,,,,,,,,,,382843191,38284319100034,43.21A,,,,,,,,,,,sirene,
BWTS FRANCE,,,a contacter,,,,,,,,,,,,reseaux,,RIVERY,,80,,,,,,,,,,,,,,,,,,,,,,,,,,,,,,,883288102,88328810200022,42.22Z,,,,,,,,,,,sirene,
BYON,,,a contacter,,,,,,,,,,,,reseaux,,SAINT-GERMAIN-EN-LAYE,,78,,,,,,,,,,,,,,,,,,,,,,,,,,,,,,,841658040,84165804000016,42.22Z,,,,,,,,,,,sirene,
BYON CONNECT,,,a contacter,,,,,,,,,,,,reseaux,,SAINT-GERMAIN-EN-LAYE,,78,,,,,,,,,,,,,,,,,,,,,,,,,,,,,,,903832061,90383206100019,61.90Z,,,,,,,,,,,sirene,
C - MAFIBRE,,,a contacter,,,,,,,,,,,,reseaux,,MONTFERMEIL,,93,,,,,,,,,,,,,,,,,,,,,,,,,,,,,,,840533822,84053382200010,43.21A,,,,,,,,,,,sirene,
C 2 C,,,a contacter,,,,,,,,,,,,reseaux,,VILLEPINTE,,93,,,,,,,,,,,,,,,,,,,,,,,,,,,,,,,410455372,41045537200087,43.21A,,,,,,,,,,,sirene,
C P T E CONSEIL,,,a contacter,,,,,,,,,,,,reseaux,,COLLEGIEN,,77,,,,,,,,,,,,,,,,,,,,,,,,,,,,,,,792063125,79206312500043,43.21A,,,,,,,,,,,sirene,
C S K BAT,,,a contacter,,,,,,,,,,,,reseaux,,TREMBLAY-EN-FRANCE,,93,,,,,,,,,,,,,,,,,,,,,,,,,,,,,,,817485022,81748502200021,43.21A,,,,,,,,,,,sirene,
C V T E L,,,a contacter,,,,,,,,,,,,reseaux,,LIVRY-GARGAN,,93,,,,,,,,,,,,,,,,,,,,,,,,,,,,,,,421614652,42161465200038,43.21A,,,,,,,,,,,sirene,
C'CHARTRES INNOVATIONS NUMERIQUES,,,a contacter,,,,,,,,,,,,reseaux,,CHARTRES,,28,,,,,,,,,,,,,,,,,,,,,,,,,,,,,,,815389481,81538948100020,61.10Z,,,,,,,,,,,sirene,
C'EST A EUX,,,a contacter,,,,,,,,,,,,reseaux,,MARSEILLE,,13,,,,,,,,,,,,,,,,,,,,,,,,,,,,,,,977916873,97791687300010,43.21A,,,,,,,,,,,sirene,
C-CAR,,,a contacter,,,,,,,,,,,,reseaux,,RESSONS-SUR-MATZ,,60,,,,,,,,,,,,,,,,,,,,,,,,,,,,,,,817939440,81793944000035,43.21A,,,,,,,,,,,sirene,
C.D.E.,,,a contacter,,,,,,,,,,,,reseaux,,AURILLAC,,15,,,,,,,,,,,,,,,,,,,,,,,,,,,,,,,487716789,48771678900010,42.22Z,,,,,,,,,,,sirene,
C.E.L. FRANCE,,,a contacter,,,,,,,,,,,,reseaux,,ALES,,30,,,,,,,,,,,,,,,,,,,,,,,,,,,,,,,410748875,41074887500011,42.22Z,,,,,,,,,,,sirene,
C.G. GODRIE,,,a contacter,,,,,,,,,,,,reseaux,,BRESSUIRE,,79,,,,,,,,,,,,,,,,,,,,,,,,,,,,,,,445038177,44503817700025,43.21A,,,,,,,,,,,sirene,
C.G.E,,,a contacter,,,,,,,,,,,,reseaux,,GHISONACCIA,,2B,,,,,,,,,,,,,,,,,,,,,,,,,,,,,,,754076966,75407696600011,43.21A,,,,,,,,,,,sirene,
C.I.E.M.A.,,,a contacter,,,,,,,,,,,,reseaux,,ROUVROY,,62,,,,,,,,,,,,,,,,,,,,,,,,,,,,,,,351764519,35176451900036,43.21A,,,,,,,,,,,sirene,
C.L.R,,,a contacter,,,,,,,,,,,,reseaux,,CHANAS,,38,,,,,,,,,,,,,,,,,,,,,,,,,,,,,,,433567070,43356707000027,43.21A,,,,,,,,,,,sirene,
C.O.A,,,a contacter,,,,,,,,,,,,reseaux,,SAZE,,30,,,,,,,,,,,,,,,,,,,,,,,,,,,,,,,752989939,75298993900059,43.21A,,,,,,,,,,,sirene,
C.S.T. ELECTRICITE  COORDINATION ET SUIVI DES TRAVAUX EN ELECTRICITE,,,a contacter,,,,,,,,,,,,reseaux,,BOUC-BEL-AIR,,13,,,,,,,,,,,,,,,,,,,,,,,,,,,,,,,509820601,50982060100045,43.21A,,,,,,,,,,,sirene,
C2FI - COURANT FORT/FAIBLE ET INCENDIE,,,a contacter,,,,,,,,,,,,reseaux,,CHANTELOUP-EN-BRIE,,77,,,,,,,,,,,,,,,,,,,,,,,,,,,,,,,538223884,53822388400015,43.21A,,,,,,,,,,,sirene,
C3SI,,,a contacter,,,,,,,,,,,,reseaux,,TROYES,,10,,,,,,,,,,,,,,,,,,,,,,,,,,,,,,,414723544,41472354400063,43.21A,,,,,,,,,,,sirene,
CA-TH-AR CANAL TRAV HYDRAU AMENA ROUTIER,,,a contacter,,,,,,,,,,,,reseaux,,NARBONNE,,11,,,,,,,,,,,,,,,,,,,,,,,,,,,,,,,378162952,37816295200014,42.21Z,,,,,,,,,,,sirene,
CA2G,,,a contacter,,,,,,,,,,,,reseaux,,CHAMPIGNY-SUR-MARNE,,94,,,,,,,,,,,,,,,,,,,,,,,,,,,,,,,393696349,39369634900025,43.21A,,,,,,,,,,,sirene,
CABAXTEL,,,a contacter,,,,,,,,,,,,reseaux,,COLLONGES-AU-MONT-D'OR,,69,,,,,,,,,,,,,,,,,,,,,,,,,,,,,,,450217435,45021743500160,61.90Z,,,,,,,,,,,sirene,
CABELECS,,,a contacter,,,,,,,,,,,,reseaux,,ANZIN,,59,,,,,,,,,,,,,,,,,,,,,,,,,,,,,,,908916109,90891610900014,43.21A,,,,,,,,,,,sirene,
CABINET ETUDES & REALISATIONS TECHNIQUES,,,a contacter,,,,,,,,,,,,reseaux,,BURNHAUPT-LE-HAUT,,68,,,,,,,,,,,,,,,,,,,,,,,,,,,,,,,947352100,94735210000038,43.21A,,,,,,,,,,,sirene,
CABLAGE OCCITAN,,,a contacter,,,,,,,,,,,,reseaux,,COLOMIERS,,31,,,,,,,,,,,,,,,,,,,,,,,,,,,,,,,523005072,52300507200039,43.21A,,,,,,,,,,,sirene,
CABLEA,,,a contacter,,,,,,,,,,,,reseaux,,DIVES-SUR-MER,,14,,,,,,,,,,,,,,,,,,,,,,,,,,,,,,,789350204,78935020400036,43.21A,,,,,,,,,,,sirene,
CABLECOM,,,a contacter,,,,,,,,,,,,reseaux,,FONTENAY-SOUS-BOIS,,94,,,,,,,,,,,,,,,,,,,,,,,,,,,,,,,775693765,77569376500130,61.10Z,,,,,,,,,,,sirene,
CABLEO,,,a contacter,,,,,,,,,,,,reseaux,,IFS,,14,,,,,,,,,,,,,,,,,,,,,,,,,,,,,,,824666804,82466680400029,43.21A,,,,,,,,,,,sirene,
CABLEX,,,a contacter,,,,,,,,,,,,reseaux,,GARGES-LES-GONESSE,,95,,,,,,,,,,,,,,,,,,,,,,,,,,,,,,,888961117,88896111700023,43.21A,,,,,,,,,,,sirene,
CABLINFO CONCEPT,,,a contacter,,,,,,,,,,,,reseaux,,SAINT-LAURENT-DU-VAR,,06,,,,,,,,,,,,,,,,,,,,,,,,,,,,,,,431474634,43147463400026,43.21A,,,,,,,,,,,sirene,
CABLING SYSTEM,,,a contacter,,,,,,,,,,,,reseaux,,VILLENEUVE-LA-GARENNE,,92,,,,,,,,,,,,,,,,,,,,,,,,,,,,,,,498869379,49886937900046,43.21A,,,,,,,,,,,sirene,
CADIEU FABIEN,,,a contacter,,,,,,,,,,,,reseaux,,CHARNIZAY,,37,,,,,,,,,,,,,,,,,,,,,,,,,,,,,,,921540753,92154075300016,43.21A,,,,,,,,,,,sirene,
CAILLE,,,a contacter,,,,,,,,,,,,reseaux,,BAPAUME,,62,,,,,,,,,,,,,,,,,,,,,,,,,,,,,,,433441953,43344195300042,43.21A,,,,,,,,,,,sirene,
CALASYS,,,a contacter,,,,,,,,,,,,reseaux,,RILLIEUX-LA-PAPE,,69,,,,,,,,,,,,,,,,,,,,,,,,,,,,,,,444003610,44400361000037,43.21A,,,,,,,,,,,sirene,
CALISUN,,,a contacter,,,,,,,,,,,,reseaux,,SCHILTIGHEIM,,67,,,,,,,,,,,,,,,,,,,,,,,,,,,,,,,953355864,95335586400018,43.21A,,,,,,,,,,,sirene,
CALVO,,,a contacter,,,,,,,,,,,,reseaux,,TARASCON,,13,,,,,,,,,,,,,,,,,,,,,,,,,,,,,,,376720082,37672008200043,43.21A,,,,,,,,,,,sirene,
CAMBRIL CYRIL,,,a contacter,,,,,,,,,,,,reseaux,,L'ILE-D'OLONNE,,85,,,,,,,,,,,,,,,,,,,,,,,,,,,,,,,813273083,81327308300010,43.21A,,,,,,,,,,,sirene,
CAMILLINI,,,a contacter,,,,,,,,,,,,reseaux,,SAINTE-MARIE-AUX-CHENES,,57,,,,,,,,,,,,,,,,,,,,,,,,,,,,,,,812207595,81220759500032,43.21A,,,,,,,,,,,sirene,
CANAL + TELECOM,,,a contacter,,,,,,,,,,,,reseaux,,BAIE MAHAULT,,971,,,,,,,,,,,,,,,,,,,,,,,,,,,,,,,351555792,35155579200214,61.10Z,,,,,,,,,,,sirene,
CANALISATION TRAVAUX PUBLICS DU LITTORAL,,,a contacter,,,,,,,,,,,,reseaux,,LE BROC,,06,,,,,,,,,,,,,,,,,,,,,,,,,,,,,,,319581583,31958158300022,42.21Z,,,,,,,,,,,sirene,
CANALISATIONS SOUTERRAINES,,,a contacter,,,,,,,,,,,,reseaux,,VILLENAVE-D'ORNON,,33,,,,,,,,,,,,,,,,,,,,,,,,,,,,,,,470203316,47020331600026,42.21Z,,,,,,,,,,,sirene,
CANALISATIONS TRAVAUX PUBLICS SOCATP,,,a contacter,,,,,,,,,,,,reseaux,,SAINT-PALAIS,,64,,,,,,,,,,,,,,,,,,,,,,,,,,,,,,,382839066,38283906600018,42.21Z,,,,,,,,,,,sirene,
CANAOUEST,,,a contacter,,,,,,,,,,,,reseaux,,NEUVILLE-SUR-SARTHE,,72,,,,,,,,,,,,,,,,,,,,,,,,,,,,,,,423214501,42321450100011,42.21Z,,,,,,,,,,,sirene,
CANAS,,,a contacter,,,,,,,,,,,,reseaux,,LES MUREAUX,,78,,,,,,,,,,,,,,,,,,,,,,,,,,,,,,,820583623,82058362300013,42.22Z,,,,,,,,,,,sirene,
CANDELE,,,a contacter,,,,,,,,,,,,reseaux,,SOLIERS,,14,,,,,,,,,,,,,,,,,,,,,,,,,,,,,,,397500299,39750029900011,43.21A,,,,,,,,,,,sirene,
CANNES ANTIBES NICE BATIMENT,,,a contacter,,,,,,,,,,,,reseaux,,NICE,,06,,,,,,,,,,,,,,,,,,,,,,,,,,,,,,,401845938,40184593800042,43.21A,,,,,,,,,,,sirene,
CANNOISE MODERN ELECTRIC,,,a contacter,,,,,,,,,,,,reseaux,,MOUGINS,,06,,,,,,,,,,,,,,,,,,,,,,,,,,,,,,,314468083,31446808300063,43.21A,,,,,,,,,,,sirene,
CANTI - CEGELEC AUVERGNE NORD TERTIAIRE ET INDUSTRIE,,,a contacter,,,,,,,,,,,,reseaux,,MONTLUCON,,03,,,,,,,,,,,,,,,,,,,,,,,,,,,,,,,537934283,53793428300079,43.21A,,,,,,,,,,,sirene,
CAP REA,,,a contacter,,,,,,,,,,,,reseaux,,CHASSENEUIL-DU-POITOU,,86,,,,,,,,,,,,,,,,,,,,,,,,,,,,,,,791412661,79141266100047,43.21A,,,,,,,,,,,sirene,
CAP'ELEC ENERGIES,,,a contacter,,,,,,,,,,,,reseaux,,TRELISSAC,,24,,,,,,,,,,,,,,,,,,,,,,,,,,,,,,,791097967,79109796700032,43.21A,,,,,,,,,,,sirene,
CAP'SOLAR,,,a contacter,,,,,,,,,,,,reseaux,,CHATEAUNEUF,,85,,,,,,,,,,,,,,,,,,,,,,,,,,,,,,,489307330,48930733000022,43.21A,,,,,,,,,,,sirene,
CAPARROS ELECTRICITE,,,a contacter,,,,,,,,,,,,reseaux,,PEYRUIS,,04,,,,,,,,,,,,,,,,,,,,,,,,,,,,,,,378552012,37855201200015,43.21A,,,,,,,,,,,sirene,
CAPCONFORT,,,a contacter,,,,,,,,,,,,reseaux,,BIHOREL,,76,,,,,,,,,,,,,,,,,,,,,,,,,,,,,,,752030452,75203045200037,43.21A,,,,,,,,,,,sirene,
CAPE 38,,,a contacter,,,,,,,,,,,,reseaux,,VIF,,38,,,,,,,,,,,,,,,,,,,,,,,,,,,,,,,494389497,49438949700020,43.21A,,,,,,,,,,,sirene,
CAPET,,,a contacter,,,,,,,,,,,,reseaux,,LAHONCE,,64,,,,,,,,,,,,,,,,,,,,,,,,,,,,,,,312057110,31205711000040,43.21A,,,,,,,,,,,sirene,
CAPRELEC,,,a contacter,,,,,,,,,,,,reseaux,,BOUILLANTE,,971,,,,,,,,,,,,,,,,,,,,,,,,,,,,,,,390639789,39063978900010,43.21A,,,,,,,,,,,sirene,
CAPTELECOM,,,a contacter,,,,,,,,,,,,reseaux,,OLLAINVILLE,,91,,,,,,,,,,,,,,,,,,,,,,,,,,,,,,,950563312,95056331200061,43.21A,,,,,,,,,,,sirene,
CARAIBES CABLING SERVICES,,,a contacter,,,,,,,,,,,,reseaux,,BAIE-MAHAULT,,971,,,,,,,,,,,,,,,,,,,,,,,,,,,,,,,521825398,52182539800014,43.21A,,,,,,,,,,,sirene,
CARE RESEAUX,,,a contacter,,,,,,,,,,,,reseaux,,BONDY,,93,,,,,,,,,,,,,,,,,,,,,,,,,,,,,,,518455175,51845517500027,43.21A,,,,,,,,,,,sirene,
CARELEC,,,a contacter,,,,,,,,,,,,reseaux,,VAL-DE-REUIL,,27,,,,,,,,,,,,,,,,,,,,,,,,,,,,,,,387880602,38788060200025,43.21A,,,,,,,,,,,sirene,
CARELEC,,,a contacter,,,,,,,,,,,,reseaux,,INCHY-EN-ARTOIS,,62,,,,,,,,,,,,,,,,,,,,,,,,,,,,,,,509843629,50984362900023,43.21A,,,,,,,,,,,sirene,
CARMINATI FRERES ET CIE,,,a contacter,,,,,,,,,,,,reseaux,,SAINT-PAUL-LES-FONTS,,30,,,,,,,,,,,,,,,,,,,,,,,,,,,,,,,670201128,67020112800014,42.21Z,,,,,,,,,,,sirene,
CARON ENTREPRISE,,,a contacter,,,,,,,,,,,,reseaux,,SAINT-AMAND-LES-EAUX,,59,,,,,,,,,,,,,,,,,,,,,,,,,,,,,,,343093142,34309314200010,43.21A,,,,,,,,,,,sirene,
CARRE CONCEPT,,,a contacter,,,,,,,,,,,,reseaux,,SAINT-MARCEL-LES-VALENCE,,26,,,,,,,,,,,,,,,,,,,,,,,,,,,,,,,889238127,88923812700035,61.10Z,,,,,,,,,,,sirene,
CARRERE,,,a contacter,,,,,,,,,,,,reseaux,,MAUVEZIN,,32,,,,,,,,,,,,,,,,,,,,,,,,,,,,,,,321561011,32156101100040,42.21Z,,,,,,,,,,,sirene,
CARRION TRAVAUX PUBLICS,,,a contacter,,,,,,,,,,,,reseaux,,VAULX-EN-VELIN,,69,,,,,,,,,,,,,,,,,,,,,,,,,,,,,,,399601947,39960194700027,42.21Z,,,,,,,,,,,sirene,
CART'ELEC,,,a contacter,,,,,,,,,,,,reseaux,,ROQUEFORT-SUR-SOULZON,,12,,,,,,,,,,,,,,,,,,,,,,,,,,,,,,,523929305,52392930500036,43.21A,,,,,,,,,,,sirene,
CASA ELEC,,,a contacter,,,,,,,,,,,,reseaux,,MAROLLES-SUR-SEINE,,77,,,,,,,,,,,,,,,,,,,,,,,,,,,,,,,483958278,48395827800036,43.21A,,,,,,,,,,,sirene,
CASA PIVERT SAS,,,a contacter,,,,,,,,,,,,reseaux,,MONTPELLIER,,34,,,,,,,,,,,,,,,,,,,,,,,,,,,,,,,901365007,90136500700029,43.21A,,,,,,,,,,,sirene,
CASSAGNE ELECTRICITE ET TRAVAUX PUBLICS,,,a contacter,,,,,,,,,,,,reseaux,,SAINT-GAUDENS,,31,,,,,,,,,,,,,,,,,,,,,,,,,,,,,,,302656442,30265644200019,42.22Z,,,,,,,,,,,sirene,
CASTEL PERE ET FILS,,,a contacter,,,,,,,,,,,,reseaux,,SAINT-FLOUR,,15,,,,,,,,,,,,,,,,,,,,,,,,,,,,,,,335106126,33510612600022,42.21Z,,,,,,,,,,,sirene,
CASTRES EQUIPEMENT,,,a contacter,,,,,,,,,,,,reseaux,,SAINT-ETIENNE-DU-ROUVRAY,,76,,,,,,,,,,,,,,,,,,,,,,,,,,,,,,,519085971,51908597100066,43.21A,,,,,,,,,,,sirene,
CAT,,,a contacter,,,,,,,,,,,,reseaux,,PORT-MORT,,27,,,,,,,,,,,,,,,,,,,,,,,,,,,,,,,401923859,40192385900037,61.20Z,,,,,,,,,,,sirene,
CATESIS,,,a contacter,,,,,,,,,,,,reseaux,,GOUSSAINVILLE,,95,,,,,,,,,,,,,,,,,,,,,,,,,,,,,,,807601331,80760133100042,42.22Z,,,,,,,,,,,sirene,
CAUM,,,a contacter,,,,,,,,,,,,reseaux,,LESCAR,,64,,,,,,,,,,,,,,,,,,,,,,,,,,,,,,,502198856,50219885600044,42.22Z,,,,,,,,,,,sirene,
CAUSSELEC,,,a contacter,,,,,,,,,,,,reseaux,,BESSAN,,34,,,,,,,,,,,,,,,,,,,,,,,,,,,,,,,432080364,43208036400024,43.21A,,,,,,,,,,,sirene,
CAVENCO,,,a contacter,,,,,,,,,,,,reseaux,,PORTET-SUR-GARONNE,,31,,,,,,,,,,,,,,,,,,,,,,,,,,,,,,,834296972,83429697200021,43.21A,,,,,,,,,,,sirene,
CAYROL INTERNATIONAL,,,a contacter,,,,,,,,,,,,reseaux,,ARGENTINE,,73,,,,,,,,,,,,,,,,,,,,,,,,,,,,,,,329121230,32912123000018,42.22Z,,,,,,,,,,,sirene,
CAZEAUX ELECTRICITE,,,a contacter,,,,,,,,,,,,reseaux,,COUBLEVIE,,38,,,,,,,,,,,,,,,,,,,,,,,,,,,,,,,423248293,42324829300049,43.21A,,,,,,,,,,,sirene,
CB ENERGIE,,,a contacter,,,,,,,,,,,,reseaux,,GOND PONTOUVRE,,16,,,,,,,,,,,,,,,,,,,,,,,,,,,,,,,792849895,79284989500026,43.21A,,,,,,,,,,,sirene,
CCE,,,a contacter,,,,,,,,,,,,reseaux,,CLERMONT-FERRAND,,63,,,,,,,,,,,,,,,,,,,,,,,,,,,,,,,488009689,48800968900016,43.21A,,,,,,,,,,,sirene,
CD ELEC,,,a contacter,,,,,,,,,,,,reseaux,,GUENANGE,,57,,,,,,,,,,,,,,,,,,,,,,,,,,,,,,,482720844,48272084400026,43.21A,,,,,,,,,,,sirene,
CD'ELEC,,,a contacter,,,,,,,,,,,,reseaux,,PARAY-LE-MONIAL,,71,,,,,,,,,,,,,,,,,,,,,,,,,,,,,,,433000239,43300023900023,43.21A,,,,,,,,,,,sirene,
CDE,,,a contacter,,,,,,,,,,,,reseaux,,ALBY-SUR-CHERAN,,74,,,,,,,,,,,,,,,,,,,,,,,,,,,,,,,350372512,35037251200037,43.21A,,,,,,,,,,,sirene,
CDH,,,a contacter,,,,,,,,,,,,reseaux,,GUEMENE-PENFAO,,44,,,,,,,,,,,,,,,,,,,,,,,,,,,,,,,437749229,43774922900047,43.21A,,,,,,,,,,,sirene,
CDX TELECOM,,,a contacter,,,,,,,,,,,,reseaux,,CHAMPS-SUR-MARNE,,77,,,,,,,,,,,,,,,,,,,,,,,,,,,,,,,797828290,79782829000024,61.90Z,,,,,,,,,,,sirene,
CECCON BTP,,,a contacter,,,,,,,,,,,,reseaux,,POISY,,74,,,,,,,,,,,,,,,,,,,,,,,,,,,,,,,518989678,51898967800033,42.22Z,,,,,,,,,,,sirene,
CEDES SARL,,,a contacter,,,,,,,,,,,,reseaux,,L'UNION,,31,,,,,,,,,,,,,,,,,,,,,,,,,,,,,,,403136138,40313613800050,43.21A,,,,,,,,,,,sirene,
CEE ALLIER,,,a contacter,,,,,,,,,,,,reseaux,,YZEURE,,03,,,,,,,,,,,,,,,,,,,,,,,,,,,,,,,439487786,43948778600030,43.21B,,,,,,,,,,,sirene,
CEE CARAIBES,,,a contacter,,,,,,,,,,,,reseaux,,LES ABYMES,,971,,,,,,,,,,,,,,,,,,,,,,,,,,,,,,,448760363,44876036300011,43.21A,,,,,,,,,,,sirene,
CEE MARTINIQUE,,,a contacter,,,,,,,,,,,,reseaux,,DUCOS,,972,,,,,,,,,,,,,,,,,,,,,,,,,,,,,,,434085155,43408515500027,43.21A,,,,,,,,,,,sirene,
CEFEGE (CONCEPTION ETUDE DU FLUX ET ELECTRICITE GENERALE),,,a contacter,,,,,,,,,,,,reseaux,,MATOURY,,973,,,,,,,,,,,,,,,,,,,,,,,,,,,,,,,803319698,80331969800012,43.21A,,,,,,,,,,,sirene,
CEG ELECTRICITE,,,a contacter,,,,,,,,,,,,reseaux,,GRIMAUD,,83,,,,,,,,,,,,,,,,,,,,,,,,,,,,,,,843758921,84375892100020,43.21A,,,,,,,,,,,sirene,
CEGELEC ALSACE,,,a contacter,,,,,,,,,,,,reseaux,,ILLKIRCH-GRAFFENSTADEN,,67,,,,,,,,,,,,,,,,,,,,,,,,,,,,,,,834032336,83403233600028,43.21A,,,,,,,,,,,sirene,
CEGELEC AMIENS,,,a contacter,,,,,,,,,,,,reseaux,,GLISY,,80,,,,,,,,,,,,,,,,,,,,,,,,,,,,,,,537915423,53791542300033,43.21A,,,,,,,,,,,sirene,
CEGELEC AQUITAINE TERTIAIRE,,,a contacter,,,,,,,,,,,,reseaux,,GRADIGNAN,,33,,,,,,,,,,,,,,,,,,,,,,,,,,,,,,,889982674,88998267400026,43.21A,,,,,,,,,,,sirene,
CEGELEC BORDEAUX,,,a contacter,,,,,,,,,,,,reseaux,,GRADIGNAN,,33,,,,,,,,,,,,,,,,,,,,,,,,,,,,,,,537916363,53791636300105,43.21A,,,,,,,,,,,sirene,
CEGELEC BOURGOGNE,,,a contacter,,,,,,,,,,,,reseaux,,QUETIGNY,,21,,,,,,,,,,,,,,,,,,,,,,,,,,,,,,,537934457,53793445700053,43.21A,,,,,,,,,,,sirene,
CEGELEC CENTRE EST TERTIAIRE SAS,,,a contacter,,,,,,,,,,,,reseaux,,SAINT-MAURICE-DE-BEYNOST,,01,,,,,,,,,,,,,,,,,,,,,,,,,,,,,,,418647335,41864733500094,43.21A,,,,,,,,,,,sirene,
CEGELEC DAUPHINE,,,a contacter,,,,,,,,,,,,reseaux,,ECHIROLLES,,38,,,,,,,,,,,,,,,,,,,,,,,,,,,,,,,537915456,53791545600025,43.21A,,,,,,,,,,,sirene,
CEGELEC DEFENSE,,,a contacter,,,,,,,,,,,,reseaux,,TOULOUSE,,31,,,,,,,,,,,,,,,,,,,,,,,,,,,,,,,537915894,53791589400035,43.21A,,,,,,,,,,,sirene,
CEGELEC ELMO,,,a contacter,,,,,,,,,,,,reseaux,,NEUILLY-PLAISANCE,,93,,,,,,,,,,,,,,,,,,,,,,,,,,,,,,,537915811,53791581100039,43.21A,,,,,,,,,,,sirene,
CEGELEC ENERGIE CENTRE EST,,,a contacter,,,,,,,,,,,,reseaux,,MEYZIEU,,69,,,,,,,,,,,,,,,,,,,,,,,,,,,,,,,537915787,53791578700130,43.21A,,,,,,,,,,,sirene,
CEGELEC FRANCHE-COMTE,,,a contacter,,,,,,,,,,,,reseaux,,ALLENJOIE,,25,,,,,,,,,,,,,,,,,,,,,,,,,,,,,,,537908725,53790872500089,43.21A,,,,,,,,,,,sirene,
CEGELEC GUYANE,,,a contacter,,,,,,,,,,,,reseaux,,MATOURY,,973,,,,,,,,,,,,,,,,,,,,,,,,,,,,,,,349173716,34917371600011,43.21A,,,,,,,,,,,sirene,
CEGELEC HAUTE NORMANDIE,,,a contacter,,,,,,,,,,,,reseaux,,OUDALLE,,76,,,,,,,,,,,,,,,,,,,,,,,,,,,,,,,537915795,53791579500083,43.21A,,,,,,,,,,,sirene,
CEGELEC INDUSTRIE SUD EST,,,a contacter,,,,,,,,,,,,reseaux,,VITROLLES,,13,,,,,,,,,,,,,,,,,,,,,,,,,,,,,,,537915845,53791584500078,43.21A,,,,,,,,,,,sirene,
CEGELEC INFRA BASSIN DE LOIRE,,,a contacter,,,,,,,,,,,,reseaux,,BEAUCOUZE,,49,,,,,,,,,,,,,,,,,,,,,,,,,,,,,,,537916223,53791622300143,42.22Z,,,,,,,,,,,sirene,
CEGELEC INFRA BRETAGNE,,,a contacter,,,,,,,,,,,,reseaux,,LANNION,,22,,,,,,,,,,,,,,,,,,,,,,,,,,,,,,,537874810,53787481000139,43.21A,,,,,,,,,,,sirene,
CEGELEC INFRAS SUD-EST,,,a contacter,,,,,,,,,,,,reseaux,,VITROLLES,,13,,,,,,,,,,,,,,,,,,,,,,,,,,,,,,,537915738,53791573800257,43.21A,,,,,,,,,,,sirene,
CEGELEC LOIRE AUVERGNE,,,a contacter,,,,,,,,,,,,reseaux,,CLERMONT-FERRAND,,63,,,,,,,,,,,,,,,,,,,,,,,,,,,,,,,537915308,53791530800135,43.21A,,,,,,,,,,,sirene,
CEGELEC LOIRE OCEAN,,,a contacter,,,,,,,,,,,,reseaux,,CARQUEFOU,,44,,,,,,,,,,,,,,,,,,,,,,,,,,,,,,,537916165,53791616500112,43.21A,,,,,,,,,,,sirene,
CEGELEC LORRAINE ALSACE,,,a contacter,,,,,,,,,,,,reseaux,,LAXOU,,54,,,,,,,,,,,,,,,,,,,,,,,,,,,,,,,537908659,53790865900023,43.21A,,,,,,,,,,,sirene,
CEGELEC MANCHE,,,a contacter,,,,,,,,,,,,reseaux,,GRANVILLE,,50,,,,,,,,,,,,,,,,,,,,,,,,,,,,,,,537915449,53791544900046,42.22Z,,,,,,,,,,,sirene,
CEGELEC MEDITERRANEE,,,a contacter,,,,,,,,,,,,reseaux,,PERPIGNAN,,66,,,,,,,,,,,,,,,,,,,,,,,,,,,,,,,537915670,53791567000021,43.21A,,,,,,,,,,,sirene,
CEGELEC MISSENARD,,,a contacter,,,,,,,,,,,,reseaux,,CLICHY,,92,,,,,,,,,,,,,,,,,,,,,,,,,,,,,,,537934002,53793400200065,43.21A,,,,,,,,,,,sirene,
CEGELEC MOBILITY,,,a contacter,,,,,,,,,,,,reseaux,,JONAGE,,69,,,,,,,,,,,,,,,,,,,,,,,,,,,,,,,537908311,53790831100047,43.21A,,,,,,,,,,,sirene,
CEGELEC NORD INDUSTRIE,,,a contacter,,,,,,,,,,,,reseaux,,GRANDE-SYNTHE,,59,,,,,,,,,,,,,,,,,,,,,,,,,,,,,,,537916132,53791613200211,43.21A,,,,,,,,,,,sirene,
CEGELEC NORD TERTIAIRE,,,a contacter,,,,,,,,,,,,reseaux,,WASQUEHAL,,59,,,,,,,,,,,,,,,,,,,,,,,,,,,,,,,537915993,53791599300126,43.21A,,,,,,,,,,,sirene,
CEGELEC NUCLEAIRE SUD EST,,,a contacter,,,,,,,,,,,,reseaux,,PIERRELATTE,,26,,,,,,,,,,,,,,,,,,,,,,,,,,,,,,,537908428,53790842800213,42.22Z,,,,,,,,,,,sirene,
CEGELEC OCCITANIE TERTIAIRE,,,a contacter,,,,,,,,,,,,reseaux,,TOULOUSE,,31,,,,,,,,,,,,,,,,,,,,,,,,,,,,,,,399800812,39980081200071,43.21A,,,,,,,,,,,sirene,
CEGELEC OIL & GAS,,,a contacter,,,,,,,,,,,,reseaux,,SAINT-DENIS,,93,,,,,,,,,,,,,,,,,,,,,,,,,,,,,,,529229254,52922925400048,43.21A,,,,,,,,,,,sirene,
CEGELEC PARIS,,,a contacter,,,,,,,,,,,,reseaux,,VIRY-CHATILLON,,91,,,,,,,,,,,,,,,,,,,,,,,,,,,,,,,537915936,53791593600208,43.21A,,,,,,,,,,,sirene,
CEGELEC PAU,,,a contacter,,,,,,,,,,,,reseaux,,PAU,,64,,,,,,,,,,,,,,,,,,,,,,,,,,,,,,,537908782,53790878200197,43.21A,,,,,,,,,,,sirene,
CEGELEC PAYS DE SAVOIE,,,a contacter,,,,,,,,,,,,reseaux,,CHAMBERY,,73,,,,,,,,,,,,,,,,,,,,,,,,,,,,,,,537915241,53791524100021,43.21A,,,,,,,,,,,sirene,
CEGELEC PICARDIE INDUSTRIE,,,a contacter,,,,,,,,,,,,reseaux,,AMIENS,,80,,,,,,,,,,,,,,,,,,,,,,,,,,,,,,,537915522,53791552200040,43.21A,,,,,,,,,,,sirene,
CEGELEC PORTES DE BRETAGNE,,,a contacter,,,,,,,,,,,,reseaux,,PACE,,35,,,,,,,,,,,,,,,,,,,,,,,,,,,,,,,537916231,53791623100153,43.21A,,,,,,,,,,,sirene,
CEGELEC PROJETS ESPACE & HYDROGENE,,,a contacter,,,,,,,,,,,,reseaux,,SAINT-DENIS,,93,,,,,,,,,,,,,,,,,,,,,,,,,,,,,,,537915605,53791560500050,43.21A,,,,,,,,,,,sirene,
CEGELEC RENEWABLE ENERGIES,,,a contacter,,,,,,,,,,,,reseaux,,TOULOUSE,,31,,,,,,,,,,,,,,,,,,,,,,,,,,,,,,,537915357,53791535700090,43.21A,,,,,,,,,,,sirene,
CEGELEC RESEAUX AUVERGNE DROME ARDECHE,,,a contacter,,,,,,,,,,,,reseaux,,GERZAT,,63,,,,,,,,,,,,,,,,,,,,,,,,,,,,,,,537933962,53793396200038,42.22Z,,,,,,,,,,,sirene,
CEGELEC RESEAUX BEARN,,,a contacter,,,,,,,,,,,,reseaux,,BILLERE,,64,,,,,,,,,,,,,,,,,,,,,,,,,,,,,,,347767121,34776712100077,42.22Z,,,,,,,,,,,sirene,
CEGELEC RODEZ,,,a contacter,,,,,,,,,,,,reseaux,,RODEZ,,12,,,,,,,,,,,,,,,,,,,,,,,,,,,,,,,537915969,53791596900134,42.22Z,,,,,,,,,,,sirene,
CEGELEC SDEM,,,a contacter,,,,,,,,,,,,reseaux,,MARTIN-EGLISE,,76,,,,,,,,,,,,,,,,,,,,,,,,,,,,,,,582750188,58275018800044,43.21A,,,,,,,,,,,sirene,
CEGELEC SPACE,,,a contacter,,,,,,,,,,,,reseaux,,KOUROU,,973,,,,,,,,,,,,,,,,,,,,,,,,,,,,,,,438116378,43811637800037,42.21Z,,,,,,,,,,,sirene,
CEGELEC TOULOUSE,,,a contacter,,,,,,,,,,,,reseaux,,COLOMIERS,,31,,,,,,,,,,,,,,,,,,,,,,,,,,,,,,,537916181,53791618100218,43.21A,,,,,,,,,,,sirene,
CEGELEC VAL DE LOIRE,,,a contacter,,,,,,,,,,,,reseaux,,TOURS,,37,,,,,,,,,,,,,,,,,,,,,,,,,,,,,,,537934028,53793402800185,43.21A,,,,,,,,,,,sirene,
CELEC,,,a contacter,,,,,,,,,,,,reseaux,,SALON-DE-PROVENCE,,13,,,,,,,,,,,,,,,,,,,,,,,,,,,,,,,890538119,89053811900011,43.21A,,,,,,,,,,,sirene,
CELECT,,,a contacter,,,,,,,,,,,,reseaux,,BALMA,,31,,,,,,,,,,,,,,,,,,,,,,,,,,,,,,,492741152,49274115200044,43.21A,,,,,,,,,,,sirene,
CELESTE,,,a contacter,,,,,,,,,,,,reseaux,,CHAMPS-SUR-MARNE,,77,,,,,,,,,,,,,,,,,,,,,,,,,,,,,,,439905837,43990583700035,61.10Z,,,,,,,,,,,sirene,
CELESTE FIBRE,,,a contacter,,,,,,,,,,,,reseaux,,CHAMPS-SUR-MARNE,,77,,,,,,,,,,,,,,,,,,,,,,,,,,,,,,,802943563,80294356300014,43.21A,,,,,,,,,,,sirene,
CELLEBRITE FRANCE SAS,,,a contacter,,,,,,,,,,,,reseaux,,PARIS,,75,,,,,,,,,,,,,,,,,,,,,,,,,,,,,,,808864888,80886488800025,61.90Z,,,,,,,,,,,sirene,
CELLNEX FRANCE SAS,,,a contacter,,,,,,,,,,,,reseaux,,BOULOGNE-BILLANCOURT,,92,,,,,,,,,,,,,,,,,,,,,,,,,,,,,,,821460102,82146010200048,61.20Z,,,,,,,,,,,sirene,
CELTI,,,a contacter,,,,,,,,,,,,reseaux,,SAINT-LOUBOUER,,40,,,,,,,,,,,,,,,,,,,,,,,,,,,,,,,531178713,53117871300016,43.21A,,,,,,,,,,,sirene,
CEME AQUITAINE,,,a contacter,,,,,,,,,,,,reseaux,,FLOIRAC,,33,,,,,,,,,,,,,,,,,,,,,,,,,,,,,,,418827994,41882799400033,43.21A,,,,,,,,,,,sirene,
CEME ATLANTIQUE,,,a contacter,,,,,,,,,,,,reseaux,,AYTRE,,17,,,,,,,,,,,,,,,,,,,,,,,,,,,,,,,333746774,33374677400020,43.21A,,,,,,,,,,,sirene,
CEME CENTRE EST,,,a contacter,,,,,,,,,,,,reseaux,,CHAROLLES,,71,,,,,,,,,,,,,,,,,,,,,,,,,,,,,,,797220118,79722011800021,43.21A,,,,,,,,,,,sirene,
CEME ILE DE FRANCE,,,a contacter,,,,,,,,,,,,reseaux,,LYON,,69,,,,,,,,,,,,,,,,,,,,,,,,,,,,,,,309633311,30963331100118,43.21A,,,,,,,,,,,sirene,
CEME SOTRELEC,,,a contacter,,,,,,,,,,,,reseaux,,CORBAS,,69,,,,,,,,,,,,,,,,,,,,,,,,,,,,,,,972503478,97250347800067,43.21A,,,,,,,,,,,sirene,
CEME-GUERIN,,,a contacter,,,,,,,,,,,,reseaux,,SAINT-LO,,50,,,,,,,,,,,,,,,,,,,,,,,,,,,,,,,320130222,32013022200096,43.21A,,,,,,,,,,,sirene,
CEMECO,,,a contacter,,,,,,,,,,,,reseaux,,MARCQ-EN-BARŒUL,,59,,,,,,,,,,,,,,,,,,,,,,,,,,,,,,,914601232,91460123200012,43.21A,,,,,,,,,,,sirene,
CEMHEF,,,a contacter,,,,,,,,,,,,reseaux,,BEAULON,,03,,,,,,,,,,,,,,,,,,,,,,,,,,,,,,,319127775,31912777500041,43.21A,,,,,,,,,,,sirene,
CENERGY,,,a contacter,,,,,,,,,,,,reseaux,,SALIES-DE-BEARN,,64,,,,,,,,,,,,,,,,,,,,,,,,,,,,,,,817935257,81793525700045,42.22Z,,,,,,,,,,,sirene,
CENTRALE DEPANNAGE,,,a contacter,,,,,,,,,,,,reseaux,,LANGRES,,52,,,,,,,,,,,,,,,,,,,,,,,,,,,,,,,484738943,48473894300048,43.21A,,,,,,,,,,,sirene,
CENTRALEC SARL,,,a contacter,,,,,,,,,,,,reseaux,,VINCENNES,,94,,,,,,,,,,,,,,,,,,,,,,,,,,,,,,,313051856,31305185600026,43.21A,,,,,,,,,,,sirene,
CENTRALLY,,,a contacter,,,,,,,,,,,,reseaux,,BEZANNES,,51,,,,,,,,,,,,,,,,,,,,,,,,,,,,,,,891577736,89157773600020,61.90Z,,,,,,,,,,,sirene,
CENTRE D'AIDE EN TRANSITION ENERGETIQUE,,,a contacter,,,,,,,,,,,,reseaux,,LABASTIDE-D'ANJOU,,11,,,,,,,,,,,,,,,,,,,,,,,,,,,,,,,843013343,84301334300010,43.21A,,,,,,,,,,,sirene,
CENTRE DE RENOVATION ET CONSTRUCT IMMO,,,a contacter,,,,,,,,,,,,reseaux,,WITTENHEIM,,68,,,,,,,,,,,,,,,,,,,,,,,,,,,,,,,449594779,44959477900026,43.21A,,,,,,,,,,,sirene,
CENTRE ELECTRIQUE ENTREPRISE,,,a contacter,,,,,,,,,,,,reseaux,,SAINT-AMAND-MONTROND,,18,,,,,,,,,,,,,,,,,,,,,,,,,,,,,,,603720236,60372023600018,42.22Z,,,,,,,,,,,sirene,
CEOS FACILITY,,,a contacter,,,,,,,,,,,,reseaux,,LES MUREAUX,,78,,,,,,,,,,,,,,,,,,,,,,,,,,,,,,,885058537,88505853700030,43.21A,,,,,,,,,,,sirene,
CEPECA,,,a contacter,,,,,,,,,,,,reseaux,,SAINT-JEAN-D'ILLAC,,33,,,,,,,,,,,,,,,,,,,,,,,,,,,,,,,464202076,46420207600129,42.22Z,,,,,,,,,,,sirene,
CERATEC SAS,,,a contacter,,,,,,,,,,,,reseaux,,LA CHAPELLE-D'ARMENTIERES,,59,,,,,,,,,,,,,,,,,,,,,,,,,,,,,,,524025855,52402585500031,43.21A,,,,,,,,,,,sirene,
CESA,,,a contacter,,,,,,,,,,,,reseaux,,VELIZY-VILLACOUBLAY,,78,,,,,,,,,,,,,,,,,,,,,,,,,,,,,,,347479669,34747966900132,43.21A,,,,,,,,,,,sirene,
CESTARO ROSSI & C. SPA,,,a contacter,,,,,,,,,,,,reseaux,,,,,,,,,,,,,,,,,,,,,,,,,,,,,,,,,,,831319868,83131986800012,43.21A,,,,,,,,,,,sirene,
CETEOS RESEAUX EST,,,a contacter,,,,,,,,,,,,reseaux,,MARBACHE,,54,,,,,,,,,,,,,,,,,,,,,,,,,,,,,,,523994317,52399431700023,61.90Z,,,,,,,,,,,sirene,
CEVENNES CONFORT,,,a contacter,,,,,,,,,,,,reseaux,,ALES,,30,,,,,,,,,,,,,,,,,,,,,,,,,,,,,,,306520305,30652030500070,43.21A,,,,,,,,,,,sirene,
CEVENOLE AMENAGEMENT INFRAS CONSTRUCTION,,,a contacter,,,,,,,,,,,,reseaux,,ALES,,30,,,,,,,,,,,,,,,,,,,,,,,,,,,,,,,330599721,33059972100058,42.21Z,,,,,,,,,,,sirene,
CEVICO,,,a contacter,,,,,,,,,,,,reseaux,,BRUMATH,,67,,,,,,,,,,,,,,,,,,,,,,,,,,,,,,,311998702,31199870200030,43.21A,,,,,,,,,,,sirene,
CEZZAM,,,a contacter,,,,,,,,,,,,reseaux,,SAINT-SAUVEUR,,80,,,,,,,,,,,,,,,,,,,,,,,,,,,,,,,322707712,32270771200137,43.21A,,,,,,,,,,,sirene,
CF CONCEPT.  COURANT FAIBLE CONCEPT,,,a contacter,,,,,,,,,,,,reseaux,,CORMEILLES-EN-PARISIS,,95,,,,,,,,,,,,,,,,,,,,,,,,,,,,,,,445037732,44503773200036,43.21A,,,,,,,,,,,sirene,
CFC SYSTEMES,,,a contacter,,,,,,,,,,,,reseaux,,BUSSY-SAINT-MARTIN,,77,,,,,,,,,,,,,,,,,,,,,,,,,,,,,,,790286231,79028623100028,43.21A,,,,,,,,,,,sirene,
CFI,,,a contacter,,,,,,,,,,,,reseaux,,VOGLANS,,73,,,,,,,,,,,,,,,,,,,,,,,,,,,,,,,398751974,39875197400039,43.21A,,,,,,,,,,,sirene,
CG3N,,,a contacter,,,,,,,,,,,,reseaux,,VIRANDEVILLE,,50,,,,,,,,,,,,,,,,,,,,,,,,,,,,,,,537933988,53793398800074,43.21A,,,,,,,,,,,sirene,
CGE121,,,a contacter,,,,,,,,,,,,reseaux,,NERAC,,47,,,,,,,,,,,,,,,,,,,,,,,,,,,,,,,830617296,83061729600025,43.21A,,,,,,,,,,,sirene,
CHABOT GIRARD,,,a contacter,,,,,,,,,,,,reseaux,,DOMPIERRE-SUR-YON,,85,,,,,,,,,,,,,,,,,,,,,,,,,,,,,,,487720591,48772059100022,43.21A,,,,,,,,,,,sirene,
CHALAYE,,,a contacter,,,,,,,,,,,,reseaux,,VALENCE,,26,,,,,,,,,,,,,,,,,,,,,,,,,,,,,,,435060181,43506018100037,43.21A,,,,,,,,,,,sirene,
CHANDES ELECTRICITE,,,a contacter,,,,,,,,,,,,reseaux,,SAINT-PAULIEN,,43,,,,,,,,,,,,,,,,,,,,,,,,,,,,,,,792018087,79201808700017,43.21A,,,,,,,,,,,sirene,
CHANTELEC,,,a contacter,,,,,,,,,,,,reseaux,,PERIGNEUX,,42,,,,,,,,,,,,,,,,,,,,,,,,,,,,,,,482239860,48223986000026,43.21A,,,,,,,,,,,sirene,
CHANTIERS D'AQUITAINE,,,a contacter,,,,,,,,,,,,reseaux,,MERIGNAC,,33,,,,,,,,,,,,,,,,,,,,,,,,,,,,,,,454202359,45420235900161,42.21Z,,,,,,,,,,,sirene,
CHAPON TRAVAUX PUBLICS,,,a contacter,,,,,,,,,,,,reseaux,,MALISSARD,,26,,,,,,,,,,,,,,,,,,,,,,,,,,,,,,,451289441,45128944100011,42.21Z,,,,,,,,,,,sirene,
CHARANTELEC,,,a contacter,,,,,,,,,,,,reseaux,,FLEAC,,16,,,,,,,,,,,,,,,,,,,,,,,,,,,,,,,414780494,41478049400012,43.21A,,,,,,,,,,,sirene,
CHARDOT TP,,,a contacter,,,,,,,,,,,,reseaux,,COMMERCY,,55,,,,,,,,,,,,,,,,,,,,,,,,,,,,,,,401034681,40103468100015,42.21Z,,,,,,,,,,,sirene,
CHARTIER ELEC,,,a contacter,,,,,,,,,,,,reseaux,,FENDEILLE,,11,,,,,,,,,,,,,,,,,,,,,,,,,,,,,,,882932239,88293223900016,43.21A,,,,,,,,,,,sirene,
CHARTIER MARCHAIS & CO,,,a contacter,,,,,,,,,,,,reseaux,,BASSE-GOULAINE,,44,,,,,,,,,,,,,,,,,,,,,,,,,,,,,,,478888522,47888852200016,43.21A,,,,,,,,,,,sirene,
CHASTAGNER,,,a contacter,,,,,,,,,,,,reseaux,,SAUZET,,26,,,,,,,,,,,,,,,,,,,,,,,,,,,,,,,438978306,43897830600027,43.21A,,,,,,,,,,,sirene,
CHASTAGNIER,,,a contacter,,,,,,,,,,,,reseaux,,UZERCHE,,19,,,,,,,,,,,,,,,,,,,,,,,,,,,,,,,822717583,82271758300030,43.21A,,,,,,,,,,,sirene,
CHATENET,,,a contacter,,,,,,,,,,,,reseaux,,FLOIRAC,,33,,,,,,,,,,,,,,,,,,,,,,,,,,,,,,,473202364,47320236400039,43.21A,,,,,,,,,,,sirene,
CHAUSSIN,,,a contacter,,,,,,,,,,,,reseaux,,VIRY-CHATILLON,,91,,,,,,,,,,,,,,,,,,,,,,,,,,,,,,,972203665,97220366500013,43.21A,,,,,,,,,,,sirene,
CHAUVET,,,a contacter,,,,,,,,,,,,reseaux,,NIORT,,79,,,,,,,,,,,,,,,,,,,,,,,,,,,,,,,389589318,38958931800010,43.21A,,,,,,,,,,,sirene,
CHAVANY TRAVAUX PUBLICS,,,a contacter,,,,,,,,,,,,reseaux,,SAINT-NIZIER-SOUS-CHARLIEU,,42,,,,,,,,,,,,,,,,,,,,,,,,,,,,,,,494912249,49491224900021,42.21Z,,,,,,,,,,,sirene,
CHENAIS ENERGIE SOLAIRE,,,a contacter,,,,,,,,,,,,reseaux,,CHEIX-EN-RETZ,,44,,,,,,,,,,,,,,,,,,,,,,,,,,,,,,,911103596,91110359600019,43.21A,,,,,,,,,,,sirene,
CHENEAU ANDRE,,,a contacter,,,,,,,,,,,,reseaux,,MONTOIRE-SUR-LE-LOIR,,41,,,,,,,,,,,,,,,,,,,,,,,,,,,,,,,411694953,41169495300026,43.21A,,,,,,,,,,,sirene,
CHEVAL ENERGIES,,,a contacter,,,,,,,,,,,,reseaux,,BOURG-LES-VALENCE,,26,,,,,,,,,,,,,,,,,,,,,,,,,,,,,,,340019397,34001939700082,42.22Z,,,,,,,,,,,sirene,
CHEVALIER ENTREPRISE,,,a contacter,,,,,,,,,,,,reseaux,,MOUTIERS,,73,,,,,,,,,,,,,,,,,,,,,,,,,,,,,,,075920348,07592034800028,43.21A,,,,,,,,,,,sirene,
CHEVALLIER,,,a contacter,,,,,,,,,,,,reseaux,,MARDEUIL,,51,,,,,,,,,,,,,,,,,,,,,,,,,,,,,,,433981750,43398175000022,43.21A,,,,,,,,,,,sirene,
CHINA TELECOM (FRANCE) LIMITED,,,a contacter,,,,,,,,,,,,reseaux,,ISSY-LES-MOULINEAUX,,92,,,,,,,,,,,,,,,,,,,,,,,,,,,,,,,794328757,79432875700057,61.10Z,,,,,,,,,,,sirene,
CHOMIENNE,,,a contacter,,,,,,,,,,,,reseaux,,LA TALAUDIERE,,42,,,,,,,,,,,,,,,,,,,,,,,,,,,,,,,684500994,68450099400026,43.21A,,,,,,,,,,,sirene,
CHOPY SARL,,,a contacter,,,,,,,,,,,,reseaux,,CHANTEUGES,,43,,,,,,,,,,,,,,,,,,,,,,,,,,,,,,,451488431,45148843100011,43.21A,,,,,,,,,,,sirene,
CHOUIN ELECTRICITE,,,a contacter,,,,,,,,,,,,reseaux,,SOULLANS,,85,,,,,,,,,,,,,,,,,,,,,,,,,,,,,,,434070504,43407050400015,43.21A,,,,,,,,,,,sirene,
CHRETIEN,,,a contacter,,,,,,,,,,,,reseaux,,ANDILLY,,95,,,,,,,,,,,,,,,,,,,,,,,,,,,,,,,422012468,42201246800035,43.21A,,,,,,,,,,,sirene,
CHRIS-MULTI-B,,,a contacter,,,,,,,,,,,,reseaux,,JUVISY-SUR-ORGE,,91,,,,,,,,,,,,,,,,,,,,,,,,,,,,,,,847848553,84784855300024,43.21A,,,,,,,,,,,sirene,
CHRISTIAN ELECTRICITE,,,a contacter,,,,,,,,,,,,reseaux,,SCIONZIER,,74,,,,,,,,,,,,,,,,,,,,,,,,,,,,,,,410107510,41010751000027,43.21A,,,,,,,,,,,sirene,
CHRISTIAN NEVEU ELECTRICITE,,,a contacter,,,,,,,,,,,,reseaux,,SAINT-DENIS-LES-BOURG,,01,,,,,,,,,,,,,,,,,,,,,,,,,,,,,,,421035544,42103554400012,43.21A,,,,,,,,,,,sirene,
CHRISTIAN NEVEU.ELECTRICITE GENERALE,,,a contacter,,,,,,,,,,,,reseaux,,SAINT-DENIS-LES-BOURG,,01,,,,,,,,,,,,,,,,,,,,,,,,,,,,,,,519688402,51968840200014,43.21A,,,,,,,,,,,sirene,
CHRISTIN ELECTRICITE,,,a contacter,,,,,,,,,,,,reseaux,,LAGNIEU,,01,,,,,,,,,,,,,,,,,,,,,,,,,,,,,,,414105569,41410556900035,43.21A,,,,,,,,,,,sirene,
CHRISTOPHE GRACIET (ATSE PHOTOVOLTAIQUE),,,a contacter,,,,,,,,,,,,reseaux,,SAINT-VINCENT-DE-TYROSSE,,40,,,,,,,,,,,,,,,,,,,,,,,,,,,,,,,494563281,49456328100034,43.21A,,,,,,,,,,,sirene,
CHRONO TECH,,,a contacter,,,,,,,,,,,,reseaux,,BORDEAUX,,33,,,,,,,,,,,,,,,,,,,,,,,,,,,,,,,904856853,90485685300018,42.22Z,,,,,,,,,,,sirene,
CIB ELEC SAS,,,a contacter,,,,,,,,,,,,reseaux,,CORMEILLES-EN-PARISIS,,95,,,,,,,,,,,,,,,,,,,,,,,,,,,,,,,754068633,75406863300025,43.21A,,,,,,,,,,,sirene,
CIC,,,a contacter,,,,,,,,,,,,reseaux,,ARNOUVILLE,,95,,,,,,,,,,,,,,,,,,,,,,,,,,,,,,,798739249,79873924900042,43.21A,,,,,,,,,,,sirene,
CID MAINTENANCE,,,a contacter,,,,,,,,,,,,reseaux,,MITRY-MORY,,77,,,,,,,,,,,,,,,,,,,,,,,,,,,,,,,391016300,39101630000041,43.21A,,,,,,,,,,,sirene,
CIDE ELEC,,,a contacter,,,,,,,,,,,,reseaux,,CROSNE,,91,,,,,,,,,,,,,,,,,,,,,,,,,,,,,,,345260988,34526098800026,43.21A,,,,,,,,,,,sirene,
CIE REUNION ELECTROTECHNIQUE MAINTENANCE,,,a contacter,,,,,,,,,,,,reseaux,,LE PORT,,974,,,,,,,,,,,,,,,,,,,,,,,,,,,,,,,452375850,45237585000024,43.21A,,,,,,,,,,,sirene,
CIELIS,,,a contacter,,,,,,,,,,,,reseaux,,PARIS,,75,,,,,,,,,,,,,,,,,,,,,,,,,,,,,,,900137175,90013717500023,43.21B,,,,,,,,,,,sirene,
CIENA LIMITED,,,a contacter,,,,,,,,,,,,reseaux,,,,,,,,,,,,,,,,,,,,,,,,,,,,,,,,,,,421932575,42193257500010,61.90Z,,,,,,,,,,,sirene,
CIGMA ILE DE FRANCE,,,a contacter,,,,,,,,,,,,reseaux,,TREMBLAY-EN-FRANCE,,93,,,,,,,,,,,,,,,,,,,,,,,,,,,,,,,537915753,53791575300066,43.21A,,,,,,,,,,,sirene,
CIMEA,,,a contacter,,,,,,,,,,,,reseaux,,PESSAC,,33,,,,,,,,,,,,,,,,,,,,,,,,,,,,,,,538295676,53829567600026,43.21A,,,,,,,,,,,sirene,
CIMES ENERGIES,,,a contacter,,,,,,,,,,,,reseaux,,MONTMELIAN,,73,,,,,,,,,,,,,,,,,,,,,,,,,,,,,,,514502897,51450289700044,43.21A,,,,,,,,,,,sirene,
CIMONTUBO INGENIERIE,,,a contacter,,,,,,,,,,,,reseaux,,BLANQUEFORT,,33,,,,,,,,,,,,,,,,,,,,,,,,,,,,,,,828820415,82882041500010,42.21Z,,,,,,,,,,,sirene,
CINECOM DREUX,,,a contacter,,,,,,,,,,,,reseaux,,DREUX,,28,,,,,,,,,,,,,,,,,,,,,,,,,,,,,,,432851376,43285137600017,61.20Z,,,,,,,,,,,sirene,
CINECOM TROYES,,,a contacter,,,,,,,,,,,,reseaux,,SAINT-PARRES-AUX-TERTRES,,10,,,,,,,,,,,,,,,,,,,,,,,,,,,,,,,437624273,43762427300011,61.90Z,,,,,,,,,,,sirene,
CINGAL ELECTRICITE,,,a contacter,,,,,,,,,,,,reseaux,,BENOUVILLE,,14,,,,,,,,,,,,,,,,,,,,,,,,,,,,,,,495013864,49501386400022,43.21A,,,,,,,,,,,sirene,
CIRCET DISTRIBUTION,,,a contacter,,,,,,,,,,,,reseaux,,IVRY-SUR-SEINE,,94,,,,,,,,,,,,,,,,,,,,,,,,,,,,,,,480495282,48049528200075,61.90Z,,,,,,,,,,,sirene,
CIRCET SERVICES,,,a contacter,,,,,,,,,,,,reseaux,,IVRY-SUR-SEINE,,94,,,,,,,,,,,,,,,,,,,,,,,,,,,,,,,533591020,53359102000193,61.90Z,,,,,,,,,,,sirene,
CIRKAD ENERGIE,,,a contacter,,,,,,,,,,,,reseaux,,PLAISANCE-DU-TOUCH,,31,,,,,,,,,,,,,,,,,,,,,,,,,,,,,,,388977795,38897779500052,43.21A,,,,,,,,,,,sirene,
CISE TP,,,a contacter,,,,,,,,,,,,reseaux,,ISSY-LES-MOULINEAUX,,92,,,,,,,,,,,,,,,,,,,,,,,,,,,,,,,428561740,42856174000419,42.21Z,,,,,,,,,,,sirene,
CITYELEC,,,a contacter,,,,,,,,,,,,reseaux,,PARIS,,75,,,,,,,,,,,,,,,,,,,,,,,,,,,,,,,792328718,79232871800012,43.21A,,,,,,,,,,,sirene,
CJ ELEC,,,a contacter,,,,,,,,,,,,reseaux,,SAINTE-GENEVIEVE,,60,,,,,,,,,,,,,,,,,,,,,,,,,,,,,,,751200262,75120026200028,43.21A,,,,,,,,,,,sirene,
CJMCABLE,,,a contacter,,,,,,,,,,,,reseaux,,BRUAY-LA-BUISSIERE,,62,,,,,,,,,,,,,,,,,,,,,,,,,,,,,,,817411424,81741142400036,43.21A,,,,,,,,,,,sirene,
CK ELEC,,,a contacter,,,,,,,,,,,,reseaux,,AUBORD,,30,,,,,,,,,,,,,,,,,,,,,,,,,,,,,,,528717630,52871763000032,43.21A,,,,,,,,,,,sirene,
CLAIR - TELEPHONIE - INGENIEURIE,,,a contacter,,,,,,,,,,,,reseaux,,GOYAVE,,971,,,,,,,,,,,,,,,,,,,,,,,,,,,,,,,511156655,51115665500025,43.21B,,,,,,,,,,,sirene,
CLAISSE ENVIRONNEMENT,,,a contacter,,,,,,,,,,,,reseaux,,SAINT-ANDRE-LEZ-LILLE,,59,,,,,,,,,,,,,,,,,,,,,,,,,,,,,,,887280923,88728092300038,42.21Z,,,,,,,,,,,sirene,
CLAUDE LEBATARD,,,a contacter,,,,,,,,,,,,reseaux,,COULOMMIERS,,77,,,,,,,,,,,,,,,,,,,,,,,,,,,,,,,746550094,74655009400021,43.21A,,,,,,,,,,,sirene,
CLAUSER DUNKERQUE,,,a contacter,,,,,,,,,,,,reseaux,,LOON-PLAGE,,59,,,,,,,,,,,,,,,,,,,,,,,,,,,,,,,387747769,38774776900025,43.21A,,,,,,,,,,,sirene,
CLEDE,,,a contacter,,,,,,,,,,,,reseaux,,PAU,,64,,,,,,,,,,,,,,,,,,,,,,,,,,,,,,,315947408,31594740800052,43.21A,,,,,,,,,,,sirene,
CLEMANCON,,,a contacter,,,,,,,,,,,,reseaux,,VILLEPINTE,,93,,,,,,,,,,,,,,,,,,,,,,,,,,,,,,,322134107,32213410700042,43.21A,,,,,,,,,,,sirene,
CLEMELEC,,,a contacter,,,,,,,,,,,,reseaux,,AULNAY-SOUS-BOIS,,93,,,,,,,,,,,,,,,,,,,,,,,,,,,,,,,499459865,49945986500048,43.21A,,,,,,,,,,,sirene,
CLEMENT ENTREPRISE GENERALE ELECTRICITE,,,a contacter,,,,,,,,,,,,reseaux,,LA RICHE,,37,,,,,,,,,,,,,,,,,,,,,,,,,,,,,,,440417020,44041702000037,43.21A,,,,,,,,,,,sirene,
CLEMENT TRAVAUX PUBLICS DE SOLOGNE,,,a contacter,,,,,,,,,,,,reseaux,,SALBRIS,,41,,,,,,,,,,,,,,,,,,,,,,,,,,,,,,,334454857,33445485700031,42.21Z,,,,,,,,,,,sirene,
CLIM PLUS,,,a contacter,,,,,,,,,,,,reseaux,,TREMBLAY-EN-FRANCE,,93,,,,,,,,,,,,,,,,,,,,,,,,,,,,,,,851940650,85194065000035,43.21A,,,,,,,,,,,sirene,
CLIMATAIR RHONE,,,a contacter,,,,,,,,,,,,reseaux,,SCIEZ,,74,,,,,,,,,,,,,,,,,,,,,,,,,,,,,,,524115136,52411513600045,43.21A,,,,,,,,,,,sirene,
CLIMATISATION ELECTRICITE BATIMENT INDUSTRIEL,,,a contacter,,,,,,,,,,,,reseaux,,LE MARIN,,972,,,,,,,,,,,,,,,,,,,,,,,,,,,,,,,435233655,43523365500032,43.21A,,,,,,,,,,,sirene,
CLIMATISATION PLOMBERIE INDUSTRIEL ENERGIE,,,a contacter,,,,,,,,,,,,reseaux,,ISSOUDUN,,36,,,,,,,,,,,,,,,,,,,,,,,,,,,,,,,801278789,80127878900061,43.21A,,,,,,,,,,,sirene,
CLIMAX ELEC,,,a contacter,,,,,,,,,,,,reseaux,,TOULOUSE,,31,,,,,,,,,,,,,,,,,,,,,,,,,,,,,,,428254742,42825474200037,43.21A,,,,,,,,,,,sirene,
CLIPE,,,a contacter,,,,,,,,,,,,reseaux,,ORLY,,94,,,,,,,,,,,,,,,,,,,,,,,,,,,,,,,440784619,44078461900031,43.21A,,,,,,,,,,,sirene,
CM FIBRE,,,a contacter,,,,,,,,,,,,reseaux,,ARGENTEUIL,,95,,,,,,,,,,,,,,,,,,,,,,,,,,,,,,,812459147,81245914700037,43.21A,,,,,,,,,,,sirene,
CM TELECOM FRANCE,,,a contacter,,,,,,,,,,,,reseaux,,PARIS,,75,,,,,,,,,,,,,,,,,,,,,,,,,,,,,,,802946715,80294671500058,61.90Z,,,,,,,,,,,sirene,
CMP BAYLE,,,a contacter,,,,,,,,,,,,reseaux,,LA TALAUDIERE,,42,,,,,,,,,,,,,,,,,,,,,,,,,,,,,,,614500585,61450058500052,43.21A,,,,,,,,,,,sirene,
CMR TELECOM,,,a contacter,,,,,,,,,,,,reseaux,,AMNEVILLE,,57,,,,,,,,,,,,,,,,,,,,,,,,,,,,,,,882276199,88227619900040,61.90Z,,,,,,,,,,,sirene,
CMT GENIE ELECTRIQUE,,,a contacter,,,,,,,,,,,,reseaux,,AIX-EN-PROVENCE,,13,,,,,,,,,,,,,,,,,,,,,,,,,,,,,,,534022389,53402238900025,43.21A,,,,,,,,,,,sirene,
CNE COOPERATIVE NOUVELLE D'ELECTRICITE,,,a contacter,,,,,,,,,,,,reseaux,,VAULX-EN-VELIN,,69,,,,,,,,,,,,,,,,,,,,,,,,,,,,,,,955516661,95551666100027,43.21A,,,,,,,,,,,sirene,
CNS PRO ENERGIE,,,a contacter,,,,,,,,,,,,reseaux,,FITZ JAMES,,60,,,,,,,,,,,,,,,,,,,,,,,,,,,,,,,834858888,83485888800029,43.21A,,,,,,,,,,,sirene,
CO.2S,,,a contacter,,,,,,,,,,,,reseaux,,NIVOLAS-VERMELLE,,38,,,,,,,,,,,,,,,,,,,,,,,,,,,,,,,753658137,75365813700025,43.21A,,,,,,,,,,,sirene,
CODICOM FIBRE,,,a contacter,,,,,,,,,,,,reseaux,,BINIC-ETABLES-SUR-MER,,22,,,,,,,,,,,,,,,,,,,,,,,,,,,,,,,922057005,92205700500014,61.10Z,,,,,,,,,,,sirene,
COELEC,,,a contacter,,,,,,,,,,,,reseaux,,PREY,,27,,,,,,,,,,,,,,,,,,,,,,,,,,,,,,,502336613,50233661300034,43.21A,,,,,,,,,,,sirene,
COFASUD,,,a contacter,,,,,,,,,,,,reseaux,,SOLLIES-PONT,,83,,,,,,,,,,,,,,,,,,,,,,,,,,,,,,,384975959,38497595900022,43.21A,,,,,,,,,,,sirene,
COGELEC SYSTEMES,,,a contacter,,,,,,,,,,,,reseaux,,VENELLES,,13,,,,,,,,,,,,,,,,,,,,,,,,,,,,,,,877727685,87772768500027,43.21A,,,,,,,,,,,sirene,
COGELUM IDF,,,a contacter,,,,,,,,,,,,reseaux,,GENNEVILLIERS,,92,,,,,,,,,,,,,,,,,,,,,,,,,,,,,,,525134169,52513416900073,43.21B,,,,,,,,,,,sirene,
COGENT COMMUNICATIONS FRANCE,,,a contacter,,,,,,,,,,,,reseaux,,LA GARENNE-COLOMBES,,92,,,,,,,,,,,,,,,,,,,,,,,,,,,,,,,429165541,42916554100070,61.10Z,,,,,,,,,,,sirene,
COLAS INDUSTRIE,,,a contacter,,,,,,,,,,,,reseaux,,CLERMONT-FERRAND,,63,,,,,,,,,,,,,,,,,,,,,,,,,,,,,,,865200315,86520031500022,43.21A,,,,,,,,,,,sirene,
COLLANGELEC,,,a contacter,,,,,,,,,,,,reseaux,,MEJANNES-LES-ALES,,30,,,,,,,,,,,,,,,,,,,,,,,,,,,,,,,389738014,38973801400023,43.21A,,,,,,,,,,,sirene,
COLOMBEL GENERALE D ELECTRICITE,,,a contacter,,,,,,,,,,,,reseaux,,SAINT-AUBIN-LES-ELBEUF,,76,,,,,,,,,,,,,,,,,,,,,,,,,,,,,,,403160146,40316014600037,43.21A,,,,,,,,,,,sirene,
COLT DATA CENTRE SERVICES FRANCE,,,a contacter,,,,,,,,,,,,reseaux,,MALAKOFF,,92,,,,,,,,,,,,,,,,,,,,,,,,,,,,,,,921034575,92103457500016,61.10Z,,,,,,,,,,,sirene,
COLT TECHNOLOGY SERVICES,,,a contacter,,,,,,,,,,,,reseaux,,MALAKOFF,,92,,,,,,,,,,,,,,,,,,,,,,,,,,,,,,,402628838,40262883800136,61.10Z,,,,,,,,,,,sirene,
COMACCES,,,a contacter,,,,,,,,,,,,reseaux,,USSY,,14,,,,,,,,,,,,,,,,,,,,,,,,,,,,,,,850415266,85041526600012,43.21A,,,,,,,,,,,sirene,
COMAS & JOURET,,,a contacter,,,,,,,,,,,,reseaux,,LAVELANET,,09,,,,,,,,,,,,,,,,,,,,,,,,,,,,,,,501435531,50143553100014,43.21A,,,,,,,,,,,sirene,
COMCENTRE,,,a contacter,,,,,,,,,,,,reseaux,,MONTLUCON,,03,,,,,,,,,,,,,,,,,,,,,,,,,,,,,,,417798402,41779840200141,61.90Z,,,,,,,,,,,sirene,
COME IN ENTREPRISES,,,a contacter,,,,,,,,,,,,reseaux,,SAINT-GREGOIRE,,35,,,,,,,,,,,,,,,,,,,,,,,,,,,,,,,507513026,50751302600074,61.90Z,,,,,,,,,,,sirene,
COME IN GRAND PUBLIC,,,a contacter,,,,,,,,,,,,reseaux,,SAINT-GREGOIRE,,35,,,,,,,,,,,,,,,,,,,,,,,,,,,,,,,507513901,50751390100086,61.90Z,,,,,,,,,,,sirene,
COMELEC,,,a contacter,,,,,,,,,,,,reseaux,,CARCASSONNE,,11,,,,,,,,,,,,,,,,,,,,,,,,,,,,,,,300335783,30033578300068,42.22Z,,,,,,,,,,,sirene,
COMELEC ISERE,,,a contacter,,,,,,,,,,,,reseaux,,ECHIROLLES,,38,,,,,,,,,,,,,,,,,,,,,,,,,,,,,,,948834478,94883447800018,43.21A,,,,,,,,,,,sirene,
COMELECSERVICES,,,a contacter,,,,,,,,,,,,reseaux,,PETOSSE,,85,,,,,,,,,,,,,,,,,,,,,,,,,,,,,,,421168188,42116818800025,43.21A,,,,,,,,,,,sirene,
COMES S.P.A.,,,a contacter,,,,,,,,,,,,reseaux,,,,,,,,,,,,,,,,,,,,,,,,,,,,,,,,,,,890142086,89014208600010,43.21A,,,,,,,,,,,sirene,
COMEVA,,,a contacter,,,,,,,,,,,,reseaux,,DEOLS,,36,,,,,,,,,,,,,,,,,,,,,,,,,,,,,,,794145631,79414563100014,61.90Z,,,,,,,,,,,sirene,
COMEX SOLUTIONS FRANCE,,,a contacter,,,,,,,,,,,,reseaux,,PARIS,,75,,,,,,,,,,,,,,,,,,,,,,,,,,,,,,,894345842,89434584200039,43.21A,,,,,,,,,,,sirene,
COMFIBRE RESEAU,,,a contacter,,,,,,,,,,,,reseaux,,GONESSE,,95,,,,,,,,,,,,,,,,,,,,,,,,,,,,,,,877946301,87794630100059,61.90Z,,,,,,,,,,,sirene,
COMMEETT,,,a contacter,,,,,,,,,,,,reseaux,,CAEN,,14,,,,,,,,,,,,,,,,,,,,,,,,,,,,,,,907880520,90788052000016,61.10Z,,,,,,,,,,,sirene,
COMMINGES ELECTRICITE,,,a contacter,,,,,,,,,,,,reseaux,,MURET,,31,,,,,,,,,,,,,,,,,,,,,,,,,,,,,,,498893460,49889346000036,43.21A,,,,,,,,,,,sirene,
COMPAGNIE ALSACIENNE D'EAU ET D'ASSAINISSEMENT,,,a contacter,,,,,,,,,,,,reseaux,,STRASBOURG,,67,,,,,,,,,,,,,,,,,,,,,,,,,,,,,,,494565690,49456569000018,42.21Z,,,,,,,,,,,sirene,
COMPAGNIE ANTILLAISE DE ROUTES ET AUTOROUTES ET D'IMPORTATION DE BITUME MOTER,,,a contacter,,,,,,,,,,,,reseaux,,LE LAMENTIN,,972,,,,,,,,,,,,,,,,,,,,,,,,,,,,,,,379134687,37913468700035,42.21Z,,,,,,,,,,,sirene,
COMPAGNIE D'ENTREPRISE GENERALE DE TRAVAUX PUBLICS - CEGETP,,,a contacter,,,,,,,,,,,,reseaux,,SAINT-ORENS-DE-GAMEVILLE,,31,,,,,,,,,,,,,,,,,,,,,,,,,,,,,,,419637558,41963755800059,42.21Z,,,,,,,,,,,sirene,
COMPAGNIE D'EQUIPEMENTS ELECTRIQUES ET DE RECHERCHES ET D'INNOVATIONS,,,a contacter,,,,,,,,,,,,reseaux,,SAULXURES-SUR-MOSELOTTE,,88,,,,,,,,,,,,,,,,,,,,,,,,,,,,,,,332814144,33281414400017,43.21A,,,,,,,,,,,sirene,
COMPAGNIE DES CANALISATEURS ET ELECTRICIENS DES ALPES,,,a contacter,,,,,,,,,,,,reseaux,,AIME-LA-PLAGNE,,73,,,,,,,,,,,,,,,,,,,,,,,,,,,,,,,832784789,83278478900030,42.21Z,,,,,,,,,,,sirene,
COMPAGNIE DES TELECOMS ET RESEAUX,,,a contacter,,,,,,,,,,,,reseaux,,ROCHE-LA-MOLIERE,,42,,,,,,,,,,,,,,,,,,,,,,,,,,,,,,,817908692,81790869200038,61.90Z,,,,,,,,,,,sirene,
COMPAGNIE ENTREPRISE MECANIQUE ELECTRIQU,,,a contacter,,,,,,,,,,,,reseaux,,AVERMES,,03,,,,,,,,,,,,,,,,,,,,,,,,,,,,,,,778120097,77812009700085,43.21A,,,,,,,,,,,sirene,
COMPAGNIE GENERALE TRAVAUX PUBLICS,,,a contacter,,,,,,,,,,,,reseaux,,CLERMONT-SOUBIRAN,,47,,,,,,,,,,,,,,,,,,,,,,,,,,,,,,,350345757,35034575700016,43.21A,,,,,,,,,,,sirene,
COMPLETEL SAS,,,a contacter,,,,,,,,,,,,reseaux,,PARIS 15,,75,,,,,,,,,,,,,,,,,,,,,,,,,,,,,,,418299699,41829969900482,61.10Z,,,,,,,,,,,sirene,
COMPUGROUP MEDICAL FRANCE,,,a contacter,,,,,,,,,,,,reseaux,,NANTERRE,,92,,,,,,,,,,,,,,,,,,,,,,,,,,,,,,,479076929,47907692900039,61.10Z,,,,,,,,,,,sirene,
COMSIP,,,a contacter,,,,,,,,,,,,reseaux,,SAINT-DENIS,,93,,,,,,,,,,,,,,,,,,,,,,,,,,,,,,,529215212,52921521200034,43.21A,,,,,,,,,,,sirene,
COMTAT ELEC,,,a contacter,,,,,,,,,,,,reseaux,,PERNES-LES-FONTAINES,,84,,,,,,,,,,,,,,,,,,,,,,,,,,,,,,,813369519,81336951900026,43.21A,,,,,,,,,,,sirene,
COMTECH,,,a contacter,,,,,,,,,,,,reseaux,,MARLY,,59,,,,,,,,,,,,,,,,,,,,,,,,,,,,,,,500160551,50016055100023,43.21A,,,,,,,,,,,sirene,
COMXTECH,,,a contacter,,,,,,,,,,,,reseaux,,VIENNE,,38,,,,,,,,,,,,,,,,,,,,,,,,,,,,,,,902025782,90202578200019,61.10Z,,,,,,,,,,,sirene,
CONCEPT ALARME PROTECTION SECURITE,,,a contacter,,,,,,,,,,,,reseaux,,MONTAGNY,,69,,,,,,,,,,,,,,,,,,,,,,,,,,,,,,,417614724,41761472400066,43.21A,,,,,,,,,,,sirene,
CONCEPT AUDIO,,,a contacter,,,,,,,,,,,,reseaux,,BASTIA,,2B,,,,,,,,,,,,,,,,,,,,,,,,,,,,,,,411911407,41191140700095,61.20Z,,,,,,,,,,,sirene,
CONCEPT CREATION,,,a contacter,,,,,,,,,,,,reseaux,,MAISONS-ALFORT,,94,,,,,,,,,,,,,,,,,,,,,,,,,,,,,,,504707894,50470789400060,43.21A,,,,,,,,,,,sirene,
CONCEPT ELEC,,,a contacter,,,,,,,,,,,,reseaux,,NICE,,06,,,,,,,,,,,,,,,,,,,,,,,,,,,,,,,919486258,91948625800016,43.21A,,,,,,,,,,,sirene,
CONCEPT FIBRES,,,a contacter,,,,,,,,,,,,reseaux,,BEZONS,,95,,,,,,,,,,,,,,,,,,,,,,,,,,,,,,,793911264,79391126400034,61.10Z,,,,,,,,,,,sirene,
CONCEPT PAYSAGE,,,a contacter,,,,,,,,,,,,reseaux,,FOISSIAT,,01,,,,,,,,,,,,,,,,,,,,,,,,,,,,,,,498536762,49853676200020,42.21Z,,,,,,,,,,,sirene,
CONCEPT SECURITE,,,a contacter,,,,,,,,,,,,reseaux,,VINEUIL,,41,,,,,,,,,,,,,,,,,,,,,,,,,,,,,,,524978707,52497870700023,43.21A,,,,,,,,,,,sirene,
CONCEPT SMART ELEC,,,a contacter,,,,,,,,,,,,reseaux,,THIONVILLE,,57,,,,,,,,,,,,,,,,,,,,,,,,,,,,,,,808941405,80894140500017,43.21A,,,,,,,,,,,sirene,
CONCEPTELEC,,,a contacter,,,,,,,,,,,,reseaux,,SAINT-MAUR-DES-FOSSES,,94,,,,,,,,,,,,,,,,,,,,,,,,,,,,,,,488358565,48835856500049,43.21A,,,,,,,,,,,sirene,
CONCEPTION - ASSISTANCE - SERVICE - ORGANISATION - ETUDES ET EQUIPEMENTS,,,a contacter,,,,,,,,,,,,reseaux,,CHAMPIGNY-SUR-MARNE,,94,,,,,,,,,,,,,,,,,,,,,,,,,,,,,,,809280688,80928068800023,43.21A,,,,,,,,,,,sirene,
CONCEPTION ETUDES REALISATIONS ELECTRIQU,,,a contacter,,,,,,,,,,,,reseaux,,ROISSY-EN-FRANCE,,95,,,,,,,,,,,,,,,,,,,,,,,,,,,,,,,383422086,38342208600074,43.21A,,,,,,,,,,,sirene,
CONCEPTION REALISATION ELECTRIQUE,,,a contacter,,,,,,,,,,,,reseaux,,SAINT-VICTORET,,13,,,,,,,,,,,,,,,,,,,,,,,,,,,,,,,482466422,48246642200037,43.21A,,,,,,,,,,,sirene,
CONCEPTION RESEAU TELE COMMUNICATION,,,a contacter,,,,,,,,,,,,reseaux,,BAILLY-ROMAINVILLIERS,,77,,,,,,,,,,,,,,,,,,,,,,,,,,,,,,,377632559,37763255900052,43.21A,,,,,,,,,,,sirene,
CONDUITES ET CANALISATIONS ATLANTIQUE - COCA ATLANTIQUE,,,a contacter,,,,,,,,,,,,reseaux,,LA CHAPELLE-SUR-ERDRE,,44,,,,,,,,,,,,,,,,,,,,,,,,,,,,,,,402809016,40280901600072,42.21Z,,,,,,,,,,,sirene,
CONECT,,,a contacter,,,,,,,,,,,,reseaux,,VARENNES-SOUS-DUN,,71,,,,,,,,,,,,,,,,,,,,,,,,,,,,,,,317576452,31757645200021,43.21A,,,,,,,,,,,sirene,
CONECTIC,,,a contacter,,,,,,,,,,,,reseaux,,GRIGNY,,91,,,,,,,,,,,,,,,,,,,,,,,,,,,,,,,814209920,81420992000036,43.21A,,,,,,,,,,,sirene,
CONECTYS,,,a contacter,,,,,,,,,,,,reseaux,,LA FRETTE-SUR-SEINE,,95,,,,,,,,,,,,,,,,,,,,,,,,,,,,,,,853072221,85307222100015,43.21A,,,,,,,,,,,sirene,
CONEXIO TELECOM,,,a contacter,,,,,,,,,,,,reseaux,,BEZIERS,,34,,,,,,,,,,,,,,,,,,,,,,,,,,,,,,,824679815,82467981500079,61.90Z,,,,,,,,,,,sirene,
CONFORT ELEC SCO,,,a contacter,,,,,,,,,,,,reseaux,,NEUVILLE-AUX-BOIS,,45,,,,,,,,,,,,,,,,,,,,,,,,,,,,,,,792858748,79285874800033,43.21A,,,,,,,,,,,sirene,
CONFORT ELECTRICITE SERVICES,,,a contacter,,,,,,,,,,,,reseaux,,GRIES,,67,,,,,,,,,,,,,,,,,,,,,,,,,,,,,,,488564840,48856484000020,43.21A,,,,,,,,,,,sirene,
CONNECT,,,a contacter,,,,,,,,,,,,reseaux,,MITRY-MORY,,77,,,,,,,,,,,,,,,,,,,,,,,,,,,,,,,431794080,43179408000025,43.21A,,,,,,,,,,,sirene,
CONNECT SERVICES,,,a contacter,,,,,,,,,,,,reseaux,,SORIGNY,,37,,,,,,,,,,,,,,,,,,,,,,,,,,,,,,,790936066,79093606600055,61.90Z,,,,,,,,,,,sirene,
CONNECTING TECHNOLOGY,,,a contacter,,,,,,,,,,,,reseaux,,PARIS,,75,,,,,,,,,,,,,,,,,,,,,,,,,,,,,,,495085045,49508504500021,43.21A,,,,,,,,,,,sirene,
CONNEX ENERGY ET TELECOM,,,a contacter,,,,,,,,,,,,reseaux,,NIMES,,30,,,,,,,,,,,,,,,,,,,,,,,,,,,,,,,818442121,81844212100021,61.90Z,,,,,,,,,,,sirene,
CONNEXE TELECOMMUNICATION,,,a contacter,,,,,,,,,,,,reseaux,,CUISE-LA-MOTTE,,60,,,,,,,,,,,,,,,,,,,,,,,,,,,,,,,790112809,79011280900021,43.21A,,,,,,,,,,,sirene,
CONQUET ALEXANDRE,,,a contacter,,,,,,,,,,,,reseaux,,NARBONNE,,11,,,,,,,,,,,,,,,,,,,,,,,,,,,,,,,815297635,81529763500014,43.21A,,,,,,,,,,,sirene,
CONSEIL PARTENAIR MAINTENANCE INDUSTRIEL,,,a contacter,,,,,,,,,,,,reseaux,,ROCHETOIRIN,,38,,,,,,,,,,,,,,,,,,,,,,,,,,,,,,,379499791,37949979100042,43.21A,,,,,,,,,,,sirene,
CONSTRUCTION ELECTROTECHNIQUE DU BAT,,,a contacter,,,,,,,,,,,,reseaux,,BOURGES,,18,,,,,,,,,,,,,,,,,,,,,,,,,,,,,,,451235451,45123545100031,43.21A,,,,,,,,,,,sirene,
CONSTRUCTION ET INNOVATION EQUIPEMENTS ELECTRIQUES,,,a contacter,,,,,,,,,,,,reseaux,,GROSLAY,,95,,,,,,,,,,,,,,,,,,,,,,,,,,,,,,,752373548,75237354800011,43.21A,,,,,,,,,,,sirene,
CONSTRUCTION INSTALLATION ELECTRIQ LITTO,,,a contacter,,,,,,,,,,,,reseaux,,LA SEYNE SUR MER,,83,,,,,,,,,,,,,,,,,,,,,,,,,,,,,,,339438889,33943888900018,43.21A,,,,,,,,,,,sirene,
CONSTRUCTION MONTAGE MAINTENANCE INDUSTRIELLE,,,a contacter,,,,,,,,,,,,reseaux,,DOUCHY-LES-MINES,,59,,,,,,,,,,,,,,,,,,,,,,,,,,,,,,,429436637,42943663700020,43.21A,,,,,,,,,,,sirene,
CONSTRUCTIONS ELECTROTECHNIQUES DU SUD,,,a contacter,,,,,,,,,,,,reseaux,,BRIGNOLES,,83,,,,,,,,,,,,,,,,,,,,,,,,,,,,,,,390519080,39051908000027,43.21A,,,,,,,,,,,sirene,
CONTACTS SERVICES ENERGIES,,,a contacter,,,,,,,,,,,,reseaux,,AUDIERNE,,29,,,,,,,,,,,,,,,,,,,,,,,,,,,,,,,352842413,35284241300010,43.21A,,,,,,,,,,,sirene,
CONTANT,,,a contacter,,,,,,,,,,,,reseaux,,LUBERSAC,,19,,,,,,,,,,,,,,,,,,,,,,,,,,,,,,,331302109,33130210900011,42.22Z,,,,,,,,,,,sirene,
CONTI FRERES,,,a contacter,,,,,,,,,,,,reseaux,,GRILLON,,84,,,,,,,,,,,,,,,,,,,,,,,,,,,,,,,424790954,42479095400046,43.21A,,,,,,,,,,,sirene,
COOPERATIVE ELECTRICITE ET TRAVAUX PUBLICS,,,a contacter,,,,,,,,,,,,reseaux,,CERIZAY,,79,,,,,,,,,,,,,,,,,,,,,,,,,,,,,,,323355800,32335580000026,42.22Z,,,,,,,,,,,sirene,
COOPERATIVE ELECTRIQUE AIXOISE,,,a contacter,,,,,,,,,,,,reseaux,,LA CHAPELLE-SAINT-LUC,,10,,,,,,,,,,,,,,,,,,,,,,,,,,,,,,,344926613,34492661300037,42.22Z,,,,,,,,,,,sirene,
COOPERATIVE INDUSTRIELLE DE TRAVAUX ELECTRIQUES,,,a contacter,,,,,,,,,,,,reseaux,,SAINT-SULPICE-LA-POINTE,,81,,,,,,,,,,,,,,,,,,,,,,,,,,,,,,,327834529,32783452900056,42.22Z,,,,,,,,,,,sirene,
COOPERATIVE OUVRIERE MOSELLANE ELECTRICI,,,a contacter,,,,,,,,,,,,reseaux,,METZ,,57,,,,,,,,,,,,,,,,,,,,,,,,,,,,,,,393914098,39391409800040,43.21A,,,,,,,,,,,sirene,
COOPERATIVE TOULOUSAINE DU BATIMENT,,,a contacter,,,,,,,,,,,,reseaux,,TOULOUSE,,31,,,,,,,,,,,,,,,,,,,,,,,,,,,,,,,852221605,85222160500045,43.21A,,,,,,,,,,,sirene,
COPALEC,,,a contacter,,,,,,,,,,,,reseaux,,SAINT-OUEN-L'AUMONE,,95,,,,,,,,,,,,,,,,,,,,,,,,,,,,,,,883838682,88383868200028,43.21A,,,,,,,,,,,sirene,
COPLAND HTB,,,a contacter,,,,,,,,,,,,reseaux,,SAMADET,,40,,,,,,,,,,,,,,,,,,,,,,,,,,,,,,,443606041,44360604100087,42.22Z,,,,,,,,,,,sirene,
COPLAND SA SCOP,,,a contacter,,,,,,,,,,,,reseaux,,SAMADET,,40,,,,,,,,,,,,,,,,,,,,,,,,,,,,,,,323222554,32322255400038,42.22Z,,,,,,,,,,,sirene,
CORALEC,,,a contacter,,,,,,,,,,,,reseaux,,AULNAY-SOUS-BOIS,,93,,,,,,,,,,,,,,,,,,,,,,,,,,,,,,,315158949,31515894900026,43.21A,,,,,,,,,,,sirene,
CORASO,,,a contacter,,,,,,,,,,,,reseaux,,PESSAC,,33,,,,,,,,,,,,,,,,,,,,,,,,,,,,,,,420075244,42007524400079,43.21A,,,,,,,,,,,sirene,
CORDIER,,,a contacter,,,,,,,,,,,,reseaux,,AUTRECHE,,37,,,,,,,,,,,,,,,,,,,,,,,,,,,,,,,511577645,51157764500027,43.21A,,,,,,,,,,,sirene,
CORE ENERGIES,,,a contacter,,,,,,,,,,,,reseaux,,COURTHEZON,,84,,,,,,,,,,,,,,,,,,,,,,,,,,,,,,,812656247,81265624700028,43.21A,,,,,,,,,,,sirene,
COREBA SA,,,a contacter,,,,,,,,,,,,reseaux,,HASPARREN,,64,,,,,,,,,,,,,,,,,,,,,,,,,,,,,,,327931978,32793197800024,42.22Z,,,,,,,,,,,sirene,
CORETEL EQUIPEMENTS,,,a contacter,,,,,,,,,,,,reseaux,,BEAUVAIS,,60,,,,,,,,,,,,,,,,,,,,,,,,,,,,,,,328751466,32875146600090,42.22Z,,,,,,,,,,,sirene,
COREX,,,a contacter,,,,,,,,,,,,reseaux,,SAINT-DENIS,,974,,,,,,,,,,,,,,,,,,,,,,,,,,,,,,,480560911,48056091100046,42.22Z,,,,,,,,,,,sirene,
CORIOLIS TELECOM SAS,,,a contacter,,,,,,,,,,,,reseaux,,PARIS 15,,75,,,,,,,,,,,,,,,,,,,,,,,,,,,,,,,419735741,41973574100425,61.20Z,,,,,,,,,,,sirene,
CORNILLON ELECTRICITE,,,a contacter,,,,,,,,,,,,reseaux,,SALLANCHES,,74,,,,,,,,,,,,,,,,,,,,,,,,,,,,,,,323841080,32384108000043,43.21A,,,,,,,,,,,sirene,
CORSE TELECOM,,,a contacter,,,,,,,,,,,,reseaux,,BORGO,,2B,,,,,,,,,,,,,,,,,,,,,,,,,,,,,,,347711392,34771139200014,43.21A,,,,,,,,,,,sirene,
CORSE VIDEO COM,,,a contacter,,,,,,,,,,,,reseaux,,BORGO,,2B,,,,,,,,,,,,,,,,,,,,,,,,,,,,,,,394371744,39437174400019,43.21A,,,,,,,,,,,sirene,
CORSICA CONNECT,,,a contacter,,,,,,,,,,,,reseaux,,BASTIA,,2B,,,,,,,,,,,,,,,,,,,,,,,,,,,,,,,884332107,88433210700025,42.22Z,,,,,,,,,,,sirene,
CORSICA RETE TECNOLOGICHE - CRT,,,a contacter,,,,,,,,,,,,reseaux,,BORGO,,2B,,,,,,,,,,,,,,,,,,,,,,,,,,,,,,,840111314,84011131400034,42.22Z,,,,,,,,,,,sirene,
COTE SAS,,,a contacter,,,,,,,,,,,,reseaux,,LES ROCHES-DE-CONDRIEU,,38,,,,,,,,,,,,,,,,,,,,,,,,,,,,,,,703680348,70368034800058,43.21A,,,,,,,,,,,sirene,
COTEB CODIEL,,,a contacter,,,,,,,,,,,,reseaux,,BESANCON,,25,,,,,,,,,,,,,,,,,,,,,,,,,,,,,,,315401679,31540167900206,43.21A,,,,,,,,,,,sirene,
COTELEC,,,a contacter,,,,,,,,,,,,reseaux,,VANAULT-LES-DAMES,,51,,,,,,,,,,,,,,,,,,,,,,,,,,,,,,,489921031,48992103100022,43.21A,,,,,,,,,,,sirene,
COTRAM ASSAINISSEMENT,,,a contacter,,,,,,,,,,,,reseaux,,LE ROBERT,,972,,,,,,,,,,,,,,,,,,,,,,,,,,,,,,,433872272,43387227200052,42.21Z,,,,,,,,,,,sirene,
COUE MICHAUD,,,a contacter,,,,,,,,,,,,reseaux,,ECHIRE,,79,,,,,,,,,,,,,,,,,,,,,,,,,,,,,,,027380294,02738029400036,43.21A,,,,,,,,,,,sirene,
COUENNE GUEMAU,,,a contacter,,,,,,,,,,,,reseaux,,SAINT-SENIER-SOUS-AVRANCHES,,50,,,,,,,,,,,,,,,,,,,,,,,,,,,,,,,827931528,82793152800018,43.21A,,,,,,,,,,,sirene,
COURANTS ELECT FORTS ET FAIBLE,,,a contacter,,,,,,,,,,,,reseaux,,COMPIEGNE,,60,,,,,,,,,,,,,,,,,,,,,,,,,,,,,,,312031925,31203192500026,43.21A,,,,,,,,,,,sirene,
COURDENT,,,a contacter,,,,,,,,,,,,reseaux,,FLEURBAIX,,62,,,,,,,,,,,,,,,,,,,,,,,,,,,,,,,399675719,39967571900013,42.21Z,,,,,,,,,,,sirene,
COURSEAUX OLIVIER SARL,,,a contacter,,,,,,,,,,,,reseaux,,AUZEBOSC,,76,,,,,,,,,,,,,,,,,,,,,,,,,,,,,,,439649070,43964907000026,43.21A,,,,,,,,,,,sirene,
COVAGE INFRA,,,a contacter,,,,,,,,,,,,reseaux,,COURBEVOIE,,92,,,,,,,,,,,,,,,,,,,,,,,,,,,,,,,894565431,89456543100265,61.90Z,,,,,,,,,,,sirene,
COVELEC,,,a contacter,,,,,,,,,,,,reseaux,,SAINT-OUEN-L'AUMONE,,95,,,,,,,,,,,,,,,,,,,,,,,,,,,,,,,418923363,41892336300034,43.21A,,,,,,,,,,,sirene,
COVERCOM,,,a contacter,,,,,,,,,,,,reseaux,,DIJON,,21,,,,,,,,,,,,,,,,,,,,,,,,,,,,,,,445171630,44517163000160,61.20Z,,,,,,,,,,,sirene,
COVOLO ELECTRICITE SAS,,,a contacter,,,,,,,,,,,,reseaux,,BOIS-LE-ROI,,77,,,,,,,,,,,,,,,,,,,,,,,,,,,,,,,320877186,32087718600025,43.21A,,,,,,,,,,,sirene,
CPROM,,,a contacter,,,,,,,,,,,,reseaux,,YVRAC,,33,,,,,,,,,,,,,,,,,,,,,,,,,,,,,,,829304674,82930467400015,43.21A,,,,,,,,,,,sirene,
CREATYS,,,a contacter,,,,,,,,,,,,reseaux,,VILLENOY,,77,,,,,,,,,,,,,,,,,,,,,,,,,,,,,,,480567023,48056702300043,43.21A,,,,,,,,,,,sirene,
CREAZUR06,,,a contacter,,,,,,,,,,,,reseaux,,CARROS,,06,,,,,,,,,,,,,,,,,,,,,,,,,,,,,,,528169113,52816911300024,42.21Z,,,,,,,,,,,sirene,
CRINNOV'ENERGIES,,,a contacter,,,,,,,,,,,,reseaux,,MERIGNAC,,33,,,,,,,,,,,,,,,,,,,,,,,,,,,,,,,822419024,82241902400028,43.21A,,,,,,,,,,,sirene,
CRJ & HD TELECOM,,,a contacter,,,,,,,,,,,,reseaux,,THAON-LES-VOSGES,,88,,,,,,,,,,,,,,,,,,,,,,,,,,,,,,,798686911,79868691100040,42.22Z,,,,,,,,,,,sirene,
CROUVIZIER WUTSCHER,,,a contacter,,,,,,,,,,,,reseaux,,MONCEL-LES-LUNEVILLE,,54,,,,,,,,,,,,,,,,,,,,,,,,,,,,,,,434838868,43483886800025,43.21A,,,,,,,,,,,sirene,
CS SERVICES,,,a contacter,,,,,,,,,,,,reseaux,,PARIS,,75,,,,,,,,,,,,,,,,,,,,,,,,,,,,,,,920799806,92079980600012,43.21A,,,,,,,,,,,sirene,
CSC,,,a contacter,,,,,,,,,,,,reseaux,,SILLE-LE-GUILLAUME,,72,,,,,,,,,,,,,,,,,,,,,,,,,,,,,,,535066088,53506608800027,43.21A,,,,,,,,,,,sirene,
CSE CONCEPTION ET SYSTEMES ELECTROTECHNIQUES,,,a contacter,,,,,,,,,,,,reseaux,,VEDENE,,84,,,,,,,,,,,,,,,,,,,,,,,,,,,,,,,417963600,41796360000024,43.21A,,,,,,,,,,,sirene,
CTE CARAIBES,,,a contacter,,,,,,,,,,,,reseaux,,BAIE-MAHAULT,,971,,,,,,,,,,,,,,,,,,,,,,,,,,,,,,,494819386,49481938600033,43.21A,,,,,,,,,,,sirene,
CTEAM LIGNES AERIENNES,,,a contacter,,,,,,,,,,,,reseaux,,MONSWILLER,,67,,,,,,,,,,,,,,,,,,,,,,,,,,,,,,,802668327,80266832700033,42.22Z,,,,,,,,,,,sirene,
CTN RESEAUX,,,a contacter,,,,,,,,,,,,reseaux,,NEUFCHATEL-EN-BRAY,,76,,,,,,,,,,,,,,,,,,,,,,,,,,,,,,,914689898,91468989800015,43.21B,,,,,,,,,,,sirene,
CTRTN,,,a contacter,,,,,,,,,,,,reseaux,,AUZEBOSC,,76,,,,,,,,,,,,,,,,,,,,,,,,,,,,,,,812788511,81278851100028,42.22Z,,,,,,,,,,,sirene,
CTS COMPUTERS AND TELECOMMUNICATIONS SYSTEMS,,,a contacter,,,,,,,,,,,,reseaux,,CHAMPS-SUR-MARNE,,77,,,,,,,,,,,,,,,,,,,,,,,,,,,,,,,378499073,37849907300088,61.10Z,,,,,,,,,,,sirene,
CV3E,,,a contacter,,,,,,,,,,,,reseaux,,SEPTEMES-LES-VALLONS,,13,,,,,,,,,,,,,,,,,,,,,,,,,,,,,,,819928409,81992840900047,43.21A,,,,,,,,,,,sirene,
CYRIL CUENCA (LIBERTY.COM),,,a contacter,,,,,,,,,,,,reseaux,,CIVRIEUX,,01,,,,,,,,,,,,,,,,,,,,,,,,,,,,,,,451817225,45181722500118,61.10Z,,,,,,,,,,,sirene,
CYRILLE DARDENNE,,,a contacter,,,,,,,,,,,,reseaux,,MANDELIEU-LA-NAPOULE,,06,,,,,,,,,,,,,,,,,,,,,,,,,,,,,,,793318882,79331888200016,43.21A,,,,,,,,,,,sirene,
CYRUS TECHNOLOGY,,,a contacter,,,,,,,,,,,,reseaux,,SAINTE-GENEVIEVE-DES-BOIS,,91,,,,,,,,,,,,,,,,,,,,,,,,,,,,,,,891211401,89121140100023,43.21A,,,,,,,,,,,sirene,
CYSTEL RESEAUX,,,a contacter,,,,,,,,,,,,reseaux,,YERVILLE,,76,,,,,,,,,,,,,,,,,,,,,,,,,,,,,,,482788510,48278851000022,43.21A,,,,,,,,,,,sirene,
D G S,,,a contacter,,,,,,,,,,,,reseaux,,VALLIQUERVILLE,,76,,,,,,,,,,,,,,,,,,,,,,,,,,,,,,,528830995,52883099500015,43.21A,,,,,,,,,,,sirene,
D V B,,,a contacter,,,,,,,,,,,,reseaux,,LE POIRE-SUR-VIE,,85,,,,,,,,,,,,,,,,,,,,,,,,,,,,,,,451114540,45111454000011,43.21A,,,,,,,,,,,sirene,
D&S TP,,,a contacter,,,,,,,,,,,,reseaux,,ESTOURMEL,,59,,,,,,,,,,,,,,,,,,,,,,,,,,,,,,,841397375,84139737500012,42.21Z,,,,,,,,,,,sirene,
D'CLIC ELEC,,,a contacter,,,,,,,,,,,,reseaux,,BOUAYE,,44,,,,,,,,,,,,,,,,,,,,,,,,,,,,,,,488897471,48889747100048,43.21A,,,,,,,,,,,sirene,
D. PAROTON,,,a contacter,,,,,,,,,,,,reseaux,,GUERET,,23,,,,,,,,,,,,,,,,,,,,,,,,,,,,,,,378759096,37875909600043,43.21A,,,,,,,,,,,sirene,
D.E.L.,,,a contacter,,,,,,,,,,,,reseaux,,OZOIR-LA-FERRIERE,,77,,,,,,,,,,,,,,,,,,,,,,,,,,,,,,,833306327,83330632700010,43.21A,,,,,,,,,,,sirene,
D.H.T.P.,,,a contacter,,,,,,,,,,,,reseaux,,L'ISLE-ADAM,,95,,,,,,,,,,,,,,,,,,,,,,,,,,,,,,,449675677,44967567700024,42.21Z,,,,,,,,,,,sirene,
D4OPTIC,,,a contacter,,,,,,,,,,,,reseaux,,VILLENEUVE-LA-GARENNE,,92,,,,,,,,,,,,,,,,,,,,,,,,,,,,,,,833750052,83375005200023,61.90Z,,,,,,,,,,,sirene,
DA SOLUTIONS,,,a contacter,,,,,,,,,,,,reseaux,,MONTELIMAR,,26,,,,,,,,,,,,,,,,,,,,,,,,,,,,,,,877687046,87768704600012,43.21A,,,,,,,,,,,sirene,
DAC SARL SOLAMI,,,a contacter,,,,,,,,,,,,reseaux,,SAINT-PIERRE,,974,,,,,,,,,,,,,,,,,,,,,,,,,,,,,,,423886860,42388686000034,43.21A,,,,,,,,,,,sirene,
DAER,,,a contacter,,,,,,,,,,,,reseaux,,BRUNSTATT-DIDENHEIM,,68,,,,,,,,,,,,,,,,,,,,,,,,,,,,,,,502008535,50200853500036,43.21A,,,,,,,,,,,sirene,
DAHURON,,,a contacter,,,,,,,,,,,,reseaux,,SAINT-OUEN,,41,,,,,,,,,,,,,,,,,,,,,,,,,,,,,,,411694300,41169430000038,43.21A,,,,,,,,,,,sirene,
DALBERA,,,a contacter,,,,,,,,,,,,reseaux,,MALAKOFF,,92,,,,,,,,,,,,,,,,,,,,,,,,,,,,,,,410113500,41011350000020,43.21A,,,,,,,,,,,sirene,
DANELEC,,,a contacter,,,,,,,,,,,,reseaux,,MAISONS-ALFORT,,94,,,,,,,,,,,,,,,,,,,,,,,,,,,,,,,378944524,37894452400032,43.21A,,,,,,,,,,,sirene,
DANIEL LE GUILLANT,,,a contacter,,,,,,,,,,,,reseaux,,PLOEMEL,,56,,,,,,,,,,,,,,,,,,,,,,,,,,,,,,,478496268,47849626800028,43.21A,,,,,,,,,,,sirene,
DARLAVOIX,,,a contacter,,,,,,,,,,,,reseaux,,SAINT-YRIEIX-LA-PERCHE,,87,,,,,,,,,,,,,,,,,,,,,,,,,,,,,,,311878276,31187827600071,42.22Z,,,,,,,,,,,sirene,
DARRAS ET JOUANIN,,,a contacter,,,,,,,,,,,,reseaux,,VIRY-CHATILLON,,91,,,,,,,,,,,,,,,,,,,,,,,,,,,,,,,775725419,77572541900086,42.21Z,,,,,,,,,,,sirene,
DATA CABLING SYSTEMS,,,a contacter,,,,,,,,,,,,reseaux,,SAINT-DENIS,,93,,,,,,,,,,,,,,,,,,,,,,,,,,,,,,,753338326,75333832600030,43.21A,,,,,,,,,,,sirene,
DATA HERTZ,,,a contacter,,,,,,,,,,,,reseaux,,MARGUERITTES,,30,,,,,,,,,,,,,,,,,,,,,,,,,,,,,,,520334467,52033446700039,42.22Z,,,,,,,,,,,sirene,
DATI SECURITE,,,a contacter,,,,,,,,,,,,reseaux,,HEM,,59,,,,,,,,,,,,,,,,,,,,,,,,,,,,,,,329777833,32977783300057,43.21A,,,,,,,,,,,sirene,
DAUDET ELECTRICITE,,,a contacter,,,,,,,,,,,,reseaux,,CRESPIAN,,30,,,,,,,,,,,,,,,,,,,,,,,,,,,,,,,453286791,45328679100018,42.22Z,,,,,,,,,,,sirene,
DAUPHIN TELECOM GUADELOUPE,,,a contacter,,,,,,,,,,,,reseaux,,LES ABYMES,,971,,,,,,,,,,,,,,,,,,,,,,,,,,,,,,,504845397,50484539700042,61.10Z,,,,,,,,,,,sirene,
DAUPHIN TELECOM INFRASTRUCTURE,,,a contacter,,,,,,,,,,,,reseaux,,SAINT MARTIN,,978,,,,,,,,,,,,,,,,,,,,,,,,,,,,,,,851038976,85103897600011,61.10Z,,,,,,,,,,,sirene,
DAUPHINE AUTOMATISMES REGULATIONS,,,a contacter,,,,,,,,,,,,reseaux,,SEYSSINS,,38,,,,,,,,,,,,,,,,,,,,,,,,,,,,,,,842507642,84250764200010,43.21A,,,,,,,,,,,sirene,
DAUPHINE SAVOIE MAINTENANCE SERVICES,,,a contacter,,,,,,,,,,,,reseaux,,GRENOBLE,,38,,,,,,,,,,,,,,,,,,,,,,,,,,,,,,,537908618,53790861800060,43.21A,,,,,,,,,,,sirene,
DAZZA,,,a contacter,,,,,,,,,,,,reseaux,,PUBLIER,,74,,,,,,,,,,,,,,,,,,,,,,,,,,,,,,,795780246,79578024600026,42.21Z,,,,,,,,,,,sirene,
DB MORIN ELECTRICITE,,,a contacter,,,,,,,,,,,,reseaux,,COURBEPINE,,27,,,,,,,,,,,,,,,,,,,,,,,,,,,,,,,849853973,84985397300022,43.21A,,,,,,,,,,,sirene,
DBTELECOM FRANCE,,,a contacter,,,,,,,,,,,,reseaux,,LYON,,69,,,,,,,,,,,,,,,,,,,,,,,,,,,,,,,898734256,89873425600016,43.21A,,,,,,,,,,,sirene,
DC ENERGIE,,,a contacter,,,,,,,,,,,,reseaux,,MUZILLAC,,56,,,,,,,,,,,,,,,,,,,,,,,,,,,,,,,324477942,32447794200027,43.21A,,,,,,,,,,,sirene,
DCC,,,a contacter,,,,,,,,,,,,reseaux,,SAINT-OUEN-SUR-SEINE,,93,,,,,,,,,,,,,,,,,,,,,,,,,,,,,,,822657508,82265750800013,61.10Z,,,,,,,,,,,sirene,
DD CONNECTION,,,a contacter,,,,,,,,,,,,reseaux,,SOMAIN,,59,,,,,,,,,,,,,,,,,,,,,,,,,,,,,,,852967769,85296776900021,43.21A,,,,,,,,,,,sirene,
"DE BETELU XABIER, ELECTRICITE GENERALE",,,a contacter,,,,,,,,,,,,reseaux,,BIARRITZ,,64,,,,,,,,,,,,,,,,,,,,,,,,,,,,,,,480084748,48008474800015,43.21A,,,,,,,,,,,sirene,
DE CASTRO INDUSTRIE,,,a contacter,,,,,,,,,,,,reseaux,,SAINT-PAUL-LES-DURANCE,,13,,,,,,,,,,,,,,,,,,,,,,,,,,,,,,,309397479,30939747900069,43.21A,,,,,,,,,,,sirene,
DE ROMEIN,,,a contacter,,,,,,,,,,,,reseaux,,CHANTILLY,,60,,,,,,,,,,,,,,,,,,,,,,,,,,,,,,,842866667,84286666700020,42.22Z,,,,,,,,,,,sirene,
DE SOUZA BARBOSA HABITAT,,,a contacter,,,,,,,,,,,,reseaux,,CROIX,,59,,,,,,,,,,,,,,,,,,,,,,,,,,,,,,,497619874,49761987400041,43.21A,,,,,,,,,,,sirene,
DEAL HYDRAULIQUE,,,a contacter,,,,,,,,,,,,reseaux,,SAINT-PRIEST,,69,,,,,,,,,,,,,,,,,,,,,,,,,,,,,,,799068440,79906844000012,42.21Z,,,,,,,,,,,sirene,
DEBE-DESCHAMPS ET BAROUX-ELECTRICITE,,,a contacter,,,,,,,,,,,,reseaux,,COLOMBES,,92,,,,,,,,,,,,,,,,,,,,,,,,,,,,,,,722060688,72206068800016,43.21A,,,,,,,,,,,sirene,
DEBEAUX,,,a contacter,,,,,,,,,,,,reseaux,,BEAUMONT-LES-VALENCE,,26,,,,,,,,,,,,,,,,,,,,,,,,,,,,,,,327878427,32787842700027,43.21A,,,,,,,,,,,sirene,
DEBELEC,,,a contacter,,,,,,,,,,,,reseaux,,CARCASSONNE,,11,,,,,,,,,,,,,,,,,,,,,,,,,,,,,,,390036838,39003683800105,43.21A,,,,,,,,,,,sirene,
DEBEURME ELECTRICITE,,,a contacter,,,,,,,,,,,,reseaux,,WATTRELOS,,59,,,,,,,,,,,,,,,,,,,,,,,,,,,,,,,391900248,39190024800033,43.21A,,,,,,,,,,,sirene,
DECLIC ACCESS,,,a contacter,,,,,,,,,,,,reseaux,,FLERS-EN-ESCREBIEUX,,59,,,,,,,,,,,,,,,,,,,,,,,,,,,,,,,824338271,82433827100029,43.21A,,,,,,,,,,,sirene,
DECLICOM,,,a contacter,,,,,,,,,,,,reseaux,,SAINT-OUEN-SUR-SEINE,,93,,,,,,,,,,,,,,,,,,,,,,,,,,,,,,,839589389,83958938900023,61.90Z,,,,,,,,,,,sirene,
DECORIM,,,a contacter,,,,,,,,,,,,reseaux,,PARIS,,75,,,,,,,,,,,,,,,,,,,,,,,,,,,,,,,490754017,49075401700013,43.21A,,,,,,,,,,,sirene,
DEF MARINE,,,a contacter,,,,,,,,,,,,reseaux,,ORVAULT,,44,,,,,,,,,,,,,,,,,,,,,,,,,,,,,,,533936183,53393618300011,43.21A,,,,,,,,,,,sirene,
DEGOIS ELECTRICITE AUTOMATISMES,,,a contacter,,,,,,,,,,,,reseaux,,LIMOGES,,87,,,,,,,,,,,,,,,,,,,,,,,,,,,,,,,484231477,48423147700023,43.21A,,,,,,,,,,,sirene,
DEHE TP ENVIRONNEMENT,,,a contacter,,,,,,,,,,,,reseaux,,VANNES,,56,,,,,,,,,,,,,,,,,,,,,,,,,,,,,,,480084680,48008468000028,42.21Z,,,,,,,,,,,sirene,
DEL GIGLIO - PLAC - ELEC - ISOLATION - ENTREPRISE GENERALE,,,a contacter,,,,,,,,,,,,reseaux,,WARCQ,,08,,,,,,,,,,,,,,,,,,,,,,,,,,,,,,,500702907,50070290700030,43.21A,,,,,,,,,,,sirene,
DELAIRE - SDEL,,,a contacter,,,,,,,,,,,,reseaux,,CHEF-BOUTONNE,,79,,,,,,,,,,,,,,,,,,,,,,,,,,,,,,,421566266,42156626600027,42.22Z,,,,,,,,,,,sirene,
DELECSYS,,,a contacter,,,,,,,,,,,,reseaux,,MEYZIEU,,69,,,,,,,,,,,,,,,,,,,,,,,,,,,,,,,493825889,49382588900022,43.21A,,,,,,,,,,,sirene,
DELEURENCE,,,a contacter,,,,,,,,,,,,reseaux,,WALLON-CAPPEL,,59,,,,,,,,,,,,,,,,,,,,,,,,,,,,,,,812163186,81216318600016,43.21A,,,,,,,,,,,sirene,
DELTA - ELEC,,,a contacter,,,,,,,,,,,,reseaux,,L'ISLE-JOURDAIN,,32,,,,,,,,,,,,,,,,,,,,,,,,,,,,,,,402395768,40239576800037,43.21A,,,,,,,,,,,sirene,
DELTA COM FIBRE,,,a contacter,,,,,,,,,,,,reseaux,,MULHOUSE,,68,,,,,,,,,,,,,,,,,,,,,,,,,,,,,,,952668424,95266842400015,43.21A,,,,,,,,,,,sirene,
DELTA COMMUNICATIONS,,,a contacter,,,,,,,,,,,,reseaux,,MALAKOFF,,92,,,,,,,,,,,,,,,,,,,,,,,,,,,,,,,515015055,51501505500038,61.10Z,,,,,,,,,,,sirene,
DELTA CONNECT,,,a contacter,,,,,,,,,,,,reseaux,,VILLABE,,91,,,,,,,,,,,,,,,,,,,,,,,,,,,,,,,878429265,87842926500027,43.21A,,,,,,,,,,,sirene,
DELTA ELECTRICITE ELECTRONIQUE ETUDES,,,a contacter,,,,,,,,,,,,reseaux,,MANOSQUE,,04,,,,,,,,,,,,,,,,,,,,,,,,,,,,,,,325421261,32542126100067,43.21A,,,,,,,,,,,sirene,
DELTA ENERGIE,,,a contacter,,,,,,,,,,,,reseaux,,LILLEBONNE,,76,,,,,,,,,,,,,,,,,,,,,,,,,,,,,,,824132005,82413200500029,43.21A,,,,,,,,,,,sirene,
DELTA SERTEC,,,a contacter,,,,,,,,,,,,reseaux,,MARSEILLE,,13,,,,,,,,,,,,,,,,,,,,,,,,,,,,,,,950012989,95001298900063,43.21A,,,,,,,,,,,sirene,
DELTA SERVICES,,,a contacter,,,,,,,,,,,,reseaux,,LIMOGES,,87,,,,,,,,,,,,,,,,,,,,,,,,,,,,,,,383595311,38359531100010,43.21A,,,,,,,,,,,sirene,
DELTACOM,,,a contacter,,,,,,,,,,,,reseaux,,PERI,,2A,,,,,,,,,,,,,,,,,,,,,,,,,,,,,,,750041816,75004181600018,43.21A,,,,,,,,,,,sirene,
DELTANOV ORIGIN,,,a contacter,,,,,,,,,,,,reseaux,,BEZIERS,,34,,,,,,,,,,,,,,,,,,,,,,,,,,,,,,,392459475,39245947500035,43.21A,,,,,,,,,,,sirene,
DELTATECH,,,a contacter,,,,,,,,,,,,reseaux,,GRETZ ARMAINVILLIERS,,77,,,,,,,,,,,,,,,,,,,,,,,,,,,,,,,324623289,32462328900042,43.21A,,,,,,,,,,,sirene,
DEM ELEC,,,a contacter,,,,,,,,,,,,reseaux,,PERIGNY SUR YERRES,,94,,,,,,,,,,,,,,,,,,,,,,,,,,,,,,,487442667,48744266700035,43.21A,,,,,,,,,,,sirene,
DEM'S ELEC,,,a contacter,,,,,,,,,,,,reseaux,,FAUVERNEY,,21,,,,,,,,,,,,,,,,,,,,,,,,,,,,,,,844508564,84450856400037,43.21A,,,,,,,,,,,sirene,
DEMB,,,a contacter,,,,,,,,,,,,reseaux,,FORT-DE-FRANCE,,972,,,,,,,,,,,,,,,,,,,,,,,,,,,,,,,484151501,48415150100059,61.90Z,,,,,,,,,,,sirene,
DEMETER,,,a contacter,,,,,,,,,,,,reseaux,,LEMPDES,,63,,,,,,,,,,,,,,,,,,,,,,,,,,,,,,,531466183,53146618300021,43.21A,,,,,,,,,,,sirene,
DENIZEAU FRANK SARL,,,a contacter,,,,,,,,,,,,reseaux,,CHILLEURS-AUX-BOIS,,45,,,,,,,,,,,,,,,,,,,,,,,,,,,,,,,449462399,44946239900022,43.21A,,,,,,,,,,,sirene,
DENYS FRANCE,,,a contacter,,,,,,,,,,,,reseaux,,MERIGNAC,,33,,,,,,,,,,,,,,,,,,,,,,,,,,,,,,,503648180,50364818000043,42.21Z,,,,,,,,,,,sirene,
DEOUST,,,a contacter,,,,,,,,,,,,reseaux,,TROYES,,10,,,,,,,,,,,,,,,,,,,,,,,,,,,,,,,494690936,49469093600021,43.21A,,,,,,,,,,,sirene,
DEP'ELEC,,,a contacter,,,,,,,,,,,,reseaux,,SAINTE-COLOMBE-SUR-SEINE,,21,,,,,,,,,,,,,,,,,,,,,,,,,,,,,,,879302107,87930210700013,43.21A,,,,,,,,,,,sirene,
DERICHEBOURG ENERGIE E.P.,,,a contacter,,,,,,,,,,,,reseaux,,CRETEIL,,94,,,,,,,,,,,,,,,,,,,,,,,,,,,,,,,753079698,75307969800084,43.21A,,,,,,,,,,,sirene,
DES,,,a contacter,,,,,,,,,,,,reseaux,,FEUQUIERES-EN-VIMEU,,80,,,,,,,,,,,,,,,,,,,,,,,,,,,,,,,814617833,81461783300029,43.21A,,,,,,,,,,,sirene,
DESMERCIERES ELECTRICITE GENERALE,,,a contacter,,,,,,,,,,,,reseaux,,TOULON-SUR-ALLIER,,03,,,,,,,,,,,,,,,,,,,,,,,,,,,,,,,380625665,38062566500035,43.21A,,,,,,,,,,,sirene,
DESPAGNET TP,,,a contacter,,,,,,,,,,,,reseaux,,ARROS-DE-NAY,,64,,,,,,,,,,,,,,,,,,,,,,,,,,,,,,,384861878,38486187800021,42.22Z,,,,,,,,,,,sirene,
DESPLEBAINS FOUSSETTE,,,a contacter,,,,,,,,,,,,reseaux,,CHATELLERAULT,,86,,,,,,,,,,,,,,,,,,,,,,,,,,,,,,,305348492,30534849200078,43.21A,,,,,,,,,,,sirene,
DESSAIGNE-S.C.F.,,,a contacter,,,,,,,,,,,,reseaux,,CHANGE,,53,,,,,,,,,,,,,,,,,,,,,,,,,,,,,,,752600890,75260089000012,43.21A,,,,,,,,,,,sirene,
DESTINY FRANCE PARTENAIRES,,,a contacter,,,,,,,,,,,,reseaux,,CLICHY,,92,,,,,,,,,,,,,,,,,,,,,,,,,,,,,,,482858339,48285833900062,61.10Z,,,,,,,,,,,sirene,
DESTINY FRANCE SERVICE CENTER SAS,,,a contacter,,,,,,,,,,,,reseaux,,CLICHY,,92,,,,,,,,,,,,,,,,,,,,,,,,,,,,,,,880577499,88057749900028,61.10Z,,,,,,,,,,,sirene,
DETECTION ANALYSE SECURITE - MAINTENANCE,,,a contacter,,,,,,,,,,,,reseaux,,ANGLET,,64,,,,,,,,,,,,,,,,,,,,,,,,,,,,,,,411356728,41135672800021,43.21A,,,,,,,,,,,sirene,
DEVELOP ELEC,,,a contacter,,,,,,,,,,,,reseaux,,TOURCOING,,59,,,,,,,,,,,,,,,,,,,,,,,,,,,,,,,399389584,39938958400042,43.21A,,,,,,,,,,,sirene,
DG CABLES,,,a contacter,,,,,,,,,,,,reseaux,,HOUDAIN,,62,,,,,,,,,,,,,,,,,,,,,,,,,,,,,,,794943704,79494370400021,43.21A,,,,,,,,,,,sirene,
DG TEL & COM,,,a contacter,,,,,,,,,,,,reseaux,,JURY,,57,,,,,,,,,,,,,,,,,,,,,,,,,,,,,,,381492545,38149254500045,43.21A,,,,,,,,,,,sirene,
DGE HABITAT,,,a contacter,,,,,,,,,,,,reseaux,,PLABENNEC,,29,,,,,,,,,,,,,,,,,,,,,,,,,,,,,,,527678114,52767811400036,43.21A,,,,,,,,,,,sirene,
DIADEM,,,a contacter,,,,,,,,,,,,reseaux,,AVERMES,,03,,,,,,,,,,,,,,,,,,,,,,,,,,,,,,,434907168,43490716800034,43.21A,,,,,,,,,,,sirene,
DIDIER DELPORTE,,,a contacter,,,,,,,,,,,,reseaux,,MARCQ-EN-BARŒUL,,59,,,,,,,,,,,,,,,,,,,,,,,,,,,,,,,310472527,31047252700053,43.21A,,,,,,,,,,,sirene,
DIEPPE ELECTRICITE,,,a contacter,,,,,,,,,,,,reseaux,,ROUXMESNIL-BOUTEILLES,,76,,,,,,,,,,,,,,,,,,,,,,,,,,,,,,,847675048,84767504800023,43.21A,,,,,,,,,,,sirene,
DIGELEC,,,a contacter,,,,,,,,,,,,reseaux,,LE BLANC-MESNIL,,93,,,,,,,,,,,,,,,,,,,,,,,,,,,,,,,339943615,33994361500023,43.21A,,,,,,,,,,,sirene,
DIGICEL ANTILLES FRANCAISES GUYANE,,,a contacter,,,,,,,,,,,,reseaux,,DUCOS,,972,,,,,,,,,,,,,,,,,,,,,,,,,,,,,,,431416288,43141628800022,61.20Z,,,,,,,,,,,sirene,
DIGISECUR,,,a contacter,,,,,,,,,,,,reseaux,,PARIS,,75,,,,,,,,,,,,,,,,,,,,,,,,,,,,,,,802442426,80244242600051,43.21A,,,,,,,,,,,sirene,
DIGITAL VIRGO FRANCE,,,a contacter,,,,,,,,,,,,reseaux,,AIX-EN-PROVENCE,,13,,,,,,,,,,,,,,,,,,,,,,,,,,,,,,,430325811,43032581100130,61.90Z,,,,,,,,,,,sirene,
DIGITECH TELECOMS,,,a contacter,,,,,,,,,,,,reseaux,,MONTIGNY-EN-OSTREVENT,,59,,,,,,,,,,,,,,,,,,,,,,,,,,,,,,,878506468,87850646800023,43.21A,,,,,,,,,,,sirene,
DIM'AP,,,a contacter,,,,,,,,,,,,reseaux,,AUBERVILLIERS,,93,,,,,,,,,,,,,,,,,,,,,,,,,,,,,,,389949959,38994995900032,43.21A,,,,,,,,,,,sirene,
DIMAPHONIE-VOLLERTSEN,,,a contacter,,,,,,,,,,,,reseaux,,CLICHY,,92,,,,,,,,,,,,,,,,,,,,,,,,,,,,,,,751412057,75141205700026,43.21A,,,,,,,,,,,sirene,
DISPLEG 35,,,a contacter,,,,,,,,,,,,reseaux,,LIFFRE,,35,,,,,,,,,,,,,,,,,,,,,,,,,,,,,,,922210620,92221062000022,42.22Z,,,,,,,,,,,sirene,
DK WORKING,,,a contacter,,,,,,,,,,,,reseaux,,FLERS-EN-ESCREBIEUX,,59,,,,,,,,,,,,,,,,,,,,,,,,,,,,,,,910602218,91060221800018,43.21A,,,,,,,,,,,sirene,
DLE OUEST,,,a contacter,,,,,,,,,,,,reseaux,,LA CHAPELLE-SUR-ERDRE,,44,,,,,,,,,,,,,,,,,,,,,,,,,,,,,,,487549057,48754905700015,42.21Z,,,,,,,,,,,sirene,
DLP CONNECT,,,a contacter,,,,,,,,,,,,reseaux,,LIMONEST,,69,,,,,,,,,,,,,,,,,,,,,,,,,,,,,,,451663637,45166363700044,43.21A,,,,,,,,,,,sirene,
DME,,,a contacter,,,,,,,,,,,,reseaux,,COURLAOUX,,39,,,,,,,,,,,,,,,,,,,,,,,,,,,,,,,950378315,95037831500028,43.21A,,,,,,,,,,,sirene,
DMF,,,a contacter,,,,,,,,,,,,reseaux,,LE PIAN-MEDOC,,33,,,,,,,,,,,,,,,,,,,,,,,,,,,,,,,331441741,33144174100047,43.21A,,,,,,,,,,,sirene,
DMP SERVICES,,,a contacter,,,,,,,,,,,,reseaux,,MALAKOFF,,92,,,,,,,,,,,,,,,,,,,,,,,,,,,,,,,529670044,52967004400013,43.21A,,,,,,,,,,,sirene,
DOGETEL,,,a contacter,,,,,,,,,,,,reseaux,,CHAMPS-SUR-MARNE,,77,,,,,,,,,,,,,,,,,,,,,,,,,,,,,,,348404864,34840486400053,43.21A,,,,,,,,,,,sirene,
DOM@POSE,,,a contacter,,,,,,,,,,,,reseaux,,PERPIGNAN,,66,,,,,,,,,,,,,,,,,,,,,,,,,,,,,,,521680496,52168049600010,43.21A,,,,,,,,,,,sirene,
DOMATEC,,,a contacter,,,,,,,,,,,,reseaux,,CHATOU,,78,,,,,,,,,,,,,,,,,,,,,,,,,,,,,,,384475877,38447587700047,43.21A,,,,,,,,,,,sirene,
DOMESTIS,,,a contacter,,,,,,,,,,,,reseaux,,VIGNEUX-DE-BRETAGNE,,44,,,,,,,,,,,,,,,,,,,,,,,,,,,,,,,498693613,49869361300032,43.21A,,,,,,,,,,,sirene,
DOMO-CONSEILS ELECTRICITE,,,a contacter,,,,,,,,,,,,reseaux,,ANNECY,,74,,,,,,,,,,,,,,,,,,,,,,,,,,,,,,,795275676,79527567600026,43.21A,,,,,,,,,,,sirene,
DOMOPROTECTION GROUPE GSI,,,a contacter,,,,,,,,,,,,reseaux,,CUGNAUX,,31,,,,,,,,,,,,,,,,,,,,,,,,,,,,,,,794494997,79449499700024,43.21A,,,,,,,,,,,sirene,
DOMOSELEC,,,a contacter,,,,,,,,,,,,reseaux,,SOUFFELWEYERSHEIM,,67,,,,,,,,,,,,,,,,,,,,,,,,,,,,,,,750497844,75049784400035,43.21A,,,,,,,,,,,sirene,
DOMOTIQUE ELECTRICITE AUTOMATISME,,,a contacter,,,,,,,,,,,,reseaux,,GRETZ-ARMAINVILLIERS,,77,,,,,,,,,,,,,,,,,,,,,,,,,,,,,,,494392566,49439256600027,43.21A,,,,,,,,,,,sirene,
DOS SANTOS & NELSON,,,a contacter,,,,,,,,,,,,reseaux,,VILLIERS-SUR-MARNE,,94,,,,,,,,,,,,,,,,,,,,,,,,,,,,,,,421480302,42148030200015,43.21A,,,,,,,,,,,sirene,
DOUMER ELECTRICITE,,,a contacter,,,,,,,,,,,,reseaux,,LEVALLOIS-PERRET,,92,,,,,,,,,,,,,,,,,,,,,,,,,,,,,,,421734070,42173407000038,43.21A,,,,,,,,,,,sirene,
DOURMAP,,,a contacter,,,,,,,,,,,,reseaux,,GUIPAVAS,,29,,,,,,,,,,,,,,,,,,,,,,,,,,,,,,,353990500,35399050000053,43.21A,,,,,,,,,,,sirene,
DOUSSON SAS,,,a contacter,,,,,,,,,,,,reseaux,,SAINT-ETIENNE,,42,,,,,,,,,,,,,,,,,,,,,,,,,,,,,,,624500781,62450078100023,43.21A,,,,,,,,,,,sirene,
DRAPIER ELECTRICITE PERE ET FILS,,,a contacter,,,,,,,,,,,,reseaux,,SAINT-AMAND-LES-EAUX,,59,,,,,,,,,,,,,,,,,,,,,,,,,,,,,,,395064413,39506441300028,43.21A,,,,,,,,,,,sirene,
DROZ ET COMPAGNIE,,,a contacter,,,,,,,,,,,,reseaux,,DIJON,,21,,,,,,,,,,,,,,,,,,,,,,,,,,,,,,,016350670,01635067000028,43.21A,,,,,,,,,,,sirene,
DRTEL,,,a contacter,,,,,,,,,,,,reseaux,,HOLTZHEIM,,67,,,,,,,,,,,,,,,,,,,,,,,,,,,,,,,884440181,88444018100029,61.90Z,,,,,,,,,,,sirene,
DRU - RICHARD,,,a contacter,,,,,,,,,,,,reseaux,,LIGNY-EN-BARROIS,,55,,,,,,,,,,,,,,,,,,,,,,,,,,,,,,,380231670,38023167000023,43.21A,,,,,,,,,,,sirene,
DS ELEC,,,a contacter,,,,,,,,,,,,reseaux,,AVELIN,,59,,,,,,,,,,,,,,,,,,,,,,,,,,,,,,,834829020,83482902000017,43.21A,,,,,,,,,,,sirene,
DS ENTREPRISE,,,a contacter,,,,,,,,,,,,reseaux,,MASSY,,91,,,,,,,,,,,,,,,,,,,,,,,,,,,,,,,452500101,45250010100061,43.21A,,,,,,,,,,,sirene,
DS2M,,,a contacter,,,,,,,,,,,,reseaux,,PARIS,,75,,,,,,,,,,,,,,,,,,,,,,,,,,,,,,,850145939,85014593900011,43.21A,,,,,,,,,,,sirene,
DSE TELECOM,,,a contacter,,,,,,,,,,,,reseaux,,LYON,,69,,,,,,,,,,,,,,,,,,,,,,,,,,,,,,,904671633,90467163300017,43.21A,,,,,,,,,,,sirene,
DSL TELECOM,,,a contacter,,,,,,,,,,,,reseaux,,GIGEAN,,34,,,,,,,,,,,,,,,,,,,,,,,,,,,,,,,500901186,50090118600014,61.90Z,,,,,,,,,,,sirene,
DSP ELEC,,,a contacter,,,,,,,,,,,,reseaux,,LE PLESSIS-BELLEVILLE,,60,,,,,,,,,,,,,,,,,,,,,,,,,,,,,,,533887345,53388734500031,43.21A,,,,,,,,,,,sirene,
DUBECQ ET FILS,,,a contacter,,,,,,,,,,,,reseaux,,SAINT-SEVER,,40,,,,,,,,,,,,,,,,,,,,,,,,,,,,,,,524522992,52452299200022,43.21A,,,,,,,,,,,sirene,
DUBOST RESEAUX TRAVAUX PUBLICS,,,a contacter,,,,,,,,,,,,reseaux,,SAINT-FLORENTIN,,89,,,,,,,,,,,,,,,,,,,,,,,,,,,,,,,385194444,38519444400019,42.22Z,,,,,,,,,,,sirene,
DUBRULLE-FAIGNOT T.P.,,,a contacter,,,,,,,,,,,,reseaux,,SAINTE-MARIE-CAPPEL,,59,,,,,,,,,,,,,,,,,,,,,,,,,,,,,,,381007566,38100756600015,42.21Z,,,,,,,,,,,sirene,
DUCHESNE ELECTRICITE,,,a contacter,,,,,,,,,,,,reseaux,,VERNEUIL D'AVRE ET D'ITON,,27,,,,,,,,,,,,,,,,,,,,,,,,,,,,,,,418513941,41851394100025,43.21A,,,,,,,,,,,sirene,
DUCLUT ET FILS ,,,a contacter,,,,,,,,,,,,reseaux,,FEILLENS,,01,,,,,,,,,,,,,,,,,,,,,,,,,,,,,,,438844383,43884438300028,43.21A,,,,,,,,,,,sirene,
DUMONT ELECTRICITE SYSTEMES,,,a contacter,,,,,,,,,,,,reseaux,,CUSSET,,03,,,,,,,,,,,,,,,,,,,,,,,,,,,,,,,329117956,32911795600014,43.21A,,,,,,,,,,,sirene,
DUNELEC,,,a contacter,,,,,,,,,,,,reseaux,,LE VERSOUD,,38,,,,,,,,,,,,,,,,,,,,,,,,,,,,,,,448149112,44814911200030,43.21A,,,,,,,,,,,sirene,
DUNKERQUE ELECTRICITE AUTOMATISME INDUST,,,a contacter,,,,,,,,,,,,reseaux,,DUNKERQUE,,59,,,,,,,,,,,,,,,,,,,,,,,,,,,,,,,448945857,44894585700044,43.21A,,,,,,,,,,,sirene,
DUPIOL,,,a contacter,,,,,,,,,,,,reseaux,,BAZAS,,33,,,,,,,,,,,,,,,,,,,,,,,,,,,,,,,477898993,47789899300019,43.21A,,,,,,,,,,,sirene,
DUPLESSIER,,,a contacter,,,,,,,,,,,,reseaux,,PARIS,,75,,,,,,,,,,,,,,,,,,,,,,,,,,,,,,,749841367,74984136700040,43.21A,,,,,,,,,,,sirene,
DURET ELECTRICITE,,,a contacter,,,,,,,,,,,,reseaux,,ANNECY,,74,,,,,,,,,,,,,,,,,,,,,,,,,,,,,,,412337537,41233753700069,43.21A,,,,,,,,,,,sirene,
DUROU PHILIPPE,,,a contacter,,,,,,,,,,,,reseaux,,NARROSSE,,40,,,,,,,,,,,,,,,,,,,,,,,,,,,,,,,894011162,89401116200019,43.21A,,,,,,,,,,,sirene,
DUVAL ELECTRICITE,,,a contacter,,,,,,,,,,,,reseaux,,BOIS-GUILLAUME,,76,,,,,,,,,,,,,,,,,,,,,,,,,,,,,,,560501264,56050126400041,43.21A,,,,,,,,,,,sirene,
DV ELECTRICITE,,,a contacter,,,,,,,,,,,,reseaux,,GRIGNY,,62,,,,,,,,,,,,,,,,,,,,,,,,,,,,,,,509603916,50960391600016,43.21A,,,,,,,,,,,sirene,
DYMACOM,,,a contacter,,,,,,,,,,,,reseaux,,LAXOU,,54,,,,,,,,,,,,,,,,,,,,,,,,,,,,,,,819949389,81994938900038,42.22Z,,,,,,,,,,,sirene,
E  D E ENTREPRISE DE DEVELOPPEMENT ELECTRONIQUE,,,a contacter,,,,,,,,,,,,reseaux,,MARCOUSSIS,,91,,,,,,,,,,,,,,,,,,,,,,,,,,,,,,,449950666,44995066600056,43.21A,,,,,,,,,,,sirene,
E 2 R-ETUDES ET RESEAUX REUNIONNAIS,,,a contacter,,,,,,,,,,,,reseaux,,LE PORT,,974,,,,,,,,,,,,,,,,,,,,,,,,,,,,,,,440806081,44080608100046,42.22Z,,,,,,,,,,,sirene,
E C R T P,,,a contacter,,,,,,,,,,,,reseaux,,SAINT-JULIEN-AUX-BOIS,,19,,,,,,,,,,,,,,,,,,,,,,,,,,,,,,,852084946,85208494600015,42.22Z,,,,,,,,,,,sirene,
"E CONCEPT, TELEPHONIE ET INFORMATIUE",,,a contacter,,,,,,,,,,,,reseaux,,AIX-EN-PROVENCE,,13,,,,,,,,,,,,,,,,,,,,,,,,,,,,,,,433160769,43316076900157,61.20Z,,,,,,,,,,,sirene,
E D E C,,,a contacter,,,,,,,,,,,,reseaux,,CLICHY,,92,,,,,,,,,,,,,,,,,,,,,,,,,,,,,,,342528882,34252888200059,43.21A,,,,,,,,,,,sirene,
E D I E F,,,a contacter,,,,,,,,,,,,reseaux,,BREUILLET,,91,,,,,,,,,,,,,,,,,,,,,,,,,,,,,,,450409842,45040984200058,43.21A,,,,,,,,,,,sirene,
E M S L,,,a contacter,,,,,,,,,,,,reseaux,,VEZAC,,24,,,,,,,,,,,,,,,,,,,,,,,,,,,,,,,789675089,78967508900047,43.21A,,,,,,,,,,,sirene,
E MESSAGE WIRELESS INFORMATION SCE FRANC,,,a contacter,,,,,,,,,,,,reseaux,,SURESNES,,92,,,,,,,,,,,,,,,,,,,,,,,,,,,,,,,343393351,34339335100063,61.20Z,,,,,,,,,,,sirene,
E P C A,,,a contacter,,,,,,,,,,,,reseaux,,AIZENAY,,85,,,,,,,,,,,,,,,,,,,,,,,,,,,,,,,530519719,53051971900021,43.21A,,,,,,,,,,,sirene,
E R B,,,a contacter,,,,,,,,,,,,reseaux,,BERNES-SUR-OISE,,95,,,,,,,,,,,,,,,,,,,,,,,,,,,,,,,790529721,79052972100033,43.21A,,,,,,,,,,,sirene,
E T P M,,,a contacter,,,,,,,,,,,,reseaux,,MARSEILLE,,13,,,,,,,,,,,,,,,,,,,,,,,,,,,,,,,069800795,06980079500028,42.21Z,,,,,,,,,,,sirene,
E WATT,,,a contacter,,,,,,,,,,,,reseaux,,AULNAY-SOUS-BOIS,,93,,,,,,,,,,,,,,,,,,,,,,,,,,,,,,,790250914,79025091400021,43.21A,,,,,,,,,,,sirene,
E-6TEM,,,a contacter,,,,,,,,,,,,reseaux,,LAVAUR,,81,,,,,,,,,,,,,,,,,,,,,,,,,,,,,,,535123855,53512385500020,43.21A,,,,,,,,,,,sirene,
E-S-A.,,,a contacter,,,,,,,,,,,,reseaux,,GLUN,,07,,,,,,,,,,,,,,,,,,,,,,,,,,,,,,,828968453,82896845300039,43.21A,,,,,,,,,,,sirene,
E.B.I.,,,a contacter,,,,,,,,,,,,reseaux,,MAGNY-LE-DESERT,,61,,,,,,,,,,,,,,,,,,,,,,,,,,,,,,,479184509,47918450900020,43.21A,,,,,,,,,,,sirene,
E.C.M.,,,a contacter,,,,,,,,,,,,reseaux,,DRANCY,,93,,,,,,,,,,,,,,,,,,,,,,,,,,,,,,,833601859,83360185900022,43.21A,,,,,,,,,,,sirene,
E.D.OUEST,,,a contacter,,,,,,,,,,,,reseaux,,NANTES,,44,,,,,,,,,,,,,,,,,,,,,,,,,,,,,,,799430483,79943048300039,43.21A,,,,,,,,,,,sirene,
E.D.S.I. CORNOUAILLE,,,a contacter,,,,,,,,,,,,reseaux,,QUIMPER,,29,,,,,,,,,,,,,,,,,,,,,,,,,,,,,,,505029488,50502948800036,43.21A,,,,,,,,,,,sirene,
E.E.C.E,,,a contacter,,,,,,,,,,,,reseaux,,CHAMPNIERS,,16,,,,,,,,,,,,,,,,,,,,,,,,,,,,,,,879408714,87940871400019,43.21A,,,,,,,,,,,sirene,
E.E.G.,,,a contacter,,,,,,,,,,,,reseaux,,CORMEILLES-EN-PARISIS,,95,,,,,,,,,,,,,,,,,,,,,,,,,,,,,,,478963572,47896357200035,43.21A,,,,,,,,,,,sirene,
E.E.I.,,,a contacter,,,,,,,,,,,,reseaux,,VILLENEUVE-LA-GARENNE,,92,,,,,,,,,,,,,,,,,,,,,,,,,,,,,,,799383278,79938327800022,43.21A,,,,,,,,,,,sirene,
E.E.I. DUBREUIL,,,a contacter,,,,,,,,,,,,reseaux,,MEZIERES-EN-BRENNE,,36,,,,,,,,,,,,,,,,,,,,,,,,,,,,,,,423969823,42396982300024,43.21A,,,,,,,,,,,sirene,
E.E.I.T.C.,,,a contacter,,,,,,,,,,,,reseaux,,SAINT-MAUR,,36,,,,,,,,,,,,,,,,,,,,,,,,,,,,,,,515165538,51516553800015,43.21A,,,,,,,,,,,sirene,
E.G.A. (ELECTRICITE GENERALE APPLIQUEE),,,a contacter,,,,,,,,,,,,reseaux,,CORBAS,,69,,,,,,,,,,,,,,,,,,,,,,,,,,,,,,,964503304,96450330400021,43.21A,,,,,,,,,,,sirene,
E.G.B.T.I. SARL,,,a contacter,,,,,,,,,,,,reseaux,,AURIOL,,13,,,,,,,,,,,,,,,,,,,,,,,,,,,,,,,753710854,75371085400013,43.21A,,,,,,,,,,,sirene,
E.G.D.N,,,a contacter,,,,,,,,,,,,reseaux,,CASTINE-EN-PLAINE,,14,,,,,,,,,,,,,,,,,,,,,,,,,,,,,,,893287599,89328759900037,43.21A,,,,,,,,,,,sirene,
E.G.M.,,,a contacter,,,,,,,,,,,,reseaux,,THOUARE-SUR-LOIRE,,44,,,,,,,,,,,,,,,,,,,,,,,,,,,,,,,421818741,42181874100033,43.21A,,,,,,,,,,,sirene,
E.G.P.B.,,,a contacter,,,,,,,,,,,,reseaux,,IZON,,33,,,,,,,,,,,,,,,,,,,,,,,,,,,,,,,808626147,80862614700017,43.21A,,,,,,,,,,,sirene,
E.G.T.S,,,a contacter,,,,,,,,,,,,reseaux,,JOUY-LE-MOUTIER,,95,,,,,,,,,,,,,,,,,,,,,,,,,,,,,,,510519028,51051902800045,61.10Z,,,,,,,,,,,sirene,
E.I. ELEC,,,a contacter,,,,,,,,,,,,reseaux,,VIF,,38,,,,,,,,,,,,,,,,,,,,,,,,,,,,,,,492570155,49257015500027,43.21A,,,,,,,,,,,sirene,
E.I.T TELECOM,,,a contacter,,,,,,,,,,,,reseaux,,MONTGERON,,91,,,,,,,,,,,,,,,,,,,,,,,,,,,,,,,889071668,88907166800012,43.21A,,,,,,,,,,,sirene,
E.L.E.C.T.R.A FWI,,,a contacter,,,,,,,,,,,,reseaux,,BAIE MAHAULT,,971,,,,,,,,,,,,,,,,,,,,,,,,,,,,,,,505398610,50539861000012,43.21A,,,,,,,,,,,sirene,
E.M.B. MITTERRAND,,,a contacter,,,,,,,,,,,,reseaux,,CHATEAUROUX,,36,,,,,,,,,,,,,,,,,,,,,,,,,,,,,,,337767743,33776774300046,43.21A,,,,,,,,,,,sirene,
E.M.J.,,,a contacter,,,,,,,,,,,,reseaux,,FROTEY-LES-VESOUL,,70,,,,,,,,,,,,,,,,,,,,,,,,,,,,,,,480147107,48014710700050,43.21A,,,,,,,,,,,sirene,
E.M.R DOUAISIS,,,a contacter,,,,,,,,,,,,reseaux,,DOUAI,,59,,,,,,,,,,,,,,,,,,,,,,,,,,,,,,,798175444,79817544400016,42.21Z,,,,,,,,,,,sirene,
E.N.I.E.L,,,a contacter,,,,,,,,,,,,reseaux,,CERGY,,95,,,,,,,,,,,,,,,,,,,,,,,,,,,,,,,901872168,90187216800033,43.21A,,,,,,,,,,,sirene,
E.N.R ENERGY,,,a contacter,,,,,,,,,,,,reseaux,,BARRAUX,,38,,,,,,,,,,,,,,,,,,,,,,,,,,,,,,,501832752,50183275200031,43.21A,,,,,,,,,,,sirene,
E.P.C. SERVICES,,,a contacter,,,,,,,,,,,,reseaux,,VENDOME,,41,,,,,,,,,,,,,,,,,,,,,,,,,,,,,,,448117929,44811792900035,43.21A,,,,,,,,,,,sirene,
E.P.E.G,,,a contacter,,,,,,,,,,,,reseaux,,CAHORS,,46,,,,,,,,,,,,,,,,,,,,,,,,,,,,,,,484442991,48444299100036,42.22Z,,,,,,,,,,,sirene,
E.P.M.CONNECTIQUE,,,a contacter,,,,,,,,,,,,reseaux,,ROUSSET,,13,,,,,,,,,,,,,,,,,,,,,,,,,,,,,,,420478356,42047835600066,43.21A,,,,,,,,,,,sirene,
E.P.R. SERVICES,,,a contacter,,,,,,,,,,,,reseaux,,ROYE,,80,,,,,,,,,,,,,,,,,,,,,,,,,,,,,,,878325125,87832512500010,43.21A,,,,,,,,,,,sirene,
E.P.S.,,,a contacter,,,,,,,,,,,,reseaux,,GROFFLIERS,,62,,,,,,,,,,,,,,,,,,,,,,,,,,,,,,,534205877,53420587700028,43.21A,,,,,,,,,,,sirene,
E.P.S. (EXPERTISE POTEAUX SECURITE),,,a contacter,,,,,,,,,,,,reseaux,,CHAVANOD,,74,,,,,,,,,,,,,,,,,,,,,,,,,,,,,,,529726515,52972651500032,61.90Z,,,,,,,,,,,sirene,
E.T.M FO ETUDE TRAVAUX MAINTENANCE FIBRE OPTIQUE,,,a contacter,,,,,,,,,,,,reseaux,,PARIS,,75,,,,,,,,,,,,,,,,,,,,,,,,,,,,,,,822825691,82282569100022,61.10Z,,,,,,,,,,,sirene,
E.T.P.M. DE TRAVAUX PUBLICS MULTIPLES,,,a contacter,,,,,,,,,,,,reseaux,,ARCANGUES,,64,,,,,,,,,,,,,,,,,,,,,,,,,,,,,,,622720878,62272087800033,42.22Z,,,,,,,,,,,sirene,
E.T.R.,,,a contacter,,,,,,,,,,,,reseaux,,EMERAINVILLE,,77,,,,,,,,,,,,,,,,,,,,,,,,,,,,,,,435025499,43502549900037,43.21A,,,,,,,,,,,sirene,
E2C,,,a contacter,,,,,,,,,,,,reseaux,,DAX,,40,,,,,,,,,,,,,,,,,,,,,,,,,,,,,,,390593960,39059396000037,43.21A,,,,,,,,,,,sirene,
E2G,,,a contacter,,,,,,,,,,,,reseaux,,CHATEAUNEUF-LES-MARTIGUES,,13,,,,,,,,,,,,,,,,,,,,,,,,,,,,,,,845158997,84515899700021,43.21A,,,,,,,,,,,sirene,
E2IS,,,a contacter,,,,,,,,,,,,reseaux,,YERRES,,91,,,,,,,,,,,,,,,,,,,,,,,,,,,,,,,525283156,52528315600038,43.21A,,,,,,,,,,,sirene,
E2J ELEC,,,a contacter,,,,,,,,,,,,reseaux,,ABLAIN-SAINT-NAZAIRE,,62,,,,,,,,,,,,,,,,,,,,,,,,,,,,,,,848984290,84898429000033,43.21A,,,,,,,,,,,sirene,
E2M,,,a contacter,,,,,,,,,,,,reseaux,,CANEJAN,,33,,,,,,,,,,,,,,,,,,,,,,,,,,,,,,,399387117,39938711700092,43.21A,,,,,,,,,,,sirene,
E2N,,,a contacter,,,,,,,,,,,,reseaux,,COMMUNAY,,69,,,,,,,,,,,,,,,,,,,,,,,,,,,,,,,791501422,79150142200020,43.21A,,,,,,,,,,,sirene,
E3C,,,a contacter,,,,,,,,,,,,reseaux,,BEYNOST,,01,,,,,,,,,,,,,,,,,,,,,,,,,,,,,,,399695618,39969561800039,43.21A,,,,,,,,,,,sirene,
E3C ELEC CHAUFFAGE CLIM CANALISATION,,,a contacter,,,,,,,,,,,,reseaux,,BISCHHEIM,,67,,,,,,,,,,,,,,,,,,,,,,,,,,,,,,,440059442,44005944200036,43.21A,,,,,,,,,,,sirene,
EA2I,,,a contacter,,,,,,,,,,,,reseaux,,LE SOURN,,56,,,,,,,,,,,,,,,,,,,,,,,,,,,,,,,443012430,44301243000031,43.21A,,,,,,,,,,,sirene,
EAS (ELECTRICITE AUTOMATISMES SYSTEMS),,,a contacter,,,,,,,,,,,,reseaux,,SAINT-EVARZEC,,29,,,,,,,,,,,,,,,,,,,,,,,,,,,,,,,413153495,41315349500028,43.21A,,,,,,,,,,,sirene,
EASING GLOBAL SERVICES,,,a contacter,,,,,,,,,,,,reseaux,,RIVESALTES,,66,,,,,,,,,,,,,,,,,,,,,,,,,,,,,,,751161548,75116154800019,43.21A,,,,,,,,,,,sirene,
EASY CHARGE,,,a contacter,,,,,,,,,,,,reseaux,,NANTERRE,,92,,,,,,,,,,,,,,,,,,,,,,,,,,,,,,,538133166,53813316600057,43.21B,,,,,,,,,,,sirene,
EB,,,a contacter,,,,,,,,,,,,reseaux,,THISE,,25,,,,,,,,,,,,,,,,,,,,,,,,,,,,,,,397873282,39787328200057,61.10Z,,,,,,,,,,,sirene,
EBZ,,,a contacter,,,,,,,,,,,,reseaux,,SAINT-JEAN-DU-FALGA,,09,,,,,,,,,,,,,,,,,,,,,,,,,,,,,,,820789402,82078940200030,43.21A,,,,,,,,,,,sirene,
EC CRESPIN,,,a contacter,,,,,,,,,,,,reseaux,,AZAY-LE-RIDEAU,,37,,,,,,,,,,,,,,,,,,,,,,,,,,,,,,,898282850,89828285000012,43.21A,,,,,,,,,,,sirene,
ECDA,,,a contacter,,,,,,,,,,,,reseaux,,PULNOY,,54,,,,,,,,,,,,,,,,,,,,,,,,,,,,,,,394678973,39467897300022,43.21A,,,,,,,,,,,sirene,
ECENEC,,,a contacter,,,,,,,,,,,,reseaux,,BONDY,,93,,,,,,,,,,,,,,,,,,,,,,,,,,,,,,,513803692,51380369200021,43.21A,,,,,,,,,,,sirene,
ECH TECHNOLOGY,,,a contacter,,,,,,,,,,,,reseaux,,SERRIS,,77,,,,,,,,,,,,,,,,,,,,,,,,,,,,,,,520976846,52097684600037,43.21A,,,,,,,,,,,sirene,
ECHEVERRIA,,,a contacter,,,,,,,,,,,,reseaux,,SAINT-JEAN-DE-LUZ,,64,,,,,,,,,,,,,,,,,,,,,,,,,,,,,,,343165163,34316516300035,42.22Z,,,,,,,,,,,sirene,
ECHO (ECOLOGIE CENTRE HABITAT OCCITANIE),,,a contacter,,,,,,,,,,,,reseaux,,L'UNION,,31,,,,,,,,,,,,,,,,,,,,,,,,,,,,,,,908413768,90841376800049,43.21A,,,,,,,,,,,sirene,
ECLAIR ENERGIE,,,a contacter,,,,,,,,,,,,reseaux,,BOBIGNY,,93,,,,,,,,,,,,,,,,,,,,,,,,,,,,,,,818337495,81833749500043,43.21A,,,,,,,,,,,sirene,
ECLIP,,,a contacter,,,,,,,,,,,,reseaux,,GARDANNE,,13,,,,,,,,,,,,,,,,,,,,,,,,,,,,,,,815152962,81515296200024,43.21A,,,,,,,,,,,sirene,
ECM,,,a contacter,,,,,,,,,,,,reseaux,,BIOL,,38,,,,,,,,,,,,,,,,,,,,,,,,,,,,,,,508674710,50867471000027,43.21A,,,,,,,,,,,sirene,
ECO CONSEIL,,,a contacter,,,,,,,,,,,,reseaux,,COSNE-COURS-SUR-LOIRE,,58,,,,,,,,,,,,,,,,,,,,,,,,,,,,,,,790566517,79056651700096,43.21A,,,,,,,,,,,sirene,
ECO HABITAT ENERGIE,,,a contacter,,,,,,,,,,,,reseaux,,CHAMPIGNY-SUR-MARNE,,94,,,,,,,,,,,,,,,,,,,,,,,,,,,,,,,801897497,80189749700047,43.21A,,,,,,,,,,,sirene,
ECO KLIM,,,a contacter,,,,,,,,,,,,reseaux,,TREMBLAY-EN-FRANCE,,93,,,,,,,,,,,,,,,,,,,,,,,,,,,,,,,851726521,85172652100038,43.21A,,,,,,,,,,,sirene,
ECO SOLAIRE ENERGIES,,,a contacter,,,,,,,,,,,,reseaux,,MAURIAC,,15,,,,,,,,,,,,,,,,,,,,,,,,,,,,,,,889984670,88998467000014,43.21A,,,,,,,,,,,sirene,
ECO-TCE,,,a contacter,,,,,,,,,,,,reseaux,,L'HAY-LES-ROSES,,94,,,,,,,,,,,,,,,,,,,,,,,,,,,,,,,811772086,81177208600047,43.21A,,,,,,,,,,,sirene,
ECOBAT FRANCE,,,a contacter,,,,,,,,,,,,reseaux,,VANDŒUVRE-LES-NANCY,,54,,,,,,,,,,,,,,,,,,,,,,,,,,,,,,,510341969,51034196900044,43.21A,,,,,,,,,,,sirene,
ECOFRANCE,,,a contacter,,,,,,,,,,,,reseaux,,CONDE-EN-NORMANDIE,,14,,,,,,,,,,,,,,,,,,,,,,,,,,,,,,,399382530,39938253000034,42.22Z,,,,,,,,,,,sirene,
ECOMELEC,,,a contacter,,,,,,,,,,,,reseaux,,VELIZY-VILLACOUBLAY,,78,,,,,,,,,,,,,,,,,,,,,,,,,,,,,,,437539422,43753942200026,43.21A,,,,,,,,,,,sirene,
ECOPART GLOBAL SERVICES - EGS,,,a contacter,,,,,,,,,,,,reseaux,,MARCHAUX-CHAUDEFONTAINE,,25,,,,,,,,,,,,,,,,,,,,,,,,,,,,,,,818247397,81824739700057,43.21A,,,,,,,,,,,sirene,
ECOPORTAIL,,,a contacter,,,,,,,,,,,,reseaux,,SAINT-DOULCHARD,,18,,,,,,,,,,,,,,,,,,,,,,,,,,,,,,,335184339,33518433900075,43.21A,,,,,,,,,,,sirene,
ECOSOLAR,,,a contacter,,,,,,,,,,,,reseaux,,DONCHERY,,08,,,,,,,,,,,,,,,,,,,,,,,,,,,,,,,821792751,82179275100025,43.21A,,,,,,,,,,,sirene,
ECOSUN EXPERT,,,a contacter,,,,,,,,,,,,reseaux,,BENNWIHR,,68,,,,,,,,,,,,,,,,,,,,,,,,,,,,,,,539822882,53982288200038,43.21A,,,,,,,,,,,sirene,
ECOTEC,,,a contacter,,,,,,,,,,,,reseaux,,MARSEILLE,,13,,,,,,,,,,,,,,,,,,,,,,,,,,,,,,,327580486,32758048600055,43.21B,,,,,,,,,,,sirene,
ECOTELEC ENERGIES,,,a contacter,,,,,,,,,,,,reseaux,,DUNKERQUE,,59,,,,,,,,,,,,,,,,,,,,,,,,,,,,,,,788741932,78874193200057,43.21A,,,,,,,,,,,sirene,
ECP,,,a contacter,,,,,,,,,,,,reseaux,,SAINT-GRATIEN,,95,,,,,,,,,,,,,,,,,,,,,,,,,,,,,,,418701678,41870167800041,43.21A,,,,,,,,,,,sirene,
ECR,,,a contacter,,,,,,,,,,,,reseaux,,LIMOGES-FOURCHES,,77,,,,,,,,,,,,,,,,,,,,,,,,,,,,,,,824822647,82482264700023,43.21A,,,,,,,,,,,sirene,
ECS MICHEL,,,a contacter,,,,,,,,,,,,reseaux,,SCHERWILLER,,67,,,,,,,,,,,,,,,,,,,,,,,,,,,,,,,534026232,53402623200049,43.21A,,,,,,,,,,,sirene,
EDDY BOURSEAU,,,a contacter,,,,,,,,,,,,reseaux,,VIEUX-HABITANTS,,971,,,,,,,,,,,,,,,,,,,,,,,,,,,,,,,529621062,52962106200015,43.21A,,,,,,,,,,,sirene,
EDEVICE,,,a contacter,,,,,,,,,,,,reseaux,,MERIGNAC,,33,,,,,,,,,,,,,,,,,,,,,,,,,,,,,,,431264688,43126468800018,61.20Z,,,,,,,,,,,sirene,
EDF BUSINESS SERVICES,,,a contacter,,,,,,,,,,,,reseaux,,COURBEVOIE,,92,,,,,,,,,,,,,,,,,,,,,,,,,,,,,,,419070180,41907018000080,43.21B,,,,,,,,,,,sirene,
EDGARD DUVAL,,,a contacter,,,,,,,,,,,,reseaux,,HONDSCHOOTE,,59,,,,,,,,,,,,,,,,,,,,,,,,,,,,,,,399281492,39928149200021,42.21Z,,,,,,,,,,,sirene,
EDICO NUMERUS,,,a contacter,,,,,,,,,,,,reseaux,,GENNEVILLIERS,,92,,,,,,,,,,,,,,,,,,,,,,,,,,,,,,,794311746,79431174600042,61.10Z,,,,,,,,,,,sirene,
EDISON,,,a contacter,,,,,,,,,,,,reseaux,,SAINT-JEAN-DE-VEDAS,,34,,,,,,,,,,,,,,,,,,,,,,,,,,,,,,,850407792,85040779200058,43.21A,,,,,,,,,,,sirene,
EDS ELECTRICITE DOMOTIQUE SERVICES,,,a contacter,,,,,,,,,,,,reseaux,,DIEULOUARD,,54,,,,,,,,,,,,,,,,,,,,,,,,,,,,,,,477984157,47798415700032,43.21A,,,,,,,,,,,sirene,
EEE ALPES DAUPHINE,,,a contacter,,,,,,,,,,,,reseaux,,SAINT-EGREVE,,38,,,,,,,,,,,,,,,,,,,,,,,,,,,,,,,479721680,47972168000029,42.22Z,,,,,,,,,,,sirene,
EEM GUYANE,,,a contacter,,,,,,,,,,,,reseaux,,REMIRE-MONTJOLY,,973,,,,,,,,,,,,,,,,,,,,,,,,,,,,,,,539023598,53902359800029,43.21A,,,,,,,,,,,sirene,
EERI29,,,a contacter,,,,,,,,,,,,reseaux,,QUIMPER,,29,,,,,,,,,,,,,,,,,,,,,,,,,,,,,,,797806692,79780669200019,43.21A,,,,,,,,,,,sirene,
EERI56,,,a contacter,,,,,,,,,,,,reseaux,,VANNES,,56,,,,,,,,,,,,,,,,,,,,,,,,,,,,,,,518330204,51833020400026,43.21A,,,,,,,,,,,sirene,
EESM,,,a contacter,,,,,,,,,,,,reseaux,,LE MEE-SUR-SEINE,,77,,,,,,,,,,,,,,,,,,,,,,,,,,,,,,,489715912,48971591200031,43.21A,,,,,,,,,,,sirene,
EETER & EEPE,,,a contacter,,,,,,,,,,,,reseaux,,GARGENVILLE,,78,,,,,,,,,,,,,,,,,,,,,,,,,,,,,,,353328016,35332801600020,43.21A,,,,,,,,,,,sirene,
EFER PRESTA SERVICES,,,a contacter,,,,,,,,,,,,reseaux,,SAINT-ESTEVE,,66,,,,,,,,,,,,,,,,,,,,,,,,,,,,,,,817694706,81769470600026,42.22Z,,,,,,,,,,,sirene,
EFFIBAT,,,a contacter,,,,,,,,,,,,reseaux,,BEAUVAIS,,60,,,,,,,,,,,,,,,,,,,,,,,,,,,,,,,530974047,53097404700017,43.21A,,,,,,,,,,,sirene,
EFFIKASS,,,a contacter,,,,,,,,,,,,reseaux,,FEVES,,57,,,,,,,,,,,,,,,,,,,,,,,,,,,,,,,523945319,52394531900029,43.21A,,,,,,,,,,,sirene,
EFFILEC,,,a contacter,,,,,,,,,,,,reseaux,,PIERRELATTE,,26,,,,,,,,,,,,,,,,,,,,,,,,,,,,,,,507638641,50763864100039,43.21A,,,,,,,,,,,sirene,
EFT FRANCE,,,a contacter,,,,,,,,,,,,reseaux,,CENON,,33,,,,,,,,,,,,,,,,,,,,,,,,,,,,,,,897683413,89768341300016,42.22Z,,,,,,,,,,,sirene,
EGA,,,a contacter,,,,,,,,,,,,reseaux,,NARBONNE,,11,,,,,,,,,,,,,,,,,,,,,,,,,,,,,,,825210362,82521036200034,43.21A,,,,,,,,,,,sirene,
EGA ELECTRICITE GENERALE ARIEGEOISE,,,a contacter,,,,,,,,,,,,reseaux,,FOIX,,09,,,,,,,,,,,,,,,,,,,,,,,,,,,,,,,333952208,33395220800036,43.21A,,,,,,,,,,,sirene,
EGB ELECTRICITE FLUIDE ENERGIE REGULATION THERMIQUE,,,a contacter,,,,,,,,,,,,reseaux,,IVRY-LA-BATAILLE,,27,,,,,,,,,,,,,,,,,,,,,,,,,,,,,,,802296954,80229695400026,43.21A,,,,,,,,,,,sirene,
EGBC,,,a contacter,,,,,,,,,,,,reseaux,,CALVI,,2B,,,,,,,,,,,,,,,,,,,,,,,,,,,,,,,881261960,88126196000010,43.21A,,,,,,,,,,,sirene,
EGCF,,,a contacter,,,,,,,,,,,,reseaux,,PONT-SAINT-MARTIN,,44,,,,,,,,,,,,,,,,,,,,,,,,,,,,,,,432546034,43254603400021,43.21A,,,,,,,,,,,sirene,
EGDL LORRAINE,,,a contacter,,,,,,,,,,,,reseaux,,MONTIGNY-LES-METZ,,57,,,,,,,,,,,,,,,,,,,,,,,,,,,,,,,810059840,81005984000035,43.21A,,,,,,,,,,,sirene,
EGE,,,a contacter,,,,,,,,,,,,reseaux,,PORTE-DE-SAVOIE,,73,,,,,,,,,,,,,,,,,,,,,,,,,,,,,,,344500202,34450020200025,43.21A,,,,,,,,,,,sirene,
EGEA GIBERT,,,a contacter,,,,,,,,,,,,reseaux,,GAUCHY,,02,,,,,,,,,,,,,,,,,,,,,,,,,,,,,,,393213814,39321381400048,43.21A,,,,,,,,,,,sirene,
EGEI,,,a contacter,,,,,,,,,,,,reseaux,,FRAISSES,,42,,,,,,,,,,,,,,,,,,,,,,,,,,,,,,,508161254,50816125400026,43.21A,,,,,,,,,,,sirene,
EGELEC ENTREPRISE GENERALE ELECTRICITE,,,a contacter,,,,,,,,,,,,reseaux,,VILLEPINTE,,93,,,,,,,,,,,,,,,,,,,,,,,,,,,,,,,410536023,41053602300048,43.21A,,,,,,,,,,,sirene,
EGEMA,,,a contacter,,,,,,,,,,,,reseaux,,MIONS,,69,,,,,,,,,,,,,,,,,,,,,,,,,,,,,,,401458146,40145814600040,43.21A,,,,,,,,,,,sirene,
EGER MARTINIQUE,,,a contacter,,,,,,,,,,,,reseaux,,LE LAMENTIN,,972,,,,,,,,,,,,,,,,,,,,,,,,,,,,,,,479602245,47960224500017,43.21A,,,,,,,,,,,sirene,
EGEREM,,,a contacter,,,,,,,,,,,,reseaux,,PELTRE,,57,,,,,,,,,,,,,,,,,,,,,,,,,,,,,,,325578995,32557899500053,43.21A,,,,,,,,,,,sirene,
EGEV,,,a contacter,,,,,,,,,,,,reseaux,,LE PUY EN VELAY,,43,,,,,,,,,,,,,,,,,,,,,,,,,,,,,,,387583776,38758377600027,42.22Z,,,,,,,,,,,sirene,
EGI,,,a contacter,,,,,,,,,,,,reseaux,,THELUS,,62,,,,,,,,,,,,,,,,,,,,,,,,,,,,,,,343842563,34384256300052,43.21A,,,,,,,,,,,sirene,
"EGIC ELECTRICITE GENERALE, INDUSTRIELLE ET CLIMATIQUE",,,a contacter,,,,,,,,,,,,reseaux,,MAREUIL-LES-MEAUX,,77,,,,,,,,,,,,,,,,,,,,,,,,,,,,,,,431983824,43198382400035,43.21A,,,,,,,,,,,sirene,
EGL,,,a contacter,,,,,,,,,,,,reseaux,,COLLONGES-AU-MONT-D'OR,,69,,,,,,,,,,,,,,,,,,,,,,,,,,,,,,,400804696,40080469600021,43.21A,,,,,,,,,,,sirene,
EGPI,,,a contacter,,,,,,,,,,,,reseaux,,LE CHEYLAS,,38,,,,,,,,,,,,,,,,,,,,,,,,,,,,,,,440987105,44098710500036,42.22Z,,,,,,,,,,,sirene,
EGS ELECTRICITE,,,a contacter,,,,,,,,,,,,reseaux,,LYON,,69,,,,,,,,,,,,,,,,,,,,,,,,,,,,,,,798859500,79885950000018,43.21A,,,,,,,,,,,sirene,
EGTP,,,a contacter,,,,,,,,,,,,reseaux,,FREJUS,,83,,,,,,,,,,,,,,,,,,,,,,,,,,,,,,,452469802,45246980200022,43.21A,,,,,,,,,,,sirene,
EIB,,,a contacter,,,,,,,,,,,,reseaux,,CALENZANA,,2B,,,,,,,,,,,,,,,,,,,,,,,,,,,,,,,505184861,50518486100035,43.21A,,,,,,,,,,,sirene,
EIB ELECTRICITE INDUSTRIELLE ET BATIMENT,,,a contacter,,,,,,,,,,,,reseaux,,ECOUFLANT,,49,,,,,,,,,,,,,,,,,,,,,,,,,,,,,,,403307457,40330745700024,43.21A,,,,,,,,,,,sirene,
EIF,,,a contacter,,,,,,,,,,,,reseaux,,VAUX-LE-PENIL,,77,,,,,,,,,,,,,,,,,,,,,,,,,,,,,,,485028666,48502866600033,43.21A,,,,,,,,,,,sirene,
EIF,,,a contacter,,,,,,,,,,,,reseaux,,SAVIGNY-LE-TEMPLE,,77,,,,,,,,,,,,,,,,,,,,,,,,,,,,,,,840762249,84076224900026,43.21A,,,,,,,,,,,sirene,
EIFFAGE ENERGIE SYSTEMES - BOURGEOT,,,a contacter,,,,,,,,,,,,reseaux,,FOURCHAMBAULT,,58,,,,,,,,,,,,,,,,,,,,,,,,,,,,,,,333857605,33385760500013,43.21A,,,,,,,,,,,sirene,
EIFFAGE ENERGIE SYSTEMES - CASSAGNE,,,a contacter,,,,,,,,,,,,reseaux,,CAMBLANES-ET-MEYNAC,,33,,,,,,,,,,,,,,,,,,,,,,,,,,,,,,,385249701,38524970100025,42.21Z,,,,,,,,,,,sirene,
EIFFAGE ENERGIE SYSTEMES - CENTRE LOIRE,,,a contacter,,,,,,,,,,,,reseaux,,ORLEANS,,45,,,,,,,,,,,,,,,,,,,,,,,,,,,,,,,329009559,32900955900108,43.21B,,,,,,,,,,,sirene,
EIFFAGE ENERGIE SYSTEMES - CHAMAYOU,,,a contacter,,,,,,,,,,,,reseaux,,ALBI,,81,,,,,,,,,,,,,,,,,,,,,,,,,,,,,,,780083762,78008376200010,42.22Z,,,,,,,,,,,sirene,
EIFFAGE ENERGIE SYSTEMES - CHAMPAGNE ARDENNE,,,a contacter,,,,,,,,,,,,reseaux,,GUEUX,,51,,,,,,,,,,,,,,,,,,,,,,,,,,,,,,,388773772,38877377200206,43.21A,,,,,,,,,,,sirene,
EIFFAGE ENERGIE SYSTEMES - CLEVIA NORMANDIE,,,a contacter,,,,,,,,,,,,reseaux,,GIBERVILLE,,14,,,,,,,,,,,,,,,,,,,,,,,,,,,,,,,398461582,39846158200015,43.21A,,,,,,,,,,,sirene,
EIFFAGE ENERGIE SYSTEMES - COGENERATION,,,a contacter,,,,,,,,,,,,reseaux,,BISCARROSSE,,40,,,,,,,,,,,,,,,,,,,,,,,,,,,,,,,834241937,83424193700020,43.21A,,,,,,,,,,,sirene,
EIFFAGE ENERGIE SYSTEMES - ENERGIES RENOUVELABLES AQUITAINE,,,a contacter,,,,,,,,,,,,reseaux,,CANEJAN,,33,,,,,,,,,,,,,,,,,,,,,,,,,,,,,,,834243016,83424301600021,43.21A,,,,,,,,,,,sirene,
EIFFAGE ENERGIE SYSTEMES - FONTANIE,,,a contacter,,,,,,,,,,,,reseaux,,TOULOUSE,,31,,,,,,,,,,,,,,,,,,,,,,,,,,,,,,,326791993,32679199300156,43.21A,,,,,,,,,,,sirene,
EIFFAGE ENERGIE SYSTEMES - GUYANE,,,a contacter,,,,,,,,,,,,reseaux,,CAYENNE,,973,,,,,,,,,,,,,,,,,,,,,,,,,,,,,,,518137823,51813782300028,43.21A,,,,,,,,,,,sirene,
EIFFAGE ENERGIE SYSTEMES - INDUS NORD,,,a contacter,,,,,,,,,,,,reseaux,,VERQUIN,,62,,,,,,,,,,,,,,,,,,,,,,,,,,,,,,,388727240,38872724000045,43.21A,,,,,,,,,,,sirene,
EIFFAGE ENERGIE SYSTEMES - INFRA LOIRE AUVERGNE,,,a contacter,,,,,,,,,,,,reseaux,,RIOM,,63,,,,,,,,,,,,,,,,,,,,,,,,,,,,,,,775635543,77563554300017,43.21B,,,,,,,,,,,sirene,
EIFFAGE ENERGIE SYSTEMES - INFRA MEDITERRANEE,,,a contacter,,,,,,,,,,,,reseaux,,VITROLLES,,13,,,,,,,,,,,,,,,,,,,,,,,,,,,,,,,328518097,32851809700030,42.22Z,,,,,,,,,,,sirene,
EIFFAGE ENERGIE SYSTEMES - INFRA NORD,,,a contacter,,,,,,,,,,,,reseaux,,LA BASSEE,,59,,,,,,,,,,,,,,,,,,,,,,,,,,,,,,,388781551,38878155100022,43.21B,,,,,,,,,,,sirene,
EIFFAGE ENERGIE SYSTEMES - INFRA RHONE ALPES,,,a contacter,,,,,,,,,,,,reseaux,,SAVIGNY,,69,,,,,,,,,,,,,,,,,,,,,,,,,,,,,,,808464515,80846451500028,43.21A,,,,,,,,,,,sirene,
EIFFAGE ENERGIE SYSTEMES - INFRASTRUCTURES EST,,,a contacter,,,,,,,,,,,,reseaux,,LUDRES,,54,,,,,,,,,,,,,,,,,,,,,,,,,,,,,,,388758708,38875870800167,43.21A,,,,,,,,,,,sirene,
EIFFAGE ENERGIE SYSTEMES - IPERION,,,a contacter,,,,,,,,,,,,reseaux,,SAINT-JEAN-DE-VEDAS,,34,,,,,,,,,,,,,,,,,,,,,,,,,,,,,,,488373887,48837388700014,43.21A,,,,,,,,,,,sirene,
EIFFAGE ENERGIE SYSTEMES - IT LOIRE AUVERGNE,,,a contacter,,,,,,,,,,,,reseaux,,LEMPDES,,63,,,,,,,,,,,,,,,,,,,,,,,,,,,,,,,808488050,80848805000093,43.21A,,,,,,,,,,,sirene,
EIFFAGE ENERGIE SYSTEMES - IT RHONE ALPES,,,a contacter,,,,,,,,,,,,reseaux,,JONAGE,,69,,,,,,,,,,,,,,,,,,,,,,,,,,,,,,,378499644,37849964400326,43.21A,,,,,,,,,,,sirene,
EIFFAGE ENERGIE SYSTEMES - LOIRE OCEAN,,,a contacter,,,,,,,,,,,,reseaux,,NANTES,,44,,,,,,,,,,,,,,,,,,,,,,,,,,,,,,,313196768,31319676800144,43.21A,,,,,,,,,,,sirene,
EIFFAGE ENERGIE SYSTEMES - LORRAINE ALSACE NORD,,,a contacter,,,,,,,,,,,,reseaux,,LUDRES,,54,,,,,,,,,,,,,,,,,,,,,,,,,,,,,,,342793098,34279309800175,43.21A,,,,,,,,,,,sirene,
EIFFAGE ENERGIE SYSTEMES - MAINE BRETAGNE,,,a contacter,,,,,,,,,,,,reseaux,,CESSON-SEVIGNE,,35,,,,,,,,,,,,,,,,,,,,,,,,,,,,,,,388772105,38877210500200,43.21A,,,,,,,,,,,sirene,
EIFFAGE ENERGIE SYSTEMES - MARTINIQUE,,,a contacter,,,,,,,,,,,,reseaux,,SAINT-JOSEPH,,972,,,,,,,,,,,,,,,,,,,,,,,,,,,,,,,404123275,40412327500020,43.21A,,,,,,,,,,,sirene,
EIFFAGE ENERGIE SYSTEMES - MEDITERRANEE,,,a contacter,,,,,,,,,,,,reseaux,,VITROLLES,,13,,,,,,,,,,,,,,,,,,,,,,,,,,,,,,,388758617,38875861700277,43.21A,,,,,,,,,,,sirene,
EIFFAGE ENERGIE SYSTEMES - POITOU CHARENTES,,,a contacter,,,,,,,,,,,,reseaux,,POITIERS,,86,,,,,,,,,,,,,,,,,,,,,,,,,,,,,,,302068382,30206838200050,43.21A,,,,,,,,,,,sirene,
EIFFAGE ENERGIE SYSTEMES - QUERCY ROUERGUE GEVAUDAN,,,a contacter,,,,,,,,,,,,reseaux,,DRUELLE BALSAC,,12,,,,,,,,,,,,,,,,,,,,,,,,,,,,,,,309646453,30964645300030,43.21A,,,,,,,,,,,sirene,
EIFFAGE ENERGIE SYSTEMES - RESEAUX & SOLUTIONS,,,a contacter,,,,,,,,,,,,reseaux,,MAYENNE,,53,,,,,,,,,,,,,,,,,,,,,,,,,,,,,,,312126360,31212636000022,42.22Z,,,,,,,,,,,sirene,
EIFFAGE ENERGIE SYSTEMES - SIDEM ELECTRICITE,,,a contacter,,,,,,,,,,,,reseaux,,AMIENS,,80,,,,,,,,,,,,,,,,,,,,,,,,,,,,,,,400061891,40006189100042,43.21A,,,,,,,,,,,sirene,
EIFFAGE ENERGIE SYSTEMES - SUD OUEST,,,a contacter,,,,,,,,,,,,reseaux,,TOULOUSE,,31,,,,,,,,,,,,,,,,,,,,,,,,,,,,,,,388739179,38873917900199,43.21A,,,,,,,,,,,sirene,
EIFFAGE ENERGIE SYSTEMES - TELECOM OUEST,,,a contacter,,,,,,,,,,,,reseaux,,VELIZY-VILLACOUBLAY,,78,,,,,,,,,,,,,,,,,,,,,,,,,,,,,,,531019826,53101982600035,42.22Z,,,,,,,,,,,sirene,
EIFFAGE ENERGIE SYSTEMES - TELECOM SUD EST,,,a contacter,,,,,,,,,,,,reseaux,,VELIZY-VILLACOUBLAY,,78,,,,,,,,,,,,,,,,,,,,,,,,,,,,,,,518201710,51820171000192,42.22Z,,,,,,,,,,,sirene,
EIFFAGE ENERGIE SYSTEMES - TRANSPORT FERROVIAIRE,,,a contacter,,,,,,,,,,,,reseaux,,CHAMPIGNY-SUR-MARNE,,94,,,,,,,,,,,,,,,,,,,,,,,,,,,,,,,403859028,40385902800082,42.22Z,,,,,,,,,,,sirene,
EIFFAGE ENERGIE SYSTEMES - WETEC,,,a contacter,,,,,,,,,,,,reseaux,,SAINT-OUEN-SUR-SEINE,,93,,,,,,,,,,,,,,,,,,,,,,,,,,,,,,,495096562,49509656200030,43.21A,,,,,,,,,,,sirene,
EIFFAGE ENERGIE SYSTEMES FERROVIAIRES,,,a contacter,,,,,,,,,,,,reseaux,,CHANTEPIE,,35,,,,,,,,,,,,,,,,,,,,,,,,,,,,,,,428729602,42872960200048,43.21A,,,,,,,,,,,sirene,
EIFFAGE ENERGIE SYSTEMES-COTE D'AZUR,,,a contacter,,,,,,,,,,,,reseaux,,ANTIBES,,06,,,,,,,,,,,,,,,,,,,,,,,,,,,,,,,351683479,35168347900049,43.21A,,,,,,,,,,,sirene,
EIFFAGE ENERGIE SYSTEMES-TELECOM METRALOR,,,a contacter,,,,,,,,,,,,reseaux,,VOISINS-LE-BRETONNEUX,,78,,,,,,,,,,,,,,,,,,,,,,,,,,,,,,,305351108,30535110800090,42.22Z,,,,,,,,,,,sirene,
EIFFAGE GENIE CIVIL RESEAUX,,,a contacter,,,,,,,,,,,,reseaux,,VELIZY-VILLACOUBLAY,,78,,,,,,,,,,,,,,,,,,,,,,,,,,,,,,,487737728,48773772800195,42.21Z,,,,,,,,,,,sirene,
EIFFAGE INFRA ANTILLES,,,a contacter,,,,,,,,,,,,reseaux,,DUCOS,,972,,,,,,,,,,,,,,,,,,,,,,,,,,,,,,,798894655,79889465500033,42.21Z,,,,,,,,,,,sirene,
EIFFAGE INFRA GUYANE,,,a contacter,,,,,,,,,,,,reseaux,,CAYENNE,,973,,,,,,,,,,,,,,,,,,,,,,,,,,,,,,,488187212,48818721200078,42.21Z,,,,,,,,,,,sirene,
EIMI ELEC,,,a contacter,,,,,,,,,,,,reseaux,,ETUPES,,25,,,,,,,,,,,,,,,,,,,,,,,,,,,,,,,337808919,33780891900035,43.21A,,,,,,,,,,,sirene,
EITE - STRASSER,,,a contacter,,,,,,,,,,,,reseaux,,BELFORT,,90,,,,,,,,,,,,,,,,,,,,,,,,,,,,,,,889682407,88968240700073,43.21A,,,,,,,,,,,sirene,
EJ SAS,,,a contacter,,,,,,,,,,,,reseaux,,GENAS,,69,,,,,,,,,,,,,,,,,,,,,,,,,,,,,,,812990976,81299097600035,43.21A,,,,,,,,,,,sirene,
EL HARTI & FILS,,,a contacter,,,,,,,,,,,,reseaux,,MASSY,,91,,,,,,,,,,,,,,,,,,,,,,,,,,,,,,,818155491,81815549100025,43.21A,,,,,,,,,,,sirene,
ELEC 3 P,,,a contacter,,,,,,,,,,,,reseaux,,BERNAY,,27,,,,,,,,,,,,,,,,,,,,,,,,,,,,,,,421675422,42167542200032,43.21A,,,,,,,,,,,sirene,
ELEC 35,,,a contacter,,,,,,,,,,,,reseaux,,SAINT-MALO,,35,,,,,,,,,,,,,,,,,,,,,,,,,,,,,,,823769161,82376916100030,43.21A,,,,,,,,,,,sirene,
ELEC 4,,,a contacter,,,,,,,,,,,,reseaux,,VILLEURBANNE,,69,,,,,,,,,,,,,,,,,,,,,,,,,,,,,,,353788169,35378816900020,43.21A,,,,,,,,,,,sirene,
ELEC 45 SARL,,,a contacter,,,,,,,,,,,,reseaux,,ST JEAN DE BRAYE,,45,,,,,,,,,,,,,,,,,,,,,,,,,,,,,,,450442066,45044206600046,43.21A,,,,,,,,,,,sirene,
ELEC 64,,,a contacter,,,,,,,,,,,,reseaux,,ARCANGUES,,64,,,,,,,,,,,,,,,,,,,,,,,,,,,,,,,380904508,38090450800021,43.21A,,,,,,,,,,,sirene,
ELEC CONSEIL,,,a contacter,,,,,,,,,,,,reseaux,,ROSNY-SOUS-BOIS,,93,,,,,,,,,,,,,,,,,,,,,,,,,,,,,,,512379611,51237961100027,43.21A,,,,,,,,,,,sirene,
ELEC DOMOTIQUE MAINTENANCE INSTALLATION,,,a contacter,,,,,,,,,,,,reseaux,,VIF,,38,,,,,,,,,,,,,,,,,,,,,,,,,,,,,,,443780341,44378034100030,43.21A,,,,,,,,,,,sirene,
ELEC EST,,,a contacter,,,,,,,,,,,,reseaux,,FORBACH,,57,,,,,,,,,,,,,,,,,,,,,,,,,,,,,,,413753922,41375392200025,43.21A,,,,,,,,,,,sirene,
ELEC ET RENOV BATIMENT,,,a contacter,,,,,,,,,,,,reseaux,,VIRY-CHATILLON,,91,,,,,,,,,,,,,,,,,,,,,,,,,,,,,,,889185963,88918596300010,43.21A,,,,,,,,,,,sirene,
ELEC EXPO,,,a contacter,,,,,,,,,,,,reseaux,,PERIGNY,,17,,,,,,,,,,,,,,,,,,,,,,,,,,,,,,,379271737,37927173700031,43.21A,,,,,,,,,,,sirene,
ELEC INDUST APPLIQUEE E.I. A,,,a contacter,,,,,,,,,,,,reseaux,,BRIGNOLES,,83,,,,,,,,,,,,,,,,,,,,,,,,,,,,,,,481858652,48185865200029,43.21A,,,,,,,,,,,sirene,
ELEC INDUSTRIE,,,a contacter,,,,,,,,,,,,reseaux,,SAINT-REMY-SUR-DUROLLE,,63,,,,,,,,,,,,,,,,,,,,,,,,,,,,,,,325175180,32517518000042,43.21A,,,,,,,,,,,sirene,
ELEC JOUVENCEL CIJ DOMOTIQUE,,,a contacter,,,,,,,,,,,,reseaux,,COGOLIN,,83,,,,,,,,,,,,,,,,,,,,,,,,,,,,,,,443910567,44391056700033,43.21A,,,,,,,,,,,sirene,
ELEC LARREN INDUST TERTIAIRE,,,a contacter,,,,,,,,,,,,reseaux,,DECAZEVILLE,,12,,,,,,,,,,,,,,,,,,,,,,,,,,,,,,,451355903,45135590300027,43.21A,,,,,,,,,,,sirene,
ELEC MAG 38,,,a contacter,,,,,,,,,,,,reseaux,,BRANGUES,,38,,,,,,,,,,,,,,,,,,,,,,,,,,,,,,,511381477,51138147700021,43.21A,,,,,,,,,,,sirene,
ELEC OUEST,,,a contacter,,,,,,,,,,,,reseaux,,TADEN,,22,,,,,,,,,,,,,,,,,,,,,,,,,,,,,,,408081982,40808198200022,43.21A,,,,,,,,,,,sirene,
ELEC PARTNERS,,,a contacter,,,,,,,,,,,,reseaux,,VAULX-MILIEU,,38,,,,,,,,,,,,,,,,,,,,,,,,,,,,,,,503596942,50359694200055,43.21A,,,,,,,,,,,sirene,
ELEC PLUS,,,a contacter,,,,,,,,,,,,reseaux,,SAIN-BEL,,69,,,,,,,,,,,,,,,,,,,,,,,,,,,,,,,501435747,50143574700032,43.21A,,,,,,,,,,,sirene,
ELEC PRO,,,a contacter,,,,,,,,,,,,reseaux,,SAINT-OUEN-L'AUMONE,,95,,,,,,,,,,,,,,,,,,,,,,,,,,,,,,,453756546,45375654600033,43.21A,,,,,,,,,,,sirene,
ELEC S.B.E.,,,a contacter,,,,,,,,,,,,reseaux,,GOUSSAINVILLE,,95,,,,,,,,,,,,,,,,,,,,,,,,,,,,,,,487845208,48784520800049,43.21A,,,,,,,,,,,sirene,
ELEC SOL'AIR,,,a contacter,,,,,,,,,,,,reseaux,,RUFFEC,,16,,,,,,,,,,,,,,,,,,,,,,,,,,,,,,,499699023,49969902300010,43.21A,,,,,,,,,,,sirene,
ELEC TERTIAIRE - HABITAT,,,a contacter,,,,,,,,,,,,reseaux,,BEAUVAIS,,60,,,,,,,,,,,,,,,,,,,,,,,,,,,,,,,323801514,32380151400049,43.21A,,,,,,,,,,,sirene,
ELEC'CONFORME,,,a contacter,,,,,,,,,,,,reseaux,,POLIGNY,,39,,,,,,,,,,,,,,,,,,,,,,,,,,,,,,,501523872,50152387200023,43.21A,,,,,,,,,,,sirene,
ELEC-CLIM,,,a contacter,,,,,,,,,,,,reseaux,,BEAUCOUZE,,49,,,,,,,,,,,,,,,,,,,,,,,,,,,,,,,422337709,42233770900030,43.21A,,,,,,,,,,,sirene,
ELEC-EAU,,,a contacter,,,,,,,,,,,,reseaux,,SABLE-SUR-SARTHE,,72,,,,,,,,,,,,,,,,,,,,,,,,,,,,,,,484216064,48421606400028,43.21A,,,,,,,,,,,sirene,
ELEC-ELEV,,,a contacter,,,,,,,,,,,,reseaux,,SAINT-DENIS-DE-JOUHET,,36,,,,,,,,,,,,,,,,,,,,,,,,,,,,,,,494331200,49433120000027,43.21A,,,,,,,,,,,sirene,
ELEC-INDUS,,,a contacter,,,,,,,,,,,,reseaux,,LOISON-SOUS-LENS,,62,,,,,,,,,,,,,,,,,,,,,,,,,,,,,,,452136963,45213696300033,43.21A,,,,,,,,,,,sirene,
ELEC-TC,,,a contacter,,,,,,,,,,,,reseaux,,CALONNE-RICOUART,,62,,,,,,,,,,,,,,,,,,,,,,,,,,,,,,,830915575,83091557500013,43.21A,,,,,,,,,,,sirene,
ELEC.COM,,,a contacter,,,,,,,,,,,,reseaux,,BOIS-GUILLAUME,,76,,,,,,,,,,,,,,,,,,,,,,,,,,,,,,,518960307,51896030700040,43.21A,,,,,,,,,,,sirene,
ELECDICOM,,,a contacter,,,,,,,,,,,,reseaux,,COMBS-LA-VILLE,,77,,,,,,,,,,,,,,,,,,,,,,,,,,,,,,,812886919,81288691900040,43.21A,,,,,,,,,,,sirene,
ELECMA,,,a contacter,,,,,,,,,,,,reseaux,,CHOLET,,49,,,,,,,,,,,,,,,,,,,,,,,,,,,,,,,449585553,44958555300034,43.21A,,,,,,,,,,,sirene,
ELECPROLR,,,a contacter,,,,,,,,,,,,reseaux,,SAINT-PAUL-TROIS-CHATEAUX,,26,,,,,,,,,,,,,,,,,,,,,,,,,,,,,,,518261698,51826169800014,43.21A,,,,,,,,,,,sirene,
ELECSUD,,,a contacter,,,,,,,,,,,,reseaux,,MARSEILLE,,13,,,,,,,,,,,,,,,,,,,,,,,,,,,,,,,880092325,88009232500021,43.21A,,,,,,,,,,,sirene,
ELECTHAE,,,a contacter,,,,,,,,,,,,reseaux,,BEAUFORT-EN-ANJOU,,49,,,,,,,,,,,,,,,,,,,,,,,,,,,,,,,830415451,83041545100020,43.21A,,,,,,,,,,,sirene,
ELECTPLAK 13,,,a contacter,,,,,,,,,,,,reseaux,,AUBAGNE,,13,,,,,,,,,,,,,,,,,,,,,,,,,,,,,,,852569219,85256921900011,43.21A,,,,,,,,,,,sirene,
ELECTR INDUSTR ET TRPT FORCE,,,a contacter,,,,,,,,,,,,reseaux,,PROVILLE,,59,,,,,,,,,,,,,,,,,,,,,,,,,,,,,,,686820200,68682020000026,42.22Z,,,,,,,,,,,sirene,
ELECTR'A ELECTRICITE ET AMENAGEMENT,,,a contacter,,,,,,,,,,,,reseaux,,DEUIL-LA-BARRE,,95,,,,,,,,,,,,,,,,,,,,,,,,,,,,,,,338530397,33853039700029,43.21A,,,,,,,,,,,sirene,
ELECTR'OD,,,a contacter,,,,,,,,,,,,reseaux,,TAVERNY,,95,,,,,,,,,,,,,,,,,,,,,,,,,,,,,,,437801913,43780191300041,43.21A,,,,,,,,,,,sirene,
ELECTRAS-ELECTRICITE GENERALE,,,a contacter,,,,,,,,,,,,reseaux,,ENTRELACS,,73,,,,,,,,,,,,,,,,,,,,,,,,,,,,,,,421248030,42124803000031,43.21A,,,,,,,,,,,sirene,
ELECTRIC CONNEXION,,,a contacter,,,,,,,,,,,,reseaux,,VAULX-EN-VELIN,,69,,,,,,,,,,,,,,,,,,,,,,,,,,,,,,,851847384,85184738400043,43.21A,,,,,,,,,,,sirene,
ELECTRIC MOTEUR,,,a contacter,,,,,,,,,,,,reseaux,,FONTENAY-LE-COMTE,,85,,,,,,,,,,,,,,,,,,,,,,,,,,,,,,,314292178,31429217800014,43.21A,,,,,,,,,,,sirene,
ELECTRIC MOTOR,,,a contacter,,,,,,,,,,,,reseaux,,ROUXMESNIL-BOUTEILLES,,76,,,,,,,,,,,,,,,,,,,,,,,,,,,,,,,692750094,69275009400025,43.21A,,,,,,,,,,,sirene,
ELECTRIC SUD RESEAUX,,,a contacter,,,,,,,,,,,,reseaux,,COLOMIERS,,31,,,,,,,,,,,,,,,,,,,,,,,,,,,,,,,428112437,42811243700036,43.21A,,,,,,,,,,,sirene,
ELECTRIC TOP SERVICES,,,a contacter,,,,,,,,,,,,reseaux,,BERGUES,,59,,,,,,,,,,,,,,,,,,,,,,,,,,,,,,,432192359,43219235900052,43.21A,,,,,,,,,,,sirene,
ELECTRIC'S,,,a contacter,,,,,,,,,,,,reseaux,,LAON,,02,,,,,,,,,,,,,,,,,,,,,,,,,,,,,,,878973064,87897306400016,43.21A,,,,,,,,,,,sirene,
ELECTRICAFIEL FRANCE,,,a contacter,,,,,,,,,,,,reseaux,,ORMESSON-SUR-MARNE,,94,,,,,,,,,,,,,,,,,,,,,,,,,,,,,,,894735968,89473596800014,42.22Z,,,,,,,,,,,sirene,
ELECTRICIENS REUNIS COURANT FORT ET FAIBLE CONCEPT,,,a contacter,,,,,,,,,,,,reseaux,,ARNOUVILLE,,95,,,,,,,,,,,,,,,,,,,,,,,,,,,,,,,890242217,89024221700010,43.21A,,,,,,,,,,,sirene,
ELECTRICITE A. BAUD,,,a contacter,,,,,,,,,,,,reseaux,,PEILLONNEX,,74,,,,,,,,,,,,,,,,,,,,,,,,,,,,,,,344331657,34433165700017,43.21A,,,,,,,,,,,sirene,
ELECTRICITE AIXOISE,,,a contacter,,,,,,,,,,,,reseaux,,GREASQUE,,13,,,,,,,,,,,,,,,,,,,,,,,,,,,,,,,401747183,40174718300044,43.21A,,,,,,,,,,,sirene,
ELECTRICITE BATIMENT ET INDUSTRIE,,,a contacter,,,,,,,,,,,,reseaux,,FOS-SUR-MER,,13,,,,,,,,,,,,,,,,,,,,,,,,,,,,,,,827645268,82764526800034,43.21A,,,,,,,,,,,sirene,
ELECTRICITE BATIMENT INDUSTRIE SONORISATION,,,a contacter,,,,,,,,,,,,reseaux,,OZOIR-LA-FERRIERE,,77,,,,,,,,,,,,,,,,,,,,,,,,,,,,,,,494208333,49420833300026,43.21A,,,,,,,,,,,sirene,
ELECTRICITE BAUMGARTEN,,,a contacter,,,,,,,,,,,,reseaux,,HOCHFELDEN,,67,,,,,,,,,,,,,,,,,,,,,,,,,,,,,,,421681792,42168179200022,43.21A,,,,,,,,,,,sirene,
ELECTRICITE BLANCHARD PINEAU,,,a contacter,,,,,,,,,,,,reseaux,,GORGES,,44,,,,,,,,,,,,,,,,,,,,,,,,,,,,,,,393484852,39348485200024,43.21A,,,,,,,,,,,sirene,
ELECTRICITE C TAZE,,,a contacter,,,,,,,,,,,,reseaux,,BORT LES ORGUES,,19,,,,,,,,,,,,,,,,,,,,,,,,,,,,,,,349912873,34991287300024,43.21A,,,,,,,,,,,sirene,
ELECTRICITE CABLAGE CONCEPTION,,,a contacter,,,,,,,,,,,,reseaux,,PELTRE,,57,,,,,,,,,,,,,,,,,,,,,,,,,,,,,,,482651015,48265101500034,43.21A,,,,,,,,,,,sirene,
ELECTRICITE CERVERA,,,a contacter,,,,,,,,,,,,reseaux,,CARCASSONNE,,11,,,,,,,,,,,,,,,,,,,,,,,,,,,,,,,381091586,38109158600028,43.21A,,,,,,,,,,,sirene,
ELECTRICITE CHARRON EMERY,,,a contacter,,,,,,,,,,,,reseaux,,CLOYES-LES-TROIS-RIVIERES,,28,,,,,,,,,,,,,,,,,,,,,,,,,,,,,,,530620145,53062014500025,43.21A,,,,,,,,,,,sirene,
ELECTRICITE CHAUFF OUEST LYONN,,,a contacter,,,,,,,,,,,,reseaux,,MESSIMY,,69,,,,,,,,,,,,,,,,,,,,,,,,,,,,,,,323316604,32331660400020,43.21A,,,,,,,,,,,sirene,
ELECTRICITE CHAUFFAGE CLIMATISATION SANITAIRE,,,a contacter,,,,,,,,,,,,reseaux,,LES SABLES D'OLONNE,,85,,,,,,,,,,,,,,,,,,,,,,,,,,,,,,,309707867,30970786700037,43.21A,,,,,,,,,,,sirene,
ELECTRICITE CHERGUI,,,a contacter,,,,,,,,,,,,reseaux,,PIREY,,25,,,,,,,,,,,,,,,,,,,,,,,,,,,,,,,533800900,53380090000037,43.21A,,,,,,,,,,,sirene,
ELECTRICITE CLIMATISATION DOMOTIQUE EN ABREGE E.C.D.,,,a contacter,,,,,,,,,,,,reseaux,,CAZERES,,31,,,,,,,,,,,,,,,,,,,,,,,,,,,,,,,501434211,50143421100022,43.21A,,,,,,,,,,,sirene,
ELECTRICITE COUSERANS BIGORRE COMMINGES,,,a contacter,,,,,,,,,,,,reseaux,,LORP-SENTARAILLE,,09,,,,,,,,,,,,,,,,,,,,,,,,,,,,,,,817431158,81743115800010,43.21A,,,,,,,,,,,sirene,
ELECTRICITE DE FREDERIC ET PASCAL,,,a contacter,,,,,,,,,,,,reseaux,,GEMENOS,,13,,,,,,,,,,,,,,,,,,,,,,,,,,,,,,,450660626,45066062600018,43.21A,,,,,,,,,,,sirene,
ELECTRICITE DU LAC,,,a contacter,,,,,,,,,,,,reseaux,,ALBY-SUR-CHERAN,,74,,,,,,,,,,,,,,,,,,,,,,,,,,,,,,,482863255,48286325500022,43.21A,,,,,,,,,,,sirene,
ELECTRICITE EBER,,,a contacter,,,,,,,,,,,,reseaux,,STRASBOURG,,67,,,,,,,,,,,,,,,,,,,,,,,,,,,,,,,325942720,32594272000054,43.21A,,,,,,,,,,,sirene,
ELECTRICITE ELECTRONIQUE PETER,,,a contacter,,,,,,,,,,,,reseaux,,METZ,,57,,,,,,,,,,,,,,,,,,,,,,,,,,,,,,,394905517,39490551700022,43.21A,,,,,,,,,,,sirene,
ELECTRICITE ET ELECTRONIQUE INDUSTRIELLE,,,a contacter,,,,,,,,,,,,reseaux,,MONTOIR-DE-BRETAGNE,,44,,,,,,,,,,,,,,,,,,,,,,,,,,,,,,,403883416,40388341600022,43.21A,,,,,,,,,,,sirene,
ELECTRICITE ET TRAVAUX PUBLICS DEGENEVE,,,a contacter,,,,,,,,,,,,reseaux,,LULLIN,,74,,,,,,,,,,,,,,,,,,,,,,,,,,,,,,,305949190,30594919000014,42.22Z,,,,,,,,,,,sirene,
ELECTRICITE FOURNIER,,,a contacter,,,,,,,,,,,,reseaux,,LOURDES,,65,,,,,,,,,,,,,,,,,,,,,,,,,,,,,,,339927030,33992703000025,43.21A,,,,,,,,,,,sirene,
ELECTRICITE GAY,,,a contacter,,,,,,,,,,,,reseaux,,CHALONS-EN-CHAMPAGNE,,51,,,,,,,,,,,,,,,,,,,,,,,,,,,,,,,737220038,73722003800035,43.21A,,,,,,,,,,,sirene,
ELECTRICITE GENERALE ARMAND JOOS,,,a contacter,,,,,,,,,,,,reseaux,,MUNSTER,,68,,,,,,,,,,,,,,,,,,,,,,,,,,,,,,,328876396,32887639600016,43.21A,,,,,,,,,,,sirene,
ELECTRICITE GENERALE BOCH,,,a contacter,,,,,,,,,,,,reseaux,,DIJON,,21,,,,,,,,,,,,,,,,,,,,,,,,,,,,,,,315769687,31576968700015,43.21A,,,,,,,,,,,sirene,
ELECTRICITE GENERALE CHAUFFAGE ISOLATION,,,a contacter,,,,,,,,,,,,reseaux,,MERIGNAC,,33,,,,,,,,,,,,,,,,,,,,,,,,,,,,,,,402943120,40294312000046,43.21A,,,,,,,,,,,sirene,
ELECTRICITE GENERALE CHOLETAISE,,,a contacter,,,,,,,,,,,,reseaux,,CHOLET,,49,,,,,,,,,,,,,,,,,,,,,,,,,,,,,,,444209209,44420920900030,43.21A,,,,,,,,,,,sirene,
ELECTRICITE GENERALE D'AJACCIO,,,a contacter,,,,,,,,,,,,reseaux,,AJACCIO,,2A,,,,,,,,,,,,,,,,,,,,,,,,,,,,,,,301075214,30107521400025,43.21A,,,,,,,,,,,sirene,
ELECTRICITE GENERALE DELAMOTTE BRUNO,,,a contacter,,,,,,,,,,,,reseaux,,SAINT-PAUL-DE-FOURQUES,,27,,,,,,,,,,,,,,,,,,,,,,,,,,,,,,,479118655,47911865500014,43.21A,,,,,,,,,,,sirene,
ELECTRICITE GENERALE DREINA,,,a contacter,,,,,,,,,,,,reseaux,,SAINT-MARTIN-D'HERES,,38,,,,,,,,,,,,,,,,,,,,,,,,,,,,,,,413864885,41386488500020,43.21A,,,,,,,,,,,sirene,
ELECTRICITE GENERALE ET AUTOMATISME,,,a contacter,,,,,,,,,,,,reseaux,,NEUILLY-SUR-MARNE,,93,,,,,,,,,,,,,,,,,,,,,,,,,,,,,,,411539158,41153915800047,43.21A,,,,,,,,,,,sirene,
ELECTRICITE GENERALE ET INDUSTRIELLE LONGUYONNAISE,,,a contacter,,,,,,,,,,,,reseaux,,LONGUYON,,54,,,,,,,,,,,,,,,,,,,,,,,,,,,,,,,429908494,42990849400041,43.21A,,,,,,,,,,,sirene,
ELECTRICITE GENERALE FRADIN ET BRETTON,,,a contacter,,,,,,,,,,,,reseaux,,BRESSUIRE,,79,,,,,,,,,,,,,,,,,,,,,,,,,,,,,,,626320212,62632021200048,43.21A,,,,,,,,,,,sirene,
ELECTRICITE GENERALE G. MITTELHAEUSER,,,a contacter,,,,,,,,,,,,reseaux,,SOUFFELWEYERSHEIM,,67,,,,,,,,,,,,,,,,,,,,,,,,,,,,,,,728505462,72850546200032,43.21A,,,,,,,,,,,sirene,
ELECTRICITE GENERALE PATRICK KLEIN,,,a contacter,,,,,,,,,,,,reseaux,,SCHWINDRATZHEIM,,67,,,,,,,,,,,,,,,,,,,,,,,,,,,,,,,434977104,43497710400026,43.21A,,,,,,,,,,,sirene,
ELECTRICITE GENERALE PELLOUARD,,,a contacter,,,,,,,,,,,,reseaux,,TRAPPES,,78,,,,,,,,,,,,,,,,,,,,,,,,,,,,,,,433672219,43367221900030,43.21A,,,,,,,,,,,sirene,
ELECTRICITE GENERALE SABY,,,a contacter,,,,,,,,,,,,reseaux,,MONISTROL-SUR-LOIRE,,43,,,,,,,,,,,,,,,,,,,,,,,,,,,,,,,323515379,32351537900028,43.21A,,,,,,,,,,,sirene,
ELECTRICITE GENERALE VIRARD RAPHAEL,,,a contacter,,,,,,,,,,,,reseaux,,LE POINCONNET,,36,,,,,,,,,,,,,,,,,,,,,,,,,,,,,,,477940639,47794063900040,43.21A,,,,,,,,,,,sirene,
ELECTRICITE GERVAIS GERARD,,,a contacter,,,,,,,,,,,,reseaux,,BREST,,29,,,,,,,,,,,,,,,,,,,,,,,,,,,,,,,318164613,31816461300057,43.21A,,,,,,,,,,,sirene,
ELECTRICITE GRAND EST,,,a contacter,,,,,,,,,,,,reseaux,,REIMS,,51,,,,,,,,,,,,,,,,,,,,,,,,,,,,,,,827607128,82760712800028,43.21A,,,,,,,,,,,sirene,
ELECTRICITE GUIDEZ,,,a contacter,,,,,,,,,,,,reseaux,,RONCQ,,59,,,,,,,,,,,,,,,,,,,,,,,,,,,,,,,352574578,35257457800022,43.21A,,,,,,,,,,,sirene,
ELECTRICITE GUYON-VILLEMAGNE,,,a contacter,,,,,,,,,,,,reseaux,,BULLE,,25,,,,,,,,,,,,,,,,,,,,,,,,,,,,,,,539148072,53914807200025,43.21A,,,,,,,,,,,sirene,
ELECTRICITE HAYET,,,a contacter,,,,,,,,,,,,reseaux,,VILLEBON-SUR-YVETTE,,91,,,,,,,,,,,,,,,,,,,,,,,,,,,,,,,388721086,38872108600055,43.21A,,,,,,,,,,,sirene,
ELECTRICITE HENRIOT,,,a contacter,,,,,,,,,,,,reseaux,,ROCHE-LEZ-BEAUPRE,,25,,,,,,,,,,,,,,,,,,,,,,,,,,,,,,,440201929,44020192900039,43.21A,,,,,,,,,,,sirene,
ELECTRICITE INDUSTRIELLE COQUE DIAS,,,a contacter,,,,,,,,,,,,reseaux,,SAINT-CHEF,,38,,,,,,,,,,,,,,,,,,,,,,,,,,,,,,,533776308,53377630800025,43.21A,,,,,,,,,,,sirene,
ELECTRICITE INDUSTRIELLE DE L'EST,,,a contacter,,,,,,,,,,,,reseaux,,ENSISHEIM,,68,,,,,,,,,,,,,,,,,,,,,,,,,,,,,,,946550928,94655092800042,43.21A,,,,,,,,,,,sirene,
ELECTRICITE INDUSTRIELLE DU NORD,,,a contacter,,,,,,,,,,,,reseaux,,CAUDRY,,59,,,,,,,,,,,,,,,,,,,,,,,,,,,,,,,686420464,68642046400030,43.21A,,,,,,,,,,,sirene,
ELECTRICITE INDUSTRIELLE DU VELAY,,,a contacter,,,,,,,,,,,,reseaux,,SAINTE-SIGOLENE,,43,,,,,,,,,,,,,,,,,,,,,,,,,,,,,,,497845073,49784507300020,43.21A,,,,,,,,,,,sirene,
ELECTRICITE INDUSTRIELLE ET BATIMENT,,,a contacter,,,,,,,,,,,,reseaux,,ALLINGES,,74,,,,,,,,,,,,,,,,,,,,,,,,,,,,,,,796680411,79668041100017,43.21A,,,,,,,,,,,sirene,
ELECTRICITE INDUSTRIELLE ET TERTIAIRE CALADOISE,,,a contacter,,,,,,,,,,,,reseaux,,LIMAS,,69,,,,,,,,,,,,,,,,,,,,,,,,,,,,,,,849719075,84971907500038,43.21A,,,,,,,,,,,sirene,
ELECTRICITE INDUSTRIELLE FRANCE,,,a contacter,,,,,,,,,,,,reseaux,,LE PLESSIS-PATE,,91,,,,,,,,,,,,,,,,,,,,,,,,,,,,,,,819679267,81967926700040,43.21A,,,,,,,,,,,sirene,
ELECTRICITE INDUSTRIELLE VAUCLUSIENNE,,,a contacter,,,,,,,,,,,,reseaux,,AVIGNON,,84,,,,,,,,,,,,,,,,,,,,,,,,,,,,,,,513826297,51382629700048,43.21A,,,,,,,,,,,sirene,
ELECTRICITE JACOB,,,a contacter,,,,,,,,,,,,reseaux,,HANGENBIETEN,,67,,,,,,,,,,,,,,,,,,,,,,,,,,,,,,,440781318,44078131800025,43.21A,,,,,,,,,,,sirene,
ELECTRICITE JACQUES,,,a contacter,,,,,,,,,,,,reseaux,,OIGNIES,,62,,,,,,,,,,,,,,,,,,,,,,,,,,,,,,,824090708,82409070800010,43.21A,,,,,,,,,,,sirene,
ELECTRICITE JEAN PATE,,,a contacter,,,,,,,,,,,,reseaux,,JUVISY-SUR-ORGE,,91,,,,,,,,,,,,,,,,,,,,,,,,,,,,,,,348017773,34801777300030,43.21A,,,,,,,,,,,sirene,
ELECTRICITE KOESSLER,,,a contacter,,,,,,,,,,,,reseaux,,BRUMATH,,67,,,,,,,,,,,,,,,,,,,,,,,,,,,,,,,728502345,72850234500032,43.21A,,,,,,,,,,,sirene,
ELECTRICITE LOSA,,,a contacter,,,,,,,,,,,,reseaux,,BIARRITZ,,64,,,,,,,,,,,,,,,,,,,,,,,,,,,,,,,304815442,30481544200039,43.21A,,,,,,,,,,,sirene,
ELECTRICITE MARCEL BUECHER,,,a contacter,,,,,,,,,,,,reseaux,,COLMAR,,68,,,,,,,,,,,,,,,,,,,,,,,,,,,,,,,380656041,38065604100023,43.21A,,,,,,,,,,,sirene,
ELECTRICITE MARGIRIER,,,a contacter,,,,,,,,,,,,reseaux,,EROME,,26,,,,,,,,,,,,,,,,,,,,,,,,,,,,,,,323388652,32338865200014,43.21A,,,,,,,,,,,sirene,
ELECTRICITE MARSEILLE ILLUMINATIONS ECLAIRAGE,,,a contacter,,,,,,,,,,,,reseaux,,GEMENOS,,13,,,,,,,,,,,,,,,,,,,,,,,,,,,,,,,802913988,80291398800035,43.21A,,,,,,,,,,,sirene,
ELECTRICITE MEYER MARC,,,a contacter,,,,,,,,,,,,reseaux,,BOUXWILLER,,67,,,,,,,,,,,,,,,,,,,,,,,,,,,,,,,409292273,40929227300029,43.21A,,,,,,,,,,,sirene,
ELECTRICITE MILLOT,,,a contacter,,,,,,,,,,,,reseaux,,VITTEL,,88,,,,,,,,,,,,,,,,,,,,,,,,,,,,,,,425083482,42508348200066,43.21A,,,,,,,,,,,sirene,
ELECTRICITE MODERNE,,,a contacter,,,,,,,,,,,,reseaux,,POINTE-A-PITRE,,971,,,,,,,,,,,,,,,,,,,,,,,,,,,,,,,402186597,40218659700025,43.21A,,,,,,,,,,,sirene,
ELECTRICITE P PARDON,,,a contacter,,,,,,,,,,,,reseaux,,REYRIEUX,,01,,,,,,,,,,,,,,,,,,,,,,,,,,,,,,,402260913,40226091300023,43.21A,,,,,,,,,,,sirene,
ELECTRICITE PAYS BASQUE,,,a contacter,,,,,,,,,,,,reseaux,,SAINT-PEE-SUR-NIVELLE,,64,,,,,,,,,,,,,,,,,,,,,,,,,,,,,,,441076635,44107663500024,43.21A,,,,,,,,,,,sirene,
ELECTRICITE PLOMBERIE BAINAISE,,,a contacter,,,,,,,,,,,,reseaux,,BAIN-DE-BRETAGNE,,35,,,,,,,,,,,,,,,,,,,,,,,,,,,,,,,441090032,44109003200026,43.21A,,,,,,,,,,,sirene,
ELECTRICITE PLOMBERIE BOUYRIE,,,a contacter,,,,,,,,,,,,reseaux,,VILLENAVE-D'ORNON,,33,,,,,,,,,,,,,,,,,,,,,,,,,,,,,,,523372886,52337288600045,43.21A,,,,,,,,,,,sirene,
ELECTRICITE REGION INDUSTRIELLE CAVADORE,,,a contacter,,,,,,,,,,,,reseaux,,LAVERUNE,,34,,,,,,,,,,,,,,,,,,,,,,,,,,,,,,,379349103,37934910300034,43.21A,,,,,,,,,,,sirene,
ELECTRICITE REGULATION CHAUFFAGE CLIM,,,a contacter,,,,,,,,,,,,reseaux,,SAINT-PIERRE-DU-PERRAY,,91,,,,,,,,,,,,,,,,,,,,,,,,,,,,,,,429823289,42982328900054,43.21A,,,,,,,,,,,sirene,
ELECTRICITE REMOND SARL,,,a contacter,,,,,,,,,,,,reseaux,,WINGERSHEIM LES QUATRE BANS,,67,,,,,,,,,,,,,,,,,,,,,,,,,,,,,,,688500925,68850092500013,43.21A,,,,,,,,,,,sirene,
ELECTRICITE RESEAU TELECOM AUTOMATISME,,,a contacter,,,,,,,,,,,,reseaux,,L'ILE-SAINT-DENIS,,93,,,,,,,,,,,,,,,,,,,,,,,,,,,,,,,801436346,80143634600036,43.21A,,,,,,,,,,,sirene,
ELECTRICITE ROGER KOCH,,,a contacter,,,,,,,,,,,,reseaux,,BOUXWILLER,,68,,,,,,,,,,,,,,,,,,,,,,,,,,,,,,,946650454,94665045400048,43.21A,,,,,,,,,,,sirene,
ELECTRICITE ROGER MERMILLOD,,,a contacter,,,,,,,,,,,,reseaux,,SAINT-JEAN-DE-SIXT,,74,,,,,,,,,,,,,,,,,,,,,,,,,,,,,,,349644807,34964480700027,43.21A,,,,,,,,,,,sirene,
ELECTRICITE SCHAAL,,,a contacter,,,,,,,,,,,,reseaux,,LIPSHEIM,,67,,,,,,,,,,,,,,,,,,,,,,,,,,,,,,,384192183,38419218300018,43.21A,,,,,,,,,,,sirene,
ELECTRICITE SERVICES REUNION,,,a contacter,,,,,,,,,,,,reseaux,,LE PORT,,974,,,,,,,,,,,,,,,,,,,,,,,,,,,,,,,523514958,52351495800033,43.21A,,,,,,,,,,,sirene,
ELECTRICITE SYSTEMES SECURITE INCENDIE & AUTOMATISMES,,,a contacter,,,,,,,,,,,,reseaux,,LE TAMPON,,974,,,,,,,,,,,,,,,,,,,,,,,,,,,,,,,811067743,81106774300021,43.21A,,,,,,,,,,,sirene,
ELECTRICITE TELECOMMUNICATION SYSTEMES ET INTEGRATION,,,a contacter,,,,,,,,,,,,reseaux,,ORMOY,,91,,,,,,,,,,,,,,,,,,,,,,,,,,,,,,,434689758,43468975800028,43.21A,,,,,,,,,,,sirene,
ELECTRICITE TELEPHONE ET INFORMATIQUE,,,a contacter,,,,,,,,,,,,reseaux,,LES PAVILLONS-SOUS-BOIS,,93,,,,,,,,,,,,,,,,,,,,,,,,,,,,,,,420861221,42086122100034,43.21A,,,,,,,,,,,sirene,
ELECTRICITE TRAVAUX TECHNIQUES,,,a contacter,,,,,,,,,,,,reseaux,,RUNGIS,,94,,,,,,,,,,,,,,,,,,,,,,,,,,,,,,,622033819,62203381900039,43.21A,,,,,,,,,,,sirene,
ELECTRICITE TREHOREL-REBOUX,,,a contacter,,,,,,,,,,,,reseaux,,TREMUSON,,22,,,,,,,,,,,,,,,,,,,,,,,,,,,,,,,310130190,31013019000039,43.21A,,,,,,,,,,,sirene,
ELECTRICITE VALLEE DE L'AISNE,,,a contacter,,,,,,,,,,,,reseaux,,BERNEUIL-SUR-AISNE,,60,,,,,,,,,,,,,,,,,,,,,,,,,,,,,,,927220350,92722035000031,43.21A,,,,,,,,,,,sirene,
ELECTRICITE VEIT,,,a contacter,,,,,,,,,,,,reseaux,,SOUFFELWEYERSHEIM,,67,,,,,,,,,,,,,,,,,,,,,,,,,,,,,,,329165542,32916554200054,43.21A,,,,,,,,,,,sirene,
ELECTRICITE VENTE INDUSTRIE DEPANNAGE ENTRETIEN TRAITE,,,a contacter,,,,,,,,,,,,reseaux,,SAINT-CHRISTOPHE-DU-LIGNERON,,85,,,,,,,,,,,,,,,,,,,,,,,,,,,,,,,380891598,38089159800027,43.21A,,,,,,,,,,,sirene,
ELECTRICITE VILLEMAGNE,,,a contacter,,,,,,,,,,,,reseaux,,SERRE-LES-SAPINS,,25,,,,,,,,,,,,,,,,,,,,,,,,,,,,,,,881108641,88110864100021,43.21A,,,,,,,,,,,sirene,
ELECTRICITE VINCENTZ,,,a contacter,,,,,,,,,,,,reseaux,,NIEDERHERGHEIM,,68,,,,,,,,,,,,,,,,,,,,,,,,,,,,,,,917220303,91722030300064,43.21A,,,,,,,,,,,sirene,
ELECTRICITE VINCENTZ NORD-ALSACE,,,a contacter,,,,,,,,,,,,reseaux,,GEISPOLSHEIM,,67,,,,,,,,,,,,,,,,,,,,,,,,,,,,,,,499920965,49992096500021,43.21A,,,,,,,,,,,sirene,
ELECTRICITE VINCENTZ SUD ALSACE,,,a contacter,,,,,,,,,,,,reseaux,,SIERENTZ,,68,,,,,,,,,,,,,,,,,,,,,,,,,,,,,,,492362348,49236234800012,43.21A,,,,,,,,,,,sirene,
ELECTRICITE WACKERMANN,,,a contacter,,,,,,,,,,,,reseaux,,GUNDERSHOFFEN,,67,,,,,,,,,,,,,,,,,,,,,,,,,,,,,,,738500776,73850077600039,43.21A,,,,,,,,,,,sirene,
ELECTRICITE WERNER,,,a contacter,,,,,,,,,,,,reseaux,,STAFFELFELDEN,,68,,,,,,,,,,,,,,,,,,,,,,,,,,,,,,,947150793,94715079300034,43.21A,,,,,,,,,,,sirene,
ELECTRICITE ZECHEL,,,a contacter,,,,,,,,,,,,reseaux,,SCHWINDRATZHEIM,,67,,,,,,,,,,,,,,,,,,,,,,,,,,,,,,,803384148,80338414800018,43.21A,,,,,,,,,,,sirene,
ELECTRIFICATION INDUSTRIELLE DE L'EST,,,a contacter,,,,,,,,,,,,reseaux,,HAGUENAU,,67,,,,,,,,,,,,,,,,,,,,,,,,,,,,,,,698503497,69850349700035,43.21A,,,,,,,,,,,sirene,
ELECTRIOX CITY,,,a contacter,,,,,,,,,,,,reseaux,,VAULX-EN-VELIN,,69,,,,,,,,,,,,,,,,,,,,,,,,,,,,,,,794108878,79410887800040,43.21A,,,,,,,,,,,sirene,
ELECTRIQUE CITE,,,a contacter,,,,,,,,,,,,reseaux,,CAEN,,14,,,,,,,,,,,,,,,,,,,,,,,,,,,,,,,385072822,38507282200039,43.21A,,,,,,,,,,,sirene,
ELECTRO CLAIRES,,,a contacter,,,,,,,,,,,,reseaux,,GRENOBLE,,38,,,,,,,,,,,,,,,,,,,,,,,,,,,,,,,309445005,30944500500031,43.21A,,,,,,,,,,,sirene,
ELECTRO CONCEPT,,,a contacter,,,,,,,,,,,,reseaux,,RIXHEIM,,68,,,,,,,,,,,,,,,,,,,,,,,,,,,,,,,479851271,47985127100052,43.21A,,,,,,,,,,,sirene,
ELECTRO CONCEPT OCEAN INDIEN,,,a contacter,,,,,,,,,,,,reseaux,,LES TROIS-BASSINS,,974,,,,,,,,,,,,,,,,,,,,,,,,,,,,,,,838130532,83813053200016,43.21A,,,,,,,,,,,sirene,
ELECTRO CONSTRUCTION ARTOIS,,,a contacter,,,,,,,,,,,,reseaux,,RUITZ,,62,,,,,,,,,,,,,,,,,,,,,,,,,,,,,,,425033685,42503368500016,43.21A,,,,,,,,,,,sirene,
ELECTRO DYNAMIC,,,a contacter,,,,,,,,,,,,reseaux,,LA RAVOIRE,,73,,,,,,,,,,,,,,,,,,,,,,,,,,,,,,,747220010,74722001000025,43.21A,,,,,,,,,,,sirene,
ELECTRO FORCE,,,a contacter,,,,,,,,,,,,reseaux,,GLEIZE,,69,,,,,,,,,,,,,,,,,,,,,,,,,,,,,,,998883409,99888340900042,43.21A,,,,,,,,,,,sirene,
ELECTRO HECKER,,,a contacter,,,,,,,,,,,,reseaux,,MUTZIG,,67,,,,,,,,,,,,,,,,,,,,,,,,,,,,,,,390807923,39080792300029,43.21A,,,,,,,,,,,sirene,
ELECTRO INDUSTRIE,,,a contacter,,,,,,,,,,,,reseaux,,NIMES,,30,,,,,,,,,,,,,,,,,,,,,,,,,,,,,,,309743300,30974330000035,43.21A,,,,,,,,,,,sirene,
ELECTRO INDUSTRIE,,,a contacter,,,,,,,,,,,,reseaux,,SAINT-DIZIER,,52,,,,,,,,,,,,,,,,,,,,,,,,,,,,,,,516080181,51608018100022,43.21A,,,,,,,,,,,sirene,
ELECTRO LOIRE SERVICE,,,a contacter,,,,,,,,,,,,reseaux,,ANDREZIEUX-BOUTHEON,,42,,,,,,,,,,,,,,,,,,,,,,,,,,,,,,,348140534,34814053400077,43.21A,,,,,,,,,,,sirene,
ELECTRO LORRAINE LIGNES,,,a contacter,,,,,,,,,,,,reseaux,,VERDUN,,55,,,,,,,,,,,,,,,,,,,,,,,,,,,,,,,341313526,34131352600046,42.22Z,,,,,,,,,,,sirene,
ELECTRO MAINTENANCE 81,,,a contacter,,,,,,,,,,,,reseaux,,PAMPELONNE,,81,,,,,,,,,,,,,,,,,,,,,,,,,,,,,,,842307878,84230787800012,43.21A,,,,,,,,,,,sirene,
ELECTRO MOBILITY,,,a contacter,,,,,,,,,,,,reseaux,,MOISSY-CRAMAYEL,,77,,,,,,,,,,,,,,,,,,,,,,,,,,,,,,,840017446,84001744600039,43.21A,,,,,,,,,,,sirene,
ELECTRO ONDAINE,,,a contacter,,,,,,,,,,,,reseaux,,LE CHAMBON-FEUGEROLLES,,42,,,,,,,,,,,,,,,,,,,,,,,,,,,,,,,443312657,44331265700036,43.21A,,,,,,,,,,,sirene,
ELECTRO SERVICE,,,a contacter,,,,,,,,,,,,reseaux,,VIRE NORMANDIE,,14,,,,,,,,,,,,,,,,,,,,,,,,,,,,,,,324754308,32475430800033,43.21A,,,,,,,,,,,sirene,
ELECTRO TECHNIQUE INDUSTRIELLE ETI,,,a contacter,,,,,,,,,,,,reseaux,,ECOUFLANT,,49,,,,,,,,,,,,,,,,,,,,,,,,,,,,,,,392566071,39256607100024,43.21A,,,,,,,,,,,sirene,
ELECTRO-SOULT,,,a contacter,,,,,,,,,,,,reseaux,,PARIS,,75,,,,,,,,,,,,,,,,,,,,,,,,,,,,,,,552007031,55200703100016,43.21A,,,,,,,,,,,sirene,
ELECTROCLIM,,,a contacter,,,,,,,,,,,,reseaux,,VOISINS-LE-BRETONNEUX,,78,,,,,,,,,,,,,,,,,,,,,,,,,,,,,,,491644258,49164425800031,43.21A,,,,,,,,,,,sirene,
ELECTROLISSE,,,a contacter,,,,,,,,,,,,reseaux,,LOUVROIL,,59,,,,,,,,,,,,,,,,,,,,,,,,,,,,,,,509045662,50904566200012,43.21A,,,,,,,,,,,sirene,
ELECTROMONTAGE,,,a contacter,,,,,,,,,,,,reseaux,,AGEN,,47,,,,,,,,,,,,,,,,,,,,,,,,,,,,,,,985650043,98565004300054,43.21A,,,,,,,,,,,sirene,
ELECTRONIC SERVICE,,,a contacter,,,,,,,,,,,,reseaux,,SEMEAC,,65,,,,,,,,,,,,,,,,,,,,,,,,,,,,,,,322548025,32254802500038,43.21A,,,,,,,,,,,sirene,
ELECTROPOSE,,,a contacter,,,,,,,,,,,,reseaux,,PARIS,,75,,,,,,,,,,,,,,,,,,,,,,,,,,,,,,,410353023,41035302300014,43.21A,,,,,,,,,,,sirene,
ELECTROTECH,,,a contacter,,,,,,,,,,,,reseaux,,MARSEILLE,,13,,,,,,,,,,,,,,,,,,,,,,,,,,,,,,,442174777,44217477700015,43.21A,,,,,,,,,,,sirene,
ELECTROTECHNIQUE OCEAN INDIEN,,,a contacter,,,,,,,,,,,,reseaux,,SAINT-LEU,,974,,,,,,,,,,,,,,,,,,,,,,,,,,,,,,,839938917,83993891700011,43.21A,,,,,,,,,,,sirene,
ELECTRUM GROUP,,,a contacter,,,,,,,,,,,,reseaux,,SAINT-AMAND-LES-EAUX,,59,,,,,,,,,,,,,,,,,,,,,,,,,,,,,,,407567916,40756791600025,43.21A,,,,,,,,,,,sirene,
ELECTRYC,,,a contacter,,,,,,,,,,,,reseaux,,EVREUX,,27,,,,,,,,,,,,,,,,,,,,,,,,,,,,,,,792242497,79224249700040,43.21A,,,,,,,,,,,sirene,
ELEIS,,,a contacter,,,,,,,,,,,,reseaux,,NICE,,06,,,,,,,,,,,,,,,,,,,,,,,,,,,,,,,414213223,41421322300038,43.21A,,,,,,,,,,,sirene,
ELEK,,,a contacter,,,,,,,,,,,,reseaux,,OIGNIES,,62,,,,,,,,,,,,,,,,,,,,,,,,,,,,,,,880217922,88021792200025,43.21A,,,,,,,,,,,sirene,
ELEM,,,a contacter,,,,,,,,,,,,reseaux,,SALLANCHES,,74,,,,,,,,,,,,,,,,,,,,,,,,,,,,,,,401160817,40116081700029,43.21A,,,,,,,,,,,sirene,
ELERIUM,,,a contacter,,,,,,,,,,,,reseaux,,NICE,,06,,,,,,,,,,,,,,,,,,,,,,,,,,,,,,,822710364,82271036400024,43.21A,,,,,,,,,,,sirene,
ELGECE,,,a contacter,,,,,,,,,,,,reseaux,,BORGO,,2B,,,,,,,,,,,,,,,,,,,,,,,,,,,,,,,384087458,38408745800053,43.21A,,,,,,,,,,,sirene,
ELGIE,,,a contacter,,,,,,,,,,,,reseaux,,DARDILLY,,69,,,,,,,,,,,,,,,,,,,,,,,,,,,,,,,537915720,53791572000149,43.21A,,,,,,,,,,,sirene,
ELICAUM SARL,,,a contacter,,,,,,,,,,,,reseaux,,FAY-AUX-LOGES,,45,,,,,,,,,,,,,,,,,,,,,,,,,,,,,,,420981987,42098198700027,43.21A,,,,,,,,,,,sirene,
ELINACOM,,,a contacter,,,,,,,,,,,,reseaux,,BONCOURT,,02,,,,,,,,,,,,,,,,,,,,,,,,,,,,,,,791745714,79174571400042,43.21A,,,,,,,,,,,sirene,
ELITE CONCEPT,,,a contacter,,,,,,,,,,,,reseaux,,VILLEPINTE,,93,,,,,,,,,,,,,,,,,,,,,,,,,,,,,,,812162774,81216277400028,43.21A,,,,,,,,,,,sirene,
ELITE FIBRE TELECOM,,,a contacter,,,,,,,,,,,,reseaux,,FONTENAY-AUX-ROSES,,92,,,,,,,,,,,,,,,,,,,,,,,,,,,,,,,825138530,82513853000019,43.21A,,,,,,,,,,,sirene,
ELITE TELECOMS,,,a contacter,,,,,,,,,,,,reseaux,,ORGEVAL,,78,,,,,,,,,,,,,,,,,,,,,,,,,,,,,,,524936846,52493684600046,61.10Z,,,,,,,,,,,sirene,
ELITECH,,,a contacter,,,,,,,,,,,,reseaux,,HŒNHEIM,,67,,,,,,,,,,,,,,,,,,,,,,,,,,,,,,,898543038,89854303800019,61.10Z,,,,,,,,,,,sirene,
ELITEL ENERGIES,,,a contacter,,,,,,,,,,,,reseaux,,CHANGE,,53,,,,,,,,,,,,,,,,,,,,,,,,,,,,,,,443473731,44347373100034,43.21A,,,,,,,,,,,sirene,
ELITEL RESEAUX,,,a contacter,,,,,,,,,,,,reseaux,,SAINT-OUEN-DES-TOITS,,53,,,,,,,,,,,,,,,,,,,,,,,,,,,,,,,420287062,42028706200012,42.22Z,,,,,,,,,,,sirene,
ELMA,,,a contacter,,,,,,,,,,,,reseaux,,MONTESCOT,,66,,,,,,,,,,,,,,,,,,,,,,,,,,,,,,,883497653,88349765300013,43.21A,,,,,,,,,,,sirene,
ELO ENERGIE,,,a contacter,,,,,,,,,,,,reseaux,,GRANDCHAMP-DES-FONTAINES,,44,,,,,,,,,,,,,,,,,,,,,,,,,,,,,,,490312626,49031262600024,42.22Z,,,,,,,,,,,sirene,
ELOENZ,,,a contacter,,,,,,,,,,,,reseaux,,BRIGNOLES,,83,,,,,,,,,,,,,,,,,,,,,,,,,,,,,,,504819665,50481966500036,43.21A,,,,,,,,,,,sirene,
ELPHITEC,,,a contacter,,,,,,,,,,,,reseaux,,RUNGIS,,94,,,,,,,,,,,,,,,,,,,,,,,,,,,,,,,878769447,87876944700037,43.21A,,,,,,,,,,,sirene,
ELSECOM,,,a contacter,,,,,,,,,,,,reseaux,,PERIGNY,,17,,,,,,,,,,,,,,,,,,,,,,,,,,,,,,,481241602,48124160200020,43.21A,,,,,,,,,,,sirene,
ELTIC,,,a contacter,,,,,,,,,,,,reseaux,,SAINT-AVE,,56,,,,,,,,,,,,,,,,,,,,,,,,,,,,,,,380277145,38027714500021,43.21A,,,,,,,,,,,sirene,
ELTIS,,,a contacter,,,,,,,,,,,,reseaux,,ANNECY,,74,,,,,,,,,,,,,,,,,,,,,,,,,,,,,,,415019785,41501978500039,43.21A,,,,,,,,,,,sirene,
EM CONTRACTING,,,a contacter,,,,,,,,,,,,reseaux,,BRUAY-SUR-L'ESCAUT,,59,,,,,,,,,,,,,,,,,,,,,,,,,,,,,,,904651536,90465153600024,43.21A,,,,,,,,,,,sirene,
EM-ISO FRANCE,,,a contacter,,,,,,,,,,,,reseaux,,GENNEVILLIERS,,92,,,,,,,,,,,,,,,,,,,,,,,,,,,,,,,844075218,84407521800025,43.21A,,,,,,,,,,,sirene,
EMALEC,,,a contacter,,,,,,,,,,,,reseaux,,SAINT-GENIS-LES-OLLIERES,,69,,,,,,,,,,,,,,,,,,,,,,,,,,,,,,,423831437,42383143700037,43.21A,,,,,,,,,,,sirene,
EMB ELECTRONIQUE MIDI PYRENEES,,,a contacter,,,,,,,,,,,,reseaux,,COLOMIERS,,31,,,,,,,,,,,,,,,,,,,,,,,,,,,,,,,380433615,38043361500032,43.21A,,,,,,,,,,,sirene,
EMC 74,,,a contacter,,,,,,,,,,,,reseaux,,CLUSES,,74,,,,,,,,,,,,,,,,,,,,,,,,,,,,,,,792692162,79269216200011,43.21A,,,,,,,,,,,sirene,
EMC2 18,,,a contacter,,,,,,,,,,,,reseaux,,SAINT DOULCHARD,,18,,,,,,,,,,,,,,,,,,,,,,,,,,,,,,,805096849,80509684900023,43.21A,,,,,,,,,,,sirene,
EMCG,,,a contacter,,,,,,,,,,,,reseaux,,CHATEAUBRIANT,,44,,,,,,,,,,,,,,,,,,,,,,,,,,,,,,,400134623,40013462300026,43.21A,,,,,,,,,,,sirene,
EMERAUDE SOLAIRE,,,a contacter,,,,,,,,,,,,reseaux,,MINIAC-MORVAN,,35,,,,,,,,,,,,,,,,,,,,,,,,,,,,,,,508131059,50813105900083,43.21A,,,,,,,,,,,sirene,
EMGE,,,a contacter,,,,,,,,,,,,reseaux,,PARIS,,75,,,,,,,,,,,,,,,,,,,,,,,,,,,,,,,393206750,39320675000050,43.21A,,,,,,,,,,,sirene,
EMI TERTIAIRE,,,a contacter,,,,,,,,,,,,reseaux,,CROISSY-BEAUBOURG,,77,,,,,,,,,,,,,,,,,,,,,,,,,,,,,,,479404287,47940428700050,43.21A,,,,,,,,,,,sirene,
EMIELEC,,,a contacter,,,,,,,,,,,,reseaux,,PIERRELAYE,,95,,,,,,,,,,,,,,,,,,,,,,,,,,,,,,,453499659,45349965900010,43.21A,,,,,,,,,,,sirene,
ENCOM CONSEIL,,,a contacter,,,,,,,,,,,,reseaux,,PARIS,,75,,,,,,,,,,,,,,,,,,,,,,,,,,,,,,,422469783,42246978300050,61.90Z,,,,,,,,,,,sirene,
ENELAT OUEST,,,a contacter,,,,,,,,,,,,reseaux,,SAINT-HERBLAIN,,44,,,,,,,,,,,,,,,,,,,,,,,,,,,,,,,538702945,53870294500055,43.21A,,,,,,,,,,,sirene,
ENELAT SUD-OUEST,,,a contacter,,,,,,,,,,,,reseaux,,CANEJAN,,33,,,,,,,,,,,,,,,,,,,,,,,,,,,,,,,529557142,52955714200054,43.21A,,,,,,,,,,,sirene,
ENELEC,,,a contacter,,,,,,,,,,,,reseaux,,PESSAC,,33,,,,,,,,,,,,,,,,,,,,,,,,,,,,,,,819838830,81983883000035,43.21A,,,,,,,,,,,sirene,
ENELY,,,a contacter,,,,,,,,,,,,reseaux,,ISSY-LES-MOULINEAUX,,92,,,,,,,,,,,,,,,,,,,,,,,,,,,,,,,894296789,89429678900015,43.21A,,,,,,,,,,,sirene,
ENERG'ETIK,,,a contacter,,,,,,,,,,,,reseaux,,BEZIERS,,34,,,,,,,,,,,,,,,,,,,,,,,,,,,,,,,811972066,81197206600021,43.21A,,,,,,,,,,,sirene,
ENERGIE - COTE SUD,,,a contacter,,,,,,,,,,,,reseaux,,LA FARLEDE,,83,,,,,,,,,,,,,,,,,,,,,,,,,,,,,,,419791850,41979185000045,43.21A,,,,,,,,,,,sirene,
ENERGIE COTE D AZUR,,,a contacter,,,,,,,,,,,,reseaux,,VALLAURIS,,06,,,,,,,,,,,,,,,,,,,,,,,,,,,,,,,842778557,84277855700020,43.21A,,,,,,,,,,,sirene,
ENERGIE COTE SUD OCCITANIE,,,a contacter,,,,,,,,,,,,reseaux,,BERNIS,,30,,,,,,,,,,,,,,,,,,,,,,,,,,,,,,,481114163,48111416300027,43.21A,,,,,,,,,,,sirene,
ENERGIE GAZ,,,a contacter,,,,,,,,,,,,reseaux,,LA SEYNE-SUR-MER,,83,,,,,,,,,,,,,,,,,,,,,,,,,,,,,,,434175311,43417531100027,43.21A,,,,,,,,,,,sirene,
ENERGIE PROCESS,,,a contacter,,,,,,,,,,,,reseaux,,DECINES-CHARPIEU,,69,,,,,,,,,,,,,,,,,,,,,,,,,,,,,,,440601730,44060173000045,43.21A,,,,,,,,,,,sirene,
ENERGIE SERVICES,,,a contacter,,,,,,,,,,,,reseaux,,MONTIVILLIERS,,76,,,,,,,,,,,,,,,,,,,,,,,,,,,,,,,380779058,38077905800029,43.21A,,,,,,,,,,,sirene,
ENERGIE SOLAIRE 85,,,a contacter,,,,,,,,,,,,reseaux,,LUCON,,85,,,,,,,,,,,,,,,,,,,,,,,,,,,,,,,813296225,81329622500036,43.21A,,,,,,,,,,,sirene,
ENERGIES CHOLETAISES,,,a contacter,,,,,,,,,,,,reseaux,,CHOLET,,49,,,,,,,,,,,,,,,,,,,,,,,,,,,,,,,503075616,50307561600030,43.21A,,,,,,,,,,,sirene,
ENERGIES SERVICES FRANCE,,,a contacter,,,,,,,,,,,,reseaux,,SAINT-PIERRE-EN-FAUCIGNY,,74,,,,,,,,,,,,,,,,,,,,,,,,,,,,,,,822986808,82298680800035,43.21A,,,,,,,,,,,sirene,
ENERGIES TERTIAIRE LORRAINE,,,a contacter,,,,,,,,,,,,reseaux,,CHAVIGNY,,54,,,,,,,,,,,,,,,,,,,,,,,,,,,,,,,501515472,50151547200055,43.21A,,,,,,,,,,,sirene,
ENERGYCARE,,,a contacter,,,,,,,,,,,,reseaux,,SAINTE-CONSORCE,,69,,,,,,,,,,,,,,,,,,,,,,,,,,,,,,,810204784,81020478400039,43.21A,,,,,,,,,,,sirene,
ENERGYTEL,,,a contacter,,,,,,,,,,,,reseaux,,VELIZY-VILLACOUBLAY,,78,,,,,,,,,,,,,,,,,,,,,,,,,,,,,,,887810356,88781035600022,43.21A,,,,,,,,,,,sirene,
ENERIOS - ARTISANS ASSOCIES,,,a contacter,,,,,,,,,,,,reseaux,,SAINTE-MARIE-AUX-MINES,,68,,,,,,,,,,,,,,,,,,,,,,,,,,,,,,,498986454,49898645400029,43.21A,,,,,,,,,,,sirene,
ENERPOSE,,,a contacter,,,,,,,,,,,,reseaux,,TRAPPES,,78,,,,,,,,,,,,,,,,,,,,,,,,,,,,,,,530550631,53055063100028,43.21A,,,,,,,,,,,sirene,
ENERSCIENCE,,,a contacter,,,,,,,,,,,,reseaux,,ALENCON,,61,,,,,,,,,,,,,,,,,,,,,,,,,,,,,,,831897921,83189792100019,43.21A,,,,,,,,,,,sirene,
ENERSOM,,,a contacter,,,,,,,,,,,,reseaux,,FONTAINE,,38,,,,,,,,,,,,,,,,,,,,,,,,,,,,,,,809948029,80994802900024,42.22Z,,,,,,,,,,,sirene,
ENERYA,,,a contacter,,,,,,,,,,,,reseaux,,CHASSIEU,,69,,,,,,,,,,,,,,,,,,,,,,,,,,,,,,,839466901,83946690100023,43.21A,,,,,,,,,,,sirene,
ENEVIE,,,a contacter,,,,,,,,,,,,reseaux,,MONTPELLIER,,34,,,,,,,,,,,,,,,,,,,,,,,,,,,,,,,534343686,53434368600042,43.21A,,,,,,,,,,,sirene,
ENFRASYS,,,a contacter,,,,,,,,,,,,reseaux,,RILLIEUX-LA-PAPE,,69,,,,,,,,,,,,,,,,,,,,,,,,,,,,,,,414879510,41487951000017,43.21A,,,,,,,,,,,sirene,
ENGELVIN TP RESEAUX,,,a contacter,,,,,,,,,,,,reseaux,,MENDE,,48,,,,,,,,,,,,,,,,,,,,,,,,,,,,,,,410378954,41037895400011,42.22Z,,,,,,,,,,,sirene,
ENGINEERING PROCUREMENT SERVICES INDUSTRY AFRICA,,,a contacter,,,,,,,,,,,,reseaux,,SAINT-DENIS,,93,,,,,,,,,,,,,,,,,,,,,,,,,,,,,,,330338294,33033829400052,43.21A,,,,,,,,,,,sirene,
ENGINEERING RESEAUX COMMUNICATIONS,,,a contacter,,,,,,,,,,,,reseaux,,VELIZY-VILLACOUBLAY,,78,,,,,,,,,,,,,,,,,,,,,,,,,,,,,,,339719775,33971977500084,61.90Z,,,,,,,,,,,sirene,
ENR SOLUTIONS,,,a contacter,,,,,,,,,,,,reseaux,,LA GARDE,,83,,,,,,,,,,,,,,,,,,,,,,,,,,,,,,,809104383,80910438300033,43.21A,,,,,,,,,,,sirene,
ENT GEN TRAVAUX ELECTRIQUE SERRADORI CIE,,,a contacter,,,,,,,,,,,,reseaux,,PUGET-SUR-ARGENS,,83,,,,,,,,,,,,,,,,,,,,,,,,,,,,,,,603750084,60375008400049,42.22Z,,,,,,,,,,,sirene,
ENT GUILLOT,,,a contacter,,,,,,,,,,,,reseaux,,CAILLOUX-SUR-FONTAINES,,69,,,,,,,,,,,,,,,,,,,,,,,,,,,,,,,770201697,77020169700065,43.21A,,,,,,,,,,,sirene,
ENTR GEN INDUST BAT ELECTRICITE,,,a contacter,,,,,,,,,,,,reseaux,,NEUILLY-PLAISANCE,,93,,,,,,,,,,,,,,,,,,,,,,,,,,,,,,,732010780,73201078000052,43.21A,,,,,,,,,,,sirene,
ENTR GENE ELECT AGERON BISSUEL,,,a contacter,,,,,,,,,,,,reseaux,,BRINDAS,,69,,,,,,,,,,,,,,,,,,,,,,,,,,,,,,,304263288,30426328800025,43.21A,,,,,,,,,,,sirene,
ENTR RATIONNELLE INSTALLATION ELECTRIQUE,,,a contacter,,,,,,,,,,,,reseaux,,AUBERVILLIERS,,93,,,,,,,,,,,,,,,,,,,,,,,,,,,,,,,542036207,54203620700059,43.21B,,,,,,,,,,,sirene,
ENTR REGIONALE CANALISATIONS TRAVAUX PUB,,,a contacter,,,,,,,,,,,,reseaux,,BOULAZAC ISLE MANOIRE,,24,,,,,,,,,,,,,,,,,,,,,,,,,,,,,,,551980469,55198046900029,42.21Z,,,,,,,,,,,sirene,
ENTR TRAVAUX PUBLICS LOCAT MAT,,,a contacter,,,,,,,,,,,,reseaux,,LA LECHERE,,73,,,,,,,,,,,,,,,,,,,,,,,,,,,,,,,319672796,31967279600020,42.21Z,,,,,,,,,,,sirene,
ENTREP TRAVAUX ELECTRIQUES CANALISATIONS,,,a contacter,,,,,,,,,,,,reseaux,,GAP,,05,,,,,,,,,,,,,,,,,,,,,,,,,,,,,,,386550453,38655045300024,42.22Z,,,,,,,,,,,sirene,
ENTREP.GENERALE ELECTRICITE URBANO,,,a contacter,,,,,,,,,,,,reseaux,,SAINT-APOLLINAIRE,,21,,,,,,,,,,,,,,,,,,,,,,,,,,,,,,,392270534,39227053400051,43.21A,,,,,,,,,,,sirene,
ENTREPOSE CONTRACTING,,,a contacter,,,,,,,,,,,,reseaux,,NANTERRE,,92,,,,,,,,,,,,,,,,,,,,,,,,,,,,,,,529170888,52917088800034,42.21Z,,,,,,,,,,,sirene,
ENTREPRISE  CONSTRUCTION DE LIGNE,,,a contacter,,,,,,,,,,,,reseaux,,LE SOLER,,66,,,,,,,,,,,,,,,,,,,,,,,,,,,,,,,341146967,34114696700045,42.22Z,,,,,,,,,,,sirene,
ENTREPRISE  GENERALE BACCONIN ET CIE,,,a contacter,,,,,,,,,,,,reseaux,,SAINT-ROMAIN-LE-PUY,,42,,,,,,,,,,,,,,,,,,,,,,,,,,,,,,,323610899,32361089900045,43.21A,,,,,,,,,,,sirene,
ENTREPRISE AMICA SA,,,a contacter,,,,,,,,,,,,reseaux,,ARGENTEUIL,,95,,,,,,,,,,,,,,,,,,,,,,,,,,,,,,,302694922,30269492200097,43.21A,,,,,,,,,,,sirene,
ENTREPRISE AMPELEC,,,a contacter,,,,,,,,,,,,reseaux,,SOISSONS,,02,,,,,,,,,,,,,,,,,,,,,,,,,,,,,,,539378356,53937835600031,43.21A,,,,,,,,,,,sirene,
ENTREPRISE ASTRUC,,,a contacter,,,,,,,,,,,,reseaux,,FABREGUES,,34,,,,,,,,,,,,,,,,,,,,,,,,,,,,,,,478542962,47854296200012,42.21Z,,,,,,,,,,,sirene,
ENTREPRISE AUVRAY-COLOMBEL,,,a contacter,,,,,,,,,,,,reseaux,,CUVERVILLE,,14,,,,,,,,,,,,,,,,,,,,,,,,,,,,,,,791096423,79109642300011,43.21A,,,,,,,,,,,sirene,
ENTREPRISE BALTHAZARD,,,a contacter,,,,,,,,,,,,reseaux,,MIRIBEL,,01,,,,,,,,,,,,,,,,,,,,,,,,,,,,,,,507382091,50738209100019,43.21B,,,,,,,,,,,sirene,
ENTREPRISE BARBIERO,,,a contacter,,,,,,,,,,,,reseaux,,DESERTINES,,03,,,,,,,,,,,,,,,,,,,,,,,,,,,,,,,338337025,33833702500039,42.21Z,,,,,,,,,,,sirene,
ENTREPRISE BARDE SUD-OUEST,,,a contacter,,,,,,,,,,,,reseaux,,MURET,,31,,,,,,,,,,,,,,,,,,,,,,,,,,,,,,,330534652,33053465200087,42.22Z,,,,,,,,,,,sirene,
ENTREPRISE BATIMENT ET TRAVAUX,,,a contacter,,,,,,,,,,,,reseaux,,PARIS,,75,,,,,,,,,,,,,,,,,,,,,,,,,,,,,,,914505037,91450503700012,43.21A,,,,,,,,,,,sirene,
ENTREPRISE BENEDET,,,a contacter,,,,,,,,,,,,reseaux,,ROOST-WARENDIN,,59,,,,,,,,,,,,,,,,,,,,,,,,,,,,,,,830837837,83083783700012,43.21A,,,,,,,,,,,sirene,
ENTREPRISE BESSON SAS,,,a contacter,,,,,,,,,,,,reseaux,,MARLIOZ,,74,,,,,,,,,,,,,,,,,,,,,,,,,,,,,,,392413555,39241355500021,42.21Z,,,,,,,,,,,sirene,
ENTREPRISE BLANLOEIL,,,a contacter,,,,,,,,,,,,reseaux,,CLISSON,,44,,,,,,,,,,,,,,,,,,,,,,,,,,,,,,,871802815,87180281500013,42.21Z,,,,,,,,,,,sirene,
ENTREPRISE BOUAT,,,a contacter,,,,,,,,,,,,reseaux,,TERSSAC,,81,,,,,,,,,,,,,,,,,,,,,,,,,,,,,,,788505774,78850577400034,43.21A,,,,,,,,,,,sirene,
ENTREPRISE BROGLIO,,,a contacter,,,,,,,,,,,,reseaux,,CORCIEUX,,88,,,,,,,,,,,,,,,,,,,,,,,,,,,,,,,380364851,38036485100010,42.21Z,,,,,,,,,,,sirene,
ENTREPRISE BRONNAZ,,,a contacter,,,,,,,,,,,,reseaux,,BARBERAZ,,73,,,,,,,,,,,,,,,,,,,,,,,,,,,,,,,312494248,31249424800031,42.22Z,,,,,,,,,,,sirene,
ENTREPRISE CAPRARO ET COMPAGNIE,,,a contacter,,,,,,,,,,,,reseaux,,CAPDENAC-GARE,,12,,,,,,,,,,,,,,,,,,,,,,,,,,,,,,,426680062,42668006200012,42.21Z,,,,,,,,,,,sirene,
ENTREPRISE CHATTE,,,a contacter,,,,,,,,,,,,reseaux,,MONTELIER,,26,,,,,,,,,,,,,,,,,,,,,,,,,,,,,,,477651491,47765149100011,43.21A,,,,,,,,,,,sirene,
ENTREPRISE CHAUVIRE,,,a contacter,,,,,,,,,,,,reseaux,,VALLONS-DE-L'ERDRE,,44,,,,,,,,,,,,,,,,,,,,,,,,,,,,,,,409749991,40974999100017,42.21Z,,,,,,,,,,,sirene,
ENTREPRISE CHOLTON,,,a contacter,,,,,,,,,,,,reseaux,,CHABANIERE,,69,,,,,,,,,,,,,,,,,,,,,,,,,,,,,,,674501267,67450126700084,42.21Z,,,,,,,,,,,sirene,
ENTREPRISE CLAUZEL,,,a contacter,,,,,,,,,,,,reseaux,,EPENOY,,25,,,,,,,,,,,,,,,,,,,,,,,,,,,,,,,353293483,35329348300031,42.21Z,,,,,,,,,,,sirene,
ENTREPRISE COPEZ,,,a contacter,,,,,,,,,,,,reseaux,,MONTIGNY-LES-METZ,,57,,,,,,,,,,,,,,,,,,,,,,,,,,,,,,,320863061,32086306100018,43.21A,,,,,,,,,,,sirene,
ENTREPRISE COURTIN THIERRY,,,a contacter,,,,,,,,,,,,reseaux,,HEDE-BAZOUGES,,35,,,,,,,,,,,,,,,,,,,,,,,,,,,,,,,422606202,42260620200014,43.21A,,,,,,,,,,,sirene,
ENTREPRISE COUSIN-PRADERE,,,a contacter,,,,,,,,,,,,reseaux,,CASTELSARRASIN,,82,,,,,,,,,,,,,,,,,,,,,,,,,,,,,,,845550102,84555010200030,42.21Z,,,,,,,,,,,sirene,
ENTREPRISE D ELECTRICITE BATIMENT,,,a contacter,,,,,,,,,,,,reseaux,,SARTROUVILLE,,78,,,,,,,,,,,,,,,,,,,,,,,,,,,,,,,317440436,31744043600036,43.21A,,,,,,,,,,,sirene,
ENTREPRISE D ELECTRICITE BRENGUIER,,,a contacter,,,,,,,,,,,,reseaux,,LE MUY,,83,,,,,,,,,,,,,,,,,,,,,,,,,,,,,,,423072172,42307217200046,43.21A,,,,,,,,,,,sirene,
ENTREPRISE D'ANGELO,,,a contacter,,,,,,,,,,,,reseaux,,MANOSQUE,,04,,,,,,,,,,,,,,,,,,,,,,,,,,,,,,,006950059,00695005900060,42.21Z,,,,,,,,,,,sirene,
ENTREPRISE D'ELECTRICITE DE PICARDIE,,,a contacter,,,,,,,,,,,,reseaux,,ABBEVILLE,,80,,,,,,,,,,,,,,,,,,,,,,,,,,,,,,,348310061,34831006100026,43.21A,,,,,,,,,,,sirene,
ENTREPRISE D'ELECTRICITE DU BOULONNAIS,,,a contacter,,,,,,,,,,,,reseaux,,SAINT-ETIENNE-AU-MONT,,62,,,,,,,,,,,,,,,,,,,,,,,,,,,,,,,351661681,35166168100012,43.21A,,,,,,,,,,,sirene,
ENTREPRISE D'ELECTRICITE ET D'EQUIPEMENT,,,a contacter,,,,,,,,,,,,reseaux,,NIMES,,30,,,,,,,,,,,,,,,,,,,,,,,,,,,,,,,700200231,70020023100020,42.22Z,,,,,,,,,,,sirene,
ENTREPRISE D'ELECTRICITE GILBERT ROBERT SARL,,,a contacter,,,,,,,,,,,,reseaux,,UCEL,,07,,,,,,,,,,,,,,,,,,,,,,,,,,,,,,,411732118,41173211800020,43.21A,,,,,,,,,,,sirene,
ENTREPRISE D'ELECTRICITE PAUTLER,,,a contacter,,,,,,,,,,,,reseaux,,MERTZWILLER,,67,,,,,,,,,,,,,,,,,,,,,,,,,,,,,,,698501657,69850165700028,42.22Z,,,,,,,,,,,sirene,
ENTREPRISE D'EQUIPEMENT ELECTRIQUE,,,a contacter,,,,,,,,,,,,reseaux,,ARTIX,,64,,,,,,,,,,,,,,,,,,,,,,,,,,,,,,,311461776,31146177600057,43.21A,,,,,,,,,,,sirene,
ENTREPRISE D'EQUIPEMENTS ELECTRIQUES,,,a contacter,,,,,,,,,,,,reseaux,,PONT-EVEQUE,,38,,,,,,,,,,,,,,,,,,,,,,,,,,,,,,,778114793,77811479300038,42.22Z,,,,,,,,,,,sirene,
ENTREPRISE DE REALISATIONS ELECTRIQUES,,,a contacter,,,,,,,,,,,,reseaux,,TROUVILLE-SUR-MER,,14,,,,,,,,,,,,,,,,,,,,,,,,,,,,,,,434900031,43490003100023,43.21A,,,,,,,,,,,sirene,
ENTREPRISE DE RESEAUX CENTRE LOIRE,,,a contacter,,,,,,,,,,,,reseaux,,ORGERES-EN-BEAUCE,,28,,,,,,,,,,,,,,,,,,,,,,,,,,,,,,,441633724,44163372400055,42.22Z,,,,,,,,,,,sirene,
ENTREPRISE DE RESEAUX ET SOURCES,,,a contacter,,,,,,,,,,,,reseaux,,LA MEZIERE,,35,,,,,,,,,,,,,,,,,,,,,,,,,,,,,,,382473957,38247395700233,42.22Z,,,,,,,,,,,sirene,
ENTREPRISE DE TRAVAUX ELECTRIQUES,,,a contacter,,,,,,,,,,,,reseaux,,ALES,,30,,,,,,,,,,,,,,,,,,,,,,,,,,,,,,,307020347,30702034700026,42.22Z,,,,,,,,,,,sirene,
ENTREPRISE DE TRAVAUX PUBLICS DE L'EST,,,a contacter,,,,,,,,,,,,reseaux,,STEINBRUNN-LE-HAUT,,68,,,,,,,,,,,,,,,,,,,,,,,,,,,,,,,494076888,49407688800010,42.21Z,,,,,,,,,,,sirene,
ENTREPRISE DE TRAVAUX PUBLICS EGA,,,a contacter,,,,,,,,,,,,reseaux,,SAULX-LES-CHARTREUX,,91,,,,,,,,,,,,,,,,,,,,,,,,,,,,,,,642047799,64204779900027,42.21Z,,,,,,,,,,,sirene,
ENTREPRISE DE TRAVAUX PUBLICS TEYSSIER PERE ET FILS,,,a contacter,,,,,,,,,,,,reseaux,,VAISON-LA-ROMAINE,,84,,,,,,,,,,,,,,,,,,,,,,,,,,,,,,,706320520,70632052000093,42.21Z,,,,,,,,,,,sirene,
ENTREPRISE DECIMA,,,a contacter,,,,,,,,,,,,reseaux,,SAINT-LAURENT-BLANGY,,62,,,,,,,,,,,,,,,,,,,,,,,,,,,,,,,561920190,56192019000023,43.21A,,,,,,,,,,,sirene,
ENTREPRISE DEMARAIS,,,a contacter,,,,,,,,,,,,reseaux,,MONTAUBAN,,82,,,,,,,,,,,,,,,,,,,,,,,,,,,,,,,846750222,84675022200057,42.22Z,,,,,,,,,,,sirene,
ENTREPRISE DEMONGEOT,,,a contacter,,,,,,,,,,,,reseaux,,DIJON,,21,,,,,,,,,,,,,,,,,,,,,,,,,,,,,,,778189951,77818995100057,43.21A,,,,,,,,,,,sirene,
ENTREPRISE DEMOUSELLE,,,a contacter,,,,,,,,,,,,reseaux,,ABBEVILLE,,80,,,,,,,,,,,,,,,,,,,,,,,,,,,,,,,005820378,00582037800031,43.21A,,,,,,,,,,,sirene,
ENTREPRISE DENIS MARTIN,,,a contacter,,,,,,,,,,,,reseaux,,LAY-SAINT-CHRISTOPHE,,54,,,,,,,,,,,,,,,,,,,,,,,,,,,,,,,329541676,32954167600030,43.21A,,,,,,,,,,,sirene,
ENTREPRISE DESSAIGNE,,,a contacter,,,,,,,,,,,,reseaux,,LE HORPS,,53,,,,,,,,,,,,,,,,,,,,,,,,,,,,,,,316344829,31634482900015,43.21A,,,,,,,,,,,sirene,
ENTREPRISE DODIVERS,,,a contacter,,,,,,,,,,,,reseaux,,BLUSSANS,,25,,,,,,,,,,,,,,,,,,,,,,,,,,,,,,,672820586,67282058600010,42.21Z,,,,,,,,,,,sirene,
ENTREPRISE DROMOISE D'ELECTRICITE,,,a contacter,,,,,,,,,,,,reseaux,,PORTES-LES-VALENCE,,26,,,,,,,,,,,,,,,,,,,,,,,,,,,,,,,300656907,30065690700031,43.21A,,,,,,,,,,,sirene,
ENTREPRISE DUBREUILH,,,a contacter,,,,,,,,,,,,reseaux,,MUSSIDAN,,24,,,,,,,,,,,,,,,,,,,,,,,,,,,,,,,611980046,61198004600019,42.21Z,,,,,,,,,,,sirene,
ENTREPRISE DUFFROY,,,a contacter,,,,,,,,,,,,reseaux,,SAINT-POL-SUR-TERNOISE,,62,,,,,,,,,,,,,,,,,,,,,,,,,,,,,,,301522686,30152268600023,42.21Z,,,,,,,,,,,sirene,
ENTREPRISE E. CAGNA,,,a contacter,,,,,,,,,,,,reseaux,,COMPIEGNE,,60,,,,,,,,,,,,,,,,,,,,,,,,,,,,,,,312680416,31268041600061,42.22Z,,,,,,,,,,,sirene,
ENTREPRISE E.HUBER ET CIE,,,a contacter,,,,,,,,,,,,reseaux,,MULHOUSE,,68,,,,,,,,,,,,,,,,,,,,,,,,,,,,,,,946451580,94645158000017,43.21A,,,,,,,,,,,sirene,
ENTREPRISE ELECRICITE HAUTS DE FRANCE,,,a contacter,,,,,,,,,,,,reseaux,,CAMON,,80,,,,,,,,,,,,,,,,,,,,,,,,,,,,,,,828679514,82867951400020,43.21A,,,,,,,,,,,sirene,
ENTREPRISE ELECTRICITE MARTINIQUAISE,,,a contacter,,,,,,,,,,,,reseaux,,FORT-DE-FRANCE,,972,,,,,,,,,,,,,,,,,,,,,,,,,,,,,,,394429013,39442901300052,43.21A,,,,,,,,,,,sirene,
ENTREPRISE ELECTRIQUE BATIFOIX,,,a contacter,,,,,,,,,,,,reseaux,,SAINT-MATHIEU,,87,,,,,,,,,,,,,,,,,,,,,,,,,,,,,,,318381324,31838132400025,42.22Z,,,,,,,,,,,sirene,
ENTREPRISE ELECTRIQUE HENRI CHETAIL,,,a contacter,,,,,,,,,,,,reseaux,,CHAUFFAILLES,,71,,,,,,,,,,,,,,,,,,,,,,,,,,,,,,,301464152,30146415200034,43.21A,,,,,,,,,,,sirene,
ENTREPRISE FABRE FRERES,,,a contacter,,,,,,,,,,,,reseaux,,THUIR,,66,,,,,,,,,,,,,,,,,,,,,,,,,,,,,,,644200255,64420025500037,42.21Z,,,,,,,,,,,sirene,
ENTREPRISE FAURIE,,,a contacter,,,,,,,,,,,,reseaux,,SAINT-SERNIN,,07,,,,,,,,,,,,,,,,,,,,,,,,,,,,,,,338786254,33878625400031,42.21Z,,,,,,,,,,,sirene,
ENTREPRISE G. GERLAND ET FILS,,,a contacter,,,,,,,,,,,,reseaux,,VERNOUX-EN-VIVARAIS,,07,,,,,,,,,,,,,,,,,,,,,,,,,,,,,,,303861710,30386171000018,42.21Z,,,,,,,,,,,sirene,
ENTREPRISE GABARRE,,,a contacter,,,,,,,,,,,,reseaux,,CASTELNAU-DURBAN,,09,,,,,,,,,,,,,,,,,,,,,,,,,,,,,,,937280311,93728031100039,42.22Z,,,,,,,,,,,sirene,
ENTREPRISE GELIBERT LAURENT,,,a contacter,,,,,,,,,,,,reseaux,,CHANOS-CURSON,,26,,,,,,,,,,,,,,,,,,,,,,,,,,,,,,,825004161,82500416100014,43.21A,,,,,,,,,,,sirene,
ENTREPRISE GENERALE D'ELECTRIFICATION RATIONNELLE,,,a contacter,,,,,,,,,,,,reseaux,,BAIE-MAHAULT,,971,,,,,,,,,,,,,,,,,,,,,,,,,,,,,,,311772925,31177292500047,43.21A,,,,,,,,,,,sirene,
ENTREPRISE GENERALE ELECTRICITE POUTIER,,,a contacter,,,,,,,,,,,,reseaux,,EYSINES,,33,,,,,,,,,,,,,,,,,,,,,,,,,,,,,,,460201577,46020157700034,43.21A,,,,,,,,,,,sirene,
ENTREPRISE GENERALE EQUIPEMENT ELECTRIQUE DU LIMOUSIN ET DU CENTRE,,,a contacter,,,,,,,,,,,,reseaux,,LIMOGES,,87,,,,,,,,,,,,,,,,,,,,,,,,,,,,,,,305319915,30531991500057,43.21A,,,,,,,,,,,sirene,
ENTREPRISE GILLET,,,a contacter,,,,,,,,,,,,reseaux,,SAINT-POL-DE-LEON,,29,,,,,,,,,,,,,,,,,,,,,,,,,,,,,,,847772217,84777221700026,43.21A,,,,,,,,,,,sirene,
ENTREPRISE GLE ELECTRICITE NOEL BERANGER,,,a contacter,,,,,,,,,,,,reseaux,,LA PENNE-SUR-HUVEAUNE,,13,,,,,,,,,,,,,,,,,,,,,,,,,,,,,,,072802689,07280268900025,43.21B,,,,,,,,,,,sirene,
ENTREPRISE GOURDON,,,a contacter,,,,,,,,,,,,reseaux,,NUEIL-LES-AUBIERS,,79,,,,,,,,,,,,,,,,,,,,,,,,,,,,,,,389567439,38956743900028,43.21A,,,,,,,,,,,sirene,
ENTREPRISE GRANDCHAMP FRERES,,,a contacter,,,,,,,,,,,,reseaux,,VULBENS,,74,,,,,,,,,,,,,,,,,,,,,,,,,,,,,,,788038297,78803829700032,43.21A,,,,,,,,,,,sirene,
ENTREPRISE GRASSO,,,a contacter,,,,,,,,,,,,reseaux,,VRIGNE AUX BOIS,,08,,,,,,,,,,,,,,,,,,,,,,,,,,,,,,,904471497,90447149700019,43.21A,,,,,,,,,,,sirene,
ENTREPRISE GRAVIERE,,,a contacter,,,,,,,,,,,,reseaux,,LEMPDES,,63,,,,,,,,,,,,,,,,,,,,,,,,,,,,,,,311020689,31102068900031,42.21Z,,,,,,,,,,,sirene,
ENTREPRISE GRIMOUX SAS,,,a contacter,,,,,,,,,,,,reseaux,,SAINT-PIERRE-LA-COUR,,53,,,,,,,,,,,,,,,,,,,,,,,,,,,,,,,557250677,55725067700019,43.21A,,,,,,,,,,,sirene,
ENTREPRISE GUIGUES,,,a contacter,,,,,,,,,,,,reseaux,,MARSEILLE,,13,,,,,,,,,,,,,,,,,,,,,,,,,,,,,,,072802911,07280291100015,42.21Z,,,,,,,,,,,sirene,
ENTREPRISE GUILLET & CLAVEL,,,a contacter,,,,,,,,,,,,reseaux,,IRIGNY,,69,,,,,,,,,,,,,,,,,,,,,,,,,,,,,,,328450853,32845085300051,42.21Z,,,,,,,,,,,sirene,
ENTREPRISE GUILLOT TRAVAUX PUBLICS,,,a contacter,,,,,,,,,,,,reseaux,,PERONNAS,,01,,,,,,,,,,,,,,,,,,,,,,,,,,,,,,,329517155,32951715500027,42.21Z,,,,,,,,,,,sirene,
ENTREPRISE GUY CHATEL,,,a contacter,,,,,,,,,,,,reseaux,,BONNEVILLE,,74,,,,,,,,,,,,,,,,,,,,,,,,,,,,,,,313383895,31338389500031,42.22Z,,,,,,,,,,,sirene,
ENTREPRISE HENOT,,,a contacter,,,,,,,,,,,,reseaux,,TRUYES,,37,,,,,,,,,,,,,,,,,,,,,,,,,,,,,,,316549021,31654902100046,42.22Z,,,,,,,,,,,sirene,
ENTREPRISE HENRY SARL,,,a contacter,,,,,,,,,,,,reseaux,,CLERMONT L'HERAULT,,34,,,,,,,,,,,,,,,,,,,,,,,,,,,,,,,384509865,38450986500034,43.21A,,,,,,,,,,,sirene,
ENTREPRISE HIRTZEL-ARBOGAST & FILS,,,a contacter,,,,,,,,,,,,reseaux,,BOOFZHEIM,,67,,,,,,,,,,,,,,,,,,,,,,,,,,,,,,,343339693,34333969300024,43.21A,,,,,,,,,,,sirene,
ENTREPRISE HUMBERT ET CIE,,,a contacter,,,,,,,,,,,,reseaux,,TRELAZE,,49,,,,,,,,,,,,,,,,,,,,,,,,,,,,,,,057201378,05720137800080,42.21Z,,,,,,,,,,,sirene,
ENTREPRISE INDUSTRIELLE DE TRAVAUX,,,a contacter,,,,,,,,,,,,reseaux,,MEYREUIL,,13,,,,,,,,,,,,,,,,,,,,,,,,,,,,,,,691620140,69162014000018,42.21Z,,,,,,,,,,,sirene,
ENTREPRISE J.L. DE OLIVEIRA,,,a contacter,,,,,,,,,,,,reseaux,,GENAS,,69,,,,,,,,,,,,,,,,,,,,,,,,,,,,,,,477492698,47749269800022,43.21A,,,,,,,,,,,sirene,
ENTREPRISE JEAN ET BARTHES,,,a contacter,,,,,,,,,,,,reseaux,,BEZIERS,,34,,,,,,,,,,,,,,,,,,,,,,,,,,,,,,,452743529,45274352900052,43.21A,,,,,,,,,,,sirene,
ENTREPRISE JEAN JACQUES LEFEBVRE,,,a contacter,,,,,,,,,,,,reseaux,,ATTICHES,,59,,,,,,,,,,,,,,,,,,,,,,,,,,,,,,,434545331,43454533100028,43.21A,,,,,,,,,,,sirene,
ENTREPRISE JOUBREL,,,a contacter,,,,,,,,,,,,reseaux,,SAINT-GILLES,,35,,,,,,,,,,,,,,,,,,,,,,,,,,,,,,,314900861,31490086100035,43.21A,,,,,,,,,,,sirene,
ENTREPRISE JULIEN SARL,,,a contacter,,,,,,,,,,,,reseaux,,CASSIS,,13,,,,,,,,,,,,,,,,,,,,,,,,,,,,,,,431280155,43128015500026,43.21A,,,,,,,,,,,sirene,
ENTREPRISE JURASSIENNE ELECTRICITE,,,a contacter,,,,,,,,,,,,reseaux,,DOLE,,39,,,,,,,,,,,,,,,,,,,,,,,,,,,,,,,321561391,32156139100012,43.21A,,,,,,,,,,,sirene,
ENTREPRISE KERVEADOU,,,a contacter,,,,,,,,,,,,reseaux,,CARHAIX-PLOUGUER,,29,,,,,,,,,,,,,,,,,,,,,,,,,,,,,,,353557069,35355706900039,43.21A,,,,,,,,,,,sirene,
ENTREPRISE LABRUX,,,a contacter,,,,,,,,,,,,reseaux,,LE BLANC,,36,,,,,,,,,,,,,,,,,,,,,,,,,,,,,,,401214853,40121485300020,42.22Z,,,,,,,,,,,sirene,
ENTREPRISE LAEUFFER,,,a contacter,,,,,,,,,,,,reseaux,,WISSEMBOURG,,67,,,,,,,,,,,,,,,,,,,,,,,,,,,,,,,517707949,51770794900031,43.21A,,,,,,,,,,,sirene,
ENTREPRISE LAFON,,,a contacter,,,,,,,,,,,,reseaux,,TREMBLAY-EN-FRANCE,,93,,,,,,,,,,,,,,,,,,,,,,,,,,,,,,,602055741,60205574100030,43.21A,,,,,,,,,,,sirene,
ENTREPRISE LAGADEC YVON - TP,,,a contacter,,,,,,,,,,,,reseaux,,PLEYBER-CHRIST,,29,,,,,,,,,,,,,,,,,,,,,,,,,,,,,,,379525686,37952568600018,42.21Z,,,,,,,,,,,sirene,
ENTREPRISE LECHEVALLIER,,,a contacter,,,,,,,,,,,,reseaux,,MANTES-LA-VILLE,,78,,,,,,,,,,,,,,,,,,,,,,,,,,,,,,,509797247,50979724700020,43.21B,,,,,,,,,,,sirene,
ENTREPRISE LECLERE,,,a contacter,,,,,,,,,,,,reseaux,,RENANSART,,02,,,,,,,,,,,,,,,,,,,,,,,,,,,,,,,586980385,58698038500015,43.21B,,,,,,,,,,,sirene,
ENTREPRISE LORRAINE DE RESEAUX ELECTRIQUES ELRES RESEAUX,,,a contacter,,,,,,,,,,,,reseaux,,HAUCONCOURT,,57,,,,,,,,,,,,,,,,,,,,,,,,,,,,,,,489950048,48995004800012,43.21B,,,,,,,,,,,sirene,
ENTREPRISE MARC,,,a contacter,,,,,,,,,,,,reseaux,,VILLENEUVE-LES-BEZIERS,,34,,,,,,,,,,,,,,,,,,,,,,,,,,,,,,,632920740,63292074000123,43.21A,,,,,,,,,,,sirene,
ENTREPRISE MARCHIELLO R.A.M.,,,a contacter,,,,,,,,,,,,reseaux,,MOUTIERS,,73,,,,,,,,,,,,,,,,,,,,,,,,,,,,,,,076012558,07601255800037,42.21Z,,,,,,,,,,,sirene,
ENTREPRISE MENAGE ELECTRICITE,,,a contacter,,,,,,,,,,,,reseaux,,MORANCEZ,,28,,,,,,,,,,,,,,,,,,,,,,,,,,,,,,,382209377,38220937700045,43.21A,,,,,,,,,,,sirene,
ENTREPRISE MEUSNIER,,,a contacter,,,,,,,,,,,,reseaux,,EMERAINVILLE,,77,,,,,,,,,,,,,,,,,,,,,,,,,,,,,,,400449930,40044993000041,43.21A,,,,,,,,,,,sirene,
ENTREPRISE MICHEL FERRAZ SA,,,a contacter,,,,,,,,,,,,reseaux,,BAGNEUX,,92,,,,,,,,,,,,,,,,,,,,,,,,,,,,,,,709805105,70980510500067,43.21B,,,,,,,,,,,sirene,
ENTREPRISE MIDALI FRERES,,,a contacter,,,,,,,,,,,,reseaux,,GONCELIN,,38,,,,,,,,,,,,,,,,,,,,,,,,,,,,,,,057500902,05750090200044,42.21Z,,,,,,,,,,,sirene,
ENTREPRISE MILLET ET FILS,,,a contacter,,,,,,,,,,,,reseaux,,VIERZON,,18,,,,,,,,,,,,,,,,,,,,,,,,,,,,,,,305190928,30519092800021,42.22Z,,,,,,,,,,,sirene,
ENTREPRISE MODERNE DE CONSTRUCTION,,,a contacter,,,,,,,,,,,,reseaux,,EVIAN-LES-BAINS,,74,,,,,,,,,,,,,,,,,,,,,,,,,,,,,,,319656674,31965667400045,42.21Z,,,,,,,,,,,sirene,
ENTREPRISE MOINGEON,,,a contacter,,,,,,,,,,,,reseaux,,LACANCHE,,21,,,,,,,,,,,,,,,,,,,,,,,,,,,,,,,516920303,51692030300026,42.21Z,,,,,,,,,,,sirene,
ENTREPRISE MONTET,,,a contacter,,,,,,,,,,,,reseaux,,SAINT-ANDRE-DE-SANGONIS,,34,,,,,,,,,,,,,,,,,,,,,,,,,,,,,,,451671341,45167134100027,43.21A,,,,,,,,,,,sirene,
ENTREPRISE MONTI NANNI,,,a contacter,,,,,,,,,,,,reseaux,,HYERES,,83,,,,,,,,,,,,,,,,,,,,,,,,,,,,,,,997739529,99773952900037,42.21Z,,,,,,,,,,,sirene,
ENTREPRISE MOYSAN ENERGIES,,,a contacter,,,,,,,,,,,,reseaux,,PLOUVORN,,29,,,,,,,,,,,,,,,,,,,,,,,,,,,,,,,435182894,43518289400020,43.21A,,,,,,,,,,,sirene,
ENTREPRISE OULES,,,a contacter,,,,,,,,,,,,reseaux,,CASTELMAUROU,,31,,,,,,,,,,,,,,,,,,,,,,,,,,,,,,,640800397,64080039700021,42.21Z,,,,,,,,,,,sirene,
ENTREPRISE PELLETREAU,,,a contacter,,,,,,,,,,,,reseaux,,MAREUIL SUR LAY-DISSAIS,,85,,,,,,,,,,,,,,,,,,,,,,,,,,,,,,,481422145,48142214500013,43.21A,,,,,,,,,,,sirene,
ENTREPRISE PERNA FRERES,,,a contacter,,,,,,,,,,,,reseaux,,VILLEFRANCHE-DE-ROUERGUE,,12,,,,,,,,,,,,,,,,,,,,,,,,,,,,,,,334688140,33468814000014,42.22Z,,,,,,,,,,,sirene,
ENTREPRISE PETTINI,,,a contacter,,,,,,,,,,,,reseaux,,PONCIN,,01,,,,,,,,,,,,,,,,,,,,,,,,,,,,,,,768200032,76820003200060,42.21Z,,,,,,,,,,,sirene,
ENTREPRISE PIERRE SIMON,,,a contacter,,,,,,,,,,,,reseaux,,PARIS,,75,,,,,,,,,,,,,,,,,,,,,,,,,,,,,,,572122091,57212209100018,43.21A,,,,,,,,,,,sirene,
ENTREPRISE PILOT,,,a contacter,,,,,,,,,,,,reseaux,,MAUGES-SUR-LOIRE,,49,,,,,,,,,,,,,,,,,,,,,,,,,,,,,,,324455377,32445537700022,43.21A,,,,,,,,,,,sirene,
ENTREPRISE PINTO,,,a contacter,,,,,,,,,,,,reseaux,,FOUGERES,,35,,,,,,,,,,,,,,,,,,,,,,,,,,,,,,,619200520,61920052000010,42.21Z,,,,,,,,,,,sirene,
ENTREPRISE PISTOLESI,,,a contacter,,,,,,,,,,,,reseaux,,VALBONNE,,06,,,,,,,,,,,,,,,,,,,,,,,,,,,,,,,328045422,32804542200032,43.21A,,,,,,,,,,,sirene,
ENTREPRISE PLESSEENNE ELECTRICITE,,,a contacter,,,,,,,,,,,,reseaux,,SAINT-MAUR-DES-FOSSES,,94,,,,,,,,,,,,,,,,,,,,,,,,,,,,,,,385288709,38528870900038,43.21A,,,,,,,,,,,sirene,
ENTREPRISE POLO ET FILS,,,a contacter,,,,,,,,,,,,reseaux,,BERGERAC,,24,,,,,,,,,,,,,,,,,,,,,,,,,,,,,,,351153135,35115313500022,43.21A,,,,,,,,,,,sirene,
ENTREPRISE POURETTE,,,a contacter,,,,,,,,,,,,reseaux,,CHATENOY-LE-ROYAL,,71,,,,,,,,,,,,,,,,,,,,,,,,,,,,,,,499072536,49907253600059,43.21A,,,,,,,,,,,sirene,
ENTREPRISE POURRIERE,,,a contacter,,,,,,,,,,,,reseaux,,SAINT-MAXIMIN-LA-SAINTE-BAUME,,83,,,,,,,,,,,,,,,,,,,,,,,,,,,,,,,433755071,43375507100027,43.21A,,,,,,,,,,,sirene,
ENTREPRISE POYER PERE ET FILS,,,a contacter,,,,,,,,,,,,reseaux,,ESCOUT,,64,,,,,,,,,,,,,,,,,,,,,,,,,,,,,,,440874097,44087409700031,43.21A,,,,,,,,,,,sirene,
ENTREPRISE PRO,,,a contacter,,,,,,,,,,,,reseaux,,MARSEILLE,,13,,,,,,,,,,,,,,,,,,,,,,,,,,,,,,,810777268,81077726800055,61.90Z,,,,,,,,,,,sirene,
ENTREPRISE PYRENEENNE D'ELECTRICITE ET DE CANALISATIONS,,,a contacter,,,,,,,,,,,,reseaux,,SARRANCOLIN,,65,,,,,,,,,,,,,,,,,,,,,,,,,,,,,,,384791810,38479181000029,42.22Z,,,,,,,,,,,sirene,
ENTREPRISE R HAEZEBROUCK,,,a contacter,,,,,,,,,,,,reseaux,,SAINT-MEMMIE,,51,,,,,,,,,,,,,,,,,,,,,,,,,,,,,,,301969549,30196954900049,43.21A,,,,,,,,,,,sirene,
ENTREPRISE RAOULT,,,a contacter,,,,,,,,,,,,reseaux,,MANTES-LA-JOLIE,,78,,,,,,,,,,,,,,,,,,,,,,,,,,,,,,,342185931,34218593100017,43.21A,,,,,,,,,,,sirene,
ENTREPRISE RAY,,,a contacter,,,,,,,,,,,,reseaux,,EPINAL,,88,,,,,,,,,,,,,,,,,,,,,,,,,,,,,,,392549762,39254976200012,42.21Z,,,,,,,,,,,sirene,
ENTREPRISE RENE BENOI ET FILS,,,a contacter,,,,,,,,,,,,reseaux,,BOISSET-ET-GAUJAC,,30,,,,,,,,,,,,,,,,,,,,,,,,,,,,,,,314198250,31419825000032,42.21Z,,,,,,,,,,,sirene,
ENTREPRISE RICHIERO,,,a contacter,,,,,,,,,,,,reseaux,,UGINE,,73,,,,,,,,,,,,,,,,,,,,,,,,,,,,,,,339087454,33908745400015,43.21A,,,,,,,,,,,sirene,
ENTREPRISE ROGER MARTEAU,,,a contacter,,,,,,,,,,,,reseaux,,JOUE-LES-TOURS,,37,,,,,,,,,,,,,,,,,,,,,,,,,,,,,,,816420392,81642039200192,43.21A,,,,,,,,,,,sirene,
ENTREPRISE ROLAND GARD,,,a contacter,,,,,,,,,,,,reseaux,,VALENCE,,26,,,,,,,,,,,,,,,,,,,,,,,,,,,,,,,437380181,43738018100036,43.21A,,,,,,,,,,,sirene,
ENTREPRISE ROUQUETTE,,,a contacter,,,,,,,,,,,,reseaux,,POISY,,74,,,,,,,,,,,,,,,,,,,,,,,,,,,,,,,304994619,30499461900043,43.21A,,,,,,,,,,,sirene,
ENTREPRISE ROUX,,,a contacter,,,,,,,,,,,,reseaux,,ISSOIRE,,63,,,,,,,,,,,,,,,,,,,,,,,,,,,,,,,444572507,44457250700028,42.21Z,,,,,,,,,,,sirene,
ENTREPRISE SABRAN,,,a contacter,,,,,,,,,,,,reseaux,,SAINT-PRIVAT-DES-VIEUX,,30,,,,,,,,,,,,,,,,,,,,,,,,,,,,,,,403686421,40368642100047,43.21A,,,,,,,,,,,sirene,
ENTREPRISE SALABERT,,,a contacter,,,,,,,,,,,,reseaux,,CERET,,66,,,,,,,,,,,,,,,,,,,,,,,,,,,,,,,347645301,34764530100032,43.21A,,,,,,,,,,,sirene,
ENTREPRISE SARTHOU,,,a contacter,,,,,,,,,,,,reseaux,,ARTIGUES-PRES-BORDEAUX,,33,,,,,,,,,,,,,,,,,,,,,,,,,,,,,,,328887187,32888718700032,43.21A,,,,,,,,,,,sirene,
ENTREPRISE SERRA ET FILS,,,a contacter,,,,,,,,,,,,reseaux,,LE VIGAN,,30,,,,,,,,,,,,,,,,,,,,,,,,,,,,,,,311904247,31190424700021,42.21Z,,,,,,,,,,,sirene,
ENTREPRISE SEVA,,,a contacter,,,,,,,,,,,,reseaux,,CUGNAUX,,31,,,,,,,,,,,,,,,,,,,,,,,,,,,,,,,323634584,32363458400037,42.22Z,,,,,,,,,,,sirene,
ENTREPRISE SOARES,,,a contacter,,,,,,,,,,,,reseaux,,RIOM,,63,,,,,,,,,,,,,,,,,,,,,,,,,,,,,,,352654917,35265491700033,43.21A,,,,,,,,,,,sirene,
ENTREPRISE SOL FRERES,,,a contacter,,,,,,,,,,,,reseaux,,PALAU-DEL-VIDRE,,66,,,,,,,,,,,,,,,,,,,,,,,,,,,,,,,328322615,32832261500035,42.21Z,,,,,,,,,,,sirene,
ENTREPRISE SOLIVE,,,a contacter,,,,,,,,,,,,reseaux,,PIGNAN,,34,,,,,,,,,,,,,,,,,,,,,,,,,,,,,,,382593903,38259390300018,42.21Z,,,,,,,,,,,sirene,
ENTREPRISE T.P LACASSAGNE,,,a contacter,,,,,,,,,,,,reseaux,,CHAZELLES-SUR-LYON,,42,,,,,,,,,,,,,,,,,,,,,,,,,,,,,,,349062604,34906260400013,42.21Z,,,,,,,,,,,sirene,
ENTREPRISE TALMANT,,,a contacter,,,,,,,,,,,,reseaux,,RESSONS SUR MATZ,,60,,,,,,,,,,,,,,,,,,,,,,,,,,,,,,,523347243,52334724300033,43.21A,,,,,,,,,,,sirene,
ENTREPRISE TESTONI ELECTRICITE GENERALE,,,a contacter,,,,,,,,,,,,reseaux,,ROGNAC,,13,,,,,,,,,,,,,,,,,,,,,,,,,,,,,,,637180142,63718014200019,42.22Z,,,,,,,,,,,sirene,
ENTREPRISE TESTONI REUNION,,,a contacter,,,,,,,,,,,,reseaux,,SAINT-PIERRE,,974,,,,,,,,,,,,,,,,,,,,,,,,,,,,,,,340270495,34027049500039,43.21B,,,,,,,,,,,sirene,
ENTREPRISE TRAVAUX PUBLIC DANIEL RABASA,,,a contacter,,,,,,,,,,,,reseaux,,MORBIER,,39,,,,,,,,,,,,,,,,,,,,,,,,,,,,,,,382733426,38273342600037,42.21Z,,,,,,,,,,,sirene,
ENTREPRISE TRAVAUX PUBLICS D ARMOR,,,a contacter,,,,,,,,,,,,reseaux,,PLEUVEN,,29,,,,,,,,,,,,,,,,,,,,,,,,,,,,,,,377749163,37774916300046,42.21Z,,,,,,,,,,,sirene,
ENTREPRISE TRAVESSET,,,a contacter,,,,,,,,,,,,reseaux,,TEYRAN,,34,,,,,,,,,,,,,,,,,,,,,,,,,,,,,,,950015446,95001544600061,42.22Z,,,,,,,,,,,sirene,
ENTREPRISE VIALARET,,,a contacter,,,,,,,,,,,,reseaux,,AIGUEFONDE,,81,,,,,,,,,,,,,,,,,,,,,,,,,,,,,,,311998249,31199824900016,42.21Z,,,,,,,,,,,sirene,
ENTREPRISE VINAS,,,a contacter,,,,,,,,,,,,reseaux,,LAFOX,,47,,,,,,,,,,,,,,,,,,,,,,,,,,,,,,,434189668,43418966800016,43.21A,,,,,,,,,,,sirene,
ENVEO,,,a contacter,,,,,,,,,,,,reseaux,,LIFFRE,,35,,,,,,,,,,,,,,,,,,,,,,,,,,,,,,,433235983,43323598300023,43.21A,,,,,,,,,,,sirene,
ENVIRO SERVICES FRANCE,,,a contacter,,,,,,,,,,,,reseaux,,WAMBRECHIES,,59,,,,,,,,,,,,,,,,,,,,,,,,,,,,,,,831455563,83145556300021,61.90Z,,,,,,,,,,,sirene,
ENVIRONNEMENT DES RESEAUX,,,a contacter,,,,,,,,,,,,reseaux,,VILLEBON-SUR-YVETTE,,91,,,,,,,,,,,,,,,,,,,,,,,,,,,,,,,528563521,52856352100053,42.21Z,,,,,,,,,,,sirene,
EOLE ENERGY,,,a contacter,,,,,,,,,,,,reseaux,,SAINT-LAURENT-MEDOC,,33,,,,,,,,,,,,,,,,,,,,,,,,,,,,,,,499281392,49928139200021,43.21A,,,,,,,,,,,sirene,
EOLIA ENERGIE,,,a contacter,,,,,,,,,,,,reseaux,,SAINT-AMAND-LES-EAUX,,59,,,,,,,,,,,,,,,,,,,,,,,,,,,,,,,893417261,89341726100011,43.21A,,,,,,,,,,,sirene,
EOS TELECOM,,,a contacter,,,,,,,,,,,,reseaux,,PARIS,,75,,,,,,,,,,,,,,,,,,,,,,,,,,,,,,,847893658,84789365800025,61.20Z,,,,,,,,,,,sirene,
EOSGIE,,,a contacter,,,,,,,,,,,,reseaux,,NEUILLY-PLAISANCE,,93,,,,,,,,,,,,,,,,,,,,,,,,,,,,,,,520429762,52042976200047,43.21A,,,,,,,,,,,sirene,
EP2C SUD,,,a contacter,,,,,,,,,,,,reseaux,,FOS-SUR-MER,,13,,,,,,,,,,,,,,,,,,,,,,,,,,,,,,,849584396,84958439600022,43.21A,,,,,,,,,,,sirene,
EPELEC,,,a contacter,,,,,,,,,,,,reseaux,,VITRY-SUR-SEINE,,94,,,,,,,,,,,,,,,,,,,,,,,,,,,,,,,798687042,79868704200043,43.21A,,,,,,,,,,,sirene,
EPITECH,,,a contacter,,,,,,,,,,,,reseaux,,EPINAL,,88,,,,,,,,,,,,,,,,,,,,,,,,,,,,,,,798265948,79826594800025,42.22Z,,,,,,,,,,,sirene,
EPJ,,,a contacter,,,,,,,,,,,,reseaux,,SAINT-MARTIN-D'HERES,,38,,,,,,,,,,,,,,,,,,,,,,,,,,,,,,,525079919,52507991900045,43.21A,,,,,,,,,,,sirene,
EPSIG,,,a contacter,,,,,,,,,,,,reseaux,,VEUREY-VOROIZE,,38,,,,,,,,,,,,,,,,,,,,,,,,,,,,,,,494469224,49446922400021,43.21B,,,,,,,,,,,sirene,
EPURATION POMPAGE URBAIN ET RURAL,,,a contacter,,,,,,,,,,,,reseaux,,THOIRAS,,30,,,,,,,,,,,,,,,,,,,,,,,,,,,,,,,350904710,35090471000018,42.21Z,,,,,,,,,,,sirene,
EQOS ENERGIE FRANCE,,,a contacter,,,,,,,,,,,,reseaux,,TOULOUSE,,31,,,,,,,,,,,,,,,,,,,,,,,,,,,,,,,880369921,88036992100015,42.22Z,,,,,,,,,,,sirene,
EQUATION,,,a contacter,,,,,,,,,,,,reseaux,,SAINT-ETIENNE,,42,,,,,,,,,,,,,,,,,,,,,,,,,,,,,,,332184639,33218463900026,61.10Z,,,,,,,,,,,sirene,
EQUINOXE,,,a contacter,,,,,,,,,,,,reseaux,,SAINT-BRANCHS,,37,,,,,,,,,,,,,,,,,,,,,,,,,,,,,,,422798736,42279873600043,43.21A,,,,,,,,,,,sirene,
ER2A SUD EST,,,a contacter,,,,,,,,,,,,reseaux,,VALENCE,,26,,,,,,,,,,,,,,,,,,,,,,,,,,,,,,,508517158,50851715800038,43.21A,,,,,,,,,,,sirene,
ERC AUTOMATISME,,,a contacter,,,,,,,,,,,,reseaux,,CHEVILLY-LARUE,,94,,,,,,,,,,,,,,,,,,,,,,,,,,,,,,,410146955,41014695500035,43.21A,,,,,,,,,,,sirene,
EREC TECHNOLOGIES,,,a contacter,,,,,,,,,,,,reseaux,,LACHASSAGNE,,69,,,,,,,,,,,,,,,,,,,,,,,,,,,,,,,452039712,45203971200032,43.21A,,,,,,,,,,,sirene,
ERELA,,,a contacter,,,,,,,,,,,,reseaux,,BONDY,,93,,,,,,,,,,,,,,,,,,,,,,,,,,,,,,,339617680,33961768000022,43.21A,,,,,,,,,,,sirene,
ERELEC,,,a contacter,,,,,,,,,,,,reseaux,,BOULAZAC ISLE MANOIRE,,24,,,,,,,,,,,,,,,,,,,,,,,,,,,,,,,393514880,39351488000045,43.21A,,,,,,,,,,,sirene,
ERELEC INDUSTRIE,,,a contacter,,,,,,,,,,,,reseaux,,POUILLY-SOUS-CHARLIEU,,42,,,,,,,,,,,,,,,,,,,,,,,,,,,,,,,344399100,34439910000033,43.21A,,,,,,,,,,,sirene,
ERGETIC,,,a contacter,,,,,,,,,,,,reseaux,,PONTAULT-COMBAULT,,77,,,,,,,,,,,,,,,,,,,,,,,,,,,,,,,508185311,50818531100042,43.21A,,,,,,,,,,,sirene,
ERIC BUCAILLE,,,a contacter,,,,,,,,,,,,reseaux,,CRIQUEBEUF-SUR-SEINE,,27,,,,,,,,,,,,,,,,,,,,,,,,,,,,,,,408864460,40886446000030,43.21A,,,,,,,,,,,sirene,
ERIC QUEINNEC,,,a contacter,,,,,,,,,,,,reseaux,,PONT-DE-BUIS-LES-QUIMERCH,,29,,,,,,,,,,,,,,,,,,,,,,,,,,,,,,,491461802,49146180200028,43.21A,,,,,,,,,,,sirene,
ERISUR,,,a contacter,,,,,,,,,,,,reseaux,,IVRY-SUR-SEINE,,94,,,,,,,,,,,,,,,,,,,,,,,,,,,,,,,509700159,50970015900023,43.21A,,,,,,,,,,,sirene,
ERP,,,a contacter,,,,,,,,,,,,reseaux,,SAINT-DENIS,,93,,,,,,,,,,,,,,,,,,,,,,,,,,,,,,,822899787,82289978700045,43.21A,,,,,,,,,,,sirene,
ERRT,,,a contacter,,,,,,,,,,,,reseaux,,BRIGNAIS,,69,,,,,,,,,,,,,,,,,,,,,,,,,,,,,,,502653918,50265391800032,42.22Z,,,,,,,,,,,sirene,
ERT MOBILE,,,a contacter,,,,,,,,,,,,reseaux,,BORDEAUX,,33,,,,,,,,,,,,,,,,,,,,,,,,,,,,,,,890922016,89092201600021,61.20Z,,,,,,,,,,,sirene,
ERTIE & FILS,,,a contacter,,,,,,,,,,,,reseaux,,ANNET-SUR-MARNE,,77,,,,,,,,,,,,,,,,,,,,,,,,,,,,,,,823953385,82395338500031,43.21A,,,,,,,,,,,sirene,
ERTP,,,a contacter,,,,,,,,,,,,reseaux,,MONTREUIL,,93,,,,,,,,,,,,,,,,,,,,,,,,,,,,,,,752871186,75287118600033,42.22Z,,,,,,,,,,,sirene,
ERWAN LERAISNIER,,,a contacter,,,,,,,,,,,,reseaux,,CHANDAI,,61,,,,,,,,,,,,,,,,,,,,,,,,,,,,,,,808604409,80860440900033,43.21A,,,,,,,,,,,sirene,
ES BPC ELECTRICITE,,,a contacter,,,,,,,,,,,,reseaux,,LE MANS,,72,,,,,,,,,,,,,,,,,,,,,,,,,,,,,,,797549482,79754948200025,43.21A,,,,,,,,,,,sirene,
ES ELEQ,,,a contacter,,,,,,,,,,,,reseaux,,VITRY-LE-FRANCOIS,,51,,,,,,,,,,,,,,,,,,,,,,,,,,,,,,,810956847,81095684700026,43.21A,,,,,,,,,,,sirene,
ESARI,,,a contacter,,,,,,,,,,,,reseaux,,LES VILLAGES VOVEENS,,28,,,,,,,,,,,,,,,,,,,,,,,,,,,,,,,834655235,83465523500028,43.21A,,,,,,,,,,,sirene,
ESBTP,,,a contacter,,,,,,,,,,,,reseaux,,ESTILLAC,,47,,,,,,,,,,,,,,,,,,,,,,,,,,,,,,,414366658,41436665800063,42.21Z,,,,,,,,,,,sirene,
ESR - SMTS,,,a contacter,,,,,,,,,,,,reseaux,,COLOMIERS,,31,,,,,,,,,,,,,,,,,,,,,,,,,,,,,,,809843733,80984373300027,43.21A,,,,,,,,,,,sirene,
ESS FIBRE OPTIQUE,,,a contacter,,,,,,,,,,,,reseaux,,CHANTEMERLE-LES-BLES,,26,,,,,,,,,,,,,,,,,,,,,,,,,,,,,,,879282358,87928235800032,42.22Z,,,,,,,,,,,sirene,
ESSIA ENERGIE,,,a contacter,,,,,,,,,,,,reseaux,,LE TAMPON,,974,,,,,,,,,,,,,,,,,,,,,,,,,,,,,,,902103993,90210399300025,43.21A,,,,,,,,,,,sirene,
EST MAINTENANCE SERVICE,,,a contacter,,,,,,,,,,,,reseaux,,NORROY-LE-VENEUR,,57,,,,,,,,,,,,,,,,,,,,,,,,,,,,,,,443977269,44397726900036,43.21A,,,,,,,,,,,sirene,
EST RESEAUX,,,a contacter,,,,,,,,,,,,reseaux,,PHALSBOURG,,57,,,,,,,,,,,,,,,,,,,,,,,,,,,,,,,393556469,39355646900038,42.22Z,,,,,,,,,,,sirene,
ESTC,,,a contacter,,,,,,,,,,,,reseaux,,HENIN-BEAUMONT,,62,,,,,,,,,,,,,,,,,,,,,,,,,,,,,,,919965574,91996557400016,43.21A,,,,,,,,,,,sirene,
ESTEL,,,a contacter,,,,,,,,,,,,reseaux,,CERNAY-LES-REIMS,,51,,,,,,,,,,,,,,,,,,,,,,,,,,,,,,,518638630,51863863000047,43.21A,,,,,,,,,,,sirene,
ESTUAIRE ELECTRICITE,,,a contacter,,,,,,,,,,,,reseaux,,GONFREVILLE-L'ORCHER,,76,,,,,,,,,,,,,,,,,,,,,,,,,,,,,,,497586602,49758660200045,43.21A,,,,,,,,,,,sirene,
ETABLISSEMENT BEAUX,,,a contacter,,,,,,,,,,,,reseaux,,SAINT-CLAIR-DU-RHONE,,38,,,,,,,,,,,,,,,,,,,,,,,,,,,,,,,623680014,62368001400056,43.21A,,,,,,,,,,,sirene,
ETABLISSEMENT LAMOUR,,,a contacter,,,,,,,,,,,,reseaux,,SAINT-LO,,50,,,,,,,,,,,,,,,,,,,,,,,,,,,,,,,411272511,41127251100022,43.21A,,,,,,,,,,,sirene,
ETABLISSEMENT MARCEL GILOT,,,a contacter,,,,,,,,,,,,reseaux,,ROSTRENEN,,22,,,,,,,,,,,,,,,,,,,,,,,,,,,,,,,411067648,41106764800054,43.21A,,,,,,,,,,,sirene,
ETABLISSEMENTS  VAUTHIER,,,a contacter,,,,,,,,,,,,reseaux,,BALLAY,,08,,,,,,,,,,,,,,,,,,,,,,,,,,,,,,,786120212,78612021200059,43.21A,,,,,,,,,,,sirene,
ETABLISSEMENTS AGNIEL,,,a contacter,,,,,,,,,,,,reseaux,,ALES,,30,,,,,,,,,,,,,,,,,,,,,,,,,,,,,,,320919590,32091959000069,43.21A,,,,,,,,,,,sirene,
ETABLISSEMENTS BELET,,,a contacter,,,,,,,,,,,,reseaux,,OLEMPS,,12,,,,,,,,,,,,,,,,,,,,,,,,,,,,,,,317051654,31705165400042,43.21A,,,,,,,,,,,sirene,
ETABLISSEMENTS BENEZECH,,,a contacter,,,,,,,,,,,,reseaux,,ALBI,,81,,,,,,,,,,,,,,,,,,,,,,,,,,,,,,,305475782,30547578200036,42.21Z,,,,,,,,,,,sirene,
ETABLISSEMENTS BERNARD BAUER ET FILS,,,a contacter,,,,,,,,,,,,reseaux,,BURNHAUPT-LE-HAUT,,68,,,,,,,,,,,,,,,,,,,,,,,,,,,,,,,323983221,32398322100017,43.21A,,,,,,,,,,,sirene,
ETABLISSEMENTS BIGLER,,,a contacter,,,,,,,,,,,,reseaux,,AUBIERE,,63,,,,,,,,,,,,,,,,,,,,,,,,,,,,,,,854200169,85420016900076,43.21A,,,,,,,,,,,sirene,
ETABLISSEMENTS CARRIER,,,a contacter,,,,,,,,,,,,reseaux,,MOULINS,,03,,,,,,,,,,,,,,,,,,,,,,,,,,,,,,,342584133,34258413300025,43.21A,,,,,,,,,,,sirene,
ETABLISSEMENTS CLAUDE BELISSA,,,a contacter,,,,,,,,,,,,reseaux,,PARIS,,75,,,,,,,,,,,,,,,,,,,,,,,,,,,,,,,692029366,69202936600030,43.21A,,,,,,,,,,,sirene,
ETABLISSEMENTS CLEMENCON,,,a contacter,,,,,,,,,,,,reseaux,,GRIGNY-SUR-RHONE,,69,,,,,,,,,,,,,,,,,,,,,,,,,,,,,,,390812725,39081272500047,43.21A,,,,,,,,,,,sirene,
ETABLISSEMENTS COLLOT,,,a contacter,,,,,,,,,,,,reseaux,,CHAURAY,,79,,,,,,,,,,,,,,,,,,,,,,,,,,,,,,,430006320,43000632000039,43.21A,,,,,,,,,,,sirene,
ETABLISSEMENTS CORDAT ET BRAULT,,,a contacter,,,,,,,,,,,,reseaux,,VIERZON,,18,,,,,,,,,,,,,,,,,,,,,,,,,,,,,,,788161800,78816180000016,43.21A,,,,,,,,,,,sirene,
ETABLISSEMENTS CUNY SAS,,,a contacter,,,,,,,,,,,,reseaux,,SAINTE-COLOMBE-EN-BRUILHOIS,,47,,,,,,,,,,,,,,,,,,,,,,,,,,,,,,,026120063,02612006300149,43.21A,,,,,,,,,,,sirene,
ETABLISSEMENTS DAERON,,,a contacter,,,,,,,,,,,,reseaux,,LORIENT,,56,,,,,,,,,,,,,,,,,,,,,,,,,,,,,,,873501365,87350136500050,43.21A,,,,,,,,,,,sirene,
ETABLISSEMENTS DALIGAULT,,,a contacter,,,,,,,,,,,,reseaux,,CAEN,,14,,,,,,,,,,,,,,,,,,,,,,,,,,,,,,,383613643,38361364300030,43.21A,,,,,,,,,,,sirene,
ETABLISSEMENTS DAVID,,,a contacter,,,,,,,,,,,,reseaux,,CREPY EN VALOIS,,60,,,,,,,,,,,,,,,,,,,,,,,,,,,,,,,697280493,69728049300068,43.21A,,,,,,,,,,,sirene,
ETABLISSEMENTS DEGREANE,,,a contacter,,,,,,,,,,,,reseaux,,LA FARLEDE,,83,,,,,,,,,,,,,,,,,,,,,,,,,,,,,,,549501203,54950120300059,43.21A,,,,,,,,,,,sirene,
ETABLISSEMENTS DELETRE,,,a contacter,,,,,,,,,,,,reseaux,,VILLEPINTE,,93,,,,,,,,,,,,,,,,,,,,,,,,,,,,,,,315563510,31556351000041,43.21A,,,,,,,,,,,sirene,
ETABLISSEMENTS DESORMEAUX,,,a contacter,,,,,,,,,,,,reseaux,,LE GRAND-QUEVILLY,,76,,,,,,,,,,,,,,,,,,,,,,,,,,,,,,,387934177,38793417700016,43.21A,,,,,,,,,,,sirene,
ETABLISSEMENTS DOURDIN,,,a contacter,,,,,,,,,,,,reseaux,,VILLENEUVE-D'ASCQ,,59,,,,,,,,,,,,,,,,,,,,,,,,,,,,,,,318071461,31807146100020,43.21A,,,,,,,,,,,sirene,
ETABLISSEMENTS ETTEBA,,,a contacter,,,,,,,,,,,,reseaux,,SALLANCHES,,74,,,,,,,,,,,,,,,,,,,,,,,,,,,,,,,324698679,32469867900028,43.21A,,,,,,,,,,,sirene,
ETABLISSEMENTS FAUCHET,,,a contacter,,,,,,,,,,,,reseaux,,SULNIAC,,56,,,,,,,,,,,,,,,,,,,,,,,,,,,,,,,483604807,48360480700014,43.21A,,,,,,,,,,,sirene,
ETABLISSEMENTS FAVEREAUX,,,a contacter,,,,,,,,,,,,reseaux,,VERVINS,,02,,,,,,,,,,,,,,,,,,,,,,,,,,,,,,,384226445,38422644500029,43.21A,,,,,,,,,,,sirene,
ETABLISSEMENTS FERTEL,,,a contacter,,,,,,,,,,,,reseaux,,BOSC-LE-HARD,,76,,,,,,,,,,,,,,,,,,,,,,,,,,,,,,,652750092,65275009200015,43.21A,,,,,,,,,,,sirene,
ETABLISSEMENTS GERY ET CIE,,,a contacter,,,,,,,,,,,,reseaux,,LIMOGES,,87,,,,,,,,,,,,,,,,,,,,,,,,,,,,,,,772500971,77250097100035,42.21Z,,,,,,,,,,,sirene,
ETABLISSEMENTS GOMEL,,,a contacter,,,,,,,,,,,,reseaux,,PARIS,,75,,,,,,,,,,,,,,,,,,,,,,,,,,,,,,,662051143,66205114300037,43.21A,,,,,,,,,,,sirene,
ETABLISSEMENTS GORDILLO,,,a contacter,,,,,,,,,,,,reseaux,,NORROY-LE-VENEUR,,57,,,,,,,,,,,,,,,,,,,,,,,,,,,,,,,343367850,34336785000058,43.21A,,,,,,,,,,,sirene,
ETABLISSEMENTS H. CLAUSER,,,a contacter,,,,,,,,,,,,reseaux,,SAINT-JEAN-DE-MAURIENNE,,73,,,,,,,,,,,,,,,,,,,,,,,,,,,,,,,076420546,07642054600012,43.21A,,,,,,,,,,,sirene,
ETABLISSEMENTS HASTOY,,,a contacter,,,,,,,,,,,,reseaux,,ALOS-SIBAS-ABENSE,,64,,,,,,,,,,,,,,,,,,,,,,,,,,,,,,,045580222,04558022200011,42.21Z,,,,,,,,,,,sirene,
ETABLISSEMENTS HENRI GRANGE ET FILS,,,a contacter,,,,,,,,,,,,reseaux,,RIORGES,,42,,,,,,,,,,,,,,,,,,,,,,,,,,,,,,,351956115,35195611500080,43.21A,,,,,,,,,,,sirene,
ETABLISSEMENTS HUGNOT VINCENT,,,a contacter,,,,,,,,,,,,reseaux,,MONTEREAU-FAULT-YONNE,,77,,,,,,,,,,,,,,,,,,,,,,,,,,,,,,,379813462,37981346200023,43.21A,,,,,,,,,,,sirene,
ETABLISSEMENTS JLD JEAN LUC DORGE,,,a contacter,,,,,,,,,,,,reseaux,,BOUCHAIN,,59,,,,,,,,,,,,,,,,,,,,,,,,,,,,,,,450489380,45048938000029,43.21A,,,,,,,,,,,sirene,
ETABLISSEMENTS LAPASSOUSE,,,a contacter,,,,,,,,,,,,reseaux,,SAINT-GEORGES-D'OLERON,,17,,,,,,,,,,,,,,,,,,,,,,,,,,,,,,,419023312,41902331200038,43.21A,,,,,,,,,,,sirene,
ETABLISSEMENTS LEBRUN MARIE,,,a contacter,,,,,,,,,,,,reseaux,,SAINT-ANDRE-DE-L'EURE,,27,,,,,,,,,,,,,,,,,,,,,,,,,,,,,,,301859922,30185992200017,43.21A,,,,,,,,,,,sirene,
ETABLISSEMENTS LOISEAU,,,a contacter,,,,,,,,,,,,reseaux,,NEVERS,,58,,,,,,,,,,,,,,,,,,,,,,,,,,,,,,,315906966,31590696600058,43.21A,,,,,,,,,,,sirene,
ETABLISSEMENTS MARTI,,,a contacter,,,,,,,,,,,,reseaux,,ONET-LE-CHATEAU,,12,,,,,,,,,,,,,,,,,,,,,,,,,,,,,,,353008436,35300843600035,43.21A,,,,,,,,,,,sirene,
ETABLISSEMENTS MAZINGARBE,,,a contacter,,,,,,,,,,,,reseaux,,CYSOING,,59,,,,,,,,,,,,,,,,,,,,,,,,,,,,,,,348061060,34806106000037,43.21A,,,,,,,,,,,sirene,
ETABLISSEMENTS MIANE ET VINATIER,,,a contacter,,,,,,,,,,,,reseaux,,BRIVE LA GAILLARDE,,19,,,,,,,,,,,,,,,,,,,,,,,,,,,,,,,675520241,67552024100018,42.21Z,,,,,,,,,,,sirene,
ETABLISSEMENTS NOALLY,,,a contacter,,,,,,,,,,,,reseaux,,CHAZELLES-SUR-LYON,,42,,,,,,,,,,,,,,,,,,,,,,,,,,,,,,,410348569,41034856900022,43.21A,,,,,,,,,,,sirene,
ETABLISSEMENTS PIVIDAL SARL,,,a contacter,,,,,,,,,,,,reseaux,,GIVORS,,69,,,,,,,,,,,,,,,,,,,,,,,,,,,,,,,327821179,32782117900030,43.21A,,,,,,,,,,,sirene,
ETABLISSEMENTS R.LEGRAND,,,a contacter,,,,,,,,,,,,reseaux,,COUZON-AU-MONT-D'OR,,69,,,,,,,,,,,,,,,,,,,,,,,,,,,,,,,962505731,96250573100068,43.21A,,,,,,,,,,,sirene,
ETABLISSEMENTS RAVAT BAINEE,,,a contacter,,,,,,,,,,,,reseaux,,IVRY-SUR-SEINE,,94,,,,,,,,,,,,,,,,,,,,,,,,,,,,,,,552121915,55212191500011,43.21A,,,,,,,,,,,sirene,
ETABLISSEMENTS RENE COLLET & CIE,,,a contacter,,,,,,,,,,,,reseaux,,TASSIN-LA-DEMI-LUNE,,69,,,,,,,,,,,,,,,,,,,,,,,,,,,,,,,955516489,95551648900015,42.21Z,,,,,,,,,,,sirene,
ETABLISSEMENTS SAUVIGNET,,,a contacter,,,,,,,,,,,,reseaux,,VILLEURBANNE,,69,,,,,,,,,,,,,,,,,,,,,,,,,,,,,,,334934486,33493448600070,43.21A,,,,,,,,,,,sirene,
ETABLISSEMENTS SOUCHON,,,a contacter,,,,,,,,,,,,reseaux,,MARSEILLE,,13,,,,,,,,,,,,,,,,,,,,,,,,,,,,,,,056806474,05680647400021,43.21A,,,,,,,,,,,sirene,
ETABLISSEMENTS THOMAS,,,a contacter,,,,,,,,,,,,reseaux,,CHALONNES-SUR-LOIRE,,49,,,,,,,,,,,,,,,,,,,,,,,,,,,,,,,501719371,50171937100012,43.21A,,,,,,,,,,,sirene,
ETABLISSEMENTS TROMONT,,,a contacter,,,,,,,,,,,,reseaux,,FEIGNIES,,59,,,,,,,,,,,,,,,,,,,,,,,,,,,,,,,307132803,30713280300049,42.22Z,,,,,,,,,,,sirene,
ETABLISSEMENTS VEZIE,,,a contacter,,,,,,,,,,,,reseaux,,SAINT-DOMINEUC,,35,,,,,,,,,,,,,,,,,,,,,,,,,,,,,,,382201598,38220159800085,42.22Z,,,,,,,,,,,sirene,
ETB,,,a contacter,,,,,,,,,,,,reseaux,,CAMON,,80,,,,,,,,,,,,,,,,,,,,,,,,,,,,,,,912387180,91238718000041,43.21A,,,,,,,,,,,sirene,
ETC,,,a contacter,,,,,,,,,,,,reseaux,,KINGERSHEIM,,68,,,,,,,,,,,,,,,,,,,,,,,,,,,,,,,514694447,51469444700020,43.21A,,,,,,,,,,,sirene,
ETC ELECTRICITE,,,a contacter,,,,,,,,,,,,reseaux,,SAINT-OUEN-DE-THOUBERVILLE,,27,,,,,,,,,,,,,,,,,,,,,,,,,,,,,,,431262740,43126274000068,43.21A,,,,,,,,,,,sirene,
ETCE 92,,,a contacter,,,,,,,,,,,,reseaux,,COLOMBES,,92,,,,,,,,,,,,,,,,,,,,,,,,,,,,,,,533048286,53304828600025,43.21A,,,,,,,,,,,sirene,
ETCHART ENERGIES,,,a contacter,,,,,,,,,,,,reseaux,,ANGLET,,64,,,,,,,,,,,,,,,,,,,,,,,,,,,,,,,302608625,30260862500117,43.21A,,,,,,,,,,,sirene,
ETCL,,,a contacter,,,,,,,,,,,,reseaux,,IVRY-SUR-SEINE,,94,,,,,,,,,,,,,,,,,,,,,,,,,,,,,,,502996515,50299651500057,43.21A,,,,,,,,,,,sirene,
ETE SARL,,,a contacter,,,,,,,,,,,,reseaux,,DUCOS,,972,,,,,,,,,,,,,,,,,,,,,,,,,,,,,,,352157887,35215788700030,43.21A,,,,,,,,,,,sirene,
ETEL,,,a contacter,,,,,,,,,,,,reseaux,,TROYES,,10,,,,,,,,,,,,,,,,,,,,,,,,,,,,,,,311796916,31179691600071,43.21A,,,,,,,,,,,sirene,
ETELEC,,,a contacter,,,,,,,,,,,,reseaux,,MARSEILLE,,13,,,,,,,,,,,,,,,,,,,,,,,,,,,,,,,317616217,31761621700053,43.21A,,,,,,,,,,,sirene,
ETELEC 2000,,,a contacter,,,,,,,,,,,,reseaux,,HOLTZHEIM,,67,,,,,,,,,,,,,,,,,,,,,,,,,,,,,,,431636406,43163640600057,43.21A,,,,,,,,,,,sirene,
ETERA,,,a contacter,,,,,,,,,,,,reseaux,,SAINT-CHAMOND,,42,,,,,,,,,,,,,,,,,,,,,,,,,,,,,,,504095712,50409571200056,43.21A,,,,,,,,,,,sirene,
ETIREM,,,a contacter,,,,,,,,,,,,reseaux,,PERIGNY SUR YERRES,,94,,,,,,,,,,,,,,,,,,,,,,,,,,,,,,,349584433,34958443300057,43.21A,,,,,,,,,,,sirene,
ETOILE RESEAUX,,,a contacter,,,,,,,,,,,,reseaux,,SAINT-OUEN-SUR-SEINE,,93,,,,,,,,,,,,,,,,,,,,,,,,,,,,,,,922699681,92269968100024,42.22Z,,,,,,,,,,,sirene,
ETP8,,,a contacter,,,,,,,,,,,,reseaux,,PAU,,64,,,,,,,,,,,,,,,,,,,,,,,,,,,,,,,839681145,83968114500026,43.21A,,,,,,,,,,,sirene,
ETPE SARL,,,a contacter,,,,,,,,,,,,reseaux,,SAINT-LOUIS,,974,,,,,,,,,,,,,,,,,,,,,,,,,,,,,,,440898492,44089849200010,43.21A,,,,,,,,,,,sirene,
ETS ALEXANDRE,,,a contacter,,,,,,,,,,,,reseaux,,MONTMAGNY,,95,,,,,,,,,,,,,,,,,,,,,,,,,,,,,,,353827397,35382739700020,43.21A,,,,,,,,,,,sirene,
ETS BIHEL,,,a contacter,,,,,,,,,,,,reseaux,,SAINT-GERMAIN-LE-GAILLARD,,50,,,,,,,,,,,,,,,,,,,,,,,,,,,,,,,521116855,52111685500037,43.21A,,,,,,,,,,,sirene,
ETS BOUCE HARDY,,,a contacter,,,,,,,,,,,,reseaux,,SAINT-HILAIRE-DU-HARCOUET,,50,,,,,,,,,,,,,,,,,,,,,,,,,,,,,,,316810910,31681091000018,43.21A,,,,,,,,,,,sirene,
ETS BOURREAU,,,a contacter,,,,,,,,,,,,reseaux,,BOISNE-LA TUDE,,16,,,,,,,,,,,,,,,,,,,,,,,,,,,,,,,501724652,50172465200018,43.21A,,,,,,,,,,,sirene,
ETS COURTEIX ELECTRICITE GENERALE,,,a contacter,,,,,,,,,,,,reseaux,,BRIOUDE,,43,,,,,,,,,,,,,,,,,,,,,,,,,,,,,,,314845231,31484523100039,43.21A,,,,,,,,,,,sirene,
ETS DUEZ ET CIE,,,a contacter,,,,,,,,,,,,reseaux,,NEUVILLE-SAINT-REMY,,59,,,,,,,,,,,,,,,,,,,,,,,,,,,,,,,686920158,68692015800033,42.22Z,,,,,,,,,,,sirene,
ETS FRANCE,,,a contacter,,,,,,,,,,,,reseaux,,NEUILLY-SUR-MARNE,,93,,,,,,,,,,,,,,,,,,,,,,,,,,,,,,,521985648,52198564800026,43.21A,,,,,,,,,,,sirene,
ETS HUARD,,,a contacter,,,,,,,,,,,,reseaux,,BIEVRES,,91,,,,,,,,,,,,,,,,,,,,,,,,,,,,,,,712059419,71205941900077,43.21A,,,,,,,,,,,sirene,
ETS HUMLER,,,a contacter,,,,,,,,,,,,reseaux,,KERTZFELD,,67,,,,,,,,,,,,,,,,,,,,,,,,,,,,,,,698501145,69850114500016,43.21A,,,,,,,,,,,sirene,
ETS JEAN CRESCITZ,,,a contacter,,,,,,,,,,,,reseaux,,COURBEVOIE,,92,,,,,,,,,,,,,,,,,,,,,,,,,,,,,,,399344357,39934435700013,43.21A,,,,,,,,,,,sirene,
ETS JEAN GRANIOU,,,a contacter,,,,,,,,,,,,reseaux,,SAINT-LAURENT-DU-VAR,,06,,,,,,,,,,,,,,,,,,,,,,,,,,,,,,,958803553,95880355300188,43.21A,,,,,,,,,,,sirene,
ETS L LAPIZE DE SALLEE SES ENFANTS SUCCESSEURS,,,a contacter,,,,,,,,,,,,reseaux,,DAVEZIEUX,,07,,,,,,,,,,,,,,,,,,,,,,,,,,,,,,,335620324,33562032400053,43.21A,,,,,,,,,,,sirene,
ETS LOIC LAVENANT,,,a contacter,,,,,,,,,,,,reseaux,,MERLEVENEZ,,56,,,,,,,,,,,,,,,,,,,,,,,,,,,,,,,411502602,41150260200047,43.21A,,,,,,,,,,,sirene,
ETS MARTY BAUDIN,,,a contacter,,,,,,,,,,,,reseaux,,CAHORS,,46,,,,,,,,,,,,,,,,,,,,,,,,,,,,,,,391242781,39124278100014,43.21A,,,,,,,,,,,sirene,
ETS PAUL LARUE ELECTRICITE GENERALE,,,a contacter,,,,,,,,,,,,reseaux,,CHAMPLAN,,91,,,,,,,,,,,,,,,,,,,,,,,,,,,,,,,709801484,70980148400037,43.21A,,,,,,,,,,,sirene,
ETS PEZANT,,,a contacter,,,,,,,,,,,,reseaux,,CLICHY,,92,,,,,,,,,,,,,,,,,,,,,,,,,,,,,,,582073029,58207302900057,43.21A,,,,,,,,,,,sirene,
ETS PILLE,,,a contacter,,,,,,,,,,,,reseaux,,WASQUEHAL,,59,,,,,,,,,,,,,,,,,,,,,,,,,,,,,,,887080372,88708037200030,43.21A,,,,,,,,,,,sirene,
ETS POULLAIN SEPI,,,a contacter,,,,,,,,,,,,reseaux,,LISIEUX,,14,,,,,,,,,,,,,,,,,,,,,,,,,,,,,,,345250815,34525081500064,43.21A,,,,,,,,,,,sirene,
ETS RYO,,,a contacter,,,,,,,,,,,,reseaux,,MALANSAC,,56,,,,,,,,,,,,,,,,,,,,,,,,,,,,,,,385397591,38539759100020,43.21A,,,,,,,,,,,sirene,
ETS SABOUREAU,,,a contacter,,,,,,,,,,,,reseaux,,AZAY-LE-BRULE,,79,,,,,,,,,,,,,,,,,,,,,,,,,,,,,,,794661512,79466151200010,43.21A,,,,,,,,,,,sirene,
ETS THUILLIER JEAN JACQUES,,,a contacter,,,,,,,,,,,,reseaux,,BICHANCOURT,,02,,,,,,,,,,,,,,,,,,,,,,,,,,,,,,,383699865,38369986500036,43.21A,,,,,,,,,,,sirene,
ETUDE LOCALISATION EXPERTISE INFRASTUCTURE ET RESEAUX (E.L.E.X.I.R),,,a contacter,,,,,,,,,,,,reseaux,,BENAY,,02,,,,,,,,,,,,,,,,,,,,,,,,,,,,,,,500594247,50059424700016,42.22Z,,,,,,,,,,,sirene,
ETUDE REALISATION DEPANNAGE ELECTRIQUE,,,a contacter,,,,,,,,,,,,reseaux,,AIX-EN-PROVENCE,,13,,,,,,,,,,,,,,,,,,,,,,,,,,,,,,,750037897,75003789700030,43.21A,,,,,,,,,,,sirene,
ETUDE REALISATION DESENFUMAGE - E.R.D.,,,a contacter,,,,,,,,,,,,reseaux,,CHAMBLY,,60,,,,,,,,,,,,,,,,,,,,,,,,,,,,,,,488631433,48863143300049,43.21A,,,,,,,,,,,sirene,
ETUDES CONSEILS TRAVAUX SERVICES BTP,,,a contacter,,,,,,,,,,,,reseaux,,NOGENT-SUR-OISE,,60,,,,,,,,,,,,,,,,,,,,,,,,,,,,,,,424194256,42419425600030,42.21Z,,,,,,,,,,,sirene,
ETUDES ET REALISATIONS DE TRAVAUX ELECTRIQUES ET DE CLIMATISATION,,,a contacter,,,,,,,,,,,,reseaux,,LONGEVILLE-EN-BARROIS,,55,,,,,,,,,,,,,,,,,,,,,,,,,,,,,,,512847740,51284774000028,43.21A,,,,,,,,,,,sirene,
ETUDES REALISATION ET MAINTENANCE ELECTRIQUES,,,a contacter,,,,,,,,,,,,reseaux,,LA CRECHE,,79,,,,,,,,,,,,,,,,,,,,,,,,,,,,,,,482123825,48212382500028,43.21A,,,,,,,,,,,sirene,
ETUDES TECHNIQUES ET REALIS ELECTRIQUES,,,a contacter,,,,,,,,,,,,reseaux,,BLANQUEFORT,,33,,,,,,,,,,,,,,,,,,,,,,,,,,,,,,,321969404,32196940400037,43.21A,,,,,,,,,,,sirene,
EURE ELECTRO TELEPHONIE SERVICE,,,a contacter,,,,,,,,,,,,reseaux,,LE VIEIL-EVREUX,,27,,,,,,,,,,,,,,,,,,,,,,,,,,,,,,,397756438,39775643800073,43.21A,,,,,,,,,,,sirene,
EUREKA SARL,,,a contacter,,,,,,,,,,,,reseaux,,SAINT-GILLES-CROIX-DE-VIE,,85,,,,,,,,,,,,,,,,,,,,,,,,,,,,,,,851102707,85110270700011,43.21A,,,,,,,,,,,sirene,
EURELEC,,,a contacter,,,,,,,,,,,,reseaux,,PAU,,64,,,,,,,,,,,,,,,,,,,,,,,,,,,,,,,533011193,53301119300059,43.21A,,,,,,,,,,,sirene,
EURL BIASINI,,,a contacter,,,,,,,,,,,,reseaux,,MONTRABE,,31,,,,,,,,,,,,,,,,,,,,,,,,,,,,,,,418268975,41826897500038,43.21A,,,,,,,,,,,sirene,
EURL CARLOS TAVARES,,,a contacter,,,,,,,,,,,,reseaux,,PUISEAUX,,45,,,,,,,,,,,,,,,,,,,,,,,,,,,,,,,537848277,53784827700027,43.21A,,,,,,,,,,,sirene,
EURL DAMO,,,a contacter,,,,,,,,,,,,reseaux,,PETIT-BOURG,,971,,,,,,,,,,,,,,,,,,,,,,,,,,,,,,,795379221,79537922100018,43.21A,,,,,,,,,,,sirene,
EURL GEOFFROY,,,a contacter,,,,,,,,,,,,reseaux,,COISE-SAINT-JEAN-PIED-GAUTHIER,,73,,,,,,,,,,,,,,,,,,,,,,,,,,,,,,,811035435,81103543500023,43.21A,,,,,,,,,,,sirene,
EURL HENRI RAYEROUX,,,a contacter,,,,,,,,,,,,reseaux,,SAINT-PAUL,,974,,,,,,,,,,,,,,,,,,,,,,,,,,,,,,,519398903,51939890300012,43.21A,,,,,,,,,,,sirene,
EURL J.P ELEC,,,a contacter,,,,,,,,,,,,reseaux,,NIMES,,30,,,,,,,,,,,,,,,,,,,,,,,,,,,,,,,399849546,39984954600045,43.21A,,,,,,,,,,,sirene,
EURL JLE,,,a contacter,,,,,,,,,,,,reseaux,,MOREUIL,,80,,,,,,,,,,,,,,,,,,,,,,,,,,,,,,,522074970,52207497000040,43.21A,,,,,,,,,,,sirene,
EURL JULIEN ANDRE,,,a contacter,,,,,,,,,,,,reseaux,,BAYEUX,,14,,,,,,,,,,,,,,,,,,,,,,,,,,,,,,,494718042,49471804200018,43.21A,,,,,,,,,,,sirene,
EURL LSTELECOMSERVICES,,,a contacter,,,,,,,,,,,,reseaux,,HAILLICOURT,,62,,,,,,,,,,,,,,,,,,,,,,,,,,,,,,,497712166,49771216600022,43.21A,,,,,,,,,,,sirene,
EURL PHILIPPE LOUBOUTIN,,,a contacter,,,,,,,,,,,,reseaux,,ERGUE-GABERIC,,29,,,,,,,,,,,,,,,,,,,,,,,,,,,,,,,417998473,41799847300025,43.21A,,,,,,,,,,,sirene,
EURL ROCAGEL JULIEN,,,a contacter,,,,,,,,,,,,reseaux,,PIERREFORT,,15,,,,,,,,,,,,,,,,,,,,,,,,,,,,,,,880675871,88067587100011,43.21A,,,,,,,,,,,sirene,
EURL SOLER JEAN-LUC,,,a contacter,,,,,,,,,,,,reseaux,,TOULOUGES,,66,,,,,,,,,,,,,,,,,,,,,,,,,,,,,,,482967924,48296792400010,43.21A,,,,,,,,,,,sirene,
EURL TDE,,,a contacter,,,,,,,,,,,,reseaux,,BELLAC,,87,,,,,,,,,,,,,,,,,,,,,,,,,,,,,,,517656880,51765688000039,43.21A,,,,,,,,,,,sirene,
EURO DIGITEL,,,a contacter,,,,,,,,,,,,reseaux,,VITRY-SUR-SEINE,,94,,,,,,,,,,,,,,,,,,,,,,,,,,,,,,,413819046,41381904600033,43.21A,,,,,,,,,,,sirene,
EURO ELEC,,,a contacter,,,,,,,,,,,,reseaux,,LE BLANC-MESNIL,,93,,,,,,,,,,,,,,,,,,,,,,,,,,,,,,,913159810,91315981000013,43.21A,,,,,,,,,,,sirene,
EURO ENERGIE,,,a contacter,,,,,,,,,,,,reseaux,,LE BLANC-MESNIL,,93,,,,,,,,,,,,,,,,,,,,,,,,,,,,,,,852311141,85231114100026,43.21A,,,,,,,,,,,sirene,
EURO TECH,,,a contacter,,,,,,,,,,,,reseaux,,SAINT-SAULVE,,59,,,,,,,,,,,,,,,,,,,,,,,,,,,,,,,344559109,34455910900071,43.21A,,,,,,,,,,,sirene,
EURO TV,,,a contacter,,,,,,,,,,,,reseaux,,PIBRAC,,31,,,,,,,,,,,,,,,,,,,,,,,,,,,,,,,353766975,35376697500026,42.22Z,,,,,,,,,,,sirene,
EUROCOM,,,a contacter,,,,,,,,,,,,reseaux,,JOUY-AUX-ARCHES,,57,,,,,,,,,,,,,,,,,,,,,,,,,,,,,,,438432601,43843260100054,43.21A,,,,,,,,,,,sirene,
EUROFIBER FRANCE,,,a contacter,,,,,,,,,,,,reseaux,,ISSY-LES-MOULINEAUX,,92,,,,,,,,,,,,,,,,,,,,,,,,,,,,,,,530018639,53001863900191,61.10Z,,,,,,,,,,,sirene,
EUROLEC,,,a contacter,,,,,,,,,,,,reseaux,,CHASSIEU,,69,,,,,,,,,,,,,,,,,,,,,,,,,,,,,,,453170011,45317001100028,43.21A,,,,,,,,,,,sirene,
EUROLEC 2000,,,a contacter,,,,,,,,,,,,reseaux,,SAINT-PIERRE-DU-PERRAY,,91,,,,,,,,,,,,,,,,,,,,,,,,,,,,,,,449609981,44960998100039,43.21A,,,,,,,,,,,sirene,
EUROP ELEC,,,a contacter,,,,,,,,,,,,reseaux,,ATHIS-MONS,,91,,,,,,,,,,,,,,,,,,,,,,,,,,,,,,,841051295,84105129500027,43.21A,,,,,,,,,,,sirene,
EUROP ELEC ENGINEERING INTERNATIONAL,,,a contacter,,,,,,,,,,,,reseaux,,VITROLLES,,13,,,,,,,,,,,,,,,,,,,,,,,,,,,,,,,521067165,52106716500030,43.21A,,,,,,,,,,,sirene,
EUROP SOLUTIONS ENERGIES,,,a contacter,,,,,,,,,,,,reseaux,,CARROS,,06,,,,,,,,,,,,,,,,,,,,,,,,,,,,,,,915260319,91526031900016,43.21A,,,,,,,,,,,sirene,
EUROP'ELEC,,,a contacter,,,,,,,,,,,,reseaux,,CARROS,,06,,,,,,,,,,,,,,,,,,,,,,,,,,,,,,,384342432,38434243200034,43.21A,,,,,,,,,,,sirene,
EUROPA GC,,,a contacter,,,,,,,,,,,,reseaux,,ROANNE,,42,,,,,,,,,,,,,,,,,,,,,,,,,,,,,,,921872206,92187220600013,61.10Z,,,,,,,,,,,sirene,
EUROPE ELECTRICITE EURELEC,,,a contacter,,,,,,,,,,,,reseaux,,MARSEILLE,,13,,,,,,,,,,,,,,,,,,,,,,,,,,,,,,,410653760,41065376000018,43.21A,,,,,,,,,,,sirene,
EUROPE FIBRE,,,a contacter,,,,,,,,,,,,reseaux,,RIVES,,38,,,,,,,,,,,,,,,,,,,,,,,,,,,,,,,911662179,91166217900017,43.21A,,,,,,,,,,,sirene,
EUROPE-SERVICES- TELECOM,,,a contacter,,,,,,,,,,,,reseaux,,VILLIERS-LE-BEL,,95,,,,,,,,,,,,,,,,,,,,,,,,,,,,,,,912266236,91226623600013,43.21A,,,,,,,,,,,sirene,
EUROTEC FRANCE,,,a contacter,,,,,,,,,,,,reseaux,,LE LUC,,83,,,,,,,,,,,,,,,,,,,,,,,,,,,,,,,834578510,83457851000010,42.22Z,,,,,,,,,,,sirene,
EUROTECHNIC SAS,,,a contacter,,,,,,,,,,,,reseaux,,LE THILLAY,,95,,,,,,,,,,,,,,,,,,,,,,,,,,,,,,,917889974,91788997400015,43.21A,,,,,,,,,,,sirene,
EUROTELEC,,,a contacter,,,,,,,,,,,,reseaux,,GRAVELINES,,59,,,,,,,,,,,,,,,,,,,,,,,,,,,,,,,349152488,34915248800046,43.21A,,,,,,,,,,,sirene,
EVERLINK SERVICES,,,a contacter,,,,,,,,,,,,reseaux,,NANTERRE,,92,,,,,,,,,,,,,,,,,,,,,,,,,,,,,,,804807451,80480745100039,61.90Z,,,,,,,,,,,sirene,
EVO-LOGIS,,,a contacter,,,,,,,,,,,,reseaux,,ROCHECHOUART,,87,,,,,,,,,,,,,,,,,,,,,,,,,,,,,,,810107573,81010757300042,43.21A,,,,,,,,,,,sirene,
EVOLIA,,,a contacter,,,,,,,,,,,,reseaux,,BOURGOIN-JALLIEU,,38,,,,,,,,,,,,,,,,,,,,,,,,,,,,,,,529791303,52979130300041,43.21A,,,,,,,,,,,sirene,
EVOLTEC,,,a contacter,,,,,,,,,,,,reseaux,,LA RAVOIRE,,73,,,,,,,,,,,,,,,,,,,,,,,,,,,,,,,499251213,49925121300033,43.21A,,,,,,,,,,,sirene,
EVOUEST,,,a contacter,,,,,,,,,,,,reseaux,,SENE,,56,,,,,,,,,,,,,,,,,,,,,,,,,,,,,,,418964060,41896406000036,43.21A,,,,,,,,,,,sirene,
EXA INFRASTRUCTURE FRANCE SAS,,,a contacter,,,,,,,,,,,,reseaux,,AUBERVILLIERS,,93,,,,,,,,,,,,,,,,,,,,,,,,,,,,,,,428616577,42861657700030,61.10Z,,,,,,,,,,,sirene,
EXCELE,,,a contacter,,,,,,,,,,,,reseaux,,OSNY,,95,,,,,,,,,,,,,,,,,,,,,,,,,,,,,,,802110676,80211067600029,61.10Z,,,,,,,,,,,sirene,
EXCELE ENERGY,,,a contacter,,,,,,,,,,,,reseaux,,MIGNALOUX-BEAUVOIR,,86,,,,,,,,,,,,,,,,,,,,,,,,,,,,,,,904133501,90413350100018,43.21A,,,,,,,,,,,sirene,
EXEAU TP,,,a contacter,,,,,,,,,,,,reseaux,,BOUZY-LA-FORET,,45,,,,,,,,,,,,,,,,,,,,,,,,,,,,,,,434032645,43403264500013,42.21Z,,,,,,,,,,,sirene,
EXECUTIVE CHANNEL EUROPE LIMITED,,,a contacter,,,,,,,,,,,,reseaux,,,,,,,,,,,,,,,,,,,,,,,,,,,,,,,,,,,751228909,75122890900014,61.90Z,,,,,,,,,,,sirene,
EXEL FIBRE,,,a contacter,,,,,,,,,,,,reseaux,,SOCHAUX,,25,,,,,,,,,,,,,,,,,,,,,,,,,,,,,,,880936919,88093691900021,43.21A,,,,,,,,,,,sirene,
EXMERA,,,a contacter,,,,,,,,,,,,reseaux,,NOYON,,60,,,,,,,,,,,,,,,,,,,,,,,,,,,,,,,483935136,48393513600034,43.21A,,,,,,,,,,,sirene,
EXPERCOM,,,a contacter,,,,,,,,,,,,reseaux,,PARIS,,75,,,,,,,,,,,,,,,,,,,,,,,,,,,,,,,795264936,79526493600050,43.21A,,,,,,,,,,,sirene,
EXPLOIT ENTR TP ET PARTICULIERS,,,a contacter,,,,,,,,,,,,reseaux,,GRASSE,,06,,,,,,,,,,,,,,,,,,,,,,,,,,,,,,,323703538,32370353800021,42.21Z,,,,,,,,,,,sirene,
EXPLOITATION DES ETABLISSEMENTS SYNELEC,,,a contacter,,,,,,,,,,,,reseaux,,MALAKOFF,,92,,,,,,,,,,,,,,,,,,,,,,,,,,,,,,,448001255,44800125500018,43.21A,,,,,,,,,,,sirene,
EXUPRO,,,a contacter,,,,,,,,,,,,reseaux,,FAUMONT,,59,,,,,,,,,,,,,,,,,,,,,,,,,,,,,,,434858395,43485839500032,43.21A,,,,,,,,,,,sirene,
EZCURRA FRERES,,,a contacter,,,,,,,,,,,,reseaux,,URRUGNE,,64,,,,,,,,,,,,,,,,,,,,,,,,,,,,,,,414591909,41459190900026,43.21A,,,,,,,,,,,sirene,
EZDRIVE,,,a contacter,,,,,,,,,,,,reseaux,,FORT-DE-FRANCE,,972,,,,,,,,,,,,,,,,,,,,,,,,,,,,,,,893737692,89373769200010,43.21A,,,,,,,,,,,sirene,
F C G E,,,a contacter,,,,,,,,,,,,reseaux,,HEILLECOURT,,54,,,,,,,,,,,,,,,,,,,,,,,,,,,,,,,422435354,42243535400044,43.21A,,,,,,,,,,,sirene,
F P E L,,,a contacter,,,,,,,,,,,,reseaux,,CORBAS,,69,,,,,,,,,,,,,,,,,,,,,,,,,,,,,,,433394178,43339417800050,43.21A,,,,,,,,,,,sirene,
F-TC,,,a contacter,,,,,,,,,,,,reseaux,,GUEGON,,56,,,,,,,,,,,,,,,,,,,,,,,,,,,,,,,827501206,82750120600029,43.21A,,,,,,,,,,,sirene,
F.B.ENERGIE,,,a contacter,,,,,,,,,,,,reseaux,,TOULOUSE,,31,,,,,,,,,,,,,,,,,,,,,,,,,,,,,,,508005386,50800538600034,43.21A,,,,,,,,,,,sirene,
F.C. LEC,,,a contacter,,,,,,,,,,,,reseaux,,PARIS,,75,,,,,,,,,,,,,,,,,,,,,,,,,,,,,,,447631904,44763190400037,43.21A,,,,,,,,,,,sirene,
F.ELEC,,,a contacter,,,,,,,,,,,,reseaux,,LA VAUPALIERE,,76,,,,,,,,,,,,,,,,,,,,,,,,,,,,,,,413078312,41307831200027,43.21A,,,,,,,,,,,sirene,
F.G.C,,,a contacter,,,,,,,,,,,,reseaux,,BALLAINVILLIERS,,91,,,,,,,,,,,,,,,,,,,,,,,,,,,,,,,791983844,79198384400030,42.22Z,,,,,,,,,,,sirene,
F.GRABOLOSA,,,a contacter,,,,,,,,,,,,reseaux,,PERPIGNAN,,66,,,,,,,,,,,,,,,,,,,,,,,,,,,,,,,339743353,33974335300015,43.21A,,,,,,,,,,,sirene,
F.T.C.,,,a contacter,,,,,,,,,,,,reseaux,,BLANDY,,91,,,,,,,,,,,,,,,,,,,,,,,,,,,,,,,812550234,81255023400015,43.21A,,,,,,,,,,,sirene,
FABRICE MACHURET,,,a contacter,,,,,,,,,,,,reseaux,,LAPALISSE,,03,,,,,,,,,,,,,,,,,,,,,,,,,,,,,,,524958931,52495893100023,43.21A,,,,,,,,,,,sirene,
FAORO ELEC,,,a contacter,,,,,,,,,,,,reseaux,,GRAND-AIGUEBLANCHE,,73,,,,,,,,,,,,,,,,,,,,,,,,,,,,,,,509373007,50937300700020,43.21A,,,,,,,,,,,sirene,
FARFIER ELECTRICITE,,,a contacter,,,,,,,,,,,,reseaux,,PONS,,17,,,,,,,,,,,,,,,,,,,,,,,,,,,,,,,751439886,75143988600027,43.21A,,,,,,,,,,,sirene,
FAST FIBRE,,,a contacter,,,,,,,,,,,,reseaux,,PARIS,,75,,,,,,,,,,,,,,,,,,,,,,,,,,,,,,,889808663,88980866300013,61.10Z,,,,,,,,,,,sirene,
FAST OPTIQUE,,,a contacter,,,,,,,,,,,,reseaux,,MAUGES-SUR-LOIRE,,49,,,,,,,,,,,,,,,,,,,,,,,,,,,,,,,889589792,88958979200049,43.21A,,,,,,,,,,,sirene,
FAUCHE BRETAGNE,,,a contacter,,,,,,,,,,,,reseaux,,RENNES,,35,,,,,,,,,,,,,,,,,,,,,,,,,,,,,,,404429698,40442969800016,43.21A,,,,,,,,,,,sirene,
FAUCHE CENTRE EST,,,a contacter,,,,,,,,,,,,reseaux,,SAINT-GALMIER,,42,,,,,,,,,,,,,,,,,,,,,,,,,,,,,,,415104223,41510422300037,43.21A,,,,,,,,,,,sirene,
FAUCHE ROANNE,,,a contacter,,,,,,,,,,,,reseaux,,RIORGES,,42,,,,,,,,,,,,,,,,,,,,,,,,,,,,,,,400778205,40077820500023,43.21A,,,,,,,,,,,sirene,
FAURIE ELECTRICITE,,,a contacter,,,,,,,,,,,,reseaux,,USSEL,,19,,,,,,,,,,,,,,,,,,,,,,,,,,,,,,,490145687,49014568700011,43.21A,,,,,,,,,,,sirene,
FAUROHM,,,a contacter,,,,,,,,,,,,reseaux,,NEUILLY-SUR-MARNE,,93,,,,,,,,,,,,,,,,,,,,,,,,,,,,,,,502514953,50251495300046,43.21A,,,,,,,,,,,sirene,
FAUTHELEC,,,a contacter,,,,,,,,,,,,reseaux,,BOUXWILLER,,67,,,,,,,,,,,,,,,,,,,,,,,,,,,,,,,515160968,51516096800027,43.21A,,,,,,,,,,,sirene,
FAVIER SEBASTIEN,,,a contacter,,,,,,,,,,,,reseaux,,BLETTERANS,,39,,,,,,,,,,,,,,,,,,,,,,,,,,,,,,,504905944,50490594400022,43.21A,,,,,,,,,,,sirene,
FAYAT ENERGIE SERVICES,,,a contacter,,,,,,,,,,,,reseaux,,VIRY-CHATILLON,,91,,,,,,,,,,,,,,,,,,,,,,,,,,,,,,,888299724,88829972400011,43.21A,,,,,,,,,,,sirene,
FAYAT POWER,,,a contacter,,,,,,,,,,,,reseaux,,NANTERRE,,92,,,,,,,,,,,,,,,,,,,,,,,,,,,,,,,497710053,49771005300107,43.21A,,,,,,,,,,,sirene,
FB TELECOM,,,a contacter,,,,,,,,,,,,reseaux,,LES ABYMES,,971,,,,,,,,,,,,,,,,,,,,,,,,,,,,,,,815206669,81520666900013,42.22Z,,,,,,,,,,,sirene,
FBS,,,a contacter,,,,,,,,,,,,reseaux,,SOTTEVILLE-LES-ROUEN,,76,,,,,,,,,,,,,,,,,,,,,,,,,,,,,,,498026285,49802628500045,43.21A,,,,,,,,,,,sirene,
FC REALISATION,,,a contacter,,,,,,,,,,,,reseaux,,SAINT-ANDRE-LES-VERGERS,,10,,,,,,,,,,,,,,,,,,,,,,,,,,,,,,,751767880,75176788000022,43.21A,,,,,,,,,,,sirene,
FC2M,,,a contacter,,,,,,,,,,,,reseaux,,SAINT-JACQUES-SUR-DARNETAL,,76,,,,,,,,,,,,,,,,,,,,,,,,,,,,,,,820993079,82099307900012,43.21A,,,,,,,,,,,sirene,
FCE FRANCOIS CLIMATISATION ELECTRICITE,,,a contacter,,,,,,,,,,,,reseaux,,PALAVAS-LES-FLOTS,,34,,,,,,,,,,,,,,,,,,,,,,,,,,,,,,,837949577,83794957700022,43.21A,,,,,,,,,,,sirene,
FCE.ELEC,,,a contacter,,,,,,,,,,,,reseaux,,SAINT-ANDRE-SUR-ORNE,,14,,,,,,,,,,,,,,,,,,,,,,,,,,,,,,,531616571,53161657100034,43.21A,,,,,,,,,,,sirene,
FCIENERGIE,,,a contacter,,,,,,,,,,,,reseaux,,BAGNOLS-SUR-CEZE,,30,,,,,,,,,,,,,,,,,,,,,,,,,,,,,,,818639676,81863967600019,43.21A,,,,,,,,,,,sirene,
FD.COM,,,a contacter,,,,,,,,,,,,reseaux,,SALON-DE-PROVENCE,,13,,,,,,,,,,,,,,,,,,,,,,,,,,,,,,,798339149,79833914900055,61.90Z,,,,,,,,,,,sirene,
FDM ENERGIE TP,,,a contacter,,,,,,,,,,,,reseaux,,PARIS,,75,,,,,,,,,,,,,,,,,,,,,,,,,,,,,,,948423710,94842371000011,43.21A,,,,,,,,,,,sirene,
FDRT,,,a contacter,,,,,,,,,,,,reseaux,,ETERPIGNY,,62,,,,,,,,,,,,,,,,,,,,,,,,,,,,,,,788439016,78843901600023,61.90Z,,,,,,,,,,,sirene,
FEA TECHNOLOGIE,,,a contacter,,,,,,,,,,,,reseaux,,MEUDON,,92,,,,,,,,,,,,,,,,,,,,,,,,,,,,,,,878828755,87882875500016,43.21A,,,,,,,,,,,sirene,
FENIX,,,a contacter,,,,,,,,,,,,reseaux,,LISSES,,91,,,,,,,,,,,,,,,,,,,,,,,,,,,,,,,819868647,81986864700028,43.21A,,,,,,,,,,,sirene,
FENSCH TP CONSTRUCTION,,,a contacter,,,,,,,,,,,,reseaux,,HAYANGE,,57,,,,,,,,,,,,,,,,,,,,,,,,,,,,,,,438156317,43815631700010,42.21Z,,,,,,,,,,,sirene,
FERCHAL REALISATION CONCEPTION,,,a contacter,,,,,,,,,,,,reseaux,,PARIS,,75,,,,,,,,,,,,,,,,,,,,,,,,,,,,,,,404445470,40444547000010,43.21A,,,,,,,,,,,sirene,
FERNANDEZ / FERNANDES,,,a contacter,,,,,,,,,,,,reseaux,,BELIN-BELIET,,33,,,,,,,,,,,,,,,,,,,,,,,,,,,,,,,901170282,90117028200015,42.22Z,,,,,,,,,,,sirene,
FERNANDO DA ROCHA,,,a contacter,,,,,,,,,,,,reseaux,,MONTLUCON,,03,,,,,,,,,,,,,,,,,,,,,,,,,,,,,,,494697261,49469726100027,43.21A,,,,,,,,,,,sirene,
FEY,,,a contacter,,,,,,,,,,,,reseaux,,FONTENAY-SOUS-BOIS,,94,,,,,,,,,,,,,,,,,,,,,,,,,,,,,,,311654164,31165416400053,43.21A,,,,,,,,,,,sirene,
FFJ ENTREPRISE,,,a contacter,,,,,,,,,,,,reseaux,,GRETZ-ARMAINVILLIERS,,77,,,,,,,,,,,,,,,,,,,,,,,,,,,,,,,437796881,43779688100039,43.21A,,,,,,,,,,,sirene,
FG SECURITE,,,a contacter,,,,,,,,,,,,reseaux,,BOURG-ACHARD,,27,,,,,,,,,,,,,,,,,,,,,,,,,,,,,,,522872100,52287210000048,43.21A,,,,,,,,,,,sirene,
FGSO,,,a contacter,,,,,,,,,,,,reseaux,,BOURG-ACHARD,,27,,,,,,,,,,,,,,,,,,,,,,,,,,,,,,,810495523,81049552300039,43.21A,,,,,,,,,,,sirene,
FH ITC,,,a contacter,,,,,,,,,,,,reseaux,,VILLEPINTE,,93,,,,,,,,,,,,,,,,,,,,,,,,,,,,,,,829831221,82983122100033,43.21A,,,,,,,,,,,sirene,
FIBAT,,,a contacter,,,,,,,,,,,,reseaux,,MONTBARD,,21,,,,,,,,,,,,,,,,,,,,,,,,,,,,,,,899788178,89978817800031,43.21A,,,,,,,,,,,sirene,
FIBER PRO,,,a contacter,,,,,,,,,,,,reseaux,,PANTIN,,93,,,,,,,,,,,,,,,,,,,,,,,,,,,,,,,890374002,89037400200024,43.21A,,,,,,,,,,,sirene,
FIBER PRO CONSULTING,,,a contacter,,,,,,,,,,,,reseaux,,CROISSY-SUR-SEINE,,78,,,,,,,,,,,,,,,,,,,,,,,,,,,,,,,792564205,79256420500021,43.21A,,,,,,,,,,,sirene,
FIBER SAV,,,a contacter,,,,,,,,,,,,reseaux,,PARIS 12,,75,,,,,,,,,,,,,,,,,,,,,,,,,,,,,,,753688670,75368867000045,43.21A,,,,,,,,,,,sirene,
FIBER SYSTEM,,,a contacter,,,,,,,,,,,,reseaux,,NIMES,,30,,,,,,,,,,,,,,,,,,,,,,,,,,,,,,,948154257,94815425700026,43.21A,,,,,,,,,,,sirene,
FIBERTECH,,,a contacter,,,,,,,,,,,,reseaux,,GRAND-BOURG,,971,,,,,,,,,,,,,,,,,,,,,,,,,,,,,,,912807591,91280759100025,43.21B,,,,,,,,,,,sirene,
FIBRE 2000,,,a contacter,,,,,,,,,,,,reseaux,,EVRY-COURCOURONNES,,91,,,,,,,,,,,,,,,,,,,,,,,,,,,,,,,534653910,53465391000032,43.21A,,,,,,,,,,,sirene,
FIBRE AK,,,a contacter,,,,,,,,,,,,reseaux,,MONTEREAU-FAULT-YONNE,,77,,,,,,,,,,,,,,,,,,,,,,,,,,,,,,,901054916,90105491600019,43.21A,,,,,,,,,,,sirene,
FIBRE AND CONNECT,,,a contacter,,,,,,,,,,,,reseaux,,BRUNOY,,91,,,,,,,,,,,,,,,,,,,,,,,,,,,,,,,808719702,80871970200017,61.10Z,,,,,,,,,,,sirene,
FIBRE DHM,,,a contacter,,,,,,,,,,,,reseaux,,PARIS,,75,,,,,,,,,,,,,,,,,,,,,,,,,,,,,,,829747682,82974768200021,61.10Z,,,,,,,,,,,sirene,
FIBRE SAYAN,,,a contacter,,,,,,,,,,,,reseaux,,PARIS,,75,,,,,,,,,,,,,,,,,,,,,,,,,,,,,,,889640165,88964016500011,61.10Z,,,,,,,,,,,sirene,
FIBRELEC,,,a contacter,,,,,,,,,,,,reseaux,,SAULX-LES-CHARTREUX,,91,,,,,,,,,,,,,,,,,,,,,,,,,,,,,,,443529243,44352924300026,43.21A,,,,,,,,,,,sirene,
FIBREM,,,a contacter,,,,,,,,,,,,reseaux,,SAINT-PIERRE-DE-CHANDIEU,,69,,,,,,,,,,,,,,,,,,,,,,,,,,,,,,,829332824,82933282400046,43.21A,,,,,,,,,,,sirene,
FIBREPRO2B,,,a contacter,,,,,,,,,,,,reseaux,,AJACCIO,,2A,,,,,,,,,,,,,,,,,,,,,,,,,,,,,,,880715750,88071575000019,61.10Z,,,,,,,,,,,sirene,
FIBREXCOM,,,a contacter,,,,,,,,,,,,reseaux,,MARTILLAC,,33,,,,,,,,,,,,,,,,,,,,,,,,,,,,,,,842865396,84286539600035,42.22Z,,,,,,,,,,,sirene,
FIBROTEC,,,a contacter,,,,,,,,,,,,reseaux,,ANGERS,,49,,,,,,,,,,,,,,,,,,,,,,,,,,,,,,,898018007,89801800700010,43.21A,,,,,,,,,,,sirene,
FIITELCOM,,,a contacter,,,,,,,,,,,,reseaux,,THAON-LES-VOSGES,,88,,,,,,,,,,,,,,,,,,,,,,,,,,,,,,,792237760,79223776000048,42.22Z,,,,,,,,,,,sirene,
FILSILICE TECHNOLOGIE,,,a contacter,,,,,,,,,,,,reseaux,,PARIS,,75,,,,,,,,,,,,,,,,,,,,,,,,,,,,,,,811351014,81135101400014,61.10Z,,,,,,,,,,,sirene,
FILTROLEC,,,a contacter,,,,,,,,,,,,reseaux,,NANTERRE,,92,,,,,,,,,,,,,,,,,,,,,,,,,,,,,,,980629463,98062946300012,61.10Z,,,,,,,,,,,sirene,
FINELEC IDF,,,a contacter,,,,,,,,,,,,reseaux,,SEVRES,,92,,,,,,,,,,,,,,,,,,,,,,,,,,,,,,,501342711,50134271100022,43.21A,,,,,,,,,,,sirene,
FIRELESS,,,a contacter,,,,,,,,,,,,reseaux,,PARIS,,75,,,,,,,,,,,,,,,,,,,,,,,,,,,,,,,534072483,53407248300025,43.21A,,,,,,,,,,,sirene,
FIRST ENERGY ELECTRICITE,,,a contacter,,,,,,,,,,,,reseaux,,FORT-DE-FRANCE,,972,,,,,,,,,,,,,,,,,,,,,,,,,,,,,,,504876871,50487687100014,43.21A,,,,,,,,,,,sirene,
FISCHER,,,a contacter,,,,,,,,,,,,reseaux,,INGWILLER,,67,,,,,,,,,,,,,,,,,,,,,,,,,,,,,,,488463589,48846358900017,61.90Z,,,,,,,,,,,sirene,
FIVO SERVICES,,,a contacter,,,,,,,,,,,,reseaux,,MARINES,,95,,,,,,,,,,,,,,,,,,,,,,,,,,,,,,,894208164,89420816400018,43.21A,,,,,,,,,,,sirene,
FL-ELEC,,,a contacter,,,,,,,,,,,,reseaux,,AFA,,2A,,,,,,,,,,,,,,,,,,,,,,,,,,,,,,,792860181,79286018100017,43.21A,,,,,,,,,,,sirene,
FLAMAND,,,a contacter,,,,,,,,,,,,reseaux,,LAON,,02,,,,,,,,,,,,,,,,,,,,,,,,,,,,,,,950603159,95060315900027,43.21A,,,,,,,,,,,sirene,
FLASCHE LILLE,,,a contacter,,,,,,,,,,,,reseaux,,SOMAIN,,59,,,,,,,,,,,,,,,,,,,,,,,,,,,,,,,892899766,89289976600018,43.21A,,,,,,,,,,,sirene,
FLASH ELEC,,,a contacter,,,,,,,,,,,,reseaux,,VIZILLE,,38,,,,,,,,,,,,,,,,,,,,,,,,,,,,,,,440428431,44042843100033,43.21A,,,,,,,,,,,sirene,
FLASH ENERGIES,,,a contacter,,,,,,,,,,,,reseaux,,QUAEDYPRE,,59,,,,,,,,,,,,,,,,,,,,,,,,,,,,,,,492916580,49291658000045,43.21A,,,,,,,,,,,sirene,
FLH ENERGIE,,,a contacter,,,,,,,,,,,,reseaux,,MONTVILLE,,76,,,,,,,,,,,,,,,,,,,,,,,,,,,,,,,504123811,50412381100037,43.21A,,,,,,,,,,,sirene,
FLOMICHI,,,a contacter,,,,,,,,,,,,reseaux,,BRIE-COMTE-ROBERT,,77,,,,,,,,,,,,,,,,,,,,,,,,,,,,,,,848063434,84806343400023,43.21A,,,,,,,,,,,sirene,
FLORO TRAVAUX PUBLICS ASSOCIES SCOP SA (F.T.P.A SCOP SA),,,a contacter,,,,,,,,,,,,reseaux,,BRETTEVILLE-SUR-LAIZE,,14,,,,,,,,,,,,,,,,,,,,,,,,,,,,,,,488603598,48860359800019,42.21Z,,,,,,,,,,,sirene,
FLOSEL-INSTALLATIONS ELECTRIQUES ET HYDRAULIQUES,,,a contacter,,,,,,,,,,,,reseaux,,LE THILLAY,,95,,,,,,,,,,,,,,,,,,,,,,,,,,,,,,,494619406,49461940600049,43.21A,,,,,,,,,,,sirene,
FLTE,,,a contacter,,,,,,,,,,,,reseaux,,MONTAUBAN,,82,,,,,,,,,,,,,,,,,,,,,,,,,,,,,,,752817213,75281721300040,61.10Z,,,,,,,,,,,sirene,
FLUIDELEC,,,a contacter,,,,,,,,,,,,reseaux,,MANSONVILLE,,82,,,,,,,,,,,,,,,,,,,,,,,,,,,,,,,828705806,82870580600028,43.21A,,,,,,,,,,,sirene,
FM RESEAUX,,,a contacter,,,,,,,,,,,,reseaux,,CROISSY-BEAUBOURG,,77,,,,,,,,,,,,,,,,,,,,,,,,,,,,,,,839725140,83972514000025,43.21A,,,,,,,,,,,sirene,
FME,,,a contacter,,,,,,,,,,,,reseaux,,REIMS,,51,,,,,,,,,,,,,,,,,,,,,,,,,,,,,,,399869007,39986900700027,43.21A,,,,,,,,,,,sirene,
FOLIATEAM,,,a contacter,,,,,,,,,,,,reseaux,,SAINT-MAUR-DES-FOSSES,,94,,,,,,,,,,,,,,,,,,,,,,,,,,,,,,,712047869,71204786900078,61.10Z,,,,,,,,,,,sirene,
FOLIATEAM OPERATEUR,,,a contacter,,,,,,,,,,,,reseaux,,PARIS,,75,,,,,,,,,,,,,,,,,,,,,,,,,,,,,,,440014678,44001467800062,61.20Z,,,,,,,,,,,sirene,
FONBONNE,,,a contacter,,,,,,,,,,,,reseaux,,VILLEPINTE,,93,,,,,,,,,,,,,,,,,,,,,,,,,,,,,,,432583334,43258333400086,43.21A,,,,,,,,,,,sirene,
FORAFRANCE,,,a contacter,,,,,,,,,,,,reseaux,,LA MEZIERE,,35,,,,,,,,,,,,,,,,,,,,,,,,,,,,,,,479972994,47997299400079,42.21Z,,,,,,,,,,,sirene,
FORALEST-MAURUTTO,,,a contacter,,,,,,,,,,,,reseaux,,WITTELSHEIM,,68,,,,,,,,,,,,,,,,,,,,,,,,,,,,,,,945950038,94595003800022,42.21Z,,,,,,,,,,,sirene,
FORCE ET LUMIERE,,,a contacter,,,,,,,,,,,,reseaux,,MARSEILLE,,13,,,,,,,,,,,,,,,,,,,,,,,,,,,,,,,393913793,39391379300021,43.21A,,,,,,,,,,,sirene,
FORESI BATIMENT,,,a contacter,,,,,,,,,,,,reseaux,,NICE,,06,,,,,,,,,,,,,,,,,,,,,,,,,,,,,,,332303650,33230365000011,43.21A,,,,,,,,,,,sirene,
FORESTIER,,,a contacter,,,,,,,,,,,,reseaux,,DAINVILLE,,62,,,,,,,,,,,,,,,,,,,,,,,,,,,,,,,378548341,37854834100023,43.21A,,,,,,,,,,,sirene,
FORLUMEN,,,a contacter,,,,,,,,,,,,reseaux,,HARFLEUR,,76,,,,,,,,,,,,,,,,,,,,,,,,,,,,,,,357502327,35750232700079,43.21A,,,,,,,,,,,sirene,
FORTEL,,,a contacter,,,,,,,,,,,,reseaux,,FONTENAY-SOUS-BOIS,,94,,,,,,,,,,,,,,,,,,,,,,,,,,,,,,,422632562,42263256200027,43.21A,,,,,,,,,,,sirene,
FOUASSIN,,,a contacter,,,,,,,,,,,,reseaux,,MORANGIS,,91,,,,,,,,,,,,,,,,,,,,,,,,,,,,,,,956200778,95620077800028,43.21A,,,,,,,,,,,sirene,
FOUCHER TRAVAUX PUBLICS ET BATIMENTS,,,a contacter,,,,,,,,,,,,reseaux,,SAINT-PIERRE-LA-COUR,,53,,,,,,,,,,,,,,,,,,,,,,,,,,,,,,,385209333,38520933300025,42.21Z,,,,,,,,,,,sirene,
FOURNIAL VBM,,,a contacter,,,,,,,,,,,,reseaux,,CLERMONT-FERRAND,,63,,,,,,,,,,,,,,,,,,,,,,,,,,,,,,,309431716,30943171600047,43.21A,,,,,,,,,,,sirene,
FOURNIE GROSPAUD BORDEAUX,,,a contacter,,,,,,,,,,,,reseaux,,MERIGNAC,,33,,,,,,,,,,,,,,,,,,,,,,,,,,,,,,,450977533,45097753300030,43.21A,,,,,,,,,,,sirene,
FOURNIE GROSPAUD ENERGIE,,,a contacter,,,,,,,,,,,,reseaux,,LABEGE,,31,,,,,,,,,,,,,,,,,,,,,,,,,,,,,,,443972187,44397218700027,43.21A,,,,,,,,,,,sirene,
FOURNIE GROSPAUD RESEAUX,,,a contacter,,,,,,,,,,,,reseaux,,BOURG-SAINT-BERNARD,,31,,,,,,,,,,,,,,,,,,,,,,,,,,,,,,,700801855,70080185500011,42.22Z,,,,,,,,,,,sirene,
FOURNIE GROSPAUD SYNERYS,,,a contacter,,,,,,,,,,,,reseaux,,TOULOUSE,,31,,,,,,,,,,,,,,,,,,,,,,,,,,,,,,,443972310,44397231000033,42.22Z,,,,,,,,,,,sirene,
FOURNIER TP,,,a contacter,,,,,,,,,,,,reseaux,,CESSIEU,,38,,,,,,,,,,,,,,,,,,,,,,,,,,,,,,,350376760,35037676000020,42.21Z,,,,,,,,,,,sirene,
FOX TELECOM,,,a contacter,,,,,,,,,,,,reseaux,,MAILLOT,,89,,,,,,,,,,,,,,,,,,,,,,,,,,,,,,,414291336,41429133600017,61.90Z,,,,,,,,,,,sirene,
FP ELEC,,,a contacter,,,,,,,,,,,,reseaux,,LES MUREAUX,,78,,,,,,,,,,,,,,,,,,,,,,,,,,,,,,,830452769,83045276900037,43.21A,,,,,,,,,,,sirene,
FPL,,,a contacter,,,,,,,,,,,,reseaux,,SACLAY,,91,,,,,,,,,,,,,,,,,,,,,,,,,,,,,,,393110895,39311089500041,43.21A,,,,,,,,,,,sirene,
FRACOM,,,a contacter,,,,,,,,,,,,reseaux,,PIERREFITTE-SUR-SEINE,,93,,,,,,,,,,,,,,,,,,,,,,,,,,,,,,,529935546,52993554600034,61.10Z,,,,,,,,,,,sirene,
FRAISSE ET FILS,,,a contacter,,,,,,,,,,,,reseaux,,YSSINGEAUX,,43,,,,,,,,,,,,,,,,,,,,,,,,,,,,,,,384866802,38486680200018,43.21A,,,,,,,,,,,sirene,
FRAL TELECOM,,,a contacter,,,,,,,,,,,,reseaux,,SEBAZAC-CONCOURES,,12,,,,,,,,,,,,,,,,,,,,,,,,,,,,,,,895030641,89503064100016,43.21A,,,,,,,,,,,sirene,
FRANC-ELEC,,,a contacter,,,,,,,,,,,,reseaux,,SAINT-LOUIS,,974,,,,,,,,,,,,,,,,,,,,,,,,,,,,,,,881860431,88186043100017,43.21A,,,,,,,,,,,sirene,
FRANCE BATIMENT INDUSTRIE,,,a contacter,,,,,,,,,,,,reseaux,,FONTENAY-SOUS-BOIS,,94,,,,,,,,,,,,,,,,,,,,,,,,,,,,,,,329925150,32992515000065,43.21A,,,,,,,,,,,sirene,
FRANCE CONNECT,,,a contacter,,,,,,,,,,,,reseaux,,GOUSSAINVILLE,,95,,,,,,,,,,,,,,,,,,,,,,,,,,,,,,,893710533,89371053300025,43.21A,,,,,,,,,,,sirene,
FRANCE ELEC,,,a contacter,,,,,,,,,,,,reseaux,,EPINAY-SUR-SEINE,,93,,,,,,,,,,,,,,,,,,,,,,,,,,,,,,,844029405,84402940500025,43.21A,,,,,,,,,,,sirene,
FRANCE NEW ENERGIE,,,a contacter,,,,,,,,,,,,reseaux,,SAINT-MAUR-DES-FOSSES,,94,,,,,,,,,,,,,,,,,,,,,,,,,,,,,,,821845211,82184521100043,43.21A,,,,,,,,,,,sirene,
FRANCE NUMERIQUE,,,a contacter,,,,,,,,,,,,reseaux,,SAINT-OUEN-SUR-SEINE,,93,,,,,,,,,,,,,,,,,,,,,,,,,,,,,,,840361745,84036174500028,61.90Z,,,,,,,,,,,sirene,
FRANCE SECURITE ELECTRONIQUE,,,a contacter,,,,,,,,,,,,reseaux,,MONTREUIL,,93,,,,,,,,,,,,,,,,,,,,,,,,,,,,,,,491376471,49137647100034,43.21A,,,,,,,,,,,sirene,
FRANCE SOLAR,,,a contacter,,,,,,,,,,,,reseaux,,BRUMATH,,67,,,,,,,,,,,,,,,,,,,,,,,,,,,,,,,515228211,51522821100089,43.21A,,,,,,,,,,,sirene,
FRANCE TRAVAUX,,,a contacter,,,,,,,,,,,,reseaux,,VALENTON,,94,,,,,,,,,,,,,,,,,,,,,,,,,,,,,,,343818688,34381868800040,42.21Z,,,,,,,,,,,sirene,
FRANCELEC,,,a contacter,,,,,,,,,,,,reseaux,,LAVERUNE,,34,,,,,,,,,,,,,,,,,,,,,,,,,,,,,,,419547039,41954703900026,43.21A,,,,,,,,,,,sirene,
FRANCELEC 78,,,a contacter,,,,,,,,,,,,reseaux,,SAINT-MARTIN-LA-GARENNE,,78,,,,,,,,,,,,,,,,,,,,,,,,,,,,,,,518948559,51894855900019,43.21A,,,,,,,,,,,sirene,
FRANCHE COMTE NET,,,a contacter,,,,,,,,,,,,reseaux,,BESANCON,,25,,,,,,,,,,,,,,,,,,,,,,,,,,,,,,,402014831,40201483100042,61.10Z,,,,,,,,,,,sirene,
FRANCIS CASTANG,,,a contacter,,,,,,,,,,,,reseaux,,LES HOUCHES,,74,,,,,,,,,,,,,,,,,,,,,,,,,,,,,,,408621464,40862146400028,43.21A,,,,,,,,,,,sirene,
FRANCK JAZUEL (ENTREPRISE JAZUEL),,,a contacter,,,,,,,,,,,,reseaux,,BAULON,,35,,,,,,,,,,,,,,,,,,,,,,,,,,,,,,,484218516,48421851600017,43.21A,,,,,,,,,,,sirene,
FRANCK LALOT (FRANCK LALOT SERVICES),,,a contacter,,,,,,,,,,,,reseaux,,TOULON,,83,,,,,,,,,,,,,,,,,,,,,,,,,,,,,,,798871562,79887156200020,43.21A,,,,,,,,,,,sirene,
FRANKLIN NORD,,,a contacter,,,,,,,,,,,,reseaux,,LILLE,,59,,,,,,,,,,,,,,,,,,,,,,,,,,,,,,,398412684,39841268400027,43.21A,,,,,,,,,,,sirene,
FRCF,,,a contacter,,,,,,,,,,,,reseaux,,PONTOISE,,95,,,,,,,,,,,,,,,,,,,,,,,,,,,,,,,798272407,79827240700023,61.90Z,,,,,,,,,,,sirene,
FREDERIC POTIQUET (BRESSE MAINTENANCE ELECTRICITE),,,a contacter,,,,,,,,,,,,reseaux,,SAINT-MARTIN-LE-CHATEL,,01,,,,,,,,,,,,,,,,,,,,,,,,,,,,,,,521250225,52125022500047,43.21A,,,,,,,,,,,sirene,
FREE,,,a contacter,,,,,,,,,,,,reseaux,,PARIS,,75,,,,,,,,,,,,,,,,,,,,,,,,,,,,,,,421938861,42193886100034,61.10Z,,,,,,,,,,,sirene,
FREE CARAIBE,,,a contacter,,,,,,,,,,,,reseaux,,FORT-DE-FRANCE,,972,,,,,,,,,,,,,,,,,,,,,,,,,,,,,,,808537641,80853764100033,61.90Z,,,,,,,,,,,sirene,
FREE POWER,,,a contacter,,,,,,,,,,,,reseaux,,CLERMONT-FERRAND,,63,,,,,,,,,,,,,,,,,,,,,,,,,,,,,,,509378519,50937851900011,43.21A,,,,,,,,,,,sirene,
FREE PRO,,,a contacter,,,,,,,,,,,,reseaux,,MARSEILLE,,13,,,,,,,,,,,,,,,,,,,,,,,,,,,,,,,439099656,43909965600142,61.10Z,,,,,,,,,,,sirene,
FREENERGY,,,a contacter,,,,,,,,,,,,reseaux,,SAINT-LEU,,974,,,,,,,,,,,,,,,,,,,,,,,,,,,,,,,809710031,80971003100034,43.21A,,,,,,,,,,,sirene,
FRENCH TEAM CONNECT,,,a contacter,,,,,,,,,,,,reseaux,,GENNEVILLIERS,,92,,,,,,,,,,,,,,,,,,,,,,,,,,,,,,,892484254,89248425400016,43.21A,,,,,,,,,,,sirene,
FRESIA MEDIA,,,a contacter,,,,,,,,,,,,reseaux,,RAMATUELLE,,83,,,,,,,,,,,,,,,,,,,,,,,,,,,,,,,491606331,49160633100032,43.21A,,,,,,,,,,,sirene,
FRESNEL ELECTRICITE,,,a contacter,,,,,,,,,,,,reseaux,,COUERON,,44,,,,,,,,,,,,,,,,,,,,,,,,,,,,,,,862800240,86280024000056,43.21A,,,,,,,,,,,sirene,
FRITZ ELECTRICITE SA,,,a contacter,,,,,,,,,,,,reseaux,,NIEDERRŒDERN,,67,,,,,,,,,,,,,,,,,,,,,,,,,,,,,,,321877292,32187729200011,43.21B,,,,,,,,,,,sirene,
FT MARINE,,,a contacter,,,,,,,,,,,,reseaux,,PARIS,,75,,,,,,,,,,,,,,,,,,,,,,,,,,,,,,,424722130,42472213000079,42.22Z,,,,,,,,,,,sirene,
FTE ELECTRICITE,,,a contacter,,,,,,,,,,,,reseaux,,LES ARCS,,83,,,,,,,,,,,,,,,,,,,,,,,,,,,,,,,851266783,85126678300022,43.21A,,,,,,,,,,,sirene,
FTM ELEC,,,a contacter,,,,,,,,,,,,reseaux,,IVRY-SUR-SEINE,,94,,,,,,,,,,,,,,,,,,,,,,,,,,,,,,,827450388,82745038800026,43.21A,,,,,,,,,,,sirene,
FTPB NORMANDIE,,,a contacter,,,,,,,,,,,,reseaux,,DOMFRONT-EN-POIRAIE,,61,,,,,,,,,,,,,,,,,,,,,,,,,,,,,,,445022650,44502265000029,42.21Z,,,,,,,,,,,sirene,
FTSM - FRANCE TECHNICAL SERVICES & MAINTENANCE,,,a contacter,,,,,,,,,,,,reseaux,,LAGNY-SUR-MARNE,,77,,,,,,,,,,,,,,,,,,,,,,,,,,,,,,,898816202,89881620200037,42.22Z,,,,,,,,,,,sirene,
FTTX INFOCONNECT SAS,,,a contacter,,,,,,,,,,,,reseaux,,MATOURY,,973,,,,,,,,,,,,,,,,,,,,,,,,,,,,,,,799178553,79917855300027,43.21A,,,,,,,,,,,sirene,
FULL CIRCLE WIND SERVICES FRANCE,,,a contacter,,,,,,,,,,,,reseaux,,HAUTE-GOULAINE,,44,,,,,,,,,,,,,,,,,,,,,,,,,,,,,,,532569308,53256930800101,42.22Z,,,,,,,,,,,sirene,
FULL CONNECT,,,a contacter,,,,,,,,,,,,reseaux,,RODERN,,68,,,,,,,,,,,,,,,,,,,,,,,,,,,,,,,524894417,52489441700020,42.22Z,,,,,,,,,,,sirene,
FUNT ECO,,,a contacter,,,,,,,,,,,,reseaux,,LONGPONT-SUR-ORGE,,91,,,,,,,,,,,,,,,,,,,,,,,,,,,,,,,818533283,81853328300029,43.21A,,,,,,,,,,,sirene,
FYP SYSTEMES,,,a contacter,,,,,,,,,,,,reseaux,,MAROLLES-EN-BRIE,,94,,,,,,,,,,,,,,,,,,,,,,,,,,,,,,,480854835,48085483500034,43.21A,,,,,,,,,,,sirene,
G C B ORLY,,,a contacter,,,,,,,,,,,,reseaux,,ORLY,,94,,,,,,,,,,,,,,,,,,,,,,,,,,,,,,,450213814,45021381400012,61.20Z,,,,,,,,,,,sirene,
G-CONNECT,,,a contacter,,,,,,,,,,,,reseaux,,ARGENTEUIL,,95,,,,,,,,,,,,,,,,,,,,,,,,,,,,,,,890277957,89027795700043,43.21A,,,,,,,,,,,sirene,
G.B.M.,,,a contacter,,,,,,,,,,,,reseaux,,LE GRAND-QUEVILLY,,76,,,,,,,,,,,,,,,,,,,,,,,,,,,,,,,322792342,32279234200030,43.21A,,,,,,,,,,,sirene,
G.C.B CALAIS,,,a contacter,,,,,,,,,,,,reseaux,,CALAIS,,62,,,,,,,,,,,,,,,,,,,,,,,,,,,,,,,448042879,44804287900016,61.20Z,,,,,,,,,,,sirene,
G.C.B CLICHY,,,a contacter,,,,,,,,,,,,reseaux,,CLICHY-SOUS-BOIS,,93,,,,,,,,,,,,,,,,,,,,,,,,,,,,,,,432376267,43237626700022,61.20Z,,,,,,,,,,,sirene,
G.C.P.,,,a contacter,,,,,,,,,,,,reseaux,,MESPAUL,,29,,,,,,,,,,,,,,,,,,,,,,,,,,,,,,,528236185,52823618500013,43.21A,,,,,,,,,,,sirene,
G.E.B.T.,,,a contacter,,,,,,,,,,,,reseaux,,SETE,,34,,,,,,,,,,,,,,,,,,,,,,,,,,,,,,,482924800,48292480000030,43.21A,,,,,,,,,,,sirene,
G.O SECURITE,,,a contacter,,,,,,,,,,,,reseaux,,CHATOU,,78,,,,,,,,,,,,,,,,,,,,,,,,,,,,,,,892771262,89277126200011,43.21A,,,,,,,,,,,sirene,
G2A ELECTRICITE SAS,,,a contacter,,,,,,,,,,,,reseaux,,BRUMATH,,67,,,,,,,,,,,,,,,,,,,,,,,,,,,,,,,953760360,95376036000016,43.21A,,,,,,,,,,,sirene,
GA FIBRE,,,a contacter,,,,,,,,,,,,reseaux,,BOE,,47,,,,,,,,,,,,,,,,,,,,,,,,,,,,,,,833759178,83375917800050,43.21A,,,,,,,,,,,sirene,
GABRIELLE,,,a contacter,,,,,,,,,,,,reseaux,,CADOURS,,31,,,,,,,,,,,,,,,,,,,,,,,,,,,,,,,300286341,30028634100114,42.22Z,,,,,,,,,,,sirene,
GACHET T.P.,,,a contacter,,,,,,,,,,,,reseaux,,CHAMPIER,,38,,,,,,,,,,,,,,,,,,,,,,,,,,,,,,,497883306,49788330600019,42.21Z,,,,,,,,,,,sirene,
GAILLARD ELECTRICITE,,,a contacter,,,,,,,,,,,,reseaux,,LES AVENIERES VEYRINS-THUELLIN,,38,,,,,,,,,,,,,,,,,,,,,,,,,,,,,,,479338139,47933813900021,43.21A,,,,,,,,,,,sirene,
GAILLARD HUTEAU ESSONNE ELECTRICITE,,,a contacter,,,,,,,,,,,,reseaux,,BONDOUFLE,,91,,,,,,,,,,,,,,,,,,,,,,,,,,,,,,,313872764,31387276400052,42.21Z,,,,,,,,,,,sirene,
GAM RENOV,,,a contacter,,,,,,,,,,,,reseaux,,LE CANNET,,06,,,,,,,,,,,,,,,,,,,,,,,,,,,,,,,850772740,85077274000013,43.21A,,,,,,,,,,,sirene,
GAMMA SERVICES,,,a contacter,,,,,,,,,,,,reseaux,,SAINT-JEAN-DE-VEDAS,,34,,,,,,,,,,,,,,,,,,,,,,,,,,,,,,,979034485,97903448500016,43.21A,,,,,,,,,,,sirene,
GANTZER TP,,,a contacter,,,,,,,,,,,,reseaux,,COLMAR,,68,,,,,,,,,,,,,,,,,,,,,,,,,,,,,,,499331502,49933150200017,42.21Z,,,,,,,,,,,sirene,
GAPELEC,,,a contacter,,,,,,,,,,,,reseaux,,GAP,,05,,,,,,,,,,,,,,,,,,,,,,,,,,,,,,,527613160,52761316000045,43.21A,,,,,,,,,,,sirene,
GARCZYNSKI TRAPLOIR,,,a contacter,,,,,,,,,,,,reseaux,,LE MANS,,72,,,,,,,,,,,,,,,,,,,,,,,,,,,,,,,443973128,44397312800020,43.21A,,,,,,,,,,,sirene,
GARCZYNSKI TRAPLOIR CORNOUAILLE,,,a contacter,,,,,,,,,,,,reseaux,,CONCARNEAU,,29,,,,,,,,,,,,,,,,,,,,,,,,,,,,,,,443976378,44397637800028,42.22Z,,,,,,,,,,,sirene,
GARCZYNSKI TRAPLOIR ENERGIE,,,a contacter,,,,,,,,,,,,reseaux,,LE MANS,,72,,,,,,,,,,,,,,,,,,,,,,,,,,,,,,,443972815,44397281500072,42.22Z,,,,,,,,,,,sirene,
GARCZYNSKI TRAPLOIR FORLUX,,,a contacter,,,,,,,,,,,,reseaux,,IFS,,14,,,,,,,,,,,,,,,,,,,,,,,,,,,,,,,443974738,44397473800025,43.21B,,,,,,,,,,,sirene,
GARCZYNSKI TRAPLOIR MORBIHAN,,,a contacter,,,,,,,,,,,,reseaux,,NOYAL-PONTIVY,,56,,,,,,,,,,,,,,,,,,,,,,,,,,,,,,,443976170,44397617000037,42.22Z,,,,,,,,,,,sirene,
GARCZYNSKI TRAPLOIR VENDEE,,,a contacter,,,,,,,,,,,,reseaux,,CHANTONNAY,,85,,,,,,,,,,,,,,,,,,,,,,,,,,,,,,,443976105,44397610500025,42.22Z,,,,,,,,,,,sirene,
GARCZYNSKI TRAPLOIR YVETOT,,,a contacter,,,,,,,,,,,,reseaux,,SAINTE-MARIE-DES-CHAMPS,,76,,,,,,,,,,,,,,,,,,,,,,,,,,,,,,,433907813,43390781300011,42.22Z,,,,,,,,,,,sirene,
GARELEC,,,a contacter,,,,,,,,,,,,reseaux,,MORIERES-LES-AVIGNON,,84,,,,,,,,,,,,,,,,,,,,,,,,,,,,,,,503792186,50379218600028,43.21A,,,,,,,,,,,sirene,
GARREAU,,,a contacter,,,,,,,,,,,,reseaux,,VIX,,85,,,,,,,,,,,,,,,,,,,,,,,,,,,,,,,412846966,41284696600023,43.21A,,,,,,,,,,,sirene,
GASNAULT BTP,,,a contacter,,,,,,,,,,,,reseaux,,PERNES LES FONTAINES,,84,,,,,,,,,,,,,,,,,,,,,,,,,,,,,,,321031411,32103141100036,42.21Z,,,,,,,,,,,sirene,
GASQUET ENTREPRISE,,,a contacter,,,,,,,,,,,,reseaux,,TOURNUS,,71,,,,,,,,,,,,,,,,,,,,,,,,,,,,,,,348981531,34898153100026,42.22Z,,,,,,,,,,,sirene,
GASTALDI ELEC ET FROID,,,a contacter,,,,,,,,,,,,reseaux,,GARDANNE,,13,,,,,,,,,,,,,,,,,,,,,,,,,,,,,,,494102999,49410299900021,43.21A,,,,,,,,,,,sirene,
GAURIAU ENTREPRISE,,,a contacter,,,,,,,,,,,,reseaux,,CHOLET,,49,,,,,,,,,,,,,,,,,,,,,,,,,,,,,,,322366097,32236609700036,43.21A,,,,,,,,,,,sirene,
GAUTHEY ELECTRICITE,,,a contacter,,,,,,,,,,,,reseaux,,AUTUN,,71,,,,,,,,,,,,,,,,,,,,,,,,,,,,,,,389562430,38956243000022,43.21A,,,,,,,,,,,sirene,
GAUTHEY INDUSTRIE,,,a contacter,,,,,,,,,,,,reseaux,,AUTUN,,71,,,,,,,,,,,,,,,,,,,,,,,,,,,,,,,389562554,38956255400011,43.21A,,,,,,,,,,,sirene,
GAYRAUD ENERGIES,,,a contacter,,,,,,,,,,,,reseaux,,MONTPELLIER,,34,,,,,,,,,,,,,,,,,,,,,,,,,,,,,,,451475313,45147531300024,43.21A,,,,,,,,,,,sirene,
GAZ ASSISTANCE SERVICE,,,a contacter,,,,,,,,,,,,reseaux,,YFFINIAC,,22,,,,,,,,,,,,,,,,,,,,,,,,,,,,,,,329439657,32943965700043,43.21A,,,,,,,,,,,sirene,
GB ECLAIRAGE,,,a contacter,,,,,,,,,,,,reseaux,,GOVEN,,35,,,,,,,,,,,,,,,,,,,,,,,,,,,,,,,390678894,39067889400036,43.21A,,,,,,,,,,,sirene,
GB ENERGIES,,,a contacter,,,,,,,,,,,,reseaux,,COLOMIERS,,31,,,,,,,,,,,,,,,,,,,,,,,,,,,,,,,389872367,38987236700039,43.21A,,,,,,,,,,,sirene,
GBEE,,,a contacter,,,,,,,,,,,,reseaux,,VILLIERS-LE-BACLE,,91,,,,,,,,,,,,,,,,,,,,,,,,,,,,,,,348249061,34824906100022,43.21A,,,,,,,,,,,sirene,
GC CONCEPT,,,a contacter,,,,,,,,,,,,reseaux,,VENDARGUES,,34,,,,,,,,,,,,,,,,,,,,,,,,,,,,,,,849874920,84987492000036,43.21A,,,,,,,,,,,sirene,
GC PRO TELECOM,,,a contacter,,,,,,,,,,,,reseaux,,MARSEILLE,,13,,,,,,,,,,,,,,,,,,,,,,,,,,,,,,,948273297,94827329700028,43.21A,,,,,,,,,,,sirene,
GCELEC,,,a contacter,,,,,,,,,,,,reseaux,,MONTIGNY EN GOHELLE,,62,,,,,,,,,,,,,,,,,,,,,,,,,,,,,,,809490212,80949021200028,43.21A,,,,,,,,,,,sirene,
GCMV,,,a contacter,,,,,,,,,,,,reseaux,,BOUT-DU-PONT-DE-LARN,,81,,,,,,,,,,,,,,,,,,,,,,,,,,,,,,,909936882,90993688200028,42.22Z,,,,,,,,,,,sirene,
GDS ELEC,,,a contacter,,,,,,,,,,,,reseaux,,ROUVROY,,62,,,,,,,,,,,,,,,,,,,,,,,,,,,,,,,498178094,49817809400039,43.21A,,,,,,,,,,,sirene,
GEC,,,a contacter,,,,,,,,,,,,reseaux,,GRASSE,,06,,,,,,,,,,,,,,,,,,,,,,,,,,,,,,,752881599,75288159900027,43.21A,,,,,,,,,,,sirene,
GECC - GENERALE ELECTRICITE CHAUFFAGE CLIMATISATION,,,a contacter,,,,,,,,,,,,reseaux,,LIMOGES,,87,,,,,,,,,,,,,,,,,,,,,,,,,,,,,,,341416360,34141636000038,43.21A,,,,,,,,,,,sirene,
GECELEC,,,a contacter,,,,,,,,,,,,reseaux,,VILLEPINTE,,93,,,,,,,,,,,,,,,,,,,,,,,,,,,,,,,811399757,81139975700046,43.21A,,,,,,,,,,,sirene,
GEMARD,,,a contacter,,,,,,,,,,,,reseaux,,SAINT-PIERRE-DU-CHEMIN,,85,,,,,,,,,,,,,,,,,,,,,,,,,,,,,,,809946114,80994611400018,43.21A,,,,,,,,,,,sirene,
GEMATECH,,,a contacter,,,,,,,,,,,,reseaux,,KILSTETT,,67,,,,,,,,,,,,,,,,,,,,,,,,,,,,,,,813837614,81383761400029,43.21A,,,,,,,,,,,sirene,
GEN D ELEC NORD DITE GEDELEC NORD,,,a contacter,,,,,,,,,,,,reseaux,,TOURCOING,,59,,,,,,,,,,,,,,,,,,,,,,,,,,,,,,,484808704,48480870400023,43.21A,,,,,,,,,,,sirene,
GENELEC,,,a contacter,,,,,,,,,,,,reseaux,,GENILAC,,42,,,,,,,,,,,,,,,,,,,,,,,,,,,,,,,400035937,40003593700020,43.21A,,,,,,,,,,,sirene,
GENELEC,,,a contacter,,,,,,,,,,,,reseaux,,MONTIVILLIERS,,76,,,,,,,,,,,,,,,,,,,,,,,,,,,,,,,410696363,41069636300028,43.21A,,,,,,,,,,,sirene,
GENEOS ENERGIES,,,a contacter,,,,,,,,,,,,reseaux,,VOULTON,,77,,,,,,,,,,,,,,,,,,,,,,,,,,,,,,,914397641,91439764100020,61.20Z,,,,,,,,,,,sirene,
GENERAL CABLE,,,a contacter,,,,,,,,,,,,reseaux,,SAINT-JEAN-DE-BRAYE,,45,,,,,,,,,,,,,,,,,,,,,,,,,,,,,,,848502498,84850249800027,43.21A,,,,,,,,,,,sirene,
GENERAL EQUIPEMENT ELECTRIQUE INDUSTRIEL,,,a contacter,,,,,,,,,,,,reseaux,,VIF,,38,,,,,,,,,,,,,,,,,,,,,,,,,,,,,,,395206592,39520659200036,43.21A,,,,,,,,,,,sirene,
GENERAL RESEAU ELECTRICITE INFORMATIQUE,,,a contacter,,,,,,,,,,,,reseaux,,MONTREUIL,,93,,,,,,,,,,,,,,,,,,,,,,,,,,,,,,,535406706,53540670600015,43.21A,,,,,,,,,,,sirene,
GENERAL TRANSMISSION,,,a contacter,,,,,,,,,,,,reseaux,,CALUIRE-ET-CUIRE,,69,,,,,,,,,,,,,,,,,,,,,,,,,,,,,,,338256357,33825635700041,61.90Z,,,,,,,,,,,sirene,
GENERALE D'ELECTRICITE,,,a contacter,,,,,,,,,,,,reseaux,,EPONE,,78,,,,,,,,,,,,,,,,,,,,,,,,,,,,,,,814636718,81463671800011,43.21A,,,,,,,,,,,sirene,
GENERALE ELECTRIQUE SAS,,,a contacter,,,,,,,,,,,,reseaux,,THIAIS,,94,,,,,,,,,,,,,,,,,,,,,,,,,,,,,,,353876485,35387648500031,43.21A,,,,,,,,,,,sirene,
GENERALE ELECTRIQUE WINGLOISE,,,a contacter,,,,,,,,,,,,reseaux,,WINGLES,,62,,,,,,,,,,,,,,,,,,,,,,,,,,,,,,,339557456,33955745600011,43.21A,,,,,,,,,,,sirene,
GENERATION VERTE,,,a contacter,,,,,,,,,,,,reseaux,,SARCELLES,,95,,,,,,,,,,,,,,,,,,,,,,,,,,,,,,,793988361,79398836100077,43.21A,,,,,,,,,,,sirene,
GENESIUS CONSTRUCTION ET RESEAUX,,,a contacter,,,,,,,,,,,,reseaux,,NICE,,06,,,,,,,,,,,,,,,,,,,,,,,,,,,,,,,812078574,81207857400017,42.22Z,,,,,,,,,,,sirene,
GENI AND FIBRE,,,a contacter,,,,,,,,,,,,reseaux,,LE MALESHERBOIS,,45,,,,,,,,,,,,,,,,,,,,,,,,,,,,,,,840104525,84010452500018,43.21A,,,,,,,,,,,sirene,
GENIE ELEC MIDI PYRENEES,,,a contacter,,,,,,,,,,,,reseaux,,LIAS,,32,,,,,,,,,,,,,,,,,,,,,,,,,,,,,,,819408352,81940835200014,43.21A,,,,,,,,,,,sirene,
GENIE ELECTRIQUE OCEAN INDIEN GEOI,,,a contacter,,,,,,,,,,,,reseaux,,SAINT-PAUL,,974,,,,,,,,,,,,,,,,,,,,,,,,,,,,,,,852820414,85282041400039,43.21A,,,,,,,,,,,sirene,
GENIE ELECTRIQUE SERVICE,,,a contacter,,,,,,,,,,,,reseaux,,PEAUGRES,,07,,,,,,,,,,,,,,,,,,,,,,,,,,,,,,,791687858,79168785800021,43.21A,,,,,,,,,,,sirene,
GENIFIBRES,,,a contacter,,,,,,,,,,,,reseaux,,VILLENEUVE-LA-GARENNE,,92,,,,,,,,,,,,,,,,,,,,,,,,,,,,,,,803017235,80301723500034,43.21A,,,,,,,,,,,sirene,
GENTILETTI,,,a contacter,,,,,,,,,,,,reseaux,,AUBAGNE,,13,,,,,,,,,,,,,,,,,,,,,,,,,,,,,,,073801979,07380197900029,43.21A,,,,,,,,,,,sirene,
GEOTECH,,,a contacter,,,,,,,,,,,,reseaux,,GEISPOLSHEIM,,67,,,,,,,,,,,,,,,,,,,,,,,,,,,,,,,508561693,50856169300047,43.21A,,,,,,,,,,,sirene,
GEP ELECTRICITE,,,a contacter,,,,,,,,,,,,reseaux,,BELBEUF,,76,,,,,,,,,,,,,,,,,,,,,,,,,,,,,,,380113662,38011366200023,43.21A,,,,,,,,,,,sirene,
GEPELEC,,,a contacter,,,,,,,,,,,,reseaux,,SAINT-QUENTIN,,02,,,,,,,,,,,,,,,,,,,,,,,,,,,,,,,399652437,39965243700027,43.21B,,,,,,,,,,,sirene,
GEPELEC,,,a contacter,,,,,,,,,,,,reseaux,,ANCEMONT,,55,,,,,,,,,,,,,,,,,,,,,,,,,,,,,,,420207839,42020783900036,43.21B,,,,,,,,,,,sirene,
GERARDIN CONNECTEUR D'ENERGIES,,,a contacter,,,,,,,,,,,,reseaux,,LANEUVEVILLE-DEVANT-NANCY,,54,,,,,,,,,,,,,,,,,,,,,,,,,,,,,,,305934069,30593406900058,43.21A,,,,,,,,,,,sirene,
GERBAULT PASCAL,,,a contacter,,,,,,,,,,,,reseaux,,PRIX-LES-MEZIERES,,08,,,,,,,,,,,,,,,,,,,,,,,,,,,,,,,491002986,49100298600017,43.21A,,,,,,,,,,,sirene,
GERBEC ELECTRICITE GENERALE,,,a contacter,,,,,,,,,,,,reseaux,,MAZERES,,33,,,,,,,,,,,,,,,,,,,,,,,,,,,,,,,533326732,53332673200021,43.21A,,,,,,,,,,,sirene,
GEREL,,,a contacter,,,,,,,,,,,,reseaux,,LUZARCHES,,95,,,,,,,,,,,,,,,,,,,,,,,,,,,,,,,310270814,31027081400026,43.21A,,,,,,,,,,,sirene,
GERGAUD INDUSTRIE,,,a contacter,,,,,,,,,,,,reseaux,,REDON,,35,,,,,,,,,,,,,,,,,,,,,,,,,,,,,,,507387801,50738780100016,43.21A,,,,,,,,,,,sirene,
GESTION FACILITEE DES EQUIPEMENTS ELECTRIQUES ENERGETIQUES GF3E,,,a contacter,,,,,,,,,,,,reseaux,,CLERMONT-FERRAND,,63,,,,,,,,,,,,,,,,,,,,,,,,,,,,,,,452497860,45249786000034,43.21A,,,,,,,,,,,sirene,
GETELEC GUADELOUPE,,,a contacter,,,,,,,,,,,,reseaux,,BAILLIF,,971,,,,,,,,,,,,,,,,,,,,,,,,,,,,,,,391573276,39157327600014,42.22Z,,,,,,,,,,,sirene,
GETELEC GUYANE,,,a contacter,,,,,,,,,,,,reseaux,,CAYENNE,,973,,,,,,,,,,,,,,,,,,,,,,,,,,,,,,,390870095,39087009500010,42.22Z,,,,,,,,,,,sirene,
GETELEC MARTINIQUE,,,a contacter,,,,,,,,,,,,reseaux,,LE LAMENTIN,,972,,,,,,,,,,,,,,,,,,,,,,,,,,,,,,,390448132,39044813200014,43.21B,,,,,,,,,,,sirene,
GEVELEC,,,a contacter,,,,,,,,,,,,reseaux,,DUCOS,,972,,,,,,,,,,,,,,,,,,,,,,,,,,,,,,,504039538,50403953800013,43.21A,,,,,,,,,,,sirene,
GH SOLUTIONS,,,a contacter,,,,,,,,,,,,reseaux,,BONNEUIL-SUR-MARNE,,94,,,,,,,,,,,,,,,,,,,,,,,,,,,,,,,819230475,81923047500041,61.10Z,,,,,,,,,,,sirene,
GIANELLI JEAN PIERRE,,,a contacter,,,,,,,,,,,,reseaux,,SIX-FOURS-LES-PLAGES,,83,,,,,,,,,,,,,,,,,,,,,,,,,,,,,,,447777525,44777752500026,43.21A,,,,,,,,,,,sirene,
GIL TRAVAUX PUBLICS,,,a contacter,,,,,,,,,,,,reseaux,,ISTRES,,13,,,,,,,,,,,,,,,,,,,,,,,,,,,,,,,636880130,63688013000027,42.21Z,,,,,,,,,,,sirene,
GILLOOTS,,,a contacter,,,,,,,,,,,,reseaux,,EGREVILLE,,77,,,,,,,,,,,,,,,,,,,,,,,,,,,,,,,400646444,40064644400010,43.21A,,,,,,,,,,,sirene,
GINESTE,,,a contacter,,,,,,,,,,,,reseaux,,CASSAGNES-BEGONHES,,12,,,,,,,,,,,,,,,,,,,,,,,,,,,,,,,332075670,33207567000023,42.21Z,,,,,,,,,,,sirene,
GIORGI,,,a contacter,,,,,,,,,,,,reseaux,,CAVAILLON,,84,,,,,,,,,,,,,,,,,,,,,,,,,,,,,,,349260653,34926065300028,42.22Z,,,,,,,,,,,sirene,
GIRARD GILLES,,,a contacter,,,,,,,,,,,,reseaux,,TIGERY,,91,,,,,,,,,,,,,,,,,,,,,,,,,,,,,,,492747092,49274709200020,43.21A,,,,,,,,,,,sirene,
GIRAUDON ET ASSOCIES,,,a contacter,,,,,,,,,,,,reseaux,,VILLENEUVE-LOUBET,,06,,,,,,,,,,,,,,,,,,,,,,,,,,,,,,,480919471,48091947100015,43.21A,,,,,,,,,,,sirene,
GIREL,,,a contacter,,,,,,,,,,,,reseaux,,LE HAILLAN,,33,,,,,,,,,,,,,,,,,,,,,,,,,,,,,,,799075791,79907579100019,43.21A,,,,,,,,,,,sirene,
GLATCHI CONSTRUCTION,,,a contacter,,,,,,,,,,,,reseaux,,SAVIGNY-SUR-ORGE,,91,,,,,,,,,,,,,,,,,,,,,,,,,,,,,,,538841313,53884131300017,43.21A,,,,,,,,,,,sirene,
GLOBAL COM,,,a contacter,,,,,,,,,,,,reseaux,,BOULOGNE-BILLANCOURT,,92,,,,,,,,,,,,,,,,,,,,,,,,,,,,,,,887846327,88784632700013,42.22Z,,,,,,,,,,,sirene,
GLOBAL ELECTRONIC,,,a contacter,,,,,,,,,,,,reseaux,,LE CANNET,,06,,,,,,,,,,,,,,,,,,,,,,,,,,,,,,,445065568,44506556800013,43.21A,,,,,,,,,,,sirene,
GLOBAL ENERGIE,,,a contacter,,,,,,,,,,,,reseaux,,MONTREUIL,,93,,,,,,,,,,,,,,,,,,,,,,,,,,,,,,,949789077,94978907700011,43.21A,,,,,,,,,,,sirene,
GLOBAL NETWORKS,,,a contacter,,,,,,,,,,,,reseaux,,VILLENEUVE-LA-GARENNE,,92,,,,,,,,,,,,,,,,,,,,,,,,,,,,,,,523555902,52355590200031,61.10Z,,,,,,,,,,,sirene,
GLOBAL TELECOM SERVICES,,,a contacter,,,,,,,,,,,,reseaux,,MEYZIEU,,69,,,,,,,,,,,,,,,,,,,,,,,,,,,,,,,812427284,81242728400052,61.90Z,,,,,,,,,,,sirene,
GLOBECAST FRANCE,,,a contacter,,,,,,,,,,,,reseaux,,ISSY-LES-MOULINEAUX,,92,,,,,,,,,,,,,,,,,,,,,,,,,,,,,,,440186740,44018674000096,61.90Z,,,,,,,,,,,sirene,
GM TELECOM,,,a contacter,,,,,,,,,,,,reseaux,,CARPENTRAS,,84,,,,,,,,,,,,,,,,,,,,,,,,,,,,,,,821055308,82105530800018,42.22Z,,,,,,,,,,,sirene,
GNF FTTH,,,a contacter,,,,,,,,,,,,reseaux,,LIMOGES,,87,,,,,,,,,,,,,,,,,,,,,,,,,,,,,,,904324134,90432413400017,43.21A,,,,,,,,,,,sirene,
GOBIN OLLA,,,a contacter,,,,,,,,,,,,reseaux,,HEILLECOURT,,54,,,,,,,,,,,,,,,,,,,,,,,,,,,,,,,797574548,79757454800039,43.21A,,,,,,,,,,,sirene,
GOLDY'S,,,a contacter,,,,,,,,,,,,reseaux,,BOURGES,,18,,,,,,,,,,,,,,,,,,,,,,,,,,,,,,,392646915,39264691500117,43.21A,,,,,,,,,,,sirene,
GOMES ELEC,,,a contacter,,,,,,,,,,,,reseaux,,LE VAL D'HAZEY,,27,,,,,,,,,,,,,,,,,,,,,,,,,,,,,,,841352776,84135277600022,43.21A,,,,,,,,,,,sirene,
GOMEZ ELECTRICITE,,,a contacter,,,,,,,,,,,,reseaux,,TOURNEFEUILLE,,31,,,,,,,,,,,,,,,,,,,,,,,,,,,,,,,419377080,41937708000017,43.21A,,,,,,,,,,,sirene,
GOMILLE,,,a contacter,,,,,,,,,,,,reseaux,,LORMONT,,33,,,,,,,,,,,,,,,,,,,,,,,,,,,,,,,914557889,91455788900021,61.10Z,,,,,,,,,,,sirene,
GONDAL,,,a contacter,,,,,,,,,,,,reseaux,,ARGENTEUIL,,95,,,,,,,,,,,,,,,,,,,,,,,,,,,,,,,837631712,83763171200028,43.21A,,,,,,,,,,,sirene,
GONET PERRUT ELECTRICITE,,,a contacter,,,,,,,,,,,,reseaux,,VILLEFRANCHE-SUR-SAONE,,69,,,,,,,,,,,,,,,,,,,,,,,,,,,,,,,312169055,31216905500034,43.21A,,,,,,,,,,,sirene,
GOOD ONE,,,a contacter,,,,,,,,,,,,reseaux,,GERTWILLER,,67,,,,,,,,,,,,,,,,,,,,,,,,,,,,,,,840706535,84070653500027,43.21A,,,,,,,,,,,sirene,
GOSSIAUX FRERES,,,a contacter,,,,,,,,,,,,reseaux,,ROSIERES PRES TROYES,,10,,,,,,,,,,,,,,,,,,,,,,,,,,,,,,,326418498,32641849800035,42.21Z,,,,,,,,,,,sirene,
GOUGET SAUVAGE ELECTRICITE,,,a contacter,,,,,,,,,,,,reseaux,,MONTIGNY-LES-CORMEILLES,,95,,,,,,,,,,,,,,,,,,,,,,,,,,,,,,,383989035,38398903500035,43.21A,,,,,,,,,,,sirene,
GOUNOT,,,a contacter,,,,,,,,,,,,reseaux,,BOISSY-SAINT-LEGER,,94,,,,,,,,,,,,,,,,,,,,,,,,,,,,,,,393453030,39345303000040,43.21A,,,,,,,,,,,sirene,
GOURET,,,a contacter,,,,,,,,,,,,reseaux,,LE CELLIER,,44,,,,,,,,,,,,,,,,,,,,,,,,,,,,,,,319673141,31967314100010,43.21A,,,,,,,,,,,sirene,
GPE ENERGIES ET SERVICES,,,a contacter,,,,,,,,,,,,reseaux,,VITROLLES,,13,,,,,,,,,,,,,,,,,,,,,,,,,,,,,,,947903829,94790382900028,43.21A,,,,,,,,,,,sirene,
GRADICOM,,,a contacter,,,,,,,,,,,,reseaux,,GRADIGNAN,,33,,,,,,,,,,,,,,,,,,,,,,,,,,,,,,,483721429,48372142900015,61.90Z,,,,,,,,,,,sirene,
GRAMAGLIA,,,a contacter,,,,,,,,,,,,reseaux,,MONTAUBAN,,82,,,,,,,,,,,,,,,,,,,,,,,,,,,,,,,822234712,82223471200021,43.21A,,,,,,,,,,,sirene,
GRAMARI,,,a contacter,,,,,,,,,,,,reseaux,,LACHASSAGNE,,69,,,,,,,,,,,,,,,,,,,,,,,,,,,,,,,301166179,30116617900137,42.22Z,,,,,,,,,,,sirene,
GRAND,,,a contacter,,,,,,,,,,,,reseaux,,SAINT-APOLLINAIRE,,21,,,,,,,,,,,,,,,,,,,,,,,,,,,,,,,333997781,33399778100021,43.21A,,,,,,,,,,,sirene,
GRANDS DRAGAGES DU CENTRE - ENTREPRISES,,,a contacter,,,,,,,,,,,,reseaux,,ABREST,,03,,,,,,,,,,,,,,,,,,,,,,,,,,,,,,,404204026,40420402600011,42.21Z,,,,,,,,,,,sirene,
GRANDS TRAVAUX DE L ORGE,,,a contacter,,,,,,,,,,,,reseaux,,SAINT-MICHEL-SUR-ORGE,,91,,,,,,,,,,,,,,,,,,,,,,,,,,,,,,,394868277,39486827700028,42.21Z,,,,,,,,,,,sirene,
GRANDS TRAVAUX ELECTRIQUES ENTREPRISES - GTE ENTREPRISES,,,a contacter,,,,,,,,,,,,reseaux,,LA COMTE,,62,,,,,,,,,,,,,,,,,,,,,,,,,,,,,,,749955464,74995546400039,43.21A,,,,,,,,,,,sirene,
GRANDS TRAVAUX INDUSTRIELS,,,a contacter,,,,,,,,,,,,reseaux,,LAPUGNOY,,62,,,,,,,,,,,,,,,,,,,,,,,,,,,,,,,305812695,30581269500057,43.21A,,,,,,,,,,,sirene,
GRANDS TRAVAUX PUBLICS,,,a contacter,,,,,,,,,,,,reseaux,,BAIE-MAHAULT,,971,,,,,,,,,,,,,,,,,,,,,,,,,,,,,,,514506922,51450692200020,43.21B,,,,,,,,,,,sirene,
GRANIOU AZUR,,,a contacter,,,,,,,,,,,,reseaux,,VITROLLES,,13,,,,,,,,,,,,,,,,,,,,,,,,,,,,,,,421209354,42120935400149,42.22Z,,,,,,,,,,,sirene,
GRANIOU CARAIBES SAS,,,a contacter,,,,,,,,,,,,reseaux,,PETIT-BOURG,,971,,,,,,,,,,,,,,,,,,,,,,,,,,,,,,,428802706,42880270600021,43.21A,,,,,,,,,,,sirene,
GRANIOU IDF,,,a contacter,,,,,,,,,,,,reseaux,,MASSY,,91,,,,,,,,,,,,,,,,,,,,,,,,,,,,,,,410219497,41021949700089,42.22Z,,,,,,,,,,,sirene,
GRANIOU OCEAN INDIEN,,,a contacter,,,,,,,,,,,,reseaux,,SAINTE-MARIE,,974,,,,,,,,,,,,,,,,,,,,,,,,,,,,,,,432093292,43209329200030,42.22Z,,,,,,,,,,,sirene,
GRANIOU SOLUTIONS INDUSTRIELLES,,,a contacter,,,,,,,,,,,,reseaux,,VALBONNE,,06,,,,,,,,,,,,,,,,,,,,,,,,,,,,,,,878790732,87879073200035,43.21A,,,,,,,,,,,sirene,
GREEN LION,,,a contacter,,,,,,,,,,,,reseaux,,HERBLAY-SUR-SEINE,,95,,,,,,,,,,,,,,,,,,,,,,,,,,,,,,,832538474,83253847400020,61.90Z,,,,,,,,,,,sirene,
GREEN PRO ELEC,,,a contacter,,,,,,,,,,,,reseaux,,VILLARD-BONNOT,,38,,,,,,,,,,,,,,,,,,,,,,,,,,,,,,,840401509,84040150900012,43.21A,,,,,,,,,,,sirene,
GREENENERGY,,,a contacter,,,,,,,,,,,,reseaux,,DEYME,,31,,,,,,,,,,,,,,,,,,,,,,,,,,,,,,,823870159,82387015900030,43.21A,,,,,,,,,,,sirene,
GREENENERGY NORD,,,a contacter,,,,,,,,,,,,reseaux,,SAINT-LUBIN-DES-JONCHERETS,,28,,,,,,,,,,,,,,,,,,,,,,,,,,,,,,,918946989,91894698900020,43.21A,,,,,,,,,,,sirene,
GREMLING TP,,,a contacter,,,,,,,,,,,,reseaux,,THIONVILLE,,57,,,,,,,,,,,,,,,,,,,,,,,,,,,,,,,408569853,40856985300059,42.21Z,,,,,,,,,,,sirene,
GRENOT HTI,,,a contacter,,,,,,,,,,,,reseaux,,CHANAS,,38,,,,,,,,,,,,,,,,,,,,,,,,,,,,,,,808017792,80801779200025,43.21A,,,,,,,,,,,sirene,
GRID NETWORK,,,a contacter,,,,,,,,,,,,reseaux,,VENDIN-LE-VIEIL,,62,,,,,,,,,,,,,,,,,,,,,,,,,,,,,,,891042533,89104253300028,42.22Z,,,,,,,,,,,sirene,
GRIDIS,,,a contacter,,,,,,,,,,,,reseaux,,PARIS,,75,,,,,,,,,,,,,,,,,,,,,,,,,,,,,,,913771309,91377130900022,43.21A,,,,,,,,,,,sirene,
GROUP ELEC,,,a contacter,,,,,,,,,,,,reseaux,,SAINT-ANDRE,,974,,,,,,,,,,,,,,,,,,,,,,,,,,,,,,,798763074,79876307400027,43.21A,,,,,,,,,,,sirene,
GROUPE AE ENERGIE,,,a contacter,,,,,,,,,,,,reseaux,,PIA,,66,,,,,,,,,,,,,,,,,,,,,,,,,,,,,,,877705079,87770507900029,43.21A,,,,,,,,,,,sirene,
GROUPE ALQUENRY,,,a contacter,,,,,,,,,,,,reseaux,,LE MANS,,72,,,,,,,,,,,,,,,,,,,,,,,,,,,,,,,338978000,33897800000135,43.21A,,,,,,,,,,,sirene,
GROUPE APB,,,a contacter,,,,,,,,,,,,reseaux,,IVRY-SUR-SEINE,,94,,,,,,,,,,,,,,,,,,,,,,,,,,,,,,,852838291,85283829100049,43.21A,,,,,,,,,,,sirene,
GROUPE BATISO,,,a contacter,,,,,,,,,,,,reseaux,,PARIS,,75,,,,,,,,,,,,,,,,,,,,,,,,,,,,,,,812735686,81273568600055,43.21A,,,,,,,,,,,sirene,
GROUPE ELS,,,a contacter,,,,,,,,,,,,reseaux,,MAISONS-ALFORT,,94,,,,,,,,,,,,,,,,,,,,,,,,,,,,,,,822706529,82270652900028,43.21A,,,,,,,,,,,sirene,
GROUPE HER.ENR,,,a contacter,,,,,,,,,,,,reseaux,,MONTAUBAN,,82,,,,,,,,,,,,,,,,,,,,,,,,,,,,,,,851566455,85156645500057,43.21A,,,,,,,,,,,sirene,
GROUPE ITM,,,a contacter,,,,,,,,,,,,reseaux,,PANTIN,,93,,,,,,,,,,,,,,,,,,,,,,,,,,,,,,,572202216,57220221600030,43.21A,,,,,,,,,,,sirene,
GROUPE LEADER FIBRE,,,a contacter,,,,,,,,,,,,reseaux,,CREIL,,60,,,,,,,,,,,,,,,,,,,,,,,,,,,,,,,890843659,89084365900016,61.10Z,,,,,,,,,,,sirene,
GROUPE MARAIS,,,a contacter,,,,,,,,,,,,reseaux,,DURTAL,,49,,,,,,,,,,,,,,,,,,,,,,,,,,,,,,,391233442,39123344200022,42.22Z,,,,,,,,,,,sirene,
GROUPE SDE,,,a contacter,,,,,,,,,,,,reseaux,,GELLAINVILLE,,28,,,,,,,,,,,,,,,,,,,,,,,,,,,,,,,334224706,33422470600039,43.21A,,,,,,,,,,,sirene,
GROUPE SNEF,,,a contacter,,,,,,,,,,,,reseaux,,MARSEILLE 2,,13,,,,,,,,,,,,,,,,,,,,,,,,,,,,,,,892165994,89216599400021,43.21A,,,,,,,,,,,sirene,
GROUPE SOBEL,,,a contacter,,,,,,,,,,,,reseaux,,CASTELNAUDARY,,11,,,,,,,,,,,,,,,,,,,,,,,,,,,,,,,434133690,43413369000066,43.21A,,,,,,,,,,,sirene,
GROUPE SRT,,,a contacter,,,,,,,,,,,,reseaux,,MARSEILLE,,13,,,,,,,,,,,,,,,,,,,,,,,,,,,,,,,834245706,83424570600033,43.21A,,,,,,,,,,,sirene,
GROUPE TELECOMS DE L OUEST,,,a contacter,,,,,,,,,,,,reseaux,,PERIGNY,,17,,,,,,,,,,,,,,,,,,,,,,,,,,,,,,,480892868,48089286800088,61.10Z,,,,,,,,,,,sirene,
GROUPE THYM BUSINESS,,,a contacter,,,,,,,,,,,,reseaux,,VENISSIEUX,,69,,,,,,,,,,,,,,,,,,,,,,,,,,,,,,,532117058,53211705800026,61.90Z,,,,,,,,,,,sirene,
GROUPE VIDEOCOM,,,a contacter,,,,,,,,,,,,reseaux,,THONON-LES-BAINS,,74,,,,,,,,,,,,,,,,,,,,,,,,,,,,,,,340343623,34034362300054,43.21A,,,,,,,,,,,sirene,
GROUPEMENT ELECTRIQUE FORCE TRAVAUX PUBLICS,,,a contacter,,,,,,,,,,,,reseaux,,CHATILLON-SUR-THOUET,,79,,,,,,,,,,,,,,,,,,,,,,,,,,,,,,,353153810,35315381000026,42.22Z,,,,,,,,,,,sirene,
GRP-ELEC,,,a contacter,,,,,,,,,,,,reseaux,,BIOL,,38,,,,,,,,,,,,,,,,,,,,,,,,,,,,,,,482159407,48215940700022,43.21A,,,,,,,,,,,sirene,
GS2E - GLOBAL SERVICES EQUIPEMENT ELECTRIQUE,,,a contacter,,,,,,,,,,,,reseaux,,AULNAY-SOUS-BOIS,,93,,,,,,,,,,,,,,,,,,,,,,,,,,,,,,,520563602,52056360200025,43.21A,,,,,,,,,,,sirene,
GSET CONSULTING,,,a contacter,,,,,,,,,,,,reseaux,,,,,,,,,,,,,,,,,,,,,,,,,,,,,,,,,,,882370687,88237068700015,43.21A,,,,,,,,,,,sirene,
GSN RENOV HABITAT,,,a contacter,,,,,,,,,,,,reseaux,,VENDIN-LE-VIEIL,,62,,,,,,,,,,,,,,,,,,,,,,,,,,,,,,,804863322,80486332200033,43.21A,,,,,,,,,,,sirene,
GT CANALISATIONS,,,a contacter,,,,,,,,,,,,reseaux,,ARNAGE,,72,,,,,,,,,,,,,,,,,,,,,,,,,,,,,,,415127273,41512727300019,42.21Z,,,,,,,,,,,sirene,
GTCA,,,a contacter,,,,,,,,,,,,reseaux,,ARGENTAN,,61,,,,,,,,,,,,,,,,,,,,,,,,,,,,,,,443975545,44397554500049,42.22Z,,,,,,,,,,,sirene,
GTEC NORMANDIE,,,a contacter,,,,,,,,,,,,reseaux,,SOUMONT-SAINT-QUENTIN,,14,,,,,,,,,,,,,,,,,,,,,,,,,,,,,,,841314644,84131464400029,43.21A,,,,,,,,,,,sirene,
GTIE ACE,,,a contacter,,,,,,,,,,,,reseaux,,CESSON-SEVIGNE,,35,,,,,,,,,,,,,,,,,,,,,,,,,,,,,,,414751271,41475127100043,43.21A,,,,,,,,,,,sirene,
GTIE AMIENS,,,a contacter,,,,,,,,,,,,reseaux,,AMIENS,,80,,,,,,,,,,,,,,,,,,,,,,,,,,,,,,,414790113,41479011300016,43.21A,,,,,,,,,,,sirene,
GTIE ARMORIQUE,,,a contacter,,,,,,,,,,,,reseaux,,GUIPAVAS,,29,,,,,,,,,,,,,,,,,,,,,,,,,,,,,,,414719195,41471919500011,42.22Z,,,,,,,,,,,sirene,
GTIE CAP INFRAS,,,a contacter,,,,,,,,,,,,reseaux,,CHATEAU-THIERRY,,02,,,,,,,,,,,,,,,,,,,,,,,,,,,,,,,414688879,41468887900025,42.22Z,,,,,,,,,,,sirene,
GTIE ENERGIE,,,a contacter,,,,,,,,,,,,reseaux,,MILLERY,,54,,,,,,,,,,,,,,,,,,,,,,,,,,,,,,,450989934,45098993400051,43.21A,,,,,,,,,,,sirene,
GTIE EXPO,,,a contacter,,,,,,,,,,,,reseaux,,GENNEVILLIERS,,92,,,,,,,,,,,,,,,,,,,,,,,,,,,,,,,443977608,44397760800068,43.21A,,,,,,,,,,,sirene,
GTIE INDUSTRIE,,,a contacter,,,,,,,,,,,,reseaux,,POISSY,,78,,,,,,,,,,,,,,,,,,,,,,,,,,,,,,,523889236,52388923600023,43.21A,,,,,,,,,,,sirene,
GTIE INFI,,,a contacter,,,,,,,,,,,,reseaux,,NANTERRE,,92,,,,,,,,,,,,,,,,,,,,,,,,,,,,,,,443975669,44397566900112,43.21A,,,,,,,,,,,sirene,
GTIE LORRAINE,,,a contacter,,,,,,,,,,,,reseaux,,METZ,,57,,,,,,,,,,,,,,,,,,,,,,,,,,,,,,,414837435,41483743500026,43.21A,,,,,,,,,,,sirene,
GTIE OISE,,,a contacter,,,,,,,,,,,,reseaux,,VERNEUIL-EN-HALATTE,,60,,,,,,,,,,,,,,,,,,,,,,,,,,,,,,,414718908,41471890800034,43.21A,,,,,,,,,,,sirene,
GTIE PAS-DE-CALAIS,,,a contacter,,,,,,,,,,,,reseaux,,SAINT-MARTIN-BOULOGNE,,62,,,,,,,,,,,,,,,,,,,,,,,,,,,,,,,414829259,41482925900061,43.21A,,,,,,,,,,,sirene,
GTIE PROVENCE,,,a contacter,,,,,,,,,,,,reseaux,,VITROLLES,,13,,,,,,,,,,,,,,,,,,,,,,,,,,,,,,,414760108,41476010800020,43.21A,,,,,,,,,,,sirene,
GTIE RENNES,,,a contacter,,,,,,,,,,,,reseaux,,BRUZ,,35,,,,,,,,,,,,,,,,,,,,,,,,,,,,,,,443975933,44397593300039,43.21A,,,,,,,,,,,sirene,
GTIE SYNERTEC,,,a contacter,,,,,,,,,,,,reseaux,,GOUESNOU,,29,,,,,,,,,,,,,,,,,,,,,,,,,,,,,,,414730275,41473027500016,43.21A,,,,,,,,,,,sirene,
GTIE TELECOMS,,,a contacter,,,,,,,,,,,,reseaux,,PALAISEAU,,91,,,,,,,,,,,,,,,,,,,,,,,,,,,,,,,444219810,44421981000165,43.21A,,,,,,,,,,,sirene,
GTIE TERTIAIRE,,,a contacter,,,,,,,,,,,,reseaux,,CHAMPLAN,,91,,,,,,,,,,,,,,,,,,,,,,,,,,,,,,,443971791,44397179100035,43.21A,,,,,,,,,,,sirene,
GTK RESEAUX,,,a contacter,,,,,,,,,,,,reseaux,,MARSEILLE,,13,,,,,,,,,,,,,,,,,,,,,,,,,,,,,,,879661114,87966111400022,43.21A,,,,,,,,,,,sirene,
GTP GIRASE TRAVAUX PUBLICS,,,a contacter,,,,,,,,,,,,reseaux,,SAINT-GILLES-CROIX-DE-VIE,,85,,,,,,,,,,,,,,,,,,,,,,,,,,,,,,,324096288,32409628800026,42.21Z,,,,,,,,,,,sirene,
GTT COMMUNICATIONS FRANCE SAS,,,a contacter,,,,,,,,,,,,reseaux,,PUTEAUX,,92,,,,,,,,,,,,,,,,,,,,,,,,,,,,,,,402335137,40233513700079,61.10Z,,,,,,,,,,,sirene,
GUARDIAN ALARM,,,a contacter,,,,,,,,,,,,reseaux,,CHAMBRAY-LES-TOURS,,37,,,,,,,,,,,,,,,,,,,,,,,,,,,,,,,378752521,37875252100047,43.21A,,,,,,,,,,,sirene,
GUERIN ELECTRICITE PLOMBERIE,,,a contacter,,,,,,,,,,,,reseaux,,ECOYEUX,,17,,,,,,,,,,,,,,,,,,,,,,,,,,,,,,,538460510,53846051000018,43.21A,,,,,,,,,,,sirene,
GUERIN ET FILS,,,a contacter,,,,,,,,,,,,reseaux,,NORT-SUR-ERDRE,,44,,,,,,,,,,,,,,,,,,,,,,,,,,,,,,,413028697,41302869700014,43.21A,,,,,,,,,,,sirene,
GUERRY VAL'ELECT,,,a contacter,,,,,,,,,,,,reseaux,,VALLET,,44,,,,,,,,,,,,,,,,,,,,,,,,,,,,,,,422095729,42209572900048,43.21A,,,,,,,,,,,sirene,
GUICHARD ET FILS,,,a contacter,,,,,,,,,,,,reseaux,,THIVIERS,,24,,,,,,,,,,,,,,,,,,,,,,,,,,,,,,,339861106,33986110600021,42.22Z,,,,,,,,,,,sirene,
GUILBAUD,,,a contacter,,,,,,,,,,,,reseaux,,PERIGNY,,17,,,,,,,,,,,,,,,,,,,,,,,,,,,,,,,311294862,31129486200033,43.21B,,,,,,,,,,,sirene,
GUILLO PATRICK,,,a contacter,,,,,,,,,,,,reseaux,,SENE,,56,,,,,,,,,,,,,,,,,,,,,,,,,,,,,,,484334107,48433410700022,43.21A,,,,,,,,,,,sirene,
GUINIER EFFICIUM EDIFICE,,,a contacter,,,,,,,,,,,,reseaux,,ALFORTVILLE,,94,,,,,,,,,,,,,,,,,,,,,,,,,,,,,,,840996813,84099681300027,43.21A,,,,,,,,,,,sirene,
GUINIER GENIE ELECTRIQUE,,,a contacter,,,,,,,,,,,,reseaux,,ALFORTVILLE,,94,,,,,,,,,,,,,,,,,,,,,,,,,,,,,,,334851755,33485175500051,43.21A,,,,,,,,,,,sirene,
GUY CANNARD,,,a contacter,,,,,,,,,,,,reseaux,,LOUHANS,,71,,,,,,,,,,,,,,,,,,,,,,,,,,,,,,,351328992,35132899200018,43.21A,,,,,,,,,,,sirene,
GUYANE RESEAU & CIE,,,a contacter,,,,,,,,,,,,reseaux,,CAYENNE,,973,,,,,,,,,,,,,,,,,,,,,,,,,,,,,,,518947346,51894734600038,42.21Z,,,,,,,,,,,sirene,
GUYARD VENISSE,,,a contacter,,,,,,,,,,,,reseaux,,VAUX-LE-PENIL,,77,,,,,,,,,,,,,,,,,,,,,,,,,,,,,,,327492559,32749255900031,43.21A,,,,,,,,,,,sirene,
GUYART ELECTRICITE,,,a contacter,,,,,,,,,,,,reseaux,,SOIGNOLLES-EN-BRIE,,77,,,,,,,,,,,,,,,,,,,,,,,,,,,,,,,530012087,53001208700033,43.21A,,,,,,,,,,,sirene,
GUYENNE EQUIPEMENT ELECTRIQUE,,,a contacter,,,,,,,,,,,,reseaux,,MERIGNAC,,33,,,,,,,,,,,,,,,,,,,,,,,,,,,,,,,808603179,80860317900017,43.21A,,,,,,,,,,,sirene,
GVB,,,a contacter,,,,,,,,,,,,reseaux,,FREJUS,,83,,,,,,,,,,,,,,,,,,,,,,,,,,,,,,,823654397,82365439700038,43.21A,,,,,,,,,,,sirene,
GYRARD ELEC,,,a contacter,,,,,,,,,,,,reseaux,,GENNEVILLIERS,,92,,,,,,,,,,,,,,,,,,,,,,,,,,,,,,,348597733,34859773300073,43.21A,,,,,,,,,,,sirene,
H 2E T,,,a contacter,,,,,,,,,,,,reseaux,,GUEMPS,,62,,,,,,,,,,,,,,,,,,,,,,,,,,,,,,,537826398,53782639800019,43.21A,,,,,,,,,,,sirene,
H ELECOM,,,a contacter,,,,,,,,,,,,reseaux,,COURNON-D'AUVERGNE,,63,,,,,,,,,,,,,,,,,,,,,,,,,,,,,,,525352159,52535215900038,43.21A,,,,,,,,,,,sirene,
H ENERGIES ELEC,,,a contacter,,,,,,,,,,,,reseaux,,VILLERS-LES-NANCY,,54,,,,,,,,,,,,,,,,,,,,,,,,,,,,,,,883286254,88328625400023,43.21A,,,,,,,,,,,sirene,
H.D ELEC,,,a contacter,,,,,,,,,,,,reseaux,,SARCELLES,,95,,,,,,,,,,,,,,,,,,,,,,,,,,,,,,,521818195,52181819500021,43.21A,,,,,,,,,,,sirene,
H.G.O.,,,a contacter,,,,,,,,,,,,reseaux,,NOYAL-CHATILLON-SUR-SEICHE,,35,,,,,,,,,,,,,,,,,,,,,,,,,,,,,,,491040796,49104079600022,43.21A,,,,,,,,,,,sirene,
H.T.M. 77,,,a contacter,,,,,,,,,,,,reseaux,,MELUN,,77,,,,,,,,,,,,,,,,,,,,,,,,,,,,,,,752391946,75239194600015,43.21A,,,,,,,,,,,sirene,
H2M ELEC,,,a contacter,,,,,,,,,,,,reseaux,,DRANCY,,93,,,,,,,,,,,,,,,,,,,,,,,,,,,,,,,837572585,83757258500045,43.21A,,,,,,,,,,,sirene,
HABITAT REFERENCE,,,a contacter,,,,,,,,,,,,reseaux,,CABESTANY,,66,,,,,,,,,,,,,,,,,,,,,,,,,,,,,,,818960718,81896071800059,43.21A,,,,,,,,,,,sirene,
HAEFELI,,,a contacter,,,,,,,,,,,,reseaux,,LURE,,70,,,,,,,,,,,,,,,,,,,,,,,,,,,,,,,675550248,67555024800024,42.22Z,,,,,,,,,,,sirene,
HAIDEX,,,a contacter,,,,,,,,,,,,reseaux,,GOUSSAINVILLE,,95,,,,,,,,,,,,,,,,,,,,,,,,,,,,,,,843601600,84360160000029,43.21A,,,,,,,,,,,sirene,
HAINAUT ELECTRICITE,,,a contacter,,,,,,,,,,,,reseaux,,SAINT-AMAND-LES-EAUX,,59,,,,,,,,,,,,,,,,,,,,,,,,,,,,,,,383225430,38322543000024,43.21A,,,,,,,,,,,sirene,
HAIT TECH,,,a contacter,,,,,,,,,,,,reseaux,,TRAPPES,,78,,,,,,,,,,,,,,,,,,,,,,,,,,,,,,,878143080,87814308000025,43.21A,,,,,,,,,,,sirene,
HALARY SASU,,,a contacter,,,,,,,,,,,,reseaux,,COUZEIX,,87,,,,,,,,,,,,,,,,,,,,,,,,,,,,,,,950392100,95039210000026,42.21Z,,,,,,,,,,,sirene,
HALLEN ELECTRICITE,,,a contacter,,,,,,,,,,,,reseaux,,ESLETTES,,76,,,,,,,,,,,,,,,,,,,,,,,,,,,,,,,510196140,51019614000030,43.21A,,,,,,,,,,,sirene,
HAMEL,,,a contacter,,,,,,,,,,,,reseaux,,MORMANT-SUR-VERNISSON,,45,,,,,,,,,,,,,,,,,,,,,,,,,,,,,,,879602480,87960248000011,43.21A,,,,,,,,,,,sirene,
HARNELEC MULTI SERVICES,,,a contacter,,,,,,,,,,,,reseaux,,LE LAMENTIN,,972,,,,,,,,,,,,,,,,,,,,,,,,,,,,,,,799460928,79946092800010,43.21A,,,,,,,,,,,sirene,
HATTAIS,,,a contacter,,,,,,,,,,,,reseaux,,BRUZ,,35,,,,,,,,,,,,,,,,,,,,,,,,,,,,,,,383269982,38326998200039,43.21A,,,,,,,,,,,sirene,
HAUTS DE FRANCE ELEC,,,a contacter,,,,,,,,,,,,reseaux,,OURTON,,62,,,,,,,,,,,,,,,,,,,,,,,,,,,,,,,853530616,85353061600012,43.21A,,,,,,,,,,,sirene,
HAYE JARRIAU,,,a contacter,,,,,,,,,,,,reseaux,,ECHIRE,,79,,,,,,,,,,,,,,,,,,,,,,,,,,,,,,,411371206,41137120600045,43.21A,,,,,,,,,,,sirene,
HB RESEAUX,,,a contacter,,,,,,,,,,,,reseaux,,SAINT-DENIS,,93,,,,,,,,,,,,,,,,,,,,,,,,,,,,,,,881199814,88119981400032,61.10Z,,,,,,,,,,,sirene,
HBC TELECOM,,,a contacter,,,,,,,,,,,,reseaux,,COLOMBES,,92,,,,,,,,,,,,,,,,,,,,,,,,,,,,,,,840165864,84016586400017,61.90Z,,,,,,,,,,,sirene,
HBH 3S,,,a contacter,,,,,,,,,,,,reseaux,,PARIS,,75,,,,,,,,,,,,,,,,,,,,,,,,,,,,,,,852152529,85215252900024,61.10Z,,,,,,,,,,,sirene,
HBK.COM,,,a contacter,,,,,,,,,,,,reseaux,,LA ROCHELLE,,17,,,,,,,,,,,,,,,,,,,,,,,,,,,,,,,893659615,89365961500031,61.20Z,,,,,,,,,,,sirene,
HEBERT,,,a contacter,,,,,,,,,,,,reseaux,,HARFLEUR,,76,,,,,,,,,,,,,,,,,,,,,,,,,,,,,,,801957374,80195737400029,43.21A,,,,,,,,,,,sirene,
HEDCO,,,a contacter,,,,,,,,,,,,reseaux,,GREZIEU-LA-VARENNE,,69,,,,,,,,,,,,,,,,,,,,,,,,,,,,,,,827837618,82783761800020,61.10Z,,,,,,,,,,,sirene,
HELBUL,,,a contacter,,,,,,,,,,,,reseaux,,GENNEVILLIERS,,92,,,,,,,,,,,,,,,,,,,,,,,,,,,,,,,310270467,31027046700056,43.21A,,,,,,,,,,,sirene,
HELIANTIS,,,a contacter,,,,,,,,,,,,reseaux,,PAU,,64,,,,,,,,,,,,,,,,,,,,,,,,,,,,,,,392747606,39274760600037,61.10Z,,,,,,,,,,,sirene,
HELIN ELEC,,,a contacter,,,,,,,,,,,,reseaux,,VILLEJUIF,,94,,,,,,,,,,,,,,,,,,,,,,,,,,,,,,,445064645,44506464500051,43.21A,,,,,,,,,,,sirene,
HELIOM,,,a contacter,,,,,,,,,,,,reseaux,,SARTROUVILLE,,78,,,,,,,,,,,,,,,,,,,,,,,,,,,,,,,444318174,44431817400059,43.21A,,,,,,,,,,,sirene,
HELIOS ENERGIE,,,a contacter,,,,,,,,,,,,reseaux,,SAINT-PHILBERT-DE-GRAND-LIEU,,44,,,,,,,,,,,,,,,,,,,,,,,,,,,,,,,800397770,80039777000036,43.21A,,,,,,,,,,,sirene,
HELIOSCOP,,,a contacter,,,,,,,,,,,,reseaux,,LIVRON-SUR-DROME,,26,,,,,,,,,,,,,,,,,,,,,,,,,,,,,,,511498446,51149844600026,43.21A,,,,,,,,,,,sirene,
HELP,,,a contacter,,,,,,,,,,,,reseaux,,MORANGIS,,91,,,,,,,,,,,,,,,,,,,,,,,,,,,,,,,451861025,45186102500034,43.21A,,,,,,,,,,,sirene,
HEMBERT,,,a contacter,,,,,,,,,,,,reseaux,,ARDRES,,62,,,,,,,,,,,,,,,,,,,,,,,,,,,,,,,353515844,35351584400036,42.21Z,,,,,,,,,,,sirene,
HEN-ELEC,,,a contacter,,,,,,,,,,,,reseaux,,ALENCON,,61,,,,,,,,,,,,,,,,,,,,,,,,,,,,,,,488752130,48875213000028,43.21A,,,,,,,,,,,sirene,
HENCHOZ ELECTRICITE,,,a contacter,,,,,,,,,,,,reseaux,,THONON-LES-BAINS,,74,,,,,,,,,,,,,,,,,,,,,,,,,,,,,,,348618570,34861857000066,43.21A,,,,,,,,,,,sirene,
HENEAU MICHEL,,,a contacter,,,,,,,,,,,,reseaux,,TRILPORT,,77,,,,,,,,,,,,,,,,,,,,,,,,,,,,,,,340655711,34065571100034,43.21A,,,,,,,,,,,sirene,
HENELEC,,,a contacter,,,,,,,,,,,,reseaux,,SAINT-GERVAIS-LES-BAINS,,74,,,,,,,,,,,,,,,,,,,,,,,,,,,,,,,533977229,53397722900012,43.21A,,,,,,,,,,,sirene,
HENINE ELECTRIQUE,,,a contacter,,,,,,,,,,,,reseaux,,ATHIS-MONS,,91,,,,,,,,,,,,,,,,,,,,,,,,,,,,,,,821535747,82153574700025,43.21A,,,,,,,,,,,sirene,
HENRI BAZIN ELECTRICITE,,,a contacter,,,,,,,,,,,,reseaux,,BOURGNEUF,,73,,,,,,,,,,,,,,,,,,,,,,,,,,,,,,,327338059,32733805900022,43.21A,,,,,,,,,,,sirene,
HERBELOT,,,a contacter,,,,,,,,,,,,reseaux,,PONS,,17,,,,,,,,,,,,,,,,,,,,,,,,,,,,,,,434072757,43407275700025,43.21A,,,,,,,,,,,sirene,
HERCA RESEAUX,,,a contacter,,,,,,,,,,,,reseaux,,BIDART,,64,,,,,,,,,,,,,,,,,,,,,,,,,,,,,,,429968217,42996821700035,43.21A,,,,,,,,,,,sirene,
HERLIN,,,a contacter,,,,,,,,,,,,reseaux,,PROVILLE,,59,,,,,,,,,,,,,,,,,,,,,,,,,,,,,,,449402551,44940255100013,43.21A,,,,,,,,,,,sirene,
HERONAX,,,a contacter,,,,,,,,,,,,reseaux,,ILLZACH,,68,,,,,,,,,,,,,,,,,,,,,,,,,,,,,,,539634915,53963491500067,61.20Z,,,,,,,,,,,sirene,
HEROULT ELECTRICITE,,,a contacter,,,,,,,,,,,,reseaux,,PETIT-COURONNE,,76,,,,,,,,,,,,,,,,,,,,,,,,,,,,,,,444668842,44466884200032,43.21A,,,,,,,,,,,sirene,
HERVE DUFETRE,,,a contacter,,,,,,,,,,,,reseaux,,CREST,,26,,,,,,,,,,,,,,,,,,,,,,,,,,,,,,,408882496,40888249600024,43.21A,,,,,,,,,,,sirene,
HEXACOM,,,a contacter,,,,,,,,,,,,reseaux,,VILLEMANDEUR,,45,,,,,,,,,,,,,,,,,,,,,,,,,,,,,,,843582529,84358252900015,43.21A,,,,,,,,,,,sirene,
HEXACOM OPERATEUR,,,a contacter,,,,,,,,,,,,reseaux,,PANTIN,,93,,,,,,,,,,,,,,,,,,,,,,,,,,,,,,,515100162,51510016200038,61.90Z,,,,,,,,,,,sirene,
HEXAGLOBE,,,a contacter,,,,,,,,,,,,reseaux,,PARIS,,75,,,,,,,,,,,,,,,,,,,,,,,,,,,,,,,478326754,47832675400031,61.90Z,,,,,,,,,,,sirene,
HEXANET,,,a contacter,,,,,,,,,,,,reseaux,,TILLE,,60,,,,,,,,,,,,,,,,,,,,,,,,,,,,,,,487555682,48755568200011,61.10Z,,,,,,,,,,,sirene,
HEXATEL,,,a contacter,,,,,,,,,,,,reseaux,,NOYAL-SUR-VILAINE,,35,,,,,,,,,,,,,,,,,,,,,,,,,,,,,,,523252765,52325276500129,61.90Z,,,,,,,,,,,sirene,
HIFELEC,,,a contacter,,,,,,,,,,,,reseaux,,ROSNY-SOUS-BOIS,,93,,,,,,,,,,,,,,,,,,,,,,,,,,,,,,,823592381,82359238100045,43.21A,,,,,,,,,,,sirene,
HIGH COM,,,a contacter,,,,,,,,,,,,reseaux,,VALBONNE,,06,,,,,,,,,,,,,,,,,,,,,,,,,,,,,,,852748433,85274843300061,61.90Z,,,,,,,,,,,sirene,
HIRTCOM,,,a contacter,,,,,,,,,,,,reseaux,,ASNIERES-SUR-SEINE,,92,,,,,,,,,,,,,,,,,,,,,,,,,,,,,,,788508976,78850897600016,61.90Z,,,,,,,,,,,sirene,
HK ELEC,,,a contacter,,,,,,,,,,,,reseaux,,VITRY-SUR-SEINE,,94,,,,,,,,,,,,,,,,,,,,,,,,,,,,,,,809641459,80964145900015,43.21A,,,,,,,,,,,sirene,
HK FIBRE,,,a contacter,,,,,,,,,,,,reseaux,,WATTRELOS,,59,,,,,,,,,,,,,,,,,,,,,,,,,,,,,,,851565036,85156503600015,61.90Z,,,,,,,,,,,sirene,
HL FIBRE,,,a contacter,,,,,,,,,,,,reseaux,,SAINT LAURENT D'AIGOUZE,,30,,,,,,,,,,,,,,,,,,,,,,,,,,,,,,,848312369,84831236900038,43.21A,,,,,,,,,,,sirene,
HOCIPHONE,,,a contacter,,,,,,,,,,,,reseaux,,MARSEILLE,,13,,,,,,,,,,,,,,,,,,,,,,,,,,,,,,,409729688,40972968800021,43.21A,,,,,,,,,,,sirene,
HOFFMANN S.A.S.,,,a contacter,,,,,,,,,,,,reseaux,,THIONVILLE,,57,,,,,,,,,,,,,,,,,,,,,,,,,,,,,,,786580324,78658032400022,43.21A,,,,,,,,,,,sirene,
HOLATEC,,,a contacter,,,,,,,,,,,,reseaux,,PARIS,,75,,,,,,,,,,,,,,,,,,,,,,,,,,,,,,,843276510,84327651000016,61.20Z,,,,,,,,,,,sirene,
HOLDING DU PARC,,,a contacter,,,,,,,,,,,,reseaux,,MONTLUCON,,03,,,,,,,,,,,,,,,,,,,,,,,,,,,,,,,502799299,50279929900024,43.21A,,,,,,,,,,,sirene,
HOME EXPERT HABITAT,,,a contacter,,,,,,,,,,,,reseaux,,MAISONS-ALFORT,,94,,,,,,,,,,,,,,,,,,,,,,,,,,,,,,,749922795,74992279500010,43.21A,,,,,,,,,,,sirene,
HONNY BATIMENT FRANCE,,,a contacter,,,,,,,,,,,,reseaux,,PARIS,,75,,,,,,,,,,,,,,,,,,,,,,,,,,,,,,,533447231,53344723100028,43.21A,,,,,,,,,,,sirene,
HORIZON ENERGIE,,,a contacter,,,,,,,,,,,,reseaux,,BUXEROLLES,,86,,,,,,,,,,,,,,,,,,,,,,,,,,,,,,,908946734,90894673400013,43.21A,,,,,,,,,,,sirene,
HP ELEC,,,a contacter,,,,,,,,,,,,reseaux,,BRETIGNY-SUR-ORGE,,91,,,,,,,,,,,,,,,,,,,,,,,,,,,,,,,797534062,79753406200022,42.22Z,,,,,,,,,,,sirene,
HR TELECOMS,,,a contacter,,,,,,,,,,,,reseaux,,LAIZE-CLINCHAMPS,,14,,,,,,,,,,,,,,,,,,,,,,,,,,,,,,,789256740,78925674000042,61.10Z,,,,,,,,,,,sirene,
HTB SERVICES,,,a contacter,,,,,,,,,,,,reseaux,,POISY,,74,,,,,,,,,,,,,,,,,,,,,,,,,,,,,,,834142754,83414275400029,43.21A,,,,,,,,,,,sirene,
HTEL,,,a contacter,,,,,,,,,,,,reseaux,,GARGES-LES-GONESSE,,95,,,,,,,,,,,,,,,,,,,,,,,,,,,,,,,494027360,49402736000044,61.90Z,,,,,,,,,,,sirene,
HUCHER DEPANNAGE ELECTRICITE,,,a contacter,,,,,,,,,,,,reseaux,,NASSANDRES SUR RISLE,,27,,,,,,,,,,,,,,,,,,,,,,,,,,,,,,,838388882,83838888200014,43.21A,,,,,,,,,,,sirene,
HUGUET,,,a contacter,,,,,,,,,,,,reseaux,,RUEIL-MALMAISON,,92,,,,,,,,,,,,,,,,,,,,,,,,,,,,,,,387466899,38746689900011,43.21A,,,,,,,,,,,sirene,
HYBRIDE CONSTRUCTION,,,a contacter,,,,,,,,,,,,reseaux,,HARDRICOURT,,78,,,,,,,,,,,,,,,,,,,,,,,,,,,,,,,493261440,49326144000033,43.21A,,,,,,,,,,,sirene,
HYDR EAU SERVICES,,,a contacter,,,,,,,,,,,,reseaux,,FRAIZE,,88,,,,,,,,,,,,,,,,,,,,,,,,,,,,,,,421882978,42188297800016,42.21Z,,,,,,,,,,,sirene,
HYDRALARM,,,a contacter,,,,,,,,,,,,reseaux,,TOULOUSE,,31,,,,,,,,,,,,,,,,,,,,,,,,,,,,,,,343465274,34346527400037,43.21A,,,,,,,,,,,sirene,
HYDRAM S.A.S,,,a contacter,,,,,,,,,,,,reseaux,,ROSULT,,59,,,,,,,,,,,,,,,,,,,,,,,,,,,,,,,399387158,39938715800039,42.21Z,,,,,,,,,,,sirene,
HYDRELEC,,,a contacter,,,,,,,,,,,,reseaux,,BORGO,,2B,,,,,,,,,,,,,,,,,,,,,,,,,,,,,,,379659857,37965985700021,43.21A,,,,,,,,,,,sirene,
HYDRO ELEC SERVICES,,,a contacter,,,,,,,,,,,,reseaux,,ESCORNEBŒUF,,32,,,,,,,,,,,,,,,,,,,,,,,,,,,,,,,439491291,43949129100019,43.21A,,,,,,,,,,,sirene,
HYDROELEC INGENIERIE,,,a contacter,,,,,,,,,,,,reseaux,,CORMEILLES-EN-PARISIS,,95,,,,,,,,,,,,,,,,,,,,,,,,,,,,,,,510041502,51004150200020,43.21A,,,,,,,,,,,sirene,
HYDROTECH,,,a contacter,,,,,,,,,,,,reseaux,,LA POSSESSION,,974,,,,,,,,,,,,,,,,,,,,,,,,,,,,,,,381605583,38160558300040,42.21Z,,,,,,,,,,,sirene,
I LIGHT,,,a contacter,,,,,,,,,,,,reseaux,,BOULOGNE-BILLANCOURT,,92,,,,,,,,,,,,,,,,,,,,,,,,,,,,,,,882884588,88288458800030,43.21A,,,,,,,,,,,sirene,
I M G,,,a contacter,,,,,,,,,,,,reseaux,,COUBRON,,93,,,,,,,,,,,,,,,,,,,,,,,,,,,,,,,798130258,79813025800030,43.21A,,,,,,,,,,,sirene,
I P 2 S,,,a contacter,,,,,,,,,,,,reseaux,,SAINT-MAUR-DES-FOSSES,,94,,,,,,,,,,,,,,,,,,,,,,,,,,,,,,,483114476,48311447600029,43.21A,,,,,,,,,,,sirene,
I-LYNX,,,a contacter,,,,,,,,,,,,reseaux,,TAVERNY,,95,,,,,,,,,,,,,,,,,,,,,,,,,,,,,,,824086854,82408685400026,43.21A,,,,,,,,,,,sirene,
I-TEC,,,a contacter,,,,,,,,,,,,reseaux,,VAYRES,,33,,,,,,,,,,,,,,,,,,,,,,,,,,,,,,,812613693,81261369300033,43.21A,,,,,,,,,,,sirene,
I.E.T,,,a contacter,,,,,,,,,,,,reseaux,,AIX-EN-PROVENCE,,13,,,,,,,,,,,,,,,,,,,,,,,,,,,,,,,789381241,78938124100064,43.21A,,,,,,,,,,,sirene,
I.H.B. TECHNOLOGIE,,,a contacter,,,,,,,,,,,,reseaux,,SERVON,,77,,,,,,,,,,,,,,,,,,,,,,,,,,,,,,,480967991,48096799100021,43.21A,,,,,,,,,,,sirene,
I.M.C.TELECOM,,,a contacter,,,,,,,,,,,,reseaux,,LES PAVILLONS-SOUS-BOIS,,93,,,,,,,,,,,,,,,,,,,,,,,,,,,,,,,490957628,49095762800202,43.21A,,,,,,,,,,,sirene,
I.R.E.M,,,a contacter,,,,,,,,,,,,reseaux,,AULNAY-SOUS-BOIS,,93,,,,,,,,,,,,,,,,,,,,,,,,,,,,,,,507615771,50761577100031,43.21A,,,,,,,,,,,sirene,
I.R.T.O,,,a contacter,,,,,,,,,,,,reseaux,,MONTMELIAN,,73,,,,,,,,,,,,,,,,,,,,,,,,,,,,,,,827948068,82794806800032,43.21A,,,,,,,,,,,sirene,
IB ELEC,,,a contacter,,,,,,,,,,,,reseaux,,VITRY-SUR-SEINE,,94,,,,,,,,,,,,,,,,,,,,,,,,,,,,,,,788878213,78887821300024,43.21A,,,,,,,,,,,sirene,
IBA EXPANSION,,,a contacter,,,,,,,,,,,,reseaux,,SAULT-LES-RETHEL,,08,,,,,,,,,,,,,,,,,,,,,,,,,,,,,,,334335684,33433568400042,43.21A,,,,,,,,,,,sirene,
IBASIS FRANCE,,,a contacter,,,,,,,,,,,,reseaux,,PARIS,,75,,,,,,,,,,,,,,,,,,,,,,,,,,,,,,,838578672,83857867200035,61.20Z,,,,,,,,,,,sirene,
IBEA ELEC,,,a contacter,,,,,,,,,,,,reseaux,,CERGY,,95,,,,,,,,,,,,,,,,,,,,,,,,,,,,,,,904226511,90422651100023,43.21A,,,,,,,,,,,sirene,
IBELECTRIQUE,,,a contacter,,,,,,,,,,,,reseaux,,GERZAT,,63,,,,,,,,,,,,,,,,,,,,,,,,,,,,,,,884334368,88433436800021,43.21A,,,,,,,,,,,sirene,
ICAME SARL,,,a contacter,,,,,,,,,,,,reseaux,,LACHAPELLE-SOUS-ROUGEMONT,,90,,,,,,,,,,,,,,,,,,,,,,,,,,,,,,,401880240,40188024000023,43.21A,,,,,,,,,,,sirene,
ICBG,,,a contacter,,,,,,,,,,,,reseaux,,AULNAY-SOUS-BOIS,,93,,,,,,,,,,,,,,,,,,,,,,,,,,,,,,,810378315,81037831500024,43.21A,,,,,,,,,,,sirene,
ICR,,,a contacter,,,,,,,,,,,,reseaux,,MAUGUIO,,34,,,,,,,,,,,,,,,,,,,,,,,,,,,,,,,382597342,38259734200049,43.21A,,,,,,,,,,,sirene,
ICR ENERGY SYSTEM,,,a contacter,,,,,,,,,,,,reseaux,,LIMOURS,,91,,,,,,,,,,,,,,,,,,,,,,,,,,,,,,,493888754,49388875400030,43.21A,,,,,,,,,,,sirene,
ICSEL,,,a contacter,,,,,,,,,,,,reseaux,,SAINT-ANDRE-DE-CORCY,,01,,,,,,,,,,,,,,,,,,,,,,,,,,,,,,,379531486,37953148600031,43.21A,,,,,,,,,,,sirene,
IDEA TECHNIQUE,,,a contacter,,,,,,,,,,,,reseaux,,SAINT-PIERRE,,974,,,,,,,,,,,,,,,,,,,,,,,,,,,,,,,820977049,82097704900015,43.21A,,,,,,,,,,,sirene,
IDELEC,,,a contacter,,,,,,,,,,,,reseaux,,BOE,,47,,,,,,,,,,,,,,,,,,,,,,,,,,,,,,,795352285,79535228500014,43.21A,,,,,,,,,,,sirene,
IDELEC,,,a contacter,,,,,,,,,,,,reseaux,,FORMERIE,,60,,,,,,,,,,,,,,,,,,,,,,,,,,,,,,,399169317,39916931700050,43.21A,,,,,,,,,,,sirene,
IDELEC,,,a contacter,,,,,,,,,,,,reseaux,,SAINT-PIERRE-LA-BRUYERE,,61,,,,,,,,,,,,,,,,,,,,,,,,,,,,,,,449096783,44909678300021,43.21A,,,,,,,,,,,sirene,
IDJ SERVICES,,,a contacter,,,,,,,,,,,,reseaux,,PARIS,,75,,,,,,,,,,,,,,,,,,,,,,,,,,,,,,,847813383,84781338300043,43.21A,,,,,,,,,,,sirene,
IDM HABITAT,,,a contacter,,,,,,,,,,,,reseaux,,USSON-DU-POITOU,,86,,,,,,,,,,,,,,,,,,,,,,,,,,,,,,,333295822,33329582200030,43.21A,,,,,,,,,,,sirene,
IDOM TECHNOLOGIES,,,a contacter,,,,,,,,,,,,reseaux,,DUCOS,,972,,,,,,,,,,,,,,,,,,,,,,,,,,,,,,,442771044,44277104400116,61.90Z,,,,,,,,,,,sirene,
IED,,,a contacter,,,,,,,,,,,,reseaux,,MONTPELLIER,,34,,,,,,,,,,,,,,,,,,,,,,,,,,,,,,,902017128,90201712800015,43.21A,,,,,,,,,,,sirene,
IEL EXPLOITATION,,,a contacter,,,,,,,,,,,,reseaux,,SAINT-BRIEUC,,22,,,,,,,,,,,,,,,,,,,,,,,,,,,,,,,498011121,49801112100023,43.21A,,,,,,,,,,,sirene,
IELO-LIAZO DEPLOIEMENT FIBRE,,,a contacter,,,,,,,,,,,,reseaux,,PARIS,,75,,,,,,,,,,,,,,,,,,,,,,,,,,,,,,,824521462,82452146200021,61.10Z,,,,,,,,,,,sirene,
IELO-LIAZO SERVICES,,,a contacter,,,,,,,,,,,,reseaux,,PARIS,,75,,,,,,,,,,,,,,,,,,,,,,,,,,,,,,,517541983,51754198300055,61.10Z,,,,,,,,,,,sirene,
IFM2BAT,,,a contacter,,,,,,,,,,,,reseaux,,LE GRAND-SERRE,,26,,,,,,,,,,,,,,,,,,,,,,,,,,,,,,,882105828,88210582800025,43.21A,,,,,,,,,,,sirene,
IFR SOLUTIONS,,,a contacter,,,,,,,,,,,,reseaux,,REIMS,,51,,,,,,,,,,,,,,,,,,,,,,,,,,,,,,,904637865,90463786500026,43.21A,,,,,,,,,,,sirene,
IGE,,,a contacter,,,,,,,,,,,,reseaux,,NIMES,,30,,,,,,,,,,,,,,,,,,,,,,,,,,,,,,,881965651,88196565100014,43.21A,,,,,,,,,,,sirene,
IGELEC,,,a contacter,,,,,,,,,,,,reseaux,,NOYAL-SUR-VILAINE,,35,,,,,,,,,,,,,,,,,,,,,,,,,,,,,,,529161754,52916175400021,43.21A,,,,,,,,,,,sirene,
IGNOT'ELEC,,,a contacter,,,,,,,,,,,,reseaux,,AURIBEAU-SUR-SIAGNE,,06,,,,,,,,,,,,,,,,,,,,,,,,,,,,,,,510643208,51064320800026,43.21A,,,,,,,,,,,sirene,
IGP CONSTRUCTION,,,a contacter,,,,,,,,,,,,reseaux,,PARIS,,75,,,,,,,,,,,,,,,,,,,,,,,,,,,,,,,909163347,90916334700026,43.21A,,,,,,,,,,,sirene,
IKO-SOLUTIONS,,,a contacter,,,,,,,,,,,,reseaux,,DARDILLY,,69,,,,,,,,,,,,,,,,,,,,,,,,,,,,,,,523576718,52357671800036,61.90Z,,,,,,,,,,,sirene,
IKONNECT,,,a contacter,,,,,,,,,,,,reseaux,,SARTROUVILLE,,78,,,,,,,,,,,,,,,,,,,,,,,,,,,,,,,839809043,83980904300020,43.21A,,,,,,,,,,,sirene,
IKONNECT PARIS,,,a contacter,,,,,,,,,,,,reseaux,,LE BOURGET,,93,,,,,,,,,,,,,,,,,,,,,,,,,,,,,,,888567716,88856771600038,43.21A,,,,,,,,,,,sirene,
IMAGINE,,,a contacter,,,,,,,,,,,,reseaux,,SAINT-LEGER-SOUS-CHOLET,,49,,,,,,,,,,,,,,,,,,,,,,,,,,,,,,,830265609,83026560900016,43.21A,,,,,,,,,,,sirene,
IMAKOM,,,a contacter,,,,,,,,,,,,reseaux,,PARIS,,75,,,,,,,,,,,,,,,,,,,,,,,,,,,,,,,914122114,91412211400012,61.10Z,,,,,,,,,,,sirene,
IMBERT ELECTRICITE,,,a contacter,,,,,,,,,,,,reseaux,,GORDES,,84,,,,,,,,,,,,,,,,,,,,,,,,,,,,,,,487791980,48779198000013,43.21A,,,,,,,,,,,sirene,
IMD OPTIQUE,,,a contacter,,,,,,,,,,,,reseaux,,LA COURNEUVE,,93,,,,,,,,,,,,,,,,,,,,,,,,,,,,,,,822136552,82213655200020,61.10Z,,,,,,,,,,,sirene,
IMEX,,,a contacter,,,,,,,,,,,,reseaux,,VŒUIL-ET-GIGET,,16,,,,,,,,,,,,,,,,,,,,,,,,,,,,,,,489678318,48967831800044,43.21A,,,,,,,,,,,sirene,
IMG RESEAUX TELECOM,,,a contacter,,,,,,,,,,,,reseaux,,CLICHY-SOUS-BOIS,,93,,,,,,,,,,,,,,,,,,,,,,,,,,,,,,,847838463,84783846300010,61.10Z,,,,,,,,,,,sirene,
IMMOBAT,,,a contacter,,,,,,,,,,,,reseaux,,NOISY-LE-SEC,,93,,,,,,,,,,,,,,,,,,,,,,,,,,,,,,,398919548,39891954800030,43.21B,,,,,,,,,,,sirene,
IMOPTEL,,,a contacter,,,,,,,,,,,,reseaux,,IVRY-SUR-SEINE,,94,,,,,,,,,,,,,,,,,,,,,,,,,,,,,,,513882209,51388220900051,42.22Z,,,,,,,,,,,sirene,
IMPEC ENERGIES,,,a contacter,,,,,,,,,,,,reseaux,,LEGE,,44,,,,,,,,,,,,,,,,,,,,,,,,,,,,,,,451184600,45118460000026,43.21A,,,,,,,,,,,sirene,
IMPERIAL CONSTRUCT,,,a contacter,,,,,,,,,,,,reseaux,,CLICHY-SOUS-BOIS,,93,,,,,,,,,,,,,,,,,,,,,,,,,,,,,,,891287021,89128702100010,43.21A,,,,,,,,,,,sirene,
IN FIBER,,,a contacter,,,,,,,,,,,,reseaux,,VENISSIEUX,,69,,,,,,,,,,,,,,,,,,,,,,,,,,,,,,,833704109,83370410900028,61.10Z,,,,,,,,,,,sirene,
INAREG,,,a contacter,,,,,,,,,,,,reseaux,,WORMHOUT,,59,,,,,,,,,,,,,,,,,,,,,,,,,,,,,,,789216967,78921696700032,43.21A,,,,,,,,,,,sirene,
INCREMENT,,,a contacter,,,,,,,,,,,,reseaux,,FLINS-SUR-SEINE,,78,,,,,,,,,,,,,,,,,,,,,,,,,,,,,,,823885223,82388522300052,43.21A,,,,,,,,,,,sirene,
INDELEC SA,,,a contacter,,,,,,,,,,,,reseaux,,NOISY-LE-SEC,,93,,,,,,,,,,,,,,,,,,,,,,,,,,,,,,,562098764,56209876400029,43.21A,,,,,,,,,,,sirene,
INDELEC SUD-EST,,,a contacter,,,,,,,,,,,,reseaux,,MORNANT,,69,,,,,,,,,,,,,,,,,,,,,,,,,,,,,,,431425503,43142550300023,43.21A,,,,,,,,,,,sirene,
INDFR ELEC,,,a contacter,,,,,,,,,,,,reseaux,,PARIS,,75,,,,,,,,,,,,,,,,,,,,,,,,,,,,,,,890528920,89052892000063,43.21A,,,,,,,,,,,sirene,
INDUSTEO,,,a contacter,,,,,,,,,,,,reseaux,,QUEVERT,,22,,,,,,,,,,,,,,,,,,,,,,,,,,,,,,,537915290,53791529000051,43.21A,,,,,,,,,,,sirene,
INDUSTHEO,,,a contacter,,,,,,,,,,,,reseaux,,SARAN,,45,,,,,,,,,,,,,,,,,,,,,,,,,,,,,,,451010144,45101014400108,43.21A,,,,,,,,,,,sirene,
INDUSTRELEC,,,a contacter,,,,,,,,,,,,reseaux,,SAINT-DENIS,,93,,,,,,,,,,,,,,,,,,,,,,,,,,,,,,,353044886,35304488600052,43.21A,,,,,,,,,,,sirene,
INDUSTRIE TERTIAIRE BATIMENT ELECTRICITE,,,a contacter,,,,,,,,,,,,reseaux,,COULOMMIERS,,77,,,,,,,,,,,,,,,,,,,,,,,,,,,,,,,379414444,37941444400024,43.21A,,,,,,,,,,,sirene,
INEO,,,a contacter,,,,,,,,,,,,reseaux,,COURBEVOIE,,92,,,,,,,,,,,,,,,,,,,,,,,,,,,,,,,552108797,55210879701141,43.21A,,,,,,,,,,,sirene,
INEO ENERGY & SYSTEMS,,,a contacter,,,,,,,,,,,,reseaux,,VELIZY-VILLACOUBLAY,,78,,,,,,,,,,,,,,,,,,,,,,,,,,,,,,,419173364,41917336400078,43.21A,,,,,,,,,,,sirene,
INEO HAUTS DE FRANCE,,,a contacter,,,,,,,,,,,,reseaux,,NOYELLES-LES-SECLIN,,59,,,,,,,,,,,,,,,,,,,,,,,,,,,,,,,383870797,38387079700107,43.21A,,,,,,,,,,,sirene,
INEO INDUSTRIE ET SERVICES IDF,,,a contacter,,,,,,,,,,,,reseaux,,COLOMBES,,92,,,,,,,,,,,,,,,,,,,,,,,,,,,,,,,409880044,40988004400154,43.21A,,,,,,,,,,,sirene,
INEO INFRASTRUCTURES IDF NORMANDIE,,,a contacter,,,,,,,,,,,,reseaux,,LIEUSAINT,,77,,,,,,,,,,,,,,,,,,,,,,,,,,,,,,,775650575,77565057500233,43.21B,,,,,,,,,,,sirene,
INEO NORMANDIE,,,a contacter,,,,,,,,,,,,reseaux,,SAINT-ETIENNE-DU-ROUVRAY,,76,,,,,,,,,,,,,,,,,,,,,,,,,,,,,,,409881083,40988108300045,43.21A,,,,,,,,,,,sirene,
INEO POSTES ET CENTRALES,,,a contacter,,,,,,,,,,,,reseaux,,VILLEURBANNE,,69,,,,,,,,,,,,,,,,,,,,,,,,,,,,,,,419212840,41921284000088,43.21A,,,,,,,,,,,sirene,
INEO RAIL,,,a contacter,,,,,,,,,,,,reseaux,,COURBEVOIE,,92,,,,,,,,,,,,,,,,,,,,,,,,,,,,,,,522744747,52274474700075,42.22Z,,,,,,,,,,,sirene,
INEO RESEAUX HAUTE TENSION,,,a contacter,,,,,,,,,,,,reseaux,,VILLEURBANNE,,69,,,,,,,,,,,,,,,,,,,,,,,,,,,,,,,409751278,40975127800154,42.22Z,,,,,,,,,,,sirene,
INEO RESEAUX NORD EST,,,a contacter,,,,,,,,,,,,reseaux,,DIJON,,21,,,,,,,,,,,,,,,,,,,,,,,,,,,,,,,381287101,38128710100194,42.22Z,,,,,,,,,,,sirene,
INEO RESEAUX NOUVELLE AQUITAINE,,,a contacter,,,,,,,,,,,,reseaux,,SALLEBŒUF,,33,,,,,,,,,,,,,,,,,,,,,,,,,,,,,,,899889059,89988905900114,42.22Z,,,,,,,,,,,sirene,
INEO SCLE FERROVIAIRE,,,a contacter,,,,,,,,,,,,reseaux,,TOULOUSE,,31,,,,,,,,,,,,,,,,,,,,,,,,,,,,,,,440253169,44025316900021,42.22Z,,,,,,,,,,,sirene,
INEO SYSTRANS,,,a contacter,,,,,,,,,,,,reseaux,,NEUVILLE-SUR-OISE,,95,,,,,,,,,,,,,,,,,,,,,,,,,,,,,,,421159153,42115915300061,43.21A,,,,,,,,,,,sirene,
INEO URBAN TRANSPORTATION SOLUTIONS,,,a contacter,,,,,,,,,,,,reseaux,,IVRY-SUR-SEINE,,94,,,,,,,,,,,,,,,,,,,,,,,,,,,,,,,418595450,41859545000168,43.21B,,,,,,,,,,,sirene,
INFORMATIQUE CABLING SYSTEMS,,,a contacter,,,,,,,,,,,,reseaux,,GONFREVILLE-L'ORCHER,,76,,,,,,,,,,,,,,,,,,,,,,,,,,,,,,,403204084,40320408400020,43.21A,,,,,,,,,,,sirene,
INFOROMU,,,a contacter,,,,,,,,,,,,reseaux,,CREGY-LES-MEAUX,,77,,,,,,,,,,,,,,,,,,,,,,,,,,,,,,,790302434,79030243400010,43.21A,,,,,,,,,,,sirene,
INFRALEC INFORMAT TELECOM BUREAUTIQUE,,,a contacter,,,,,,,,,,,,reseaux,,SARTROUVILLE,,78,,,,,,,,,,,,,,,,,,,,,,,,,,,,,,,444197859,44419785900036,43.21A,,,,,,,,,,,sirene,
INFRASTRUCTURES-MAINTENANCE-PROCESS,,,a contacter,,,,,,,,,,,,reseaux,,HAISNES,,62,,,,,,,,,,,,,,,,,,,,,,,,,,,,,,,414687830,41468783000052,43.21A,,,,,,,,,,,sirene,
INFRATEL SERVICES,,,a contacter,,,,,,,,,,,,reseaux,,NANTERRE,,92,,,,,,,,,,,,,,,,,,,,,,,,,,,,,,,338170046,33817004600126,42.22Z,,,,,,,,,,,sirene,
ING NETWORKS,,,a contacter,,,,,,,,,,,,reseaux,,CLICHY-SOUS-BOIS,,93,,,,,,,,,,,,,,,,,,,,,,,,,,,,,,,848710703,84871070300010,61.90Z,,,,,,,,,,,sirene,
INGEL,,,a contacter,,,,,,,,,,,,reseaux,,VENISSIEUX,,69,,,,,,,,,,,,,,,,,,,,,,,,,,,,,,,827681776,82768177600015,43.21A,,,,,,,,,,,sirene,
INGELEC CONCEPTION,,,a contacter,,,,,,,,,,,,reseaux,,PARIS,,75,,,,,,,,,,,,,,,,,,,,,,,,,,,,,,,511715559,51171555900015,43.21A,,,,,,,,,,,sirene,
INGENIERIE CONCEPT - AMENAGEMENTS INTERIEURS,,,a contacter,,,,,,,,,,,,reseaux,,CENON,,33,,,,,,,,,,,,,,,,,,,,,,,,,,,,,,,534246038,53424603800028,43.21A,,,,,,,,,,,sirene,
INGENIERIE DES SYSTEMES AVANCES DE L'ARTOIS,,,a contacter,,,,,,,,,,,,reseaux,,TILLOY-LES-MOFFLAINES,,62,,,,,,,,,,,,,,,,,,,,,,,,,,,,,,,414733196,41473319600029,43.21A,,,,,,,,,,,sirene,
INGENIERIE SYSTEME ENERGETIQUE,,,a contacter,,,,,,,,,,,,reseaux,,CARBONNE,,31,,,,,,,,,,,,,,,,,,,,,,,,,,,,,,,410914782,41091478200066,43.21A,,,,,,,,,,,sirene,
INGENUUS,,,a contacter,,,,,,,,,,,,reseaux,,AIX-EN-PROVENCE,,13,,,,,,,,,,,,,,,,,,,,,,,,,,,,,,,811656784,81165678400022,43.21A,,,,,,,,,,,sirene,
INIT SYS,,,a contacter,,,,,,,,,,,,reseaux,,PORNIC,,44,,,,,,,,,,,,,,,,,,,,,,,,,,,,,,,440239275,44023927500033,61.10Z,,,,,,,,,,,sirene,
INNO RESEAUX,,,a contacter,,,,,,,,,,,,reseaux,,SAINT-MARTIN-DE-MIEUX,,14,,,,,,,,,,,,,,,,,,,,,,,,,,,,,,,843480310,84348031000039,43.21A,,,,,,,,,,,sirene,
INNO-WATT ENERGIES,,,a contacter,,,,,,,,,,,,reseaux,,ARGENTRE,,53,,,,,,,,,,,,,,,,,,,,,,,,,,,,,,,793416603,79341660300017,43.21A,,,,,,,,,,,sirene,
INNOVATIVE & SMART BUILDINGS,,,a contacter,,,,,,,,,,,,reseaux,,CLICHY,,92,,,,,,,,,,,,,,,,,,,,,,,,,,,,,,,827719691,82771969100012,43.21A,,,,,,,,,,,sirene,
INNOVTEC,,,a contacter,,,,,,,,,,,,reseaux,,GARDANNE,,13,,,,,,,,,,,,,,,,,,,,,,,,,,,,,,,538735671,53873567100025,42.22Z,,,,,,,,,,,sirene,
INOSERV,,,a contacter,,,,,,,,,,,,reseaux,,PIERRELATTE,,26,,,,,,,,,,,,,,,,,,,,,,,,,,,,,,,751855917,75185591700033,43.21A,,,,,,,,,,,sirene,
INSELEC,,,a contacter,,,,,,,,,,,,reseaux,,PHALEMPIN,,59,,,,,,,,,,,,,,,,,,,,,,,,,,,,,,,329747588,32974758800054,43.21A,,,,,,,,,,,sirene,
INSMATEL,,,a contacter,,,,,,,,,,,,reseaux,,MAXEVILLE,,54,,,,,,,,,,,,,,,,,,,,,,,,,,,,,,,323035691,32303569100043,43.21A,,,,,,,,,,,sirene,
INSPIRATION ELEC,,,a contacter,,,,,,,,,,,,reseaux,,VAUREAL,,95,,,,,,,,,,,,,,,,,,,,,,,,,,,,,,,884878943,88487894300023,43.21A,,,,,,,,,,,sirene,
INST MAINT EQUIP ELECT SPECIALISE,,,a contacter,,,,,,,,,,,,reseaux,,BAGNEUX,,92,,,,,,,,,,,,,,,,,,,,,,,,,,,,,,,303687982,30368798200064,43.21A,,,,,,,,,,,sirene,
INSTA TECHNIQUES ELECTRIQUES MAINTENANCE,,,a contacter,,,,,,,,,,,,reseaux,,JACOU,,34,,,,,,,,,,,,,,,,,,,,,,,,,,,,,,,451094999,45109499900021,43.21A,,,,,,,,,,,sirene,
INSTAL DEPANN ENTRETIEN COURANT FAIBLES,,,a contacter,,,,,,,,,,,,reseaux,,VILLENEUVE-D'ASCQ,,59,,,,,,,,,,,,,,,,,,,,,,,,,,,,,,,404704025,40470402500059,43.21A,,,,,,,,,,,sirene,
INSTAL ELECT REG RHONE ALPES,,,a contacter,,,,,,,,,,,,reseaux,,LA VERPILLIERE,,38,,,,,,,,,,,,,,,,,,,,,,,,,,,,,,,337525794,33752579400042,43.21A,,,,,,,,,,,sirene,
INSTAL.ELECTR.COURANTS FAIBLES PESIER,,,a contacter,,,,,,,,,,,,reseaux,,ROSNY-SOUS-BOIS,,93,,,,,,,,,,,,,,,,,,,,,,,,,,,,,,,403267537,40326753700039,43.21A,,,,,,,,,,,sirene,
INSTALL FIBRE OPTIQUE,,,a contacter,,,,,,,,,,,,reseaux,,TROYES,,10,,,,,,,,,,,,,,,,,,,,,,,,,,,,,,,890972177,89097217700020,43.21A,,,,,,,,,,,sirene,
INSTALL'RESEAUX,,,a contacter,,,,,,,,,,,,reseaux,,AMNEVILLE,,57,,,,,,,,,,,,,,,,,,,,,,,,,,,,,,,807624051,80762405100023,43.21A,,,,,,,,,,,sirene,
INSTALLATION CABLAGE ELECTRIQUE   ICE,,,a contacter,,,,,,,,,,,,reseaux,,CHATEAUGIRON,,35,,,,,,,,,,,,,,,,,,,,,,,,,,,,,,,432894830,43289483000046,43.21A,,,,,,,,,,,sirene,
INSTALLATION ELECTRICITE CLIMATISATION,,,a contacter,,,,,,,,,,,,reseaux,,MONTBLANC,,34,,,,,,,,,,,,,,,,,,,,,,,,,,,,,,,840569503,84056950300013,43.21A,,,,,,,,,,,sirene,
INSTALLATION ELECTRIQUE ET PHOTOVOLTAIQUE I.E.P,,,a contacter,,,,,,,,,,,,reseaux,,REGUSSE,,83,,,,,,,,,,,,,,,,,,,,,,,,,,,,,,,845280544,84528054400014,43.21A,,,,,,,,,,,sirene,
INSTALLATION FIBRE DINEDANE,,,a contacter,,,,,,,,,,,,reseaux,,LILLE,,59,,,,,,,,,,,,,,,,,,,,,,,,,,,,,,,897754099,89775409900017,61.10Z,,,,,,,,,,,sirene,
INSTALLATION MAINTENANCE DE SYSTEME DE SECURITE ET PROTECTION INCENDIE,,,a contacter,,,,,,,,,,,,reseaux,,LA GAUDE,,06,,,,,,,,,,,,,,,,,,,,,,,,,,,,,,,504180365,50418036500034,43.21A,,,,,,,,,,,sirene,
INSTALLATION RESEAU ELEC MAINTENANCE,,,a contacter,,,,,,,,,,,,reseaux,,ROQUEMAURE,,30,,,,,,,,,,,,,,,,,,,,,,,,,,,,,,,453727026,45372702600024,43.21A,,,,,,,,,,,sirene,
INSTALLATIONS ELECTRIQUES PREFABRICATION,,,a contacter,,,,,,,,,,,,reseaux,,LIMOGES,,87,,,,,,,,,,,,,,,,,,,,,,,,,,,,,,,340766187,34076618700017,43.21A,,,,,,,,,,,sirene,
INSTALLATIONS-DEPANNAGES-ENTRETIENS ELECTRIQUES,,,a contacter,,,,,,,,,,,,reseaux,,QUINCY-VOISINS,,77,,,,,,,,,,,,,,,,,,,,,,,,,,,,,,,424370898,42437089800027,43.21A,,,,,,,,,,,sirene,
INTECSYS,,,a contacter,,,,,,,,,,,,reseaux,,MONTESSON,,78,,,,,,,,,,,,,,,,,,,,,,,,,,,,,,,838764405,83876440500018,43.21A,,,,,,,,,,,sirene,
INTEGRAL SYSTEME,,,a contacter,,,,,,,,,,,,reseaux,,COLLEGIEN,,77,,,,,,,,,,,,,,,,,,,,,,,,,,,,,,,432795391,43279539100098,43.21A,,,,,,,,,,,sirene,
INTELEC,,,a contacter,,,,,,,,,,,,reseaux,,L'UNION,,31,,,,,,,,,,,,,,,,,,,,,,,,,,,,,,,501825368,50182536800050,43.21A,,,,,,,,,,,sirene,
INTELEC,,,a contacter,,,,,,,,,,,,reseaux,,SAINT-MAUR-DES-FOSSES,,94,,,,,,,,,,,,,,,,,,,,,,,,,,,,,,,384192134,38419213400011,43.21A,,,,,,,,,,,sirene,
INTER@COM,,,a contacter,,,,,,,,,,,,reseaux,,AUBENAS,,07,,,,,,,,,,,,,,,,,,,,,,,,,,,,,,,411070204,41107020400069,61.20Z,,,,,,,,,,,sirene,
INTERCABLE NETWORK,,,a contacter,,,,,,,,,,,,reseaux,,CIVRIEUX,,01,,,,,,,,,,,,,,,,,,,,,,,,,,,,,,,799330428,79933042800035,43.21A,,,,,,,,,,,sirene,
INTERCLOUD,,,a contacter,,,,,,,,,,,,reseaux,,PARIS,,75,,,,,,,,,,,,,,,,,,,,,,,,,,,,,,,529026486,52902648600066,61.90Z,,,,,,,,,,,sirene,
INTERCOM ON LINE,,,a contacter,,,,,,,,,,,,reseaux,,BAIE-MAHAULT,,971,,,,,,,,,,,,,,,,,,,,,,,,,,,,,,,452883663,45288366300026,43.21A,,,,,,,,,,,sirene,
INTERFACE RESEAUX,,,a contacter,,,,,,,,,,,,reseaux,,SAINT-OUEN-L'AUMONE,,95,,,,,,,,,,,,,,,,,,,,,,,,,,,,,,,827586769,82758676900032,43.21A,,,,,,,,,,,sirene,
INTERRA,,,a contacter,,,,,,,,,,,,reseaux,,AZAY-LE-RIDEAU,,37,,,,,,,,,,,,,,,,,,,,,,,,,,,,,,,813879145,81387914500023,42.22Z,,,,,,,,,,,sirene,
INTERVENTION TECHNI SERVICES CHANTIERS,,,a contacter,,,,,,,,,,,,reseaux,,CROSVILLE-LA-VIEILLE,,27,,,,,,,,,,,,,,,,,,,,,,,,,,,,,,,414404616,41440461600040,43.21A,,,,,,,,,,,sirene,
INTUI'TECH,,,a contacter,,,,,,,,,,,,reseaux,,EMERAINVILLE,,77,,,,,,,,,,,,,,,,,,,,,,,,,,,,,,,452758535,45275853500044,43.21A,,,,,,,,,,,sirene,
INVESTISSEMENT DANS LA FIBRE DES TERRITOIRES,,,a contacter,,,,,,,,,,,,reseaux,,PARIS,,75,,,,,,,,,,,,,,,,,,,,,,,,,,,,,,,852619352,85261935200044,61.10Z,,,,,,,,,,,sirene,
IONYS,,,a contacter,,,,,,,,,,,,reseaux,,MONT-DE-MARSAN,,40,,,,,,,,,,,,,,,,,,,,,,,,,,,,,,,534719240,53471924000010,43.21A,,,,,,,,,,,sirene,
IP DIRECTIONS,,,a contacter,,,,,,,,,,,,reseaux,,PARIS,,75,,,,,,,,,,,,,,,,,,,,,,,,,,,,,,,490818556,49081855600030,61.10Z,,,,,,,,,,,sirene,
IPEC,,,a contacter,,,,,,,,,,,,reseaux,,LES PONTS-DE-CE,,49,,,,,,,,,,,,,,,,,,,,,,,,,,,,,,,817787120,81778712000028,43.21A,,,,,,,,,,,sirene,
IPELEC,,,a contacter,,,,,,,,,,,,reseaux,,SAINT-ETIENNE-DU-ROUVRAY,,76,,,,,,,,,,,,,,,,,,,,,,,,,,,,,,,447969148,44796914800025,43.21A,,,,,,,,,,,sirene,
IRBIS CORPORATION S.R.O.,,,a contacter,,,,,,,,,,,,reseaux,,,,,,,,,,,,,,,,,,,,,,,,,,,,,,,,,,,953173028,95317302800010,43.21B,,,,,,,,,,,sirene,
IRDE GUYANE FR,,,a contacter,,,,,,,,,,,,reseaux,,MORANGIS,,91,,,,,,,,,,,,,,,,,,,,,,,,,,,,,,,919678649,91967864900014,42.22Z,,,,,,,,,,,sirene,
IRIS SARL,,,a contacter,,,,,,,,,,,,reseaux,,MILLERY,,54,,,,,,,,,,,,,,,,,,,,,,,,,,,,,,,480916964,48091696400046,43.21A,,,,,,,,,,,sirene,
IRITEL,,,a contacter,,,,,,,,,,,,reseaux,,TAVERNY,,95,,,,,,,,,,,,,,,,,,,,,,,,,,,,,,,534172168,53417216800047,43.21A,,,,,,,,,,,sirene,
IRVECOM,,,a contacter,,,,,,,,,,,,reseaux,,GRASSE,,06,,,,,,,,,,,,,,,,,,,,,,,,,,,,,,,920638475,92063847500011,61.90Z,,,,,,,,,,,sirene,
IS ELEC,,,a contacter,,,,,,,,,,,,reseaux,,VILLEPINTE,,93,,,,,,,,,,,,,,,,,,,,,,,,,,,,,,,828653832,82865383200034,43.21A,,,,,,,,,,,sirene,
ISALTYS ELECTRICITE CVC,,,a contacter,,,,,,,,,,,,reseaux,,SANTENY,,94,,,,,,,,,,,,,,,,,,,,,,,,,,,,,,,884479429,88447942900026,43.21A,,,,,,,,,,,sirene,
ISDEL ENERGY,,,a contacter,,,,,,,,,,,,reseaux,,SAINT-PRIEST,,69,,,,,,,,,,,,,,,,,,,,,,,,,,,,,,,490281243,49028124300082,43.21A,,,,,,,,,,,sirene,
ISI-ELEC  SARL,,,a contacter,,,,,,,,,,,,reseaux,,SAINT-DENIS-DE-L'HOTEL,,45,,,,,,,,,,,,,,,,,,,,,,,,,,,,,,,433169778,43316977800035,43.21A,,,,,,,,,,,sirene,
ISOFIBRES,,,a contacter,,,,,,,,,,,,reseaux,,DECINES-CHARPIEU,,69,,,,,,,,,,,,,,,,,,,,,,,,,,,,,,,824610810,82461081000015,61.90Z,,,,,,,,,,,sirene,
ISOLEC,,,a contacter,,,,,,,,,,,,reseaux,,LAVAL,,53,,,,,,,,,,,,,,,,,,,,,,,,,,,,,,,317694305,31769430500036,43.21A,,,,,,,,,,,sirene,
ISOWATT,,,a contacter,,,,,,,,,,,,reseaux,,DARDILLY,,69,,,,,,,,,,,,,,,,,,,,,,,,,,,,,,,493774160,49377416000037,43.21A,,,,,,,,,,,sirene,
ISTAL ENERGIES,,,a contacter,,,,,,,,,,,,reseaux,,AUBAGNE,,13,,,,,,,,,,,,,,,,,,,,,,,,,,,,,,,750116626,75011662600037,43.21A,,,,,,,,,,,sirene,
ISTEL,,,a contacter,,,,,,,,,,,,reseaux,,VILLEBON-SUR-YVETTE,,91,,,,,,,,,,,,,,,,,,,,,,,,,,,,,,,341631075,34163107500056,43.21A,,,,,,,,,,,sirene,
ISULA SERVICES,,,a contacter,,,,,,,,,,,,reseaux,,AJACCIO,,2A,,,,,,,,,,,,,,,,,,,,,,,,,,,,,,,537791717,53779171700029,43.21A,,,,,,,,,,,sirene,
IT'LEC,,,a contacter,,,,,,,,,,,,reseaux,,DOMESSIN,,73,,,,,,,,,,,,,,,,,,,,,,,,,,,,,,,444126528,44412652800066,43.21A,,,,,,,,,,,sirene,
ITAXIA,,,a contacter,,,,,,,,,,,,reseaux,,MORNANT,,69,,,,,,,,,,,,,,,,,,,,,,,,,,,,,,,804313963,80431396300014,43.21A,,,,,,,,,,,sirene,
ITESYA,,,a contacter,,,,,,,,,,,,reseaux,,AUTECHAUX,,25,,,,,,,,,,,,,,,,,,,,,,,,,,,,,,,301793881,30179388100071,43.21A,,,,,,,,,,,sirene,
ITPECO,,,a contacter,,,,,,,,,,,,reseaux,,BORDEAUX,,33,,,,,,,,,,,,,,,,,,,,,,,,,,,,,,,901342311,90134231100015,43.21A,,,,,,,,,,,sirene,
IVACOM,,,a contacter,,,,,,,,,,,,reseaux,,MAXEVILLE,,54,,,,,,,,,,,,,,,,,,,,,,,,,,,,,,,884664293,88466429300047,42.22Z,,,,,,,,,,,sirene,
IVAGRI,,,a contacter,,,,,,,,,,,,reseaux,,WORMHOUT,,59,,,,,,,,,,,,,,,,,,,,,,,,,,,,,,,827720459,82772045900029,43.21A,,,,,,,,,,,sirene,
IVT SECURITY,,,a contacter,,,,,,,,,,,,reseaux,,YAINVILLE,,76,,,,,,,,,,,,,,,,,,,,,,,,,,,,,,,505079228,50507922800035,43.21A,,,,,,,,,,,sirene,
IYAJANN INTERNATIONNAL,,,a contacter,,,,,,,,,,,,reseaux,,LA COURNEUVE,,93,,,,,,,,,,,,,,,,,,,,,,,,,,,,,,,522547876,52254787600014,61.90Z,,,,,,,,,,,sirene,
J. GRENOT,,,a contacter,,,,,,,,,,,,reseaux,,ANNONAY,,07,,,,,,,,,,,,,,,,,,,,,,,,,,,,,,,309113504,30911350400026,43.21B,,,,,,,,,,,sirene,
J.B.M CONNECT,,,a contacter,,,,,,,,,,,,reseaux,,EPINAL,,88,,,,,,,,,,,,,,,,,,,,,,,,,,,,,,,894668466,89466846600010,61.90Z,,,,,,,,,,,sirene,
J.D. ELEC,,,a contacter,,,,,,,,,,,,reseaux,,LE CREUSOT,,71,,,,,,,,,,,,,,,,,,,,,,,,,,,,,,,388302028,38830202800039,43.21A,,,,,,,,,,,sirene,
J.S ENTERPRISE,,,a contacter,,,,,,,,,,,,reseaux,,OZOIR-LA-FERRIERE,,77,,,,,,,,,,,,,,,,,,,,,,,,,,,,,,,911246437,91124643700022,43.21A,,,,,,,,,,,sirene,
J.S.I.E.,,,a contacter,,,,,,,,,,,,reseaux,,LA CHAPELLE-EN-SERVAL,,60,,,,,,,,,,,,,,,,,,,,,,,,,,,,,,,515160240,51516024000062,43.21A,,,,,,,,,,,sirene,
J.THERM,,,a contacter,,,,,,,,,,,,reseaux,,SAINT-CHRISTOPHE-DES-BARDES,,33,,,,,,,,,,,,,,,,,,,,,,,,,,,,,,,334454402,33445440200028,43.21A,,,,,,,,,,,sirene,
J2S TELECOM,,,a contacter,,,,,,,,,,,,reseaux,,BRUZ,,35,,,,,,,,,,,,,,,,,,,,,,,,,,,,,,,519979751,51997975100038,61.90Z,,,,,,,,,,,sirene,
JAC ELEC,,,a contacter,,,,,,,,,,,,reseaux,,WINGERSHEIM LES QUATRE BANS,,67,,,,,,,,,,,,,,,,,,,,,,,,,,,,,,,440552552,44055255200026,43.21A,,,,,,,,,,,sirene,
JACQUET CYPRIEN,,,a contacter,,,,,,,,,,,,reseaux,,COUTOUVRE,,42,,,,,,,,,,,,,,,,,,,,,,,,,,,,,,,788813228,78881322800012,43.21A,,,,,,,,,,,sirene,
JACQUET ELECTRICITE,,,a contacter,,,,,,,,,,,,reseaux,,CHABONS,,38,,,,,,,,,,,,,,,,,,,,,,,,,,,,,,,793021908,79302190800017,43.21A,,,,,,,,,,,sirene,
JADELEC,,,a contacter,,,,,,,,,,,,reseaux,,LA COURNEUVE,,93,,,,,,,,,,,,,,,,,,,,,,,,,,,,,,,513968438,51396843800038,43.21A,,,,,,,,,,,sirene,
JANNELEC,,,a contacter,,,,,,,,,,,,reseaux,,FLERS,,61,,,,,,,,,,,,,,,,,,,,,,,,,,,,,,,414802694,41480269400011,43.21A,,,,,,,,,,,sirene,
JASON,,,a contacter,,,,,,,,,,,,reseaux,,SAINT-QUENTIN-FALLAVIER,,38,,,,,,,,,,,,,,,,,,,,,,,,,,,,,,,484587837,48458783700051,43.21A,,,,,,,,,,,sirene,
JAULGELEC,,,a contacter,,,,,,,,,,,,reseaux,,SAINT-FLORENTIN,,89,,,,,,,,,,,,,,,,,,,,,,,,,,,,,,,401833660,40183366000020,43.21A,,,,,,,,,,,sirene,
JBD ELECTRICITE,,,a contacter,,,,,,,,,,,,reseaux,,ERVY-LE-CHATEL,,10,,,,,,,,,,,,,,,,,,,,,,,,,,,,,,,810169383,81016938300025,43.21A,,,,,,,,,,,sirene,
JBS-TEC,,,a contacter,,,,,,,,,,,,reseaux,,VILLIERS-SUR-ORGE,,91,,,,,,,,,,,,,,,,,,,,,,,,,,,,,,,898512967,89851296700016,43.21A,,,,,,,,,,,sirene,
JCFI,,,a contacter,,,,,,,,,,,,reseaux,,CORBEIL-ESSONNES,,91,,,,,,,,,,,,,,,,,,,,,,,,,,,,,,,843395153,84339515300011,43.21A,,,,,,,,,,,sirene,
JCM SOLAR,,,a contacter,,,,,,,,,,,,reseaux,,LES PONTS-DE-CE,,49,,,,,,,,,,,,,,,,,,,,,,,,,,,,,,,808522817,80852281700028,43.21A,,,,,,,,,,,sirene,
JCT,,,a contacter,,,,,,,,,,,,reseaux,,GARDANNE,,13,,,,,,,,,,,,,,,,,,,,,,,,,,,,,,,503427122,50342712200018,43.21A,,,,,,,,,,,sirene,
JD ENERGIES,,,a contacter,,,,,,,,,,,,reseaux,,PONT-DU-CHATEAU,,63,,,,,,,,,,,,,,,,,,,,,,,,,,,,,,,791860034,79186003400036,43.21A,,,,,,,,,,,sirene,
JEAN CHEVALIER (1DPE),,,a contacter,,,,,,,,,,,,reseaux,,LE TAMPON,,974,,,,,,,,,,,,,,,,,,,,,,,,,,,,,,,799524806,79952480600046,43.21A,,,,,,,,,,,sirene,
JEAN LUC PERRIN ET FILS,,,a contacter,,,,,,,,,,,,reseaux,,TASSIN-LA-DEMI-LUNE,,69,,,,,,,,,,,,,,,,,,,,,,,,,,,,,,,807875075,80787507500028,43.21A,,,,,,,,,,,sirene,
JEAN MARIE FLACASSIER,,,a contacter,,,,,,,,,,,,reseaux,,PANAZOL,,87,,,,,,,,,,,,,,,,,,,,,,,,,,,,,,,428896476,42889647600028,43.21A,,,,,,,,,,,sirene,
JEAN THIANCOURT (OUEST BTP),,,a contacter,,,,,,,,,,,,reseaux,,SAINT-DENIS,,974,,,,,,,,,,,,,,,,,,,,,,,,,,,,,,,325972065,32597206500040,42.21Z,,,,,,,,,,,sirene,
JEAN TOURRES,,,a contacter,,,,,,,,,,,,reseaux,,ALENYA,,66,,,,,,,,,,,,,,,,,,,,,,,,,,,,,,,347432916,34743291600026,43.21A,,,,,,,,,,,sirene,
JEAN-FRANCOIS PILLET & ASSOCIES,,,a contacter,,,,,,,,,,,,reseaux,,BEAUVOIR-SUR-MER,,85,,,,,,,,,,,,,,,,,,,,,,,,,,,,,,,448036186,44803618600014,43.21A,,,,,,,,,,,sirene,
JESTOCKE.COM,,,a contacter,,,,,,,,,,,,reseaux,,BEGLES,,33,,,,,,,,,,,,,,,,,,,,,,,,,,,,,,,790969729,79096972900025,61.10Z,,,,,,,,,,,sirene,
JET COMMUNICATION,,,a contacter,,,,,,,,,,,,reseaux,,SAINT-JULIEN-LES-VILLAS,,10,,,,,,,,,,,,,,,,,,,,,,,,,,,,,,,394367957,39436795700021,61.90Z,,,,,,,,,,,sirene,
JETRELEC,,,a contacter,,,,,,,,,,,,reseaux,,OLLAINVILLE,,91,,,,,,,,,,,,,,,,,,,,,,,,,,,,,,,481728053,48172805300036,43.21A,,,,,,,,,,,sirene,
JFK EVOLUTION,,,a contacter,,,,,,,,,,,,reseaux,,LYON,,69,,,,,,,,,,,,,,,,,,,,,,,,,,,,,,,493900880,49390088000011,43.21A,,,,,,,,,,,sirene,
JKR FIBRE,,,a contacter,,,,,,,,,,,,reseaux,,MONTELIMAR,,26,,,,,,,,,,,,,,,,,,,,,,,,,,,,,,,878154046,87815404600014,43.21A,,,,,,,,,,,sirene,
JL SYSTEMS,,,a contacter,,,,,,,,,,,,reseaux,,SAINT-ETIENNE,,42,,,,,,,,,,,,,,,,,,,,,,,,,,,,,,,514158146,51415814600027,61.90Z,,,,,,,,,,,sirene,
JLT ELECTRICITE,,,a contacter,,,,,,,,,,,,reseaux,,VILLAZ,,74,,,,,,,,,,,,,,,,,,,,,,,,,,,,,,,750333213,75033321300015,43.21A,,,,,,,,,,,sirene,
JMB ELECOM,,,a contacter,,,,,,,,,,,,reseaux,,CHANAS,,38,,,,,,,,,,,,,,,,,,,,,,,,,,,,,,,829509918,82950991800043,43.21A,,,,,,,,,,,sirene,
JMD ELEC GENERALE,,,a contacter,,,,,,,,,,,,reseaux,,EAUBONNE,,95,,,,,,,,,,,,,,,,,,,,,,,,,,,,,,,789433885,78943388500058,43.21A,,,,,,,,,,,sirene,
JME,,,a contacter,,,,,,,,,,,,reseaux,,CHATEAU-L'EVEQUE,,24,,,,,,,,,,,,,,,,,,,,,,,,,,,,,,,839277977,83927797700022,43.21A,,,,,,,,,,,sirene,
JOHAN VALADEAU,,,a contacter,,,,,,,,,,,,reseaux,,LE MOULE,,971,,,,,,,,,,,,,,,,,,,,,,,,,,,,,,,434466991,43446699100016,43.21A,,,,,,,,,,,sirene,
JOHN LE BECHEC,,,a contacter,,,,,,,,,,,,reseaux,,LE THUIT DE L'OISON,,27,,,,,,,,,,,,,,,,,,,,,,,,,,,,,,,503830218,50383021800031,43.21A,,,,,,,,,,,sirene,
JOLIGREG,,,a contacter,,,,,,,,,,,,reseaux,,PARIS,,75,,,,,,,,,,,,,,,,,,,,,,,,,,,,,,,392031894,39203189400026,61.90Z,,,,,,,,,,,sirene,
JOLIVE ELEC,,,a contacter,,,,,,,,,,,,reseaux,,CHANTEPIE,,35,,,,,,,,,,,,,,,,,,,,,,,,,,,,,,,442519690,44251969000030,43.21A,,,,,,,,,,,sirene,
JORDANNE SERVICES ELECTRICITE - JSE,,,a contacter,,,,,,,,,,,,reseaux,,NAUCELLES,,15,,,,,,,,,,,,,,,,,,,,,,,,,,,,,,,803068261,80306826100020,43.21A,,,,,,,,,,,sirene,
JOUBERT ELEC,,,a contacter,,,,,,,,,,,,reseaux,,TREMENTINES,,49,,,,,,,,,,,,,,,,,,,,,,,,,,,,,,,790552400,79055240000026,43.21A,,,,,,,,,,,sirene,
JOUBERT EQUIPEMENT,,,a contacter,,,,,,,,,,,,reseaux,,SAINT-ETIENNE,,42,,,,,,,,,,,,,,,,,,,,,,,,,,,,,,,400483905,40048390500032,43.21A,,,,,,,,,,,sirene,
JOULAIN SAS,,,a contacter,,,,,,,,,,,,reseaux,,PANNECE,,44,,,,,,,,,,,,,,,,,,,,,,,,,,,,,,,301351136,30135113600017,43.21A,,,,,,,,,,,sirene,
JOURDAN CRESPIN,,,a contacter,,,,,,,,,,,,reseaux,,MELESSE,,35,,,,,,,,,,,,,,,,,,,,,,,,,,,,,,,441072600,44107260000022,43.21A,,,,,,,,,,,sirene,
JOYEZ-STEURS ELECTRICITE,,,a contacter,,,,,,,,,,,,reseaux,,CALAIS,,62,,,,,,,,,,,,,,,,,,,,,,,,,,,,,,,811097278,81109727800022,43.21A,,,,,,,,,,,sirene,
JP SANTINI ELECTRICITE,,,a contacter,,,,,,,,,,,,reseaux,,PORTO-VECCHIO,,2A,,,,,,,,,,,,,,,,,,,,,,,,,,,,,,,388140238,38814023800022,43.21A,,,,,,,,,,,sirene,
JPG ELECTRONIQUE,,,a contacter,,,,,,,,,,,,reseaux,,STE GENEVIEVE DES BOIS,,91,,,,,,,,,,,,,,,,,,,,,,,,,,,,,,,350574547,35057454700054,43.21A,,,,,,,,,,,sirene,
JPR,,,a contacter,,,,,,,,,,,,reseaux,,RENNES,,35,,,,,,,,,,,,,,,,,,,,,,,,,,,,,,,340177070,34017707000026,43.21A,,,,,,,,,,,sirene,
JPSUN,,,a contacter,,,,,,,,,,,,reseaux,,MIOS,,33,,,,,,,,,,,,,,,,,,,,,,,,,,,,,,,514366525,51436652500038,43.21A,,,,,,,,,,,sirene,
JR ENERGIE CONSEIL,,,a contacter,,,,,,,,,,,,reseaux,,COURNON-D'AUVERGNE,,63,,,,,,,,,,,,,,,,,,,,,,,,,,,,,,,824588537,82458853700020,43.21A,,,,,,,,,,,sirene,
JRT,,,a contacter,,,,,,,,,,,,reseaux,,MELUN,,77,,,,,,,,,,,,,,,,,,,,,,,,,,,,,,,838254357,83825435700018,61.10Z,,,,,,,,,,,sirene,
JS ELEC,,,a contacter,,,,,,,,,,,,reseaux,,HINDISHEIM,,67,,,,,,,,,,,,,,,,,,,,,,,,,,,,,,,832283170,83228317000021,43.21A,,,,,,,,,,,sirene,
JSC FRANCE,,,a contacter,,,,,,,,,,,,reseaux,,SEVRES,,92,,,,,,,,,,,,,,,,,,,,,,,,,,,,,,,844442228,84444222800020,42.22Z,,,,,,,,,,,sirene,
JTLEC,,,a contacter,,,,,,,,,,,,reseaux,,CHARLEVAL,,13,,,,,,,,,,,,,,,,,,,,,,,,,,,,,,,794959841,79495984100030,43.21A,,,,,,,,,,,sirene,
JTSCOM,,,a contacter,,,,,,,,,,,,reseaux,,NEUILLY-SUR-SEINE,,92,,,,,,,,,,,,,,,,,,,,,,,,,,,,,,,851204503,85120450300037,61.10Z,,,,,,,,,,,sirene,
JULHE ELECTRICITE INDUSTRIELLE SAS,,,a contacter,,,,,,,,,,,,reseaux,,MERY-SUR-OISE,,95,,,,,,,,,,,,,,,,,,,,,,,,,,,,,,,752650879,75265087900022,43.21A,,,,,,,,,,,sirene,
JULIEN BELLEMBOIS (SESG),,,a contacter,,,,,,,,,,,,reseaux,,BEAURAINS,,62,,,,,,,,,,,,,,,,,,,,,,,,,,,,,,,812349132,81234913200033,43.21A,,,,,,,,,,,sirene,
JULIEN ELECTRICITE,,,a contacter,,,,,,,,,,,,reseaux,,ESPALION,,12,,,,,,,,,,,,,,,,,,,,,,,,,,,,,,,880050398,88005039800028,43.21A,,,,,,,,,,,sirene,
JULIOT,,,a contacter,,,,,,,,,,,,reseaux,,ESSARTS-EN-BOCAGE,,85,,,,,,,,,,,,,,,,,,,,,,,,,,,,,,,340248566,34024856600044,43.21A,,,,,,,,,,,sirene,
JUSTE LIONEL ELECTRICITE,,,a contacter,,,,,,,,,,,,reseaux,,VILLAZ,,74,,,,,,,,,,,,,,,,,,,,,,,,,,,,,,,480212844,48021284400033,43.21A,,,,,,,,,,,sirene,
JV ELECTRICITE,,,a contacter,,,,,,,,,,,,reseaux,,CHOMERAC,,07,,,,,,,,,,,,,,,,,,,,,,,,,,,,,,,488542168,48854216800023,43.21A,,,,,,,,,,,sirene,
JYMETA,,,a contacter,,,,,,,,,,,,reseaux,,SAINT-HERBLAIN,,44,,,,,,,,,,,,,,,,,,,,,,,,,,,,,,,305946220,30594622000053,43.21A,,,,,,,,,,,sirene,
K-NET,,,a contacter,,,,,,,,,,,,reseaux,,LYON,,69,,,,,,,,,,,,,,,,,,,,,,,,,,,,,,,437849631,43784963100167,61.10Z,,,,,,,,,,,sirene,
K. CLEKA ELECTRICITE,,,a contacter,,,,,,,,,,,,reseaux,,RIVIERE-SALEE,,972,,,,,,,,,,,,,,,,,,,,,,,,,,,,,,,518127816,51812781600016,43.21A,,,,,,,,,,,sirene,
K3E,,,a contacter,,,,,,,,,,,,reseaux,,MOTHERN,,67,,,,,,,,,,,,,,,,,,,,,,,,,,,,,,,525122685,52512268500023,43.21A,,,,,,,,,,,sirene,
KABTELECOM,,,a contacter,,,,,,,,,,,,reseaux,,PARIS,,75,,,,,,,,,,,,,,,,,,,,,,,,,,,,,,,887548808,88754880800021,43.21A,,,,,,,,,,,sirene,
KALIACOM,,,a contacter,,,,,,,,,,,,reseaux,,LILLE,,59,,,,,,,,,,,,,,,,,,,,,,,,,,,,,,,438967184,43896718400054,61.90Z,,,,,,,,,,,sirene,
KAMESS HABITAT,,,a contacter,,,,,,,,,,,,reseaux,,BEGLES,,33,,,,,,,,,,,,,,,,,,,,,,,,,,,,,,,834015000,83401500000021,43.21A,,,,,,,,,,,sirene,
KAUFF ENERGY,,,a contacter,,,,,,,,,,,,reseaux,,SIX-FOURS-LES-PLAGES,,83,,,,,,,,,,,,,,,,,,,,,,,,,,,,,,,819264409,81926440900023,43.21A,,,,,,,,,,,sirene,
KAUFFMANN ELECTRICITE,,,a contacter,,,,,,,,,,,,reseaux,,SAINT-MAX,,54,,,,,,,,,,,,,,,,,,,,,,,,,,,,,,,379119282,37911928200018,43.21A,,,,,,,,,,,sirene,
KEOS TELECOM,,,a contacter,,,,,,,,,,,,reseaux,,PARIS,,75,,,,,,,,,,,,,,,,,,,,,,,,,,,,,,,879406098,87940609800027,61.20Z,,,,,,,,,,,sirene,
KEYYO,,,a contacter,,,,,,,,,,,,reseaux,,CLICHY,,92,,,,,,,,,,,,,,,,,,,,,,,,,,,,,,,390081156,39008115600213,61.10Z,,,,,,,,,,,sirene,
KG RENOVATION,,,a contacter,,,,,,,,,,,,reseaux,,ASNIERES-SUR-SEINE,,92,,,,,,,,,,,,,,,,,,,,,,,,,,,,,,,499845279,49984527900011,43.21A,,,,,,,,,,,sirene,
KH ENERGY,,,a contacter,,,,,,,,,,,,reseaux,,BALANOD,,39,,,,,,,,,,,,,,,,,,,,,,,,,,,,,,,889733861,88973386100039,43.21A,,,,,,,,,,,sirene,
KHALIS TELECOM SERVICE,,,a contacter,,,,,,,,,,,,reseaux,,CHALONS-EN-CHAMPAGNE,,51,,,,,,,,,,,,,,,,,,,,,,,,,,,,,,,451774665,45177466500074,61.90Z,,,,,,,,,,,sirene,
KIECE,,,a contacter,,,,,,,,,,,,reseaux,,AMIENS,,80,,,,,,,,,,,,,,,,,,,,,,,,,,,,,,,484238514,48423851400042,43.21A,,,,,,,,,,,sirene,
KIPING GENIE ELECTRIQUE ET MAINTENANCE,,,a contacter,,,,,,,,,,,,reseaux,,MARSEILLE,,13,,,,,,,,,,,,,,,,,,,,,,,,,,,,,,,504236225,50423622500034,43.21A,,,,,,,,,,,sirene,
KIT BAT,,,a contacter,,,,,,,,,,,,reseaux,,CHENE-EN-SEMINE,,74,,,,,,,,,,,,,,,,,,,,,,,,,,,,,,,838699460,83869946000021,43.21A,,,,,,,,,,,sirene,
KJ BAT,,,a contacter,,,,,,,,,,,,reseaux,,ESPERE,,46,,,,,,,,,,,,,,,,,,,,,,,,,,,,,,,843887068,84388706800024,43.21A,,,,,,,,,,,sirene,
KNG,,,a contacter,,,,,,,,,,,,reseaux,,SELESTAT,,67,,,,,,,,,,,,,,,,,,,,,,,,,,,,,,,889201026,88920102600016,43.21A,,,,,,,,,,,sirene,
KOARIO,,,a contacter,,,,,,,,,,,,reseaux,,ALIXAN,,26,,,,,,,,,,,,,,,,,,,,,,,,,,,,,,,499812048,49981204800027,61.20Z,,,,,,,,,,,sirene,
KOESIO NETWORKS,,,a contacter,,,,,,,,,,,,reseaux,,VALENCE,,26,,,,,,,,,,,,,,,,,,,,,,,,,,,,,,,521370692,52137069200035,61.10Z,,,,,,,,,,,sirene,
KOLIBRI TELECOM GUADELOUPE,,,a contacter,,,,,,,,,,,,reseaux,,BAIE-MAHAULT,,971,,,,,,,,,,,,,,,,,,,,,,,,,,,,,,,879576478,87957647800025,42.22Z,,,,,,,,,,,sirene,
KOMEO,,,a contacter,,,,,,,,,,,,reseaux,,MARCQ-EN-BARŒUL,,59,,,,,,,,,,,,,,,,,,,,,,,,,,,,,,,490051117,49005111700052,61.10Z,,,,,,,,,,,sirene,
KONNECT.IT,,,a contacter,,,,,,,,,,,,reseaux,,SAINT-ALBAN-LEYSSE,,73,,,,,,,,,,,,,,,,,,,,,,,,,,,,,,,791578446,79157844600035,43.21A,,,,,,,,,,,sirene,
KORERO,,,a contacter,,,,,,,,,,,,reseaux,,SAINT-AVIT,,40,,,,,,,,,,,,,,,,,,,,,,,,,,,,,,,843630765,84363076500033,43.21A,,,,,,,,,,,sirene,
KREAVIA,,,a contacter,,,,,,,,,,,,reseaux,,BRESSUIRE,,79,,,,,,,,,,,,,,,,,,,,,,,,,,,,,,,903300945,90330094500016,43.21A,,,,,,,,,,,sirene,
KRICK,,,a contacter,,,,,,,,,,,,reseaux,,THAON-LES-VOSGES,,88,,,,,,,,,,,,,,,,,,,,,,,,,,,,,,,408029148,40802914800017,43.21A,,,,,,,,,,,sirene,
KS ENERGIE,,,a contacter,,,,,,,,,,,,reseaux,,BISCHHEIM,,67,,,,,,,,,,,,,,,,,,,,,,,,,,,,,,,823360003,82336000300029,43.21A,,,,,,,,,,,sirene,
KS TELECOM,,,a contacter,,,,,,,,,,,,reseaux,,VERTOU,,44,,,,,,,,,,,,,,,,,,,,,,,,,,,,,,,411464910,41146491000057,43.21A,,,,,,,,,,,sirene,
KSI SECURITE,,,a contacter,,,,,,,,,,,,reseaux,,RUITZ,,62,,,,,,,,,,,,,,,,,,,,,,,,,,,,,,,813240256,81324025600020,43.21A,,,,,,,,,,,sirene,
KTK FIBRE,,,a contacter,,,,,,,,,,,,reseaux,,SAINT-DENIS,,93,,,,,,,,,,,,,,,,,,,,,,,,,,,,,,,948052139,94805213900029,61.90Z,,,,,,,,,,,sirene,
KUSMIEREK-BEZARD-JAMET,,,a contacter,,,,,,,,,,,,reseaux,,LA RICHE,,37,,,,,,,,,,,,,,,,,,,,,,,,,,,,,,,335143863,33514386300033,43.21A,,,,,,,,,,,sirene,
KWALA FAYA,,,a contacter,,,,,,,,,,,,reseaux,,MATOURY,,973,,,,,,,,,,,,,,,,,,,,,,,,,,,,,,,753678010,75367801000038,43.21A,,,,,,,,,,,sirene,
KYNTUS RESEAUX,,,a contacter,,,,,,,,,,,,reseaux,,VELIZY-VILLACOUBLAY,,78,,,,,,,,,,,,,,,,,,,,,,,,,,,,,,,880938907,88093890700016,42.22Z,,,,,,,,,,,sirene,
L ECLAIR,,,a contacter,,,,,,,,,,,,reseaux,,ROMAGNAT,,63,,,,,,,,,,,,,,,,,,,,,,,,,,,,,,,440290823,44029082300044,42.22Z,,,,,,,,,,,sirene,
L&S'COM,,,a contacter,,,,,,,,,,,,reseaux,,ROSNY-SOUS-BOIS,,93,,,,,,,,,,,,,,,,,,,,,,,,,,,,,,,877811752,87781175200022,61.90Z,,,,,,,,,,,sirene,
L' AGENCE TELECOM,,,a contacter,,,,,,,,,,,,reseaux,,MARSEILLE,,13,,,,,,,,,,,,,,,,,,,,,,,,,,,,,,,492563218,49256321800071,61.90Z,,,,,,,,,,,sirene,
L'ARIEGEOISE DE TELECOMMUNICATION SARL,,,a contacter,,,,,,,,,,,,reseaux,,CRAMPAGNA,,09,,,,,,,,,,,,,,,,,,,,,,,,,,,,,,,310436936,31043693600028,42.22Z,,,,,,,,,,,sirene,
L'ATELIER DES ENERGIES,,,a contacter,,,,,,,,,,,,reseaux,,AVRILLE,,49,,,,,,,,,,,,,,,,,,,,,,,,,,,,,,,808454235,80845423500017,43.21A,,,,,,,,,,,sirene,
L'ELECTRICITE,,,a contacter,,,,,,,,,,,,reseaux,,LYON,,69,,,,,,,,,,,,,,,,,,,,,,,,,,,,,,,957521438,95752143800011,43.21A,,,,,,,,,,,sirene,
L'ENTRE-PRISE GODFROY,,,a contacter,,,,,,,,,,,,reseaux,,EVREUX,,27,,,,,,,,,,,,,,,,,,,,,,,,,,,,,,,788609642,78860964200038,43.21A,,,,,,,,,,,sirene,
L'ENTREPRISE ELECTRIQUE,,,a contacter,,,,,,,,,,,,reseaux,,CLERMONT-FERRAND,,63,,,,,,,,,,,,,,,,,,,,,,,,,,,,,,,862200011,86220001100016,42.22Z,,,,,,,,,,,sirene,
L'EST ELECTRIQUE,,,a contacter,,,,,,,,,,,,reseaux,,ROCHE-LEZ-BEAUPRE,,25,,,,,,,,,,,,,,,,,,,,,,,,,,,,,,,429028525,42902852500021,43.21A,,,,,,,,,,,sirene,
L'ILE EAU COURANT,,,a contacter,,,,,,,,,,,,reseaux,,L'ILE-D'YEU,,85,,,,,,,,,,,,,,,,,,,,,,,,,,,,,,,531049229,53104922900028,43.21A,,,,,,,,,,,sirene,
L'UNION DES ELECTRICIENS,,,a contacter,,,,,,,,,,,,reseaux,,BOUILLY,,10,,,,,,,,,,,,,,,,,,,,,,,,,,,,,,,562012526,56201252600025,42.22Z,,,,,,,,,,,sirene,
L.C.E.,,,a contacter,,,,,,,,,,,,reseaux,,LE PETIT-QUEVILLY,,76,,,,,,,,,,,,,,,,,,,,,,,,,,,,,,,752471128,75247112800039,43.21A,,,,,,,,,,,sirene,
L.C.T.,,,a contacter,,,,,,,,,,,,reseaux,,JUILLAN,,65,,,,,,,,,,,,,,,,,,,,,,,,,,,,,,,434995981,43499598100025,61.20Z,,,,,,,,,,,sirene,
L.E.D.,,,a contacter,,,,,,,,,,,,reseaux,,OZOIR-LA-FERRIERE,,77,,,,,,,,,,,,,,,,,,,,,,,,,,,,,,,791475817,79147581700023,43.21A,,,,,,,,,,,sirene,
L.G.MILANINI BTP,,,a contacter,,,,,,,,,,,,reseaux,,PORTO-VECCHIO,,2A,,,,,,,,,,,,,,,,,,,,,,,,,,,,,,,393384284,39338428400013,42.21Z,,,,,,,,,,,sirene,
L.G.P.,,,a contacter,,,,,,,,,,,,reseaux,,LAVAL,,53,,,,,,,,,,,,,,,,,,,,,,,,,,,,,,,502064272,50206427200045,43.21A,,,,,,,,,,,sirene,
L.T.E,,,a contacter,,,,,,,,,,,,reseaux,,MAINVILLIERS,,28,,,,,,,,,,,,,,,,,,,,,,,,,,,,,,,424451904,42445190400025,43.21A,,,,,,,,,,,sirene,
L2E,,,a contacter,,,,,,,,,,,,reseaux,,GRATENTOUR,,31,,,,,,,,,,,,,,,,,,,,,,,,,,,,,,,498194109,49819410900027,43.21A,,,,,,,,,,,sirene,
LA BOUTIQUE DE L' ENERGIE,,,a contacter,,,,,,,,,,,,reseaux,,LE PONTET,,84,,,,,,,,,,,,,,,,,,,,,,,,,,,,,,,839331436,83933143600023,43.21A,,,,,,,,,,,sirene,
LA BOUTIQUE DU TELEPHONE,,,a contacter,,,,,,,,,,,,reseaux,,ROSIERES-PRES-TROYES,,10,,,,,,,,,,,,,,,,,,,,,,,,,,,,,,,447635764,44763576400163,61.90Z,,,,,,,,,,,sirene,
LA CELTIQUE TP,,,a contacter,,,,,,,,,,,,reseaux,,VERRIERES-LE-BUISSON,,91,,,,,,,,,,,,,,,,,,,,,,,,,,,,,,,400285763,40028576300035,42.21Z,,,,,,,,,,,sirene,
LA COLMARIENNE D'ELECTRICITE ET DE MAINTENANCE,,,a contacter,,,,,,,,,,,,reseaux,,COLMAR,,68,,,,,,,,,,,,,,,,,,,,,,,,,,,,,,,493396899,49339689900046,43.21A,,,,,,,,,,,sirene,
LA DYNAMIQUE ELECTRIQUE,,,a contacter,,,,,,,,,,,,reseaux,,SIVRY-COURTRY,,77,,,,,,,,,,,,,,,,,,,,,,,,,,,,,,,329516652,32951665200024,43.21A,,,,,,,,,,,sirene,
LA LIMOUSINE,,,a contacter,,,,,,,,,,,,reseaux,,SAINT-MAUR-DES-FOSSES,,94,,,,,,,,,,,,,,,,,,,,,,,,,,,,,,,592012496,59201249600069,42.21Z,,,,,,,,,,,sirene,
LA MAISON DES ENERGIES,,,a contacter,,,,,,,,,,,,reseaux,,MUNDOLSHEIM,,67,,,,,,,,,,,,,,,,,,,,,,,,,,,,,,,511528051,51152805100044,43.21A,,,,,,,,,,,sirene,
LA MANUFACTURE DE L'ELEC,,,a contacter,,,,,,,,,,,,reseaux,,VILLARS,,42,,,,,,,,,,,,,,,,,,,,,,,,,,,,,,,817535719,81753571900030,43.21A,,,,,,,,,,,sirene,
LA METROPOLITAINE D'ENTREPRISE D'ELECTRICITE PARIS,,,a contacter,,,,,,,,,,,,reseaux,,MAISONS-ALFORT,,94,,,,,,,,,,,,,,,,,,,,,,,,,,,,,,,353342736,35334273600025,43.21A,,,,,,,,,,,sirene,
LA METROPOLITAINE D'ENTREPRISE D'ELECTRICITE REGIONS,,,a contacter,,,,,,,,,,,,reseaux,,VAULX-EN-VELIN,,69,,,,,,,,,,,,,,,,,,,,,,,,,,,,,,,353320906,35332090600012,43.21A,,,,,,,,,,,sirene,
LA METROPOLITAINE D'ENTREPRISE D'ELECTRICITE S - M2ES,,,a contacter,,,,,,,,,,,,reseaux,,ANNECY,,74,,,,,,,,,,,,,,,,,,,,,,,,,,,,,,,841025562,84102556200015,43.21A,,,,,,,,,,,sirene,
LA PARISIENNE D'ELECTRICITE,,,a contacter,,,,,,,,,,,,reseaux,,PARIS,,75,,,,,,,,,,,,,,,,,,,,,,,,,,,,,,,421798018,42179801800014,43.21A,,,,,,,,,,,sirene,
LA PIEUVRE DU SUD,,,a contacter,,,,,,,,,,,,reseaux,,MONTPELLIER,,34,,,,,,,,,,,,,,,,,,,,,,,,,,,,,,,752899955,75289995500054,43.21A,,,,,,,,,,,sirene,
LA POSTE TELECOM,,,a contacter,,,,,,,,,,,,reseaux,,CHAVILLE,,92,,,,,,,,,,,,,,,,,,,,,,,,,,,,,,,525254736,52525473600024,61.90Z,,,,,,,,,,,sirene,
LA REGIONALE ELECTRIQUE - CLIMATIQUE - INFORMATIQUE INDUSTRIELLE - LA REGIONALE,,,a contacter,,,,,,,,,,,,reseaux,,SAINTE-LUCE-SUR-LOIRE,,44,,,,,,,,,,,,,,,,,,,,,,,,,,,,,,,856801956,85680195600058,43.21A,,,,,,,,,,,sirene,
LA SATECLIM,,,a contacter,,,,,,,,,,,,reseaux,,LES ABYMES,,971,,,,,,,,,,,,,,,,,,,,,,,,,,,,,,,394130108,39413010800035,43.21A,,,,,,,,,,,sirene,
LA TELEPHONIE ET L'ELECTRONIQUE,,,a contacter,,,,,,,,,,,,reseaux,,PARIS,,75,,,,,,,,,,,,,,,,,,,,,,,,,,,,,,,351266978,35126697800094,43.21A,,,,,,,,,,,sirene,
LA2M,,,a contacter,,,,,,,,,,,,reseaux,,CHASSIEU,,69,,,,,,,,,,,,,,,,,,,,,,,,,,,,,,,893985267,89398526700036,43.21A,,,,,,,,,,,sirene,
LABBE,,,a contacter,,,,,,,,,,,,reseaux,,LES ANGLES,,30,,,,,,,,,,,,,,,,,,,,,,,,,,,,,,,400851838,40085183800047,43.21A,,,,,,,,,,,sirene,
LABEVIERE ELECTRICTE,,,a contacter,,,,,,,,,,,,reseaux,,THONON-LES-BAINS,,74,,,,,,,,,,,,,,,,,,,,,,,,,,,,,,,379932759,37993275900028,43.21A,,,,,,,,,,,sirene,
LAERI T.P,,,a contacter,,,,,,,,,,,,reseaux,,ANNET-SUR-MARNE,,77,,,,,,,,,,,,,,,,,,,,,,,,,,,,,,,524202082,52420208200011,42.21Z,,,,,,,,,,,sirene,
LAFOSSE,,,a contacter,,,,,,,,,,,,reseaux,,CONDE-SUR-VIRE,,50,,,,,,,,,,,,,,,,,,,,,,,,,,,,,,,339171803,33917180300051,43.21B,,,,,,,,,,,sirene,
LAFOURCADE EQUIPEMENTS ELECTRIQUES,,,a contacter,,,,,,,,,,,,reseaux,,MARTIGNAS-SUR-JALLE,,33,,,,,,,,,,,,,,,,,,,,,,,,,,,,,,,390912764,39091276400037,43.21A,,,,,,,,,,,sirene,
LAGES RESEAUX,,,a contacter,,,,,,,,,,,,reseaux,,VILLENEUVE-SUR-LOT,,47,,,,,,,,,,,,,,,,,,,,,,,,,,,,,,,319116752,31911675200050,42.21Z,,,,,,,,,,,sirene,
LAL ATLANTIQUE BATIMENT,,,a contacter,,,,,,,,,,,,reseaux,,OUDON,,44,,,,,,,,,,,,,,,,,,,,,,,,,,,,,,,919465054,91946505400014,43.21A,,,,,,,,,,,sirene,
LAMIA J.P,,,a contacter,,,,,,,,,,,,reseaux,,HAUTEVILLE-LES-DIJON,,21,,,,,,,,,,,,,,,,,,,,,,,,,,,,,,,420234247,42023424700039,43.21A,,,,,,,,,,,sirene,
LAMINE,,,a contacter,,,,,,,,,,,,reseaux,,GOSNAY,,62,,,,,,,,,,,,,,,,,,,,,,,,,,,,,,,479223976,47922397600057,43.21A,,,,,,,,,,,sirene,
LAMOTHE ET DAVID,,,a contacter,,,,,,,,,,,,reseaux,,SAINT-PROUANT,,85,,,,,,,,,,,,,,,,,,,,,,,,,,,,,,,489080887,48908088700032,43.21A,,,,,,,,,,,sirene,
LANELEC,,,a contacter,,,,,,,,,,,,reseaux,,ERSTEIN,,67,,,,,,,,,,,,,,,,,,,,,,,,,,,,,,,401692298,40169229800029,43.21A,,,,,,,,,,,sirene,
LANGELEC ELECTRICITE,,,a contacter,,,,,,,,,,,,reseaux,,THUE ET MUE,,14,,,,,,,,,,,,,,,,,,,,,,,,,,,,,,,489438192,48943819200028,43.21A,,,,,,,,,,,sirene,
LANOUE FLORENT,,,a contacter,,,,,,,,,,,,reseaux,,LES EPESSES,,85,,,,,,,,,,,,,,,,,,,,,,,,,,,,,,,501098990,50109899000028,43.21A,,,,,,,,,,,sirene,
LANZ ELEC,,,a contacter,,,,,,,,,,,,reseaux,,COURSAN,,11,,,,,,,,,,,,,,,,,,,,,,,,,,,,,,,340151752,34015175200045,43.21A,,,,,,,,,,,sirene,
LAPIERRE,,,a contacter,,,,,,,,,,,,reseaux,,FAUVERNEY,,21,,,,,,,,,,,,,,,,,,,,,,,,,,,,,,,342090842,34209084200044,43.21A,,,,,,,,,,,sirene,
LARA SERVICES,,,a contacter,,,,,,,,,,,,reseaux,,PARIS,,75,,,,,,,,,,,,,,,,,,,,,,,,,,,,,,,840375505,84037550500038,43.21A,,,,,,,,,,,sirene,
LAROUSSINIE PIERRE,,,a contacter,,,,,,,,,,,,reseaux,,LAFEUILLADE-EN-VEZIE,,15,,,,,,,,,,,,,,,,,,,,,,,,,,,,,,,443604418,44360441800014,43.21A,,,,,,,,,,,sirene,
LARRET ENERGIE,,,a contacter,,,,,,,,,,,,reseaux,,FLOIRAC,,33,,,,,,,,,,,,,,,,,,,,,,,,,,,,,,,501397525,50139752500012,43.21A,,,,,,,,,,,sirene,
LARRIBELEC,,,a contacter,,,,,,,,,,,,reseaux,,MOISSY-CRAMAYEL,,77,,,,,,,,,,,,,,,,,,,,,,,,,,,,,,,453957607,45395760700022,43.21A,,,,,,,,,,,sirene,
LARUE-POUTHIER,,,a contacter,,,,,,,,,,,,reseaux,,OUSSIERES,,39,,,,,,,,,,,,,,,,,,,,,,,,,,,,,,,333005486,33300548600050,43.21A,,,,,,,,,,,sirene,
LASOTEL,,,a contacter,,,,,,,,,,,,reseaux,,VAULX-EN-VELIN,,69,,,,,,,,,,,,,,,,,,,,,,,,,,,,,,,453007437,45300743700057,61.10Z,,,,,,,,,,,sirene,
LATHUILIERE ELECTRICITE,,,a contacter,,,,,,,,,,,,reseaux,,ROCHE-LA-MOLIERE,,42,,,,,,,,,,,,,,,,,,,,,,,,,,,,,,,349539692,34953969200021,43.21A,,,,,,,,,,,sirene,
LAURENT EMPEREUR,,,a contacter,,,,,,,,,,,,reseaux,,PLOUENAN,,29,,,,,,,,,,,,,,,,,,,,,,,,,,,,,,,892828492,89282849200017,43.21A,,,,,,,,,,,sirene,
LAURENT GARIN,,,a contacter,,,,,,,,,,,,reseaux,,PLOMELIN,,29,,,,,,,,,,,,,,,,,,,,,,,,,,,,,,,390097087,39009708700014,43.21A,,,,,,,,,,,sirene,
LAURIERE ET FILS,,,a contacter,,,,,,,,,,,,reseaux,,SAINT-FRONT-DE-PRADOUX,,24,,,,,,,,,,,,,,,,,,,,,,,,,,,,,,,423227578,42322757800014,42.21Z,,,,,,,,,,,sirene,
LAURIN ELECTRICITE,,,a contacter,,,,,,,,,,,,reseaux,,LEZINNES,,89,,,,,,,,,,,,,,,,,,,,,,,,,,,,,,,348888975,34888897500029,43.21A,,,,,,,,,,,sirene,
LAVERGNE-VACHER,,,a contacter,,,,,,,,,,,,reseaux,,PRIGONRIEUX,,24,,,,,,,,,,,,,,,,,,,,,,,,,,,,,,,534047311,53404731100038,43.21A,,,,,,,,,,,sirene,
LAY COM,,,a contacter,,,,,,,,,,,,reseaux,,AUBERVILLIERS,,93,,,,,,,,,,,,,,,,,,,,,,,,,,,,,,,839135688,83913568800050,61.10Z,,,,,,,,,,,sirene,
LBD,,,a contacter,,,,,,,,,,,,reseaux,,ANNEQUIN,,62,,,,,,,,,,,,,,,,,,,,,,,,,,,,,,,889615944,88961594400010,43.21A,,,,,,,,,,,sirene,
LBGE,,,a contacter,,,,,,,,,,,,reseaux,,KERVIGNAC,,56,,,,,,,,,,,,,,,,,,,,,,,,,,,,,,,405222480,40522248000049,43.21A,,,,,,,,,,,sirene,
LCI CONCEPT,,,a contacter,,,,,,,,,,,,reseaux,,GUIPAVAS,,29,,,,,,,,,,,,,,,,,,,,,,,,,,,,,,,799430004,79943000400025,43.21A,,,,,,,,,,,sirene,
LCQH RHONE ALPES,,,a contacter,,,,,,,,,,,,reseaux,,SAINT-PRIEST,,69,,,,,,,,,,,,,,,,,,,,,,,,,,,,,,,484684576,48468457600032,43.21A,,,,,,,,,,,sirene,
LD ACCESS,,,a contacter,,,,,,,,,,,,reseaux,,TOUFFLERS,,59,,,,,,,,,,,,,,,,,,,,,,,,,,,,,,,434630521,43463052100046,43.21A,,,,,,,,,,,sirene,
LE BLEIS - LE GARS,,,a contacter,,,,,,,,,,,,reseaux,,PENMARCH,,29,,,,,,,,,,,,,,,,,,,,,,,,,,,,,,,530135086,53013508600011,43.21A,,,,,,,,,,,sirene,
LE BOHEC ARMOR ELECTRICITE,,,a contacter,,,,,,,,,,,,reseaux,,TREMUSON,,22,,,,,,,,,,,,,,,,,,,,,,,,,,,,,,,535163356,53516335600020,43.21A,,,,,,,,,,,sirene,
LE BOHEC BENOIT,,,a contacter,,,,,,,,,,,,reseaux,,LANDIVISIAU,,29,,,,,,,,,,,,,,,,,,,,,,,,,,,,,,,384157079,38415707900029,43.21A,,,,,,,,,,,sirene,
LE BOURGET COMMUNICATION,,,a contacter,,,,,,,,,,,,reseaux,,LE BOURGET,,93,,,,,,,,,,,,,,,,,,,,,,,,,,,,,,,803720366,80372036600043,61.90Z,,,,,,,,,,,sirene,
LE BRETON BASSELOT,,,a contacter,,,,,,,,,,,,reseaux,,PLEUMELEUC,,35,,,,,,,,,,,,,,,,,,,,,,,,,,,,,,,381755842,38175584200022,43.21A,,,,,,,,,,,sirene,
LE BUREAU DES TELECOMS,,,a contacter,,,,,,,,,,,,reseaux,,PERPIGNAN,,66,,,,,,,,,,,,,,,,,,,,,,,,,,,,,,,823801022,82380102200042,61.10Z,,,,,,,,,,,sirene,
LE CONFORT ELECTRIQUE,,,a contacter,,,,,,,,,,,,reseaux,,ROQUEBRUNE-CAP-MARTIN,,06,,,,,,,,,,,,,,,,,,,,,,,,,,,,,,,397778234,39777823400013,43.21A,,,,,,,,,,,sirene,
LE DU INDUSTRIE,,,a contacter,,,,,,,,,,,,reseaux,,CHATELAUDREN-PLOUAGAT,,22,,,,,,,,,,,,,,,,,,,,,,,,,,,,,,,329778112,32977811200113,43.21A,,,,,,,,,,,sirene,
LE DU RESEAUX,,,a contacter,,,,,,,,,,,,reseaux,,CHATELAUDREN-PLOUAGAT,,22,,,,,,,,,,,,,,,,,,,,,,,,,,,,,,,329778104,32977810400052,42.22Z,,,,,,,,,,,sirene,
LE FEL ELECTRICITE,,,a contacter,,,,,,,,,,,,reseaux,,COUERON,,44,,,,,,,,,,,,,,,,,,,,,,,,,,,,,,,383993029,38399302900040,43.21A,,,,,,,,,,,sirene,
LE NEON PROGRES,,,a contacter,,,,,,,,,,,,reseaux,,BOURG-LA-REINE,,92,,,,,,,,,,,,,,,,,,,,,,,,,,,,,,,439331422,43933142200014,43.21A,,,,,,,,,,,sirene,
LE NICARDOUR,,,a contacter,,,,,,,,,,,,reseaux,,SAINT-AVE,,56,,,,,,,,,,,,,,,,,,,,,,,,,,,,,,,349921825,34992182500031,43.21A,,,,,,,,,,,sirene,
LE PAPILLON JAUNE,,,a contacter,,,,,,,,,,,,reseaux,,ARGENTAT-SUR-DORDOGNE,,19,,,,,,,,,,,,,,,,,,,,,,,,,,,,,,,831398011,83139801100039,43.21A,,,,,,,,,,,sirene,
LE ROI SOLAIRE,,,a contacter,,,,,,,,,,,,reseaux,,SUZE-LA-ROUSSE,,26,,,,,,,,,,,,,,,,,,,,,,,,,,,,,,,509089728,50908972800026,43.21A,,,,,,,,,,,sirene,
LE TEUFF ELECTRICITE,,,a contacter,,,,,,,,,,,,reseaux,,LANESTER,,56,,,,,,,,,,,,,,,,,,,,,,,,,,,,,,,381856335,38185633500033,43.21A,,,,,,,,,,,sirene,
LEALEX,,,a contacter,,,,,,,,,,,,reseaux,,VILLEFRANCHE-SUR-SAONE,,69,,,,,,,,,,,,,,,,,,,,,,,,,,,,,,,451937346,45193734600075,43.21A,,,,,,,,,,,sirene,
LEBAG FRANCE,,,a contacter,,,,,,,,,,,,reseaux,,SAINT LAURENT D'ANDENAY,,71,,,,,,,,,,,,,,,,,,,,,,,,,,,,,,,433903820,43390382000036,42.22Z,,,,,,,,,,,sirene,
LEBARA FRANCE LIMITED,,,a contacter,,,,,,,,,,,,reseaux,,,,,,,,,,,,,,,,,,,,,,,,,,,,,,,,,,,514021708,51402170800011,61.20Z,,,,,,,,,,,sirene,
LEBRETON ELECTRICITE PLOMBERIE CHAUFFAGE,,,a contacter,,,,,,,,,,,,reseaux,,QUEBRIAC,,35,,,,,,,,,,,,,,,,,,,,,,,,,,,,,,,503434987,50343498700023,43.21A,,,,,,,,,,,sirene,
LECOMTE ELECTRIC,,,a contacter,,,,,,,,,,,,reseaux,,DUNKERQUE,,59,,,,,,,,,,,,,,,,,,,,,,,,,,,,,,,519215206,51921520600011,43.21A,,,,,,,,,,,sirene,
LECOULES,,,a contacter,,,,,,,,,,,,reseaux,,CHANGE,,53,,,,,,,,,,,,,,,,,,,,,,,,,,,,,,,438705931,43870593100022,43.21A,,,,,,,,,,,sirene,
LEDIEU ELECTRICITE,,,a contacter,,,,,,,,,,,,reseaux,,BEAURAINS,,62,,,,,,,,,,,,,,,,,,,,,,,,,,,,,,,809050230,80905023000022,43.21A,,,,,,,,,,,sirene,
LEFEVRE-ELEC,,,a contacter,,,,,,,,,,,,reseaux,,LIEU-SAINT-AMAND,,59,,,,,,,,,,,,,,,,,,,,,,,,,,,,,,,479723058,47972305800026,43.21A,,,,,,,,,,,sirene,
LEFORT CLIM SARL,,,a contacter,,,,,,,,,,,,reseaux,,BAIE-MAHAULT,,971,,,,,,,,,,,,,,,,,,,,,,,,,,,,,,,422950295,42295029500044,43.21A,,,,,,,,,,,sirene,
LEMAIRE,,,a contacter,,,,,,,,,,,,reseaux,,VILLEFRANQUE,,64,,,,,,,,,,,,,,,,,,,,,,,,,,,,,,,519392229,51939222900034,43.21A,,,,,,,,,,,sirene,
LEMASSON VDI,,,a contacter,,,,,,,,,,,,reseaux,,LIMOGES,,87,,,,,,,,,,,,,,,,,,,,,,,,,,,,,,,844443945,84444394500028,43.21A,,,,,,,,,,,sirene,
LEMON ENTREPRISE,,,a contacter,,,,,,,,,,,,reseaux,,MAUGUIO,,34,,,,,,,,,,,,,,,,,,,,,,,,,,,,,,,811662766,81166276600039,43.21A,,,,,,,,,,,sirene,
LEMONNIER ENTREPRISE,,,a contacter,,,,,,,,,,,,reseaux,,TAUVES,,63,,,,,,,,,,,,,,,,,,,,,,,,,,,,,,,324274299,32427429900019,42.21Z,,,,,,,,,,,sirene,
LEON GROSSE ELECTRICITE - MAINTENANCE (LGEM),,,a contacter,,,,,,,,,,,,reseaux,,COIGNIERES,,78,,,,,,,,,,,,,,,,,,,,,,,,,,,,,,,529008112,52900811200045,43.21A,,,,,,,,,,,sirene,
LEONIX TELECOM,,,a contacter,,,,,,,,,,,,reseaux,,PARIS,,75,,,,,,,,,,,,,,,,,,,,,,,,,,,,,,,844257824,84425782400012,61.90Z,,,,,,,,,,,sirene,
LEPAGE ELECTRONIQUE,,,a contacter,,,,,,,,,,,,reseaux,,ORGERES,,35,,,,,,,,,,,,,,,,,,,,,,,,,,,,,,,341869246,34186924600031,43.21A,,,,,,,,,,,sirene,
LEQUERTIER ROULAND ENERGIES,,,a contacter,,,,,,,,,,,,reseaux,,SAINT-PAIR-SUR-MER,,50,,,,,,,,,,,,,,,,,,,,,,,,,,,,,,,442792859,44279285900021,43.21A,,,,,,,,,,,sirene,
LES ARTISANS DE LA MAISON DU CHAUFFAGE,,,a contacter,,,,,,,,,,,,reseaux,,SAINT-HERBLAIN,,44,,,,,,,,,,,,,,,,,,,,,,,,,,,,,,,443541834,44354183400042,43.21A,,,,,,,,,,,sirene,
LES ATELIERS GRAMON,,,a contacter,,,,,,,,,,,,reseaux,,BRECH,,56,,,,,,,,,,,,,,,,,,,,,,,,,,,,,,,832719744,83271974400027,43.21A,,,,,,,,,,,sirene,
LES DEUX AMIS COM,,,a contacter,,,,,,,,,,,,reseaux,,ENGHIEN-LES-BAINS,,95,,,,,,,,,,,,,,,,,,,,,,,,,,,,,,,508047768,50804776800017,43.21A,,,,,,,,,,,sirene,
LES ILLUMINES,,,a contacter,,,,,,,,,,,,reseaux,,FLAVIN,,12,,,,,,,,,,,,,,,,,,,,,,,,,,,,,,,791555683,79155568300014,43.21A,,,,,,,,,,,sirene,
LES POSEURS DU BOCAGE,,,a contacter,,,,,,,,,,,,reseaux,,LE PIN,,79,,,,,,,,,,,,,,,,,,,,,,,,,,,,,,,385195664,38519566400045,43.21A,,,,,,,,,,,sirene,
LES TRAVAUX PUBLICS,,,a contacter,,,,,,,,,,,,reseaux,,SAINT-GERVAIS-EN-BELIN,,72,,,,,,,,,,,,,,,,,,,,,,,,,,,,,,,407502038,40750203800034,42.22Z,,,,,,,,,,,sirene,
LESELLIER CASTRIC,,,a contacter,,,,,,,,,,,,reseaux,,JULLOUVILLE,,50,,,,,,,,,,,,,,,,,,,,,,,,,,,,,,,524415239,52441523900028,43.21A,,,,,,,,,,,sirene,
LESENS ACTEA,,,a contacter,,,,,,,,,,,,reseaux,,AVOINE,,37,,,,,,,,,,,,,,,,,,,,,,,,,,,,,,,414764035,41476403500039,43.21A,,,,,,,,,,,sirene,
LESENS ELECTRICITE,,,a contacter,,,,,,,,,,,,reseaux,,EVREUX,,27,,,,,,,,,,,,,,,,,,,,,,,,,,,,,,,542104021,54210402100069,43.21B,,,,,,,,,,,sirene,
LESENS VALLEE DE L'OISE,,,a contacter,,,,,,,,,,,,reseaux,,COMPIEGNE,,60,,,,,,,,,,,,,,,,,,,,,,,,,,,,,,,414845693,41484569300012,42.22Z,,,,,,,,,,,sirene,
LESOT,,,a contacter,,,,,,,,,,,,reseaux,,SAINT-LAURENT-BLANGY,,62,,,,,,,,,,,,,,,,,,,,,,,,,,,,,,,681920211,68192021100098,43.21A,,,,,,,,,,,sirene,
LEVEL'UP,,,a contacter,,,,,,,,,,,,reseaux,,SAINT-BARTHELEMY-D'ANJOU,,49,,,,,,,,,,,,,,,,,,,,,,,,,,,,,,,894338094,89433809400010,43.21A,,,,,,,,,,,sirene,
LEYSEN FRERES,,,a contacter,,,,,,,,,,,,reseaux,,AVELIN,,59,,,,,,,,,,,,,,,,,,,,,,,,,,,,,,,430178459,43017845900029,43.21A,,,,,,,,,,,sirene,
LGE ENERGIES,,,a contacter,,,,,,,,,,,,reseaux,,LA GARDE,,83,,,,,,,,,,,,,,,,,,,,,,,,,,,,,,,483235552,48323555200054,43.21A,,,,,,,,,,,sirene,
LGM GUYANE,,,a contacter,,,,,,,,,,,,reseaux,,CAYENNE,,973,,,,,,,,,,,,,,,,,,,,,,,,,,,,,,,832084479,83208447900019,61.90Z,,,,,,,,,,,sirene,
LGV ELEC,,,a contacter,,,,,,,,,,,,reseaux,,MARZY,,58,,,,,,,,,,,,,,,,,,,,,,,,,,,,,,,824401616,82440161600027,43.21A,,,,,,,,,,,sirene,
LH 25,,,a contacter,,,,,,,,,,,,reseaux,,PONT-EVEQUE,,38,,,,,,,,,,,,,,,,,,,,,,,,,,,,,,,843490822,84349082200015,43.21A,,,,,,,,,,,sirene,
LIAISON RACCORDEMENT DE PUISSANCE - LRP,,,a contacter,,,,,,,,,,,,reseaux,,COURNON-D'AUVERGNE,,63,,,,,,,,,,,,,,,,,,,,,,,,,,,,,,,508438736,50843873600037,43.21A,,,,,,,,,,,sirene,
LIBERSA ELECTRICITE,,,a contacter,,,,,,,,,,,,reseaux,,NEUVILLE-SOUS-MONTREUIL,,62,,,,,,,,,,,,,,,,,,,,,,,,,,,,,,,401668108,40166810800020,43.21A,,,,,,,,,,,sirene,
LIBERTY.COM LOIRE,,,a contacter,,,,,,,,,,,,reseaux,,ANDREZIEUX-BOUTHEON,,42,,,,,,,,,,,,,,,,,,,,,,,,,,,,,,,902072826,90207282600016,61.10Z,,,,,,,,,,,sirene,
LIBON,,,a contacter,,,,,,,,,,,,reseaux,,PARIS,,75,,,,,,,,,,,,,,,,,,,,,,,,,,,,,,,841292691,84129269100018,61.90Z,,,,,,,,,,,sirene,
LIBOW,,,a contacter,,,,,,,,,,,,reseaux,,MONTPELLIER,,34,,,,,,,,,,,,,,,,,,,,,,,,,,,,,,,838299519,83829951900036,43.21A,,,,,,,,,,,sirene,
LIGHT CONNECTION,,,a contacter,,,,,,,,,,,,reseaux,,DEUIL-LA-BARRE,,95,,,,,,,,,,,,,,,,,,,,,,,,,,,,,,,850089806,85008980600010,43.21A,,,,,,,,,,,sirene,
LIGNES ET RESEAUX DE L EST,,,a contacter,,,,,,,,,,,,reseaux,,ILLFURTH,,68,,,,,,,,,,,,,,,,,,,,,,,,,,,,,,,410573877,41057387700017,42.22Z,,,,,,,,,,,sirene,
LILLE PROCESS SOLUTIONS,,,a contacter,,,,,,,,,,,,reseaux,,AVELIN,,59,,,,,,,,,,,,,,,,,,,,,,,,,,,,,,,414733428,41473342800026,43.21A,,,,,,,,,,,sirene,
LINK ELEC SOLUTIONS,,,a contacter,,,,,,,,,,,,reseaux,,ANGERS,,49,,,,,,,,,,,,,,,,,,,,,,,,,,,,,,,751519331,75151933100027,43.21A,,,,,,,,,,,sirene,
LITO,,,a contacter,,,,,,,,,,,,reseaux,,MELUN,,77,,,,,,,,,,,,,,,,,,,,,,,,,,,,,,,818237067,81823706700017,43.21A,,,,,,,,,,,sirene,
LITTORAL ELEC,,,a contacter,,,,,,,,,,,,reseaux,,SAMER,,62,,,,,,,,,,,,,,,,,,,,,,,,,,,,,,,420467334,42046733400025,43.21A,,,,,,,,,,,sirene,
LITTORAL SERVICE GENERAL,,,a contacter,,,,,,,,,,,,reseaux,,GRASSE,,06,,,,,,,,,,,,,,,,,,,,,,,,,,,,,,,339851180,33985118000051,43.21A,,,,,,,,,,,sirene,
LIVE TELECOM,,,a contacter,,,,,,,,,,,,reseaux,,VITRY-LE-FRANCOIS,,51,,,,,,,,,,,,,,,,,,,,,,,,,,,,,,,522845767,52284576700014,61.90Z,,,,,,,,,,,sirene,
LM SOLEIL CONSTRUCTION,,,a contacter,,,,,,,,,,,,reseaux,,SAINT-FRAIGNE,,16,,,,,,,,,,,,,,,,,,,,,,,,,,,,,,,979287752,97928775200013,43.21A,,,,,,,,,,,sirene,
LM TELECOM,,,a contacter,,,,,,,,,,,,reseaux,,SAUVIAN,,34,,,,,,,,,,,,,,,,,,,,,,,,,,,,,,,793972860,79397286000043,61.90Z,,,,,,,,,,,sirene,
LMCE,,,a contacter,,,,,,,,,,,,reseaux,,MARLY,,57,,,,,,,,,,,,,,,,,,,,,,,,,,,,,,,879558971,87955897100021,43.21A,,,,,,,,,,,sirene,
LME ELECTRICITE,,,a contacter,,,,,,,,,,,,reseaux,,VANNES,,56,,,,,,,,,,,,,,,,,,,,,,,,,,,,,,,428617328,42861732800029,43.21A,,,,,,,,,,,sirene,
LMJ ELECTRICITE,,,a contacter,,,,,,,,,,,,reseaux,,GUIPAVAS,,29,,,,,,,,,,,,,,,,,,,,,,,,,,,,,,,833853054,83385305400025,43.21A,,,,,,,,,,,sirene,
LMTP,,,a contacter,,,,,,,,,,,,reseaux,,SAINT-JEAN-BONNEFONDS,,42,,,,,,,,,,,,,,,,,,,,,,,,,,,,,,,789873395,78987339500030,42.21Z,,,,,,,,,,,sirene,
LN SHELTER,,,a contacter,,,,,,,,,,,,reseaux,,SAINT-FRAIGNE,,16,,,,,,,,,,,,,,,,,,,,,,,,,,,,,,,979291101,97929110100017,43.21A,,,,,,,,,,,sirene,
LO PICCOLO SAS,,,a contacter,,,,,,,,,,,,reseaux,,BILLERE,,64,,,,,,,,,,,,,,,,,,,,,,,,,,,,,,,097380091,09738009100021,43.21A,,,,,,,,,,,sirene,
LOCAL EXCHANGE GLOBAL OPERATION SERVICES,,,a contacter,,,,,,,,,,,,reseaux,,PARIS,,75,,,,,,,,,,,,,,,,,,,,,,,,,,,,,,,440799989,44079998900031,61.20Z,,,,,,,,,,,sirene,
LOEBER GEORGES SAS,,,a contacter,,,,,,,,,,,,reseaux,,SCHILTIGHEIM,,67,,,,,,,,,,,,,,,,,,,,,,,,,,,,,,,578501736,57850173600024,43.21A,,,,,,,,,,,sirene,
LOELEC,,,a contacter,,,,,,,,,,,,reseaux,,THOUARE-SUR-LOIRE,,44,,,,,,,,,,,,,,,,,,,,,,,,,,,,,,,791778624,79177862400068,43.21A,,,,,,,,,,,sirene,
LOGIFIBRA,,,a contacter,,,,,,,,,,,,reseaux,,LA CHAUSSEE-TIRANCOURT,,80,,,,,,,,,,,,,,,,,,,,,,,,,,,,,,,882321979,88232197900016,43.21A,,,,,,,,,,,sirene,
LOGIWATT,,,a contacter,,,,,,,,,,,,reseaux,,BIAS,,47,,,,,,,,,,,,,,,,,,,,,,,,,,,,,,,530721489,53072148900025,43.21A,,,,,,,,,,,sirene,
LOQSOUM,,,a contacter,,,,,,,,,,,,reseaux,,STAINS,,93,,,,,,,,,,,,,,,,,,,,,,,,,,,,,,,831251996,83125199600011,43.21A,,,,,,,,,,,sirene,
LOR-ENERGIES ELEC,,,a contacter,,,,,,,,,,,,reseaux,,FLEVILLE-DEVANT-NANCY,,54,,,,,,,,,,,,,,,,,,,,,,,,,,,,,,,812955656,81295565600010,43.21A,,,,,,,,,,,sirene,
LORELEC SARL,,,a contacter,,,,,,,,,,,,reseaux,,STIRING-WENDEL,,57,,,,,,,,,,,,,,,,,,,,,,,,,,,,,,,434712824,43471282400037,42.22Z,,,,,,,,,,,sirene,
LORIENT ELECTRICITE,,,a contacter,,,,,,,,,,,,reseaux,,LORIENT,,56,,,,,,,,,,,,,,,,,,,,,,,,,,,,,,,411847908,41184790800034,43.21A,,,,,,,,,,,sirene,
LORR'ELEC,,,a contacter,,,,,,,,,,,,reseaux,,BELLEVILLE-SUR-MEUSE,,55,,,,,,,,,,,,,,,,,,,,,,,,,,,,,,,538831306,53883130600039,43.21A,,,,,,,,,,,sirene,
LORRAINE ELEC 57,,,a contacter,,,,,,,,,,,,reseaux,,ARGANCY,,57,,,,,,,,,,,,,,,,,,,,,,,,,,,,,,,799294582,79929458200033,43.21A,,,,,,,,,,,sirene,
LORRILLIARD,,,a contacter,,,,,,,,,,,,reseaux,,SAINT-APOLLINAIRE,,21,,,,,,,,,,,,,,,,,,,,,,,,,,,,,,,417966595,41796659500023,43.21A,,,,,,,,,,,sirene,
LOSANGE,,,a contacter,,,,,,,,,,,,reseaux,,LESMENILS,,54,,,,,,,,,,,,,,,,,,,,,,,,,,,,,,,830959771,83095977100056,61.10Z,,,,,,,,,,,sirene,
LOTUS TECHSUN,,,a contacter,,,,,,,,,,,,reseaux,,NIMES,,30,,,,,,,,,,,,,,,,,,,,,,,,,,,,,,,532787942,53278794200020,43.21A,,,,,,,,,,,sirene,
LOU.R.ELEC MARTINIQUE,,,a contacter,,,,,,,,,,,,reseaux,,LE ROBERT,,972,,,,,,,,,,,,,,,,,,,,,,,,,,,,,,,809087059,80908705900022,43.21A,,,,,,,,,,,sirene,
LRTP,,,a contacter,,,,,,,,,,,,reseaux,,SAINT-OUEN-L'AUMONE,,95,,,,,,,,,,,,,,,,,,,,,,,,,,,,,,,431339746,43133974600023,42.22Z,,,,,,,,,,,sirene,
LS,,,a contacter,,,,,,,,,,,,reseaux,,GAUCHY,,02,,,,,,,,,,,,,,,,,,,,,,,,,,,,,,,438459448,43845944800074,43.21A,,,,,,,,,,,sirene,
LSC HOME ENERGY,,,a contacter,,,,,,,,,,,,reseaux,,BELLEVILLE-SUR-MEUSE,,55,,,,,,,,,,,,,,,,,,,,,,,,,,,,,,,810756015,81075601500048,43.21A,,,,,,,,,,,sirene,
LTE SAT,,,a contacter,,,,,,,,,,,,reseaux,,FREPILLON,,95,,,,,,,,,,,,,,,,,,,,,,,,,,,,,,,401543277,40154327700024,42.22Z,,,,,,,,,,,sirene,
LTENERGY,,,a contacter,,,,,,,,,,,,reseaux,,SAINT-OUEN-L'AUMONE,,95,,,,,,,,,,,,,,,,,,,,,,,,,,,,,,,791118193,79111819300030,43.21A,,,,,,,,,,,sirene,
LTIE,,,a contacter,,,,,,,,,,,,reseaux,,ELANCOURT,,78,,,,,,,,,,,,,,,,,,,,,,,,,,,,,,,530709476,53070947600044,43.21A,,,,,,,,,,,sirene,
LUC DURAND,,,a contacter,,,,,,,,,,,,reseaux,,LONGUENEE-EN-ANJOU,,49,,,,,,,,,,,,,,,,,,,,,,,,,,,,,,,318845229,31884522900059,42.21Z,,,,,,,,,,,sirene,
LUCITEA ATLANTIQUE,,,a contacter,,,,,,,,,,,,reseaux,,DONGES,,44,,,,,,,,,,,,,,,,,,,,,,,,,,,,,,,413166844,41316684400055,42.22Z,,,,,,,,,,,sirene,
LUCITEA OUEST,,,a contacter,,,,,,,,,,,,reseaux,,CESSON-SEVIGNE,,35,,,,,,,,,,,,,,,,,,,,,,,,,,,,,,,857500144,85750014400145,42.22Z,,,,,,,,,,,sirene,
LUGNE ELECTRICITE,,,a contacter,,,,,,,,,,,,reseaux,,BONNIERES-SUR-SEINE,,78,,,,,,,,,,,,,,,,,,,,,,,,,,,,,,,349445585,34944558500038,43.21A,,,,,,,,,,,sirene,
LUMAGE,,,a contacter,,,,,,,,,,,,reseaux,,NEUILLY-PLAISANCE,,93,,,,,,,,,,,,,,,,,,,,,,,,,,,,,,,408579092,40857909200029,43.21A,,,,,,,,,,,sirene,
LUMAZUR,,,a contacter,,,,,,,,,,,,reseaux,,CONTES,,06,,,,,,,,,,,,,,,,,,,,,,,,,,,,,,,801411356,80141135600059,43.21B,,,,,,,,,,,sirene,
LUMELEC,,,a contacter,,,,,,,,,,,,reseaux,,MAZEROLLES,,86,,,,,,,,,,,,,,,,,,,,,,,,,,,,,,,393829429,39382942900033,43.21A,,,,,,,,,,,sirene,
LUMELEC OCEAN,,,a contacter,,,,,,,,,,,,reseaux,,NESMY,,85,,,,,,,,,,,,,,,,,,,,,,,,,,,,,,,849070503,84907050300016,43.21A,,,,,,,,,,,sirene,
LUMEN TECHNOLOGIES FRANCE,,,a contacter,,,,,,,,,,,,reseaux,,MALAKOFF,,92,,,,,,,,,,,,,,,,,,,,,,,,,,,,,,,420989154,42098915400109,61.10Z,,,,,,,,,,,sirene,
LUMENS 41,,,a contacter,,,,,,,,,,,,reseaux,,BLOIS,,41,,,,,,,,,,,,,,,,,,,,,,,,,,,,,,,418906558,41890655800055,43.21A,,,,,,,,,,,sirene,
LUMENSOL,,,a contacter,,,,,,,,,,,,reseaux,,BEAUCROISSANT,,38,,,,,,,,,,,,,,,,,,,,,,,,,,,,,,,505112417,50511241700033,43.21A,,,,,,,,,,,sirene,
LUMIBO,,,a contacter,,,,,,,,,,,,reseaux,,LEVENS,,06,,,,,,,,,,,,,,,,,,,,,,,,,,,,,,,882959638,88295963800025,43.21B,,,,,,,,,,,sirene,
LUMIERE SURE,,,a contacter,,,,,,,,,,,,reseaux,,VENDIN-LE-VIEIL,,62,,,,,,,,,,,,,,,,,,,,,,,,,,,,,,,520403742,52040374200015,43.21A,,,,,,,,,,,sirene,
LUMILEC,,,a contacter,,,,,,,,,,,,reseaux,,CHARLEVAL,,13,,,,,,,,,,,,,,,,,,,,,,,,,,,,,,,484310743,48431074300030,43.21B,,,,,,,,,,,sirene,
LUMINEM,,,a contacter,,,,,,,,,,,,reseaux,,LYON,,69,,,,,,,,,,,,,,,,,,,,,,,,,,,,,,,428672794,42867279400024,43.21A,,,,,,,,,,,sirene,
LUMINOV,,,a contacter,,,,,,,,,,,,reseaux,,HULLUCH,,62,,,,,,,,,,,,,,,,,,,,,,,,,,,,,,,822919163,82291916300011,43.21A,,,,,,,,,,,sirene,
LUSOCABO- TECNOLOGIAS E TELECOMUNICACOES,,,a contacter,,,,,,,,,,,,reseaux,,,,,,,,,,,,,,,,,,,,,,,,,,,,,,,,,,,895302305,89530230500019,42.22Z,,,,,,,,,,,sirene,
LUSTR'ELEC L E,,,a contacter,,,,,,,,,,,,reseaux,,BRUZ,,35,,,,,,,,,,,,,,,,,,,,,,,,,,,,,,,330220161,33022016100039,43.21A,,,,,,,,,,,sirene,
LUXEO,,,a contacter,,,,,,,,,,,,reseaux,,REIMS,,51,,,,,,,,,,,,,,,,,,,,,,,,,,,,,,,840020168,84002016800042,43.21A,,,,,,,,,,,sirene,
LUZ ELEC SARL,,,a contacter,,,,,,,,,,,,reseaux,,SAINT-JEAN-DE-LUZ,,64,,,,,,,,,,,,,,,,,,,,,,,,,,,,,,,328540505,32854050500026,43.21A,,,,,,,,,,,sirene,
LVD ENERGIE,,,a contacter,,,,,,,,,,,,reseaux,,AUBAGNE,,13,,,,,,,,,,,,,,,,,,,,,,,,,,,,,,,490472966,49047296600012,43.21A,,,,,,,,,,,sirene,
LYCAMOBILE S.A.R.L.,,,a contacter,,,,,,,,,,,,reseaux,,PARIS,,75,,,,,,,,,,,,,,,,,,,,,,,,,,,,,,,528332505,52833250500031,61.20Z,,,,,,,,,,,sirene,
M E L I,,,a contacter,,,,,,,,,,,,reseaux,,BAILLEUL,,59,,,,,,,,,,,,,,,,,,,,,,,,,,,,,,,441736725,44173672500025,43.21A,,,,,,,,,,,sirene,
M E P C,,,a contacter,,,,,,,,,,,,reseaux,,CALLIAN,,83,,,,,,,,,,,,,,,,,,,,,,,,,,,,,,,508221769,50822176900021,43.21A,,,,,,,,,,,sirene,
M G B,,,a contacter,,,,,,,,,,,,reseaux,,AMBARES-ET-LAGRAVE,,33,,,,,,,,,,,,,,,,,,,,,,,,,,,,,,,451819528,45181952800030,43.21A,,,,,,,,,,,sirene,
M TARGET,,,a contacter,,,,,,,,,,,,reseaux,,LABEGE,,31,,,,,,,,,,,,,,,,,,,,,,,,,,,,,,,490990819,49099081900032,61.90Z,,,,,,,,,,,sirene,
M.B.I,,,a contacter,,,,,,,,,,,,reseaux,,MEUDON,,92,,,,,,,,,,,,,,,,,,,,,,,,,,,,,,,488621418,48862141800034,43.21A,,,,,,,,,,,sirene,
M.B.M.,,,a contacter,,,,,,,,,,,,reseaux,,POULLAN-SUR-MER,,29,,,,,,,,,,,,,,,,,,,,,,,,,,,,,,,334884160,33488416000030,43.21A,,,,,,,,,,,sirene,
M.I.2.S,,,a contacter,,,,,,,,,,,,reseaux,,SAINT-MAIXENT-L'ECOLE,,79,,,,,,,,,,,,,,,,,,,,,,,,,,,,,,,842470411,84247041100021,43.21A,,,,,,,,,,,sirene,
M.K FIBRE OPTIQUE,,,a contacter,,,,,,,,,,,,reseaux,,ANNECY,,74,,,,,,,,,,,,,,,,,,,,,,,,,,,,,,,878641547,87864154700020,43.21A,,,,,,,,,,,sirene,
M.N.R,,,a contacter,,,,,,,,,,,,reseaux,,BRAS-PANON,,974,,,,,,,,,,,,,,,,,,,,,,,,,,,,,,,534061064,53406106400026,43.21A,,,,,,,,,,,sirene,
M.R.A. MAINTENANCE RENOVATION AMARA,,,a contacter,,,,,,,,,,,,reseaux,,MARSEILLE,,13,,,,,,,,,,,,,,,,,,,,,,,,,,,,,,,800409302,80040930200026,43.21A,,,,,,,,,,,sirene,
M.T.C NORD,,,a contacter,,,,,,,,,,,,reseaux,,RACHES,,59,,,,,,,,,,,,,,,,,,,,,,,,,,,,,,,753457456,75345745600022,43.21A,,,,,,,,,,,sirene,
M2E TERRITOIRES - M2ET,,,a contacter,,,,,,,,,,,,reseaux,,PARIS,,75,,,,,,,,,,,,,,,,,,,,,,,,,,,,,,,829949627,82994962700030,43.21A,,,,,,,,,,,sirene,
M2TR TELECOM,,,a contacter,,,,,,,,,,,,reseaux,,TREMBLAY-EN-FRANCE,,93,,,,,,,,,,,,,,,,,,,,,,,,,,,,,,,902946334,90294633400015,43.21A,,,,,,,,,,,sirene,
MADIACOM,,,a contacter,,,,,,,,,,,,reseaux,,LE LAMENTIN,,972,,,,,,,,,,,,,,,,,,,,,,,,,,,,,,,880041397,88004139700063,61.20Z,,,,,,,,,,,sirene,
MADIC ELEC,,,a contacter,,,,,,,,,,,,reseaux,,LUDRES,,54,,,,,,,,,,,,,,,,,,,,,,,,,,,,,,,483061669,48306166900022,43.21A,,,,,,,,,,,sirene,
MAG E SIL MONTAGEM DE TELECOMUNICACOES,,,a contacter,,,,,,,,,,,,reseaux,,,,,,,,,,,,,,,,,,,,,,,,,,,,,,,,,,,895093037,89509303700011,43.21A,,,,,,,,,,,sirene,
MAG'ELEC,,,a contacter,,,,,,,,,,,,reseaux,,MONISTROL-SUR-LOIRE,,43,,,,,,,,,,,,,,,,,,,,,,,,,,,,,,,490333432,49033343200022,43.21A,,,,,,,,,,,sirene,
MAGALLON/LAURENT TUAL,,,a contacter,,,,,,,,,,,,reseaux,,REDON,,35,,,,,,,,,,,,,,,,,,,,,,,,,,,,,,,448787556,44878755600183,61.90Z,,,,,,,,,,,sirene,
MAGELEC,,,a contacter,,,,,,,,,,,,reseaux,,AZUR,,40,,,,,,,,,,,,,,,,,,,,,,,,,,,,,,,522806850,52280685000023,42.22Z,,,,,,,,,,,sirene,
MAGNY ELECTRICITE GENERALE - M.E.G.,,,a contacter,,,,,,,,,,,,reseaux,,BREVAL,,78,,,,,,,,,,,,,,,,,,,,,,,,,,,,,,,434411062,43441106200012,43.21A,,,,,,,,,,,sirene,
MAINTENANCE ELECTRIQUE D'EQUIPEMENT INDUSTRIEL - M2EI,,,a contacter,,,,,,,,,,,,reseaux,,LA RAVOIRE,,73,,,,,,,,,,,,,,,,,,,,,,,,,,,,,,,331675637,33167563700085,43.21A,,,,,,,,,,,sirene,
MAINTENANCE EQUIPEMENTS TECHNIQUES 37,,,a contacter,,,,,,,,,,,,reseaux,,LA VILLE-AUX-DAMES,,37,,,,,,,,,,,,,,,,,,,,,,,,,,,,,,,432341139,43234113900017,43.21A,,,,,,,,,,,sirene,
MAINTENANCE GENERALE D ELECTRICITE,,,a contacter,,,,,,,,,,,,reseaux,,BOISSY-SAINT-LEGER,,94,,,,,,,,,,,,,,,,,,,,,,,,,,,,,,,397487521,39748752100031,43.21A,,,,,,,,,,,sirene,
MAINTENANCE LOGISTIQUE RESEAU AUTOMAT,,,a contacter,,,,,,,,,,,,reseaux,,MONDOUZIL,,31,,,,,,,,,,,,,,,,,,,,,,,,,,,,,,,448361725,44836172500022,43.21A,,,,,,,,,,,sirene,
MAINTENANCE MONTAGE SERVICES,,,a contacter,,,,,,,,,,,,reseaux,,SAINT-MARTIN-EN-BRESSE,,71,,,,,,,,,,,,,,,,,,,,,,,,,,,,,,,888127594,88812759400024,43.21A,,,,,,,,,,,sirene,
MAINTENANCE SYSTEME,,,a contacter,,,,,,,,,,,,reseaux,,SAINT-DENIS,,93,,,,,,,,,,,,,,,,,,,,,,,,,,,,,,,342381027,34238102700032,43.21A,,,,,,,,,,,sirene,
MAINTENANCE-LOGISTIQUE ET RESEAU-AUTOMATISME-INDUSTRIE,,,a contacter,,,,,,,,,,,,reseaux,,MONDOUZIL,,31,,,,,,,,,,,,,,,,,,,,,,,,,,,,,,,493947618,49394761800010,43.21A,,,,,,,,,,,sirene,
MAISON LIGARDES,,,a contacter,,,,,,,,,,,,reseaux,,LECTOURE,,32,,,,,,,,,,,,,,,,,,,,,,,,,,,,,,,323265546,32326554600024,43.21A,,,,,,,,,,,sirene,
MAISON SOLAIRE VOLTALIA,,,a contacter,,,,,,,,,,,,reseaux,,PARIS,,75,,,,,,,,,,,,,,,,,,,,,,,,,,,,,,,509962841,50996284100029,43.21A,,,,,,,,,,,sirene,
MAITRISE DE L'INSTALLATION ELECTRIQUE,,,a contacter,,,,,,,,,,,,reseaux,,LA TRINITE,,06,,,,,,,,,,,,,,,,,,,,,,,,,,,,,,,501902662,50190266200052,43.21A,,,,,,,,,,,sirene,
MALAVAL ANDRE,,,a contacter,,,,,,,,,,,,reseaux,,MILLAU,,12,,,,,,,,,,,,,,,,,,,,,,,,,,,,,,,515291235,51529123500015,43.21A,,,,,,,,,,,sirene,
MALO-ELEC,,,a contacter,,,,,,,,,,,,reseaux,,MONTCHANIN,,71,,,,,,,,,,,,,,,,,,,,,,,,,,,,,,,514452622,51445262200038,43.21A,,,,,,,,,,,sirene,
MANCHETTES RESINES REHABILITATION DE RESEAUX M3R,,,a contacter,,,,,,,,,,,,reseaux,,LINAS,,91,,,,,,,,,,,,,,,,,,,,,,,,,,,,,,,423086065,42308606500012,42.21Z,,,,,,,,,,,sirene,
MANDIN ENERGIE,,,a contacter,,,,,,,,,,,,reseaux,,ROYAN,,17,,,,,,,,,,,,,,,,,,,,,,,,,,,,,,,332759893,33275989300040,43.21A,,,,,,,,,,,sirene,
MANELEC,,,a contacter,,,,,,,,,,,,reseaux,,CHOISY-LE-ROI,,94,,,,,,,,,,,,,,,,,,,,,,,,,,,,,,,388847428,38884742800041,43.21A,,,,,,,,,,,sirene,
MANEO,,,a contacter,,,,,,,,,,,,reseaux,,MARSEILLE,,13,,,,,,,,,,,,,,,,,,,,,,,,,,,,,,,831530365,83153036500111,42.22Z,,,,,,,,,,,sirene,
MANEO ENERGIE,,,a contacter,,,,,,,,,,,,reseaux,,MARSEILLE,,13,,,,,,,,,,,,,,,,,,,,,,,,,,,,,,,879271104,87927110400033,42.22Z,,,,,,,,,,,sirene,
MANGIN EGLY ENTREPRISES,,,a contacter,,,,,,,,,,,,reseaux,,VITRY LE FRANCOIS,,51,,,,,,,,,,,,,,,,,,,,,,,,,,,,,,,402671440,40267144000012,43.21A,,,,,,,,,,,sirene,
MANIFONE,,,a contacter,,,,,,,,,,,,reseaux,,VANNES,,56,,,,,,,,,,,,,,,,,,,,,,,,,,,,,,,492486014,49248601400037,61.90Z,,,,,,,,,,,sirene,
MANSOUR TELECOM,,,a contacter,,,,,,,,,,,,reseaux,,BOBIGNY,,93,,,,,,,,,,,,,,,,,,,,,,,,,,,,,,,844659532,84465953200049,61.90Z,,,,,,,,,,,sirene,
MANSUY,,,a contacter,,,,,,,,,,,,reseaux,,VOLONNE,,04,,,,,,,,,,,,,,,,,,,,,,,,,,,,,,,304265622,30426562200023,43.21A,,,,,,,,,,,sirene,
MANTECH,,,a contacter,,,,,,,,,,,,reseaux,,VIENNE,,38,,,,,,,,,,,,,,,,,,,,,,,,,,,,,,,823870787,82387078700020,43.21A,,,,,,,,,,,sirene,
MANUELEC,,,a contacter,,,,,,,,,,,,reseaux,,COGOLIN,,83,,,,,,,,,,,,,,,,,,,,,,,,,,,,,,,500939293,50093929300030,43.21A,,,,,,,,,,,sirene,
MAPELEK,,,a contacter,,,,,,,,,,,,reseaux,,LISSES,,91,,,,,,,,,,,,,,,,,,,,,,,,,,,,,,,492289905,49228990500027,43.21A,,,,,,,,,,,sirene,
MARC HABITAT SOLUTIONS,,,a contacter,,,,,,,,,,,,reseaux,,CASTELNAU-LE-LEZ,,34,,,,,,,,,,,,,,,,,,,,,,,,,,,,,,,893080994,89308099400039,43.21A,,,,,,,,,,,sirene,
MARCON ELEC',,,a contacter,,,,,,,,,,,,reseaux,,SAINT-GERMAIN-LAPRADE,,43,,,,,,,,,,,,,,,,,,,,,,,,,,,,,,,535241814,53524181400024,43.21A,,,,,,,,,,,sirene,
MARGUIN SAS - EQUIPEMENTS ELECTRIQUES INDUSTRIELS,,,a contacter,,,,,,,,,,,,reseaux,,CHALAMONT,,01,,,,,,,,,,,,,,,,,,,,,,,,,,,,,,,394408769,39440876900013,43.21A,,,,,,,,,,,sirene,
MARIE-PIERRE PELLETIER (PARET) (ENTREPRISE PELLETIER),,,a contacter,,,,,,,,,,,,reseaux,,SUILLY-LA-TOUR,,58,,,,,,,,,,,,,,,,,,,,,,,,,,,,,,,815173992,81517399200018,43.21A,,,,,,,,,,,sirene,
MARINE SERVICE SECURITE GUYANE,,,a contacter,,,,,,,,,,,,reseaux,,MACOURIA,,973,,,,,,,,,,,,,,,,,,,,,,,,,,,,,,,420233462,42023346200050,43.21A,,,,,,,,,,,sirene,
MARINE SERVICE SECURITE INDUSTRIE,,,a contacter,,,,,,,,,,,,reseaux,,LE LAMENTIN,,972,,,,,,,,,,,,,,,,,,,,,,,,,,,,,,,317807030,31780703000034,43.21A,,,,,,,,,,,sirene,
MARIO GIACOMINI,,,a contacter,,,,,,,,,,,,reseaux,,FAVERGES-DE-LA-TOUR,,38,,,,,,,,,,,,,,,,,,,,,,,,,,,,,,,377584677,37758467700027,43.21A,,,,,,,,,,,sirene,
MARNE LA VALLEE TELEPHONIE,,,a contacter,,,,,,,,,,,,reseaux,,CRECY-LA-CHAPELLE,,77,,,,,,,,,,,,,,,,,,,,,,,,,,,,,,,449177344,44917734400032,61.90Z,,,,,,,,,,,sirene,
MARNI ENERGY,,,a contacter,,,,,,,,,,,,reseaux,,ASPACH-LE-BAS,,68,,,,,,,,,,,,,,,,,,,,,,,,,,,,,,,833419989,83341998900011,43.21A,,,,,,,,,,,sirene,
MARRON T.P.,,,a contacter,,,,,,,,,,,,reseaux,,LAON,,02,,,,,,,,,,,,,,,,,,,,,,,,,,,,,,,489466755,48946675500043,42.22Z,,,,,,,,,,,sirene,
MARSEILLE ENTREPRENDRE,,,a contacter,,,,,,,,,,,,reseaux,,LE ROVE,,13,,,,,,,,,,,,,,,,,,,,,,,,,,,,,,,792164030,79216403000027,43.21A,,,,,,,,,,,sirene,
MARSOL ELECTRICITE,,,a contacter,,,,,,,,,,,,reseaux,,AUCH,,32,,,,,,,,,,,,,,,,,,,,,,,,,,,,,,,532552122,53255212200030,43.21A,,,,,,,,,,,sirene,
MARSOL ENERGIE,,,a contacter,,,,,,,,,,,,reseaux,,AUCH,,32,,,,,,,,,,,,,,,,,,,,,,,,,,,,,,,805152063,80515206300022,43.21A,,,,,,,,,,,sirene,
MARSOLIER ELECTRICITE,,,a contacter,,,,,,,,,,,,reseaux,,FOUGERES,,35,,,,,,,,,,,,,,,,,,,,,,,,,,,,,,,418469037,41846903700018,43.21A,,,,,,,,,,,sirene,
MARSOLLIER PHILC,,,a contacter,,,,,,,,,,,,reseaux,,LAVAL,,53,,,,,,,,,,,,,,,,,,,,,,,,,,,,,,,451586283,45158628300033,43.21A,,,,,,,,,,,sirene,
MARTIN SIG,,,a contacter,,,,,,,,,,,,reseaux,,ROUEN,,76,,,,,,,,,,,,,,,,,,,,,,,,,,,,,,,916620164,91662016400050,43.21A,,,,,,,,,,,sirene,
MARTINEZ MORANTE,,,a contacter,,,,,,,,,,,,reseaux,,PIA,,66,,,,,,,,,,,,,,,,,,,,,,,,,,,,,,,393976964,39397696400014,43.21A,,,,,,,,,,,sirene,
MARTINI,,,a contacter,,,,,,,,,,,,reseaux,,POISSONS,,52,,,,,,,,,,,,,,,,,,,,,,,,,,,,,,,451230262,45123026200011,43.21A,,,,,,,,,,,sirene,
MARTINS TRAVAUX PUBLICS M.T.P.,,,a contacter,,,,,,,,,,,,reseaux,,ATHIS,,51,,,,,,,,,,,,,,,,,,,,,,,,,,,,,,,353810088,35381008800024,42.21Z,,,,,,,,,,,sirene,
MARTOIA T P,,,a contacter,,,,,,,,,,,,reseaux,,UGINE,,73,,,,,,,,,,,,,,,,,,,,,,,,,,,,,,,076720382,07672038200027,42.21Z,,,,,,,,,,,sirene,
MARTY ENERGIES SAS,,,a contacter,,,,,,,,,,,,reseaux,,MARSAC-SUR-L'ISLE,,24,,,,,,,,,,,,,,,,,,,,,,,,,,,,,,,313589020,31358902000038,43.21A,,,,,,,,,,,sirene,
MASSELIN,,,a contacter,,,,,,,,,,,,reseaux,,PONTS,,50,,,,,,,,,,,,,,,,,,,,,,,,,,,,,,,538831405,53883140500013,43.21A,,,,,,,,,,,sirene,
MASSELIN ENERGIE,,,a contacter,,,,,,,,,,,,reseaux,,IFS,,14,,,,,,,,,,,,,,,,,,,,,,,,,,,,,,,414732990,41473299000075,43.21A,,,,,,,,,,,sirene,
MASSIF CENTRAL RESEAUX,,,a contacter,,,,,,,,,,,,reseaux,,USSEL,,19,,,,,,,,,,,,,,,,,,,,,,,,,,,,,,,532325487,53232548700033,42.22Z,,,,,,,,,,,sirene,
MAT'ELEC,,,a contacter,,,,,,,,,,,,reseaux,,HOULGATE,,14,,,,,,,,,,,,,,,,,,,,,,,,,,,,,,,527955843,52795584300026,43.21A,,,,,,,,,,,sirene,
MATEOS ELECTRICITE,,,a contacter,,,,,,,,,,,,reseaux,,FENOUILLET,,31,,,,,,,,,,,,,,,,,,,,,,,,,,,,,,,388192445,38819244500038,43.21A,,,,,,,,,,,sirene,
MATEOS ELECTRICITE AQUITAINE,,,a contacter,,,,,,,,,,,,reseaux,,POMPIGNAC,,33,,,,,,,,,,,,,,,,,,,,,,,,,,,,,,,829798016,82979801600020,43.21A,,,,,,,,,,,sirene,
MATOOMA,,,a contacter,,,,,,,,,,,,reseaux,,PEROLS,,34,,,,,,,,,,,,,,,,,,,,,,,,,,,,,,,751918541,75191854100044,61.20Z,,,,,,,,,,,sirene,
MAULINE,,,a contacter,,,,,,,,,,,,reseaux,,BAIE-MAHAULT,,971,,,,,,,,,,,,,,,,,,,,,,,,,,,,,,,797920634,79792063400012,43.21A,,,,,,,,,,,sirene,
MAX,,,a contacter,,,,,,,,,,,,reseaux,,GROSLAY,,95,,,,,,,,,,,,,,,,,,,,,,,,,,,,,,,812553055,81255305500045,43.21A,,,,,,,,,,,sirene,
MAZAUD,,,a contacter,,,,,,,,,,,,reseaux,,SAINT-MARTORY,,31,,,,,,,,,,,,,,,,,,,,,,,,,,,,,,,814614608,81461460800010,42.22Z,,,,,,,,,,,sirene,
MB ELEC,,,a contacter,,,,,,,,,,,,reseaux,,CHAMPIGNY-SUR-MARNE,,94,,,,,,,,,,,,,,,,,,,,,,,,,,,,,,,792816290,79281629000045,43.21A,,,,,,,,,,,sirene,
MB TRAVAUX,,,a contacter,,,,,,,,,,,,reseaux,,BRIGNOLES,,83,,,,,,,,,,,,,,,,,,,,,,,,,,,,,,,513187955,51318795500028,61.90Z,,,,,,,,,,,sirene,
MBT,,,a contacter,,,,,,,,,,,,reseaux,,VILLENEUVE-SAINT-GEORGES,,94,,,,,,,,,,,,,,,,,,,,,,,,,,,,,,,948080320,94808032000013,43.21A,,,,,,,,,,,sirene,
MC ENERGY & CO,,,a contacter,,,,,,,,,,,,reseaux,,CHOISY-AU-BAC,,60,,,,,,,,,,,,,,,,,,,,,,,,,,,,,,,892450859,89245085900012,43.21A,,,,,,,,,,,sirene,
MCBE,,,a contacter,,,,,,,,,,,,reseaux,,STAINS,,93,,,,,,,,,,,,,,,,,,,,,,,,,,,,,,,533095618,53309561800039,43.21A,,,,,,,,,,,sirene,
MCR MULTI CABLE REUNION,,,a contacter,,,,,,,,,,,,reseaux,,SAINT-PIERRE,,974,,,,,,,,,,,,,,,,,,,,,,,,,,,,,,,503100737,50310073700033,43.21A,,,,,,,,,,,sirene,
MD-TECH,,,a contacter,,,,,,,,,,,,reseaux,,PARIS,,75,,,,,,,,,,,,,,,,,,,,,,,,,,,,,,,534575303,53457530300019,43.21A,,,,,,,,,,,sirene,
MDSL GROUPE,,,a contacter,,,,,,,,,,,,reseaux,,LYON,,69,,,,,,,,,,,,,,,,,,,,,,,,,,,,,,,420777823,42077782300030,61.20Z,,,,,,,,,,,sirene,
MECA VIDEO FRANCE,,,a contacter,,,,,,,,,,,,reseaux,,COLOMBES,,92,,,,,,,,,,,,,,,,,,,,,,,,,,,,,,,328543863,32854386300034,43.21A,,,,,,,,,,,sirene,
MECOBAT,,,a contacter,,,,,,,,,,,,reseaux,,SAINT-LYS,,31,,,,,,,,,,,,,,,,,,,,,,,,,,,,,,,921628798,92162879800024,43.21A,,,,,,,,,,,sirene,
MECOJIT,,,a contacter,,,,,,,,,,,,reseaux,,CAPDENAC-GARE,,12,,,,,,,,,,,,,,,,,,,,,,,,,,,,,,,792817454,79281745400012,43.21A,,,,,,,,,,,sirene,
MECOWORKS,,,a contacter,,,,,,,,,,,,reseaux,,SAINT-LYS,,31,,,,,,,,,,,,,,,,,,,,,,,,,,,,,,,515249274,51524927400025,43.21A,,,,,,,,,,,sirene,
MELONI,,,a contacter,,,,,,,,,,,,reseaux,,SAINT-AVOLD,,57,,,,,,,,,,,,,,,,,,,,,,,,,,,,,,,813880937,81388093700038,43.21A,,,,,,,,,,,sirene,
MEN'HELEC,,,a contacter,,,,,,,,,,,,reseaux,,SAINT-MARTIN-D'HERES,,38,,,,,,,,,,,,,,,,,,,,,,,,,,,,,,,501630776,50163077600018,43.21A,,,,,,,,,,,sirene,
MENAGE ELECTRICITE,,,a contacter,,,,,,,,,,,,reseaux,,BLOIS,,41,,,,,,,,,,,,,,,,,,,,,,,,,,,,,,,318474913,31847491300031,43.21A,,,,,,,,,,,sirene,
MENDES ELECTRICITE,,,a contacter,,,,,,,,,,,,reseaux,,PARIS,,75,,,,,,,,,,,,,,,,,,,,,,,,,,,,,,,399182138,39918213800053,43.21A,,,,,,,,,,,sirene,
MENELEC,,,a contacter,,,,,,,,,,,,reseaux,,ROMANS-SUR-ISERE,,26,,,,,,,,,,,,,,,,,,,,,,,,,,,,,,,512509548,51250954800040,43.21A,,,,,,,,,,,sirene,
MENUISERIE MORCENAISE SOCIETE NOUVELLE,,,a contacter,,,,,,,,,,,,reseaux,,MORCENX-LA-NOUVELLE,,40,,,,,,,,,,,,,,,,,,,,,,,,,,,,,,,422275701,42227570100049,43.21A,,,,,,,,,,,sirene,
MERIBAT,,,a contacter,,,,,,,,,,,,reseaux,,L'HAY-LES-ROSES,,94,,,,,,,,,,,,,,,,,,,,,,,,,,,,,,,809589864,80958986400010,43.21A,,,,,,,,,,,sirene,
MERICOM,,,a contacter,,,,,,,,,,,,reseaux,,BOUCHEMAINE,,49,,,,,,,,,,,,,,,,,,,,,,,,,,,,,,,898014725,89801472500011,43.21A,,,,,,,,,,,sirene,
MERLIN T P,,,a contacter,,,,,,,,,,,,reseaux,,PANNES,,45,,,,,,,,,,,,,,,,,,,,,,,,,,,,,,,775532955,77553295500033,42.21Z,,,,,,,,,,,sirene,
MERLOT,,,a contacter,,,,,,,,,,,,reseaux,,BOURTHES,,62,,,,,,,,,,,,,,,,,,,,,,,,,,,,,,,344972898,34497289800037,43.21A,,,,,,,,,,,sirene,
MESLI,,,a contacter,,,,,,,,,,,,reseaux,,CHATEAURENARD,,13,,,,,,,,,,,,,,,,,,,,,,,,,,,,,,,442813549,44281354900031,43.21A,,,,,,,,,,,sirene,
METELEC,,,a contacter,,,,,,,,,,,,reseaux,,ORMOY,,91,,,,,,,,,,,,,,,,,,,,,,,,,,,,,,,843006628,84300662800047,43.21A,,,,,,,,,,,sirene,
METISS,,,a contacter,,,,,,,,,,,,reseaux,,PARIS,,75,,,,,,,,,,,,,,,,,,,,,,,,,,,,,,,452435175,45243517500032,43.21A,,,,,,,,,,,sirene,
MEURANT SAS,,,a contacter,,,,,,,,,,,,reseaux,,REMIREMONT,,88,,,,,,,,,,,,,,,,,,,,,,,,,,,,,,,322707910,32270791000046,43.21A,,,,,,,,,,,sirene,
MG FIBRE,,,a contacter,,,,,,,,,,,,reseaux,,ARGENTEUIL,,95,,,,,,,,,,,,,,,,,,,,,,,,,,,,,,,838760130,83876013000024,61.90Z,,,,,,,,,,,sirene,
MG SERVICES,,,a contacter,,,,,,,,,,,,reseaux,,GRENOBLE,,38,,,,,,,,,,,,,,,,,,,,,,,,,,,,,,,883881823,88388182300016,43.21A,,,,,,,,,,,sirene,
MGS ELEC,,,a contacter,,,,,,,,,,,,reseaux,,MONTIGNY-LES-CORMEILLES,,95,,,,,,,,,,,,,,,,,,,,,,,,,,,,,,,878199975,87819997500011,43.21A,,,,,,,,,,,sirene,
MICAULT ELECTRICITE,,,a contacter,,,,,,,,,,,,reseaux,,VERN-SUR-SEICHE,,35,,,,,,,,,,,,,,,,,,,,,,,,,,,,,,,434584587,43458458700043,43.21A,,,,,,,,,,,sirene,
MICHAEL MENU,,,a contacter,,,,,,,,,,,,reseaux,,CREISSELS,,12,,,,,,,,,,,,,,,,,,,,,,,,,,,,,,,508602562,50860256200045,43.21A,,,,,,,,,,,sirene,
MICHAUD TP,,,a contacter,,,,,,,,,,,,reseaux,,PONT-L'ABBE-D'ARNOULT,,17,,,,,,,,,,,,,,,,,,,,,,,,,,,,,,,503884447,50388444700015,42.21Z,,,,,,,,,,,sirene,
MICHEL & CO.,,,a contacter,,,,,,,,,,,,reseaux,,DRANCY,,93,,,,,,,,,,,,,,,,,,,,,,,,,,,,,,,825041247,82504124700032,43.21A,,,,,,,,,,,sirene,
MICHEL BOISSINOT,,,a contacter,,,,,,,,,,,,reseaux,,MAULEON,,79,,,,,,,,,,,,,,,,,,,,,,,,,,,,,,,492582721,49258272100014,43.21A,,,,,,,,,,,sirene,
MICHEL MEILLAN,,,a contacter,,,,,,,,,,,,reseaux,,SAINT-ANDRE-DE-SANGONIS,,34,,,,,,,,,,,,,,,,,,,,,,,,,,,,,,,523688414,52368841400011,43.21A,,,,,,,,,,,sirene,
MICHEL OLIVIER,,,a contacter,,,,,,,,,,,,reseaux,,COUTANCES,,50,,,,,,,,,,,,,,,,,,,,,,,,,,,,,,,753134857,75313485700022,43.21A,,,,,,,,,,,sirene,
MICIKA,,,a contacter,,,,,,,,,,,,reseaux,,MAISONS-ALFORT,,94,,,,,,,,,,,,,,,,,,,,,,,,,,,,,,,800843229,80084322900017,43.21A,,,,,,,,,,,sirene,
MICOM,,,a contacter,,,,,,,,,,,,reseaux,,CHAMPLAN,,91,,,,,,,,,,,,,,,,,,,,,,,,,,,,,,,840463020,84046302000031,61.10Z,,,,,,,,,,,sirene,
MIDI TRAVAUX PUBLICS,,,a contacter,,,,,,,,,,,,reseaux,,SEYSSES,,31,,,,,,,,,,,,,,,,,,,,,,,,,,,,,,,404056863,40405686300032,42.21Z,,,,,,,,,,,sirene,
MIFA ELECTRONIQUE,,,a contacter,,,,,,,,,,,,reseaux,,GELOS,,64,,,,,,,,,,,,,,,,,,,,,,,,,,,,,,,318084175,31808417500013,43.21A,,,,,,,,,,,sirene,
MIGDAL,,,a contacter,,,,,,,,,,,,reseaux,,PARIS,,75,,,,,,,,,,,,,,,,,,,,,,,,,,,,,,,323766865,32376686500055,43.21A,,,,,,,,,,,sirene,
MILKAR,,,a contacter,,,,,,,,,,,,reseaux,,GARGES-LES-GONESSE,,95,,,,,,,,,,,,,,,,,,,,,,,,,,,,,,,843153123,84315312300016,43.21A,,,,,,,,,,,sirene,
MINICH SAS,,,a contacter,,,,,,,,,,,,reseaux,,NANCY,,54,,,,,,,,,,,,,,,,,,,,,,,,,,,,,,,351504410,35150441000017,43.21A,,,,,,,,,,,sirene,
MIRAME,,,a contacter,,,,,,,,,,,,reseaux,,VENDENESSE-SUR-ARROUX,,71,,,,,,,,,,,,,,,,,,,,,,,,,,,,,,,851418087,85141808700017,42.22Z,,,,,,,,,,,sirene,
MIRZA,,,a contacter,,,,,,,,,,,,reseaux,,LA COURNEUVE,,93,,,,,,,,,,,,,,,,,,,,,,,,,,,,,,,487705964,48770596400038,43.21A,,,,,,,,,,,sirene,
MISTRAL.COM,,,a contacter,,,,,,,,,,,,reseaux,,SUNDHOFFEN,,68,,,,,,,,,,,,,,,,,,,,,,,,,,,,,,,438131534,43813153400010,61.90Z,,,,,,,,,,,sirene,
MITI,,,a contacter,,,,,,,,,,,,reseaux,,CABESTANY,,66,,,,,,,,,,,,,,,,,,,,,,,,,,,,,,,524397056,52439705600028,43.21A,,,,,,,,,,,sirene,
MK ENERGIES,,,a contacter,,,,,,,,,,,,reseaux,,SAINT-LEONARD,,51,,,,,,,,,,,,,,,,,,,,,,,,,,,,,,,794576231,79457623100110,43.21A,,,,,,,,,,,sirene,
MLK CONNECT,,,a contacter,,,,,,,,,,,,reseaux,,ESCAUDAIN,,59,,,,,,,,,,,,,,,,,,,,,,,,,,,,,,,824319180,82431918000033,43.21A,,,,,,,,,,,sirene,
MLS TELECOM,,,a contacter,,,,,,,,,,,,reseaux,,VENISSIEUX,,69,,,,,,,,,,,,,,,,,,,,,,,,,,,,,,,891007163,89100716300035,43.21A,,,,,,,,,,,sirene,
MM ELECTRICITE GENERALE,,,a contacter,,,,,,,,,,,,reseaux,,AUXERRE,,89,,,,,,,,,,,,,,,,,,,,,,,,,,,,,,,880811070,88081107000031,43.21A,,,,,,,,,,,sirene,
MMA.CONNECTING,,,a contacter,,,,,,,,,,,,reseaux,,PARIS,,75,,,,,,,,,,,,,,,,,,,,,,,,,,,,,,,909866626,90986662600015,43.21A,,,,,,,,,,,sirene,
MMTP GUYANE,,,a contacter,,,,,,,,,,,,reseaux,,REMIRE-MONTJOLY,,973,,,,,,,,,,,,,,,,,,,,,,,,,,,,,,,809831233,80983123300014,42.21Z,,,,,,,,,,,sirene,
MOBILE ONE,,,a contacter,,,,,,,,,,,,reseaux,,BORDEAUX,,33,,,,,,,,,,,,,,,,,,,,,,,,,,,,,,,477759583,47775958300073,61.20Z,,,,,,,,,,,sirene,
MODERN'TELECOM,,,a contacter,,,,,,,,,,,,reseaux,,LA ROQUETTE-SUR-SIAGNE,,06,,,,,,,,,,,,,,,,,,,,,,,,,,,,,,,440852689,44085268900064,43.21A,,,,,,,,,,,sirene,
MOINARD ENERGIE,,,a contacter,,,,,,,,,,,,reseaux,,MONTAIGU-VENDEE,,85,,,,,,,,,,,,,,,,,,,,,,,,,,,,,,,348664053,34866405300058,43.21A,,,,,,,,,,,sirene,
MOKRANE FRANCE ELECTRICITE,,,a contacter,,,,,,,,,,,,reseaux,,PARIS,,75,,,,,,,,,,,,,,,,,,,,,,,,,,,,,,,821148459,82114845900018,43.21A,,,,,,,,,,,sirene,
MOLLIER,,,a contacter,,,,,,,,,,,,reseaux,,CROZON,,29,,,,,,,,,,,,,,,,,,,,,,,,,,,,,,,818382178,81838217800023,43.21A,,,,,,,,,,,sirene,
MON INSTALLATEUR SOLAIRE,,,a contacter,,,,,,,,,,,,reseaux,,ROMANS-SUR-ISERE,,26,,,,,,,,,,,,,,,,,,,,,,,,,,,,,,,904333556,90433355600028,43.21A,,,,,,,,,,,sirene,
MONABEE,,,a contacter,,,,,,,,,,,,reseaux,,DARDILLY,,69,,,,,,,,,,,,,,,,,,,,,,,,,,,,,,,788614006,78861400600088,43.21A,,,,,,,,,,,sirene,
MONCELEC,,,a contacter,,,,,,,,,,,,reseaux,,BEZONS,,95,,,,,,,,,,,,,,,,,,,,,,,,,,,,,,,392718425,39271842500029,43.21A,,,,,,,,,,,sirene,
MONIN ELECTRICITE GENERALE,,,a contacter,,,,,,,,,,,,reseaux,,SAINTE-BLANDINE,,38,,,,,,,,,,,,,,,,,,,,,,,,,,,,,,,424120129,42412012900020,43.21A,,,,,,,,,,,sirene,
MONITORING SUN PRO-TECH,,,a contacter,,,,,,,,,,,,reseaux,,MONTBLANC,,34,,,,,,,,,,,,,,,,,,,,,,,,,,,,,,,528658370,52865837000010,43.21A,,,,,,,,,,,sirene,
MONNIER,,,a contacter,,,,,,,,,,,,reseaux,,ANCENIS-SAINT-GEREON,,44,,,,,,,,,,,,,,,,,,,,,,,,,,,,,,,478804289,47880428900021,43.21A,,,,,,,,,,,sirene,
MONNIER TELECOM,,,a contacter,,,,,,,,,,,,reseaux,,ANDREZIEUX-BOUTHEON,,42,,,,,,,,,,,,,,,,,,,,,,,,,,,,,,,389570797,38957079700040,43.21A,,,,,,,,,,,sirene,
MONOFASICA,,,a contacter,,,,,,,,,,,,reseaux,,MARSEILLE,,13,,,,,,,,,,,,,,,,,,,,,,,,,,,,,,,812017820,81201782000034,43.21A,,,,,,,,,,,sirene,
MONOPHASE,,,a contacter,,,,,,,,,,,,reseaux,,BONDY,,93,,,,,,,,,,,,,,,,,,,,,,,,,,,,,,,448131151,44813115100038,43.21A,,,,,,,,,,,sirene,
MONTAGE D'EQUIPEMENTS ELECTRIQUES,,,a contacter,,,,,,,,,,,,reseaux,,HAM-SOUS-VARSBERG,,57,,,,,,,,,,,,,,,,,,,,,,,,,,,,,,,831224134,83122413400013,43.21A,,,,,,,,,,,sirene,
MONTAGES CABLAGES ET AUTOMATISMES,,,a contacter,,,,,,,,,,,,reseaux,,AVERMES,,03,,,,,,,,,,,,,,,,,,,,,,,,,,,,,,,379516941,37951694100026,43.21A,,,,,,,,,,,sirene,
MONTCOCOL,,,a contacter,,,,,,,,,,,,reseaux,,NEUILLY-SUR-MARNE,,93,,,,,,,,,,,,,,,,,,,,,,,,,,,,,,,390632040,39063204000163,42.21Z,,,,,,,,,,,sirene,
MONTELEC,,,a contacter,,,,,,,,,,,,reseaux,,CURGIES,,59,,,,,,,,,,,,,,,,,,,,,,,,,,,,,,,438602724,43860272400033,43.21A,,,,,,,,,,,sirene,
MONTELEC,,,a contacter,,,,,,,,,,,,reseaux,,DONNEMARIE-DONTILLY,,77,,,,,,,,,,,,,,,,,,,,,,,,,,,,,,,350715215,35071521500025,43.21A,,,,,,,,,,,sirene,
MONTELEC MONTALBAN ELECTR GENE,,,a contacter,,,,,,,,,,,,reseaux,,MONTAUBAN,,82,,,,,,,,,,,,,,,,,,,,,,,,,,,,,,,845750652,84575065200024,43.21A,,,,,,,,,,,sirene,
MONTELEC SERVICE,,,a contacter,,,,,,,,,,,,reseaux,,VILLENOY,,77,,,,,,,,,,,,,,,,,,,,,,,,,,,,,,,352180897,35218089700030,43.21A,,,,,,,,,,,sirene,
MOREAU,,,a contacter,,,,,,,,,,,,reseaux,,RUITZ,,62,,,,,,,,,,,,,,,,,,,,,,,,,,,,,,,425033370,42503337000015,43.21A,,,,,,,,,,,sirene,
MOREAU ELECTRICITE,,,a contacter,,,,,,,,,,,,reseaux,,TOURS,,37,,,,,,,,,,,,,,,,,,,,,,,,,,,,,,,383097995,38309799500021,43.21A,,,,,,,,,,,sirene,
MORET,,,a contacter,,,,,,,,,,,,reseaux,,CHAULNES,,80,,,,,,,,,,,,,,,,,,,,,,,,,,,,,,,307380329,30738032900010,43.21A,,,,,,,,,,,sirene,
MOULARD & FILS,,,a contacter,,,,,,,,,,,,reseaux,,SORBIERS,,42,,,,,,,,,,,,,,,,,,,,,,,,,,,,,,,452938251,45293825100017,43.21A,,,,,,,,,,,sirene,
MOULIN RESEAUX,,,a contacter,,,,,,,,,,,,reseaux,,LES ABYMES,,971,,,,,,,,,,,,,,,,,,,,,,,,,,,,,,,424266161,42426616100019,42.22Z,,,,,,,,,,,sirene,
MOUTOT GENIE CIVIL,,,a contacter,,,,,,,,,,,,reseaux,,CHARNAS,,07,,,,,,,,,,,,,,,,,,,,,,,,,,,,,,,388538662,38853866200031,42.21Z,,,,,,,,,,,sirene,
MP ENERGIES,,,a contacter,,,,,,,,,,,,reseaux,,MOTHERN,,67,,,,,,,,,,,,,,,,,,,,,,,,,,,,,,,798650933,79865093300012,43.21A,,,,,,,,,,,sirene,
MPELEC,,,a contacter,,,,,,,,,,,,reseaux,,JARCIEU,,38,,,,,,,,,,,,,,,,,,,,,,,,,,,,,,,884608522,88460852200063,43.21A,,,,,,,,,,,sirene,
MR AMPERE,,,a contacter,,,,,,,,,,,,reseaux,,ARNOUVILLE,,95,,,,,,,,,,,,,,,,,,,,,,,,,,,,,,,814546206,81454620600032,43.21A,,,,,,,,,,,sirene,
MRL ELEC,,,a contacter,,,,,,,,,,,,reseaux,,OPOUL-PERILLOS,,66,,,,,,,,,,,,,,,,,,,,,,,,,,,,,,,848873659,84887365900017,43.21A,,,,,,,,,,,sirene,
MRT ENERGIE,,,a contacter,,,,,,,,,,,,reseaux,,GARGES-LES-GONESSE,,95,,,,,,,,,,,,,,,,,,,,,,,,,,,,,,,844079236,84407923600023,61.10Z,,,,,,,,,,,sirene,
MRT+,,,a contacter,,,,,,,,,,,,reseaux,,VILLEPINTE,,93,,,,,,,,,,,,,,,,,,,,,,,,,,,,,,,921840914,92184091400037,43.21A,,,,,,,,,,,sirene,
MS TELECOM,,,a contacter,,,,,,,,,,,,reseaux,,LE BLANC-MESNIL,,93,,,,,,,,,,,,,,,,,,,,,,,,,,,,,,,919911784,91991178400024,43.21A,,,,,,,,,,,sirene,
MSK ENERGIE,,,a contacter,,,,,,,,,,,,reseaux,,VERSAILLES,,78,,,,,,,,,,,,,,,,,,,,,,,,,,,,,,,919959072,91995907200019,43.21A,,,,,,,,,,,sirene,
MT SERVICE,,,a contacter,,,,,,,,,,,,reseaux,,DIVION,,62,,,,,,,,,,,,,,,,,,,,,,,,,,,,,,,808831622,80883162200028,43.21A,,,,,,,,,,,sirene,
MULERO ET FILS,,,a contacter,,,,,,,,,,,,reseaux,,LEDIGNAN,,30,,,,,,,,,,,,,,,,,,,,,,,,,,,,,,,313245771,31324577100016,42.21Z,,,,,,,,,,,sirene,
MULTI ASS TECHNOLOGIE ELECTRIQUE,,,a contacter,,,,,,,,,,,,reseaux,,CHANTELOUP-EN-BRIE,,77,,,,,,,,,,,,,,,,,,,,,,,,,,,,,,,438209397,43820939700043,43.21A,,,,,,,,,,,sirene,
MULTI FROID SERVICES,,,a contacter,,,,,,,,,,,,reseaux,,ORMES,,45,,,,,,,,,,,,,,,,,,,,,,,,,,,,,,,817459993,81745999300017,43.21A,,,,,,,,,,,sirene,
MULTI RESEAUX,,,a contacter,,,,,,,,,,,,reseaux,,SAHURS,,76,,,,,,,,,,,,,,,,,,,,,,,,,,,,,,,389732280,38973228000018,42.21Z,,,,,,,,,,,sirene,
MULTI SERVICES JOUANNOT,,,a contacter,,,,,,,,,,,,reseaux,,HAUTMONT,,59,,,,,,,,,,,,,,,,,,,,,,,,,,,,,,,508027307,50802730700018,43.21A,,,,,,,,,,,sirene,
MULTI-MODES DEPANNAGE TELECOM,,,a contacter,,,,,,,,,,,,reseaux,,BAIE-MAHAULT,,971,,,,,,,,,,,,,,,,,,,,,,,,,,,,,,,894915818,89491581800013,42.22Z,,,,,,,,,,,sirene,
MURELEC,,,a contacter,,,,,,,,,,,,reseaux,,MURET,,31,,,,,,,,,,,,,,,,,,,,,,,,,,,,,,,429152903,42915290300028,43.21A,,,,,,,,,,,sirene,
MVE ELECTRICITE,,,a contacter,,,,,,,,,,,,reseaux,,CASTRIES,,34,,,,,,,,,,,,,,,,,,,,,,,,,,,,,,,508493095,50849309500063,43.21A,,,,,,,,,,,sirene,
MXT,,,a contacter,,,,,,,,,,,,reseaux,,ENTRAIGUES-SUR-LA-SORGUE,,84,,,,,,,,,,,,,,,,,,,,,,,,,,,,,,,808418933,80841893300012,42.22Z,,,,,,,,,,,sirene,
MY FIBRE ONE,,,a contacter,,,,,,,,,,,,reseaux,,MEAUX,,77,,,,,,,,,,,,,,,,,,,,,,,,,,,,,,,885306662,88530666200028,43.21A,,,,,,,,,,,sirene,
MY RENOV,,,a contacter,,,,,,,,,,,,reseaux,,LEVALLOIS-PERRET,,92,,,,,,,,,,,,,,,,,,,,,,,,,,,,,,,892794553,89279455300016,43.21A,,,,,,,,,,,sirene,
MYCONNECT,,,a contacter,,,,,,,,,,,,reseaux,,MUDAISON,,34,,,,,,,,,,,,,,,,,,,,,,,,,,,,,,,804387876,80438787600035,61.20Z,,,,,,,,,,,sirene,
N E A NOUVEAUX ELECTRICIENS ASSOCIES,,,a contacter,,,,,,,,,,,,reseaux,,SARTROUVILLE,,78,,,,,,,,,,,,,,,,,,,,,,,,,,,,,,,499424661,49942466100027,43.21A,,,,,,,,,,,sirene,
N.M.A. SUD-OUEST,,,a contacter,,,,,,,,,,,,reseaux,,MONTAUBAN,,82,,,,,,,,,,,,,,,,,,,,,,,,,,,,,,,504891904,50489190400030,43.21A,,,,,,,,,,,sirene,
N2E,,,a contacter,,,,,,,,,,,,reseaux,,VITRY-SUR-SEINE,,94,,,,,,,,,,,,,,,,,,,,,,,,,,,,,,,523702975,52370297500039,43.21A,,,,,,,,,,,sirene,
NALOS SOLUTIONS TECHNOLOGIQUES,,,a contacter,,,,,,,,,,,,reseaux,,LE PLESSIS-ROBINSON,,92,,,,,,,,,,,,,,,,,,,,,,,,,,,,,,,877732545,87773254500026,61.10Z,,,,,,,,,,,sirene,
NANTES EUROPELEC,,,a contacter,,,,,,,,,,,,reseaux,,COUERON,,44,,,,,,,,,,,,,,,,,,,,,,,,,,,,,,,349756387,34975638700024,43.21A,,,,,,,,,,,sirene,
NC2E,,,a contacter,,,,,,,,,,,,reseaux,,LOGNES,,77,,,,,,,,,,,,,,,,,,,,,,,,,,,,,,,532338035,53233803500035,43.21A,,,,,,,,,,,sirene,
NEB ELEC,,,a contacter,,,,,,,,,,,,reseaux,,VITRY-SUR-SEINE,,94,,,,,,,,,,,,,,,,,,,,,,,,,,,,,,,818503625,81850362500019,43.21A,,,,,,,,,,,sirene,
NEDAP FRANCE,,,a contacter,,,,,,,,,,,,reseaux,,ERAGNY,,95,,,,,,,,,,,,,,,,,,,,,,,,,,,,,,,411513237,41151323700023,43.21A,,,,,,,,,,,sirene,
NEMESIS SOLUTIONS,,,a contacter,,,,,,,,,,,,reseaux,,VAL-DE-REUIL,,27,,,,,,,,,,,,,,,,,,,,,,,,,,,,,,,819107491,81910749100022,43.21A,,,,,,,,,,,sirene,
NEO RESEAUX,,,a contacter,,,,,,,,,,,,reseaux,,TARNOS,,40,,,,,,,,,,,,,,,,,,,,,,,,,,,,,,,302475405,30247540500031,42.21Z,,,,,,,,,,,sirene,
NEOSERV,,,a contacter,,,,,,,,,,,,reseaux,,REMOUILLE,,44,,,,,,,,,,,,,,,,,,,,,,,,,,,,,,,522676931,52267693100036,61.90Z,,,,,,,,,,,sirene,
NEOTECH,,,a contacter,,,,,,,,,,,,reseaux,,TAILLADES,,84,,,,,,,,,,,,,,,,,,,,,,,,,,,,,,,814911848,81491184800038,43.21A,,,,,,,,,,,sirene,
NEOVIGIE,,,a contacter,,,,,,,,,,,,reseaux,,TOULOUSE,,31,,,,,,,,,,,,,,,,,,,,,,,,,,,,,,,824239578,82423957800019,61.90Z,,,,,,,,,,,sirene,
NEOVII,,,a contacter,,,,,,,,,,,,reseaux,,VILLETTE-D'ANTHON,,38,,,,,,,,,,,,,,,,,,,,,,,,,,,,,,,794713230,79471323000058,43.21A,,,,,,,,,,,sirene,
NEOXOM ENERGIE,,,a contacter,,,,,,,,,,,,reseaux,,AUBAGNE,,13,,,,,,,,,,,,,,,,,,,,,,,,,,,,,,,801517202,80151720200033,43.21A,,,,,,,,,,,sirene,
NET OI,,,a contacter,,,,,,,,,,,,reseaux,,SAINT-PIERRE,,974,,,,,,,,,,,,,,,,,,,,,,,,,,,,,,,802499715,80249971500059,61.90Z,,,,,,,,,,,sirene,
NETWORK INSTAL,,,a contacter,,,,,,,,,,,,reseaux,,FONTAINEBLEAU,,77,,,,,,,,,,,,,,,,,,,,,,,,,,,,,,,832918312,83291831200014,43.21A,,,,,,,,,,,sirene,
NETWORK SERVICES,,,a contacter,,,,,,,,,,,,reseaux,,EYBENS,,38,,,,,,,,,,,,,,,,,,,,,,,,,,,,,,,410090633,41009063300067,43.21A,,,,,,,,,,,sirene,
NETWORTH TELECOM,,,a contacter,,,,,,,,,,,,reseaux,,CLICHY,,92,,,,,,,,,,,,,,,,,,,,,,,,,,,,,,,434225082,43422508200081,61.10Z,,,,,,,,,,,sirene,
NEUTRINO ICS,,,a contacter,,,,,,,,,,,,reseaux,,TAVERNY,,95,,,,,,,,,,,,,,,,,,,,,,,,,,,,,,,752649715,75264971500030,43.21A,,,,,,,,,,,sirene,
NEW COM,,,a contacter,,,,,,,,,,,,reseaux,,SAINT-DENIS,,974,,,,,,,,,,,,,,,,,,,,,,,,,,,,,,,812955078,81295507800017,43.21A,,,,,,,,,,,sirene,
NEW ELEC,,,a contacter,,,,,,,,,,,,reseaux,,LESPINASSE,,31,,,,,,,,,,,,,,,,,,,,,,,,,,,,,,,882206113,88220611300012,43.21A,,,,,,,,,,,sirene,
NEW ENERGY,,,a contacter,,,,,,,,,,,,reseaux,,MARLY,,59,,,,,,,,,,,,,,,,,,,,,,,,,,,,,,,538849381,53884938100032,43.21A,,,,,,,,,,,sirene,
NEWLINK,,,a contacter,,,,,,,,,,,,reseaux,,AIX-EN-PROVENCE,,13,,,,,,,,,,,,,,,,,,,,,,,,,,,,,,,889221479,88922147900039,61.90Z,,,,,,,,,,,sirene,
NEWTEL,,,a contacter,,,,,,,,,,,,reseaux,,YVRAC,,33,,,,,,,,,,,,,,,,,,,,,,,,,,,,,,,821843778,82184377800035,43.21A,,,,,,,,,,,sirene,
NEXHOS ENERGIES MAINTENANCE,,,a contacter,,,,,,,,,,,,reseaux,,RENNES,,35,,,,,,,,,,,,,,,,,,,,,,,,,,,,,,,510156813,51015681300113,43.21A,,,,,,,,,,,sirene,
NEXT GENERATION TELECOMS,,,a contacter,,,,,,,,,,,,reseaux,,CALUIRE-ET-CUIRE,,69,,,,,,,,,,,,,,,,,,,,,,,,,,,,,,,899472625,89947262500032,61.90Z,,,,,,,,,,,sirene,
NFCOM,,,a contacter,,,,,,,,,,,,reseaux,,SAINT-JEAN-DU-CARDONNAY,,76,,,,,,,,,,,,,,,,,,,,,,,,,,,,,,,401047048,40104704800038,61.20Z,,,,,,,,,,,sirene,
NG HOME DOMOTIQUE,,,a contacter,,,,,,,,,,,,reseaux,,SAINT-DIZIER,,52,,,,,,,,,,,,,,,,,,,,,,,,,,,,,,,820618007,82061800700026,43.21A,,,,,,,,,,,sirene,
NGR TELECOMS SOLUTIONS,,,a contacter,,,,,,,,,,,,reseaux,,LORMONT,,33,,,,,,,,,,,,,,,,,,,,,,,,,,,,,,,838222511,83822251100019,42.22Z,,,,,,,,,,,sirene,
NICO ELEC,,,a contacter,,,,,,,,,,,,reseaux,,CLUSES,,74,,,,,,,,,,,,,,,,,,,,,,,,,,,,,,,514075357,51407535700038,43.21A,,,,,,,,,,,sirene,
NICOLAS COUILLAUD,,,a contacter,,,,,,,,,,,,reseaux,,NANTEUIL-EN-VALLEE,,16,,,,,,,,,,,,,,,,,,,,,,,,,,,,,,,494442791,49444279100013,43.21A,,,,,,,,,,,sirene,
NICOLO,,,a contacter,,,,,,,,,,,,reseaux,,NICE,,06,,,,,,,,,,,,,,,,,,,,,,,,,,,,,,,408822757,40882275700030,42.21Z,,,,,,,,,,,sirene,
NIJHUIS SAUR INDUSTRIES FRANCE,,,a contacter,,,,,,,,,,,,reseaux,,ISSY-LES-MOULINEAUX,,92,,,,,,,,,,,,,,,,,,,,,,,,,,,,,,,889918124,88991812400013,42.21Z,,,,,,,,,,,sirene,
NILYS CONCEPT,,,a contacter,,,,,,,,,,,,reseaux,,GELLAINVILLE,,28,,,,,,,,,,,,,,,,,,,,,,,,,,,,,,,892601881,89260188100022,43.21A,,,,,,,,,,,sirene,
NISSE FRERES ET CIE EDISEC,,,a contacter,,,,,,,,,,,,reseaux,,SARREBOURG,,57,,,,,,,,,,,,,,,,,,,,,,,,,,,,,,,322706748,32270674800025,43.21A,,,,,,,,,,,sirene,
NJRCOM,,,a contacter,,,,,,,,,,,,reseaux,,LA SOUTERRAINE,,23,,,,,,,,,,,,,,,,,,,,,,,,,,,,,,,892391343,89239134300019,42.22Z,,,,,,,,,,,sirene,
NMC BATIMENT,,,a contacter,,,,,,,,,,,,reseaux,,BAILLY-ROMAINVILLIERS,,77,,,,,,,,,,,,,,,,,,,,,,,,,,,,,,,803609726,80360972600028,43.21A,,,,,,,,,,,sirene,
NOFO FIBRE,,,a contacter,,,,,,,,,,,,reseaux,,CHARLEVILLE-MEZIERES,,08,,,,,,,,,,,,,,,,,,,,,,,,,,,,,,,908116460,90811646000027,43.21A,,,,,,,,,,,sirene,
NOMOTECH,,,a contacter,,,,,,,,,,,,reseaux,,POILLEY,,50,,,,,,,,,,,,,,,,,,,,,,,,,,,,,,,393819636,39381963600217,61.90Z,,,,,,,,,,,sirene,
NONA,,,a contacter,,,,,,,,,,,,reseaux,,DRANCY,,93,,,,,,,,,,,,,,,,,,,,,,,,,,,,,,,842455842,84245584200026,43.21A,,,,,,,,,,,sirene,
NOOR BATI,,,a contacter,,,,,,,,,,,,reseaux,,PARIS,,75,,,,,,,,,,,,,,,,,,,,,,,,,,,,,,,539882449,53988244900025,43.21A,,,,,,,,,,,sirene,
NOR-ELECTRIQUE,,,a contacter,,,,,,,,,,,,reseaux,,MITRY-MORY,,77,,,,,,,,,,,,,,,,,,,,,,,,,,,,,,,309467702,30946770200044,43.21A,,,,,,,,,,,sirene,
NORD EST T.P. CANALISATIONS,,,a contacter,,,,,,,,,,,,reseaux,,CHALONS-EN-CHAMPAGNE,,51,,,,,,,,,,,,,,,,,,,,,,,,,,,,,,,404164477,40416447700014,42.21Z,,,,,,,,,,,sirene,
NORD FIBRE OPTIQUE,,,a contacter,,,,,,,,,,,,reseaux,,SEQUEDIN,,59,,,,,,,,,,,,,,,,,,,,,,,,,,,,,,,413491044,41349104400058,43.21A,,,,,,,,,,,sirene,
NORD OS,,,a contacter,,,,,,,,,,,,reseaux,,WAMBRECHIES,,59,,,,,,,,,,,,,,,,,,,,,,,,,,,,,,,887513018,88751301800028,43.21A,,,,,,,,,,,sirene,
NORD PICARDIE MAINTENANCE SERVICE,,,a contacter,,,,,,,,,,,,reseaux,,FRETIN,,59,,,,,,,,,,,,,,,,,,,,,,,,,,,,,,,518927215,51892721500062,43.21A,,,,,,,,,,,sirene,
NORDNET,,,a contacter,,,,,,,,,,,,reseaux,,VILLENEUVE-D'ASCQ,,59,,,,,,,,,,,,,,,,,,,,,,,,,,,,,,,402974489,40297448900070,61.10Z,,,,,,,,,,,sirene,
NORISELEC,,,a contacter,,,,,,,,,,,,reseaux,,SERRIS,,77,,,,,,,,,,,,,,,,,,,,,,,,,,,,,,,385033865,38503386500051,43.21A,,,,,,,,,,,sirene,
NORMANDIE ELECTRICITE,,,a contacter,,,,,,,,,,,,reseaux,,LE HAVRE,,76,,,,,,,,,,,,,,,,,,,,,,,,,,,,,,,381009950,38100995000027,43.21A,,,,,,,,,,,sirene,
NORMANDIE RESEAUX,,,a contacter,,,,,,,,,,,,reseaux,,EVRY-COURCOURONNES,,91,,,,,,,,,,,,,,,,,,,,,,,,,,,,,,,521565945,52156594500040,42.22Z,,,,,,,,,,,sirene,
NORMEL ENERGIES,,,a contacter,,,,,,,,,,,,reseaux,,BUCHELAY,,78,,,,,,,,,,,,,,,,,,,,,,,,,,,,,,,979888633,97988863300034,42.22Z,,,,,,,,,,,sirene,
NORMES'ELEC,,,a contacter,,,,,,,,,,,,reseaux,,ROQUEBRUNE-SUR-ARGENS,,83,,,,,,,,,,,,,,,,,,,,,,,,,,,,,,,807537501,80753750100023,43.21A,,,,,,,,,,,sirene,
NORTHSTAR ENERGY MANAGEMENT FRANCE,,,a contacter,,,,,,,,,,,,reseaux,,LA TOUR-DE-SALVAGNY,,69,,,,,,,,,,,,,,,,,,,,,,,,,,,,,,,882417355,88241735500014,43.21A,,,,,,,,,,,sirene,
NOUAILLES EPC,,,a contacter,,,,,,,,,,,,reseaux,,FOULAYRONNES,,47,,,,,,,,,,,,,,,,,,,,,,,,,,,,,,,514561992,51456199200025,43.21A,,,,,,,,,,,sirene,
NOUVEL'R,,,a contacter,,,,,,,,,,,,reseaux,,SAINT-MEDARD-D'AUNIS,,17,,,,,,,,,,,,,,,,,,,,,,,,,,,,,,,794091926,79409192600038,43.21A,,,,,,,,,,,sirene,
NOUVEL'R ENERGIE,,,a contacter,,,,,,,,,,,,reseaux,,SAINT-MEDARD-D'AUNIS,,17,,,,,,,,,,,,,,,,,,,,,,,,,,,,,,,897594701,89759470100012,43.21A,,,,,,,,,,,sirene,
NOUVEL'R RENOVATION,,,a contacter,,,,,,,,,,,,reseaux,,SAINT-MAURICE,,94,,,,,,,,,,,,,,,,,,,,,,,,,,,,,,,532633005,53263300500030,43.21A,,,,,,,,,,,sirene,
NOUVELLE ASSAINISSEMENT ADDUCTION D EAU,,,a contacter,,,,,,,,,,,,reseaux,,MAUBOURGUET,,65,,,,,,,,,,,,,,,,,,,,,,,,,,,,,,,341369726,34136972600052,42.21Z,,,,,,,,,,,sirene,
NOUVELLE GENERATION ELECTRIQUE,,,a contacter,,,,,,,,,,,,reseaux,,NICE,,06,,,,,,,,,,,,,,,,,,,,,,,,,,,,,,,491414066,49141406600036,43.21A,,,,,,,,,,,sirene,
NOUVELLE SOCIETE D'ELECTRICITE,,,a contacter,,,,,,,,,,,,reseaux,,MAROLLES-EN-HUREPOIX,,91,,,,,,,,,,,,,,,,,,,,,,,,,,,,,,,413375668,41337566800048,43.21A,,,,,,,,,,,sirene,
NOUVELLE-AQUITAINE THD,,,a contacter,,,,,,,,,,,,reseaux,,BORDEAUX,,33,,,,,,,,,,,,,,,,,,,,,,,,,,,,,,,810704320,81070432000029,61.90Z,,,,,,,,,,,sirene,
NOVA IP,,,a contacter,,,,,,,,,,,,reseaux,,PARIS,,75,,,,,,,,,,,,,,,,,,,,,,,,,,,,,,,511727760,51172776000031,43.21A,,,,,,,,,,,sirene,
NOVAE,,,a contacter,,,,,,,,,,,,reseaux,,STAINS,,93,,,,,,,,,,,,,,,,,,,,,,,,,,,,,,,331719674,33171967400052,43.21A,,,,,,,,,,,sirene,
NOVAL ELEC,,,a contacter,,,,,,,,,,,,reseaux,,CHAMBERY,,73,,,,,,,,,,,,,,,,,,,,,,,,,,,,,,,389033184,38903318400018,43.21A,,,,,,,,,,,sirene,
NOVALT,,,a contacter,,,,,,,,,,,,reseaux,,BOUAYE,,44,,,,,,,,,,,,,,,,,,,,,,,,,,,,,,,515331718,51533171800046,43.21A,,,,,,,,,,,sirene,
NOVELEC,,,a contacter,,,,,,,,,,,,reseaux,,DRANCY,,93,,,,,,,,,,,,,,,,,,,,,,,,,,,,,,,505082529,50508252900015,43.21A,,,,,,,,,,,sirene,
NOVELEC SARL,,,a contacter,,,,,,,,,,,,reseaux,,SERRES-CASTET,,64,,,,,,,,,,,,,,,,,,,,,,,,,,,,,,,331828970,33182897000037,43.21A,,,,,,,,,,,sirene,
NOVHA ENERGIE,,,a contacter,,,,,,,,,,,,reseaux,,VAULX-EN-VELIN,,69,,,,,,,,,,,,,,,,,,,,,,,,,,,,,,,794753731,79475373100023,43.21A,,,,,,,,,,,sirene,
NOVINTEL,,,a contacter,,,,,,,,,,,,reseaux,,RENNES,,35,,,,,,,,,,,,,,,,,,,,,,,,,,,,,,,435082649,43508264900185,42.22Z,,,,,,,,,,,sirene,
NRJ,,,a contacter,,,,,,,,,,,,reseaux,,MILLY-LA-FORET,,91,,,,,,,,,,,,,,,,,,,,,,,,,,,,,,,400527438,40052743800024,43.21A,,,,,,,,,,,sirene,
NSE SERVICES,,,a contacter,,,,,,,,,,,,reseaux,,REICHSHOFFEN,,67,,,,,,,,,,,,,,,,,,,,,,,,,,,,,,,753485754,75348575400018,43.21A,,,,,,,,,,,sirene,
NSG,,,a contacter,,,,,,,,,,,,reseaux,,SAINT-SEBASTIEN-SUR-LOIRE,,44,,,,,,,,,,,,,,,,,,,,,,,,,,,,,,,881419071,88141907100025,43.21A,,,,,,,,,,,sirene,
NSTELECT,,,a contacter,,,,,,,,,,,,reseaux,,PARIS,,75,,,,,,,,,,,,,,,,,,,,,,,,,,,,,,,877871657,87787165700020,43.21A,,,,,,,,,,,sirene,
NTT CLOUD COMMUNICATIONS SAS,,,a contacter,,,,,,,,,,,,reseaux,,PARIS,,75,,,,,,,,,,,,,,,,,,,,,,,,,,,,,,,438568222,43856822200071,61.90Z,,,,,,,,,,,sirene,
NUMELEC,,,a contacter,,,,,,,,,,,,reseaux,,NEUILLY-PLAISANCE,,93,,,,,,,,,,,,,,,,,,,,,,,,,,,,,,,479019838,47901983800032,43.21A,,,,,,,,,,,sirene,
NUMERILEC,,,a contacter,,,,,,,,,,,,reseaux,,OSTWALD,,67,,,,,,,,,,,,,,,,,,,,,,,,,,,,,,,809890429,80989042900024,43.21A,,,,,,,,,,,sirene,
NUMERISS,,,a contacter,,,,,,,,,,,,reseaux,,POULAINVILLE,,80,,,,,,,,,,,,,,,,,,,,,,,,,,,,,,,790869804,79086980400035,43.21A,,,,,,,,,,,sirene,
O'LINK,,,a contacter,,,,,,,,,,,,reseaux,,DUCOS,,972,,,,,,,,,,,,,,,,,,,,,,,,,,,,,,,912707536,91270753600021,42.22Z,,,,,,,,,,,sirene,
O-S SECURITE,,,a contacter,,,,,,,,,,,,reseaux,,CHATOU,,78,,,,,,,,,,,,,,,,,,,,,,,,,,,,,,,507489987,50748998700028,43.21A,,,,,,,,,,,sirene,
O.T.G (ORGANISATION TECHNIQUE GESTION),,,a contacter,,,,,,,,,,,,reseaux,,FORMERIE,,60,,,,,,,,,,,,,,,,,,,,,,,,,,,,,,,803878867,80387886700032,43.21A,,,,,,,,,,,sirene,
OBJECTIF ENERGIES,,,a contacter,,,,,,,,,,,,reseaux,,ARGENTRE-DU-PLESSIS,,35,,,,,,,,,,,,,,,,,,,,,,,,,,,,,,,878926476,87892647600036,43.21A,,,,,,,,,,,sirene,
OCCICOM,,,a contacter,,,,,,,,,,,,reseaux,,LABRUGUIERE,,81,,,,,,,,,,,,,,,,,,,,,,,,,,,,,,,798831178,79883117800057,61.90Z,,,,,,,,,,,sirene,
OCCITAN'ELEC,,,a contacter,,,,,,,,,,,,reseaux,,RABASTENS,,81,,,,,,,,,,,,,,,,,,,,,,,,,,,,,,,439295510,43929551000036,43.21A,,,,,,,,,,,sirene,
OCCITEL,,,a contacter,,,,,,,,,,,,reseaux,,VENDARGUES,,34,,,,,,,,,,,,,,,,,,,,,,,,,,,,,,,902498849,90249884900030,43.21A,,,,,,,,,,,sirene,
OCEANE RENOVATIONS ET SERVICES PERE ET FILS,,,a contacter,,,,,,,,,,,,reseaux,,LE HAVRE,,76,,,,,,,,,,,,,,,,,,,,,,,,,,,,,,,898316179,89831617900024,43.21A,,,,,,,,,,,sirene,
OCELEC,,,a contacter,,,,,,,,,,,,reseaux,,L'UNION,,31,,,,,,,,,,,,,,,,,,,,,,,,,,,,,,,501769897,50176989700023,43.21A,,,,,,,,,,,sirene,
OCTP,,,a contacter,,,,,,,,,,,,reseaux,,QUILLAN,,11,,,,,,,,,,,,,,,,,,,,,,,,,,,,,,,500089677,50008967700032,42.21Z,,,,,,,,,,,sirene,
ODELEC,,,a contacter,,,,,,,,,,,,reseaux,,VILLENEUVE-LA-GARENNE,,92,,,,,,,,,,,,,,,,,,,,,,,,,,,,,,,848432779,84843277900017,43.21A,,,,,,,,,,,sirene,
ODY-C,,,a contacter,,,,,,,,,,,,reseaux,,RENNES,,35,,,,,,,,,,,,,,,,,,,,,,,,,,,,,,,534649355,53464935500052,61.90Z,,,,,,,,,,,sirene,
OHMEGA,,,a contacter,,,,,,,,,,,,reseaux,,FONDETTES,,37,,,,,,,,,,,,,,,,,,,,,,,,,,,,,,,404865735,40486573500066,43.21A,,,,,,,,,,,sirene,
OHREL,,,a contacter,,,,,,,,,,,,reseaux,,ROSHEIM,,67,,,,,,,,,,,,,,,,,,,,,,,,,,,,,,,812148369,81214836900026,43.21A,,,,,,,,,,,sirene,
OISSELEC,,,a contacter,,,,,,,,,,,,reseaux,,OISSEL,,76,,,,,,,,,,,,,,,,,,,,,,,,,,,,,,,329845507,32984550700030,43.21A,,,,,,,,,,,sirene,
OLEA SERVICES,,,a contacter,,,,,,,,,,,,reseaux,,LA CHAPELLE-SUR-ERDRE,,44,,,,,,,,,,,,,,,,,,,,,,,,,,,,,,,811383033,81138303300040,43.21A,,,,,,,,,,,sirene,
OLIVER,,,a contacter,,,,,,,,,,,,reseaux,,DAX,,40,,,,,,,,,,,,,,,,,,,,,,,,,,,,,,,812637197,81263719700029,43.21A,,,,,,,,,,,sirene,
OLNIDA,,,a contacter,,,,,,,,,,,,reseaux,,SOISSONS,,02,,,,,,,,,,,,,,,,,,,,,,,,,,,,,,,529670606,52967060600043,43.21A,,,,,,,,,,,sirene,
OMEGA ENERGIES,,,a contacter,,,,,,,,,,,,reseaux,,AIX-EN-PROVENCE,,13,,,,,,,,,,,,,,,,,,,,,,,,,,,,,,,820665271,82066527100053,43.21A,,,,,,,,,,,sirene,
OMEGA ENERGIES VAR & ALPES MARITIMES,,,a contacter,,,,,,,,,,,,reseaux,,AIX-EN-PROVENCE,,13,,,,,,,,,,,,,,,,,,,,,,,,,,,,,,,851676254,85167625400036,43.21A,,,,,,,,,,,sirene,
OMEGA GROUPE,,,a contacter,,,,,,,,,,,,reseaux,,VELAUX,,13,,,,,,,,,,,,,,,,,,,,,,,,,,,,,,,818568305,81856830500036,43.21A,,,,,,,,,,,sirene,
OMNI ELECTRICITE,,,a contacter,,,,,,,,,,,,reseaux,,ASPACH-MICHELBACH,,68,,,,,,,,,,,,,,,,,,,,,,,,,,,,,,,790131544,79013154400021,43.21A,,,,,,,,,,,sirene,
OMNIUM ELECTRIC,,,a contacter,,,,,,,,,,,,reseaux,,VILLEURBANNE,,69,,,,,,,,,,,,,,,,,,,,,,,,,,,,,,,522008424,52200842400023,43.21A,,,,,,,,,,,sirene,
OMTEK-EGDI,,,a contacter,,,,,,,,,,,,reseaux,,CERNAY-LES-REIMS,,51,,,,,,,,,,,,,,,,,,,,,,,,,,,,,,,823457973,82345797300035,43.21A,,,,,,,,,,,sirene,
ON TOWER FRANCE,,,a contacter,,,,,,,,,,,,reseaux,,BOULOGNE-BILLANCOURT,,92,,,,,,,,,,,,,,,,,,,,,,,,,,,,,,,834309676,83430967600031,61.90Z,,,,,,,,,,,sirene,
ONILLON ELECTRICITE,,,a contacter,,,,,,,,,,,,reseaux,,NUEIL-LES-AUBIERS,,79,,,,,,,,,,,,,,,,,,,,,,,,,,,,,,,424978666,42497866600024,43.21A,,,,,,,,,,,sirene,
ONILLON TECHNOLOGIES,,,a contacter,,,,,,,,,,,,reseaux,,NUEIL-LES-AUBIERS,,79,,,,,,,,,,,,,,,,,,,,,,,,,,,,,,,343874418,34387441800027,43.21A,,,,,,,,,,,sirene,
ONOFF TELECOM,,,a contacter,,,,,,,,,,,,reseaux,,PARIS,,75,,,,,,,,,,,,,,,,,,,,,,,,,,,,,,,832235253,83223525300016,61.90Z,,,,,,,,,,,sirene,
OOB,,,a contacter,,,,,,,,,,,,reseaux,,RENNES,,35,,,,,,,,,,,,,,,,,,,,,,,,,,,,,,,820724250,82072425000023,61.90Z,,,,,,,,,,,sirene,
OPALE ELECTRIQUE,,,a contacter,,,,,,,,,,,,reseaux,,ISQUES,,62,,,,,,,,,,,,,,,,,,,,,,,,,,,,,,,893346213,89334621300026,43.21A,,,,,,,,,,,sirene,
OPENSYS TELECOM,,,a contacter,,,,,,,,,,,,reseaux,,MONTREUIL,,93,,,,,,,,,,,,,,,,,,,,,,,,,,,,,,,528256712,52825671200050,61.10Z,,,,,,,,,,,sirene,
OPTECH,,,a contacter,,,,,,,,,,,,reseaux,,SAINT-DENIS,,93,,,,,,,,,,,,,,,,,,,,,,,,,,,,,,,904096070,90409607000019,43.21A,,,,,,,,,,,sirene,
OPTEOR IMMOTIC,,,a contacter,,,,,,,,,,,,reseaux,,NANTERRE,,92,,,,,,,,,,,,,,,,,,,,,,,,,,,,,,,552008914,55200891400145,43.21A,,,,,,,,,,,sirene,
OPTI' CABLES,,,a contacter,,,,,,,,,,,,reseaux,,VILLENEUVE-LA-GARENNE,,92,,,,,,,,,,,,,,,,,,,,,,,,,,,,,,,499773406,49977340600032,43.21A,,,,,,,,,,,sirene,
OPTIC TELECOMS,,,a contacter,,,,,,,,,,,,reseaux,,SAINT-THIBAULT-DES-VIGNES,,77,,,,,,,,,,,,,,,,,,,,,,,,,,,,,,,894121748,89412174800012,61.10Z,,,,,,,,,,,sirene,
OPTICAL FIBRE,,,a contacter,,,,,,,,,,,,reseaux,,MERIGNAC,,33,,,,,,,,,,,,,,,,,,,,,,,,,,,,,,,839192572,83919257200031,43.21A,,,,,,,,,,,sirene,
OPTICAL NETWORK,,,a contacter,,,,,,,,,,,,reseaux,,FLEURY-SUR-ORNE,,14,,,,,,,,,,,,,,,,,,,,,,,,,,,,,,,828109181,82810918100028,43.21A,,,,,,,,,,,sirene,
OPTICOM,,,a contacter,,,,,,,,,,,,reseaux,,COLOMBES,,92,,,,,,,,,,,,,,,,,,,,,,,,,,,,,,,529621526,52962152600027,61.90Z,,,,,,,,,,,sirene,
OPTICOM,,,a contacter,,,,,,,,,,,,reseaux,,AUBERGENVILLE,,78,,,,,,,,,,,,,,,,,,,,,,,,,,,,,,,532679685,53267968500034,43.21A,,,,,,,,,,,sirene,
OPTIMISATION HABITAT ENERGIE,,,a contacter,,,,,,,,,,,,reseaux,,VEYRE-MONTON,,63,,,,,,,,,,,,,,,,,,,,,,,,,,,,,,,797833787,79783378700048,43.21A,,,,,,,,,,,sirene,
OPTIMO CONSEIL,,,a contacter,,,,,,,,,,,,reseaux,,LABEGE,,31,,,,,,,,,,,,,,,,,,,,,,,,,,,,,,,752567503,75256750300038,61.10Z,,,,,,,,,,,sirene,
OPTIONS TELECOM,,,a contacter,,,,,,,,,,,,reseaux,,CHEVIGNY-SAINT-SAUVEUR,,21,,,,,,,,,,,,,,,,,,,,,,,,,,,,,,,442133567,44213356700093,61.10Z,,,,,,,,,,,sirene,
OPTTICOM,,,a contacter,,,,,,,,,,,,reseaux,,NANTERRE,,92,,,,,,,,,,,,,,,,,,,,,,,,,,,,,,,812784387,81278438700027,43.21A,,,,,,,,,,,sirene,
ORANGE CONCESSIONS,,,a contacter,,,,,,,,,,,,reseaux,,PARIS,,75,,,,,,,,,,,,,,,,,,,,,,,,,,,,,,,827475864,82747586400340,61.10Z,,,,,,,,,,,sirene,
ORAYTECHMA,,,a contacter,,,,,,,,,,,,reseaux,,BRUZ,,35,,,,,,,,,,,,,,,,,,,,,,,,,,,,,,,879536514,87953651400034,43.21A,,,,,,,,,,,sirene,
ORBAT,,,a contacter,,,,,,,,,,,,reseaux,,PERPIGNAN,,66,,,,,,,,,,,,,,,,,,,,,,,,,,,,,,,502891534,50289153400047,43.21A,,,,,,,,,,,sirene,
ORDAGO,,,a contacter,,,,,,,,,,,,reseaux,,POILLEY,,50,,,,,,,,,,,,,,,,,,,,,,,,,,,,,,,539201178,53920117800040,61.90Z,,,,,,,,,,,sirene,
ORECA,,,a contacter,,,,,,,,,,,,reseaux,,NICE,,06,,,,,,,,,,,,,,,,,,,,,,,,,,,,,,,814499869,81449986900026,42.21Z,,,,,,,,,,,sirene,
ORELEC SARL,,,a contacter,,,,,,,,,,,,reseaux,,ORLEANS,,45,,,,,,,,,,,,,,,,,,,,,,,,,,,,,,,484627518,48462751800026,43.21A,,,,,,,,,,,sirene,
ORIGAM,,,a contacter,,,,,,,,,,,,reseaux,,LOGNES,,77,,,,,,,,,,,,,,,,,,,,,,,,,,,,,,,533275103,53327510300034,43.21A,,,,,,,,,,,sirene,
ORION,,,a contacter,,,,,,,,,,,,reseaux,,NANTES,,44,,,,,,,,,,,,,,,,,,,,,,,,,,,,,,,814137923,81413792300037,43.21A,,,,,,,,,,,sirene,
ORIZON INSTALLATION,,,a contacter,,,,,,,,,,,,reseaux,,RIVESALTES,,66,,,,,,,,,,,,,,,,,,,,,,,,,,,,,,,852415603,85241560300020,43.21A,,,,,,,,,,,sirene,
ORNE-THD,,,a contacter,,,,,,,,,,,,reseaux,,ROMBAS,,57,,,,,,,,,,,,,,,,,,,,,,,,,,,,,,,814444824,81444482400019,61.90Z,,,,,,,,,,,sirene,
OSMOZIS,,,a contacter,,,,,,,,,,,,reseaux,,CLAPIERS,,34,,,,,,,,,,,,,,,,,,,,,,,,,,,,,,,485156418,48515641800058,61.20Z,,,,,,,,,,,sirene,
OT ENGINEERING,,,a contacter,,,,,,,,,,,,reseaux,,MEYLAN,,38,,,,,,,,,,,,,,,,,,,,,,,,,,,,,,,414041236,41404123600061,42.22Z,,,,,,,,,,,sirene,
OUAGFIBRE,,,a contacter,,,,,,,,,,,,reseaux,,VERN-SUR-SEICHE,,35,,,,,,,,,,,,,,,,,,,,,,,,,,,,,,,882204019,88220401900021,43.21A,,,,,,,,,,,sirene,
OUEST MAINTENANCE SERVICE,,,a contacter,,,,,,,,,,,,reseaux,,PACE,,35,,,,,,,,,,,,,,,,,,,,,,,,,,,,,,,535258669,53525866900246,43.21A,,,,,,,,,,,sirene,
OUTREMER TELECOM,,,a contacter,,,,,,,,,,,,reseaux,,FORT-DE-FRANCE,,972,,,,,,,,,,,,,,,,,,,,,,,,,,,,,,,383678760,38367876000018,61.20Z,,,,,,,,,,,sirene,
OUVRARD,,,a contacter,,,,,,,,,,,,reseaux,,CROSNE,,91,,,,,,,,,,,,,,,,,,,,,,,,,,,,,,,345264139,34526413900022,43.21A,,,,,,,,,,,sirene,
OUZENAUD COUREAU,,,a contacter,,,,,,,,,,,,reseaux,,COGNAC,,16,,,,,,,,,,,,,,,,,,,,,,,,,,,,,,,430123083,43012308300031,43.21A,,,,,,,,,,,sirene,
OVIVA,,,a contacter,,,,,,,,,,,,reseaux,,PARIS,,75,,,,,,,,,,,,,,,,,,,,,,,,,,,,,,,834963191,83496319100012,61.90Z,,,,,,,,,,,sirene,
OVO,,,a contacter,,,,,,,,,,,,reseaux,,CERGY,,95,,,,,,,,,,,,,,,,,,,,,,,,,,,,,,,828466755,82846675500018,43.21A,,,,,,,,,,,sirene,
OXYGENE,,,a contacter,,,,,,,,,,,,reseaux,,MARSON,,51,,,,,,,,,,,,,,,,,,,,,,,,,,,,,,,893291393,89329139300013,43.21A,,,,,,,,,,,sirene,
P C E SERVICES,,,a contacter,,,,,,,,,,,,reseaux,,PARIGNY,,42,,,,,,,,,,,,,,,,,,,,,,,,,,,,,,,530194000,53019400000051,42.22Z,,,,,,,,,,,sirene,
P D A,,,a contacter,,,,,,,,,,,,reseaux,,MIONS,,69,,,,,,,,,,,,,,,,,,,,,,,,,,,,,,,394576292,39457629200046,43.21A,,,,,,,,,,,sirene,
P&G TELECOM,,,a contacter,,,,,,,,,,,,reseaux,,VITROLLES,,13,,,,,,,,,,,,,,,,,,,,,,,,,,,,,,,840470629,84047062900014,42.22Z,,,,,,,,,,,sirene,
P.C.E. SUD-OUEST,,,a contacter,,,,,,,,,,,,reseaux,,PARIGNY,,42,,,,,,,,,,,,,,,,,,,,,,,,,,,,,,,948720347,94872034700012,42.22Z,,,,,,,,,,,sirene,
P.MAC ENSEIGNE,,,a contacter,,,,,,,,,,,,reseaux,,MONTREUIL,,93,,,,,,,,,,,,,,,,,,,,,,,,,,,,,,,510180318,51018031800030,43.21A,,,,,,,,,,,sirene,
P.R.C,,,a contacter,,,,,,,,,,,,reseaux,,MESNIERES-EN-BRAY,,76,,,,,,,,,,,,,,,,,,,,,,,,,,,,,,,343897187,34389718700021,42.22Z,,,,,,,,,,,sirene,
PAINHAS ENERGIE,,,a contacter,,,,,,,,,,,,reseaux,,BEAUREPAIRE,,85,,,,,,,,,,,,,,,,,,,,,,,,,,,,,,,834930091,83493009100071,43.21A,,,,,,,,,,,sirene,
PAIRELEC,,,a contacter,,,,,,,,,,,,reseaux,,DIJON,,21,,,,,,,,,,,,,,,,,,,,,,,,,,,,,,,481203123,48120312300031,43.21A,,,,,,,,,,,sirene,
PAITA FRERES,,,a contacter,,,,,,,,,,,,reseaux,,BAGARD,,30,,,,,,,,,,,,,,,,,,,,,,,,,,,,,,,349757328,34975732800027,43.21A,,,,,,,,,,,sirene,
PANNIER,,,a contacter,,,,,,,,,,,,reseaux,,LE MANS,,72,,,,,,,,,,,,,,,,,,,,,,,,,,,,,,,442121042,44212104200034,43.21A,,,,,,,,,,,sirene,
PANTHERA TECHNOLOGIES,,,a contacter,,,,,,,,,,,,reseaux,,LA MOTTE-SERVOLEX,,73,,,,,,,,,,,,,,,,,,,,,,,,,,,,,,,425037504,42503750400031,43.21A,,,,,,,,,,,sirene,
PARA FIBRE ASSISTANCE,,,a contacter,,,,,,,,,,,,reseaux,,SAINT-PAUL,,974,,,,,,,,,,,,,,,,,,,,,,,,,,,,,,,878100908,87810090800010,43.21A,,,,,,,,,,,sirene,
PARDON EGVB SASU,,,a contacter,,,,,,,,,,,,reseaux,,SAINT-GERMAIN-NUELLES,,69,,,,,,,,,,,,,,,,,,,,,,,,,,,,,,,828058255,82805825500039,43.21A,,,,,,,,,,,sirene,
PARENGE - COMPAGNIE PARISIENNE D'ENTREPRISES GENERALES,,,a contacter,,,,,,,,,,,,reseaux,,ANTONY,,92,,,,,,,,,,,,,,,,,,,,,,,,,,,,,,,335051249,33505124900084,42.21Z,,,,,,,,,,,sirene,
PARERA SERVICES,,,a contacter,,,,,,,,,,,,reseaux,,L'ISLE-JOURDAIN,,32,,,,,,,,,,,,,,,,,,,,,,,,,,,,,,,815179189,81517918900015,43.21A,,,,,,,,,,,sirene,
PARIS ELEC,,,a contacter,,,,,,,,,,,,reseaux,,SARCELLES,,95,,,,,,,,,,,,,,,,,,,,,,,,,,,,,,,877735654,87773565400031,43.21A,,,,,,,,,,,sirene,
PARISET BTP,,,a contacter,,,,,,,,,,,,reseaux,,ALLAIN,,54,,,,,,,,,,,,,,,,,,,,,,,,,,,,,,,420874877,42087487700038,43.21A,,,,,,,,,,,sirene,
PARISOT ELECTRICITE,,,a contacter,,,,,,,,,,,,reseaux,,ANDELOT-BLANCHEVILLE,,52,,,,,,,,,,,,,,,,,,,,,,,,,,,,,,,847120052,84712005200034,43.21A,,,,,,,,,,,sirene,
PARITEL OPERATEUR,,,a contacter,,,,,,,,,,,,reseaux,,BOIS-COLOMBES,,92,,,,,,,,,,,,,,,,,,,,,,,,,,,,,,,343163770,34316377000898,61.10Z,,,,,,,,,,,sirene,
PARTICULES PLUS SARL,,,a contacter,,,,,,,,,,,,reseaux,,SAINT-JOSEPH,,974,,,,,,,,,,,,,,,,,,,,,,,,,,,,,,,792859555,79285955500056,61.90Z,,,,,,,,,,,sirene,
PARTN-ELEC.RESEAU,,,a contacter,,,,,,,,,,,,reseaux,,SAINT-LEONARD,,76,,,,,,,,,,,,,,,,,,,,,,,,,,,,,,,494725575,49472557500059,43.21A,,,,,,,,,,,sirene,
PARTNER ELEC,,,a contacter,,,,,,,,,,,,reseaux,,ROUSIES,,59,,,,,,,,,,,,,,,,,,,,,,,,,,,,,,,402759922,40275992200014,43.21A,,,,,,,,,,,sirene,
PASCAL DEMONT ENTREPRISE D'ELECTRICITE,,,a contacter,,,,,,,,,,,,reseaux,,THOUROTTE,,60,,,,,,,,,,,,,,,,,,,,,,,,,,,,,,,432061869,43206186900033,43.21A,,,,,,,,,,,sirene,
PASCAL GUINOT TRAVAUX PUBLICS,,,a contacter,,,,,,,,,,,,reseaux,,MONTCHANIN,,71,,,,,,,,,,,,,,,,,,,,,,,,,,,,,,,490921996,49092199600016,42.21Z,,,,,,,,,,,sirene,
PASTEAU,,,a contacter,,,,,,,,,,,,reseaux,,AUBIGNE-RACAN,,72,,,,,,,,,,,,,,,,,,,,,,,,,,,,,,,378979173,37897917300010,43.21A,,,,,,,,,,,sirene,
PATRICE MERCIER,,,a contacter,,,,,,,,,,,,reseaux,,ANCENIS-SAINT-GEREON,,44,,,,,,,,,,,,,,,,,,,,,,,,,,,,,,,450515374,45051537400020,43.21A,,,,,,,,,,,sirene,
PAUL BEAUVIEUX,,,a contacter,,,,,,,,,,,,reseaux,,PERIGUEUX,,24,,,,,,,,,,,,,,,,,,,,,,,,,,,,,,,309046746,30904674600025,43.21A,,,,,,,,,,,sirene,
PC ELEC,,,a contacter,,,,,,,,,,,,reseaux,,BRIGNOLES,,83,,,,,,,,,,,,,,,,,,,,,,,,,,,,,,,440244119,44024411900044,43.21A,,,,,,,,,,,sirene,
PC2E,,,a contacter,,,,,,,,,,,,reseaux,,COURCELLES-LES-LENS,,62,,,,,,,,,,,,,,,,,,,,,,,,,,,,,,,501913875,50191387500032,43.21A,,,,,,,,,,,sirene,
PCCW GLOBAL BV,,,a contacter,,,,,,,,,,,,reseaux,,,,,,,,,,,,,,,,,,,,,,,,,,,,,,,,,,,508556057,50855605700018,61.90Z,,,,,,,,,,,sirene,
PCE MOBILE,,,a contacter,,,,,,,,,,,,reseaux,,LE GRAND-QUEVILLY,,76,,,,,,,,,,,,,,,,,,,,,,,,,,,,,,,898310149,89831014900031,42.22Z,,,,,,,,,,,sirene,
PEDUZZI V.R.D.,,,a contacter,,,,,,,,,,,,reseaux,,SAINT-AME,,88,,,,,,,,,,,,,,,,,,,,,,,,,,,,,,,428767636,42876763600015,42.21Z,,,,,,,,,,,sirene,
PEFOURQUE ELECTRICITE,,,a contacter,,,,,,,,,,,,reseaux,,MONTAUBAN,,82,,,,,,,,,,,,,,,,,,,,,,,,,,,,,,,538146804,53814680400058,43.21A,,,,,,,,,,,sirene,
PELATIS,,,a contacter,,,,,,,,,,,,reseaux,,BAGNEUX,,92,,,,,,,,,,,,,,,,,,,,,,,,,,,,,,,343545885,34354588500075,43.21A,,,,,,,,,,,sirene,
PELESTOR ELECTRICITE,,,a contacter,,,,,,,,,,,,reseaux,,DIGNE-LES-BAINS,,04,,,,,,,,,,,,,,,,,,,,,,,,,,,,,,,341168482,34116848200022,43.21A,,,,,,,,,,,sirene,
PELLE SA,,,a contacter,,,,,,,,,,,,reseaux,,BLOIS,,41,,,,,,,,,,,,,,,,,,,,,,,,,,,,,,,305188674,30518867400033,43.21A,,,,,,,,,,,sirene,
PELLEGRINI,,,a contacter,,,,,,,,,,,,reseaux,,PIERREFONTAINE-LES-VARANS,,25,,,,,,,,,,,,,,,,,,,,,,,,,,,,,,,388471526,38847152600029,42.21Z,,,,,,,,,,,sirene,
PELLET FRERES,,,a contacter,,,,,,,,,,,,reseaux,,VAULX-EN-VELIN,,69,,,,,,,,,,,,,,,,,,,,,,,,,,,,,,,491554994,49155499400039,43.21A,,,,,,,,,,,sirene,
PENELOPEA,,,a contacter,,,,,,,,,,,,reseaux,,MONTAGNAC,,34,,,,,,,,,,,,,,,,,,,,,,,,,,,,,,,917586521,91758652100010,43.21A,,,,,,,,,,,sirene,
PERIGORD GENIE CIVIL,,,a contacter,,,,,,,,,,,,reseaux,,BOULAZAC ISLE MANOIRE,,24,,,,,,,,,,,,,,,,,,,,,,,,,,,,,,,317782142,31778214200010,42.22Z,,,,,,,,,,,sirene,
PERIGORD TRAVAUX PUBLICS - EGIRE,,,a contacter,,,,,,,,,,,,reseaux,,SAINT-CYPRIEN,,24,,,,,,,,,,,,,,,,,,,,,,,,,,,,,,,527547756,52754775600041,42.22Z,,,,,,,,,,,sirene,
PERRIN ELECTRIC,,,a contacter,,,,,,,,,,,,reseaux,,ANNECY,,74,,,,,,,,,,,,,,,,,,,,,,,,,,,,,,,384583019,38458301900029,43.21A,,,,,,,,,,,sirene,
PERRINEL,,,a contacter,,,,,,,,,,,,reseaux,,ARGENTRE-DU-PLESSIS,,35,,,,,,,,,,,,,,,,,,,,,,,,,,,,,,,349459677,34945967700010,43.21A,,,,,,,,,,,sirene,
PERRUCHOT ELECTRICITE,,,a contacter,,,,,,,,,,,,reseaux,,ANNECY,,74,,,,,,,,,,,,,,,,,,,,,,,,,,,,,,,448845552,44884555200026,43.21A,,,,,,,,,,,sirene,
PETAVIT,,,a contacter,,,,,,,,,,,,reseaux,,RILLIEUX-LA-PAPE,,69,,,,,,,,,,,,,,,,,,,,,,,,,,,,,,,955505797,95550579700246,42.21Z,,,,,,,,,,,sirene,
PETITEAU,,,a contacter,,,,,,,,,,,,reseaux,,SAINT-BARTHELEMY-D'ANJOU,,49,,,,,,,,,,,,,,,,,,,,,,,,,,,,,,,411186679,41118667900022,43.21A,,,,,,,,,,,sirene,
PETROV ENERGY,,,a contacter,,,,,,,,,,,,reseaux,,CHAMPIGNY SUR MARNE,,94,,,,,,,,,,,,,,,,,,,,,,,,,,,,,,,838915395,83891539500027,61.10Z,,,,,,,,,,,sirene,
PETTINI ELECTRICITE,,,a contacter,,,,,,,,,,,,reseaux,,SAINT-FELIX,,74,,,,,,,,,,,,,,,,,,,,,,,,,,,,,,,444219075,44421907500025,43.21A,,,,,,,,,,,sirene,
PEXIP FRANCE,,,a contacter,,,,,,,,,,,,reseaux,,PARIS,,75,,,,,,,,,,,,,,,,,,,,,,,,,,,,,,,893607861,89360786100026,61.90Z,,,,,,,,,,,sirene,
PEYTHIEU,,,a contacter,,,,,,,,,,,,reseaux,,VINETS,,10,,,,,,,,,,,,,,,,,,,,,,,,,,,,,,,349478453,34947845300013,43.21A,,,,,,,,,,,sirene,
PGE,,,a contacter,,,,,,,,,,,,reseaux,,BILLY-BERCLAU,,62,,,,,,,,,,,,,,,,,,,,,,,,,,,,,,,915332720,91533272000019,43.21A,,,,,,,,,,,sirene,
PHENIX EXPERT,,,a contacter,,,,,,,,,,,,reseaux,,SAINTE MARIE,,974,,,,,,,,,,,,,,,,,,,,,,,,,,,,,,,489191213,48919121300045,43.21A,,,,,,,,,,,sirene,
PHIBOR ENTREPRISES,,,a contacter,,,,,,,,,,,,reseaux,,RUNGIS,,94,,,,,,,,,,,,,,,,,,,,,,,,,,,,,,,412790198,41279019800045,43.21A,,,,,,,,,,,sirene,
PHILIPPE ET FILS,,,a contacter,,,,,,,,,,,,reseaux,,LE CELLIER,,44,,,,,,,,,,,,,,,,,,,,,,,,,,,,,,,422037325,42203732500020,42.22Z,,,,,,,,,,,sirene,
PHILKA ELEC,,,a contacter,,,,,,,,,,,,reseaux,,MONTMORENCY,,95,,,,,,,,,,,,,,,,,,,,,,,,,,,,,,,853169191,85316919100014,43.21A,,,,,,,,,,,sirene,
PHL ELECTRICITE,,,a contacter,,,,,,,,,,,,reseaux,,RAMATUELLE,,83,,,,,,,,,,,,,,,,,,,,,,,,,,,,,,,508344892,50834489200015,43.21A,,,,,,,,,,,sirene,
PHOCEENNE TELECOM,,,a contacter,,,,,,,,,,,,reseaux,,MARSEILLE,,13,,,,,,,,,,,,,,,,,,,,,,,,,,,,,,,794193086,79419308600020,43.21A,,,,,,,,,,,sirene,
PHOENIX FRANCE INFRASTRUCTURES,,,a contacter,,,,,,,,,,,,reseaux,,PARIS,,75,,,,,,,,,,,,,,,,,,,,,,,,,,,,,,,853958650,85395865000022,61.90Z,,,,,,,,,,,sirene,
PHONE CLUB,,,a contacter,,,,,,,,,,,,reseaux,,FONTENAY-LE-COMTE,,85,,,,,,,,,,,,,,,,,,,,,,,,,,,,,,,452888472,45288847200019,61.90Z,,,,,,,,,,,sirene,
PHONICOM,,,a contacter,,,,,,,,,,,,reseaux,,ANNECY,,74,,,,,,,,,,,,,,,,,,,,,,,,,,,,,,,344463476,34446347600038,43.21A,,,,,,,,,,,sirene,
PHOTO'ELEC,,,a contacter,,,,,,,,,,,,reseaux,,LA ROCHE-SUR-YON,,85,,,,,,,,,,,,,,,,,,,,,,,,,,,,,,,521791061,52179106100034,43.21A,,,,,,,,,,,sirene,
PIC TELECOM,,,a contacter,,,,,,,,,,,,reseaux,,ALES,,30,,,,,,,,,,,,,,,,,,,,,,,,,,,,,,,382605251,38260525100026,43.21A,,,,,,,,,,,sirene,
PICARD SERVICE REGIES,,,a contacter,,,,,,,,,,,,reseaux,,LYON,,69,,,,,,,,,,,,,,,,,,,,,,,,,,,,,,,957510019,95751001900046,43.21A,,,,,,,,,,,sirene,
PICH'ELEC,,,a contacter,,,,,,,,,,,,reseaux,,GILLY-SUR-ISERE,,73,,,,,,,,,,,,,,,,,,,,,,,,,,,,,,,444598544,44459854400021,43.21A,,,,,,,,,,,sirene,
PICOM,,,a contacter,,,,,,,,,,,,reseaux,,PARIS,,75,,,,,,,,,,,,,,,,,,,,,,,,,,,,,,,910216894,91021689400014,43.21A,,,,,,,,,,,sirene,
PICOTY SOLAIRE,,,a contacter,,,,,,,,,,,,reseaux,,SAINT-SAUVEUR-D'AUNIS,,17,,,,,,,,,,,,,,,,,,,,,,,,,,,,,,,844665489,84466548900093,43.21A,,,,,,,,,,,sirene,
PIERAUT ELECTRICITE,,,a contacter,,,,,,,,,,,,reseaux,,SAINT-AMOUR,,39,,,,,,,,,,,,,,,,,,,,,,,,,,,,,,,310147111,31014711100028,43.21A,,,,,,,,,,,sirene,
PIL'POSE 68,,,a contacter,,,,,,,,,,,,reseaux,,TAGOLSHEIM,,68,,,,,,,,,,,,,,,,,,,,,,,,,,,,,,,828490615,82849061500022,43.21A,,,,,,,,,,,sirene,
PILON,,,a contacter,,,,,,,,,,,,reseaux,,MAYENNE,,53,,,,,,,,,,,,,,,,,,,,,,,,,,,,,,,440206282,44020628200020,43.21A,,,,,,,,,,,sirene,
PINEAU SARL,,,a contacter,,,,,,,,,,,,reseaux,,CUGAND,,85,,,,,,,,,,,,,,,,,,,,,,,,,,,,,,,447549080,44754908000011,43.21A,,,,,,,,,,,sirene,
PJ COM,,,a contacter,,,,,,,,,,,,reseaux,,BOULAY-MOSELLE,,57,,,,,,,,,,,,,,,,,,,,,,,,,,,,,,,902065226,90206522600018,42.22Z,,,,,,,,,,,sirene,
PJ2M ELECTRICITE,,,a contacter,,,,,,,,,,,,reseaux,,LEMPDES,,63,,,,,,,,,,,,,,,,,,,,,,,,,,,,,,,819723305,81972330500028,43.21A,,,,,,,,,,,sirene,
PL TECHNOLOGIES,,,a contacter,,,,,,,,,,,,reseaux,,CALAIS,,62,,,,,,,,,,,,,,,,,,,,,,,,,,,,,,,839243284,83924328400024,61.90Z,,,,,,,,,,,sirene,
PLACIER ENERGIE,,,a contacter,,,,,,,,,,,,reseaux,,BELLEGARDE,,45,,,,,,,,,,,,,,,,,,,,,,,,,,,,,,,917873135,91787313500011,43.21A,,,,,,,,,,,sirene,
PLANCHON CHRISTIAN,,,a contacter,,,,,,,,,,,,reseaux,,MENDE,,48,,,,,,,,,,,,,,,,,,,,,,,,,,,,,,,390681047,39068104700028,43.21A,,,,,,,,,,,sirene,
PLANET ENERGY CONCEPT,,,a contacter,,,,,,,,,,,,reseaux,,SAINT-GERMAIN-DE-LA-GRANGE,,78,,,,,,,,,,,,,,,,,,,,,,,,,,,,,,,507387546,50738754600033,43.21A,,,,,,,,,,,sirene,
PLANETE +,,,a contacter,,,,,,,,,,,,reseaux,,CHARNAY-LES-MACON,,71,,,,,,,,,,,,,,,,,,,,,,,,,,,,,,,880294616,88029461600045,43.21A,,,,,,,,,,,sirene,
PLANETE ELEC,,,a contacter,,,,,,,,,,,,reseaux,,DIZY,,51,,,,,,,,,,,,,,,,,,,,,,,,,,,,,,,752206755,75220675500031,43.21A,,,,,,,,,,,sirene,
PLANETE ENR,,,a contacter,,,,,,,,,,,,reseaux,,ANTIGNY,,85,,,,,,,,,,,,,,,,,,,,,,,,,,,,,,,522168350,52216835000042,43.21A,,,,,,,,,,,sirene,
PLANETE TELECOM,,,a contacter,,,,,,,,,,,,reseaux,,GRETZ-ARMAINVILLIERS,,77,,,,,,,,,,,,,,,,,,,,,,,,,,,,,,,428084677,42808467700411,61.20Z,,,,,,,,,,,sirene,
PLAY OL,,,a contacter,,,,,,,,,,,,reseaux,,EAUZE,,32,,,,,,,,,,,,,,,,,,,,,,,,,,,,,,,424257798,42425779800159,61.90Z,,,,,,,,,,,sirene,
PLOMB'ELEC,,,a contacter,,,,,,,,,,,,reseaux,,PLOUIGNEAU,,29,,,,,,,,,,,,,,,,,,,,,,,,,,,,,,,444927883,44492788300033,43.21A,,,,,,,,,,,sirene,
PLUME-THOMASSEAU,,,a contacter,,,,,,,,,,,,reseaux,,SORIGNY,,37,,,,,,,,,,,,,,,,,,,,,,,,,,,,,,,417642451,41764245100039,43.21A,,,,,,,,,,,sirene,
POINT SYS TELECOM,,,a contacter,,,,,,,,,,,,reseaux,,IVRY-SUR-SEINE,,94,,,,,,,,,,,,,,,,,,,,,,,,,,,,,,,848099586,84809958600036,43.21A,,,,,,,,,,,sirene,
POIRIER-GROLLEAU,,,a contacter,,,,,,,,,,,,reseaux,,BEAUREPAIRE,,85,,,,,,,,,,,,,,,,,,,,,,,,,,,,,,,400993705,40099370500039,43.21A,,,,,,,,,,,sirene,
POLE HABITAT AVENIR AUTOMATISME,,,a contacter,,,,,,,,,,,,reseaux,,SAINT-ETIENNE,,42,,,,,,,,,,,,,,,,,,,,,,,,,,,,,,,400813283,40081328300050,43.21A,,,,,,,,,,,sirene,
POLY'TECH,,,a contacter,,,,,,,,,,,,reseaux,,SCHWEIGHOUSE-SUR-MODER,,67,,,,,,,,,,,,,,,,,,,,,,,,,,,,,,,792529075,79252907500022,43.21A,,,,,,,,,,,sirene,
POLYFILS,,,a contacter,,,,,,,,,,,,reseaux,,GENNEVILLIERS,,92,,,,,,,,,,,,,,,,,,,,,,,,,,,,,,,814249579,81424957900032,43.21A,,,,,,,,,,,sirene,
PONCIN T.P.,,,a contacter,,,,,,,,,,,,reseaux,,LA GRANDVILLE,,08,,,,,,,,,,,,,,,,,,,,,,,,,,,,,,,342000577,34200057700011,42.21Z,,,,,,,,,,,sirene,
PORCHERON FRERES ET CIE,,,a contacter,,,,,,,,,,,,reseaux,,ENTRELACS,,73,,,,,,,,,,,,,,,,,,,,,,,,,,,,,,,746020189,74602018900013,42.22Z,,,,,,,,,,,sirene,
PORRA,,,a contacter,,,,,,,,,,,,reseaux,,GUIPAVAS,,29,,,,,,,,,,,,,,,,,,,,,,,,,,,,,,,338453533,33845353300048,43.21A,,,,,,,,,,,sirene,
PORTELEC,,,a contacter,,,,,,,,,,,,reseaux,,COURTRY,,77,,,,,,,,,,,,,,,,,,,,,,,,,,,,,,,520374893,52037489300045,43.21A,,,,,,,,,,,sirene,
PORTLANE FRANCE,,,a contacter,,,,,,,,,,,,reseaux,,CAUDAN,,56,,,,,,,,,,,,,,,,,,,,,,,,,,,,,,,820622702,82062270200059,61.10Z,,,,,,,,,,,sirene,
POTAIN RESEAUX,,,a contacter,,,,,,,,,,,,reseaux,,VAREILLES,,71,,,,,,,,,,,,,,,,,,,,,,,,,,,,,,,845210897,84521089700011,42.22Z,,,,,,,,,,,sirene,
POUCHAIN,,,a contacter,,,,,,,,,,,,reseaux,,NIEPPE,,59,,,,,,,,,,,,,,,,,,,,,,,,,,,,,,,335147187,33514718700116,43.21A,,,,,,,,,,,sirene,
POUGHON CHARVOLIN,,,a contacter,,,,,,,,,,,,reseaux,,SAINT-PAUL-EN-JAREZ,,42,,,,,,,,,,,,,,,,,,,,,,,,,,,,,,,433730876,43373087600037,43.21A,,,,,,,,,,,sirene,
POWER ENERGY,,,a contacter,,,,,,,,,,,,reseaux,,THAL-DRULINGEN,,67,,,,,,,,,,,,,,,,,,,,,,,,,,,,,,,793751868,79375186800027,43.21A,,,,,,,,,,,sirene,
PR ELEC,,,a contacter,,,,,,,,,,,,reseaux,,DRANCY,,93,,,,,,,,,,,,,,,,,,,,,,,,,,,,,,,919410571,91941057100021,43.21A,,,,,,,,,,,sirene,
PRAD ELEC,,,a contacter,,,,,,,,,,,,reseaux,,TRAPPES,,78,,,,,,,,,,,,,,,,,,,,,,,,,,,,,,,832190946,83219094600026,43.21A,,,,,,,,,,,sirene,
PRADEAU TRAVAUX PUBLICS,,,a contacter,,,,,,,,,,,,reseaux,,ISLE,,87,,,,,,,,,,,,,,,,,,,,,,,,,,,,,,,778029900,77802990000025,42.21Z,,,,,,,,,,,sirene,
PREMEL CABIC,,,a contacter,,,,,,,,,,,,reseaux,,PLOUNEVEZ-LOCHRIST,,29,,,,,,,,,,,,,,,,,,,,,,,,,,,,,,,330606328,33060632800020,43.21A,,,,,,,,,,,sirene,
PRESELEC,,,a contacter,,,,,,,,,,,,reseaux,,MONTELIMAR,,26,,,,,,,,,,,,,,,,,,,,,,,,,,,,,,,331733014,33173301400020,43.21A,,,,,,,,,,,sirene,
PRESQU ILE ENVIRONNEMENT,,,a contacter,,,,,,,,,,,,reseaux,,GUERANDE,,44,,,,,,,,,,,,,,,,,,,,,,,,,,,,,,,384909636,38490963600043,42.21Z,,,,,,,,,,,sirene,
PREST'ELEC,,,a contacter,,,,,,,,,,,,reseaux,,BEBLENHEIM,,68,,,,,,,,,,,,,,,,,,,,,,,,,,,,,,,480514520,48051452000026,43.21A,,,,,,,,,,,sirene,
PRESTELEC,,,a contacter,,,,,,,,,,,,reseaux,,PETIT BOURG,,971,,,,,,,,,,,,,,,,,,,,,,,,,,,,,,,381068238,38106823800041,43.21A,,,,,,,,,,,sirene,
PRESTIGELEC45,,,a contacter,,,,,,,,,,,,reseaux,,SAINT-CYR-EN-VAL,,45,,,,,,,,,,,,,,,,,,,,,,,,,,,,,,,514545672,51454567200032,43.21A,,,,,,,,,,,sirene,
PRESTINFO SERVICES,,,a contacter,,,,,,,,,,,,reseaux,,VILLEURBANNE,,69,,,,,,,,,,,,,,,,,,,,,,,,,,,,,,,451725196,45172519600047,43.21A,,,,,,,,,,,sirene,
PRESTINI T.P,,,a contacter,,,,,,,,,,,,reseaux,,LUNEVILLE,,54,,,,,,,,,,,,,,,,,,,,,,,,,,,,,,,404367393,40436739300026,42.21Z,,,,,,,,,,,sirene,
PRIM'ENR,,,a contacter,,,,,,,,,,,,reseaux,,VAUX-LE-PENIL,,77,,,,,,,,,,,,,,,,,,,,,,,,,,,,,,,909995573,90999557300039,43.21A,,,,,,,,,,,sirene,
PRIMA COM,,,a contacter,,,,,,,,,,,,reseaux,,PETIT-BOURG,,971,,,,,,,,,,,,,,,,,,,,,,,,,,,,,,,814851275,81485127500028,43.21A,,,,,,,,,,,sirene,
PRISME RESEAU,,,a contacter,,,,,,,,,,,,reseaux,,IVRY-SUR-SEINE,,94,,,,,,,,,,,,,,,,,,,,,,,,,,,,,,,837669084,83766908400027,43.21A,,,,,,,,,,,sirene,
PRIXTEL,,,a contacter,,,,,,,,,,,,reseaux,,AIX-EN-PROVENCE,,13,,,,,,,,,,,,,,,,,,,,,,,,,,,,,,,451799845,45179984500099,61.20Z,,,,,,,,,,,sirene,
PRIZZ CONSTRUCTION,,,a contacter,,,,,,,,,,,,reseaux,,AMIENS,,80,,,,,,,,,,,,,,,,,,,,,,,,,,,,,,,814280343,81428034300041,43.21A,,,,,,,,,,,sirene,
PRO CAT,,,a contacter,,,,,,,,,,,,reseaux,,BOULOC,,31,,,,,,,,,,,,,,,,,,,,,,,,,,,,,,,877702746,87770274600034,42.22Z,,,,,,,,,,,sirene,
PRO ENERGIE,,,a contacter,,,,,,,,,,,,reseaux,,LE BLANC-MESNIL,,93,,,,,,,,,,,,,,,,,,,,,,,,,,,,,,,907803191,90780319100010,43.21A,,,,,,,,,,,sirene,
PRO ENERGIES CONFORT,,,a contacter,,,,,,,,,,,,reseaux,,VALENCE,,26,,,,,,,,,,,,,,,,,,,,,,,,,,,,,,,799162367,79916236700046,43.21A,,,,,,,,,,,sirene,
PRO TELECOM,,,a contacter,,,,,,,,,,,,reseaux,,PARIS,,75,,,,,,,,,,,,,,,,,,,,,,,,,,,,,,,949803811,94980381100015,43.21A,,,,,,,,,,,sirene,
PRO'ELEC,,,a contacter,,,,,,,,,,,,reseaux,,ILLZACH,,68,,,,,,,,,,,,,,,,,,,,,,,,,,,,,,,788416501,78841650100039,43.21A,,,,,,,,,,,sirene,
PRO'KATEL,,,a contacter,,,,,,,,,,,,reseaux,,VICHY,,03,,,,,,,,,,,,,,,,,,,,,,,,,,,,,,,440207199,44020719900058,61.90Z,,,,,,,,,,,sirene,
PRO-ELECTRICITE,,,a contacter,,,,,,,,,,,,reseaux,,LORIENT,,56,,,,,,,,,,,,,,,,,,,,,,,,,,,,,,,331594358,33159435800037,43.21A,,,,,,,,,,,sirene,
PRO-NEXT TECHNOLOGIE,,,a contacter,,,,,,,,,,,,reseaux,,GUICHAINVILLE,,27,,,,,,,,,,,,,,,,,,,,,,,,,,,,,,,843966821,84396682100020,61.10Z,,,,,,,,,,,sirene,
PRO.G,,,a contacter,,,,,,,,,,,,reseaux,,CAUCHY-A-LA-TOUR,,62,,,,,,,,,,,,,,,,,,,,,,,,,,,,,,,481814077,48181407700030,43.21A,,,,,,,,,,,sirene,
PRO.T.C,,,a contacter,,,,,,,,,,,,reseaux,,GARGES-LES-GONESSE,,95,,,,,,,,,,,,,,,,,,,,,,,,,,,,,,,889456190,88945619000012,43.21A,,,,,,,,,,,sirene,
PROCALL,,,a contacter,,,,,,,,,,,,reseaux,,MANDELIEU LA NAPOULE,,06,,,,,,,,,,,,,,,,,,,,,,,,,,,,,,,390934263,39093426300034,61.90Z,,,,,,,,,,,sirene,
PROCELEC,,,a contacter,,,,,,,,,,,,reseaux,,DIJON,,21,,,,,,,,,,,,,,,,,,,,,,,,,,,,,,,497909762,49790976200021,43.21A,,,,,,,,,,,sirene,
PRODEL,,,a contacter,,,,,,,,,,,,reseaux,,DRANCY,,93,,,,,,,,,,,,,,,,,,,,,,,,,,,,,,,488168907,48816890700035,43.21A,,,,,,,,,,,sirene,
PRODERGIE,,,a contacter,,,,,,,,,,,,reseaux,,MONTIVILLIERS,,76,,,,,,,,,,,,,,,,,,,,,,,,,,,,,,,407628858,40762885800059,43.21A,,,,,,,,,,,sirene,
PRODYELEC,,,a contacter,,,,,,,,,,,,reseaux,,SIX-FOURS-LES-PLAGES,,83,,,,,,,,,,,,,,,,,,,,,,,,,,,,,,,504160490,50416049000034,43.21A,,,,,,,,,,,sirene,
PROEF FRANCE SAS,,,a contacter,,,,,,,,,,,,reseaux,,BUSSY-SAINT-MARTIN,,77,,,,,,,,,,,,,,,,,,,,,,,,,,,,,,,750307860,75030786000031,42.22Z,,,,,,,,,,,sirene,
PROELEC 95,,,a contacter,,,,,,,,,,,,reseaux,,TAVERNY,,95,,,,,,,,,,,,,,,,,,,,,,,,,,,,,,,790273460,79027346000044,43.21A,,,,,,,,,,,sirene,
PROELEK,,,a contacter,,,,,,,,,,,,reseaux,,OLLIOULES,,83,,,,,,,,,,,,,,,,,,,,,,,,,,,,,,,791432610,79143261000040,43.21A,,,,,,,,,,,sirene,
PROGELEC,,,a contacter,,,,,,,,,,,,reseaux,,GRETZ ARMAINVILLIERS,,77,,,,,,,,,,,,,,,,,,,,,,,,,,,,,,,411607427,41160742700035,43.21A,,,,,,,,,,,sirene,
PROIRTE,,,a contacter,,,,,,,,,,,,reseaux,,LABARTHE-SUR-LEZE,,31,,,,,,,,,,,,,,,,,,,,,,,,,,,,,,,828019414,82801941400055,42.22Z,,,,,,,,,,,sirene,
PROJ ELECT,,,a contacter,,,,,,,,,,,,reseaux,,CHABANAIS,,16,,,,,,,,,,,,,,,,,,,,,,,,,,,,,,,330326588,33032658800085,42.22Z,,,,,,,,,,,sirene,
PROJECTBOX W14,,,a contacter,,,,,,,,,,,,reseaux,,WINGERSHEIM LES QUATRE BANS,,67,,,,,,,,,,,,,,,,,,,,,,,,,,,,,,,753257609,75325760900036,43.21A,,,,,,,,,,,sirene,
PROLEC BAT FRANCE,,,a contacter,,,,,,,,,,,,reseaux,,GARGES-LES-GONESSE,,95,,,,,,,,,,,,,,,,,,,,,,,,,,,,,,,848505327,84850532700017,43.21A,,,,,,,,,,,sirene,
PROMOTION SOLUTIONS ELECTRIQUES,,,a contacter,,,,,,,,,,,,reseaux,,NICE,,06,,,,,,,,,,,,,,,,,,,,,,,,,,,,,,,828109546,82810954600030,43.21A,,,,,,,,,,,sirene,
PROSED,,,a contacter,,,,,,,,,,,,reseaux,,DOMMARTIN,,69,,,,,,,,,,,,,,,,,,,,,,,,,,,,,,,481121093,48112109300043,43.21A,,,,,,,,,,,sirene,
PROSED HDF,,,a contacter,,,,,,,,,,,,reseaux,,SECLIN,,59,,,,,,,,,,,,,,,,,,,,,,,,,,,,,,,899334718,89933471800017,43.21A,,,,,,,,,,,sirene,
PROSYSCOM 69,,,a contacter,,,,,,,,,,,,reseaux,,SAINT-BONNET-DE-MURE,,69,,,,,,,,,,,,,,,,,,,,,,,,,,,,,,,829363563,82936356300034,42.22Z,,,,,,,,,,,sirene,
PROTEC STORES ALARME,,,a contacter,,,,,,,,,,,,reseaux,,TOURCOING,,59,,,,,,,,,,,,,,,,,,,,,,,,,,,,,,,422624668,42262466800030,43.21A,,,,,,,,,,,sirene,
PROTEC-ELEC,,,a contacter,,,,,,,,,,,,reseaux,,PARIS,,75,,,,,,,,,,,,,,,,,,,,,,,,,,,,,,,824390249,82439024900012,43.21A,,,,,,,,,,,sirene,
PROTECTION INCENDIE BATIMENT,,,a contacter,,,,,,,,,,,,reseaux,,ARLES,,13,,,,,,,,,,,,,,,,,,,,,,,,,,,,,,,483436937,48343693700013,43.21A,,,,,,,,,,,sirene,
PROTECTION VOL ET INCENDIE,,,a contacter,,,,,,,,,,,,reseaux,,CAZERES,,31,,,,,,,,,,,,,,,,,,,,,,,,,,,,,,,401150230,40115023000035,43.21A,,,,,,,,,,,sirene,
PROTEL FIBRE,,,a contacter,,,,,,,,,,,,reseaux,,PARIS,,75,,,,,,,,,,,,,,,,,,,,,,,,,,,,,,,898747167,89874716700036,43.21A,,,,,,,,,,,sirene,
PROTIBAT,,,a contacter,,,,,,,,,,,,reseaux,,MUNDOLSHEIM,,67,,,,,,,,,,,,,,,,,,,,,,,,,,,,,,,728501768,72850176800044,43.21A,,,,,,,,,,,sirene,
PROVELEC SUD,,,a contacter,,,,,,,,,,,,reseaux,,SIX-FOURS-LES-PLAGES,,83,,,,,,,,,,,,,,,,,,,,,,,,,,,,,,,334182888,33418288800035,42.22Z,,,,,,,,,,,sirene,
PROVENCE ALPES CANALISATIONS,,,a contacter,,,,,,,,,,,,reseaux,,MONTGARDIN,,05,,,,,,,,,,,,,,,,,,,,,,,,,,,,,,,439170390,43917039000025,42.21Z,,,,,,,,,,,sirene,
PROVENCE ECO ENERGIE,,,a contacter,,,,,,,,,,,,reseaux,,SAINT-ANDIOL,,13,,,,,,,,,,,,,,,,,,,,,,,,,,,,,,,824199368,82419936800013,43.21A,,,,,,,,,,,sirene,
PROVENCE ELECTRICITE ET SERVICES - P. E. S,,,a contacter,,,,,,,,,,,,reseaux,,LA CRAU,,83,,,,,,,,,,,,,,,,,,,,,,,,,,,,,,,817380306,81738030600024,43.21A,,,,,,,,,,,sirene,
PROVENCE ELECTRONIC,,,a contacter,,,,,,,,,,,,reseaux,,LES MEES,,04,,,,,,,,,,,,,,,,,,,,,,,,,,,,,,,833442825,83344282500018,43.21A,,,,,,,,,,,sirene,
PROVENCE ELECTRONIQUE SECURITE,,,a contacter,,,,,,,,,,,,reseaux,,PUGET-SUR-ARGENS,,83,,,,,,,,,,,,,,,,,,,,,,,,,,,,,,,477741771,47774177100034,43.21A,,,,,,,,,,,sirene,
PROVENCE TP,,,a contacter,,,,,,,,,,,,reseaux,,MARTIGUES,,13,,,,,,,,,,,,,,,,,,,,,,,,,,,,,,,315873513,31587351300032,42.21Z,,,,,,,,,,,sirene,
PROVENCE TRAVAUX PUBLICS 2000,,,a contacter,,,,,,,,,,,,reseaux,,AIX-EN-PROVENCE,,13,,,,,,,,,,,,,,,,,,,,,,,,,,,,,,,433478351,43347835100011,42.21Z,,,,,,,,,,,sirene,
PROXEL,,,a contacter,,,,,,,,,,,,reseaux,,OISSEL,,76,,,,,,,,,,,,,,,,,,,,,,,,,,,,,,,430270124,43027012400034,43.21A,,,,,,,,,,,sirene,
PRUNEVIEILLE,,,a contacter,,,,,,,,,,,,reseaux,,SAINT-DENIS,,93,,,,,,,,,,,,,,,,,,,,,,,,,,,,,,,410543813,41054381300019,43.21B,,,,,,,,,,,sirene,
PSS,,,a contacter,,,,,,,,,,,,reseaux,,USSEL,,19,,,,,,,,,,,,,,,,,,,,,,,,,,,,,,,902285014,90228501400020,43.21A,,,,,,,,,,,sirene,
PTX,,,a contacter,,,,,,,,,,,,reseaux,,MONTREUIL,,93,,,,,,,,,,,,,,,,,,,,,,,,,,,,,,,903680031,90368003100023,43.21A,,,,,,,,,,,sirene,
PUYMELEC SOLAIRE,,,a contacter,,,,,,,,,,,,reseaux,,PRUDHOMAT,,46,,,,,,,,,,,,,,,,,,,,,,,,,,,,,,,897603957,89760395700019,43.21A,,,,,,,,,,,sirene,
PX-CIE,,,a contacter,,,,,,,,,,,,reseaux,,PARIS,,75,,,,,,,,,,,,,,,,,,,,,,,,,,,,,,,908907306,90890730600058,43.21A,,,,,,,,,,,sirene,
PYCARELLE,,,a contacter,,,,,,,,,,,,reseaux,,IVRY-SUR-SEINE,,94,,,,,,,,,,,,,,,,,,,,,,,,,,,,,,,808844187,80884418700068,43.21A,,,,,,,,,,,sirene,
PYLONE BREIZH,,,a contacter,,,,,,,,,,,,reseaux,,ORVAULT,,44,,,,,,,,,,,,,,,,,,,,,,,,,,,,,,,899125223,89912522300011,43.21A,,,,,,,,,,,sirene,
PYLONE TELECOMS,,,a contacter,,,,,,,,,,,,reseaux,,EYSINES,,33,,,,,,,,,,,,,,,,,,,,,,,,,,,,,,,843973074,84397307400027,61.20Z,,,,,,,,,,,sirene,
PYLONE TOULOUSE,,,a contacter,,,,,,,,,,,,reseaux,,COLOMIERS,,31,,,,,,,,,,,,,,,,,,,,,,,,,,,,,,,894300029,89430002900010,42.22Z,,,,,,,,,,,sirene,
PYRENERGIES,,,a contacter,,,,,,,,,,,,reseaux,,SOUMOULOU,,64,,,,,,,,,,,,,,,,,,,,,,,,,,,,,,,833637176,83363717600037,43.21A,,,,,,,,,,,sirene,
PYRETEC,,,a contacter,,,,,,,,,,,,reseaux,,TOULOUGES,,66,,,,,,,,,,,,,,,,,,,,,,,,,,,,,,,453314569,45331456900022,43.21A,,,,,,,,,,,sirene,
QARA,,,a contacter,,,,,,,,,,,,reseaux,,TOULOUSE,,31,,,,,,,,,,,,,,,,,,,,,,,,,,,,,,,788910750,78891075000025,43.21A,,,,,,,,,,,sirene,
QR ELEC,,,a contacter,,,,,,,,,,,,reseaux,,TREVOUX,,01,,,,,,,,,,,,,,,,,,,,,,,,,,,,,,,853325355,85332535500024,43.21A,,,,,,,,,,,sirene,
QUADRA TECH MAINTENANCE,,,a contacter,,,,,,,,,,,,reseaux,,HEILLECOURT,,54,,,,,,,,,,,,,,,,,,,,,,,,,,,,,,,813122785,81312278500039,43.21A,,,,,,,,,,,sirene,
QUALICOM,,,a contacter,,,,,,,,,,,,reseaux,,NOISY-LE-SEC,,93,,,,,,,,,,,,,,,,,,,,,,,,,,,,,,,489881805,48988180500043,43.21A,,,,,,,,,,,sirene,
QUALIFIBRE,,,a contacter,,,,,,,,,,,,reseaux,,LUNEL,,34,,,,,,,,,,,,,,,,,,,,,,,,,,,,,,,912135357,91213535700016,42.22Z,,,,,,,,,,,sirene,
QUARKS,,,a contacter,,,,,,,,,,,,reseaux,,SAINTE-ROSE,,971,,,,,,,,,,,,,,,,,,,,,,,,,,,,,,,814066767,81406676700017,43.21A,,,,,,,,,,,sirene,
QUATRE S,,,a contacter,,,,,,,,,,,,reseaux,,BOBIGNY,,93,,,,,,,,,,,,,,,,,,,,,,,,,,,,,,,919795286,91979528600021,43.21A,,,,,,,,,,,sirene,
QUB,,,a contacter,,,,,,,,,,,,reseaux,,NANTES,,44,,,,,,,,,,,,,,,,,,,,,,,,,,,,,,,751815275,75181527500027,43.21A,,,,,,,,,,,sirene,
QUEKENBORN,,,a contacter,,,,,,,,,,,,reseaux,,MAROLLES-EN-HUREPOIX,,91,,,,,,,,,,,,,,,,,,,,,,,,,,,,,,,377489729,37748972900048,43.21A,,,,,,,,,,,sirene,
QUERCY BLANC SOLAR,,,a contacter,,,,,,,,,,,,reseaux,,MONTCUQ-EN-QUERCY-BLANC,,46,,,,,,,,,,,,,,,,,,,,,,,,,,,,,,,848407599,84840759900036,43.21A,,,,,,,,,,,sirene,
QUINCY T P,,,a contacter,,,,,,,,,,,,reseaux,,QUINCY-SOUS-SENART,,91,,,,,,,,,,,,,,,,,,,,,,,,,,,,,,,402626329,40262632900054,42.21Z,,,,,,,,,,,sirene,
R & S TELECOM,,,a contacter,,,,,,,,,,,,reseaux,,VELIZY-VILLACOUBLAY,,78,,,,,,,,,,,,,,,,,,,,,,,,,,,,,,,804963403,80496340300030,61.10Z,,,,,,,,,,,sirene,
R S V ELEC,,,a contacter,,,,,,,,,,,,reseaux,,LA COURNEUVE,,93,,,,,,,,,,,,,,,,,,,,,,,,,,,,,,,809755994,80975599400021,43.21A,,,,,,,,,,,sirene,
R&S OPTISCH,,,a contacter,,,,,,,,,,,,reseaux,,VILLENAVE-D'ORNON,,33,,,,,,,,,,,,,,,,,,,,,,,,,,,,,,,893087353,89308735300031,42.22Z,,,,,,,,,,,sirene,
R'ELEC,,,a contacter,,,,,,,,,,,,reseaux,,WAMBRECHIES,,59,,,,,,,,,,,,,,,,,,,,,,,,,,,,,,,752159400,75215940000049,43.21A,,,,,,,,,,,sirene,
R. PELEC.,,,a contacter,,,,,,,,,,,,reseaux,,NEZEL,,78,,,,,,,,,,,,,,,,,,,,,,,,,,,,,,,480037076,48003707600027,43.21A,,,,,,,,,,,sirene,
R.C.A AUTOMATISME,,,a contacter,,,,,,,,,,,,reseaux,,SAINT-LEONARD,,51,,,,,,,,,,,,,,,,,,,,,,,,,,,,,,,441543477,44154347700026,43.21A,,,,,,,,,,,sirene,
R.E.I,,,a contacter,,,,,,,,,,,,reseaux,,COURTHEZON,,84,,,,,,,,,,,,,,,,,,,,,,,,,,,,,,,538738683,53873868300027,43.21A,,,,,,,,,,,sirene,
R.F.E.,,,a contacter,,,,,,,,,,,,reseaux,,MAZE-MILON,,49,,,,,,,,,,,,,,,,,,,,,,,,,,,,,,,502021710,50202171000020,43.21A,,,,,,,,,,,sirene,
R.G.E 38,,,a contacter,,,,,,,,,,,,reseaux,,ROCHETOIRIN,,38,,,,,,,,,,,,,,,,,,,,,,,,,,,,,,,519705644,51970564400036,43.21A,,,,,,,,,,,sirene,
R.H.B.,,,a contacter,,,,,,,,,,,,reseaux,,MORCHAIN,,80,,,,,,,,,,,,,,,,,,,,,,,,,,,,,,,793401746,79340174600029,43.21A,,,,,,,,,,,sirene,
R.I.E,,,a contacter,,,,,,,,,,,,reseaux,,MONTREUIL,,93,,,,,,,,,,,,,,,,,,,,,,,,,,,,,,,500776190,50077619000034,43.21A,,,,,,,,,,,sirene,
R.JACQUIER ELECTRICITE,,,a contacter,,,,,,,,,,,,reseaux,,MAXILLY-SUR-LEMAN,,74,,,,,,,,,,,,,,,,,,,,,,,,,,,,,,,494936321,49493632100012,43.21A,,,,,,,,,,,sirene,
R.L.S.,,,a contacter,,,,,,,,,,,,reseaux,,ALBI,,81,,,,,,,,,,,,,,,,,,,,,,,,,,,,,,,519097042,51909704200021,43.21A,,,,,,,,,,,sirene,
R.N.S.L.,,,a contacter,,,,,,,,,,,,reseaux,,THIAVILLE-SUR-MEURTHE,,54,,,,,,,,,,,,,,,,,,,,,,,,,,,,,,,530680172,53068017200034,42.22Z,,,,,,,,,,,sirene,
R.S.I.L FRANCE,,,a contacter,,,,,,,,,,,,reseaux,,CENON,,33,,,,,,,,,,,,,,,,,,,,,,,,,,,,,,,894596006,89459600600011,42.22Z,,,,,,,,,,,sirene,
R2D,,,a contacter,,,,,,,,,,,,reseaux,,COURRIERES,,62,,,,,,,,,,,,,,,,,,,,,,,,,,,,,,,493893457,49389345700025,43.21A,,,,,,,,,,,sirene,
R2E - RESEAUX ENVIRONNEMENT ELECTRICITE,,,a contacter,,,,,,,,,,,,reseaux,,SAINT-JEAN-DE-LA-NEUVILLE,,76,,,,,,,,,,,,,,,,,,,,,,,,,,,,,,,790586887,79058688700024,43.21A,,,,,,,,,,,sirene,
R2S SSI,,,a contacter,,,,,,,,,,,,reseaux,,PACE,,35,,,,,,,,,,,,,,,,,,,,,,,,,,,,,,,792320541,79232054100024,43.21A,,,,,,,,,,,sirene,
RAFFALLI TRAVAUX PUBLICS,,,a contacter,,,,,,,,,,,,reseaux,,SARROLA-CARCOPINO,,2A,,,,,,,,,,,,,,,,,,,,,,,,,,,,,,,046420212,04642021200030,42.22Z,,,,,,,,,,,sirene,
RAGOT PHILIPPE ELECTRICITE GENERALE,,,a contacter,,,,,,,,,,,,reseaux,,CONTREXEVILLE,,88,,,,,,,,,,,,,,,,,,,,,,,,,,,,,,,499218022,49921802200048,43.21A,,,,,,,,,,,sirene,
RAMERY RESEAUX,,,a contacter,,,,,,,,,,,,reseaux,,ERQUINGHEM-LYS,,59,,,,,,,,,,,,,,,,,,,,,,,,,,,,,,,421664418,42166441800033,42.21Z,,,,,,,,,,,sirene,
RAMPA ENERGIES,,,a contacter,,,,,,,,,,,,reseaux,,LE POUZIN,,07,,,,,,,,,,,,,,,,,,,,,,,,,,,,,,,343058269,34305826900030,42.22Z,,,,,,,,,,,sirene,
RAMPA TRAVAUX PUBLICS,,,a contacter,,,,,,,,,,,,reseaux,,LE POUZIN,,07,,,,,,,,,,,,,,,,,,,,,,,,,,,,,,,323468991,32346899100126,42.21Z,,,,,,,,,,,sirene,
RANNOU,,,a contacter,,,,,,,,,,,,reseaux,,CHAVAGNE,,35,,,,,,,,,,,,,,,,,,,,,,,,,,,,,,,444900377,44490037700011,43.21A,,,,,,,,,,,sirene,
RATTIER SAS,,,a contacter,,,,,,,,,,,,reseaux,,CEBAZAT,,63,,,,,,,,,,,,,,,,,,,,,,,,,,,,,,,752244368,75224436800037,43.21A,,,,,,,,,,,sirene,
RAYNAL ELEC,,,a contacter,,,,,,,,,,,,reseaux,,VERGEROUX,,17,,,,,,,,,,,,,,,,,,,,,,,,,,,,,,,829851237,82985123700018,43.21A,,,,,,,,,,,sirene,
RB TECHNOFIBRE,,,a contacter,,,,,,,,,,,,reseaux,,PARIS,,75,,,,,,,,,,,,,,,,,,,,,,,,,,,,,,,853029759,85302975900026,61.10Z,,,,,,,,,,,sirene,
RBE,,,a contacter,,,,,,,,,,,,reseaux,,BOBIGNY,,93,,,,,,,,,,,,,,,,,,,,,,,,,,,,,,,830761318,83076131800013,43.21A,,,,,,,,,,,sirene,
RC DIS EXPANSION,,,a contacter,,,,,,,,,,,,reseaux,,MAISONS-LAFFITTE,,78,,,,,,,,,,,,,,,,,,,,,,,,,,,,,,,752862037,75286203700013,43.21A,,,,,,,,,,,sirene,
RCIP,,,a contacter,,,,,,,,,,,,reseaux,,LE PLESSIS-TREVISE,,94,,,,,,,,,,,,,,,,,,,,,,,,,,,,,,,483673737,48367373700035,42.22Z,,,,,,,,,,,sirene,
RDI,,,a contacter,,,,,,,,,,,,reseaux,,CLAMART,,92,,,,,,,,,,,,,,,,,,,,,,,,,,,,,,,512021239,51202123900037,43.21A,,,,,,,,,,,sirene,
RE-GROUPE,,,a contacter,,,,,,,,,,,,reseaux,,BAZOCHES-SUR-GUYONNE,,78,,,,,,,,,,,,,,,,,,,,,,,,,,,,,,,798939575,79893957500022,42.21Z,,,,,,,,,,,sirene,
REALINK,,,a contacter,,,,,,,,,,,,reseaux,,SAINTE-LUCE-SUR-LOIRE,,44,,,,,,,,,,,,,,,,,,,,,,,,,,,,,,,751471889,75147188900038,43.21A,,,,,,,,,,,sirene,
REALISATION CONSTRUCTION ELECTRIQUE,,,a contacter,,,,,,,,,,,,reseaux,,BOULIEU-LES-ANNONAY,,07,,,,,,,,,,,,,,,,,,,,,,,,,,,,,,,350112280,35011228000036,43.21A,,,,,,,,,,,sirene,
REALISATION EQUIPEMENT MAINTENANCE INDUSTRIELLE,,,a contacter,,,,,,,,,,,,reseaux,,SAINT-MAURICE-L'EXIL,,38,,,,,,,,,,,,,,,,,,,,,,,,,,,,,,,400837530,40083753000031,43.21A,,,,,,,,,,,sirene,
REALISATION TRAVAUX SECOND OEUVRE,,,a contacter,,,,,,,,,,,,reseaux,,LE VERSOUD,,38,,,,,,,,,,,,,,,,,,,,,,,,,,,,,,,882114960,88211496000017,43.21A,,,,,,,,,,,sirene,
REALISATIONS MAINTENANCE ELECTRIQUES,,,a contacter,,,,,,,,,,,,reseaux,,FONTENAY-SOUS-BOIS,,94,,,,,,,,,,,,,,,,,,,,,,,,,,,,,,,312408743,31240874300051,43.21A,,,,,,,,,,,sirene,
REALISS,,,a contacter,,,,,,,,,,,,reseaux,,EYBENS,,38,,,,,,,,,,,,,,,,,,,,,,,,,,,,,,,447976655,44797665500038,43.21A,,,,,,,,,,,sirene,
RECOM,,,a contacter,,,,,,,,,,,,reseaux,,EYSINES,,33,,,,,,,,,,,,,,,,,,,,,,,,,,,,,,,439504895,43950489500087,61.90Z,,,,,,,,,,,sirene,
REDIP,,,a contacter,,,,,,,,,,,,reseaux,,LAVAL,,53,,,,,,,,,,,,,,,,,,,,,,,,,,,,,,,808573885,80857388500015,43.21A,,,,,,,,,,,sirene,
REEL ELECTRICITE,,,a contacter,,,,,,,,,,,,reseaux,,LA POSSESSION,,974,,,,,,,,,,,,,,,,,,,,,,,,,,,,,,,323973545,32397354500037,42.22Z,,,,,,,,,,,sirene,
REEL MEDITERRANEE,,,a contacter,,,,,,,,,,,,reseaux,,LAVERUNE,,34,,,,,,,,,,,,,,,,,,,,,,,,,,,,,,,793897281,79389728100036,43.21A,,,,,,,,,,,sirene,
REGIESOLAIRE,,,a contacter,,,,,,,,,,,,reseaux,,MIGNALOUX-BEAUVOIR,,86,,,,,,,,,,,,,,,,,,,,,,,,,,,,,,,878676063,87867606300018,43.21A,,,,,,,,,,,sirene,
REGIONALE DE CANALISATIONS,,,a contacter,,,,,,,,,,,,reseaux,,THOIRAS,,30,,,,,,,,,,,,,,,,,,,,,,,,,,,,,,,337906820,33790682000051,42.21Z,,,,,,,,,,,sirene,
REHA ASSAINISSEMENT,,,a contacter,,,,,,,,,,,,reseaux,,FONDETTES,,37,,,,,,,,,,,,,,,,,,,,,,,,,,,,,,,449565720,44956572000033,42.21Z,,,,,,,,,,,sirene,
REHACANA,,,a contacter,,,,,,,,,,,,reseaux,,SAINT-ETIENNE-DU-GRES,,13,,,,,,,,,,,,,,,,,,,,,,,,,,,,,,,501698153,50169815300019,42.21Z,,,,,,,,,,,sirene,
REITER RENOVATION,,,a contacter,,,,,,,,,,,,reseaux,,ROSNY-SOUS-BOIS,,93,,,,,,,,,,,,,,,,,,,,,,,,,,,,,,,494109739,49410973900024,43.21A,,,,,,,,,,,sirene,
RELIABLE,,,a contacter,,,,,,,,,,,,reseaux,,DUNKERQUE,,59,,,,,,,,,,,,,,,,,,,,,,,,,,,,,,,813685229,81368522900045,43.21A,,,,,,,,,,,sirene,
REMOT,,,a contacter,,,,,,,,,,,,reseaux,,PONT-SCORFF,,56,,,,,,,,,,,,,,,,,,,,,,,,,,,,,,,519512586,51951258600016,43.21A,,,,,,,,,,,sirene,
REMY ET LEBERT,,,a contacter,,,,,,,,,,,,reseaux,,SAINT-PIERRE-DES-CORPS,,37,,,,,,,,,,,,,,,,,,,,,,,,,,,,,,,438025157,43802515700027,43.21A,,,,,,,,,,,sirene,
RENO.ENERGY MY POWER,,,a contacter,,,,,,,,,,,,reseaux,,PUTEAUX,,92,,,,,,,,,,,,,,,,,,,,,,,,,,,,,,,849069554,84906955400087,43.21A,,,,,,,,,,,sirene,
RENOV ELEC,,,a contacter,,,,,,,,,,,,reseaux,,PUGET-SUR-ARGENS,,83,,,,,,,,,,,,,,,,,,,,,,,,,,,,,,,419680913,41968091300037,43.21A,,,,,,,,,,,sirene,
RENOV FIBRE,,,a contacter,,,,,,,,,,,,reseaux,,VILLEJUST,,91,,,,,,,,,,,,,,,,,,,,,,,,,,,,,,,804898500,80489850000033,61.90Z,,,,,,,,,,,sirene,
RENOV'BAT 64,,,a contacter,,,,,,,,,,,,reseaux,,ASCAIN,,64,,,,,,,,,,,,,,,,,,,,,,,,,,,,,,,881987028,88198702800019,43.21A,,,,,,,,,,,sirene,
RENOVATION MAISON ET APPARTEMENT,,,a contacter,,,,,,,,,,,,reseaux,,LISSIEU,,69,,,,,,,,,,,,,,,,,,,,,,,,,,,,,,,833388390,83338839000027,43.21A,,,,,,,,,,,sirene,
RESEAU CABLE FIBRE OPTIQUE,,,a contacter,,,,,,,,,,,,reseaux,,ROSNY-SOUS-BOIS,,93,,,,,,,,,,,,,,,,,,,,,,,,,,,,,,,751411182,75141118200023,42.22Z,,,,,,,,,,,sirene,
RESEAU EASY,,,a contacter,,,,,,,,,,,,reseaux,,TOULOUSE,,31,,,,,,,,,,,,,,,,,,,,,,,,,,,,,,,843148792,84314879200024,43.21A,,,,,,,,,,,sirene,
RESEAU FIBRE TELECOM EN ABREGE   RFT,,,a contacter,,,,,,,,,,,,reseaux,,BUISSY,,62,,,,,,,,,,,,,,,,,,,,,,,,,,,,,,,799020342,79902034200025,42.22Z,,,,,,,,,,,sirene,
RESEAU SERVICES OPTIQUE,,,a contacter,,,,,,,,,,,,reseaux,,VITRY-SUR-SEINE,,94,,,,,,,,,,,,,,,,,,,,,,,,,,,,,,,883886483,88388648300014,43.21A,,,,,,,,,,,sirene,
"RESEAU TELECOM, INSTALLATION ET MAINTENANCE",,,a contacter,,,,,,,,,,,,reseaux,,PARIS,,75,,,,,,,,,,,,,,,,,,,,,,,,,,,,,,,843966235,84396623500015,43.21A,,,,,,,,,,,sirene,
RESEAUX,,,a contacter,,,,,,,,,,,,reseaux,,SAINT-JEAN-DE-VERGES,,09,,,,,,,,,,,,,,,,,,,,,,,,,,,,,,,392966909,39296690900047,42.21Z,,,,,,,,,,,sirene,
RESEAUX DU SUD,,,a contacter,,,,,,,,,,,,reseaux,,LA PENNE-SUR-HUVEAUNE,,13,,,,,,,,,,,,,,,,,,,,,,,,,,,,,,,842611659,84261165900017,42.22Z,,,,,,,,,,,sirene,
RESEAUX ELECTRIQUE & INFORMATIQUE,,,a contacter,,,,,,,,,,,,reseaux,,COLOMIERS,,31,,,,,,,,,,,,,,,,,,,,,,,,,,,,,,,414070284,41407028400032,43.21A,,,,,,,,,,,sirene,
RESEAUX ENVIRONNEMENT,,,a contacter,,,,,,,,,,,,reseaux,,BREAUTE,,76,,,,,,,,,,,,,,,,,,,,,,,,,,,,,,,491542981,49154298100015,42.21Z,,,,,,,,,,,sirene,
RESEAUX FRANCE FIBRE,,,a contacter,,,,,,,,,,,,reseaux,,CHANGE,,72,,,,,,,,,,,,,,,,,,,,,,,,,,,,,,,827592130,82759213000039,43.21A,,,,,,,,,,,sirene,
RESEAUX FRANCE FIBRE,,,a contacter,,,,,,,,,,,,reseaux,,BOULOGNE-BILLANCOURT,,92,,,,,,,,,,,,,,,,,,,,,,,,,,,,,,,900504887,90050488700010,61.10Z,,,,,,,,,,,sirene,
RESEAUX GRAPHIQUES,,,a contacter,,,,,,,,,,,,reseaux,,GONESSE,,95,,,,,,,,,,,,,,,,,,,,,,,,,,,,,,,828654699,82865469900028,61.10Z,,,,,,,,,,,sirene,
RESEAUX SUD BRETAGNE,,,a contacter,,,,,,,,,,,,reseaux,,QUIMPERLE,,29,,,,,,,,,,,,,,,,,,,,,,,,,,,,,,,399853498,39985349800018,42.22Z,,,,,,,,,,,sirene,
RESEAUX TRAVAUX PUBLICS SA,,,a contacter,,,,,,,,,,,,reseaux,,TOURNAN-EN-BRIE,,77,,,,,,,,,,,,,,,,,,,,,,,,,,,,,,,419046065,41904606500019,42.21Z,,,,,,,,,,,sirene,
RESEAUXCOM,,,a contacter,,,,,,,,,,,,reseaux,,PARIS,,75,,,,,,,,,,,,,,,,,,,,,,,,,,,,,,,804687499,80468749900017,61.10Z,,,,,,,,,,,sirene,
RESEELEC,,,a contacter,,,,,,,,,,,,reseaux,,ARQUES,,62,,,,,,,,,,,,,,,,,,,,,,,,,,,,,,,307207589,30720758900028,42.22Z,,,,,,,,,,,sirene,
RESIMONT,,,a contacter,,,,,,,,,,,,reseaux,,VOLVIC,,63,,,,,,,,,,,,,,,,,,,,,,,,,,,,,,,539098707,53909870700026,43.21A,,,,,,,,,,,sirene,
RESIPELEC,,,a contacter,,,,,,,,,,,,reseaux,,TEMPLEMARS,,59,,,,,,,,,,,,,,,,,,,,,,,,,,,,,,,484442108,48444210800029,43.21A,,,,,,,,,,,sirene,
RESOLUTION,,,a contacter,,,,,,,,,,,,reseaux,,CHAMPIGNY-SUR-MARNE,,94,,,,,,,,,,,,,,,,,,,,,,,,,,,,,,,408155562,40815556200056,43.21A,,,,,,,,,,,sirene,
RESTECH,,,a contacter,,,,,,,,,,,,reseaux,,CRACH,,56,,,,,,,,,,,,,,,,,,,,,,,,,,,,,,,495298341,49529834100035,43.21A,,,,,,,,,,,sirene,
RESYS-COM,,,a contacter,,,,,,,,,,,,reseaux,,MARSANNAY-LA-COTE,,21,,,,,,,,,,,,,,,,,,,,,,,,,,,,,,,510288673,51028867300047,43.21A,,,,,,,,,,,sirene,
REUNICABLE,,,a contacter,,,,,,,,,,,,reseaux,,LE PORT,,974,,,,,,,,,,,,,,,,,,,,,,,,,,,,,,,531379303,53137930300013,61.10Z,,,,,,,,,,,sirene,
REUNION PLOMBERIE-ELECTRICITE SARL,,,a contacter,,,,,,,,,,,,reseaux,,SAINTE-SUZANNE,,974,,,,,,,,,,,,,,,,,,,,,,,,,,,,,,,482095627,48209562700022,43.21A,,,,,,,,,,,sirene,
REUNIONNAISE DE TRAVAUX,,,a contacter,,,,,,,,,,,,reseaux,,LE TAMPON,,974,,,,,,,,,,,,,,,,,,,,,,,,,,,,,,,815300785,81530078500020,42.21Z,,,,,,,,,,,sirene,
REVERCHON ELECTRICITE,,,a contacter,,,,,,,,,,,,reseaux,,SAINT-FONS,,69,,,,,,,,,,,,,,,,,,,,,,,,,,,,,,,481632347,48163234700037,43.21A,,,,,,,,,,,sirene,
REYNARD,,,a contacter,,,,,,,,,,,,reseaux,,ISSOIRE,,63,,,,,,,,,,,,,,,,,,,,,,,,,,,,,,,381411610,38141161000037,43.21A,,,,,,,,,,,sirene,
RF ELEC,,,a contacter,,,,,,,,,,,,reseaux,,VARENNES-VAUZELLES,,58,,,,,,,,,,,,,,,,,,,,,,,,,,,,,,,842208597,84220859700026,43.21A,,,,,,,,,,,sirene,
RHA TELECOM,,,a contacter,,,,,,,,,,,,reseaux,,PARIS,,75,,,,,,,,,,,,,,,,,,,,,,,,,,,,,,,789916061,78991606100029,61.90Z,,,,,,,,,,,sirene,
RHONISELEC,,,a contacter,,,,,,,,,,,,reseaux,,BRON,,69,,,,,,,,,,,,,,,,,,,,,,,,,,,,,,,969509553,96950955300034,43.21A,,,,,,,,,,,sirene,
RIA ASSAINISSEMENT ET TRANSPORTS,,,a contacter,,,,,,,,,,,,reseaux,,RIEC-SUR-BELON,,29,,,,,,,,,,,,,,,,,,,,,,,,,,,,,,,851947788,85194778800010,42.21Z,,,,,,,,,,,sirene,
RIANI ECLAIRAGE PUBLIC,,,a contacter,,,,,,,,,,,,reseaux,,TRIEUX,,54,,,,,,,,,,,,,,,,,,,,,,,,,,,,,,,400034021,40003402100016,43.21A,,,,,,,,,,,sirene,
RIBAUT SAS,,,a contacter,,,,,,,,,,,,reseaux,,CHATILLON-SUR-CHALARONNE,,01,,,,,,,,,,,,,,,,,,,,,,,,,,,,,,,424389740,42438974000020,43.21A,,,,,,,,,,,sirene,
RIBEIRO ELECTRICITE,,,a contacter,,,,,,,,,,,,reseaux,,LOURDES,,65,,,,,,,,,,,,,,,,,,,,,,,,,,,,,,,489463042,48946304200023,43.21A,,,,,,,,,,,sirene,
RIEDEL COMMUNICATIONS FRANCE,,,a contacter,,,,,,,,,,,,reseaux,,ISSY-LES-MOULINEAUX,,92,,,,,,,,,,,,,,,,,,,,,,,,,,,,,,,819840943,81984094300040,61.90Z,,,,,,,,,,,sirene,
RIHET,,,a contacter,,,,,,,,,,,,reseaux,,BOURG-DES-COMPTES,,35,,,,,,,,,,,,,,,,,,,,,,,,,,,,,,,378683387,37868338700054,43.21A,,,,,,,,,,,sirene,
RIPOCHE,,,a contacter,,,,,,,,,,,,reseaux,,OREE-D'ANJOU,,49,,,,,,,,,,,,,,,,,,,,,,,,,,,,,,,452328867,45232886700026,43.21A,,,,,,,,,,,sirene,
RIPTIDE,,,a contacter,,,,,,,,,,,,reseaux,,FREPILLON,,95,,,,,,,,,,,,,,,,,,,,,,,,,,,,,,,499364826,49936482600044,61.10Z,,,,,,,,,,,sirene,
RIVASI BTP,,,a contacter,,,,,,,,,,,,reseaux,,LA BATIE-ROLLAND,,26,,,,,,,,,,,,,,,,,,,,,,,,,,,,,,,582980306,58298030600010,42.21Z,,,,,,,,,,,sirene,
RJS,,,a contacter,,,,,,,,,,,,reseaux,,COULOMMIERS,,77,,,,,,,,,,,,,,,,,,,,,,,,,,,,,,,808721252,80872125200035,43.21A,,,,,,,,,,,sirene,
RL-ENERGIE,,,a contacter,,,,,,,,,,,,reseaux,,BLANDAINVILLE,,28,,,,,,,,,,,,,,,,,,,,,,,,,,,,,,,840910541,84091054100027,43.21A,,,,,,,,,,,sirene,
RM FACILITIES,,,a contacter,,,,,,,,,,,,reseaux,,DIJON,,21,,,,,,,,,,,,,,,,,,,,,,,,,,,,,,,804823623,80482362300041,43.21A,,,,,,,,,,,sirene,
RMH,,,a contacter,,,,,,,,,,,,reseaux,,MAISON-ROUGE,,77,,,,,,,,,,,,,,,,,,,,,,,,,,,,,,,383051323,38305132300020,43.21A,,,,,,,,,,,sirene,
RMT INDUSTRIE UND ELEKTROTECHNIK GBMH,,,a contacter,,,,,,,,,,,,reseaux,,,,,,,,,,,,,,,,,,,,,,,,,,,,,,,,,,,412404279,41240427900017,43.21A,,,,,,,,,,,sirene,
RNDV GROUP,,,a contacter,,,,,,,,,,,,reseaux,,,,,,,,,,,,,,,,,,,,,,,,,,,,,,,,,,,818383465,81838346500015,43.21A,,,,,,,,,,,sirene,
ROBINET,,,a contacter,,,,,,,,,,,,reseaux,,CLERMONT-FERRAND,,63,,,,,,,,,,,,,,,,,,,,,,,,,,,,,,,921514436,92151443600010,42.21Z,,,,,,,,,,,sirene,
ROCCO DAVID LASCARO ELECTRICITE,,,a contacter,,,,,,,,,,,,reseaux,,MANDRES-LES-ROSES,,94,,,,,,,,,,,,,,,,,,,,,,,,,,,,,,,424136786,42413678600045,43.21A,,,,,,,,,,,sirene,
RODIER,,,a contacter,,,,,,,,,,,,reseaux,,MENDE,,48,,,,,,,,,,,,,,,,,,,,,,,,,,,,,,,418207775,41820777500028,43.21A,,,,,,,,,,,sirene,
ROFICOM,,,a contacter,,,,,,,,,,,,reseaux,,SAINT-FONS,,69,,,,,,,,,,,,,,,,,,,,,,,,,,,,,,,452181274,45218127400047,43.21A,,,,,,,,,,,sirene,
ROGER DUBOIS,,,a contacter,,,,,,,,,,,,reseaux,,PARIS,,75,,,,,,,,,,,,,,,,,,,,,,,,,,,,,,,552078636,55207863600073,43.21A,,,,,,,,,,,sirene,
"ROIFFE TRAVAUX LOCATION, PAR ABREVIATION R.T.L.",,,a contacter,,,,,,,,,,,,reseaux,,ROIFFE,,86,,,,,,,,,,,,,,,,,,,,,,,,,,,,,,,489200410,48920041000012,42.21Z,,,,,,,,,,,sirene,
ROIRET ENERGIES,,,a contacter,,,,,,,,,,,,reseaux,,SAINT-PRIEST,,69,,,,,,,,,,,,,,,,,,,,,,,,,,,,,,,501145890,50114589000023,43.21A,,,,,,,,,,,sirene,
ROIRET SERVICES,,,a contacter,,,,,,,,,,,,reseaux,,SAINT-PRIEST,,69,,,,,,,,,,,,,,,,,,,,,,,,,,,,,,,501144646,50114464600053,43.21A,,,,,,,,,,,sirene,
ROIRET TRANSPORT,,,a contacter,,,,,,,,,,,,reseaux,,RILLIEUX-LA-PAPE,,69,,,,,,,,,,,,,,,,,,,,,,,,,,,,,,,501151989,50115198900024,43.21A,,,,,,,,,,,sirene,
ROLAIX CORPORATION,,,a contacter,,,,,,,,,,,,reseaux,,VITROLLES,,13,,,,,,,,,,,,,,,,,,,,,,,,,,,,,,,524799152,52479915200011,43.21A,,,,,,,,,,,sirene,
ROLANDO,,,a contacter,,,,,,,,,,,,reseaux,,CARROS,,06,,,,,,,,,,,,,,,,,,,,,,,,,,,,,,,383519642,38351964200037,42.21Z,,,,,,,,,,,sirene,
ROLHION ENERGIE,,,a contacter,,,,,,,,,,,,reseaux,,VEYRE-MONTON,,63,,,,,,,,,,,,,,,,,,,,,,,,,,,,,,,448315242,44831524200033,43.21A,,,,,,,,,,,sirene,
ROMAIN PRIOSET,,,a contacter,,,,,,,,,,,,reseaux,,NEUVIC,,24,,,,,,,,,,,,,,,,,,,,,,,,,,,,,,,431216076,43121607600015,43.21A,,,,,,,,,,,sirene,
ROMELEC,,,a contacter,,,,,,,,,,,,reseaux,,ROMORANTIN-LANTHENAY,,41,,,,,,,,,,,,,,,,,,,,,,,,,,,,,,,399641901,39964190100026,43.21B,,,,,,,,,,,sirene,
RONDEAU,,,a contacter,,,,,,,,,,,,reseaux,,LE PALLET,,44,,,,,,,,,,,,,,,,,,,,,,,,,,,,,,,438621567,43862156700025,43.21A,,,,,,,,,,,sirene,
ROSAZ ENERGIES,,,a contacter,,,,,,,,,,,,reseaux,,SAINT-PIERRE-D'ALBIGNY,,73,,,,,,,,,,,,,,,,,,,,,,,,,,,,,,,490124344,49012434400022,43.21A,,,,,,,,,,,sirene,
ROSSONI T P,,,a contacter,,,,,,,,,,,,reseaux,,AMBRES,,81,,,,,,,,,,,,,,,,,,,,,,,,,,,,,,,398063941,39806394100023,42.21Z,,,,,,,,,,,sirene,
ROTEL,,,a contacter,,,,,,,,,,,,reseaux,,THELUS,,62,,,,,,,,,,,,,,,,,,,,,,,,,,,,,,,795255652,79525565200047,43.21A,,,,,,,,,,,sirene,
ROTEL,,,a contacter,,,,,,,,,,,,reseaux,,LOGNES,,77,,,,,,,,,,,,,,,,,,,,,,,,,,,,,,,840570477,84057047700074,43.21A,,,,,,,,,,,sirene,
ROTEL ELEC,,,a contacter,,,,,,,,,,,,reseaux,,THELUS,,62,,,,,,,,,,,,,,,,,,,,,,,,,,,,,,,828497412,82849741200035,43.21A,,,,,,,,,,,sirene,
ROUGERIE AERO FIBRE,,,a contacter,,,,,,,,,,,,reseaux,,TOULOUSE,,31,,,,,,,,,,,,,,,,,,,,,,,,,,,,,,,908383490,90838349000012,43.21A,,,,,,,,,,,sirene,
ROUILLE,,,a contacter,,,,,,,,,,,,reseaux,,NEULLIAC,,56,,,,,,,,,,,,,,,,,,,,,,,,,,,,,,,792414633,79241463300026,43.21A,,,,,,,,,,,sirene,
ROUILLES - G.E.R.S.,,,a contacter,,,,,,,,,,,,reseaux,,SAINT-CLAR,,32,,,,,,,,,,,,,,,,,,,,,,,,,,,,,,,331367870,33136787000036,43.21A,,,,,,,,,,,sirene,
ROUJON LAURENT,,,a contacter,,,,,,,,,,,,reseaux,,CHANAC,,48,,,,,,,,,,,,,,,,,,,,,,,,,,,,,,,488322157,48832215700014,43.21A,,,,,,,,,,,sirene,
ROUSSILLON ALARME SECURITE,,,a contacter,,,,,,,,,,,,reseaux,,PIA,,66,,,,,,,,,,,,,,,,,,,,,,,,,,,,,,,331891218,33189121800033,43.21A,,,,,,,,,,,sirene,
ROUX T.P.,,,a contacter,,,,,,,,,,,,reseaux,,PERONNAS,,01,,,,,,,,,,,,,,,,,,,,,,,,,,,,,,,428593552,42859355200014,42.21Z,,,,,,,,,,,sirene,
ROVALEC,,,a contacter,,,,,,,,,,,,reseaux,,EMERAINVILLE,,77,,,,,,,,,,,,,,,,,,,,,,,,,,,,,,,410207005,41020700500035,43.21A,,,,,,,,,,,sirene,
ROY YORIC,,,a contacter,,,,,,,,,,,,reseaux,,PARTHENAY,,79,,,,,,,,,,,,,,,,,,,,,,,,,,,,,,,533825600,53382560000034,43.21A,,,,,,,,,,,sirene,
RP COM,,,a contacter,,,,,,,,,,,,reseaux,,EAUBONNE,,95,,,,,,,,,,,,,,,,,,,,,,,,,,,,,,,794281139,79428113900020,61.90Z,,,,,,,,,,,sirene,
RR COM,,,a contacter,,,,,,,,,,,,reseaux,,BREST,,29,,,,,,,,,,,,,,,,,,,,,,,,,,,,,,,839502234,83950223400033,42.22Z,,,,,,,,,,,sirene,
RS TP,,,a contacter,,,,,,,,,,,,reseaux,,GARGES-LES-GONESSE,,95,,,,,,,,,,,,,,,,,,,,,,,,,,,,,,,881520241,88152024100012,43.21A,,,,,,,,,,,sirene,
RS2M,,,a contacter,,,,,,,,,,,,reseaux,,MITRY-MORY,,77,,,,,,,,,,,,,,,,,,,,,,,,,,,,,,,440452365,44045236500024,61.90Z,,,,,,,,,,,sirene,
RSO NETWORK,,,a contacter,,,,,,,,,,,,reseaux,,LIMOGES,,87,,,,,,,,,,,,,,,,,,,,,,,,,,,,,,,879599751,87959975100069,42.22Z,,,,,,,,,,,sirene,
RT CONNECT,,,a contacter,,,,,,,,,,,,reseaux,,VILLEPINTE,,93,,,,,,,,,,,,,,,,,,,,,,,,,,,,,,,949962021,94996202100026,61.10Z,,,,,,,,,,,sirene,
RT.FIBRE,,,a contacter,,,,,,,,,,,,reseaux,,BELLEFOND,,21,,,,,,,,,,,,,,,,,,,,,,,,,,,,,,,852227552,85222755200043,43.21A,,,,,,,,,,,sirene,
RTC,,,a contacter,,,,,,,,,,,,reseaux,,BEZONS,,95,,,,,,,,,,,,,,,,,,,,,,,,,,,,,,,489881037,48988103700050,43.21A,,,,,,,,,,,sirene,
RTEL CONSTRUCTION,,,a contacter,,,,,,,,,,,,reseaux,,ORLEANS,,45,,,,,,,,,,,,,,,,,,,,,,,,,,,,,,,893571679,89357167900016,43.21A,,,,,,,,,,,sirene,
RTFO PRO,,,a contacter,,,,,,,,,,,,reseaux,,VILLEPINTE,,93,,,,,,,,,,,,,,,,,,,,,,,,,,,,,,,880706171,88070617100027,43.21A,,,,,,,,,,,sirene,
RUAULD ELECTRICITE,,,a contacter,,,,,,,,,,,,reseaux,,POILLEY,,50,,,,,,,,,,,,,,,,,,,,,,,,,,,,,,,523558195,52355819500021,43.21A,,,,,,,,,,,sirene,
"RUI & CANDEIAS, LDA",,,a contacter,,,,,,,,,,,,reseaux,,,,,,,,,,,,,,,,,,,,,,,,,,,,,,,,,,,750963928,75096392800015,43.21A,,,,,,,,,,,sirene,
RUN P ASSISTANCE,,,a contacter,,,,,,,,,,,,reseaux,,SAINT-DENIS,,974,,,,,,,,,,,,,,,,,,,,,,,,,,,,,,,534584453,53458445300029,61.20Z,,,,,,,,,,,sirene,
RUSTUELEC,,,a contacter,,,,,,,,,,,,reseaux,,CAUDAN,,56,,,,,,,,,,,,,,,,,,,,,,,,,,,,,,,807542394,80754239400026,43.21A,,,,,,,,,,,sirene,
RWT ENERGY,,,a contacter,,,,,,,,,,,,reseaux,,MARTILLAC,,33,,,,,,,,,,,,,,,,,,,,,,,,,,,,,,,813566775,81356677500041,43.21A,,,,,,,,,,,sirene,
S & A FIBRE,,,a contacter,,,,,,,,,,,,reseaux,,DOMONT,,95,,,,,,,,,,,,,,,,,,,,,,,,,,,,,,,809338700,80933870000036,43.21A,,,,,,,,,,,sirene,
S 3 A,,,a contacter,,,,,,,,,,,,reseaux,,PONT-SAINT-MARTIN,,44,,,,,,,,,,,,,,,,,,,,,,,,,,,,,,,509041653,50904165300064,43.21A,,,,,,,,,,,sirene,
S N G E OUEST,,,a contacter,,,,,,,,,,,,reseaux,,LA ROCHE-SUR-YON,,85,,,,,,,,,,,,,,,,,,,,,,,,,,,,,,,518879861,51887986100020,43.21A,,,,,,,,,,,sirene,
S O - T E C,,,a contacter,,,,,,,,,,,,reseaux,,VILLEVEYRAC,,34,,,,,,,,,,,,,,,,,,,,,,,,,,,,,,,792570582,79257058200017,42.22Z,,,,,,,,,,,sirene,
S T E C O - SOCIETE DE TRAVAUX D'ELECTRICITE ET DE CHAUFFAGE DE L'OUEST,,,a contacter,,,,,,,,,,,,reseaux,,NIORT,,79,,,,,,,,,,,,,,,,,,,,,,,,,,,,,,,311945687,31194568700045,43.21A,,,,,,,,,,,sirene,
S&I RESEAUX,,,a contacter,,,,,,,,,,,,reseaux,,FONTAINE,,38,,,,,,,,,,,,,,,,,,,,,,,,,,,,,,,908435118,90843511800017,43.21A,,,,,,,,,,,sirene,
S-D-E,,,a contacter,,,,,,,,,,,,reseaux,,MORET-LOING-ET-ORVANNE,,77,,,,,,,,,,,,,,,,,,,,,,,,,,,,,,,433110939,43311093900017,43.21A,,,,,,,,,,,sirene,
S-O.COM,,,a contacter,,,,,,,,,,,,reseaux,,MONTAUBAN,,82,,,,,,,,,,,,,,,,,,,,,,,,,,,,,,,807445960,80744596000022,43.21A,,,,,,,,,,,sirene,
S. GRIGNOLO,,,a contacter,,,,,,,,,,,,reseaux,,LA CHAPELLE-SAINT-LUC,,10,,,,,,,,,,,,,,,,,,,,,,,,,,,,,,,484120118,48412011800027,43.21A,,,,,,,,,,,sirene,
S.3.R,,,a contacter,,,,,,,,,,,,reseaux,,NOISY-LE-ROI,,78,,,,,,,,,,,,,,,,,,,,,,,,,,,,,,,332349018,33234901800025,42.22Z,,,,,,,,,,,sirene,
S.A PEROL,,,a contacter,,,,,,,,,,,,reseaux,,MERCUREY,,71,,,,,,,,,,,,,,,,,,,,,,,,,,,,,,,388558454,38855845400012,43.21A,,,,,,,,,,,sirene,
S.A.E.B.I. EXPORT,,,a contacter,,,,,,,,,,,,reseaux,,CAUDAN,,56,,,,,,,,,,,,,,,,,,,,,,,,,,,,,,,810457648,81045764800014,43.21A,,,,,,,,,,,sirene,
S.A.R.L. BARREIX JACQUES,,,a contacter,,,,,,,,,,,,reseaux,,MAULEON-LICHARRE,,64,,,,,,,,,,,,,,,,,,,,,,,,,,,,,,,414303735,41430373500016,43.21A,,,,,,,,,,,sirene,
S.A.T.E,,,a contacter,,,,,,,,,,,,reseaux,,LYON,,69,,,,,,,,,,,,,,,,,,,,,,,,,,,,,,,822045415,82204541500053,43.21A,,,,,,,,,,,sirene,
S.C. ELECT,,,a contacter,,,,,,,,,,,,reseaux,,L'HAY-LES-ROSES,,94,,,,,,,,,,,,,,,,,,,,,,,,,,,,,,,513786822,51378682200041,43.21A,,,,,,,,,,,sirene,
S.E. ETS CHAPELET SAINT JEAN,,,a contacter,,,,,,,,,,,,reseaux,,CAMBO-LES-BAINS,,64,,,,,,,,,,,,,,,,,,,,,,,,,,,,,,,414986976,41498697600036,43.21A,,,,,,,,,,,sirene,
S.E.R.I. SOCIETE D'ELECTRICITE ET DE RESEAUX INFORMATIQUES,,,a contacter,,,,,,,,,,,,reseaux,,MEREAU,,18,,,,,,,,,,,,,,,,,,,,,,,,,,,,,,,418399135,41839913500031,43.21A,,,,,,,,,,,sirene,
S.E.R.P. SOCIETE ENTRETIEN ET REALISATION DE RESEAUX,,,a contacter,,,,,,,,,,,,reseaux,,LORETTE,,42,,,,,,,,,,,,,,,,,,,,,,,,,,,,,,,350469490,35046949000055,43.21B,,,,,,,,,,,sirene,
S.E.S. SOCIETE ENERGIES SERVICES,,,a contacter,,,,,,,,,,,,reseaux,,HOUDAN,,78,,,,,,,,,,,,,,,,,,,,,,,,,,,,,,,499074516,49907451600034,42.22Z,,,,,,,,,,,sirene,
S.G.E.C.F.,,,a contacter,,,,,,,,,,,,reseaux,,AULNAY-SOUS-BOIS,,93,,,,,,,,,,,,,,,,,,,,,,,,,,,,,,,500697354,50069735400024,43.21A,,,,,,,,,,,sirene,
S.G.T.P,,,a contacter,,,,,,,,,,,,reseaux,,BALLAINVILLIERS,,91,,,,,,,,,,,,,,,,,,,,,,,,,,,,,,,832739221,83273922100022,43.21A,,,,,,,,,,,sirene,
S.H.E.G.I.,,,a contacter,,,,,,,,,,,,reseaux,,SAULTAIN,,59,,,,,,,,,,,,,,,,,,,,,,,,,,,,,,,438420937,43842093700031,43.21A,,,,,,,,,,,sirene,
S.L.F,,,a contacter,,,,,,,,,,,,reseaux,,PARIS,,75,,,,,,,,,,,,,,,,,,,,,,,,,,,,,,,451043269,45104326900047,43.21A,,,,,,,,,,,sirene,
S.M.B.A. VIGIER,,,a contacter,,,,,,,,,,,,reseaux,,TONNAY CHARENTE,,17,,,,,,,,,,,,,,,,,,,,,,,,,,,,,,,330895608,33089560800033,42.21Z,,,,,,,,,,,sirene,
S.N.C.T.P,,,a contacter,,,,,,,,,,,,reseaux,,DIJON,,21,,,,,,,,,,,,,,,,,,,,,,,,,,,,,,,017050667,01705066700017,42.22Z,,,,,,,,,,,sirene,
S.R.S ELEC,,,a contacter,,,,,,,,,,,,reseaux,,PARIS,,75,,,,,,,,,,,,,,,,,,,,,,,,,,,,,,,797945953,79794595300025,43.21A,,,,,,,,,,,sirene,
S.T.A.E.,,,a contacter,,,,,,,,,,,,reseaux,,LENS,,62,,,,,,,,,,,,,,,,,,,,,,,,,,,,,,,404144677,40414467700055,43.21A,,,,,,,,,,,sirene,
S.T.E. INSTALLATIONS ELECTRIQUES,,,a contacter,,,,,,,,,,,,reseaux,,TADEN,,22,,,,,,,,,,,,,,,,,,,,,,,,,,,,,,,332172170,33217217000109,42.22Z,,,,,,,,,,,sirene,
S.T.I.M.E,,,a contacter,,,,,,,,,,,,reseaux,,SAULTAIN,,59,,,,,,,,,,,,,,,,,,,,,,,,,,,,,,,882724784,88272478400021,43.21A,,,,,,,,,,,sirene,
S.T.M. ELEC,,,a contacter,,,,,,,,,,,,reseaux,,LE THILLAY,,95,,,,,,,,,,,,,,,,,,,,,,,,,,,,,,,788509875,78850987500035,43.21A,,,,,,,,,,,sirene,
S.T.S.E.,,,a contacter,,,,,,,,,,,,reseaux,,KOUROU,,973,,,,,,,,,,,,,,,,,,,,,,,,,,,,,,,817662885,81766288500026,43.21A,,,,,,,,,,,sirene,
S.T.V. ELECTRICITE,,,a contacter,,,,,,,,,,,,reseaux,,MOISSY-CRAMAYEL,,77,,,,,,,,,,,,,,,,,,,,,,,,,,,,,,,538940123,53894012300010,43.21A,,,,,,,,,,,sirene,
S.V.T.,,,a contacter,,,,,,,,,,,,reseaux,,BELLEAU,,54,,,,,,,,,,,,,,,,,,,,,,,,,,,,,,,318658333,31865833300055,43.21A,,,,,,,,,,,sirene,
S2B,,,a contacter,,,,,,,,,,,,reseaux,,SOISSONS,,02,,,,,,,,,,,,,,,,,,,,,,,,,,,,,,,493357552,49335755200022,43.21A,,,,,,,,,,,sirene,
S2E 77,,,a contacter,,,,,,,,,,,,reseaux,,TORCY,,77,,,,,,,,,,,,,,,,,,,,,,,,,,,,,,,823875695,82387569500020,43.21A,,,,,,,,,,,sirene,
S2I,,,a contacter,,,,,,,,,,,,reseaux,,BORGO,,2B,,,,,,,,,,,,,,,,,,,,,,,,,,,,,,,820649705,82064970500028,43.21A,,,,,,,,,,,sirene,
S2P TELECOM,,,a contacter,,,,,,,,,,,,reseaux,,AISEREY,,21,,,,,,,,,,,,,,,,,,,,,,,,,,,,,,,529236846,52923684600026,42.22Z,,,,,,,,,,,sirene,
S3T,,,a contacter,,,,,,,,,,,,reseaux,,PARIS,,75,,,,,,,,,,,,,,,,,,,,,,,,,,,,,,,904754355,90475435500017,61.10Z,,,,,,,,,,,sirene,
S4C SOCIETE DE MULTISERVICE A L'HABITAT COLLECTIF,,,a contacter,,,,,,,,,,,,reseaux,,REIMS,,51,,,,,,,,,,,,,,,,,,,,,,,,,,,,,,,318354636,31835463600058,43.21A,,,,,,,,,,,sirene,
SA ANAVELEC,,,a contacter,,,,,,,,,,,,reseaux,,SAINTE-SEVE,,29,,,,,,,,,,,,,,,,,,,,,,,,,,,,,,,950612119,95061211900012,43.21A,,,,,,,,,,,sirene,
SA BONDON,,,a contacter,,,,,,,,,,,,reseaux,,LATTES,,34,,,,,,,,,,,,,,,,,,,,,,,,,,,,,,,327730495,32773049500014,42.22Z,,,,,,,,,,,sirene,
SA CHAMPAGNE TRAVAUX PUBLICS,,,a contacter,,,,,,,,,,,,reseaux,,CORMONTREUIL,,51,,,,,,,,,,,,,,,,,,,,,,,,,,,,,,,336680459,33668045900052,42.21Z,,,,,,,,,,,sirene,
SA COMPTOIR JB,,,a contacter,,,,,,,,,,,,reseaux,,ROUVROY,,62,,,,,,,,,,,,,,,,,,,,,,,,,,,,,,,317855955,31785595500058,43.21A,,,,,,,,,,,sirene,
SA DIDRICHE,,,a contacter,,,,,,,,,,,,reseaux,,LEXY,,54,,,,,,,,,,,,,,,,,,,,,,,,,,,,,,,325222263,32522226300098,43.21A,,,,,,,,,,,sirene,
SA E D L,,,a contacter,,,,,,,,,,,,reseaux,,SARAN,,45,,,,,,,,,,,,,,,,,,,,,,,,,,,,,,,343864419,34386441900035,43.21A,,,,,,,,,,,sirene,
SA ELECTRICITE  GENERALE MELLOT,,,a contacter,,,,,,,,,,,,reseaux,,BAGNEUX,,92,,,,,,,,,,,,,,,,,,,,,,,,,,,,,,,572051159,57205115900042,43.21A,,,,,,,,,,,sirene,
SA ELECTRO TEAM,,,a contacter,,,,,,,,,,,,reseaux,,SAULTAIN,,59,,,,,,,,,,,,,,,,,,,,,,,,,,,,,,,352963490,35296349000060,43.21A,,,,,,,,,,,sirene,
SA ETABLISSEMENTS CONTAMINE,,,a contacter,,,,,,,,,,,,reseaux,,SAINT JUNIEN,,87,,,,,,,,,,,,,,,,,,,,,,,,,,,,,,,419213582,41921358200028,42.22Z,,,,,,,,,,,sirene,
SA G. PASTORINO & FILS,,,a contacter,,,,,,,,,,,,reseaux,,BORDEAUX,,33,,,,,,,,,,,,,,,,,,,,,,,,,,,,,,,326554847,32655484700029,43.21A,,,,,,,,,,,sirene,
SA JOCAVEIL ET FILS,,,a contacter,,,,,,,,,,,,reseaux,,RIA-SIRACH,,66,,,,,,,,,,,,,,,,,,,,,,,,,,,,,,,714201522,71420152200022,42.21Z,,,,,,,,,,,sirene,
SA REALISATIONS ELECTRIQUES,,,a contacter,,,,,,,,,,,,reseaux,,PERRIGNY-LES-DIJON,,21,,,,,,,,,,,,,,,,,,,,,,,,,,,,,,,347589137,34758913700038,43.21A,,,,,,,,,,,sirene,
SA SACCOCCIO,,,a contacter,,,,,,,,,,,,reseaux,,MARSEILLE,,13,,,,,,,,,,,,,,,,,,,,,,,,,,,,,,,379758915,37975891500035,42.21Z,,,,,,,,,,,sirene,
SA STRACCHI ET CIE,,,a contacter,,,,,,,,,,,,reseaux,,IRIGNY,,69,,,,,,,,,,,,,,,,,,,,,,,,,,,,,,,965505191,96550519100043,42.21Z,,,,,,,,,,,sirene,
SABATIER FRERES,,,a contacter,,,,,,,,,,,,reseaux,,LORIOL-SUR-DROME,,26,,,,,,,,,,,,,,,,,,,,,,,,,,,,,,,414092635,41409263500021,43.21A,,,,,,,,,,,sirene,
SABELEC,,,a contacter,,,,,,,,,,,,reseaux,,GONESSE,,95,,,,,,,,,,,,,,,,,,,,,,,,,,,,,,,798799060,79879906000032,43.21A,,,,,,,,,,,sirene,
SACARABANY,,,a contacter,,,,,,,,,,,,reseaux,,FORT-DE-FRANCE,,972,,,,,,,,,,,,,,,,,,,,,,,,,,,,,,,495262131,49526213100016,43.21A,,,,,,,,,,,sirene,
SACOFA,,,a contacter,,,,,,,,,,,,reseaux,,VILLEPINTE,,93,,,,,,,,,,,,,,,,,,,,,,,,,,,,,,,622027613,62202761300133,43.21A,,,,,,,,,,,sirene,
SADER RESEAUX,,,a contacter,,,,,,,,,,,,reseaux,,CHATELAUDREN-PLOUAGAT,,22,,,,,,,,,,,,,,,,,,,,,,,,,,,,,,,496980368,49698036800120,42.22Z,,,,,,,,,,,sirene,
SAE S.C.R.E.,,,a contacter,,,,,,,,,,,,reseaux,,MARDEUIL,,51,,,,,,,,,,,,,,,,,,,,,,,,,,,,,,,398318634,39831863400035,43.21A,,,,,,,,,,,sirene,
SAEBI ARMOR ELECTRI BATI INDUS,,,a contacter,,,,,,,,,,,,reseaux,,CAUDAN,,56,,,,,,,,,,,,,,,,,,,,,,,,,,,,,,,319151163,31915116300015,43.21A,,,,,,,,,,,sirene,
SAEM,,,a contacter,,,,,,,,,,,,reseaux,,CUSSET,,03,,,,,,,,,,,,,,,,,,,,,,,,,,,,,,,801339524,80133952400010,43.21A,,,,,,,,,,,sirene,
SAET,,,a contacter,,,,,,,,,,,,reseaux,,CAUMONT-SUR-DURANCE,,84,,,,,,,,,,,,,,,,,,,,,,,,,,,,,,,313003592,31300359200034,43.21A,,,,,,,,,,,sirene,
SAFIBRE 26,,,a contacter,,,,,,,,,,,,reseaux,,VALENCE,,26,,,,,,,,,,,,,,,,,,,,,,,,,,,,,,,890546260,89054626000021,61.90Z,,,,,,,,,,,sirene,
SAGE,,,a contacter,,,,,,,,,,,,reseaux,,MACHECOUL-SAINT-MEME,,44,,,,,,,,,,,,,,,,,,,,,,,,,,,,,,,348299512,34829951200031,43.21A,,,,,,,,,,,sirene,
SAGELEC,,,a contacter,,,,,,,,,,,,reseaux,,CASTRES,,81,,,,,,,,,,,,,,,,,,,,,,,,,,,,,,,882019276,88201927600030,43.21A,,,,,,,,,,,sirene,
SAGET,,,a contacter,,,,,,,,,,,,reseaux,,CHATEAU-GONTIER-SUR-MAYENNE,,53,,,,,,,,,,,,,,,,,,,,,,,,,,,,,,,352496061,35249606100073,43.21A,,,,,,,,,,,sirene,
SAGUY CONSTRUC EQUIPEMENT ELEC,,,a contacter,,,,,,,,,,,,reseaux,,SAINT-ESTEVE,,66,,,,,,,,,,,,,,,,,,,,,,,,,,,,,,,331499574,33149957400019,43.21A,,,,,,,,,,,sirene,
SAINT LOUISIENNE DE T P,,,a contacter,,,,,,,,,,,,reseaux,,PORT-SAINT-LOUIS-DU-RHONE,,13,,,,,,,,,,,,,,,,,,,,,,,,,,,,,,,376520011,37652001100028,42.21Z,,,,,,,,,,,sirene,
SALANON ELECTRICITE,,,a contacter,,,,,,,,,,,,reseaux,,ROCHE-LA-MOLIERE,,42,,,,,,,,,,,,,,,,,,,,,,,,,,,,,,,440651032,44065103200045,43.21A,,,,,,,,,,,sirene,
SALENDRE RESEAUX,,,a contacter,,,,,,,,,,,,reseaux,,VALSERHONE,,01,,,,,,,,,,,,,,,,,,,,,,,,,,,,,,,766200513,76620051300030,42.22Z,,,,,,,,,,,sirene,
SALVARE VIAM TP,,,a contacter,,,,,,,,,,,,reseaux,,MARQUETTE-LEZ-LILLE,,59,,,,,,,,,,,,,,,,,,,,,,,,,,,,,,,453864886,45386488600032,42.21Z,,,,,,,,,,,sirene,
SAMADJ SERVICES,,,a contacter,,,,,,,,,,,,reseaux,,STAINS,,93,,,,,,,,,,,,,,,,,,,,,,,,,,,,,,,834390221,83439022100028,61.10Z,,,,,,,,,,,sirene,
SAMAH ELEC,,,a contacter,,,,,,,,,,,,reseaux,,DRANCY,,93,,,,,,,,,,,,,,,,,,,,,,,,,,,,,,,802221580,80222158000011,43.21A,,,,,,,,,,,sirene,
SAMECO BAT,,,a contacter,,,,,,,,,,,,reseaux,,CYSOING,,59,,,,,,,,,,,,,,,,,,,,,,,,,,,,,,,878844778,87884477800018,43.21A,,,,,,,,,,,sirene,
SAMELECT,,,a contacter,,,,,,,,,,,,reseaux,,TRIGNAC,,44,,,,,,,,,,,,,,,,,,,,,,,,,,,,,,,448616615,44861661500036,43.21A,,,,,,,,,,,sirene,
SAMI,,,a contacter,,,,,,,,,,,,reseaux,,COUBRON,,93,,,,,,,,,,,,,,,,,,,,,,,,,,,,,,,828440537,82844053700037,43.21A,,,,,,,,,,,sirene,
SAMTIS,,,a contacter,,,,,,,,,,,,reseaux,,SENNECEY-LES-DIJON,,21,,,,,,,,,,,,,,,,,,,,,,,,,,,,,,,882244478,88224447800047,43.21A,,,,,,,,,,,sirene,
SANDE,,,a contacter,,,,,,,,,,,,reseaux,,LA CHAPELLE-SUR-ERDRE,,44,,,,,,,,,,,,,,,,,,,,,,,,,,,,,,,839701257,83970125700025,42.21Z,,,,,,,,,,,sirene,
SANFOR,,,a contacter,,,,,,,,,,,,reseaux,,PONTAULT-COMBAULT,,77,,,,,,,,,,,,,,,,,,,,,,,,,,,,,,,380533166,38053316600019,42.21Z,,,,,,,,,,,sirene,
SANI-ELEC,,,a contacter,,,,,,,,,,,,reseaux,,LAMBALLE-ARMOR,,22,,,,,,,,,,,,,,,,,,,,,,,,,,,,,,,813134699,81313469900020,43.21A,,,,,,,,,,,sirene,
SANTERNE ALSACE,,,a contacter,,,,,,,,,,,,reseaux,,NIEDERHAUSBERGEN,,67,,,,,,,,,,,,,,,,,,,,,,,,,,,,,,,443974951,44397495100024,43.21A,,,,,,,,,,,sirene,
SANTERNE AQUITAINE,,,a contacter,,,,,,,,,,,,reseaux,,BRUGES,,33,,,,,,,,,,,,,,,,,,,,,,,,,,,,,,,421215179,42121517900019,43.21A,,,,,,,,,,,sirene,
SANTERNE BOURGOGNE,,,a contacter,,,,,,,,,,,,reseaux,,MARSANNAY-LA-COTE,,21,,,,,,,,,,,,,,,,,,,,,,,,,,,,,,,444017792,44401779200037,43.21A,,,,,,,,,,,sirene,
SANTERNE BRETAGNE,,,a contacter,,,,,,,,,,,,reseaux,,JANZE,,35,,,,,,,,,,,,,,,,,,,,,,,,,,,,,,,414126433,41412643300062,42.22Z,,,,,,,,,,,sirene,
SANTERNE CAMARGUE,,,a contacter,,,,,,,,,,,,reseaux,,GARONS,,30,,,,,,,,,,,,,,,,,,,,,,,,,,,,,,,439487950,43948795000024,42.22Z,,,,,,,,,,,sirene,
SANTERNE CENTRE EST ENERGIES,,,a contacter,,,,,,,,,,,,reseaux,,LA TALAUDIERE,,42,,,,,,,,,,,,,,,,,,,,,,,,,,,,,,,509243226,50924322600016,43.21A,,,,,,,,,,,sirene,
SANTERNE CENTRE EST TELECOMMUNICATIONS,,,a contacter,,,,,,,,,,,,reseaux,,LA TALAUDIERE,,42,,,,,,,,,,,,,,,,,,,,,,,,,,,,,,,420167397,42016739700017,42.22Z,,,,,,,,,,,sirene,
SANTERNE ENERGIES EST,,,a contacter,,,,,,,,,,,,reseaux,,SAINTE-SAVINE,,10,,,,,,,,,,,,,,,,,,,,,,,,,,,,,,,478826555,47882655500037,43.21A,,,,,,,,,,,sirene,
SANTERNE EST TELECOMS,,,a contacter,,,,,,,,,,,,reseaux,,AY-SUR-MOSELLE,,57,,,,,,,,,,,,,,,,,,,,,,,,,,,,,,,443976790,44397679000073,42.22Z,,,,,,,,,,,sirene,
SANTERNE ILE DE FRANCE,,,a contacter,,,,,,,,,,,,reseaux,,SAINT-OUEN-SUR-SEINE,,93,,,,,,,,,,,,,,,,,,,,,,,,,,,,,,,413443052,41344305200043,43.21A,,,,,,,,,,,sirene,
SANTERNE MARSEILLE,,,a contacter,,,,,,,,,,,,reseaux,,MARSEILLE,,13,,,,,,,,,,,,,,,,,,,,,,,,,,,,,,,439487604,43948760400027,43.21A,,,,,,,,,,,sirene,
SANTERNE MAYENNE,,,a contacter,,,,,,,,,,,,reseaux,,MAYENNE,,53,,,,,,,,,,,,,,,,,,,,,,,,,,,,,,,414755603,41475560300035,42.22Z,,,,,,,,,,,sirene,
SANTERNE MEDITERRANEE,,,a contacter,,,,,,,,,,,,reseaux,,NIMES,,30,,,,,,,,,,,,,,,,,,,,,,,,,,,,,,,414831511,41483151100012,42.22Z,,,,,,,,,,,sirene,
SANTERNE NORD PICARDIE INFRA,,,a contacter,,,,,,,,,,,,reseaux,,SAINTE-CATHERINE,,62,,,,,,,,,,,,,,,,,,,,,,,,,,,,,,,528932627,52893262700029,43.21B,,,,,,,,,,,sirene,
SANTERNE NORD TELECOMS,,,a contacter,,,,,,,,,,,,reseaux,,GAVRELLE,,62,,,,,,,,,,,,,,,,,,,,,,,,,,,,,,,528932510,52893251000027,43.21A,,,,,,,,,,,sirene,
SANTERNE NORD TERTIAIRE,,,a contacter,,,,,,,,,,,,reseaux,,SEQUEDIN,,59,,,,,,,,,,,,,,,,,,,,,,,,,,,,,,,528862733,52886273300086,43.21A,,,,,,,,,,,sirene,
SANUELEC,,,a contacter,,,,,,,,,,,,reseaux,,NUITS-SAINT-GEORGES,,21,,,,,,,,,,,,,,,,,,,,,,,,,,,,,,,441825098,44182509800011,43.21A,,,,,,,,,,,sirene,
SAPHIR ELEC,,,a contacter,,,,,,,,,,,,reseaux,,SAINT-THIBAULT-DES-VIGNES,,77,,,,,,,,,,,,,,,,,,,,,,,,,,,,,,,811541218,81154121800012,43.21A,,,,,,,,,,,sirene,
SAPIT,,,a contacter,,,,,,,,,,,,reseaux,,PARIS,,75,,,,,,,,,,,,,,,,,,,,,,,,,,,,,,,803295344,80329534400011,61.90Z,,,,,,,,,,,sirene,
SARE,,,a contacter,,,,,,,,,,,,reseaux,,CHATEAU-ARNOUX-SAINT-AUBAN,,04,,,,,,,,,,,,,,,,,,,,,,,,,,,,,,,391018264,39101826400021,43.21A,,,,,,,,,,,sirene,
SARL  T F ELECTRIC,,,a contacter,,,,,,,,,,,,reseaux,,SAINT-AVERTIN,,37,,,,,,,,,,,,,,,,,,,,,,,,,,,,,,,504171513,50417151300014,43.21A,,,,,,,,,,,sirene,
SARL A.G.E.C.,,,a contacter,,,,,,,,,,,,reseaux,,SAINT-ESTEVE,,66,,,,,,,,,,,,,,,,,,,,,,,,,,,,,,,508901907,50890190700032,43.21A,,,,,,,,,,,sirene,
SARL A.L.V,,,a contacter,,,,,,,,,,,,reseaux,,SAINTE-MARIE,,974,,,,,,,,,,,,,,,,,,,,,,,,,,,,,,,450756713,45075671300076,43.21A,,,,,,,,,,,sirene,
SARL A2CE,,,a contacter,,,,,,,,,,,,reseaux,,SAINT-VICTOR,,03,,,,,,,,,,,,,,,,,,,,,,,,,,,,,,,435285887,43528588700020,43.21A,,,,,,,,,,,sirene,
SARL ABT 24 24,,,a contacter,,,,,,,,,,,,reseaux,,CADAUJAC,,33,,,,,,,,,,,,,,,,,,,,,,,,,,,,,,,449218841,44921884100020,43.21A,,,,,,,,,,,sirene,
SARL ACTILEC,,,a contacter,,,,,,,,,,,,reseaux,,LE THOR,,84,,,,,,,,,,,,,,,,,,,,,,,,,,,,,,,388327900,38832790000048,43.21A,,,,,,,,,,,sirene,
SARL AD PROTECT,,,a contacter,,,,,,,,,,,,reseaux,,CHANAS,,38,,,,,,,,,,,,,,,,,,,,,,,,,,,,,,,401534482,40153448200062,43.21A,,,,,,,,,,,sirene,
SARL AEPSR,,,a contacter,,,,,,,,,,,,reseaux,,SAINT-PIERRE,,974,,,,,,,,,,,,,,,,,,,,,,,,,,,,,,,493709737,49370973700032,43.21A,,,,,,,,,,,sirene,
SARL AETC,,,a contacter,,,,,,,,,,,,reseaux,,PATRIMONIO,,2B,,,,,,,,,,,,,,,,,,,,,,,,,,,,,,,421708884,42170888400018,43.21A,,,,,,,,,,,sirene,
SARL AMIBAT,,,a contacter,,,,,,,,,,,,reseaux,,AVANTON,,86,,,,,,,,,,,,,,,,,,,,,,,,,,,,,,,498167014,49816701400030,43.21A,,,,,,,,,,,sirene,
SARL ANTENNES CORDIER,,,a contacter,,,,,,,,,,,,reseaux,,SAINT-MARTIN-BOULOGNE,,62,,,,,,,,,,,,,,,,,,,,,,,,,,,,,,,418385837,41838583700038,43.21A,,,,,,,,,,,sirene,
SARL AVC SECURITE,,,a contacter,,,,,,,,,,,,reseaux,,ORLEANS,,45,,,,,,,,,,,,,,,,,,,,,,,,,,,,,,,415121912,41512191200059,43.21A,,,,,,,,,,,sirene,
SARL AVI ET FILS,,,a contacter,,,,,,,,,,,,reseaux,,BOE,,47,,,,,,,,,,,,,,,,,,,,,,,,,,,,,,,500707229,50070722900018,43.21A,,,,,,,,,,,sirene,
SARL AXEES,,,a contacter,,,,,,,,,,,,reseaux,,CROISSY-BEAUBOURG,,77,,,,,,,,,,,,,,,,,,,,,,,,,,,,,,,431555036,43155503600026,43.21A,,,,,,,,,,,sirene,
SARL B.C. 2 L.,,,a contacter,,,,,,,,,,,,reseaux,,POULAINVILLE,,80,,,,,,,,,,,,,,,,,,,,,,,,,,,,,,,440300069,44030006900018,43.21A,,,,,,,,,,,sirene,
SARL BASSET PARIZOT,,,a contacter,,,,,,,,,,,,reseaux,,PARAY-LE-MONIAL,,71,,,,,,,,,,,,,,,,,,,,,,,,,,,,,,,532681343,53268134300010,43.21A,,,,,,,,,,,sirene,
SARL BELAUBRE,,,a contacter,,,,,,,,,,,,reseaux,,RODEZ,,12,,,,,,,,,,,,,,,,,,,,,,,,,,,,,,,477895817,47789581700039,43.21A,,,,,,,,,,,sirene,
SARL BENOIT BRETAUDEAU,,,a contacter,,,,,,,,,,,,reseaux,,CHAVAGNES-EN-PAILLERS,,85,,,,,,,,,,,,,,,,,,,,,,,,,,,,,,,491435590,49143559000022,43.21A,,,,,,,,,,,sirene,
SARL BESTEM 3D,,,a contacter,,,,,,,,,,,,reseaux,,PARIS,,75,,,,,,,,,,,,,,,,,,,,,,,,,,,,,,,532613395,53261339500013,61.10Z,,,,,,,,,,,sirene,
SARL BONNABAUD PASCAL ELECTRICITE,,,a contacter,,,,,,,,,,,,reseaux,,MOYENCOURT,,80,,,,,,,,,,,,,,,,,,,,,,,,,,,,,,,478891120,47889112000022,43.21A,,,,,,,,,,,sirene,
SARL BOUDEAUD,,,a contacter,,,,,,,,,,,,reseaux,,SAINT-SULPICE-DE-ROYAN,,17,,,,,,,,,,,,,,,,,,,,,,,,,,,,,,,444611685,44461168500033,43.21A,,,,,,,,,,,sirene,
SARL BRETEAU,,,a contacter,,,,,,,,,,,,reseaux,,BEAUFAY,,72,,,,,,,,,,,,,,,,,,,,,,,,,,,,,,,418678843,41867884300032,43.21A,,,,,,,,,,,sirene,
SARL BTG,,,a contacter,,,,,,,,,,,,reseaux,,NOINTEL,,95,,,,,,,,,,,,,,,,,,,,,,,,,,,,,,,809645005,80964500500053,43.21A,,,,,,,,,,,sirene,
SARL BULTEAU SECURELEC,,,a contacter,,,,,,,,,,,,reseaux,,LE FENOUILLER,,85,,,,,,,,,,,,,,,,,,,,,,,,,,,,,,,518641634,51864163400028,43.21A,,,,,,,,,,,sirene,
SARL CAMPOS,,,a contacter,,,,,,,,,,,,reseaux,,VILLELONGUE-DELS-MONTS,,66,,,,,,,,,,,,,,,,,,,,,,,,,,,,,,,421442419,42144241900022,43.21A,,,,,,,,,,,sirene,
SARL CHAIGNEAU-LIMOUSIN,,,a contacter,,,,,,,,,,,,reseaux,,BEAUREPAIRE,,85,,,,,,,,,,,,,,,,,,,,,,,,,,,,,,,410033856,41003385600049,43.21A,,,,,,,,,,,sirene,
SARL CHALAIS,,,a contacter,,,,,,,,,,,,reseaux,,ISLE,,87,,,,,,,,,,,,,,,,,,,,,,,,,,,,,,,317288645,31728864500037,43.21A,,,,,,,,,,,sirene,
SARL CHEVALLIER DUFEIL,,,a contacter,,,,,,,,,,,,reseaux,,DISSAY SOUS COURCILLON,,72,,,,,,,,,,,,,,,,,,,,,,,,,,,,,,,409061835,40906183500032,43.21A,,,,,,,,,,,sirene,
SARL CHRISTIAN LEDRU,,,a contacter,,,,,,,,,,,,reseaux,,NOGENT-LE-ROTROU,,28,,,,,,,,,,,,,,,,,,,,,,,,,,,,,,,429977226,42997722600019,43.21A,,,,,,,,,,,sirene,
SARL CLAUDE BAILLY,,,a contacter,,,,,,,,,,,,reseaux,,BEAUMONT,,63,,,,,,,,,,,,,,,,,,,,,,,,,,,,,,,887626703,88762670300029,43.21A,,,,,,,,,,,sirene,
SARL CLAUDE MONFAUCON,,,a contacter,,,,,,,,,,,,reseaux,,LIZY-SUR-OURCQ,,77,,,,,,,,,,,,,,,,,,,,,,,,,,,,,,,379721467,37972146700015,43.21A,,,,,,,,,,,sirene,
SARL CLIM ENERGIE,,,a contacter,,,,,,,,,,,,reseaux,,BRIVE-LA-GAILLARDE,,19,,,,,,,,,,,,,,,,,,,,,,,,,,,,,,,399550342,39955034200048,43.21A,,,,,,,,,,,sirene,
SARL DEVILLERS NORBERT,,,a contacter,,,,,,,,,,,,reseaux,,TARCENAY-FOUCHERANS,,25,,,,,,,,,,,,,,,,,,,,,,,,,,,,,,,483519153,48351915300041,43.21A,,,,,,,,,,,sirene,
SARL DUYME ELECTRICITE,,,a contacter,,,,,,,,,,,,reseaux,,STEENBECQUE,,59,,,,,,,,,,,,,,,,,,,,,,,,,,,,,,,402723837,40272383700025,43.21A,,,,,,,,,,,sirene,
SARL E2P,,,a contacter,,,,,,,,,,,,reseaux,,ROSNY-SOUS-BOIS,,93,,,,,,,,,,,,,,,,,,,,,,,,,,,,,,,434880852,43488085200034,43.21A,,,,,,,,,,,sirene,
SARL ELECTRICITE CONCEPT INGENIERIE,,,a contacter,,,,,,,,,,,,reseaux,,SAINT-LAURENT-BLANGY,,62,,,,,,,,,,,,,,,,,,,,,,,,,,,,,,,434034286,43403428600022,43.21A,,,,,,,,,,,sirene,
SARL ELECTRO,,,a contacter,,,,,,,,,,,,reseaux,,LILLE,,59,,,,,,,,,,,,,,,,,,,,,,,,,,,,,,,411484181,41148418100036,43.21A,,,,,,,,,,,sirene,
SARL ELECTRO CLIM,,,a contacter,,,,,,,,,,,,reseaux,,GRENOBLE,,38,,,,,,,,,,,,,,,,,,,,,,,,,,,,,,,499218071,49921807100029,43.21A,,,,,,,,,,,sirene,
SARL ELECTRO CONSTRUCTION PROVENCE,,,a contacter,,,,,,,,,,,,reseaux,,BRIGNOLES,,83,,,,,,,,,,,,,,,,,,,,,,,,,,,,,,,445398209,44539820900020,43.21A,,,,,,,,,,,sirene,
SARL ENERGIES THERMIQUES SYSTEM,,,a contacter,,,,,,,,,,,,reseaux,,SAINT-VINCENT-DE-TYROSSE,,40,,,,,,,,,,,,,,,,,,,,,,,,,,,,,,,443761531,44376153100047,43.21A,,,,,,,,,,,sirene,
SARL ENTREPRISE BELINGUIER ELECTRICITE,,,a contacter,,,,,,,,,,,,reseaux,,LABARTHE-SUR-LEZE,,31,,,,,,,,,,,,,,,,,,,,,,,,,,,,,,,384267951,38426795100026,43.21A,,,,,,,,,,,sirene,
SARL ENTREPRISE ELECTRIQUE ET TELEPHONIQUE,,,a contacter,,,,,,,,,,,,reseaux,,VITRY-SUR-SEINE,,94,,,,,,,,,,,,,,,,,,,,,,,,,,,,,,,423401900,42340190000018,43.21A,,,,,,,,,,,sirene,
SARL ETABLISSEMENTS BAUDOUIN,,,a contacter,,,,,,,,,,,,reseaux,,CHALONNES-SUR-LOIRE,,49,,,,,,,,,,,,,,,,,,,,,,,,,,,,,,,328077169,32807716900014,43.21A,,,,,,,,,,,sirene,
SARL ETABLISSEMENTS J. DOMPNIER ET FILS,,,a contacter,,,,,,,,,,,,reseaux,,LA TOUR-EN-MAURIENNE,,73,,,,,,,,,,,,,,,,,,,,,,,,,,,,,,,076720358,07672035800043,43.21A,,,,,,,,,,,sirene,
SARL FAURIE,,,a contacter,,,,,,,,,,,,reseaux,,BRIVE-LA-GAILLARDE,,19,,,,,,,,,,,,,,,,,,,,,,,,,,,,,,,378550792,37855079200022,61.10Z,,,,,,,,,,,sirene,
SARL FAZILLEAU CHRISTOPHE,,,a contacter,,,,,,,,,,,,reseaux,,BRESSUIRE,,79,,,,,,,,,,,,,,,,,,,,,,,,,,,,,,,535099915,53509991500030,43.21A,,,,,,,,,,,sirene,
SARL FERRIERES THERMELEC,,,a contacter,,,,,,,,,,,,reseaux,,MOISSAC,,82,,,,,,,,,,,,,,,,,,,,,,,,,,,,,,,493705792,49370579200023,43.21A,,,,,,,,,,,sirene,
SARL GAILLARD,,,a contacter,,,,,,,,,,,,reseaux,,LES HERBIERS,,85,,,,,,,,,,,,,,,,,,,,,,,,,,,,,,,325001915,32500191500058,43.21A,,,,,,,,,,,sirene,
SARL GUILBOT FREDERIC,,,a contacter,,,,,,,,,,,,reseaux,,LES MAGNILS-REIGNIERS,,85,,,,,,,,,,,,,,,,,,,,,,,,,,,,,,,477988356,47798835600028,43.21A,,,,,,,,,,,sirene,
SARL HAINAUT BATIMENT ELECTRICITE,,,a contacter,,,,,,,,,,,,reseaux,,VALENCIENNES,,59,,,,,,,,,,,,,,,,,,,,,,,,,,,,,,,502040157,50204015700021,43.21A,,,,,,,,,,,sirene,
SARL HUREL ENERGIE,,,a contacter,,,,,,,,,,,,reseaux,,LE MESNIL-ESNARD,,76,,,,,,,,,,,,,,,,,,,,,,,,,,,,,,,533876538,53387653800026,43.21A,,,,,,,,,,,sirene,
SARL HYDROALSACE,,,a contacter,,,,,,,,,,,,reseaux,,LUTTERBACH,,68,,,,,,,,,,,,,,,,,,,,,,,,,,,,,,,444045892,44404589200080,43.21A,,,,,,,,,,,sirene,
SARL ICARE,,,a contacter,,,,,,,,,,,,reseaux,,CHAMPIGNY,,51,,,,,,,,,,,,,,,,,,,,,,,,,,,,,,,354043952,35404395200036,43.21A,,,,,,,,,,,sirene,
SARL JC ANDRE,,,a contacter,,,,,,,,,,,,reseaux,,QUEVEN,,56,,,,,,,,,,,,,,,,,,,,,,,,,,,,,,,402437982,40243798200018,43.21A,,,,,,,,,,,sirene,
SARL JEAN PIERRE FRADET ET FILS,,,a contacter,,,,,,,,,,,,reseaux,,VILLEDIEU-SUR-INDRE,,36,,,,,,,,,,,,,,,,,,,,,,,,,,,,,,,348743253,34874325300026,43.21A,,,,,,,,,,,sirene,
SARL JETOVACA,,,a contacter,,,,,,,,,,,,reseaux,,LA CRECHE,,79,,,,,,,,,,,,,,,,,,,,,,,,,,,,,,,830424222,83042422200016,43.21A,,,,,,,,,,,sirene,
SARL JP CALLEC PERE ET FILS,,,a contacter,,,,,,,,,,,,reseaux,,CAVAN,,22,,,,,,,,,,,,,,,,,,,,,,,,,,,,,,,432957413,43295741300011,43.21A,,,,,,,,,,,sirene,
SARL JP INDUSTRIE,,,a contacter,,,,,,,,,,,,reseaux,,NIMES,,30,,,,,,,,,,,,,,,,,,,,,,,,,,,,,,,439111428,43911142800033,43.21A,,,,,,,,,,,sirene,
SARL KOLASINSKI,,,a contacter,,,,,,,,,,,,reseaux,,SAINT-YORRE,,03,,,,,,,,,,,,,,,,,,,,,,,,,,,,,,,411555980,41155598000027,43.21A,,,,,,,,,,,sirene,
SARL L.C.F.,,,a contacter,,,,,,,,,,,,reseaux,,RIBERAC,,24,,,,,,,,,,,,,,,,,,,,,,,,,,,,,,,415227321,41522732100049,43.21A,,,,,,,,,,,sirene,
SARL LAFON,,,a contacter,,,,,,,,,,,,reseaux,,CASTELCULIER,,47,,,,,,,,,,,,,,,,,,,,,,,,,,,,,,,344860531,34486053100054,43.21A,,,,,,,,,,,sirene,
SARL LAPLACE,,,a contacter,,,,,,,,,,,,reseaux,,BUHL-LORRAINE,,57,,,,,,,,,,,,,,,,,,,,,,,,,,,,,,,302162979,30216297900025,43.21A,,,,,,,,,,,sirene,
SARL LEPETIT CORPS,,,a contacter,,,,,,,,,,,,reseaux,,MONDEVILLE,,14,,,,,,,,,,,,,,,,,,,,,,,,,,,,,,,434796223,43479622300023,43.21A,,,,,,,,,,,sirene,
SARL LERAY SECURITE,,,a contacter,,,,,,,,,,,,reseaux,,CHALONNES-SUR-LOIRE,,49,,,,,,,,,,,,,,,,,,,,,,,,,,,,,,,389418476,38941847600021,43.21A,,,,,,,,,,,sirene,
SARL LOMPECH-TESQUET,,,a contacter,,,,,,,,,,,,reseaux,,VILLENEUVE-SUR-LOT,,47,,,,,,,,,,,,,,,,,,,,,,,,,,,,,,,398178467,39817846700047,43.21A,,,,,,,,,,,sirene,
SARL LOREAU ELECTRICITE,,,a contacter,,,,,,,,,,,,reseaux,,LE CREUSOT,,71,,,,,,,,,,,,,,,,,,,,,,,,,,,,,,,348579418,34857941800016,43.21A,,,,,,,,,,,sirene,
SARL LUMELEC,,,a contacter,,,,,,,,,,,,reseaux,,ST-AFFRIQUE-LES-MONTAGNES,,81,,,,,,,,,,,,,,,,,,,,,,,,,,,,,,,434821575,43482157500025,43.21A,,,,,,,,,,,sirene,
SARL M C E,,,a contacter,,,,,,,,,,,,reseaux,,ROSNY-SOUS-BOIS,,93,,,,,,,,,,,,,,,,,,,,,,,,,,,,,,,385246913,38524691300052,43.21A,,,,,,,,,,,sirene,
SARL MAG 2 EQUIPEMENT,,,a contacter,,,,,,,,,,,,reseaux,,LA CHAPELLE-SAINT-LUC,,10,,,,,,,,,,,,,,,,,,,,,,,,,,,,,,,334860467,33486046700052,43.21A,,,,,,,,,,,sirene,
SARL MANIEZ PERE ET FILS,,,a contacter,,,,,,,,,,,,reseaux,,HOUDAIN,,62,,,,,,,,,,,,,,,,,,,,,,,,,,,,,,,310472576,31047257600043,43.21A,,,,,,,,,,,sirene,
SARL MAPPA ENERGIES,,,a contacter,,,,,,,,,,,,reseaux,,L'ISLE-D'ESPAGNAC,,16,,,,,,,,,,,,,,,,,,,,,,,,,,,,,,,499908093,49990809300028,43.21A,,,,,,,,,,,sirene,
SARL MEDIA ALARME,,,a contacter,,,,,,,,,,,,reseaux,,PARIS,,75,,,,,,,,,,,,,,,,,,,,,,,,,,,,,,,329952642,32995264200034,43.21A,,,,,,,,,,,sirene,
SARL MICHEL MERCERON,,,a contacter,,,,,,,,,,,,reseaux,,LE PERRIER,,85,,,,,,,,,,,,,,,,,,,,,,,,,,,,,,,398645127,39864512700018,43.21A,,,,,,,,,,,sirene,
SARL MOURGUES SERGE,,,a contacter,,,,,,,,,,,,reseaux,,SAINT-FLOUR,,15,,,,,,,,,,,,,,,,,,,,,,,,,,,,,,,330032830,33003283000011,43.21A,,,,,,,,,,,sirene,
SARL OLIVIER-RICHARD,,,a contacter,,,,,,,,,,,,reseaux,,GRAY,,70,,,,,,,,,,,,,,,,,,,,,,,,,,,,,,,520087719,52008771900032,43.21A,,,,,,,,,,,sirene,
SARL P.P.S.,,,a contacter,,,,,,,,,,,,reseaux,,BOLLENE,,84,,,,,,,,,,,,,,,,,,,,,,,,,,,,,,,444894943,44489494300034,43.21A,,,,,,,,,,,sirene,
SARL PAINEAU TORTEVOIE,,,a contacter,,,,,,,,,,,,reseaux,,VIBRAYE,,72,,,,,,,,,,,,,,,,,,,,,,,,,,,,,,,333891265,33389126500022,43.21A,,,,,,,,,,,sirene,
SARL PIC - MATIC,,,a contacter,,,,,,,,,,,,reseaux,,SAINT-LEGER-EN-BRAY,,60,,,,,,,,,,,,,,,,,,,,,,,,,,,,,,,353150873,35315087300043,43.21A,,,,,,,,,,,sirene,
SARL PLACEMENT SOLAIRE,,,a contacter,,,,,,,,,,,,reseaux,,VILLE-EN-VERMOIS,,54,,,,,,,,,,,,,,,,,,,,,,,,,,,,,,,509490066,50949006600032,43.21A,,,,,,,,,,,sirene,
SARL POTENTIEL,,,a contacter,,,,,,,,,,,,reseaux,,ORCHIES,,59,,,,,,,,,,,,,,,,,,,,,,,,,,,,,,,808453997,80845399700013,43.21A,,,,,,,,,,,sirene,
SARL PREFINELEC,,,a contacter,,,,,,,,,,,,reseaux,,ROUSSET,,13,,,,,,,,,,,,,,,,,,,,,,,,,,,,,,,441039203,44103920300035,43.21A,,,,,,,,,,,sirene,
SARL PRIM'ELEC,,,a contacter,,,,,,,,,,,,reseaux,,LES ABYMES,,971,,,,,,,,,,,,,,,,,,,,,,,,,,,,,,,391407129,39140712900025,42.22Z,,,,,,,,,,,sirene,
SARL PROVENCE ELECTRIC,,,a contacter,,,,,,,,,,,,reseaux,,SAINT-RAPHAEL,,83,,,,,,,,,,,,,,,,,,,,,,,,,,,,,,,444058481,44405848100011,43.21A,,,,,,,,,,,sirene,
SARL QUIBEL,,,a contacter,,,,,,,,,,,,reseaux,,SAINT-LAURENT-EN-CAUX,,76,,,,,,,,,,,,,,,,,,,,,,,,,,,,,,,301689535,30168953500013,43.21A,,,,,,,,,,,sirene,
SARL REIMS CHAMPAGNE ELECTRICITE,,,a contacter,,,,,,,,,,,,reseaux,,BOURGOGNE-FRESNE,,51,,,,,,,,,,,,,,,,,,,,,,,,,,,,,,,350415337,35041533700020,43.21A,,,,,,,,,,,sirene,
SARL RESEAUX SOUTERRAINS ET TRAVAUX PUBLICS,,,a contacter,,,,,,,,,,,,reseaux,,TOUL,,54,,,,,,,,,,,,,,,,,,,,,,,,,,,,,,,444840615,44484061500017,42.21Z,,,,,,,,,,,sirene,
SARL ROY ELEC 17,,,a contacter,,,,,,,,,,,,reseaux,,LUSSANT,,17,,,,,,,,,,,,,,,,,,,,,,,,,,,,,,,401082003,40108200300013,43.21A,,,,,,,,,,,sirene,
SARL S.T.T.E.,,,a contacter,,,,,,,,,,,,reseaux,,GRETZ-ARMAINVILLIERS,,77,,,,,,,,,,,,,,,,,,,,,,,,,,,,,,,453856544,45385654400045,43.21A,,,,,,,,,,,sirene,
SARL SEGUIN ET FILS,,,a contacter,,,,,,,,,,,,reseaux,,MELLE,,79,,,,,,,,,,,,,,,,,,,,,,,,,,,,,,,350415915,35041591500015,43.21A,,,,,,,,,,,sirene,
SARL SERRANO PV,,,a contacter,,,,,,,,,,,,reseaux,,VINASSAN,,11,,,,,,,,,,,,,,,,,,,,,,,,,,,,,,,523474401,52347440100024,43.21A,,,,,,,,,,,sirene,
SARL SIMEC COLMAR,,,a contacter,,,,,,,,,,,,reseaux,,COLMAR,,68,,,,,,,,,,,,,,,,,,,,,,,,,,,,,,,439512997,43951299700024,43.21A,,,,,,,,,,,sirene,
SARL SITEL,,,a contacter,,,,,,,,,,,,reseaux,,PRESLES-ET-BOVES,,02,,,,,,,,,,,,,,,,,,,,,,,,,,,,,,,352414395,35241439500033,43.21A,,,,,,,,,,,sirene,
SARL SOCIETE SYNAP,,,a contacter,,,,,,,,,,,,reseaux,,CORMONTREUIL,,51,,,,,,,,,,,,,,,,,,,,,,,,,,,,,,,390508109,39050810900027,43.21A,,,,,,,,,,,sirene,
SARL SOUCHET BRUNO,,,a contacter,,,,,,,,,,,,reseaux,,SAINT-URBAIN,,85,,,,,,,,,,,,,,,,,,,,,,,,,,,,,,,447663998,44766399800022,43.21A,,,,,,,,,,,sirene,
SARL SOULARD BENOIT,,,a contacter,,,,,,,,,,,,reseaux,,CHOLET,,49,,,,,,,,,,,,,,,,,,,,,,,,,,,,,,,353080807,35308080700038,43.21A,,,,,,,,,,,sirene,
SARL STEPHANE ABRAHAM,,,a contacter,,,,,,,,,,,,reseaux,,REFFUVEILLE,,50,,,,,,,,,,,,,,,,,,,,,,,,,,,,,,,489611509,48961150900014,43.21A,,,,,,,,,,,sirene,
SARL SYCELEC,,,a contacter,,,,,,,,,,,,reseaux,,RIVESALTES,,66,,,,,,,,,,,,,,,,,,,,,,,,,,,,,,,522165935,52216593500027,43.21A,,,,,,,,,,,sirene,
SARL TECH-FIBRE,,,a contacter,,,,,,,,,,,,reseaux,,SAINT-ALBAN,,31,,,,,,,,,,,,,,,,,,,,,,,,,,,,,,,525179149,52517914900055,43.21A,,,,,,,,,,,sirene,
SARL TEL & COM,,,a contacter,,,,,,,,,,,,reseaux,,POIX-TERRON,,08,,,,,,,,,,,,,,,,,,,,,,,,,,,,,,,891607988,89160798800021,43.21A,,,,,,,,,,,sirene,
SARL TORDI,,,a contacter,,,,,,,,,,,,reseaux,,SAINTE-MAXIME,,83,,,,,,,,,,,,,,,,,,,,,,,,,,,,,,,433722956,43372295600029,43.21A,,,,,,,,,,,sirene,
SARL TRABAL,,,a contacter,,,,,,,,,,,,reseaux,,LA BALME-LES-GROTTES,,38,,,,,,,,,,,,,,,,,,,,,,,,,,,,,,,452939820,45293982000034,43.21A,,,,,,,,,,,sirene,
SARL TURLIER GOZARD ELECTRICITE GENERALE,,,a contacter,,,,,,,,,,,,reseaux,,YZEURE,,03,,,,,,,,,,,,,,,,,,,,,,,,,,,,,,,449194828,44919482800025,43.21A,,,,,,,,,,,sirene,
SARL USSE,,,a contacter,,,,,,,,,,,,reseaux,,ROMILLY-SUR-SEINE,,10,,,,,,,,,,,,,,,,,,,,,,,,,,,,,,,319202107,31920210700037,43.21A,,,,,,,,,,,sirene,
SARL VINCENT BELLAY,,,a contacter,,,,,,,,,,,,reseaux,,VEZIN-LE-COQUET,,35,,,,,,,,,,,,,,,,,,,,,,,,,,,,,,,379058290,37905829000022,43.21A,,,,,,,,,,,sirene,
SARL YASAR T.S.E.,,,a contacter,,,,,,,,,,,,reseaux,,AVRILLE,,49,,,,,,,,,,,,,,,,,,,,,,,,,,,,,,,524569472,52456947200029,43.21A,,,,,,,,,,,sirene,
SARLAT LOGISTIQUE ELECTRICITE,,,a contacter,,,,,,,,,,,,reseaux,,SARLAT-LA-CANEDA,,24,,,,,,,,,,,,,,,,,,,,,,,,,,,,,,,529657512,52965751200040,43.21A,,,,,,,,,,,sirene,
SARLEC,,,a contacter,,,,,,,,,,,,reseaux,,LA HAYE,,50,,,,,,,,,,,,,,,,,,,,,,,,,,,,,,,542075288,54207528800044,42.22Z,,,,,,,,,,,sirene,
SAROUILLE,,,a contacter,,,,,,,,,,,,reseaux,,LIANCOURT,,60,,,,,,,,,,,,,,,,,,,,,,,,,,,,,,,526520572,52652057200045,43.21A,,,,,,,,,,,sirene,
SARRASOLA,,,a contacter,,,,,,,,,,,,reseaux,,GRESY-SUR-ISERE,,73,,,,,,,,,,,,,,,,,,,,,,,,,,,,,,,075620096,07562009600018,42.22Z,,,,,,,,,,,sirene,
SARTHE SOLAIRE,,,a contacter,,,,,,,,,,,,reseaux,,MONTFORT-LE-GESNOIS,,72,,,,,,,,,,,,,,,,,,,,,,,,,,,,,,,444030993,44403099300042,43.21A,,,,,,,,,,,sirene,
SAS 2EIS,,,a contacter,,,,,,,,,,,,reseaux,,CAEN,,14,,,,,,,,,,,,,,,,,,,,,,,,,,,,,,,911171569,91117156900013,43.21A,,,,,,,,,,,sirene,
SAS ANDRE SAUGER,,,a contacter,,,,,,,,,,,,reseaux,,SAINT-DENIS,,974,,,,,,,,,,,,,,,,,,,,,,,,,,,,,,,449664283,44966428300016,43.21A,,,,,,,,,,,sirene,
SAS ANQUET,,,a contacter,,,,,,,,,,,,reseaux,,EPERNAY,,51,,,,,,,,,,,,,,,,,,,,,,,,,,,,,,,444105712,44410571200020,43.21A,,,,,,,,,,,sirene,
SAS APELTEC,,,a contacter,,,,,,,,,,,,reseaux,,AUBERVILLIERS,,93,,,,,,,,,,,,,,,,,,,,,,,,,,,,,,,392081733,39208173300066,43.21A,,,,,,,,,,,sirene,
SAS AUGER,,,a contacter,,,,,,,,,,,,reseaux,,SONZAY,,37,,,,,,,,,,,,,,,,,,,,,,,,,,,,,,,792635229,79263522900018,43.21A,,,,,,,,,,,sirene,
SAS BARITEL,,,a contacter,,,,,,,,,,,,reseaux,,FLORANGE,,57,,,,,,,,,,,,,,,,,,,,,,,,,,,,,,,898739768,89873976800015,61.10Z,,,,,,,,,,,sirene,
SAS BAUMARD MICHEL,,,a contacter,,,,,,,,,,,,reseaux,,OREE-D'ANJOU,,49,,,,,,,,,,,,,,,,,,,,,,,,,,,,,,,422923375,42292337500048,43.21A,,,,,,,,,,,sirene,
SAS BHIKHI ELEC,,,a contacter,,,,,,,,,,,,reseaux,,ARGENTEUIL,,95,,,,,,,,,,,,,,,,,,,,,,,,,,,,,,,814837936,81483793600032,43.21A,,,,,,,,,,,sirene,
SAS BILLAUD,,,a contacter,,,,,,,,,,,,reseaux,,LES EPESSES,,85,,,,,,,,,,,,,,,,,,,,,,,,,,,,,,,440464709,44046470900011,43.21A,,,,,,,,,,,sirene,
SAS BOIRON,,,a contacter,,,,,,,,,,,,reseaux,,SAINT-NABORD,,88,,,,,,,,,,,,,,,,,,,,,,,,,,,,,,,307350306,30735030600022,42.22Z,,,,,,,,,,,sirene,
SAS BOUGUIN,,,a contacter,,,,,,,,,,,,reseaux,,VERSAILLES,,78,,,,,,,,,,,,,,,,,,,,,,,,,,,,,,,403225964,40322596400010,43.21A,,,,,,,,,,,sirene,
SAS BROYER,,,a contacter,,,,,,,,,,,,reseaux,,BEYNOST,,01,,,,,,,,,,,,,,,,,,,,,,,,,,,,,,,422590018,42259001800020,43.21A,,,,,,,,,,,sirene,
SAS CARRE,,,a contacter,,,,,,,,,,,,reseaux,,AHUN,,23,,,,,,,,,,,,,,,,,,,,,,,,,,,,,,,305420481,30542048100015,42.22Z,,,,,,,,,,,sirene,
SAS CASTAING,,,a contacter,,,,,,,,,,,,reseaux,,MEUDON,,92,,,,,,,,,,,,,,,,,,,,,,,,,,,,,,,382652956,38265295600022,43.21A,,,,,,,,,,,sirene,
SAS CUVELLIER,,,a contacter,,,,,,,,,,,,reseaux,,LAON,,02,,,,,,,,,,,,,,,,,,,,,,,,,,,,,,,383319019,38331901900022,43.21A,,,,,,,,,,,sirene,
SAS D'EXPLOITATION JOSSELIN,,,a contacter,,,,,,,,,,,,reseaux,,BEAUSSAIS-SUR-MER,,22,,,,,,,,,,,,,,,,,,,,,,,,,,,,,,,401604962,40160496200027,43.21A,,,,,,,,,,,sirene,
SAS D3 TECH,,,a contacter,,,,,,,,,,,,reseaux,,LA ROCHE-SUR-YON,,85,,,,,,,,,,,,,,,,,,,,,,,,,,,,,,,882386691,88238669100027,43.21A,,,,,,,,,,,sirene,
SAS DALL'AGNOLA,,,a contacter,,,,,,,,,,,,reseaux,,CRILLON-LE-BRAVE,,84,,,,,,,,,,,,,,,,,,,,,,,,,,,,,,,803243567,80324356700028,42.21Z,,,,,,,,,,,sirene,
SAS DIDIER FOUQUERON,,,a contacter,,,,,,,,,,,,reseaux,,LES PONTS-DE-CE,,49,,,,,,,,,,,,,,,,,,,,,,,,,,,,,,,400583431,40058343100012,43.21A,,,,,,,,,,,sirene,
SAS DOMO 24,,,a contacter,,,,,,,,,,,,reseaux,,MONTIGNAC-LASCAUX,,24,,,,,,,,,,,,,,,,,,,,,,,,,,,,,,,428285373,42828537300034,43.21A,,,,,,,,,,,sirene,
SAS DUTREY CADEAC,,,a contacter,,,,,,,,,,,,reseaux,,SAINT-MARTIN,,32,,,,,,,,,,,,,,,,,,,,,,,,,,,,,,,393836663,39383666300020,43.21A,,,,,,,,,,,sirene,
SAS ECO ELEC,,,a contacter,,,,,,,,,,,,reseaux,,BEZIERS,,34,,,,,,,,,,,,,,,,,,,,,,,,,,,,,,,828586867,82858686700032,43.21A,,,,,,,,,,,sirene,
SAS ELECTRICITE SERVICE,,,a contacter,,,,,,,,,,,,reseaux,,MARAUSSAN,,34,,,,,,,,,,,,,,,,,,,,,,,,,,,,,,,382462729,38246272900015,43.21A,,,,,,,,,,,sirene,
SAS ERRAES FRANCK,,,a contacter,,,,,,,,,,,,reseaux,,SAINTE-MARGUERITE,,88,,,,,,,,,,,,,,,,,,,,,,,,,,,,,,,528883507,52888350700022,43.21A,,,,,,,,,,,sirene,
SAS FIBRACTION,,,a contacter,,,,,,,,,,,,reseaux,,AUCHEL,,62,,,,,,,,,,,,,,,,,,,,,,,,,,,,,,,821045226,82104522600023,43.21A,,,,,,,,,,,sirene,
SAS JAILLET ELECTRICIEN,,,a contacter,,,,,,,,,,,,reseaux,,CUISIA,,39,,,,,,,,,,,,,,,,,,,,,,,,,,,,,,,331074583,33107458300047,43.21A,,,,,,,,,,,sirene,
SAS JLC,,,a contacter,,,,,,,,,,,,reseaux,,PARIS,,75,,,,,,,,,,,,,,,,,,,,,,,,,,,,,,,899122477,89912247700024,43.21A,,,,,,,,,,,sirene,
SAS LEANDRI,,,a contacter,,,,,,,,,,,,reseaux,,PROPRIANO,,2A,,,,,,,,,,,,,,,,,,,,,,,,,,,,,,,323415414,32341541400024,42.22Z,,,,,,,,,,,sirene,
SAS LEBON,,,a contacter,,,,,,,,,,,,reseaux,,NEUFCHATEL-EN-BRAY,,76,,,,,,,,,,,,,,,,,,,,,,,,,,,,,,,530263698,53026369800033,43.21A,,,,,,,,,,,sirene,
SAS LMI,,,a contacter,,,,,,,,,,,,reseaux,,MONTBRON,,16,,,,,,,,,,,,,,,,,,,,,,,,,,,,,,,451330658,45133065800027,42.22Z,,,,,,,,,,,sirene,
SAS LONGUEVILLE,,,a contacter,,,,,,,,,,,,reseaux,,MARLY,,57,,,,,,,,,,,,,,,,,,,,,,,,,,,,,,,647220375,64722037500057,43.21A,,,,,,,,,,,sirene,
SAS MENANTEAU JACQUES,,,a contacter,,,,,,,,,,,,reseaux,,MOUTIERS-LES-MAUXFAITS,,85,,,,,,,,,,,,,,,,,,,,,,,,,,,,,,,420940090,42094009000020,43.21A,,,,,,,,,,,sirene,
SAS MOUREAU SIMON,,,a contacter,,,,,,,,,,,,reseaux,,SAVIGNY-EN-REVERMONT,,71,,,,,,,,,,,,,,,,,,,,,,,,,,,,,,,491099651,49109965100029,43.21A,,,,,,,,,,,sirene,
SAS N.K COM,,,a contacter,,,,,,,,,,,,reseaux,,GARGES-LES-GONESSE,,95,,,,,,,,,,,,,,,,,,,,,,,,,,,,,,,828347765,82834776500012,43.21A,,,,,,,,,,,sirene,
SAS ON/OFF ELEC,,,a contacter,,,,,,,,,,,,reseaux,,NOISY-LE-GRAND,,93,,,,,,,,,,,,,,,,,,,,,,,,,,,,,,,533693248,53369324800031,43.21A,,,,,,,,,,,sirene,
SAS PERES,,,a contacter,,,,,,,,,,,,reseaux,,CHALONS-EN-CHAMPAGNE,,51,,,,,,,,,,,,,,,,,,,,,,,,,,,,,,,392685558,39268555800034,43.21A,,,,,,,,,,,sirene,
SAS POTAIN TP,,,a contacter,,,,,,,,,,,,reseaux,,VAREILLES,,71,,,,,,,,,,,,,,,,,,,,,,,,,,,,,,,342715604,34271560400019,42.22Z,,,,,,,,,,,sirene,
SAS RAFFNER,,,a contacter,,,,,,,,,,,,reseaux,,SOMMEILLES,,55,,,,,,,,,,,,,,,,,,,,,,,,,,,,,,,334629318,33462931800018,42.21Z,,,,,,,,,,,sirene,
SAS REGIS PIERROT,,,a contacter,,,,,,,,,,,,reseaux,,SELONCOURT,,25,,,,,,,,,,,,,,,,,,,,,,,,,,,,,,,828475541,82847554100011,43.21A,,,,,,,,,,,sirene,
SAS REISSE,,,a contacter,,,,,,,,,,,,reseaux,,PREVESSIN-MOENS,,01,,,,,,,,,,,,,,,,,,,,,,,,,,,,,,,318743481,31874348100026,43.21A,,,,,,,,,,,sirene,
SAS ROBINEAU,,,a contacter,,,,,,,,,,,,reseaux,,SAINT-SATUR,,18,,,,,,,,,,,,,,,,,,,,,,,,,,,,,,,303264998,30326499800020,42.21Z,,,,,,,,,,,sirene,
SAS SANTERNE TOULOUSE,,,a contacter,,,,,,,,,,,,reseaux,,QUINT-FONSEGRIVES,,31,,,,,,,,,,,,,,,,,,,,,,,,,,,,,,,420246084,42024608400024,42.22Z,,,,,,,,,,,sirene,
SAS SMTB,,,a contacter,,,,,,,,,,,,reseaux,,PARIS,,75,,,,,,,,,,,,,,,,,,,,,,,,,,,,,,,799098421,79909842100024,43.21A,,,,,,,,,,,sirene,
SAS SNIME,,,a contacter,,,,,,,,,,,,reseaux,,PETIT-COURONNE,,76,,,,,,,,,,,,,,,,,,,,,,,,,,,,,,,799604319,79960431900035,43.21A,,,,,,,,,,,sirene,
SAS SOC ELECTRICITE GEN ISOLATION PLATRERIE,,,a contacter,,,,,,,,,,,,reseaux,,ORAISON,,04,,,,,,,,,,,,,,,,,,,,,,,,,,,,,,,332122704,33212270400031,43.21A,,,,,,,,,,,sirene,
SAS SUD ENVIRONNEMENT T.P,,,a contacter,,,,,,,,,,,,reseaux,,LA TOUR-SUR-ORB,,34,,,,,,,,,,,,,,,,,,,,,,,,,,,,,,,795071232,79507123200016,42.21Z,,,,,,,,,,,sirene,
SAS THEBAULT,,,a contacter,,,,,,,,,,,,reseaux,,HERCHIES,,60,,,,,,,,,,,,,,,,,,,,,,,,,,,,,,,353874621,35387462100033,43.21A,,,,,,,,,,,sirene,
SAS TIERCERA,,,a contacter,,,,,,,,,,,,reseaux,,OZOIR-LA-FERRIERE,,77,,,,,,,,,,,,,,,,,,,,,,,,,,,,,,,504034836,50403483600024,43.21A,,,,,,,,,,,sirene,
SAS TOULGOAT,,,a contacter,,,,,,,,,,,,reseaux,,GOURIN,,56,,,,,,,,,,,,,,,,,,,,,,,,,,,,,,,390400596,39040059600016,42.21Z,,,,,,,,,,,sirene,
SAS TOULOUSE,,,a contacter,,,,,,,,,,,,reseaux,,VERNEUIL,,58,,,,,,,,,,,,,,,,,,,,,,,,,,,,,,,391204351,39120435100012,43.21A,,,,,,,,,,,sirene,
SAS TP GONZATO,,,a contacter,,,,,,,,,,,,reseaux,,SAVONNIERES-DEVANT-BAR,,55,,,,,,,,,,,,,,,,,,,,,,,,,,,,,,,338241896,33824189600020,42.22Z,,,,,,,,,,,sirene,
SAS TSB,,,a contacter,,,,,,,,,,,,reseaux,,TOULOUSE,,31,,,,,,,,,,,,,,,,,,,,,,,,,,,,,,,801965799,80196579900019,43.21A,,,,,,,,,,,sirene,
SAS VOLT @,,,a contacter,,,,,,,,,,,,reseaux,,SAINT-LAURENT-DE-BREVEDENT,,76,,,,,,,,,,,,,,,,,,,,,,,,,,,,,,,444687172,44468717200023,43.21A,,,,,,,,,,,sirene,
SASSO SAS,,,a contacter,,,,,,,,,,,,reseaux,,SARREBOURG,,57,,,,,,,,,,,,,,,,,,,,,,,,,,,,,,,304142748,30414274800025,43.21A,,,,,,,,,,,sirene,
SASU ARTEV PLOMBERIE,,,a contacter,,,,,,,,,,,,reseaux,,ASNIERES-SUR-SEINE,,92,,,,,,,,,,,,,,,,,,,,,,,,,,,,,,,834442295,83444229500012,43.21A,,,,,,,,,,,sirene,
SASU CK ELEC,,,a contacter,,,,,,,,,,,,reseaux,,VIEUX-BERQUIN,,59,,,,,,,,,,,,,,,,,,,,,,,,,,,,,,,519186365,51918636500036,43.21A,,,,,,,,,,,sirene,
SASU CLEMENTE,,,a contacter,,,,,,,,,,,,reseaux,,CAMPAGNE-SUR-AUDE,,11,,,,,,,,,,,,,,,,,,,,,,,,,,,,,,,441210978,44121097800033,43.21A,,,,,,,,,,,sirene,
SASU ITAL TEC,,,a contacter,,,,,,,,,,,,reseaux,,AYTRE,,17,,,,,,,,,,,,,,,,,,,,,,,,,,,,,,,922114780,92211478000021,43.21A,,,,,,,,,,,sirene,
SASU SEABRA PAULO,,,a contacter,,,,,,,,,,,,reseaux,,SARLAT-LA-CANEDA,,24,,,,,,,,,,,,,,,,,,,,,,,,,,,,,,,520271131,52027113100028,43.21A,,,,,,,,,,,sirene,
SATCO SOLUTIONS,,,a contacter,,,,,,,,,,,,reseaux,,LE CHAMBON-FEUGEROLLES,,42,,,,,,,,,,,,,,,,,,,,,,,,,,,,,,,915285159,91528515900017,43.21A,,,,,,,,,,,sirene,
SATCOMS ENERGIE,,,a contacter,,,,,,,,,,,,reseaux,,RŒUX,,62,,,,,,,,,,,,,,,,,,,,,,,,,,,,,,,824384473,82438447300016,43.21A,,,,,,,,,,,sirene,
SATCOMS NETWORKS,,,a contacter,,,,,,,,,,,,reseaux,,RŒUX,,62,,,,,,,,,,,,,,,,,,,,,,,,,,,,,,,824384275,82438427500015,42.22Z,,,,,,,,,,,sirene,
SATEC ENVIRONNEMENT,,,a contacter,,,,,,,,,,,,reseaux,,VILDE-GUINGALAN,,22,,,,,,,,,,,,,,,,,,,,,,,,,,,,,,,385407184,38540718400048,42.21Z,,,,,,,,,,,sirene,
SATEL,,,a contacter,,,,,,,,,,,,reseaux,,SAINT-GILLES,,35,,,,,,,,,,,,,,,,,,,,,,,,,,,,,,,719201824,71920182400021,43.21A,,,,,,,,,,,sirene,
SATMI TELECOM,,,a contacter,,,,,,,,,,,,reseaux,,HAGUENAU,,67,,,,,,,,,,,,,,,,,,,,,,,,,,,,,,,497930032,49793003200014,61.90Z,,,,,,,,,,,sirene,
SATO,,,a contacter,,,,,,,,,,,,reseaux,,GIBERVILLE,,14,,,,,,,,,,,,,,,,,,,,,,,,,,,,,,,723820742,72382074200028,42.21Z,,,,,,,,,,,sirene,
SATREL,,,a contacter,,,,,,,,,,,,reseaux,,DUNKERQUE,,59,,,,,,,,,,,,,,,,,,,,,,,,,,,,,,,834716888,83471688800013,43.21A,,,,,,,,,,,sirene,
SAULOU,,,a contacter,,,,,,,,,,,,reseaux,,THAON-LES-VOSGES,,88,,,,,,,,,,,,,,,,,,,,,,,,,,,,,,,316404904,31640490400039,43.21A,,,,,,,,,,,sirene,
SAURA ELEC,,,a contacter,,,,,,,,,,,,reseaux,,GARDANNE,,13,,,,,,,,,,,,,,,,,,,,,,,,,,,,,,,539685578,53968557800046,43.21A,,,,,,,,,,,sirene,
SAVE,,,a contacter,,,,,,,,,,,,reseaux,,SAINT-GELY-DU-FESC,,34,,,,,,,,,,,,,,,,,,,,,,,,,,,,,,,327374054,32737405400036,43.21A,,,,,,,,,,,sirene,
SAYELEC,,,a contacter,,,,,,,,,,,,reseaux,,AIX-EN-PROVENCE,,13,,,,,,,,,,,,,,,,,,,,,,,,,,,,,,,392667226,39266722600048,43.21A,,,,,,,,,,,sirene,
SAYTEL,,,a contacter,,,,,,,,,,,,reseaux,,DARDILLY,,69,,,,,,,,,,,,,,,,,,,,,,,,,,,,,,,897894622,89789462200025,43.21A,,,,,,,,,,,sirene,
SB ENERGY,,,a contacter,,,,,,,,,,,,reseaux,,BAILLEUL,,59,,,,,,,,,,,,,,,,,,,,,,,,,,,,,,,502097868,50209786800041,43.21A,,,,,,,,,,,sirene,
SB FIBRE,,,a contacter,,,,,,,,,,,,reseaux,,PLAISANCE-DU-TOUCH,,31,,,,,,,,,,,,,,,,,,,,,,,,,,,,,,,908703606,90870360600024,43.21A,,,,,,,,,,,sirene,
SBDS,,,a contacter,,,,,,,,,,,,reseaux,,AUBERVILLIERS,,93,,,,,,,,,,,,,,,,,,,,,,,,,,,,,,,878354778,87835477800010,43.21A,,,,,,,,,,,sirene,
SCAAR ENERGIE,,,a contacter,,,,,,,,,,,,reseaux,,QUESNOY-SUR-DEULE,,59,,,,,,,,,,,,,,,,,,,,,,,,,,,,,,,790093470,79009347000033,43.21A,,,,,,,,,,,sirene,
SCAPA,,,a contacter,,,,,,,,,,,,reseaux,,STRASBOURG,,67,,,,,,,,,,,,,,,,,,,,,,,,,,,,,,,537871535,53787153500044,43.21A,,,,,,,,,,,sirene,
SCAPPATICCI ELECTRICITE,,,a contacter,,,,,,,,,,,,reseaux,,IRIGNY,,69,,,,,,,,,,,,,,,,,,,,,,,,,,,,,,,890546195,89054619500011,43.21A,,,,,,,,,,,sirene,
SCEB,,,a contacter,,,,,,,,,,,,reseaux,,LACHASSAGNE,,69,,,,,,,,,,,,,,,,,,,,,,,,,,,,,,,646950055,64695005500046,43.21B,,,,,,,,,,,sirene,
SCENTYZ,,,a contacter,,,,,,,,,,,,reseaux,,ARGENTEUIL,,95,,,,,,,,,,,,,,,,,,,,,,,,,,,,,,,890292329,89029232900020,43.21A,,,,,,,,,,,sirene,
SCHAF ELEC,,,a contacter,,,,,,,,,,,,reseaux,,LA WANTZENAU,,67,,,,,,,,,,,,,,,,,,,,,,,,,,,,,,,494127293,49412729300020,43.21A,,,,,,,,,,,sirene,
SCHMIT TP,,,a contacter,,,,,,,,,,,,reseaux,,VANVEY,,21,,,,,,,,,,,,,,,,,,,,,,,,,,,,,,,523165074,52316507400015,42.21Z,,,,,,,,,,,sirene,
SCHMITT ENERGY,,,a contacter,,,,,,,,,,,,reseaux,,SAINT-PAUL,,974,,,,,,,,,,,,,,,,,,,,,,,,,,,,,,,528557630,52855763000043,43.21A,,,,,,,,,,,sirene,
SCHORO ELECTRICITE,,,a contacter,,,,,,,,,,,,reseaux,,HŒRDT,,67,,,,,,,,,,,,,,,,,,,,,,,,,,,,,,,414889824,41488982400036,43.21A,,,,,,,,,,,sirene,
SCHWARTZ-HUM ANTENNE-SERVICE,,,a contacter,,,,,,,,,,,,reseaux,,SARREGUEMINES,,57,,,,,,,,,,,,,,,,,,,,,,,,,,,,,,,656580362,65658036200043,43.21A,,,,,,,,,,,sirene,
SCIE LOIRE,,,a contacter,,,,,,,,,,,,reseaux,,FEURS,,42,,,,,,,,,,,,,,,,,,,,,,,,,,,,,,,414730366,41473036600039,42.22Z,,,,,,,,,,,sirene,
SCIE THT,,,a contacter,,,,,,,,,,,,reseaux,,COURPIERE,,63,,,,,,,,,,,,,,,,,,,,,,,,,,,,,,,451010243,45101024300017,42.22Z,,,,,,,,,,,sirene,
SCL TECHNO,,,a contacter,,,,,,,,,,,,reseaux,,TOURNEFEUILLE,,31,,,,,,,,,,,,,,,,,,,,,,,,,,,,,,,914412317,91441231700010,42.22Z,,,,,,,,,,,sirene,
SCLE SYSTEMES POUR FERROVIAIRE ET ENERGIE,,,a contacter,,,,,,,,,,,,reseaux,,TOULOUSE,,31,,,,,,,,,,,,,,,,,,,,,,,,,,,,,,,440251130,44025113000025,42.22Z,,,,,,,,,,,sirene,
SCOFITEC,,,a contacter,,,,,,,,,,,,reseaux,,GAP,,05,,,,,,,,,,,,,,,,,,,,,,,,,,,,,,,853293926,85329392600012,61.90Z,,,,,,,,,,,sirene,
SCOP ANFRAY GIORIA ELECTRICITE,,,a contacter,,,,,,,,,,,,reseaux,,LE MANS,,72,,,,,,,,,,,,,,,,,,,,,,,,,,,,,,,324746007,32474600700032,43.21A,,,,,,,,,,,sirene,
SCOP CANA-ELEC SA,,,a contacter,,,,,,,,,,,,reseaux,,ARTIGUES-PRES-BORDEAUX,,33,,,,,,,,,,,,,,,,,,,,,,,,,,,,,,,382161164,38216116400035,42.22Z,,,,,,,,,,,sirene,
SCOP FRESNEL,,,a contacter,,,,,,,,,,,,reseaux,,TRIGNAC,,44,,,,,,,,,,,,,,,,,,,,,,,,,,,,,,,332358472,33235847200055,43.21A,,,,,,,,,,,sirene,
SDA ENERGY,,,a contacter,,,,,,,,,,,,reseaux,,VILLEURBANNE,,69,,,,,,,,,,,,,,,,,,,,,,,,,,,,,,,418578258,41857825800026,43.21A,,,,,,,,,,,sirene,
SDBL,,,a contacter,,,,,,,,,,,,reseaux,,CLERMONT-FERRAND,,63,,,,,,,,,,,,,,,,,,,,,,,,,,,,,,,509444147,50944414700029,43.21A,,,,,,,,,,,sirene,
SDEL ALSACE,,,a contacter,,,,,,,,,,,,reseaux,,VENDENHEIM,,67,,,,,,,,,,,,,,,,,,,,,,,,,,,,,,,414794081,41479408100045,43.21A,,,,,,,,,,,sirene,
SDEL ATLANTIS,,,a contacter,,,,,,,,,,,,reseaux,,LORIENT,,56,,,,,,,,,,,,,,,,,,,,,,,,,,,,,,,413458399,41345839900032,42.22Z,,,,,,,,,,,sirene,
SDEL BOURGOGNE,,,a contacter,,,,,,,,,,,,reseaux,,FONTAINE-LES-DIJON,,21,,,,,,,,,,,,,,,,,,,,,,,,,,,,,,,414730655,41473065500043,43.21A,,,,,,,,,,,sirene,
SDEL CABLES ET AUTOROUTES,,,a contacter,,,,,,,,,,,,reseaux,,SAINT-NAZAIRE,,44,,,,,,,,,,,,,,,,,,,,,,,,,,,,,,,443974746,44397474600036,42.22Z,,,,,,,,,,,sirene,
SDEL DAUPHINE SAVOIE,,,a contacter,,,,,,,,,,,,reseaux,,SEYSSINS,,38,,,,,,,,,,,,,,,,,,,,,,,,,,,,,,,418767646,41876764600015,43.21A,,,,,,,,,,,sirene,
SDEL ELEXA,,,a contacter,,,,,,,,,,,,reseaux,,RUEIL-MALMAISON,,92,,,,,,,,,,,,,,,,,,,,,,,,,,,,,,,421222571,42122257100125,43.21A,,,,,,,,,,,sirene,
SDEL ENERGIE,,,a contacter,,,,,,,,,,,,reseaux,,MONTELIMAR,,26,,,,,,,,,,,,,,,,,,,,,,,,,,,,,,,834032443,83403244300030,43.21A,,,,,,,,,,,sirene,
SDEL ENERGIE SERVICE,,,a contacter,,,,,,,,,,,,reseaux,,SAINT-FONS,,69,,,,,,,,,,,,,,,,,,,,,,,,,,,,,,,918340258,91834025800022,43.21A,,,,,,,,,,,sirene,
SDEL LORRAINE,,,a contacter,,,,,,,,,,,,reseaux,,CHAVIGNY,,54,,,,,,,,,,,,,,,,,,,,,,,,,,,,,,,414797050,41479705000096,43.21A,,,,,,,,,,,sirene,
SDEL LUMIERE,,,a contacter,,,,,,,,,,,,reseaux,,NANCY,,54,,,,,,,,,,,,,,,,,,,,,,,,,,,,,,,478890486,47889048600044,43.21A,,,,,,,,,,,sirene,
SDEL MASSIF CENTRAL,,,a contacter,,,,,,,,,,,,reseaux,,MALEMORT,,19,,,,,,,,,,,,,,,,,,,,,,,,,,,,,,,414622647,41462264700017,42.22Z,,,,,,,,,,,sirene,
SDEL MULHOUSE,,,a contacter,,,,,,,,,,,,reseaux,,BURNHAUPT-LE-HAUT,,68,,,,,,,,,,,,,,,,,,,,,,,,,,,,,,,493092621,49309262100025,43.21A,,,,,,,,,,,sirene,
SDEL NANTES,,,a contacter,,,,,,,,,,,,reseaux,,COUERON,,44,,,,,,,,,,,,,,,,,,,,,,,,,,,,,,,414767202,41476720200032,43.21A,,,,,,,,,,,sirene,
SDEL NOVAE SAS,,,a contacter,,,,,,,,,,,,reseaux,,TAVAUX,,39,,,,,,,,,,,,,,,,,,,,,,,,,,,,,,,414795534,41479553400075,43.21A,,,,,,,,,,,sirene,
SDEL RESEAUX AQUITAINE,,,a contacter,,,,,,,,,,,,reseaux,,ANGLET,,64,,,,,,,,,,,,,,,,,,,,,,,,,,,,,,,413922063,41392206300032,42.22Z,,,,,,,,,,,sirene,
SDEL SAVOIE LEMAN,,,a contacter,,,,,,,,,,,,reseaux,,CHAVANOD,,74,,,,,,,,,,,,,,,,,,,,,,,,,,,,,,,418736526,41873652600025,43.21A,,,,,,,,,,,sirene,
SDEL SUD OUEST INDUSTRIE,,,a contacter,,,,,,,,,,,,reseaux,,PARDIES,,64,,,,,,,,,,,,,,,,,,,,,,,,,,,,,,,414797845,41479784500032,43.21A,,,,,,,,,,,sirene,
SDEL TERTIAIRE,,,a contacter,,,,,,,,,,,,reseaux,,PUTEAUX,,92,,,,,,,,,,,,,,,,,,,,,,,,,,,,,,,443975735,44397573500095,43.21A,,,,,,,,,,,sirene,
SDEL VAL DE SEINE,,,a contacter,,,,,,,,,,,,reseaux,,GRAND-COURONNE,,76,,,,,,,,,,,,,,,,,,,,,,,,,,,,,,,414746941,41474694100064,43.21A,,,,,,,,,,,sirene,
SDEL VIDEO TELECOM,,,a contacter,,,,,,,,,,,,reseaux,,SAINT-DENIS,,93,,,,,,,,,,,,,,,,,,,,,,,,,,,,,,,383355328,38335532800139,43.21A,,,,,,,,,,,sirene,
SDEL.TRAVAUX EXTERIEURS ILE DE FRANCE,,,a contacter,,,,,,,,,,,,reseaux,,VIRY-CHATILLON,,91,,,,,,,,,,,,,,,,,,,,,,,,,,,,,,,403253586,40325358600024,42.22Z,,,,,,,,,,,sirene,
SDVM RESEAUX,,,a contacter,,,,,,,,,,,,reseaux,,SARTROUVILLE,,78,,,,,,,,,,,,,,,,,,,,,,,,,,,,,,,813782778,81378277800019,42.21Z,,,,,,,,,,,sirene,
SE3M,,,a contacter,,,,,,,,,,,,reseaux,,PUTEAUX,,92,,,,,,,,,,,,,,,,,,,,,,,,,,,,,,,794217414,79421741400042,43.21A,,,,,,,,,,,sirene,
SEA,,,a contacter,,,,,,,,,,,,reseaux,,CAGNES-SUR-MER,,06,,,,,,,,,,,,,,,,,,,,,,,,,,,,,,,513851808,51385180800024,43.21A,,,,,,,,,,,sirene,
SEA SUN ENERGIE,,,a contacter,,,,,,,,,,,,reseaux,,ANGLET,,64,,,,,,,,,,,,,,,,,,,,,,,,,,,,,,,885061002,88506100200048,43.21A,,,,,,,,,,,sirene,
SEBALYO SOLAR,,,a contacter,,,,,,,,,,,,reseaux,,MIRABEAU,,04,,,,,,,,,,,,,,,,,,,,,,,,,,,,,,,809172166,80917216600013,43.21A,,,,,,,,,,,sirene,
SEBASTELEC,,,a contacter,,,,,,,,,,,,reseaux,,PARIS,,75,,,,,,,,,,,,,,,,,,,,,,,,,,,,,,,509716981,50971698100014,43.21A,,,,,,,,,,,sirene,
SEBASTIEN DANJEAN (SEBELEC 85),,,a contacter,,,,,,,,,,,,reseaux,,LONGEVES,,85,,,,,,,,,,,,,,,,,,,,,,,,,,,,,,,508435898,50843589800038,43.21A,,,,,,,,,,,sirene,
SEBASTIEN VERRIEZ (POLE ENERGIE),,,a contacter,,,,,,,,,,,,reseaux,,BEUVRY-LA-FORET,,59,,,,,,,,,,,,,,,,,,,,,,,,,,,,,,,838882751,83888275100061,43.21A,,,,,,,,,,,sirene,
SEBATELEC,,,a contacter,,,,,,,,,,,,reseaux,,SAINT-PALAIS,,18,,,,,,,,,,,,,,,,,,,,,,,,,,,,,,,532555331,53255533100018,43.21A,,,,,,,,,,,sirene,
SECAL,,,a contacter,,,,,,,,,,,,reseaux,,CERGY,,95,,,,,,,,,,,,,,,,,,,,,,,,,,,,,,,521467993,52146799300056,43.21A,,,,,,,,,,,sirene,
SECRE ENERGIE,,,a contacter,,,,,,,,,,,,reseaux,,LENS,,62,,,,,,,,,,,,,,,,,,,,,,,,,,,,,,,410345227,41034522700046,43.21A,,,,,,,,,,,sirene,
SECURI ' S,,,a contacter,,,,,,,,,,,,reseaux,,TRIE-SUR-BAISE,,65,,,,,,,,,,,,,,,,,,,,,,,,,,,,,,,514748938,51474893800024,43.21A,,,,,,,,,,,sirene,
SECURITE ALARMES FERMETURES ELECTRIQUES,,,a contacter,,,,,,,,,,,,reseaux,,SAINT-MARCEL-LES-VALENCE,,26,,,,,,,,,,,,,,,,,,,,,,,,,,,,,,,403563042,40356304200064,43.21A,,,,,,,,,,,sirene,
SECURITE PROTECT,,,a contacter,,,,,,,,,,,,reseaux,,SAINTE-JAMME-SUR-SARTHE,,72,,,,,,,,,,,,,,,,,,,,,,,,,,,,,,,798305074,79830507400022,43.21A,,,,,,,,,,,sirene,
SECURITEC,,,a contacter,,,,,,,,,,,,reseaux,,MONTEUX,,84,,,,,,,,,,,,,,,,,,,,,,,,,,,,,,,438193906,43819390600031,43.21A,,,,,,,,,,,sirene,
SECURITEC INCENDIE,,,a contacter,,,,,,,,,,,,reseaux,,PLEUMELEUC,,35,,,,,,,,,,,,,,,,,,,,,,,,,,,,,,,439275124,43927512400030,43.21A,,,,,,,,,,,sirene,
SED TRAVAUX PUBLICS,,,a contacter,,,,,,,,,,,,reseaux,,PONT-A-VENDIN,,62,,,,,,,,,,,,,,,,,,,,,,,,,,,,,,,417553286,41755328600028,42.21Z,,,,,,,,,,,sirene,
SEDELEC,,,a contacter,,,,,,,,,,,,reseaux,,SERMOISE-SUR-LOIRE,,58,,,,,,,,,,,,,,,,,,,,,,,,,,,,,,,312162878,31216287800036,43.21A,,,,,,,,,,,sirene,
SEDEMA,,,a contacter,,,,,,,,,,,,reseaux,,SAINT-BENOIT,,86,,,,,,,,,,,,,,,,,,,,,,,,,,,,,,,326780426,32678042600028,43.21A,,,,,,,,,,,sirene,
SEEG,,,a contacter,,,,,,,,,,,,reseaux,,LA MOTTE,,22,,,,,,,,,,,,,,,,,,,,,,,,,,,,,,,497281022,49728102200010,42.21Z,,,,,,,,,,,sirene,
SEEI - JOLY,,,a contacter,,,,,,,,,,,,reseaux,,CORMONTREUIL,,51,,,,,,,,,,,,,,,,,,,,,,,,,,,,,,,321657280,32165728000020,43.21A,,,,,,,,,,,sirene,
SEEO,,,a contacter,,,,,,,,,,,,reseaux,,NIMES,,30,,,,,,,,,,,,,,,,,,,,,,,,,,,,,,,308897875,30889787500040,43.21A,,,,,,,,,,,sirene,
SEFCO ENTREPRISES,,,a contacter,,,,,,,,,,,,reseaux,,PESSAC,,33,,,,,,,,,,,,,,,,,,,,,,,,,,,,,,,499868933,49986893300049,43.21A,,,,,,,,,,,sirene,
SEFRA,,,a contacter,,,,,,,,,,,,reseaux,,SAINT-MAUR-DES-FOSSES,,94,,,,,,,,,,,,,,,,,,,,,,,,,,,,,,,329198576,32919857600087,43.21A,,,,,,,,,,,sirene,
SEFTI,,,a contacter,,,,,,,,,,,,reseaux,,POUILLON,,40,,,,,,,,,,,,,,,,,,,,,,,,,,,,,,,315683003,31568300300018,43.21A,,,,,,,,,,,sirene,
SEG,,,a contacter,,,,,,,,,,,,reseaux,,ISSOIRE,,63,,,,,,,,,,,,,,,,,,,,,,,,,,,,,,,853330595,85333059500010,43.21A,,,,,,,,,,,sirene,
SEGA,,,a contacter,,,,,,,,,,,,reseaux,,ANGERVILLE,,91,,,,,,,,,,,,,,,,,,,,,,,,,,,,,,,320377153,32037715300038,43.21A,,,,,,,,,,,sirene,
SEGA ELECTRICITE,,,a contacter,,,,,,,,,,,,reseaux,,LONGUENESSE,,62,,,,,,,,,,,,,,,,,,,,,,,,,,,,,,,791408040,79140804000016,43.21A,,,,,,,,,,,sirene,
SEGPP ELECTRICITE CABLAGE INFORMATIQUE E,,,a contacter,,,,,,,,,,,,reseaux,,PARIS,,75,,,,,,,,,,,,,,,,,,,,,,,,,,,,,,,784461899,78446189900048,43.21A,,,,,,,,,,,sirene,
SEIMA FL,,,a contacter,,,,,,,,,,,,reseaux,,SAINT-ELIX-LE-CHATEAU,,31,,,,,,,,,,,,,,,,,,,,,,,,,,,,,,,450799275,45079927500034,43.21A,,,,,,,,,,,sirene,
SEIMATELEC,,,a contacter,,,,,,,,,,,,reseaux,,MAINVILLERS,,57,,,,,,,,,,,,,,,,,,,,,,,,,,,,,,,853351476,85335147600025,43.21A,,,,,,,,,,,sirene,
SEINE ET YVELINES NUMERIQUE,,,a contacter,,,,,,,,,,,,reseaux,,VERSAILLES,,78,,,,,,,,,,,,,,,,,,,,,,,,,,,,,,,200062248,20006224800055,61.10Z,,,,,,,,,,,sirene,
SEINE NORMANDIE MAINTENANCE SERVICE,,,a contacter,,,,,,,,,,,,reseaux,,CORMELLES-LE-ROYAL,,14,,,,,,,,,,,,,,,,,,,,,,,,,,,,,,,528614936,52861493600052,43.21A,,,,,,,,,,,sirene,
SEINE T.P.,,,a contacter,,,,,,,,,,,,reseaux,,NOTRE-DAME-DE-BONDEVILLE,,76,,,,,,,,,,,,,,,,,,,,,,,,,,,,,,,517433785,51743378500022,42.21Z,,,,,,,,,,,sirene,
SEIP ILE DE FRANCE,,,a contacter,,,,,,,,,,,,reseaux,,SAULX-LES-CHARTREUX,,91,,,,,,,,,,,,,,,,,,,,,,,,,,,,,,,325062404,32506240400042,42.21Z,,,,,,,,,,,sirene,
SEJOURNE,,,a contacter,,,,,,,,,,,,reseaux,,CHALLANS,,85,,,,,,,,,,,,,,,,,,,,,,,,,,,,,,,340810274,34081027400019,43.21A,,,,,,,,,,,sirene,
SELT FRANCE,,,a contacter,,,,,,,,,,,,reseaux,,SAINT-NAZAIRE,,44,,,,,,,,,,,,,,,,,,,,,,,,,,,,,,,893731802,89373180200045,42.22Z,,,,,,,,,,,sirene,
SEM.PER TRAVAUX,,,a contacter,,,,,,,,,,,,reseaux,,ARGELES-SUR-MER,,66,,,,,,,,,,,,,,,,,,,,,,,,,,,,,,,834246290,83424629000011,42.22Z,,,,,,,,,,,sirene,
SEME ELECTRIC,,,a contacter,,,,,,,,,,,,reseaux,,ANNECY,,74,,,,,,,,,,,,,,,,,,,,,,,,,,,,,,,752905737,75290573700017,43.21A,,,,,,,,,,,sirene,
SEMERU,,,a contacter,,,,,,,,,,,,reseaux,,RUNGIS,,94,,,,,,,,,,,,,,,,,,,,,,,,,,,,,,,320661010,32066101000258,43.21A,,,,,,,,,,,sirene,
SEMI FRANCE,,,a contacter,,,,,,,,,,,,reseaux,,PARIS,,75,,,,,,,,,,,,,,,,,,,,,,,,,,,,,,,452653330,45265333000012,43.21B,,,,,,,,,,,sirene,
SEMSAT ELECTRICITE SURETE INFORMATIQUE,,,a contacter,,,,,,,,,,,,reseaux,,MERIGNAC,,33,,,,,,,,,,,,,,,,,,,,,,,,,,,,,,,789387164,78938716400039,43.21A,,,,,,,,,,,sirene,
SENELEC,,,a contacter,,,,,,,,,,,,reseaux,,CROISSY-BEAUBOURG,,77,,,,,,,,,,,,,,,,,,,,,,,,,,,,,,,814333464,81433346400034,43.21A,,,,,,,,,,,sirene,
SEPA PIERRE,,,a contacter,,,,,,,,,,,,reseaux,,POINCY,,77,,,,,,,,,,,,,,,,,,,,,,,,,,,,,,,314343351,31434335100024,42.21Z,,,,,,,,,,,sirene,
SEPIAA,,,a contacter,,,,,,,,,,,,reseaux,,VILLEMANDEUR,,45,,,,,,,,,,,,,,,,,,,,,,,,,,,,,,,353129414,35312941400036,43.21A,,,,,,,,,,,sirene,
SEQUOR,,,a contacter,,,,,,,,,,,,reseaux,,LAUDUN-L'ARDOISE,,30,,,,,,,,,,,,,,,,,,,,,,,,,,,,,,,531197622,53119762200024,43.21A,,,,,,,,,,,sirene,
SER-ELEC,,,a contacter,,,,,,,,,,,,reseaux,,GONESSE,,95,,,,,,,,,,,,,,,,,,,,,,,,,,,,,,,834315228,83431522800017,43.21A,,,,,,,,,,,sirene,
SERA,,,a contacter,,,,,,,,,,,,reseaux,,CHASSELAY,,69,,,,,,,,,,,,,,,,,,,,,,,,,,,,,,,490224045,49022404500024,43.21A,,,,,,,,,,,sirene,
SEREHA,,,a contacter,,,,,,,,,,,,reseaux,,VENISSIEUX,,69,,,,,,,,,,,,,,,,,,,,,,,,,,,,,,,850420332,85042033200015,42.21Z,,,,,,,,,,,sirene,
SERELEC,,,a contacter,,,,,,,,,,,,reseaux,,ESSIGNY-LE-GRAND,,02,,,,,,,,,,,,,,,,,,,,,,,,,,,,,,,317612331,31761233100031,43.21A,,,,,,,,,,,sirene,
SERELEC 37,,,a contacter,,,,,,,,,,,,reseaux,,LOCHES,,37,,,,,,,,,,,,,,,,,,,,,,,,,,,,,,,348233560,34823356000021,43.21A,,,,,,,,,,,sirene,
SERFIM T.I.C.,,,a contacter,,,,,,,,,,,,reseaux,,VENISSIEUX,,69,,,,,,,,,,,,,,,,,,,,,,,,,,,,,,,431903954,43190395400029,42.22Z,,,,,,,,,,,sirene,
SERILEC,,,a contacter,,,,,,,,,,,,reseaux,,CESSON,,77,,,,,,,,,,,,,,,,,,,,,,,,,,,,,,,318584554,31858455400030,43.21A,,,,,,,,,,,sirene,
SERINYA TELECOM,,,a contacter,,,,,,,,,,,,reseaux,,ESLETTES,,76,,,,,,,,,,,,,,,,,,,,,,,,,,,,,,,751005190,75100519000036,61.10Z,,,,,,,,,,,sirene,
SERPOLLET,,,a contacter,,,,,,,,,,,,reseaux,,VENISSIEUX,,69,,,,,,,,,,,,,,,,,,,,,,,,,,,,,,,958506289,95850628900023,42.22Z,,,,,,,,,,,sirene,
SERPOLLET CENTRE EST,,,a contacter,,,,,,,,,,,,reseaux,,DIJON,,21,,,,,,,,,,,,,,,,,,,,,,,,,,,,,,,841048473,84104847300042,42.22Z,,,,,,,,,,,sirene,
SERPOLLET DAUPHINE,,,a contacter,,,,,,,,,,,,reseaux,,LA MOTTE-SERVOLEX,,73,,,,,,,,,,,,,,,,,,,,,,,,,,,,,,,531481562,53148156200050,42.22Z,,,,,,,,,,,sirene,
SERPOLLET EAU SILLON ALPIN,,,a contacter,,,,,,,,,,,,reseaux,,EYBENS,,38,,,,,,,,,,,,,,,,,,,,,,,,,,,,,,,339155301,33915530100098,42.21Z,,,,,,,,,,,sirene,
SERPOLLET OCCITANIE,,,a contacter,,,,,,,,,,,,reseaux,,BARON,,30,,,,,,,,,,,,,,,,,,,,,,,,,,,,,,,444422950,44442295000014,43.21A,,,,,,,,,,,sirene,
SERPOLLET SAVOIE MONT-BLANC,,,a contacter,,,,,,,,,,,,reseaux,,LA MOTTE-SERVOLEX,,73,,,,,,,,,,,,,,,,,,,,,,,,,,,,,,,315062125,31506212500143,42.22Z,,,,,,,,,,,sirene,
SERPOLLET SUD-EST,,,a contacter,,,,,,,,,,,,reseaux,,LE MUY,,83,,,,,,,,,,,,,,,,,,,,,,,,,,,,,,,388271439,38827143900050,42.22Z,,,,,,,,,,,sirene,
SERRES-ELEC,,,a contacter,,,,,,,,,,,,reseaux,,PAU,,64,,,,,,,,,,,,,,,,,,,,,,,,,,,,,,,497591784,49759178400044,43.21A,,,,,,,,,,,sirene,
SERTELEC AQUITAINE,,,a contacter,,,,,,,,,,,,reseaux,,PARENTIS-EN-BORN,,40,,,,,,,,,,,,,,,,,,,,,,,,,,,,,,,478826159,47882615900012,43.21A,,,,,,,,,,,sirene,
SERVANT TERRASSEMENT,,,a contacter,,,,,,,,,,,,reseaux,,SAINT-ANDRE,,974,,,,,,,,,,,,,,,,,,,,,,,,,,,,,,,814400115,81440011500022,42.21Z,,,,,,,,,,,sirene,
SERVELEC,,,a contacter,,,,,,,,,,,,reseaux,,REYRIEUX,,01,,,,,,,,,,,,,,,,,,,,,,,,,,,,,,,842687030,84268703000010,43.21A,,,,,,,,,,,sirene,
SERVHOR,,,a contacter,,,,,,,,,,,,reseaux,,LOYETTES,,01,,,,,,,,,,,,,,,,,,,,,,,,,,,,,,,501971188,50197118800021,43.21A,,,,,,,,,,,sirene,
SERVICE .EXPERT.ENTREPRISE,,,a contacter,,,,,,,,,,,,reseaux,,SAINT-GRATIEN,,95,,,,,,,,,,,,,,,,,,,,,,,,,,,,,,,499759728,49975972800102,61.10Z,,,,,,,,,,,sirene,
SERVICE AUDIO VISUEL,,,a contacter,,,,,,,,,,,,reseaux,,FORT-DE-FRANCE,,972,,,,,,,,,,,,,,,,,,,,,,,,,,,,,,,831482328,83148232800018,43.21A,,,,,,,,,,,sirene,
SERVICE ENERGIE ENVIRONNEMENT S.2.E.,,,a contacter,,,,,,,,,,,,reseaux,,COLOMBELLES,,14,,,,,,,,,,,,,,,,,,,,,,,,,,,,,,,752085258,75208525800032,43.21A,,,,,,,,,,,sirene,
SERVICELEC,,,a contacter,,,,,,,,,,,,reseaux,,VILLENEUVE D ASCQ,,59,,,,,,,,,,,,,,,,,,,,,,,,,,,,,,,508449378,50844937800035,43.21A,,,,,,,,,,,sirene,
SERVICES DISPONIBILITE PROXIMITE,,,a contacter,,,,,,,,,,,,reseaux,,CASTELCULIER,,47,,,,,,,,,,,,,,,,,,,,,,,,,,,,,,,490307477,49030747700029,43.21A,,,,,,,,,,,sirene,
SERVICES INSTALLATIONS ELECTRIQUES,,,a contacter,,,,,,,,,,,,reseaux,,NOISY-LE-SEC,,93,,,,,,,,,,,,,,,,,,,,,,,,,,,,,,,424873487,42487348700039,43.21A,,,,,,,,,,,sirene,
SERVICES MAINTENANCE INDUSTRIELLE,,,a contacter,,,,,,,,,,,,reseaux,,ISSOIRE,,63,,,,,,,,,,,,,,,,,,,,,,,,,,,,,,,512986175,51298617500044,43.21A,,,,,,,,,,,sirene,
SET.ELEC,,,a contacter,,,,,,,,,,,,reseaux,,DRANCY,,93,,,,,,,,,,,,,,,,,,,,,,,,,,,,,,,824359806,82435980600026,43.21A,,,,,,,,,,,sirene,
SETA ENVIRONNEMENT,,,a contacter,,,,,,,,,,,,reseaux,,SAINT-PIERRE-LES-NEMOURS,,77,,,,,,,,,,,,,,,,,,,,,,,,,,,,,,,799344304,79934430400016,42.21Z,,,,,,,,,,,sirene,
SETEA,,,a contacter,,,,,,,,,,,,reseaux,,MAXEVILLE,,54,,,,,,,,,,,,,,,,,,,,,,,,,,,,,,,332652981,33265298100033,43.21A,,,,,,,,,,,sirene,
SETEAM,,,a contacter,,,,,,,,,,,,reseaux,,BRESSE VALLONS,,01,,,,,,,,,,,,,,,,,,,,,,,,,,,,,,,397748443,39774844300041,43.21A,,,,,,,,,,,sirene,
SETEL,,,a contacter,,,,,,,,,,,,reseaux,,VILLERS ST PAUL,,60,,,,,,,,,,,,,,,,,,,,,,,,,,,,,,,344272588,34427258800015,43.21A,,,,,,,,,,,sirene,
SETELEC,,,a contacter,,,,,,,,,,,,reseaux,,CROISSY-BEAUBOURG,,77,,,,,,,,,,,,,,,,,,,,,,,,,,,,,,,413980590,41398059000066,43.21A,,,,,,,,,,,sirene,
SETIS,,,a contacter,,,,,,,,,,,,reseaux,,LILLE,,59,,,,,,,,,,,,,,,,,,,,,,,,,,,,,,,538867128,53886712800034,43.21A,,,,,,,,,,,sirene,
SETU TELECOM,,,a contacter,,,,,,,,,,,,reseaux,,CARROS,,06,,,,,,,,,,,,,,,,,,,,,,,,,,,,,,,378712541,37871254100044,61.90Z,,,,,,,,,,,sirene,
SEVDEC,,,a contacter,,,,,,,,,,,,reseaux,,ROUEN,,76,,,,,,,,,,,,,,,,,,,,,,,,,,,,,,,380644716,38064471600017,43.21A,,,,,,,,,,,sirene,
SEVEN TECHNOLOGY,,,a contacter,,,,,,,,,,,,reseaux,,SAINT-LAURENT-DU-VAR,,06,,,,,,,,,,,,,,,,,,,,,,,,,,,,,,,533268124,53326812400021,43.21A,,,,,,,,,,,sirene,
SEWAN,,,a contacter,,,,,,,,,,,,reseaux,,PARIS,,75,,,,,,,,,,,,,,,,,,,,,,,,,,,,,,,452363153,45236315300043,61.10Z,,,,,,,,,,,sirene,
SFDE TRAVAUX,,,a contacter,,,,,,,,,,,,reseaux,,JOUY-LE-MOUTIER,,95,,,,,,,,,,,,,,,,,,,,,,,,,,,,,,,434010070,43401007000036,42.21Z,,,,,,,,,,,sirene,
SFECO SOLUTIONS,,,a contacter,,,,,,,,,,,,reseaux,,DARDILLY,,69,,,,,,,,,,,,,,,,,,,,,,,,,,,,,,,919931410,91993141000014,42.22Z,,,,,,,,,,,sirene,
SFM BATIMENT,,,a contacter,,,,,,,,,,,,reseaux,,LESNEVEN,,29,,,,,,,,,,,,,,,,,,,,,,,,,,,,,,,750462236,75046223600043,43.21A,,,,,,,,,,,sirene,
SFR FIBRE SAS,,,a contacter,,,,,,,,,,,,reseaux,,CHAMPS-SUR-MARNE,,77,,,,,,,,,,,,,,,,,,,,,,,,,,,,,,,400461950,40046195000034,61.10Z,,,,,,,,,,,sirene,
SG TECHNOLOGIE,,,a contacter,,,,,,,,,,,,reseaux,,POINTE-A-PITRE,,971,,,,,,,,,,,,,,,,,,,,,,,,,,,,,,,922251343,92225134300013,42.22Z,,,,,,,,,,,sirene,
SGA INDUSTRIES,,,a contacter,,,,,,,,,,,,reseaux,,ROUEN,,76,,,,,,,,,,,,,,,,,,,,,,,,,,,,,,,424246015,42424601500020,43.21A,,,,,,,,,,,sirene,
SGER2,,,a contacter,,,,,,,,,,,,reseaux,,SAINTE-MARIE,,974,,,,,,,,,,,,,,,,,,,,,,,,,,,,,,,502327190,50232719000026,43.21A,,,,,,,,,,,sirene,
SGH ANTILLES,,,a contacter,,,,,,,,,,,,reseaux,,POINTE-A-PITRE,,971,,,,,,,,,,,,,,,,,,,,,,,,,,,,,,,820182368,82018236800028,42.22Z,,,,,,,,,,,sirene,
SGIE SOCIETE GENERALE D'INSTALLATIONS ELECTRIQUES,,,a contacter,,,,,,,,,,,,reseaux,,KINGERSHEIM,,68,,,,,,,,,,,,,,,,,,,,,,,,,,,,,,,327490298,32749029800012,43.21A,,,,,,,,,,,sirene,
SHD CONNECT,,,a contacter,,,,,,,,,,,,reseaux,,HELESMES,,59,,,,,,,,,,,,,,,,,,,,,,,,,,,,,,,845262203,84526220300027,61.10Z,,,,,,,,,,,sirene,
SID'COM,,,a contacter,,,,,,,,,,,,reseaux,,SAINT-FUSCIEN,,80,,,,,,,,,,,,,,,,,,,,,,,,,,,,,,,751638370,75163837000039,43.21A,,,,,,,,,,,sirene,
SID'COM FO,,,a contacter,,,,,,,,,,,,reseaux,,SAINT-FUSCIEN,,80,,,,,,,,,,,,,,,,,,,,,,,,,,,,,,,844425371,84442537100029,43.21A,,,,,,,,,,,sirene,
SID'ELEC,,,a contacter,,,,,,,,,,,,reseaux,,PORNICHET,,44,,,,,,,,,,,,,,,,,,,,,,,,,,,,,,,494970189,49497018900028,43.21A,,,,,,,,,,,sirene,
SIEGEC GROUPES ELECTROGENES,,,a contacter,,,,,,,,,,,,reseaux,,LONGJUMEAU,,91,,,,,,,,,,,,,,,,,,,,,,,,,,,,,,,408405231,40840523100015,43.21A,,,,,,,,,,,sirene,
SIFORT,,,a contacter,,,,,,,,,,,,reseaux,,ECHIROLLES,,38,,,,,,,,,,,,,,,,,,,,,,,,,,,,,,,821487691,82148769100031,43.21A,,,,,,,,,,,sirene,
SIGEC,,,a contacter,,,,,,,,,,,,reseaux,,FURIANI,,2B,,,,,,,,,,,,,,,,,,,,,,,,,,,,,,,389872607,38987260700020,43.21A,,,,,,,,,,,sirene,
SIGMA RESEAUX,,,a contacter,,,,,,,,,,,,reseaux,,LORMONT,,33,,,,,,,,,,,,,,,,,,,,,,,,,,,,,,,433994621,43399462100038,43.21A,,,,,,,,,,,sirene,
SIGMATECH,,,a contacter,,,,,,,,,,,,reseaux,,LA WANTZENAU,,67,,,,,,,,,,,,,,,,,,,,,,,,,,,,,,,448337626,44833762600049,43.21A,,,,,,,,,,,sirene,
SIGN'ELEC,,,a contacter,,,,,,,,,,,,reseaux,,FREPILLON,,95,,,,,,,,,,,,,,,,,,,,,,,,,,,,,,,517805958,51780595800033,43.21A,,,,,,,,,,,sirene,
SIGNALISATION TELEPHONE ELECT GENERALE,,,a contacter,,,,,,,,,,,,reseaux,,GRANDE-SYNTHE,,59,,,,,,,,,,,,,,,,,,,,,,,,,,,,,,,324716331,32471633100016,43.21A,,,,,,,,,,,sirene,
SILICEO,,,a contacter,,,,,,,,,,,,reseaux,,SAINT-MARTIN-SUR-LE-PRE,,51,,,,,,,,,,,,,,,,,,,,,,,,,,,,,,,518410873,51841087300021,43.21A,,,,,,,,,,,sirene,
SILVERSUN TECHNICS,,,a contacter,,,,,,,,,,,,reseaux,,LAMBESC,,13,,,,,,,,,,,,,,,,,,,,,,,,,,,,,,,845175561,84517556100396,43.21A,,,,,,,,,,,sirene,
SIME FRANCE,,,a contacter,,,,,,,,,,,,reseaux,,SAINTE-LUCE-SUR-LOIRE,,44,,,,,,,,,,,,,,,,,,,,,,,,,,,,,,,400860003,40086000300021,43.21A,,,,,,,,,,,sirene,
SIMELEC,,,a contacter,,,,,,,,,,,,reseaux,,PLOUGASTEL-DAOULAS,,29,,,,,,,,,,,,,,,,,,,,,,,,,,,,,,,402333405,40233340500049,43.21A,,,,,,,,,,,sirene,
SINCRONE IT,,,a contacter,,,,,,,,,,,,reseaux,,ECHIROLLES,,38,,,,,,,,,,,,,,,,,,,,,,,,,,,,,,,521504506,52150450600200,61.90Z,,,,,,,,,,,sirene,
SINGH RENOV,,,a contacter,,,,,,,,,,,,reseaux,,DAMMARIE-LES-LYS,,77,,,,,,,,,,,,,,,,,,,,,,,,,,,,,,,834407884,83440788400024,43.21A,,,,,,,,,,,sirene,
SIONT,,,a contacter,,,,,,,,,,,,reseaux,,BEAUVAIS,,60,,,,,,,,,,,,,,,,,,,,,,,,,,,,,,,820187508,82018750800024,61.10Z,,,,,,,,,,,sirene,
SIREOS,,,a contacter,,,,,,,,,,,,reseaux,,MAUGUIO,,34,,,,,,,,,,,,,,,,,,,,,,,,,,,,,,,911984201,91198420100028,43.21A,,,,,,,,,,,sirene,
SIRIS PROTECTION,,,a contacter,,,,,,,,,,,,reseaux,,SAINT-THIBAULT-DES-VIGNES,,77,,,,,,,,,,,,,,,,,,,,,,,,,,,,,,,449101427,44910142700036,43.21A,,,,,,,,,,,sirene,
SIRT AZUR,,,a contacter,,,,,,,,,,,,reseaux,,SIX-FOURS-LES-PLAGES,,83,,,,,,,,,,,,,,,,,,,,,,,,,,,,,,,833347784,83334778400021,42.22Z,,,,,,,,,,,sirene,
SIS CONCEPT,,,a contacter,,,,,,,,,,,,reseaux,,CLAMART,,92,,,,,,,,,,,,,,,,,,,,,,,,,,,,,,,818374688,81837468800013,43.21A,,,,,,,,,,,sirene,
SISTEO COMMUNICATIONS,,,a contacter,,,,,,,,,,,,reseaux,,TOURS,,37,,,,,,,,,,,,,,,,,,,,,,,,,,,,,,,517827713,51782771300028,42.22Z,,,,,,,,,,,sirene,
SIT SEFERIS LILLE,,,a contacter,,,,,,,,,,,,reseaux,,FRANCIERES,,60,,,,,,,,,,,,,,,,,,,,,,,,,,,,,,,418951455,41895145500165,61.20Z,,,,,,,,,,,sirene,
SITA IT SERVICES FRANCE,,,a contacter,,,,,,,,,,,,reseaux,,PARIS,,75,,,,,,,,,,,,,,,,,,,,,,,,,,,,,,,492569306,49256930600086,61.90Z,,,,,,,,,,,sirene,
SITEL,,,a contacter,,,,,,,,,,,,reseaux,,SAINT-DENIS,,974,,,,,,,,,,,,,,,,,,,,,,,,,,,,,,,850824343,85082434300048,61.20Z,,,,,,,,,,,sirene,
SITENOR,,,a contacter,,,,,,,,,,,,reseaux,,DUNKERQUE,,59,,,,,,,,,,,,,,,,,,,,,,,,,,,,,,,400701397,40070139700046,43.21A,,,,,,,,,,,sirene,
SITOT,,,a contacter,,,,,,,,,,,,reseaux,,CACHAN,,94,,,,,,,,,,,,,,,,,,,,,,,,,,,,,,,820169050,82016905000011,61.90Z,,,,,,,,,,,sirene,
SJ PRO ELEC,,,a contacter,,,,,,,,,,,,reseaux,,LE BLANC-MESNIL,,93,,,,,,,,,,,,,,,,,,,,,,,,,,,,,,,887706844,88770684400016,43.21A,,,,,,,,,,,sirene,
SKILLEC,,,a contacter,,,,,,,,,,,,reseaux,,BLAIN,,44,,,,,,,,,,,,,,,,,,,,,,,,,,,,,,,900958364,90095836400011,43.21A,,,,,,,,,,,sirene,
SKY ENERGY,,,a contacter,,,,,,,,,,,,reseaux,,AULNAY-SOUS-BOIS,,93,,,,,,,,,,,,,,,,,,,,,,,,,,,,,,,951029081,95102908100019,43.21A,,,,,,,,,,,sirene,
SL,,,a contacter,,,,,,,,,,,,reseaux,,ALBI,,81,,,,,,,,,,,,,,,,,,,,,,,,,,,,,,,823397765,82339776500020,43.21A,,,,,,,,,,,sirene,
SLD TP,,,a contacter,,,,,,,,,,,,reseaux,,TOUL,,54,,,,,,,,,,,,,,,,,,,,,,,,,,,,,,,329702773,32970277300030,42.21Z,,,,,,,,,,,sirene,
SLE - VIGNAL ELECTRICITE,,,a contacter,,,,,,,,,,,,reseaux,,LIVRON-SUR-DROME,,26,,,,,,,,,,,,,,,,,,,,,,,,,,,,,,,908784077,90878407700012,43.21A,,,,,,,,,,,sirene,
SLER SARL,,,a contacter,,,,,,,,,,,,reseaux,,LESPERON,,40,,,,,,,,,,,,,,,,,,,,,,,,,,,,,,,527910517,52791051700038,43.21A,,,,,,,,,,,sirene,
SLS SERVICE,,,a contacter,,,,,,,,,,,,reseaux,,VILLETANEUSE,,93,,,,,,,,,,,,,,,,,,,,,,,,,,,,,,,518084033,51808403300043,61.10Z,,,,,,,,,,,sirene,
SM ELECTRICITE,,,a contacter,,,,,,,,,,,,reseaux,,GRIMAUD,,83,,,,,,,,,,,,,,,,,,,,,,,,,,,,,,,420940884,42094088400042,43.21A,,,,,,,,,,,sirene,
SM TELECOM,,,a contacter,,,,,,,,,,,,reseaux,,GRIGNY,,91,,,,,,,,,,,,,,,,,,,,,,,,,,,,,,,507796316,50779631600044,42.22Z,,,,,,,,,,,sirene,
SMART ENERGY,,,a contacter,,,,,,,,,,,,reseaux,,MARSEILLE 16,,13,,,,,,,,,,,,,,,,,,,,,,,,,,,,,,,948734520,94873452000018,43.21A,,,,,,,,,,,sirene,
SMART ENERGY CONCEPT,,,a contacter,,,,,,,,,,,,reseaux,,VALENTON,,94,,,,,,,,,,,,,,,,,,,,,,,,,,,,,,,841248644,84124864400038,43.21A,,,,,,,,,,,sirene,
SMART TO FRANCE,,,a contacter,,,,,,,,,,,,reseaux,,THONON-LES-BAINS,,74,,,,,,,,,,,,,,,,,,,,,,,,,,,,,,,848792644,84879264400041,43.21A,,,,,,,,,,,sirene,
SMART TP,,,a contacter,,,,,,,,,,,,reseaux,,ARGANCY,,57,,,,,,,,,,,,,,,,,,,,,,,,,,,,,,,892544164,89254416400023,42.21Z,,,,,,,,,,,sirene,
SMARTEC,,,a contacter,,,,,,,,,,,,reseaux,,VILLENEUVE-LA-GARENNE,,92,,,,,,,,,,,,,,,,,,,,,,,,,,,,,,,849993589,84999358900027,61.10Z,,,,,,,,,,,sirene,
SMCE REHA,,,a contacter,,,,,,,,,,,,reseaux,,WITTELSHEIM,,68,,,,,,,,,,,,,,,,,,,,,,,,,,,,,,,433174109,43317410900028,42.21Z,,,,,,,,,,,sirene,
SME GROUPE LECLERE,,,a contacter,,,,,,,,,,,,reseaux,,SOMAIN,,59,,,,,,,,,,,,,,,,,,,,,,,,,,,,,,,851369140,85136914000013,43.21B,,,,,,,,,,,sirene,
SMFIBRE,,,a contacter,,,,,,,,,,,,reseaux,,MONTREUIL,,93,,,,,,,,,,,,,,,,,,,,,,,,,,,,,,,902903905,90290390500039,61.10Z,,,,,,,,,,,sirene,
SMPA BAT,,,a contacter,,,,,,,,,,,,reseaux,,GONESSE,,95,,,,,,,,,,,,,,,,,,,,,,,,,,,,,,,523194165,52319416500040,43.21A,,,,,,,,,,,sirene,
SN MGCE,,,a contacter,,,,,,,,,,,,reseaux,,BONDOUFLE,,91,,,,,,,,,,,,,,,,,,,,,,,,,,,,,,,951320142,95132014200015,42.21Z,,,,,,,,,,,sirene,
SN TELECOISE,,,a contacter,,,,,,,,,,,,reseaux,,GOUSSAINVILLE,,95,,,,,,,,,,,,,,,,,,,,,,,,,,,,,,,852452747,85245274700011,43.21A,,,,,,,,,,,sirene,
SNA - PROSPERI,,,a contacter,,,,,,,,,,,,reseaux,,NICE,,06,,,,,,,,,,,,,,,,,,,,,,,,,,,,,,,338905896,33890589600019,42.21Z,,,,,,,,,,,sirene,
SNEE,,,a contacter,,,,,,,,,,,,reseaux,,GOND-PONTOUVRE,,16,,,,,,,,,,,,,,,,,,,,,,,,,,,,,,,390633204,39063320400024,43.21A,,,,,,,,,,,sirene,
SNTH,,,a contacter,,,,,,,,,,,,reseaux,,OLLIOULES,,83,,,,,,,,,,,,,,,,,,,,,,,,,,,,,,,884862160,88486216000030,42.21Z,,,,,,,,,,,sirene,
SO-FI,,,a contacter,,,,,,,,,,,,reseaux,,SOINDRES,,78,,,,,,,,,,,,,,,,,,,,,,,,,,,,,,,839985116,83998511600038,43.21A,,,,,,,,,,,sirene,
SO. FI,,,a contacter,,,,,,,,,,,,reseaux,,MONTFERMEIL,,93,,,,,,,,,,,,,,,,,,,,,,,,,,,,,,,952991065,95299106500014,61.10Z,,,,,,,,,,,sirene,
SOALIS,,,a contacter,,,,,,,,,,,,reseaux,,PIERRELATTE,,26,,,,,,,,,,,,,,,,,,,,,,,,,,,,,,,493317283,49331728300031,43.21A,,,,,,,,,,,sirene,
SOBEBO,,,a contacter,,,,,,,,,,,,reseaux,,MERIGNAC,,33,,,,,,,,,,,,,,,,,,,,,,,,,,,,,,,470202854,47020285400076,42.21Z,,,,,,,,,,,sirene,
SOBIAGELEK,,,a contacter,,,,,,,,,,,,reseaux,,REIMS,,51,,,,,,,,,,,,,,,,,,,,,,,,,,,,,,,983607524,98360752400029,43.21A,,,,,,,,,,,sirene,
SOBRAL,,,a contacter,,,,,,,,,,,,reseaux,,VINEUIL,,41,,,,,,,,,,,,,,,,,,,,,,,,,,,,,,,443585526,44358552600025,43.21A,,,,,,,,,,,sirene,
SOC,,,a contacter,,,,,,,,,,,,reseaux,,SAINT-MEDARD-EN-JALLES,,33,,,,,,,,,,,,,,,,,,,,,,,,,,,,,,,449336924,44933692400013,42.21Z,,,,,,,,,,,sirene,
SOC ACCART,,,a contacter,,,,,,,,,,,,reseaux,,HERMAVILLE,,62,,,,,,,,,,,,,,,,,,,,,,,,,,,,,,,328544267,32854426700029,43.21A,,,,,,,,,,,sirene,
SOC ALSACIENNE DE PARATONNERRES,,,a contacter,,,,,,,,,,,,reseaux,,STRASBOURG,,67,,,,,,,,,,,,,,,,,,,,,,,,,,,,,,,788156859,78815685900027,43.21A,,,,,,,,,,,sirene,
SOC APPLIC INDUS ELECTRICITE ELECTRONIQU,,,a contacter,,,,,,,,,,,,reseaux,,ESCAUDAIN,,59,,,,,,,,,,,,,,,,,,,,,,,,,,,,,,,568800957,56880095700058,43.21A,,,,,,,,,,,sirene,
SOC ATW MONDIAL ELECTRONIQUE,,,a contacter,,,,,,,,,,,,reseaux,,NICE,,06,,,,,,,,,,,,,,,,,,,,,,,,,,,,,,,393764378,39376437800047,61.20Z,,,,,,,,,,,sirene,
SOC AUVERGNATE INSTALLATIONS ELECTRIQUES,,,a contacter,,,,,,,,,,,,reseaux,,AULNAT,,63,,,,,,,,,,,,,,,,,,,,,,,,,,,,,,,498536416,49853641600023,43.21A,,,,,,,,,,,sirene,
SOC BRETON CANALISA EAU ASSAIN AUDO CIE,,,a contacter,,,,,,,,,,,,reseaux,,PLUMELIAU-BIEUZY,,56,,,,,,,,,,,,,,,,,,,,,,,,,,,,,,,864500343,86450034300024,42.21Z,,,,,,,,,,,sirene,
SOC CANALISATIONS URBAIN BOURG,,,a contacter,,,,,,,,,,,,reseaux,,BLIGNY-LES-BEAUNE,,21,,,,,,,,,,,,,,,,,,,,,,,,,,,,,,,312549918,31254991800026,42.21Z,,,,,,,,,,,sirene,
SOC COOP INSTALLATIONS RE-NOVATION ELECT,,,a contacter,,,,,,,,,,,,reseaux,,FOREST-SUR-MARQUE,,59,,,,,,,,,,,,,,,,,,,,,,,,,,,,,,,483368494,48336849400041,43.21A,,,,,,,,,,,sirene,
SOC CORSE APPLICATION DES ENERGIES,,,a contacter,,,,,,,,,,,,reseaux,,BORGO,,2B,,,,,,,,,,,,,,,,,,,,,,,,,,,,,,,394650410,39465041000019,43.21A,,,,,,,,,,,sirene,
SOC CORSE DE DISTRIBUTION,,,a contacter,,,,,,,,,,,,reseaux,,FURIANI,,2B,,,,,,,,,,,,,,,,,,,,,,,,,,,,,,,398657577,39865757700019,61.90Z,,,,,,,,,,,sirene,
SOC D INSTALLATIONS ELECTRIQUES AAK,,,a contacter,,,,,,,,,,,,reseaux,,SAINT-LAURENT-DU-MARONI,,973,,,,,,,,,,,,,,,,,,,,,,,,,,,,,,,483405361,48340536100013,43.21A,,,,,,,,,,,sirene,
SOC DANIEL DEVRED,,,a contacter,,,,,,,,,,,,reseaux,,DECHY,,59,,,,,,,,,,,,,,,,,,,,,,,,,,,,,,,345311559,34531155900024,43.21A,,,,,,,,,,,sirene,
SOC DAUPHIN EQUIP ELECTRIQUES,,,a contacter,,,,,,,,,,,,reseaux,,NOYAREY,,38,,,,,,,,,,,,,,,,,,,,,,,,,,,,,,,072502735,07250273500037,43.21A,,,,,,,,,,,sirene,
SOC DE BATIMENT ET GENIE CIVIL,,,a contacter,,,,,,,,,,,,reseaux,,SAINTE-MARGUERITE,,88,,,,,,,,,,,,,,,,,,,,,,,,,,,,,,,328718481,32871848100026,42.21Z,,,,,,,,,,,sirene,
SOC DE TRANSPORTS ET TRAVAUX PUB BORDET,,,a contacter,,,,,,,,,,,,reseaux,,SAINT-FORT-SUR-GIRONDE,,17,,,,,,,,,,,,,,,,,,,,,,,,,,,,,,,527050132,52705013200010,42.21Z,,,,,,,,,,,sirene,
SOC ELECT CONTROLE AUTOMATISME,,,a contacter,,,,,,,,,,,,reseaux,,LA HAGUE,,50,,,,,,,,,,,,,,,,,,,,,,,,,,,,,,,316039619,31603961900036,43.21A,,,,,,,,,,,sirene,
SOC ELECTRICITE ECLAIRAGE ILLUMINATION,,,a contacter,,,,,,,,,,,,reseaux,,NIEDERHAUSBERGEN,,67,,,,,,,,,,,,,,,,,,,,,,,,,,,,,,,487871816,48787181600046,43.21A,,,,,,,,,,,sirene,
SOC ELECTRICITE GENERALE ETAMPOISE,,,a contacter,,,,,,,,,,,,reseaux,,ETAMPES,,91,,,,,,,,,,,,,,,,,,,,,,,,,,,,,,,958200388,95820038800048,43.21A,,,,,,,,,,,sirene,
SOC ELECTRICITE TELEPHONE ALARME,,,a contacter,,,,,,,,,,,,reseaux,,CREHANGE,,57,,,,,,,,,,,,,,,,,,,,,,,,,,,,,,,341097269,34109726900037,43.21A,,,,,,,,,,,sirene,
SOC ELECTRIQUE BEAUJOLAISE,,,a contacter,,,,,,,,,,,,reseaux,,LANTIGNIE,,69,,,,,,,,,,,,,,,,,,,,,,,,,,,,,,,313550881,31355088100020,43.21A,,,,,,,,,,,sirene,
SOC ENTRETIEN ECLAIRAGE PUBLIC,,,a contacter,,,,,,,,,,,,reseaux,,FRONTIGNAN,,34,,,,,,,,,,,,,,,,,,,,,,,,,,,,,,,682680079,68268007900048,43.21A,,,,,,,,,,,sirene,
SOC EQUIPEMENT ET TRAVAUX MECANI DE LIGN,,,a contacter,,,,,,,,,,,,reseaux,,TAVERNES,,83,,,,,,,,,,,,,,,,,,,,,,,,,,,,,,,418202040,41820204000022,42.22Z,,,,,,,,,,,sirene,
SOC EQUIPEMENT INDUSTRIE BATIMENT,,,a contacter,,,,,,,,,,,,reseaux,,BAIE-MAHAULT,,971,,,,,,,,,,,,,,,,,,,,,,,,,,,,,,,344242029,34424202900025,42.21Z,,,,,,,,,,,sirene,
SOC ETUDE CONCEPT ARMOIRES TAB ELECT,,,a contacter,,,,,,,,,,,,reseaux,,MONT-DE-MARSAN,,40,,,,,,,,,,,,,,,,,,,,,,,,,,,,,,,452330004,45233000400014,43.21A,,,,,,,,,,,sirene,
SOC ETUDE TRAVAUX INDUSTRIELS,,,a contacter,,,,,,,,,,,,reseaux,,CHAUNY,,02,,,,,,,,,,,,,,,,,,,,,,,,,,,,,,,569800469,56980046900037,42.22Z,,,,,,,,,,,sirene,
SOC ETUDES ENTR TRAVAUX PUBLICS ROBINET,,,a contacter,,,,,,,,,,,,reseaux,,SAINT-ETIENNE,,42,,,,,,,,,,,,,,,,,,,,,,,,,,,,,,,604500538,60450053800110,42.21Z,,,,,,,,,,,sirene,
SOC ETUDES INSTAL HYDROELECTRI,,,a contacter,,,,,,,,,,,,reseaux,,CAPBRETON,,40,,,,,,,,,,,,,,,,,,,,,,,,,,,,,,,782061709,78206170900062,42.21Z,,,,,,,,,,,sirene,
SOC ETUDES REALISATIONS ELECT LYONNAISES,,,a contacter,,,,,,,,,,,,reseaux,,SAINT-PRIEST,,69,,,,,,,,,,,,,,,,,,,,,,,,,,,,,,,971502943,97150294300071,43.21A,,,,,,,,,,,sirene,
SOC EXECUT LIGNES INTER TRAV ELECTRIQ,,,a contacter,,,,,,,,,,,,reseaux,,MATOURY,,973,,,,,,,,,,,,,,,,,,,,,,,,,,,,,,,480269539,48026953900031,42.22Z,,,,,,,,,,,sirene,
SOC EXPL ENTR ELECT FELDNER,,,a contacter,,,,,,,,,,,,reseaux,,CHATENOIS,,67,,,,,,,,,,,,,,,,,,,,,,,,,,,,,,,329235188,32923518800029,42.22Z,,,,,,,,,,,sirene,
SOC EXPLOIT ETABL C G FERRE,,,a contacter,,,,,,,,,,,,reseaux,,SORGUES,,84,,,,,,,,,,,,,,,,,,,,,,,,,,,,,,,722621307,72262130700015,42.22Z,,,,,,,,,,,sirene,
SOC EXPLOITATION ETABLISSEMENTS JEAUMOT,,,a contacter,,,,,,,,,,,,reseaux,,AIGURANDE,,36,,,,,,,,,,,,,,,,,,,,,,,,,,,,,,,479017576,47901757600014,43.21A,,,,,,,,,,,sirene,
SOC EXPLOITATION ETS BONNEFILLE,,,a contacter,,,,,,,,,,,,reseaux,,SAINT-CHRISTOL-LEZ-ALES,,30,,,,,,,,,,,,,,,,,,,,,,,,,,,,,,,331787093,33178709300029,42.22Z,,,,,,,,,,,sirene,
SOC GENERALE ELECTRICITE OLCZAK,,,a contacter,,,,,,,,,,,,reseaux,,LALLAING,,59,,,,,,,,,,,,,,,,,,,,,,,,,,,,,,,316472497,31647249700031,42.22Z,,,,,,,,,,,sirene,
SOC IMMOB TRAVAUX PUBLIC OUEST,,,a contacter,,,,,,,,,,,,reseaux,,AGNEAUX,,50,,,,,,,,,,,,,,,,,,,,,,,,,,,,,,,906980198,90698019800020,42.21Z,,,,,,,,,,,sirene,
SOC INDUST BEARN ELECTRICITE,,,a contacter,,,,,,,,,,,,reseaux,,LESCAR,,64,,,,,,,,,,,,,,,,,,,,,,,,,,,,,,,332927953,33292795300023,43.21A,,,,,,,,,,,sirene,
SOC INGENIERIE REALI TRAVAUX ELECTRIQUES,,,a contacter,,,,,,,,,,,,reseaux,,MONT-DE-MARSAN,,40,,,,,,,,,,,,,,,,,,,,,,,,,,,,,,,440130144,44013014400023,42.22Z,,,,,,,,,,,sirene,
SOC INSTAL ELECTRIQUE BATIM,,,a contacter,,,,,,,,,,,,reseaux,,PARIS,,75,,,,,,,,,,,,,,,,,,,,,,,,,,,,,,,572117182,57211718200020,43.21A,,,,,,,,,,,sirene,
SOC INSTALL TELEPHON SIGNALISATION,,,a contacter,,,,,,,,,,,,reseaux,,ROSNY-SUR-SEINE,,78,,,,,,,,,,,,,,,,,,,,,,,,,,,,,,,692050842,69205084200065,42.22Z,,,,,,,,,,,sirene,
SOC INSTALLATION ELECT MECAN,,,a contacter,,,,,,,,,,,,reseaux,,SURESNES,,92,,,,,,,,,,,,,,,,,,,,,,,,,,,,,,,622044600,62204460000022,43.21A,,,,,,,,,,,sirene,
SOC LA GARONNE,,,a contacter,,,,,,,,,,,,reseaux,,TOULOUSE,,31,,,,,,,,,,,,,,,,,,,,,,,,,,,,,,,560800583,56080058300034,42.21Z,,,,,,,,,,,sirene,
SOC LANGUEDOC TRAVAUX PUBLIC GENIE CIVIL,,,a contacter,,,,,,,,,,,,reseaux,,AGDE,,34,,,,,,,,,,,,,,,,,,,,,,,,,,,,,,,612920082,61292008200023,42.21Z,,,,,,,,,,,sirene,
SOC MEDITERRANEENNE D'ELECTRICITE,,,a contacter,,,,,,,,,,,,reseaux,,LE CANNET-DES-MAURES,,83,,,,,,,,,,,,,,,,,,,,,,,,,,,,,,,399552934,39955293400040,43.21A,,,,,,,,,,,sirene,
SOC MODERNE ENTREPRISES CANALISATION,,,a contacter,,,,,,,,,,,,reseaux,,SAINT-REMY,,01,,,,,,,,,,,,,,,,,,,,,,,,,,,,,,,771200680,77120068000037,42.21Z,,,,,,,,,,,sirene,
SOC NOUVELLE BOUDE,,,a contacter,,,,,,,,,,,,reseaux,,SAINT-AVIT,,40,,,,,,,,,,,,,,,,,,,,,,,,,,,,,,,350410395,35041039500031,42.21Z,,,,,,,,,,,sirene,
SOC NOUVELLE COTRASOL,,,a contacter,,,,,,,,,,,,reseaux,,ACHERES,,78,,,,,,,,,,,,,,,,,,,,,,,,,,,,,,,417702255,41770225500023,42.21Z,,,,,,,,,,,sirene,
SOC PILET ET PIERRE,,,a contacter,,,,,,,,,,,,reseaux,,NANTES,,44,,,,,,,,,,,,,,,,,,,,,,,,,,,,,,,344389507,34438950700015,43.21A,,,,,,,,,,,sirene,
SOC PODESTA D'EQUIPEMENTS ELECTRIQUES,,,a contacter,,,,,,,,,,,,reseaux,,EYBENS,,38,,,,,,,,,,,,,,,,,,,,,,,,,,,,,,,442531059,44253105900032,43.21A,,,,,,,,,,,sirene,
SOC REUNIONNAISE DU RADIOTELEPHONE,,,a contacter,,,,,,,,,,,,reseaux,,SAINT-DENIS,,974,,,,,,,,,,,,,,,,,,,,,,,,,,,,,,,393551007,39355100700031,61.20Z,,,,,,,,,,,sirene,
SOC SITTELEC,,,a contacter,,,,,,,,,,,,reseaux,,BRIVE-LA-GAILLARDE,,19,,,,,,,,,,,,,,,,,,,,,,,,,,,,,,,390163988,39016398800038,43.21A,,,,,,,,,,,sirene,
SOC TRAVAUX BATIMENT SARL,,,a contacter,,,,,,,,,,,,reseaux,,SAINT-DENIS,,974,,,,,,,,,,,,,,,,,,,,,,,,,,,,,,,413994914,41399491400013,43.21A,,,,,,,,,,,sirene,
SOC TRAVAUX ELECTRIQUES SOTELEC,,,a contacter,,,,,,,,,,,,reseaux,,CARENTAN-LES-MARAIS,,50,,,,,,,,,,,,,,,,,,,,,,,,,,,,,,,337717946,33771794600020,43.21A,,,,,,,,,,,sirene,
SOC TRAVAUX MAINTENANCE ELECTRIQUE,,,a contacter,,,,,,,,,,,,reseaux,,MARSEILLE,,13,,,,,,,,,,,,,,,,,,,,,,,,,,,,,,,394354625,39435462500045,43.21A,,,,,,,,,,,sirene,
SOCA ELEC,,,a contacter,,,,,,,,,,,,reseaux,,SAINT-PALAIS,,64,,,,,,,,,,,,,,,,,,,,,,,,,,,,,,,398551531,39855153100013,42.22Z,,,,,,,,,,,sirene,
SOCADEL,,,a contacter,,,,,,,,,,,,reseaux,,GLEIZE,,69,,,,,,,,,,,,,,,,,,,,,,,,,,,,,,,341149862,34114986200045,43.21A,,,,,,,,,,,sirene,
SOCCO ENTREPRISE,,,a contacter,,,,,,,,,,,,reseaux,,CHAVANOD,,74,,,,,,,,,,,,,,,,,,,,,,,,,,,,,,,327020095,32702009500037,42.21Z,,,,,,,,,,,sirene,
SOCHALEG,,,a contacter,,,,,,,,,,,,reseaux,,CHALON-SUR-SAONE,,71,,,,,,,,,,,,,,,,,,,,,,,,,,,,,,,306906355,30690635500020,43.21A,,,,,,,,,,,sirene,
SOCIETE A. LEGROS ET CIE,,,a contacter,,,,,,,,,,,,reseaux,,RILLIEUX-LA-PAPE,,69,,,,,,,,,,,,,,,,,,,,,,,,,,,,,,,968505016,96850501600046,42.21Z,,,,,,,,,,,sirene,
SOCIETE ALPINE DE SECURITE INCENDIE ET DE CONSEIL,,,a contacter,,,,,,,,,,,,reseaux,,MONTBONNOT-SAINT-MARTIN,,38,,,,,,,,,,,,,,,,,,,,,,,,,,,,,,,348418906,34841890600031,43.21A,,,,,,,,,,,sirene,
SOCIETE ANONYME COMALEC,,,a contacter,,,,,,,,,,,,reseaux,,CRISSEY,,71,,,,,,,,,,,,,,,,,,,,,,,,,,,,,,,727320020,72732002000033,43.21A,,,,,,,,,,,sirene,
SOCIETE ANTILLAISE DE SECURITE,,,a contacter,,,,,,,,,,,,reseaux,,BAIE-MAHAULT,,971,,,,,,,,,,,,,,,,,,,,,,,,,,,,,,,489330001,48933000100020,43.21A,,,,,,,,,,,sirene,
SOCIETE APPLIC MODERNE DE L' ELECTRICITE,,,a contacter,,,,,,,,,,,,reseaux,,LA PENNE-SUR-HUVEAUNE,,13,,,,,,,,,,,,,,,,,,,,,,,,,,,,,,,331318154,33131815400043,43.21A,,,,,,,,,,,sirene,
SOCIETE APPLICATIONS TECHNIQUES INDUSTRIELLES FRANCE,,,a contacter,,,,,,,,,,,,reseaux,,PACE,,35,,,,,,,,,,,,,,,,,,,,,,,,,,,,,,,347667503,34766750300069,43.21A,,,,,,,,,,,sirene,
SOCIETE ARMORICAINE DE CANALISATIONS,,,a contacter,,,,,,,,,,,,reseaux,,LE RHEU,,35,,,,,,,,,,,,,,,,,,,,,,,,,,,,,,,309065910,30906591000031,42.21Z,,,,,,,,,,,sirene,
SOCIETE AXONAISE D'AMENAGEMENT DE RESEAUX DE TELECOMMUNICATION - S.A.A.R.T.,,,a contacter,,,,,,,,,,,,reseaux,,BENAY,,02,,,,,,,,,,,,,,,,,,,,,,,,,,,,,,,378777759,37877775900028,42.22Z,,,,,,,,,,,sirene,
SOCIETE BEAUFORTAINE D'ELECTRICITE,,,a contacter,,,,,,,,,,,,reseaux,,QUEIGE,,73,,,,,,,,,,,,,,,,,,,,,,,,,,,,,,,451634646,45163464600033,43.21A,,,,,,,,,,,sirene,
SOCIETE BERNARD ELECTRICITE,,,a contacter,,,,,,,,,,,,reseaux,,BESANCON,,25,,,,,,,,,,,,,,,,,,,,,,,,,,,,,,,383343712,38334371200022,43.21A,,,,,,,,,,,sirene,
SOCIETE BONNET PERRIN,,,a contacter,,,,,,,,,,,,reseaux,,GILLEY,,25,,,,,,,,,,,,,,,,,,,,,,,,,,,,,,,337726582,33772658200030,43.21A,,,,,,,,,,,sirene,
SOCIETE BOUILLARD-CASAGRANDE & CIE,,,a contacter,,,,,,,,,,,,reseaux,,FAISSAULT,,08,,,,,,,,,,,,,,,,,,,,,,,,,,,,,,,787020544,78702054400021,42.22Z,,,,,,,,,,,sirene,
SOCIETE BRESSANE D ELECTRICITE,,,a contacter,,,,,,,,,,,,reseaux,,PERONNAS,,01,,,,,,,,,,,,,,,,,,,,,,,,,,,,,,,333482651,33348265100036,43.21A,,,,,,,,,,,sirene,
SOCIETE BRESSANE DE TRAVAUX PUBLICS,,,a contacter,,,,,,,,,,,,reseaux,,BOURG-EN-BRESSE,,01,,,,,,,,,,,,,,,,,,,,,,,,,,,,,,,756200267,75620026700026,42.22Z,,,,,,,,,,,sirene,
SOCIETE BRETAGNE ELECTRICITE CHAUFFAGE,,,a contacter,,,,,,,,,,,,reseaux,,BREST,,29,,,,,,,,,,,,,,,,,,,,,,,,,,,,,,,502584048,50258404800032,43.21A,,,,,,,,,,,sirene,
SOCIETE CADICALLAISE DE CONSTRUCTIONS MODERNES,,,a contacter,,,,,,,,,,,,reseaux,,TARNES,,33,,,,,,,,,,,,,,,,,,,,,,,,,,,,,,,324397140,32439714000033,42.21Z,,,,,,,,,,,sirene,
SOCIETE CANALISATION CORBIERES MINERVOIS,,,a contacter,,,,,,,,,,,,reseaux,,LEZIGNAN-CORBIERES,,11,,,,,,,,,,,,,,,,,,,,,,,,,,,,,,,909086381,90908638100011,42.21Z,,,,,,,,,,,sirene,
SOCIETE CARAIBES ELECTRICITE,,,a contacter,,,,,,,,,,,,reseaux,,FORT-DE-FRANCE,,972,,,,,,,,,,,,,,,,,,,,,,,,,,,,,,,350264537,35026453700027,43.21A,,,,,,,,,,,sirene,
SOCIETE CHAMPARDENNAISE D'ENTREPRISES ELECTRIQUES,,,a contacter,,,,,,,,,,,,reseaux,,REIMS,,51,,,,,,,,,,,,,,,,,,,,,,,,,,,,,,,338735939,33873593900047,42.22Z,,,,,,,,,,,sirene,
SOCIETE CHAROLLAISE DE TRAVAUX PUBLICS,,,a contacter,,,,,,,,,,,,reseaux,,HAUTEFOND,,71,,,,,,,,,,,,,,,,,,,,,,,,,,,,,,,306881939,30688193900020,42.21Z,,,,,,,,,,,sirene,
SOCIETE CHARTRAINE D'ELECTRICITE,,,a contacter,,,,,,,,,,,,reseaux,,CHARTRES,,28,,,,,,,,,,,,,,,,,,,,,,,,,,,,,,,806420626,80642062600087,43.21A,,,,,,,,,,,sirene,
SOCIETE CHAUMERY,,,a contacter,,,,,,,,,,,,reseaux,,MARSEILLE,,13,,,,,,,,,,,,,,,,,,,,,,,,,,,,,,,403796063,40379606300028,43.21A,,,,,,,,,,,sirene,
SOCIETE CISSE,,,a contacter,,,,,,,,,,,,reseaux,,BOULOIRE,,72,,,,,,,,,,,,,,,,,,,,,,,,,,,,,,,407773894,40777389400040,42.21Z,,,,,,,,,,,sirene,
SOCIETE CLAUDE MERMIN ELECTRICITE GENERALE,,,a contacter,,,,,,,,,,,,reseaux,,MORANGIS,,91,,,,,,,,,,,,,,,,,,,,,,,,,,,,,,,320917107,32091710700056,43.21A,,,,,,,,,,,sirene,
SOCIETE COMMERCIALE DE TELECOMMUNICATION SCT,,,a contacter,,,,,,,,,,,,reseaux,,VALBONNE,,06,,,,,,,,,,,,,,,,,,,,,,,,,,,,,,,412391104,41239110400418,61.10Z,,,,,,,,,,,sirene,
SOCIETE CONTROLE ALARME TELEPHONE,,,a contacter,,,,,,,,,,,,reseaux,,MERICOURT,,62,,,,,,,,,,,,,,,,,,,,,,,,,,,,,,,344896915,34489691500016,43.21A,,,,,,,,,,,sirene,
SOCIETE COOPERATIVE OUVRIERE VENDEE ATLANTIQUE DE TRAVAUX PUBLICS SC.C.O.V.A.T.P.,,,a contacter,,,,,,,,,,,,reseaux,,COMMEQUIERS,,85,,,,,,,,,,,,,,,,,,,,,,,,,,,,,,,318571700,31857170000018,42.21Z,,,,,,,,,,,sirene,
SOCIETE D APPLICATIONS DIESEL,,,a contacter,,,,,,,,,,,,reseaux,,THIONVILLE,,57,,,,,,,,,,,,,,,,,,,,,,,,,,,,,,,786880328,78688032800012,43.21A,,,,,,,,,,,sirene,
SOCIETE D APPLICATIONS TECHNIQUES ELECTRIQUES,,,a contacter,,,,,,,,,,,,reseaux,,MARSEILLE,,13,,,,,,,,,,,,,,,,,,,,,,,,,,,,,,,335321733,33532173300032,43.21A,,,,,,,,,,,sirene,
SOCIETE D ELECTRICITE GENERALE ET D AUTOMATISME MACUK,,,a contacter,,,,,,,,,,,,reseaux,,WATTRELOS,,59,,,,,,,,,,,,,,,,,,,,,,,,,,,,,,,328349352,32834935200026,43.21A,,,,,,,,,,,sirene,
SOCIETE D ELECTRICITE POUR LE CHAUFFAGE ET LE CONDITIONNEMENT D'AIR EN ABREGE SECCA,,,a contacter,,,,,,,,,,,,reseaux,,CEYZERIAT,,01,,,,,,,,,,,,,,,,,,,,,,,,,,,,,,,303709521,30370952100023,43.21A,,,,,,,,,,,sirene,
SOCIETE D EQUIPEMENT DE MAINTENANCE D INSTALLATIONS PETROLIERES SEMIP,,,a contacter,,,,,,,,,,,,reseaux,,BONDY,,93,,,,,,,,,,,,,,,,,,,,,,,,,,,,,,,397777947,39777794700029,42.21Z,,,,,,,,,,,sirene,
"SOCIETE D ETUDES, DE TRAVAUX HYDRAULIQUES ET D'ADDUCTION D'EAU",,,a contacter,,,,,,,,,,,,reseaux,,BOBIGNY,,93,,,,,,,,,,,,,,,,,,,,,,,,,,,,,,,301291738,30129173800021,42.21Z,,,,,,,,,,,sirene,
SOCIETE D EXPLOITATION DE L ENTREPRISE BOUSQUET,,,a contacter,,,,,,,,,,,,reseaux,,MARAUSSAN,,34,,,,,,,,,,,,,,,,,,,,,,,,,,,,,,,419662234,41966223400030,43.21A,,,,,,,,,,,sirene,
SOCIETE D EXPLOITATION ELECTRIQUE DUBELLY GILLES,,,a contacter,,,,,,,,,,,,reseaux,,CHAMPLAN,,91,,,,,,,,,,,,,,,,,,,,,,,,,,,,,,,326467495,32646749500023,43.21A,,,,,,,,,,,sirene,
SOCIETE D INSTALLATION ET DE MAINTENANCE D EQUIPEMENTS ELECTRIQUES  S.M.E.E,,,a contacter,,,,,,,,,,,,reseaux,,SAINT-GEORGES-DE-RENEINS,,69,,,,,,,,,,,,,,,,,,,,,,,,,,,,,,,325101376,32510137600045,43.21A,,,,,,,,,,,sirene,
SOCIETE D INTEGRATION DE RESEAUX DE TELECOMMUNICATIONS,,,a contacter,,,,,,,,,,,,reseaux,,LAVERUNE,,34,,,,,,,,,,,,,,,,,,,,,,,,,,,,,,,794520874,79452087400049,42.22Z,,,,,,,,,,,sirene,
SOCIETE D ORGANISATION DE TRAVAUX ELECTRIQUE ET DE BATIMENT,,,a contacter,,,,,,,,,,,,reseaux,,BONNEUIL-SUR-MARNE,,94,,,,,,,,,,,,,,,,,,,,,,,,,,,,,,,437726110,43772611000046,43.21A,,,,,,,,,,,sirene,
SOCIETE D'APPLICATIONS ELECTRIQUES DU CENTRE,,,a contacter,,,,,,,,,,,,reseaux,,MOZAC,,63,,,,,,,,,,,,,,,,,,,,,,,,,,,,,,,310591060,31059106000069,43.21A,,,,,,,,,,,sirene,
SOCIETE D'APPLICATIONS TELEPHONIQUES ET TELECOMMUNICATIONS,,,a contacter,,,,,,,,,,,,reseaux,,BORDERES-SUR-L'ECHEZ,,65,,,,,,,,,,,,,,,,,,,,,,,,,,,,,,,320181779,32018177900028,43.21A,,,,,,,,,,,sirene,
SOCIETE D'ELECTRICITE ET DE CABLAGE,,,a contacter,,,,,,,,,,,,reseaux,,SAINTE-MARIE,,974,,,,,,,,,,,,,,,,,,,,,,,,,,,,,,,403180185,40318018500049,43.21B,,,,,,,,,,,sirene,
SOCIETE D'ELECTRICITE GENERALE DUNKERQUOISE,,,a contacter,,,,,,,,,,,,reseaux,,TETEGHEM-COUDEKERQUE-VILLAGE,,59,,,,,,,,,,,,,,,,,,,,,,,,,,,,,,,343433660,34343366000028,43.21A,,,,,,,,,,,sirene,
SOCIETE D'ELECTRICITE REGULATION ET AUTOMATISME,,,a contacter,,,,,,,,,,,,reseaux,,MIONS,,69,,,,,,,,,,,,,,,,,,,,,,,,,,,,,,,387467293,38746729300032,43.21A,,,,,,,,,,,sirene,
SOCIETE D'ELECTRICITE VENDEVILLE,,,a contacter,,,,,,,,,,,,reseaux,,SECLIN,,59,,,,,,,,,,,,,,,,,,,,,,,,,,,,,,,320799331,32079933100030,43.21A,,,,,,,,,,,sirene,
SOCIETE D'ELECTRO-MECANIQUE ET D'ELECTRO-TECHNIQUE S.E.M.E.T.,,,a contacter,,,,,,,,,,,,reseaux,,ANNESSE-ET-BEAULIEU,,24,,,,,,,,,,,,,,,,,,,,,,,,,,,,,,,399212679,39921267900035,43.21A,,,,,,,,,,,sirene,
SOCIETE D'ENTREPRISES GENERALES & D'EXPLOITATIONS DU CENTRE,,,a contacter,,,,,,,,,,,,reseaux,,MONTGIVRAY,,36,,,,,,,,,,,,,,,,,,,,,,,,,,,,,,,816520068,81652006800023,42.21Z,,,,,,,,,,,sirene,
SOCIETE D'EQUIPEMENT ELECTRIQUE DE L'ATLANTIQUE,,,a contacter,,,,,,,,,,,,reseaux,,BURIE,,17,,,,,,,,,,,,,,,,,,,,,,,,,,,,,,,807446075,80744607500028,43.21A,,,,,,,,,,,sirene,
SOCIETE D'EQUIPEMENT ELECTRIQUE MAGAGNIN,,,a contacter,,,,,,,,,,,,reseaux,,SAINT-ANDRE-DE-CORCY,,01,,,,,,,,,,,,,,,,,,,,,,,,,,,,,,,340167741,34016774100024,43.21A,,,,,,,,,,,sirene,
SOCIETE D'EQUIPEMENT ET DE RENOVATION,,,a contacter,,,,,,,,,,,,reseaux,,WITRY-LES-REIMS,,51,,,,,,,,,,,,,,,,,,,,,,,,,,,,,,,327557567,32755756700044,43.21A,,,,,,,,,,,sirene,
SOCIETE D'EQUIPEMENTS ELECTRIQUES FIONDA,,,a contacter,,,,,,,,,,,,reseaux,,MORANGIS,,91,,,,,,,,,,,,,,,,,,,,,,,,,,,,,,,387891104,38789110400011,43.21A,,,,,,,,,,,sirene,
SOCIETE D'EQUIPEMENTS TUYAUTERIES,,,a contacter,,,,,,,,,,,,reseaux,,ROUVROY,,62,,,,,,,,,,,,,,,,,,,,,,,,,,,,,,,338452402,33845240200039,42.21Z,,,,,,,,,,,sirene,
SOCIETE D'ETUDES ET DE REALISATION D'INSTALLATIONS DE SECURITE,,,a contacter,,,,,,,,,,,,reseaux,,IVRY-SUR-SEINE,,94,,,,,,,,,,,,,,,,,,,,,,,,,,,,,,,308276088,30827608800074,43.21A,,,,,,,,,,,sirene,
SOCIETE D'ETUDES ET REALISATIONS DE TRAVAUX ELECTRIQUE,,,a contacter,,,,,,,,,,,,reseaux,,MONT-DE-MARSAN,,40,,,,,,,,,,,,,,,,,,,,,,,,,,,,,,,344525613,34452561300024,43.21A,,,,,,,,,,,sirene,
SOCIETE D'ETUDES ET REALISATIONS ENERGETIQUES,,,a contacter,,,,,,,,,,,,reseaux,,BEGLES,,33,,,,,,,,,,,,,,,,,,,,,,,,,,,,,,,431750868,43175086800025,43.21A,,,,,,,,,,,sirene,
SOCIETE D'EXECUTION MACONNERIE ELECTRICITE PRETAZZINI,,,a contacter,,,,,,,,,,,,reseaux,,ANTIBES,,06,,,,,,,,,,,,,,,,,,,,,,,,,,,,,,,352015341,35201534100030,43.21A,,,,,,,,,,,sirene,
SOCIETE D'EXPANSION POUR LES DEPARTEMENTS D'OUTRE MER,,,a contacter,,,,,,,,,,,,reseaux,,BAIE-MAHAULT,,971,,,,,,,,,,,,,,,,,,,,,,,,,,,,,,,321504672,32150467200031,42.22Z,,,,,,,,,,,sirene,
SOCIETE D'EXPLOITATION DE L'ENTREPRISE BARRABES,,,a contacter,,,,,,,,,,,,reseaux,,CARCASSONNE,,11,,,,,,,,,,,,,,,,,,,,,,,,,,,,,,,523346708,52334670800028,43.21A,,,,,,,,,,,sirene,
SOCIETE D'EXPLOITATION DE L'ENTREPRISE BAYOL,,,a contacter,,,,,,,,,,,,reseaux,,IBOS,,65,,,,,,,,,,,,,,,,,,,,,,,,,,,,,,,309868917,30986891700027,42.21Z,,,,,,,,,,,sirene,
SOCIETE D'EXPLOITATION DES ETABLISSEMENTS JEAN-JEAN,,,a contacter,,,,,,,,,,,,reseaux,,LACANAU,,33,,,,,,,,,,,,,,,,,,,,,,,,,,,,,,,394409924,39440992400013,43.21A,,,,,,,,,,,sirene,
SOCIETE D'INSTALLATIONS DE PROTECTION,,,a contacter,,,,,,,,,,,,reseaux,,MARSEILLE,,13,,,,,,,,,,,,,,,,,,,,,,,,,,,,,,,328006861,32800686100046,43.21A,,,,,,,,,,,sirene,
SOCIETE D'INSTALLATIONS ELECTRIQUES,,,a contacter,,,,,,,,,,,,reseaux,,VILLENEUVE-SUR-VERBERIE,,60,,,,,,,,,,,,,,,,,,,,,,,,,,,,,,,434499208,43449920800024,43.21A,,,,,,,,,,,sirene,
SOCIETE D'INSTALLATIONS ELECTRIQUES SIELEC,,,a contacter,,,,,,,,,,,,reseaux,,VAIVRE-ET-MONTOILLE,,70,,,,,,,,,,,,,,,,,,,,,,,,,,,,,,,394641864,39464186400035,43.21A,,,,,,,,,,,sirene,
SOCIETE D'INSTALLATIONS TECHNIQUES ET ELECTRIQUES DU BATIMENT,,,a contacter,,,,,,,,,,,,reseaux,,SAINT-ASTIER,,24,,,,,,,,,,,,,,,,,,,,,,,,,,,,,,,808754691,80875469100034,43.21A,,,,,,,,,,,sirene,
SOCIETE D'INTERVENTION SUR TABLEAUX ELECTRIQUES,,,a contacter,,,,,,,,,,,,reseaux,,CHELLES,,77,,,,,,,,,,,,,,,,,,,,,,,,,,,,,,,821853132,82185313200024,43.21A,,,,,,,,,,,sirene,
SOCIETE DE CABLAGE INFORMATIQUE ET ELECTRIQUE,,,a contacter,,,,,,,,,,,,reseaux,,ALFORTVILLE,,94,,,,,,,,,,,,,,,,,,,,,,,,,,,,,,,378650394,37865039400042,43.21A,,,,,,,,,,,sirene,
SOCIETE DE CANALISATIONS ATLANTIQUE MEDITERRANEE TRAVAUX PUBLICS SCAM TP,,,a contacter,,,,,,,,,,,,reseaux,,GARIDECH,,31,,,,,,,,,,,,,,,,,,,,,,,,,,,,,,,383988219,38398821900028,42.21Z,,,,,,,,,,,sirene,
SOCIETE DE CANALISATIONS ET DE TRAVAUX PUBLICS DE L AIN SOCATRA,,,a contacter,,,,,,,,,,,,reseaux,,PONT-D'AIN,,01,,,,,,,,,,,,,,,,,,,,,,,,,,,,,,,303378095,30337809500051,42.21Z,,,,,,,,,,,sirene,
SOCIETE DE CONCEPTION MAINTENANCE CONSTRUCTION TRAVAUX PUBLICS,,,a contacter,,,,,,,,,,,,reseaux,,SAINT JUNIEN,,87,,,,,,,,,,,,,,,,,,,,,,,,,,,,,,,385093406,38509340600028,42.21Z,,,,,,,,,,,sirene,
"SOCIETE DE CONSTRUCTION, DE CANALISATIONS ET DE LIGNES ELECTRIQUES - SOCALEC",,,a contacter,,,,,,,,,,,,reseaux,,GOUZON,,23,,,,,,,,,,,,,,,,,,,,,,,,,,,,,,,347666257,34766625700022,42.22Z,,,,,,,,,,,sirene,
SOCIETE DE DEVELOPPEMENT ET DE REALISATION DE TRAVAUX PUBLICS,,,a contacter,,,,,,,,,,,,reseaux,,MONTREGARD,,43,,,,,,,,,,,,,,,,,,,,,,,,,,,,,,,502420193,50242019300026,42.21Z,,,,,,,,,,,sirene,
SOCIETE DE DISTRIBUTION NUMERIQUE (SDN),,,a contacter,,,,,,,,,,,,reseaux,,JUILLAN,,65,,,,,,,,,,,,,,,,,,,,,,,,,,,,,,,853969053,85396905300034,61.20Z,,,,,,,,,,,sirene,
SOCIETE DE LOCATION VIDEO ET D ELECTRICITE GENERALE,,,a contacter,,,,,,,,,,,,reseaux,,CRETEIL,,94,,,,,,,,,,,,,,,,,,,,,,,,,,,,,,,323592931,32359293100071,43.21A,,,,,,,,,,,sirene,
SOCIETE DE MAINTENANCE ET D'EQUIPEMENT ELECTRICITE,,,a contacter,,,,,,,,,,,,reseaux,,MAUGUIO,,34,,,,,,,,,,,,,,,,,,,,,,,,,,,,,,,389702804,38970280400037,43.21A,,,,,,,,,,,sirene,
SOCIETE DE MONTAGE TELEPHONIQUE,,,a contacter,,,,,,,,,,,,reseaux,,SENONCHES,,28,,,,,,,,,,,,,,,,,,,,,,,,,,,,,,,418396370,41839637000110,61.90Z,,,,,,,,,,,sirene,
SOCIETE DE RACCORDEMENT DU 06,,,a contacter,,,,,,,,,,,,reseaux,,CARROS,,06,,,,,,,,,,,,,,,,,,,,,,,,,,,,,,,848663530,84866353000063,61.10Z,,,,,,,,,,,sirene,
SOCIETE DE TELEPHONE ET DE TELEDISTRIBUTION DU NORD,,,a contacter,,,,,,,,,,,,reseaux,,AWOINGT,,59,,,,,,,,,,,,,,,,,,,,,,,,,,,,,,,327124772,32712477200093,43.21A,,,,,,,,,,,sirene,
SOCIETE DE TRAVAUX AGRICOLES ET PUBLICS,,,a contacter,,,,,,,,,,,,reseaux,,MONTET-ET-BOUXAL,,46,,,,,,,,,,,,,,,,,,,,,,,,,,,,,,,319202412,31920241200015,42.21Z,,,,,,,,,,,sirene,
SOCIETE DE TRAVAUX PUBLICS DE L'AVESNOIS,,,a contacter,,,,,,,,,,,,reseaux,,HAUTMONT,,59,,,,,,,,,,,,,,,,,,,,,,,,,,,,,,,434576377,43457637700023,42.21Z,,,,,,,,,,,sirene,
SOCIETE DE TRAVAUX PUBLICS DE LORRAINE,,,a contacter,,,,,,,,,,,,reseaux,,DIEULOUARD,,54,,,,,,,,,,,,,,,,,,,,,,,,,,,,,,,340732056,34073205600031,42.21Z,,,,,,,,,,,sirene,
SOCIETE DE TRAVAUX PUBLICS DU GOLFE,,,a contacter,,,,,,,,,,,,reseaux,,MUZILLAC,,56,,,,,,,,,,,,,,,,,,,,,,,,,,,,,,,827998808,82799880800022,42.21Z,,,,,,,,,,,sirene,
SOCIETE DE TRAVAUX PUBLICS ET D'ELECTRIFICATION TRAPELEC,,,a contacter,,,,,,,,,,,,reseaux,,SAINTE-LUCE-SUR-LOIRE,,44,,,,,,,,,,,,,,,,,,,,,,,,,,,,,,,314408410,31440841000038,42.21Z,,,,,,,,,,,sirene,
SOCIETE DE TRAVAUX PUBLICS ET PARTICULIERS STPP,,,a contacter,,,,,,,,,,,,reseaux,,SAINT-FOLQUIN,,62,,,,,,,,,,,,,,,,,,,,,,,,,,,,,,,385146154,38514615400021,42.21Z,,,,,,,,,,,sirene,
SOCIETE DES TECHNIQUES ELECTRIQUES,,,a contacter,,,,,,,,,,,,reseaux,,MONTLUCON,,03,,,,,,,,,,,,,,,,,,,,,,,,,,,,,,,790088769,79008876900043,43.21A,,,,,,,,,,,sirene,
SOCIETE DROMOISE DE TRAVAUX,,,a contacter,,,,,,,,,,,,reseaux,,SAINT-MARCEL-LES-VALENCE,,26,,,,,,,,,,,,,,,,,,,,,,,,,,,,,,,309645034,30964503400047,43.21A,,,,,,,,,,,sirene,
SOCIETE DUPLANTIER,,,a contacter,,,,,,,,,,,,reseaux,,DURAS,,47,,,,,,,,,,,,,,,,,,,,,,,,,,,,,,,321007528,32100752800011,42.22Z,,,,,,,,,,,sirene,
SOCIETE E.R.T.V.,,,a contacter,,,,,,,,,,,,reseaux,,FONDETTES,,37,,,,,,,,,,,,,,,,,,,,,,,,,,,,,,,529082687,52908268700037,43.21A,,,,,,,,,,,sirene,
SOCIETE ELECTRICITE BAPTISTE SERVICE,,,a contacter,,,,,,,,,,,,reseaux,,SAINT-JOSEPH,,974,,,,,,,,,,,,,,,,,,,,,,,,,,,,,,,902446632,90244663200033,43.21A,,,,,,,,,,,sirene,
SOCIETE ELECTRICITE GENERALE INDUSTRIE RENOVATION SEGIR,,,a contacter,,,,,,,,,,,,reseaux,,THOIRY,,78,,,,,,,,,,,,,,,,,,,,,,,,,,,,,,,411603756,41160375600031,43.21A,,,,,,,,,,,sirene,
SOCIETE ELECTRIQUE DE TRAVAUX,,,a contacter,,,,,,,,,,,,reseaux,,AVIGNON,,84,,,,,,,,,,,,,,,,,,,,,,,,,,,,,,,304045099,30404509900021,43.21A,,,,,,,,,,,sirene,
SOCIETE ELECTRIQUE DE TRAVAUX BATIMENT,,,a contacter,,,,,,,,,,,,reseaux,,VAULX-EN-VELIN,,69,,,,,,,,,,,,,,,,,,,,,,,,,,,,,,,478110273,47811027300057,43.21A,,,,,,,,,,,sirene,
SOCIETE ELECTRO TECHNIQUE DE BOURBON,,,a contacter,,,,,,,,,,,,reseaux,,SAINT-DENIS,,974,,,,,,,,,,,,,,,,,,,,,,,,,,,,,,,310863766,31086376600039,43.21A,,,,,,,,,,,sirene,
SOCIETE ELECTRO-THERMIQUE,,,a contacter,,,,,,,,,,,,reseaux,,MOUANS-SARTOUX,,06,,,,,,,,,,,,,,,,,,,,,,,,,,,,,,,697120806,69712080600024,43.21A,,,,,,,,,,,sirene,
SOCIETE ENTRETIEN ET TRAVAUX,,,a contacter,,,,,,,,,,,,reseaux,,SARROLA-CARCOPINO,,2A,,,,,,,,,,,,,,,,,,,,,,,,,,,,,,,438839318,43883931800021,42.21Z,,,,,,,,,,,sirene,
SOCIETE EPLS,,,a contacter,,,,,,,,,,,,reseaux,,MONTREUIL,,93,,,,,,,,,,,,,,,,,,,,,,,,,,,,,,,334029063,33402906300040,43.21A,,,,,,,,,,,sirene,
SOCIETE ETABLISSEMENTS ROBERT,,,a contacter,,,,,,,,,,,,reseaux,,POMAS,,11,,,,,,,,,,,,,,,,,,,,,,,,,,,,,,,300301637,30030163700017,42.22Z,,,,,,,,,,,sirene,
SOCIETE EUREA,,,a contacter,,,,,,,,,,,,reseaux,,FRONTON,,31,,,,,,,,,,,,,,,,,,,,,,,,,,,,,,,513859405,51385940500021,42.21Z,,,,,,,,,,,sirene,
SOCIETE EUROPEENE D'ELECTRO-TECHNIQUE,,,a contacter,,,,,,,,,,,,reseaux,,CARLING,,57,,,,,,,,,,,,,,,,,,,,,,,,,,,,,,,373801869,37380186900034,43.21A,,,,,,,,,,,sirene,
SOCIETE EUROPEENNE D EQUIPEMENT SIMOES,,,a contacter,,,,,,,,,,,,reseaux,,ANTHELUPT,,54,,,,,,,,,,,,,,,,,,,,,,,,,,,,,,,342149135,34214913500010,42.22Z,,,,,,,,,,,sirene,
SOCIETE EUROPEENNE DE SECURITE,,,a contacter,,,,,,,,,,,,reseaux,,LEZENNES,,59,,,,,,,,,,,,,,,,,,,,,,,,,,,,,,,352267702,35226770200061,43.21A,,,,,,,,,,,sirene,
SOCIETE EXPLOITATION ETS GETI,,,a contacter,,,,,,,,,,,,reseaux,,LA CROIX VALMER,,83,,,,,,,,,,,,,,,,,,,,,,,,,,,,,,,423900018,42390001800015,43.21A,,,,,,,,,,,sirene,
SOCIETE FECAMPOISE D'ENTREPRISES ELECTRIQUES,,,a contacter,,,,,,,,,,,,reseaux,,SAINT-LEONARD,,76,,,,,,,,,,,,,,,,,,,,,,,,,,,,,,,346950033,34695003300032,43.21B,,,,,,,,,,,sirene,
SOCIETE GARONNE ARIEGE TRAVAUX PUBLICS,,,a contacter,,,,,,,,,,,,reseaux,,FENOUILLET,,31,,,,,,,,,,,,,,,,,,,,,,,,,,,,,,,351011010,35101101000037,42.21Z,,,,,,,,,,,sirene,
SOCIETE GENERALE D'ELECTRICITE ET D'AUTOMATISME,,,a contacter,,,,,,,,,,,,reseaux,,CERGY,,95,,,,,,,,,,,,,,,,,,,,,,,,,,,,,,,378060404,37806040400043,43.21A,,,,,,,,,,,sirene,
SOCIETE GENERALE D'ENTREPRISES PYRENEENNES,,,a contacter,,,,,,,,,,,,reseaux,,ADE,,65,,,,,,,,,,,,,,,,,,,,,,,,,,,,,,,352286793,35228679300034,42.21Z,,,,,,,,,,,sirene,
SOCIETE GENERALE DE CANALISATION,,,a contacter,,,,,,,,,,,,reseaux,,NOYELLES-SOUS-LENS,,62,,,,,,,,,,,,,,,,,,,,,,,,,,,,,,,891908410,89190841000030,42.21Z,,,,,,,,,,,sirene,
SOCIETE GENERALE DE CONSTRUCTIONS,,,a contacter,,,,,,,,,,,,reseaux,,LA FLECHE,,72,,,,,,,,,,,,,,,,,,,,,,,,,,,,,,,317614279,31761427900022,42.22Z,,,,,,,,,,,sirene,
SOCIETE GENERALE DE TRAVAUX,,,a contacter,,,,,,,,,,,,reseaux,,SEES,,61,,,,,,,,,,,,,,,,,,,,,,,,,,,,,,,096120274,09612027400012,42.22Z,,,,,,,,,,,sirene,
SOCIETE GENERALE DE TRAVAUX ELECTRIQUES SALMON S.G.T.E. SALMON,,,a contacter,,,,,,,,,,,,reseaux,,TOURNES,,08,,,,,,,,,,,,,,,,,,,,,,,,,,,,,,,400149506,40014950600026,43.21A,,,,,,,,,,,sirene,
SOCIETE GUILLARD,,,a contacter,,,,,,,,,,,,reseaux,,THIVARS,,28,,,,,,,,,,,,,,,,,,,,,,,,,,,,,,,440557551,44055755100023,43.21A,,,,,,,,,,,sirene,
SOCIETE GUYANAISE ELECTRICITE MAULINE,,,a contacter,,,,,,,,,,,,reseaux,,REMIRE-MONTJOLY,,973,,,,,,,,,,,,,,,,,,,,,,,,,,,,,,,792583122,79258312200025,43.21A,,,,,,,,,,,sirene,
SOCIETE HENRI,,,a contacter,,,,,,,,,,,,reseaux,,VINCENNES,,94,,,,,,,,,,,,,,,,,,,,,,,,,,,,,,,702016452,70201645200022,43.21A,,,,,,,,,,,sirene,
SOCIETE INGENIERIE AMENAGEMENT MAINTENANCE,,,a contacter,,,,,,,,,,,,reseaux,,WALLERS,,59,,,,,,,,,,,,,,,,,,,,,,,,,,,,,,,434809075,43480907500022,43.21A,,,,,,,,,,,sirene,
SOCIETE INNOVATRICE EN ELECTRICITE GENERALE,,,a contacter,,,,,,,,,,,,reseaux,,FEVES,,57,,,,,,,,,,,,,,,,,,,,,,,,,,,,,,,751217944,75121794400048,43.21A,,,,,,,,,,,sirene,
SOCIETE INSTALLATIONS TELECOMS COURANTS FORTS,,,a contacter,,,,,,,,,,,,reseaux,,EAUBONNE,,95,,,,,,,,,,,,,,,,,,,,,,,,,,,,,,,342801230,34280123000059,43.21A,,,,,,,,,,,sirene,
SOCIETE J.ROCHE,,,a contacter,,,,,,,,,,,,reseaux,,MEYZIEU,,69,,,,,,,,,,,,,,,,,,,,,,,,,,,,,,,312056112,31205611200039,42.21Z,,,,,,,,,,,sirene,
SOCIETE JFT,,,a contacter,,,,,,,,,,,,reseaux,,LYON,,69,,,,,,,,,,,,,,,,,,,,,,,,,,,,,,,326863404,32686340400033,43.21A,,,,,,,,,,,sirene,
SOCIETE LANDAISE DE TRAVAUX ELECTRIQUES,,,a contacter,,,,,,,,,,,,reseaux,,SERRES-GASTON,,40,,,,,,,,,,,,,,,,,,,,,,,,,,,,,,,306552910,30655291000011,43.21A,,,,,,,,,,,sirene,
SOCIETE LANGUEDOCIENNE D AMENAGEMENTS SA,,,a contacter,,,,,,,,,,,,reseaux,,LODEVE,,34,,,,,,,,,,,,,,,,,,,,,,,,,,,,,,,398109025,39810902500013,42.22Z,,,,,,,,,,,sirene,
SOCIETE LAONNOISE DE TRAVAUX PUBLICS,,,a contacter,,,,,,,,,,,,reseaux,,ETOUVELLES,,02,,,,,,,,,,,,,,,,,,,,,,,,,,,,,,,317453439,31745343900026,42.21Z,,,,,,,,,,,sirene,
SOCIETE LARREN RESEAUX,,,a contacter,,,,,,,,,,,,reseaux,,DECAZEVILLE,,12,,,,,,,,,,,,,,,,,,,,,,,,,,,,,,,451357065,45135706500023,42.22Z,,,,,,,,,,,sirene,
SOCIETE LEBRUN ET FILS,,,a contacter,,,,,,,,,,,,reseaux,,AUBERVILLIERS,,93,,,,,,,,,,,,,,,,,,,,,,,,,,,,,,,672030350,67203035000025,43.21A,,,,,,,,,,,sirene,
SOCIETE LECHEVALLIER MONTEIL,,,a contacter,,,,,,,,,,,,reseaux,,SAINT-LO,,50,,,,,,,,,,,,,,,,,,,,,,,,,,,,,,,338998941,33899894100045,43.21A,,,,,,,,,,,sirene,
SOCIETE LEFEVRE,,,a contacter,,,,,,,,,,,,reseaux,,TOLLEVAST,,50,,,,,,,,,,,,,,,,,,,,,,,,,,,,,,,519162127,51916212700020,43.21A,,,,,,,,,,,sirene,
SOCIETE LORRE,,,a contacter,,,,,,,,,,,,reseaux,,TADEN,,22,,,,,,,,,,,,,,,,,,,,,,,,,,,,,,,383579513,38357951300029,43.21A,,,,,,,,,,,sirene,
SOCIETE LUANTAISE D'EQUIPEMENTS ELECTRIQUES,,,a contacter,,,,,,,,,,,,reseaux,,CHATEAUROUX,,36,,,,,,,,,,,,,,,,,,,,,,,,,,,,,,,385145677,38514567700030,43.21A,,,,,,,,,,,sirene,
SOCIETE LYONNAISE D ECLAIRAGE,,,a contacter,,,,,,,,,,,,reseaux,,RILLIEUX-LA-PAPE,,69,,,,,,,,,,,,,,,,,,,,,,,,,,,,,,,421207721,42120772100075,43.21B,,,,,,,,,,,sirene,
SOCIETE MACONNAISE D'ENTREPRISE ELECTRIQUE (SMEE),,,a contacter,,,,,,,,,,,,reseaux,,MACON,,71,,,,,,,,,,,,,,,,,,,,,,,,,,,,,,,393214655,39321465500028,43.21A,,,,,,,,,,,sirene,
SOCIETE MADEC,,,a contacter,,,,,,,,,,,,reseaux,,LANDIVISIAU,,29,,,,,,,,,,,,,,,,,,,,,,,,,,,,,,,927150086,92715008600027,43.21A,,,,,,,,,,,sirene,
SOCIETE MAG ELECTRICITE,,,a contacter,,,,,,,,,,,,reseaux,,CLAMART,,92,,,,,,,,,,,,,,,,,,,,,,,,,,,,,,,429801871,42980187100030,43.21A,,,,,,,,,,,sirene,
SOCIETE MAINTENANCE ELECTRIQUE,,,a contacter,,,,,,,,,,,,reseaux,,SAINT-ANDRE,,974,,,,,,,,,,,,,,,,,,,,,,,,,,,,,,,799195029,79919502900027,43.21A,,,,,,,,,,,sirene,
SOCIETE MASACHS,,,a contacter,,,,,,,,,,,,reseaux,,AUCAMVILLE,,31,,,,,,,,,,,,,,,,,,,,,,,,,,,,,,,710802448,71080244800021,43.21A,,,,,,,,,,,sirene,
SOCIETE MECANIQUE ENTRETIEN DEPANNAGES,,,a contacter,,,,,,,,,,,,reseaux,,CRETS EN BELLEDONNE,,38,,,,,,,,,,,,,,,,,,,,,,,,,,,,,,,317468346,31746834600034,42.21Z,,,,,,,,,,,sirene,
SOCIETE MEDOCAINE ELECTRO-SERVICE,,,a contacter,,,,,,,,,,,,reseaux,,CISSAC-MEDOC,,33,,,,,,,,,,,,,,,,,,,,,,,,,,,,,,,309258184,30925818400048,43.21A,,,,,,,,,,,sirene,
SOCIETE MERIDIONALE D'APPLICATION ELECTRIQUE,,,a contacter,,,,,,,,,,,,reseaux,,AIX-EN-PROVENCE,,13,,,,,,,,,,,,,,,,,,,,,,,,,,,,,,,949432793,94943279300048,43.21A,,,,,,,,,,,sirene,
SOCIETE MERIDIONALE D'ELECTRICITE DU BATIMENT ET DE L'INDUSTRIE,,,a contacter,,,,,,,,,,,,reseaux,,MARSEILLE,,13,,,,,,,,,,,,,,,,,,,,,,,,,,,,,,,345402374,34540237400036,43.21A,,,,,,,,,,,sirene,
SOCIETE MONTPELLIERAINE DE DEPANNAGE,,,a contacter,,,,,,,,,,,,reseaux,,CASTRIES,,34,,,,,,,,,,,,,,,,,,,,,,,,,,,,,,,417944485,41794448500032,43.21A,,,,,,,,,,,sirene,
SOCIETE NORMANDE D'ETUDES ET DE REALISAT,,,a contacter,,,,,,,,,,,,reseaux,,SAINT-ANDRE-SUR-ORNE,,14,,,,,,,,,,,,,,,,,,,,,,,,,,,,,,,336450051,33645005100113,43.21A,,,,,,,,,,,sirene,
SOCIETE NORMANDE DE MONTAGE ELECTRIQUE,,,a contacter,,,,,,,,,,,,reseaux,,PORT-JEROME-SUR-SEINE,,76,,,,,,,,,,,,,,,,,,,,,,,,,,,,,,,533346250,53334625000012,43.21A,,,,,,,,,,,sirene,
SOCIETE NOUVELLE APILOG AUTOMATION,,,a contacter,,,,,,,,,,,,reseaux,,MASSY,,91,,,,,,,,,,,,,,,,,,,,,,,,,,,,,,,454035403,45403540300020,43.21A,,,,,,,,,,,sirene,
SOCIETE NOUVELLE D ELECTRICITE,,,a contacter,,,,,,,,,,,,reseaux,,CANET-EN-ROUSSILLON,,66,,,,,,,,,,,,,,,,,,,,,,,,,,,,,,,380371179,38037117900033,43.21A,,,,,,,,,,,sirene,
SOCIETE NOUVELLE D'ENTREPRISES ELECTRIQUES SN2E,,,a contacter,,,,,,,,,,,,reseaux,,MACON,,71,,,,,,,,,,,,,,,,,,,,,,,,,,,,,,,393101878,39310187800014,43.21A,,,,,,,,,,,sirene,
SOCIETE NOUVELLE D'INSTALLATION ELECTRIQUE,,,a contacter,,,,,,,,,,,,reseaux,,ISBERGUES,,62,,,,,,,,,,,,,,,,,,,,,,,,,,,,,,,389676891,38967689100036,43.21A,,,,,,,,,,,sirene,
SOCIETE NOUVELLE DE TRAVAUX PUBLICS RIGAL,,,a contacter,,,,,,,,,,,,reseaux,,LABASTIDE-SAINT-GEORGES,,81,,,,,,,,,,,,,,,,,,,,,,,,,,,,,,,811088178,81108817800025,42.21Z,,,,,,,,,,,sirene,
"SOCIETE NOUVELLE DE TRAVAUX PUBLICS, EN ABREGE SNTP",,,a contacter,,,,,,,,,,,,reseaux,,MONTREAL-LA-CLUSE,,01,,,,,,,,,,,,,,,,,,,,,,,,,,,,,,,349356873,34935687300050,42.21Z,,,,,,,,,,,sirene,
SOCIETE NOUVELLE DES ETS MESTRE,,,a contacter,,,,,,,,,,,,reseaux,,CLERMONT-FERRAND,,63,,,,,,,,,,,,,,,,,,,,,,,,,,,,,,,442814976,44281497600027,43.21A,,,,,,,,,,,sirene,
SOCIETE NOUVELLE DUMEZ,,,a contacter,,,,,,,,,,,,reseaux,,PONT-A-VENDIN,,62,,,,,,,,,,,,,,,,,,,,,,,,,,,,,,,401940820,40194082000020,43.21A,,,,,,,,,,,sirene,
SOCIETE NOUVELLE EJS,,,a contacter,,,,,,,,,,,,reseaux,,DOMFRONT EN POIRAIE,,61,,,,,,,,,,,,,,,,,,,,,,,,,,,,,,,500555081,50055508100032,43.21A,,,,,,,,,,,sirene,
SOCIETE NOUVELLE ELECTRICITE PROVENCE MEDITERRANEE,,,a contacter,,,,,,,,,,,,reseaux,,CAVAILLON,,84,,,,,,,,,,,,,,,,,,,,,,,,,,,,,,,881149918,88114991800024,42.22Z,,,,,,,,,,,sirene,
SOCIETE NOUVELLE PROVENCE RESEAUX,,,a contacter,,,,,,,,,,,,reseaux,,APT,,84,,,,,,,,,,,,,,,,,,,,,,,,,,,,,,,508819174,50881917400030,42.21Z,,,,,,,,,,,sirene,
SOCIETE NOUVELLE S.M.T.P.F,,,a contacter,,,,,,,,,,,,reseaux,,SAINT-AVOLD,,57,,,,,,,,,,,,,,,,,,,,,,,,,,,,,,,397890955,39789095500024,42.21Z,,,,,,,,,,,sirene,
SOCIETE NOUVELLE SATEL,,,a contacter,,,,,,,,,,,,reseaux,,AUBAGNE,,13,,,,,,,,,,,,,,,,,,,,,,,,,,,,,,,419808464,41980846400020,43.21A,,,,,,,,,,,sirene,
SOCIETE NOUVELLE SEEHC,,,a contacter,,,,,,,,,,,,reseaux,,L'ILE-ROUSSE,,2B,,,,,,,,,,,,,,,,,,,,,,,,,,,,,,,814285607,81428560700010,42.22Z,,,,,,,,,,,sirene,
SOCIETE PELSS,,,a contacter,,,,,,,,,,,,reseaux,,FONTENAY-TRESIGNY,,77,,,,,,,,,,,,,,,,,,,,,,,,,,,,,,,399751460,39975146000052,43.21A,,,,,,,,,,,sirene,
SOCIETE PERRIN B.,,,a contacter,,,,,,,,,,,,reseaux,,VALENTON,,94,,,,,,,,,,,,,,,,,,,,,,,,,,,,,,,324295849,32429584900032,43.21A,,,,,,,,,,,sirene,
SOCIETE PICARD,,,a contacter,,,,,,,,,,,,reseaux,,CHEVILLY-LARUE,,94,,,,,,,,,,,,,,,,,,,,,,,,,,,,,,,305304479,30530447900069,43.21A,,,,,,,,,,,sirene,
SOCIETE PONTIVYENNE D'ELECTRICITE,,,a contacter,,,,,,,,,,,,reseaux,,NOYAL-PONTIVY,,56,,,,,,,,,,,,,,,,,,,,,,,,,,,,,,,509081691,50908169100024,43.21A,,,,,,,,,,,sirene,
SOCIETE POSE DE CABLES ET D'ELECTRICITE (SPCE),,,a contacter,,,,,,,,,,,,reseaux,,PORT-DE-BOUC,,13,,,,,,,,,,,,,,,,,,,,,,,,,,,,,,,817793862,81779386200027,43.21A,,,,,,,,,,,sirene,
SOCIETE PROVENCALE D'EQUIPEMENTS INDUSTRIELS,,,a contacter,,,,,,,,,,,,reseaux,,LES MEES,,04,,,,,,,,,,,,,,,,,,,,,,,,,,,,,,,419928304,41992830400015,43.21A,,,,,,,,,,,sirene,
SOCIETE PROVENCALE DE TRAVAUX,,,a contacter,,,,,,,,,,,,reseaux,,LE CASTELLET,,83,,,,,,,,,,,,,,,,,,,,,,,,,,,,,,,432554905,43255490500013,42.21Z,,,,,,,,,,,sirene,
SOCIETE RAOUL TAQUET ET COMPAGNIE,,,a contacter,,,,,,,,,,,,reseaux,,TRIEL-SUR-SEINE,,78,,,,,,,,,,,,,,,,,,,,,,,,,,,,,,,619801467,61980146700033,43.21A,,,,,,,,,,,sirene,
SOCIETE REGIONALE DE TRAVAUX,,,a contacter,,,,,,,,,,,,reseaux,,QUINCY-SOUS-SENART,,91,,,,,,,,,,,,,,,,,,,,,,,,,,,,,,,332348721,33234872100033,42.21Z,,,,,,,,,,,sirene,
SOCIETE REGIONALE DE TRAVAUX PUBLICS SARL,,,a contacter,,,,,,,,,,,,reseaux,,MONTBAZENS,,12,,,,,,,,,,,,,,,,,,,,,,,,,,,,,,,393835004,39383500400044,42.21Z,,,,,,,,,,,sirene,
SOCIETE RESEAUX TELECOM,,,a contacter,,,,,,,,,,,,reseaux,,MONTELIMAR,,26,,,,,,,,,,,,,,,,,,,,,,,,,,,,,,,853332443,85333244300029,61.10Z,,,,,,,,,,,sirene,
SOCIETE REUNIONNAISE D'ELECTROTECHNIQUE,,,a contacter,,,,,,,,,,,,reseaux,,LE PORT,,974,,,,,,,,,,,,,,,,,,,,,,,,,,,,,,,381250638,38125063800057,43.21A,,,,,,,,,,,sirene,
SOCIETE S.R. ELECTROTECHNIQUE,,,a contacter,,,,,,,,,,,,reseaux,,ARCUEIL,,94,,,,,,,,,,,,,,,,,,,,,,,,,,,,,,,488375072,48837507200037,43.21A,,,,,,,,,,,sirene,
SOCIETE SALMON,,,a contacter,,,,,,,,,,,,reseaux,,LIVRY-GARGAN,,93,,,,,,,,,,,,,,,,,,,,,,,,,,,,,,,394204176,39420417600025,43.21A,,,,,,,,,,,sirene,
SOCIETE SMC,,,a contacter,,,,,,,,,,,,reseaux,,ORVILLE,,62,,,,,,,,,,,,,,,,,,,,,,,,,,,,,,,753263672,75326367200010,43.21A,,,,,,,,,,,sirene,
SOCIETE SOCALEC,,,a contacter,,,,,,,,,,,,reseaux,,HAGUENAU,,67,,,,,,,,,,,,,,,,,,,,,,,,,,,,,,,314046186,31404618600040,43.21A,,,,,,,,,,,sirene,
SOCIETE TARDY,,,a contacter,,,,,,,,,,,,reseaux,,ENNERY,,95,,,,,,,,,,,,,,,,,,,,,,,,,,,,,,,350110334,35011033400041,43.21A,,,,,,,,,,,sirene,
SOCIETE TARNAISE ELECTRIQUE,,,a contacter,,,,,,,,,,,,reseaux,,MOULAYRES,,81,,,,,,,,,,,,,,,,,,,,,,,,,,,,,,,390502177,39050217700020,43.21A,,,,,,,,,,,sirene,
SOCIETE TECHNIQUE D'INTERVENTIONS S.T.I.,,,a contacter,,,,,,,,,,,,reseaux,,BOISSY-SOUS-SAINT-YON,,91,,,,,,,,,,,,,,,,,,,,,,,,,,,,,,,538490343,53849034300026,43.21A,,,,,,,,,,,sirene,
SOCIETE TELE-RESEAU-NION,,,a contacter,,,,,,,,,,,,reseaux,,SAINT-BARTHELEMY-D'ANJOU,,49,,,,,,,,,,,,,,,,,,,,,,,,,,,,,,,320517865,32051786500020,43.21A,,,,,,,,,,,sirene,
SOCIETE TRAVAUX ELECTRIQUES,,,a contacter,,,,,,,,,,,,reseaux,,LE BOURGET,,93,,,,,,,,,,,,,,,,,,,,,,,,,,,,,,,492901913,49290191300037,43.21A,,,,,,,,,,,sirene,
SOCIETE TRAVAUX PUBLICS ET INDUSTRIELS,,,a contacter,,,,,,,,,,,,reseaux,,RONCHAMP,,70,,,,,,,,,,,,,,,,,,,,,,,,,,,,,,,332803345,33280334500013,42.21Z,,,,,,,,,,,sirene,
SOCIETE TRAVAUX RESEAUX ELECTRIQUES,,,a contacter,,,,,,,,,,,,reseaux,,AVIGNON,,84,,,,,,,,,,,,,,,,,,,,,,,,,,,,,,,321377608,32137760800039,43.21A,,,,,,,,,,,sirene,
SOCIETE VITRYATE ELECTRIQUE,,,a contacter,,,,,,,,,,,,reseaux,,VITRY-LE-FRANCOIS,,51,,,,,,,,,,,,,,,,,,,,,,,,,,,,,,,950079798,95007979800027,43.21A,,,,,,,,,,,sirene,
SOCIETE WEBER-KRESS,,,a contacter,,,,,,,,,,,,reseaux,,HOLTZHEIM,,67,,,,,,,,,,,,,,,,,,,,,,,,,,,,,,,628500514,62850051400052,43.21A,,,,,,,,,,,sirene,
SOCIETE YVES CARTON,,,a contacter,,,,,,,,,,,,reseaux,,VILLENEUVE-D'ASCQ,,59,,,,,,,,,,,,,,,,,,,,,,,,,,,,,,,337832265,33783226500025,43.21A,,,,,,,,,,,sirene,
SOCOREM,,,a contacter,,,,,,,,,,,,reseaux,,RAMONVILLE-SAINT-AGNE,,31,,,,,,,,,,,,,,,,,,,,,,,,,,,,,,,318208816,31820881600021,43.21A,,,,,,,,,,,sirene,
SOCOTEEL EQUIPEMENTS,,,a contacter,,,,,,,,,,,,reseaux,,MONTREUIL,,93,,,,,,,,,,,,,,,,,,,,,,,,,,,,,,,438379869,43837986900029,43.21A,,,,,,,,,,,sirene,
SODEL,,,a contacter,,,,,,,,,,,,reseaux,,SAINT-DIE-DES-VOSGES,,88,,,,,,,,,,,,,,,,,,,,,,,,,,,,,,,349376947,34937694700082,43.21A,,,,,,,,,,,sirene,
SODELEC,,,a contacter,,,,,,,,,,,,reseaux,,GRAVESON,,13,,,,,,,,,,,,,,,,,,,,,,,,,,,,,,,390028165,39002816500038,43.21A,,,,,,,,,,,sirene,
SODELEC ELECTRIC SYSTEM,,,a contacter,,,,,,,,,,,,reseaux,,ARRAS,,62,,,,,,,,,,,,,,,,,,,,,,,,,,,,,,,854035128,85403512800032,43.21A,,,,,,,,,,,sirene,
SODELEC ENERGIE,,,a contacter,,,,,,,,,,,,reseaux,,ARPAJON,,91,,,,,,,,,,,,,,,,,,,,,,,,,,,,,,,751331158,75133115800046,43.21A,,,,,,,,,,,sirene,
SODELECT,,,a contacter,,,,,,,,,,,,reseaux,,PARIS,,75,,,,,,,,,,,,,,,,,,,,,,,,,,,,,,,380461855,38046185500054,43.21A,,,,,,,,,,,sirene,
SODELEM,,,a contacter,,,,,,,,,,,,reseaux,,DUISANS,,62,,,,,,,,,,,,,,,,,,,,,,,,,,,,,,,328458609,32845860900026,43.21A,,,,,,,,,,,sirene,
SODETEL,,,a contacter,,,,,,,,,,,,reseaux,,ROMILLY-SUR-SEINE,,10,,,,,,,,,,,,,,,,,,,,,,,,,,,,,,,419864731,41986473100023,43.21A,,,,,,,,,,,sirene,
SODITEL,,,a contacter,,,,,,,,,,,,reseaux,,PESSAC,,33,,,,,,,,,,,,,,,,,,,,,,,,,,,,,,,314685181,31468518100054,43.21A,,,,,,,,,,,sirene,
SOELS ELECTROTECH,,,a contacter,,,,,,,,,,,,reseaux,,COMINES,,59,,,,,,,,,,,,,,,,,,,,,,,,,,,,,,,443134903,44313490300014,43.21A,,,,,,,,,,,sirene,
SOFALEC,,,a contacter,,,,,,,,,,,,reseaux,,CARCASSONNE,,11,,,,,,,,,,,,,,,,,,,,,,,,,,,,,,,412386591,41238659100033,43.21A,,,,,,,,,,,sirene,
SOFRADEL ESTRADA,,,a contacter,,,,,,,,,,,,reseaux,,PARIS,,75,,,,,,,,,,,,,,,,,,,,,,,,,,,,,,,950024927,95002492700028,43.21A,,,,,,,,,,,sirene,
SOFREG,,,a contacter,,,,,,,,,,,,reseaux,,ROUEN,,76,,,,,,,,,,,,,,,,,,,,,,,,,,,,,,,343998720,34399872000043,43.21A,,,,,,,,,,,sirene,
SOFRELEC,,,a contacter,,,,,,,,,,,,reseaux,,FREJUS,,83,,,,,,,,,,,,,,,,,,,,,,,,,,,,,,,325965234,32596523400017,43.21A,,,,,,,,,,,sirene,
SOGEA ENVIRONNEMENT PACA,,,a contacter,,,,,,,,,,,,reseaux,,LE CANNET,,06,,,,,,,,,,,,,,,,,,,,,,,,,,,,,,,814732798,81473279800016,42.21Z,,,,,,,,,,,sirene,
SOGEA EST B T P,,,a contacter,,,,,,,,,,,,reseaux,,LAXOU,,54,,,,,,,,,,,,,,,,,,,,,,,,,,,,,,,413909201,41390920100217,42.21Z,,,,,,,,,,,sirene,
SOGEA GUYANE,,,a contacter,,,,,,,,,,,,reseaux,,REMIRE-MONTJOLY,,973,,,,,,,,,,,,,,,,,,,,,,,,,,,,,,,352411706,35241170600067,42.21Z,,,,,,,,,,,sirene,
SOGEA NORD HYDRAULIQUE,,,a contacter,,,,,,,,,,,,reseaux,,SOMAIN,,59,,,,,,,,,,,,,,,,,,,,,,,,,,,,,,,383475795,38347579500217,42.21Z,,,,,,,,,,,sirene,
SOGEA NORD OUEST TRAVAUX PUBLICS,,,a contacter,,,,,,,,,,,,reseaux,,LE PETIT-QUEVILLY,,76,,,,,,,,,,,,,,,,,,,,,,,,,,,,,,,421340043,42134004300171,42.21Z,,,,,,,,,,,sirene,
SOGEA OUEST TP,,,a contacter,,,,,,,,,,,,reseaux,,SAINT-HERBLAIN,,44,,,,,,,,,,,,,,,,,,,,,,,,,,,,,,,344313861,34431386100413,42.21Z,,,,,,,,,,,sirene,
SOGEA RHONE-ALPES,,,a contacter,,,,,,,,,,,,reseaux,,VILLEURBANNE,,69,,,,,,,,,,,,,,,,,,,,,,,,,,,,,,,344352448,34435244800627,42.21Z,,,,,,,,,,,sirene,
SOGEA SUD HYDRAULIQUE,,,a contacter,,,,,,,,,,,,reseaux,,PEROLS,,34,,,,,,,,,,,,,,,,,,,,,,,,,,,,,,,327745394,32774539400129,42.21Z,,,,,,,,,,,sirene,
SOGEA SUD OUEST HYDRAULIQUE,,,a contacter,,,,,,,,,,,,reseaux,,PESSAC,,33,,,,,,,,,,,,,,,,,,,,,,,,,,,,,,,525580197,52558019700057,42.21Z,,,,,,,,,,,sirene,
SOGEC,,,a contacter,,,,,,,,,,,,reseaux,,LA MOTTE-SERVOLEX,,73,,,,,,,,,,,,,,,,,,,,,,,,,,,,,,,487471492,48747149200016,43.21A,,,,,,,,,,,sirene,
SOGECA,,,a contacter,,,,,,,,,,,,reseaux,,HERRLISHEIM,,67,,,,,,,,,,,,,,,,,,,,,,,,,,,,,,,353767973,35376797300012,42.21Z,,,,,,,,,,,sirene,
SOGETEC,,,a contacter,,,,,,,,,,,,reseaux,,CHAMPAGNE,,72,,,,,,,,,,,,,,,,,,,,,,,,,,,,,,,790944003,79094400300033,43.21A,,,,,,,,,,,sirene,
SOGETRALEC,,,a contacter,,,,,,,,,,,,reseaux,,BEZIERS,,34,,,,,,,,,,,,,,,,,,,,,,,,,,,,,,,622920080,62292008000026,42.22Z,,,,,,,,,,,sirene,
SOLAIRGIE,,,a contacter,,,,,,,,,,,,reseaux,,COURBEVOIE,,92,,,,,,,,,,,,,,,,,,,,,,,,,,,,,,,447860370,44786037000041,43.21A,,,,,,,,,,,sirene,
SOLAK ENERGIE,,,a contacter,,,,,,,,,,,,reseaux,,VAULX-EN-VELIN,,69,,,,,,,,,,,,,,,,,,,,,,,,,,,,,,,535364798,53536479800020,43.21A,,,,,,,,,,,sirene,
SOLANILLA CONSTRUCTIONS,,,a contacter,,,,,,,,,,,,reseaux,,LEOGNAN,,33,,,,,,,,,,,,,,,,,,,,,,,,,,,,,,,434791042,43479104200030,43.21A,,,,,,,,,,,sirene,
SOLAR EXPANSION,,,a contacter,,,,,,,,,,,,reseaux,,PLOEMEUR,,56,,,,,,,,,,,,,,,,,,,,,,,,,,,,,,,449903228,44990322800046,43.21A,,,,,,,,,,,sirene,
SOLAR PHOTOVOLTAIQUE,,,a contacter,,,,,,,,,,,,reseaux,,CAMARES,,12,,,,,,,,,,,,,,,,,,,,,,,,,,,,,,,812490472,81249047200030,43.21A,,,,,,,,,,,sirene,
SOLAR TECHNIC ELEC,,,a contacter,,,,,,,,,,,,reseaux,,VILLEMANDEUR,,45,,,,,,,,,,,,,,,,,,,,,,,,,,,,,,,501961395,50196139500040,43.21A,,,,,,,,,,,sirene,
SOLARA,,,a contacter,,,,,,,,,,,,reseaux,,VILLEURBANNE,,69,,,,,,,,,,,,,,,,,,,,,,,,,,,,,,,403309081,40330908100012,43.21A,,,,,,,,,,,sirene,
SOLARFIT,,,a contacter,,,,,,,,,,,,reseaux,,POITIERS,,86,,,,,,,,,,,,,,,,,,,,,,,,,,,,,,,840023642,84002364200027,43.21A,,,,,,,,,,,sirene,
SOLARGIE,,,a contacter,,,,,,,,,,,,reseaux,,LA ROCHE-SUR-YON,,85,,,,,,,,,,,,,,,,,,,,,,,,,,,,,,,447559022,44755902200093,43.21A,,,,,,,,,,,sirene,
SOLATECH,,,a contacter,,,,,,,,,,,,reseaux,,SAINT-GERMAIN-DU-PUCH,,33,,,,,,,,,,,,,,,,,,,,,,,,,,,,,,,884566514,88456651400045,43.21A,,,,,,,,,,,sirene,
SOLEIL & CLIMAT,,,a contacter,,,,,,,,,,,,reseaux,,SOLAIZE,,69,,,,,,,,,,,,,,,,,,,,,,,,,,,,,,,904384534,90438453400015,43.21A,,,,,,,,,,,sirene,
SOLEIL DU SUD,,,a contacter,,,,,,,,,,,,reseaux,,ROCBARON,,83,,,,,,,,,,,,,,,,,,,,,,,,,,,,,,,512240698,51224069800039,43.21A,,,,,,,,,,,sirene,
SOLEIL VERT DE FRANCE,,,a contacter,,,,,,,,,,,,reseaux,,LYON,,69,,,,,,,,,,,,,,,,,,,,,,,,,,,,,,,824892822,82489282200035,43.21A,,,,,,,,,,,sirene,
SOLEIO,,,a contacter,,,,,,,,,,,,reseaux,,AUBAGNE,,13,,,,,,,,,,,,,,,,,,,,,,,,,,,,,,,803418318,80341831800041,43.21A,,,,,,,,,,,sirene,
SOLELEC,,,a contacter,,,,,,,,,,,,reseaux,,AVIGNON,,84,,,,,,,,,,,,,,,,,,,,,,,,,,,,,,,424566743,42456674300029,43.21A,,,,,,,,,,,sirene,
SOLENCOL LUMENSA,,,a contacter,,,,,,,,,,,,reseaux,,SAINT-QUENTIN,,02,,,,,,,,,,,,,,,,,,,,,,,,,,,,,,,493780910,49378091000029,43.21A,,,,,,,,,,,sirene,
SOLENGIE,,,a contacter,,,,,,,,,,,,reseaux,,LA TESSOUALLE,,49,,,,,,,,,,,,,,,,,,,,,,,,,,,,,,,850819715,85081971500028,43.21A,,,,,,,,,,,sirene,
SOLERIEL,,,a contacter,,,,,,,,,,,,reseaux,,PARIS,,75,,,,,,,,,,,,,,,,,,,,,,,,,,,,,,,921817102,92181710200012,43.21A,,,,,,,,,,,sirene,
SOLESENS,,,a contacter,,,,,,,,,,,,reseaux,,SAINT-LEGER-SUR-SARTHE,,61,,,,,,,,,,,,,,,,,,,,,,,,,,,,,,,513502914,51350291400015,43.21A,,,,,,,,,,,sirene,
SOLI,,,a contacter,,,,,,,,,,,,reseaux,,MAREIL-LE-GUYON,,78,,,,,,,,,,,,,,,,,,,,,,,,,,,,,,,918621061,91862106100020,43.21A,,,,,,,,,,,sirene,
SOLIS,,,a contacter,,,,,,,,,,,,reseaux,,ARNAS,,69,,,,,,,,,,,,,,,,,,,,,,,,,,,,,,,904584554,90458455400029,43.21A,,,,,,,,,,,sirene,
SOLIS PROTECT,,,a contacter,,,,,,,,,,,,reseaux,,BLOIS,,41,,,,,,,,,,,,,,,,,,,,,,,,,,,,,,,947931333,94793133300019,43.21A,,,,,,,,,,,sirene,
SOLUTION TELECOM-2A,,,a contacter,,,,,,,,,,,,reseaux,,CHELLES,,77,,,,,,,,,,,,,,,,,,,,,,,,,,,,,,,892893702,89289370200035,42.22Z,,,,,,,,,,,sirene,
SOLUTION VAROISE ELECTRICITE,,,a contacter,,,,,,,,,,,,reseaux,,LA VALETTE DU VAR,,83,,,,,,,,,,,,,,,,,,,,,,,,,,,,,,,794975284,79497528400058,43.21A,,,,,,,,,,,sirene,
SOLUTIONS 30 GSE,,,a contacter,,,,,,,,,,,,reseaux,,LA FARLEDE,,83,,,,,,,,,,,,,,,,,,,,,,,,,,,,,,,921925624,92192562400014,61.10Z,,,,,,,,,,,sirene,
SOLUTIONS 30 GUADELOUPE,,,a contacter,,,,,,,,,,,,reseaux,,BAIE-MAHAULT,,971,,,,,,,,,,,,,,,,,,,,,,,,,,,,,,,908283856,90828385600031,61.10Z,,,,,,,,,,,sirene,
SOLUTIONS 30 GUYANE,,,a contacter,,,,,,,,,,,,reseaux,,CAYENNE,,973,,,,,,,,,,,,,,,,,,,,,,,,,,,,,,,842909459,84290945900021,61.10Z,,,,,,,,,,,sirene,
SOLUTIONS 30 MARTINIQUE,,,a contacter,,,,,,,,,,,,reseaux,,DUCOS,,972,,,,,,,,,,,,,,,,,,,,,,,,,,,,,,,843172628,84317262800029,42.22Z,,,,,,,,,,,sirene,
SOLUTIONS 30 SE,,,a contacter,,,,,,,,,,,,reseaux,,,,,,,,,,,,,,,,,,,,,,,,,,,,,,,,,,,795245927,79524592700012,43.21A,,,,,,,,,,,sirene,
SOLUTIONS 30 SUD-EST,,,a contacter,,,,,,,,,,,,reseaux,,LE CANNET-DES-MAURES,,83,,,,,,,,,,,,,,,,,,,,,,,,,,,,,,,827613902,82761390200143,61.10Z,,,,,,,,,,,sirene,
SOLUTIONS ENERGETIQUES DE FRANCE,,,a contacter,,,,,,,,,,,,reseaux,,VAULX-EN-VELIN,,69,,,,,,,,,,,,,,,,,,,,,,,,,,,,,,,790675458,79067545800034,43.21A,,,,,,,,,,,sirene,
SOLUTIONS SOLAIRES DE FRANCE,,,a contacter,,,,,,,,,,,,reseaux,,LA CHAPELLE-SAINT-LUC,,10,,,,,,,,,,,,,,,,,,,,,,,,,,,,,,,823038575,82303857500044,43.21A,,,,,,,,,,,sirene,
SOMATRA,,,a contacter,,,,,,,,,,,,reseaux,,MARVEJOLS,,48,,,,,,,,,,,,,,,,,,,,,,,,,,,,,,,797050085,79705008500043,42.21Z,,,,,,,,,,,sirene,
SOMELEC,,,a contacter,,,,,,,,,,,,reseaux,,LACHASSAGNE,,69,,,,,,,,,,,,,,,,,,,,,,,,,,,,,,,836550269,83655026900101,42.22Z,,,,,,,,,,,sirene,
SOMITEG,,,a contacter,,,,,,,,,,,,reseaux,,PEROLS,,34,,,,,,,,,,,,,,,,,,,,,,,,,,,,,,,414102731,41410273100034,43.21A,,,,,,,,,,,sirene,
SONAL,,,a contacter,,,,,,,,,,,,reseaux,,LAMPERTHEIM,,67,,,,,,,,,,,,,,,,,,,,,,,,,,,,,,,792275331,79227533100033,43.21A,,,,,,,,,,,sirene,
SONALARME,,,a contacter,,,,,,,,,,,,reseaux,,GONESSE,,95,,,,,,,,,,,,,,,,,,,,,,,,,,,,,,,421011081,42101108100039,43.21A,,,,,,,,,,,sirene,
SONEMA,,,a contacter,,,,,,,,,,,,reseaux,,FREJUS,,83,,,,,,,,,,,,,,,,,,,,,,,,,,,,,,,449397173,44939717300047,61.90Z,,,,,,,,,,,sirene,
SONO TECHNIC,,,a contacter,,,,,,,,,,,,reseaux,,LAUNAGUET,,31,,,,,,,,,,,,,,,,,,,,,,,,,,,,,,,303792832,30379283200022,43.21A,,,,,,,,,,,sirene,
SONORAC GSM,,,a contacter,,,,,,,,,,,,reseaux,,OISSEL,,76,,,,,,,,,,,,,,,,,,,,,,,,,,,,,,,518334453,51833445300041,42.22Z,,,,,,,,,,,sirene,
SONORAC T.P.,,,a contacter,,,,,,,,,,,,reseaux,,EVRY-COURCOURONNES,,91,,,,,,,,,,,,,,,,,,,,,,,,,,,,,,,897588919,89758891900026,42.21Z,,,,,,,,,,,sirene,
SOPELEC RESEAUX,,,a contacter,,,,,,,,,,,,reseaux,,CORBIE,,80,,,,,,,,,,,,,,,,,,,,,,,,,,,,,,,351150057,35115005700013,42.22Z,,,,,,,,,,,sirene,
SOPHELEC,,,a contacter,,,,,,,,,,,,reseaux,,PANTIN,,93,,,,,,,,,,,,,,,,,,,,,,,,,,,,,,,801997610,80199761000028,43.21A,,,,,,,,,,,sirene,
SOPREL,,,a contacter,,,,,,,,,,,,reseaux,,ISTRES,,13,,,,,,,,,,,,,,,,,,,,,,,,,,,,,,,352697882,35269788200038,43.21A,,,,,,,,,,,sirene,
SORAPEL : SOCIETE OUVRIERE REGIONALE POUR LES APPLICATIONS DE L'ELECTRICITE,,,a contacter,,,,,,,,,,,,reseaux,,CERISY-LA-FORET,,50,,,,,,,,,,,,,,,,,,,,,,,,,,,,,,,314024134,31402413400020,42.22Z,,,,,,,,,,,sirene,
SOREHAL,,,a contacter,,,,,,,,,,,,reseaux,,FRETIN,,59,,,,,,,,,,,,,,,,,,,,,,,,,,,,,,,340580786,34058078600069,43.21A,,,,,,,,,,,sirene,
SOREL,,,a contacter,,,,,,,,,,,,reseaux,,SAINTE-MARIE,,974,,,,,,,,,,,,,,,,,,,,,,,,,,,,,,,479326563,47932656300034,43.21A,,,,,,,,,,,sirene,
SORELEST,,,a contacter,,,,,,,,,,,,reseaux,,WOLFISHEIM,,67,,,,,,,,,,,,,,,,,,,,,,,,,,,,,,,317193225,31719322500032,43.21A,,,,,,,,,,,sirene,
SORELUM,,,a contacter,,,,,,,,,,,,reseaux,,SAINT-BERTHEVIN,,53,,,,,,,,,,,,,,,,,,,,,,,,,,,,,,,483184388,48318438800021,42.22Z,,,,,,,,,,,sirene,
SOTECFLU,,,a contacter,,,,,,,,,,,,reseaux,,FONTENILLES,,31,,,,,,,,,,,,,,,,,,,,,,,,,,,,,,,315013987,31501398700047,42.21Z,,,,,,,,,,,sirene,
SOTRAV,,,a contacter,,,,,,,,,,,,reseaux,,FOUGERES,,35,,,,,,,,,,,,,,,,,,,,,,,,,,,,,,,424995561,42499556100026,42.21Z,,,,,,,,,,,sirene,
SOTREBAT,,,a contacter,,,,,,,,,,,,reseaux,,SIN-LE-NOBLE,,59,,,,,,,,,,,,,,,,,,,,,,,,,,,,,,,320378128,32037812800039,43.21A,,,,,,,,,,,sirene,
SOTRELEC,,,a contacter,,,,,,,,,,,,reseaux,,TORCY,,77,,,,,,,,,,,,,,,,,,,,,,,,,,,,,,,325222651,32522265100060,43.21A,,,,,,,,,,,sirene,
SOTRELEC TREMELO ELECTRICITE,,,a contacter,,,,,,,,,,,,reseaux,,PLOUGASTEL-DAOULAS,,29,,,,,,,,,,,,,,,,,,,,,,,,,,,,,,,349805457,34980545700042,43.21A,,,,,,,,,,,sirene,
SOUDA ELEC,,,a contacter,,,,,,,,,,,,reseaux,,SAINT-LAURENT-D'ARCE,,33,,,,,,,,,,,,,,,,,,,,,,,,,,,,,,,750156077,75015607700026,43.21A,,,,,,,,,,,sirene,
SOULAGE ELECTRICITE,,,a contacter,,,,,,,,,,,,reseaux,,BOURG-SAINT-ANDEOL,,07,,,,,,,,,,,,,,,,,,,,,,,,,,,,,,,437988645,43798864500028,43.21A,,,,,,,,,,,sirene,
SOUTHERN CARIBBEAN FIBER,,,a contacter,,,,,,,,,,,,reseaux,,BAIE-MAHAULT,,971,,,,,,,,,,,,,,,,,,,,,,,,,,,,,,,483777991,48377799100025,61.10Z,,,,,,,,,,,sirene,
SOVEC - ENERGIE,,,a contacter,,,,,,,,,,,,reseaux,,HINDISHEIM,,67,,,,,,,,,,,,,,,,,,,,,,,,,,,,,,,519251037,51925103700023,43.21A,,,,,,,,,,,sirene,
SOVEC ENTREPRISES,,,a contacter,,,,,,,,,,,,reseaux,,HINDISHEIM,,67,,,,,,,,,,,,,,,,,,,,,,,,,,,,,,,329178453,32917845300091,43.21A,,,,,,,,,,,sirene,
SOVEC NORD ALSACE,,,a contacter,,,,,,,,,,,,reseaux,,BOUXWILLER,,67,,,,,,,,,,,,,,,,,,,,,,,,,,,,,,,511768921,51176892100021,43.21A,,,,,,,,,,,sirene,
SOVETRA,,,a contacter,,,,,,,,,,,,reseaux,,SOLIGNAC-SUR-LOIRE,,43,,,,,,,,,,,,,,,,,,,,,,,,,,,,,,,533320602,53332060200014,42.21Z,,,,,,,,,,,sirene,
SPADA TRAVAUX PUBLICS,,,a contacter,,,,,,,,,,,,reseaux,,LA LONDE LES MAURES,,83,,,,,,,,,,,,,,,,,,,,,,,,,,,,,,,322098377,32209837700011,42.21Z,,,,,,,,,,,sirene,
SPAG RESEAUX,,,a contacter,,,,,,,,,,,,reseaux,,VILLENEUVE-LOUBET,,06,,,,,,,,,,,,,,,,,,,,,,,,,,,,,,,801706268,80170626800035,42.22Z,,,,,,,,,,,sirene,
SPAGNOLI,,,a contacter,,,,,,,,,,,,reseaux,,LE PLESSIS-TREVISE,,94,,,,,,,,,,,,,,,,,,,,,,,,,,,,,,,837674324,83767432400012,43.21A,,,,,,,,,,,sirene,
SPB ELEC,,,a contacter,,,,,,,,,,,,reseaux,,PERSAN,,95,,,,,,,,,,,,,,,,,,,,,,,,,,,,,,,838368595,83836859500032,43.21A,,,,,,,,,,,sirene,
SPEED-TEL,,,a contacter,,,,,,,,,,,,reseaux,,FORT-DE-FRANCE,,972,,,,,,,,,,,,,,,,,,,,,,,,,,,,,,,835049156,83504915600010,61.10Z,,,,,,,,,,,sirene,
SPHA,,,a contacter,,,,,,,,,,,,reseaux,,SOTTEVILLE-LES-ROUEN,,76,,,,,,,,,,,,,,,,,,,,,,,,,,,,,,,502888522,50288852200021,43.21A,,,,,,,,,,,sirene,
SPIE BATIGNOLLES ENERGIE - BORJA,,,a contacter,,,,,,,,,,,,reseaux,,LESPINASSE,,31,,,,,,,,,,,,,,,,,,,,,,,,,,,,,,,660800467,66080046700053,42.22Z,,,,,,,,,,,sirene,
SPIE BATIGNOLLES ENERGIE - SOUCHON,,,a contacter,,,,,,,,,,,,reseaux,,LESPINASSE,,31,,,,,,,,,,,,,,,,,,,,,,,,,,,,,,,589801372,58980137200170,42.22Z,,,,,,,,,,,sirene,
SPIE THEPAULT,,,a contacter,,,,,,,,,,,,reseaux,,TOULOUSE,,31,,,,,,,,,,,,,,,,,,,,,,,,,,,,,,,372800185,37280018500251,42.22Z,,,,,,,,,,,sirene,
SPIECAPAG,,,a contacter,,,,,,,,,,,,reseaux,,NANTERRE,,92,,,,,,,,,,,,,,,,,,,,,,,,,,,,,,,399237494,39923749400113,42.21Z,,,,,,,,,,,sirene,
SPIECAPAG REGIONS FRANCE,,,a contacter,,,,,,,,,,,,reseaux,,PORTET-SUR-GARONNE,,31,,,,,,,,,,,,,,,,,,,,,,,,,,,,,,,403284839,40328483900020,42.21Z,,,,,,,,,,,sirene,
SR2T- SERVICES RESEAUX TELECOM TRAVAUX PUBLICS,,,a contacter,,,,,,,,,,,,reseaux,,BRIE-COMTE-ROBERT,,77,,,,,,,,,,,,,,,,,,,,,,,,,,,,,,,898317920,89831792000012,43.21A,,,,,,,,,,,sirene,
SRBG ENVIRONNEMENT,,,a contacter,,,,,,,,,,,,reseaux,,RUEIL-MALMAISON,,92,,,,,,,,,,,,,,,,,,,,,,,,,,,,,,,789873312,78987331200035,42.21Z,,,,,,,,,,,sirene,
SRC,,,a contacter,,,,,,,,,,,,reseaux,,PLELO,,22,,,,,,,,,,,,,,,,,,,,,,,,,,,,,,,891631004,89163100400019,42.21Z,,,,,,,,,,,sirene,
SRE,,,a contacter,,,,,,,,,,,,reseaux,,PANTIN,,93,,,,,,,,,,,,,,,,,,,,,,,,,,,,,,,901400556,90140055600030,43.21A,,,,,,,,,,,sirene,
SRME,,,a contacter,,,,,,,,,,,,reseaux,,SAINTE-SUZANNE,,974,,,,,,,,,,,,,,,,,,,,,,,,,,,,,,,490489903,49048990300024,43.21A,,,,,,,,,,,sirene,
SSI TECHNOLOGIE,,,a contacter,,,,,,,,,,,,reseaux,,LILLE,,59,,,,,,,,,,,,,,,,,,,,,,,,,,,,,,,883363889,88336388900014,61.10Z,,,,,,,,,,,sirene,
ST CONCEPT,,,a contacter,,,,,,,,,,,,reseaux,,SAINT-DENIS,,93,,,,,,,,,,,,,,,,,,,,,,,,,,,,,,,920991221,92099122100010,43.21A,,,,,,,,,,,sirene,
ST-GE,,,a contacter,,,,,,,,,,,,reseaux,,BAUVIN,,59,,,,,,,,,,,,,,,,,,,,,,,,,,,,,,,819223884,81922388400019,43.21A,,,,,,,,,,,sirene,
STAFF HELP,,,a contacter,,,,,,,,,,,,reseaux,,BELFORT,,90,,,,,,,,,,,,,,,,,,,,,,,,,,,,,,,845183557,84518355700022,61.90Z,,,,,,,,,,,sirene,
STAP 15,,,a contacter,,,,,,,,,,,,reseaux,,NAUCELLES,,15,,,,,,,,,,,,,,,,,,,,,,,,,,,,,,,394292098,39429209800024,42.21Z,,,,,,,,,,,sirene,
STARCK ELECTRICITE,,,a contacter,,,,,,,,,,,,reseaux,,THEDING,,57,,,,,,,,,,,,,,,,,,,,,,,,,,,,,,,323735662,32373566200013,43.21A,,,,,,,,,,,sirene,
START CONNEXION SERVICE,,,a contacter,,,,,,,,,,,,reseaux,,YUTZ,,57,,,,,,,,,,,,,,,,,,,,,,,,,,,,,,,815253810,81525381000049,61.90Z,,,,,,,,,,,sirene,
START ELECTRICITE,,,a contacter,,,,,,,,,,,,reseaux,,VIEUX-THANN,,68,,,,,,,,,,,,,,,,,,,,,,,,,,,,,,,842806432,84280643200030,43.21A,,,,,,,,,,,sirene,
START NET WORK,,,a contacter,,,,,,,,,,,,reseaux,,MARINES,,95,,,,,,,,,,,,,,,,,,,,,,,,,,,,,,,903188829,90318882900027,61.10Z,,,,,,,,,,,sirene,
START'FIBR,,,a contacter,,,,,,,,,,,,reseaux,,RAMBOUILLET,,78,,,,,,,,,,,,,,,,,,,,,,,,,,,,,,,831537626,83153762600028,43.21A,,,,,,,,,,,sirene,
STCE,,,a contacter,,,,,,,,,,,,reseaux,,MONTAUBAN,,82,,,,,,,,,,,,,,,,,,,,,,,,,,,,,,,810228437,81022843700028,43.21A,,,,,,,,,,,sirene,
STCE ENERGIES,,,a contacter,,,,,,,,,,,,reseaux,,SAINT-APOLLINAIRE,,21,,,,,,,,,,,,,,,,,,,,,,,,,,,,,,,489364448,48936444800022,43.21A,,,,,,,,,,,sirene,
STE CONST INSTAL ELECT PUY DE DOME,,,a contacter,,,,,,,,,,,,reseaux,,COURPIERE,,63,,,,,,,,,,,,,,,,,,,,,,,,,,,,,,,745580035,74558003500012,42.22Z,,,,,,,,,,,sirene,
STE CONSTRUCTION ET ENTRETIEN RESEAUX,,,a contacter,,,,,,,,,,,,reseaux,,MANOSQUE,,04,,,,,,,,,,,,,,,,,,,,,,,,,,,,,,,707350039,70735003900020,42.22Z,,,,,,,,,,,sirene,
STE COTE D ALBATRE D ELECTRICITE,,,a contacter,,,,,,,,,,,,reseaux,,BUCHY,,76,,,,,,,,,,,,,,,,,,,,,,,,,,,,,,,433279809,43327980900043,43.21A,,,,,,,,,,,sirene,
STE D ELECTRICITE ET RESEAUX TELEVISION ET INFORMATIQUE,,,a contacter,,,,,,,,,,,,reseaux,,SORGUES,,84,,,,,,,,,,,,,,,,,,,,,,,,,,,,,,,433902707,43390270700036,43.21A,,,,,,,,,,,sirene,
STE D'EQUIPEMENT ET D'INSTALLATION ELECTRIQUES,,,a contacter,,,,,,,,,,,,reseaux,,MARSAC SUR L'ISLE,,24,,,,,,,,,,,,,,,,,,,,,,,,,,,,,,,350458915,35045891500039,43.21A,,,,,,,,,,,sirene,
STE DE TRAVAUX PUBLICS DU MELLOIS,,,a contacter,,,,,,,,,,,,reseaux,,MELLE,,79,,,,,,,,,,,,,,,,,,,,,,,,,,,,,,,332749886,33274988600013,42.21Z,,,,,,,,,,,sirene,
STE EXPLOIT ETS JACQUES EISENBERG,,,a contacter,,,,,,,,,,,,reseaux,,MARSEILLE,,13,,,,,,,,,,,,,,,,,,,,,,,,,,,,,,,341450401,34145040100029,43.21A,,,,,,,,,,,sirene,
STE IND. D'ETUDE ET TRAVAUX ELECTRIQUES,,,a contacter,,,,,,,,,,,,reseaux,,SAINT-CIERS-SUR-GIRONDE,,33,,,,,,,,,,,,,,,,,,,,,,,,,,,,,,,349100594,34910059400010,43.21A,,,,,,,,,,,sirene,
STE INDUSTR MONTAGE EQUIPEMENT ELEC,,,a contacter,,,,,,,,,,,,reseaux,,HAGUENAU,,67,,,,,,,,,,,,,,,,,,,,,,,,,,,,,,,482114477,48211447700045,43.21A,,,,,,,,,,,sirene,
STE INDUSTRIELLE D ELECTRICITE MECANIQUE ET PLOMBERIE,,,a contacter,,,,,,,,,,,,reseaux,,LES PENNES-MIRABEAU,,13,,,,,,,,,,,,,,,,,,,,,,,,,,,,,,,068800267,06880026700046,43.21A,,,,,,,,,,,sirene,
STE INFRA-SPE,,,a contacter,,,,,,,,,,,,reseaux,,MASSY,,91,,,,,,,,,,,,,,,,,,,,,,,,,,,,,,,450452859,45045285900108,42.22Z,,,,,,,,,,,sirene,
STE INSTALL ELEC LORRAINE ELECTROLOR,,,a contacter,,,,,,,,,,,,reseaux,,HUSSIGNY-GODBRANGE,,54,,,,,,,,,,,,,,,,,,,,,,,,,,,,,,,646220319,64622031900016,42.22Z,,,,,,,,,,,sirene,
STE LUME,,,a contacter,,,,,,,,,,,,reseaux,,PORTO-VECCHIO,,2A,,,,,,,,,,,,,,,,,,,,,,,,,,,,,,,527561039,52756103900043,43.21A,,,,,,,,,,,sirene,
STE MONTBRISONNAISE DE T P,,,a contacter,,,,,,,,,,,,reseaux,,MONTBRISON,,42,,,,,,,,,,,,,,,,,,,,,,,,,,,,,,,887250439,88725043900049,42.21Z,,,,,,,,,,,sirene,
STE VOSGIENNE DES METIERS ELECTRIQUES,,,a contacter,,,,,,,,,,,,reseaux,,SAINT-NABORD,,88,,,,,,,,,,,,,,,,,,,,,,,,,,,,,,,490403029,49040302900039,43.21A,,,,,,,,,,,sirene,
STEF,,,a contacter,,,,,,,,,,,,reseaux,,LA RICAMARIE,,42,,,,,,,,,,,,,,,,,,,,,,,,,,,,,,,521487561,52148756100016,43.21A,,,,,,,,,,,sirene,
STEF ENERGIE,,,a contacter,,,,,,,,,,,,reseaux,,LA RICAMARIE,,42,,,,,,,,,,,,,,,,,,,,,,,,,,,,,,,817858970,81785897000012,43.21A,,,,,,,,,,,sirene,
STEIM SAS,,,a contacter,,,,,,,,,,,,reseaux,,CHEVREMONT,,90,,,,,,,,,,,,,,,,,,,,,,,,,,,,,,,332736875,33273687500029,43.21A,,,,,,,,,,,sirene,
STEINELEC,,,a contacter,,,,,,,,,,,,reseaux,,SAINT-JEAN-DU-CARDONNAY,,76,,,,,,,,,,,,,,,,,,,,,,,,,,,,,,,801509340,80150934000023,43.21A,,,,,,,,,,,sirene,
STELCOM,,,a contacter,,,,,,,,,,,,reseaux,,PAU,,64,,,,,,,,,,,,,,,,,,,,,,,,,,,,,,,892494659,89249465900022,42.22Z,,,,,,,,,,,sirene,
STELEC ENERGIE SAS,,,a contacter,,,,,,,,,,,,reseaux,,OZOIR-LA-FERRIERE,,77,,,,,,,,,,,,,,,,,,,,,,,,,,,,,,,808108989,80810898900027,43.21A,,,,,,,,,,,sirene,
STELLA NETWORKS,,,a contacter,,,,,,,,,,,,reseaux,,LAGNY-SUR-MARNE,,77,,,,,,,,,,,,,,,,,,,,,,,,,,,,,,,819559931,81955993100020,61.10Z,,,,,,,,,,,sirene,
STEMI,,,a contacter,,,,,,,,,,,,reseaux,,SAINT-REMY,,01,,,,,,,,,,,,,,,,,,,,,,,,,,,,,,,505327817,50532781700019,43.21A,,,,,,,,,,,sirene,
STENA,,,a contacter,,,,,,,,,,,,reseaux,,MISSILLAC,,44,,,,,,,,,,,,,,,,,,,,,,,,,,,,,,,483710356,48371035600021,43.21A,,,,,,,,,,,sirene,
STEPP,,,a contacter,,,,,,,,,,,,reseaux,,LAMPAUL-GUIMILIAU,,29,,,,,,,,,,,,,,,,,,,,,,,,,,,,,,,319851804,31985180400033,42.22Z,,,,,,,,,,,sirene,
STEREAU,,,a contacter,,,,,,,,,,,,reseaux,,ISSY-LES-MOULINEAUX,,92,,,,,,,,,,,,,,,,,,,,,,,,,,,,,,,602011918,60201191800128,42.21Z,,,,,,,,,,,sirene,
STERLAN,,,a contacter,,,,,,,,,,,,reseaux,,BRIGNAIS,,69,,,,,,,,,,,,,,,,,,,,,,,,,,,,,,,379305352,37930535200062,43.21A,,,,,,,,,,,sirene,
STEVIA,,,a contacter,,,,,,,,,,,,reseaux,,LIMOGES,,87,,,,,,,,,,,,,,,,,,,,,,,,,,,,,,,508163219,50816321900043,43.21A,,,,,,,,,,,sirene,
STPB SAGARDIA TRAVAUX PUBLICS BATIMENT,,,a contacter,,,,,,,,,,,,reseaux,,MAGESCQ,,40,,,,,,,,,,,,,,,,,,,,,,,,,,,,,,,530662816,53066281600020,42.21Z,,,,,,,,,,,sirene,
STPEE SOC TRAVAUX PUBLICS ENTR ELEC SCOP,,,a contacter,,,,,,,,,,,,reseaux,,VILLEBON-SUR-YVETTE,,91,,,,,,,,,,,,,,,,,,,,,,,,,,,,,,,729804286,72980428600064,43.21B,,,,,,,,,,,sirene,
STRADANOVA,,,a contacter,,,,,,,,,,,,reseaux,,VULAINES-SUR-SEINE,,77,,,,,,,,,,,,,,,,,,,,,,,,,,,,,,,512435363,51243536300035,42.21Z,,,,,,,,,,,sirene,
STRATEL,,,a contacter,,,,,,,,,,,,reseaux,,MESSEIN,,54,,,,,,,,,,,,,,,,,,,,,,,,,,,,,,,440172567,44017256700065,61.10Z,,,,,,,,,,,sirene,
STRELEC,,,a contacter,,,,,,,,,,,,reseaux,,STRASBOURG,,67,,,,,,,,,,,,,,,,,,,,,,,,,,,,,,,309624344,30962434400029,43.21A,,,,,,,,,,,sirene,
STURNO,,,a contacter,,,,,,,,,,,,reseaux,,AVRANCHES,,50,,,,,,,,,,,,,,,,,,,,,,,,,,,,,,,891847600,89184760000014,42.22Z,,,,,,,,,,,sirene,
SUBTERRA,,,a contacter,,,,,,,,,,,,reseaux,,PORTET-SUR-GARONNE,,31,,,,,,,,,,,,,,,,,,,,,,,,,,,,,,,481442762,48144276200037,42.21Z,,,,,,,,,,,sirene,
SUD BRETAGNE REGULATION,,,a contacter,,,,,,,,,,,,reseaux,,KERVIGNAC,,56,,,,,,,,,,,,,,,,,,,,,,,,,,,,,,,422840850,42284085000032,43.21A,,,,,,,,,,,sirene,
SUD ECOBAT,,,a contacter,,,,,,,,,,,,reseaux,,SAINT-JEAN-D'AIGUES-VIVES,,09,,,,,,,,,,,,,,,,,,,,,,,,,,,,,,,511003337,51100333700025,43.21A,,,,,,,,,,,sirene,
SUD ELEC,,,a contacter,,,,,,,,,,,,reseaux,,CAUMONT-SUR-DURANCE,,84,,,,,,,,,,,,,,,,,,,,,,,,,,,,,,,418280699,41828069900038,43.21A,,,,,,,,,,,sirene,
SUD ELECTRICITE,,,a contacter,,,,,,,,,,,,reseaux,,AFA,,2A,,,,,,,,,,,,,,,,,,,,,,,,,,,,,,,334224334,33422433400055,43.21A,,,,,,,,,,,sirene,
SUD ELECTRICITE SERVICE,,,a contacter,,,,,,,,,,,,reseaux,,IBOS,,65,,,,,,,,,,,,,,,,,,,,,,,,,,,,,,,533646279,53364627900059,43.21A,,,,,,,,,,,sirene,
SUD ENERGIE,,,a contacter,,,,,,,,,,,,reseaux,,VALBONNE,,06,,,,,,,,,,,,,,,,,,,,,,,,,,,,,,,499493252,49949325200039,43.21A,,,,,,,,,,,sirene,
SUD EST ELECTRICITE,,,a contacter,,,,,,,,,,,,reseaux,,LE VERSOUD,,38,,,,,,,,,,,,,,,,,,,,,,,,,,,,,,,423094291,42309429100022,43.21A,,,,,,,,,,,sirene,
SUD EST TELECOM,,,a contacter,,,,,,,,,,,,reseaux,,MOUGINS,,06,,,,,,,,,,,,,,,,,,,,,,,,,,,,,,,410444434,41044443400030,61.90Z,,,,,,,,,,,sirene,
SUD NOUVELLE ENERGIE,,,a contacter,,,,,,,,,,,,reseaux,,SAINT-LAURENT-DES-ARBRES,,30,,,,,,,,,,,,,,,,,,,,,,,,,,,,,,,831244611,83124461100032,43.21A,,,,,,,,,,,sirene,
SUD OUEST ENERGY,,,a contacter,,,,,,,,,,,,reseaux,,TOULOUSE,,31,,,,,,,,,,,,,,,,,,,,,,,,,,,,,,,530958206,53095820600019,43.21A,,,,,,,,,,,sirene,
SUD OUEST RESEAUX,,,a contacter,,,,,,,,,,,,reseaux,,NOE,,31,,,,,,,,,,,,,,,,,,,,,,,,,,,,,,,511028920,51102892000029,42.21Z,,,,,,,,,,,sirene,
SUD RESEAUX,,,a contacter,,,,,,,,,,,,reseaux,,MONT-DE-MARSAN,,40,,,,,,,,,,,,,,,,,,,,,,,,,,,,,,,398959510,39895951000072,42.22Z,,,,,,,,,,,sirene,
SUD SATELLITES,,,a contacter,,,,,,,,,,,,reseaux,,PORTET-SUR-GARONNE,,31,,,,,,,,,,,,,,,,,,,,,,,,,,,,,,,382620862,38262086200054,43.21A,,,,,,,,,,,sirene,
SUD TRAVAUX PUBLICS ET PRIVES,,,a contacter,,,,,,,,,,,,reseaux,,GARDANNE,,13,,,,,,,,,,,,,,,,,,,,,,,,,,,,,,,380265009,38026500900023,42.21Z,,,,,,,,,,,sirene,
SUDEL,,,a contacter,,,,,,,,,,,,reseaux,,MONTELIMAR,,26,,,,,,,,,,,,,,,,,,,,,,,,,,,,,,,434278610,43427861000044,43.21A,,,,,,,,,,,sirene,
SUDELEC,,,a contacter,,,,,,,,,,,,reseaux,,SAINT-PAUL-LES-DAX,,40,,,,,,,,,,,,,,,,,,,,,,,,,,,,,,,505382549,50538254900010,43.21A,,,,,,,,,,,sirene,
SUDELEC,,,a contacter,,,,,,,,,,,,reseaux,,GIRONVILLE-SUR-ESSONNE,,91,,,,,,,,,,,,,,,,,,,,,,,,,,,,,,,404771909,40477190900011,43.21A,,,,,,,,,,,sirene,
SUDELEC COTE BASQUE,,,a contacter,,,,,,,,,,,,reseaux,,BAYONNE,,64,,,,,,,,,,,,,,,,,,,,,,,,,,,,,,,507382448,50738244800011,43.21A,,,,,,,,,,,sirene,
SUDTEL FRANCE,,,a contacter,,,,,,,,,,,,reseaux,,BORDEAUX,,33,,,,,,,,,,,,,,,,,,,,,,,,,,,,,,,840865752,84086575200066,42.22Z,,,,,,,,,,,sirene,
SUKCES,,,a contacter,,,,,,,,,,,,reseaux,,DOUAI,,59,,,,,,,,,,,,,,,,,,,,,,,,,,,,,,,829146919,82914691900024,42.21Z,,,,,,,,,,,sirene,
SULTALEC,,,a contacter,,,,,,,,,,,,reseaux,,LE THILLAY,,95,,,,,,,,,,,,,,,,,,,,,,,,,,,,,,,830465316,83046531600032,43.21A,,,,,,,,,,,sirene,
SUN ELEC,,,a contacter,,,,,,,,,,,,reseaux,,EPINAY-SUR-SEINE,,93,,,,,,,,,,,,,,,,,,,,,,,,,,,,,,,383290830,38329083000058,43.21A,,,,,,,,,,,sirene,
SUN EST,,,a contacter,,,,,,,,,,,,reseaux,,TOUL,,54,,,,,,,,,,,,,,,,,,,,,,,,,,,,,,,810665182,81066518200038,43.21A,,,,,,,,,,,sirene,
SUN R SOLUTIONS,,,a contacter,,,,,,,,,,,,reseaux,,ROMANS-SUR-ISERE,,26,,,,,,,,,,,,,,,,,,,,,,,,,,,,,,,845086818,84508681800026,43.21A,,,,,,,,,,,sirene,
SUNCONCEPT MEDITERRANEE,,,a contacter,,,,,,,,,,,,reseaux,,MALLEMORT,,13,,,,,,,,,,,,,,,,,,,,,,,,,,,,,,,530108000,53010800000031,43.21A,,,,,,,,,,,sirene,
SUNDGAU ELECTRICITE,,,a contacter,,,,,,,,,,,,reseaux,,HESINGUE,,68,,,,,,,,,,,,,,,,,,,,,,,,,,,,,,,413156373,41315637300024,43.21A,,,,,,,,,,,sirene,
SUNELIS,,,a contacter,,,,,,,,,,,,reseaux,,FRETIN,,59,,,,,,,,,,,,,,,,,,,,,,,,,,,,,,,528702145,52870214500038,43.21A,,,,,,,,,,,sirene,
SUNTEAM,,,a contacter,,,,,,,,,,,,reseaux,,MONTELIMAR,,26,,,,,,,,,,,,,,,,,,,,,,,,,,,,,,,521980771,52198077100021,43.21A,,,,,,,,,,,sirene,
SUNTECH,,,a contacter,,,,,,,,,,,,reseaux,,FORT-DE-FRANCE,,972,,,,,,,,,,,,,,,,,,,,,,,,,,,,,,,849830328,84983032800019,43.21A,,,,,,,,,,,sirene,
SUNZIL OCEAN INDIEN,,,a contacter,,,,,,,,,,,,reseaux,,LE PORT,,974,,,,,,,,,,,,,,,,,,,,,,,,,,,,,,,402103386,40210338600064,43.21A,,,,,,,,,,,sirene,
SVEE INDUSTRIE,,,a contacter,,,,,,,,,,,,reseaux,,PETITE-FORET,,59,,,,,,,,,,,,,,,,,,,,,,,,,,,,,,,433875978,43387597800036,43.21A,,,,,,,,,,,sirene,
SVEG,,,a contacter,,,,,,,,,,,,reseaux,,VANNES,,56,,,,,,,,,,,,,,,,,,,,,,,,,,,,,,,877280180,87728018000036,43.21A,,,,,,,,,,,sirene,
SYBORD,,,a contacter,,,,,,,,,,,,reseaux,,SAINT-GENIS-LAVAL,,69,,,,,,,,,,,,,,,,,,,,,,,,,,,,,,,307787036,30778703600051,61.10Z,,,,,,,,,,,sirene,
SYDERAL,,,a contacter,,,,,,,,,,,,reseaux,,ARGENTEUIL,,95,,,,,,,,,,,,,,,,,,,,,,,,,,,,,,,351054010,35105401000050,43.21A,,,,,,,,,,,sirene,
SYELEC,,,a contacter,,,,,,,,,,,,reseaux,,AULNAY-SOUS-BOIS,,93,,,,,,,,,,,,,,,,,,,,,,,,,,,,,,,911019206,91101920600018,43.21A,,,,,,,,,,,sirene,
SYGMATEL ELECTRICITE,,,a contacter,,,,,,,,,,,,reseaux,,LA CHAPELLE-SUR-ERDRE,,44,,,,,,,,,,,,,,,,,,,,,,,,,,,,,,,422219196,42221919600090,43.21A,,,,,,,,,,,sirene,
SYLVESTRE ENERGIES,,,a contacter,,,,,,,,,,,,reseaux,,ETRELLES,,35,,,,,,,,,,,,,,,,,,,,,,,,,,,,,,,390747749,39074774900039,43.21A,,,,,,,,,,,sirene,
SYMA,,,a contacter,,,,,,,,,,,,reseaux,,PARIS 15,,75,,,,,,,,,,,,,,,,,,,,,,,,,,,,,,,808717177,80871717700030,61.20Z,,,,,,,,,,,sirene,
SYN'RJ ELEC,,,a contacter,,,,,,,,,,,,reseaux,,SAINT-GERMAIN-DE-LA-GRANGE,,78,,,,,,,,,,,,,,,,,,,,,,,,,,,,,,,801957234,80195723400025,43.21A,,,,,,,,,,,sirene,
SYNDICAT MIXTE ''NIEVRE NUMERIQUE'',,,a contacter,,,,,,,,,,,,reseaux,,NEVERS,,58,,,,,,,,,,,,,,,,,,,,,,,,,,,,,,,200002400,20000240000014,61.90Z,,,,,,,,,,,sirene,
SYNDICAT MIXTE MANCHE NUMERIQUE,,,a contacter,,,,,,,,,,,,reseaux,,SAINT-LO,,50,,,,,,,,,,,,,,,,,,,,,,,,,,,,,,,255003592,25500359200102,61.90Z,,,,,,,,,,,sirene,
SYNDICAT MIXTE SARTHE NUMERIQUE,,,a contacter,,,,,,,,,,,,reseaux,,LE MANS,,72,,,,,,,,,,,,,,,,,,,,,,,,,,,,,,,257202432,25720243200015,61.90Z,,,,,,,,,,,sirene,
SYNDICAT MIXTE SEINE ET MARNE NUMERIQUE,,,a contacter,,,,,,,,,,,,reseaux,,MELUN,,77,,,,,,,,,,,,,,,,,,,,,,,,,,,,,,,200036481,20003648100014,61.90Z,,,,,,,,,,,sirene,
SYNELYANS,,,a contacter,,,,,,,,,,,,reseaux,,VAULX-EN-VELIN,,69,,,,,,,,,,,,,,,,,,,,,,,,,,,,,,,797691433,79769143300016,61.10Z,,,,,,,,,,,sirene,
SYNERGIE EN DEPLOIEMENT TELECOM,,,a contacter,,,,,,,,,,,,reseaux,,DOUVILLE,,24,,,,,,,,,,,,,,,,,,,,,,,,,,,,,,,891375008,89137500800010,43.21A,,,,,,,,,,,sirene,
SYNERGITECH,,,a contacter,,,,,,,,,,,,reseaux,,GARDANNE,,13,,,,,,,,,,,,,,,,,,,,,,,,,,,,,,,327997862,32799786200039,42.22Z,,,,,,,,,,,sirene,
SYNERGYA,,,a contacter,,,,,,,,,,,,reseaux,,LIMONEST,,69,,,,,,,,,,,,,,,,,,,,,,,,,,,,,,,839375235,83937523500026,43.21A,,,,,,,,,,,sirene,
SYSOCO,,,a contacter,,,,,,,,,,,,reseaux,,GENAS,,69,,,,,,,,,,,,,,,,,,,,,,,,,,,,,,,443866769,44386676900575,61.90Z,,,,,,,,,,,sirene,
SYSTEAU,,,a contacter,,,,,,,,,,,,reseaux,,EGLISENEUVE-PRES-BILLOM,,63,,,,,,,,,,,,,,,,,,,,,,,,,,,,,,,528756158,52875615800010,42.21Z,,,,,,,,,,,sirene,
SYSTEM D 15,,,a contacter,,,,,,,,,,,,reseaux,,OMPS,,15,,,,,,,,,,,,,,,,,,,,,,,,,,,,,,,841700792,84170079200010,42.22Z,,,,,,,,,,,sirene,
SYSTEME DE SECURITE INCENDIE SERVICE,,,a contacter,,,,,,,,,,,,reseaux,,SAINT-AUBIN,,91,,,,,,,,,,,,,,,,,,,,,,,,,,,,,,,073502981,07350298100332,43.21A,,,,,,,,,,,sirene,
SYSTEME RESEAU TELECOM,,,a contacter,,,,,,,,,,,,reseaux,,OUILLY-LE-TESSON,,14,,,,,,,,,,,,,,,,,,,,,,,,,,,,,,,911058873,91105887300017,43.21A,,,,,,,,,,,sirene,
SYSTEMES AUTOMATISES & MAINTENANCES ELECTRIQUES OCEAN INDIEN,,,a contacter,,,,,,,,,,,,reseaux,,SAINT-PIERRE,,974,,,,,,,,,,,,,,,,,,,,,,,,,,,,,,,811648559,81164855900011,43.21A,,,,,,,,,,,sirene,
T P D L,,,a contacter,,,,,,,,,,,,reseaux,,SARREGUEMINES,,57,,,,,,,,,,,,,,,,,,,,,,,,,,,,,,,399699198,39969919800020,42.21Z,,,,,,,,,,,sirene,
T.F.B,,,a contacter,,,,,,,,,,,,reseaux,,VILLEPINTE,,93,,,,,,,,,,,,,,,,,,,,,,,,,,,,,,,840442354,84044235400030,43.21A,,,,,,,,,,,sirene,
T.V.S. - TELECOMMUNICATION VIDEOCOMMUNICATION SECURITE,,,a contacter,,,,,,,,,,,,reseaux,,LACROIX-SAINT-OUEN,,60,,,,,,,,,,,,,,,,,,,,,,,,,,,,,,,340401959,34040195900036,43.21A,,,,,,,,,,,sirene,
T3M - SEGMATEL,,,a contacter,,,,,,,,,,,,reseaux,,SAINT-PAUL-EN-BORN,,40,,,,,,,,,,,,,,,,,,,,,,,,,,,,,,,430316059,43031605900038,43.21A,,,,,,,,,,,sirene,
TABONE SALVATORE,,,a contacter,,,,,,,,,,,,reseaux,,TERNAY,,69,,,,,,,,,,,,,,,,,,,,,,,,,,,,,,,449249903,44924990300021,43.21A,,,,,,,,,,,sirene,
TAKE,,,a contacter,,,,,,,,,,,,reseaux,,LIMOGES,,87,,,,,,,,,,,,,,,,,,,,,,,,,,,,,,,893622001,89362200100020,43.21A,,,,,,,,,,,sirene,
TAKOM,,,a contacter,,,,,,,,,,,,reseaux,,MONTESSON,,78,,,,,,,,,,,,,,,,,,,,,,,,,,,,,,,849067335,84906733500026,61.90Z,,,,,,,,,,,sirene,
TANDEM-SK,,,a contacter,,,,,,,,,,,,reseaux,,,,,,,,,,,,,,,,,,,,,,,,,,,,,,,,,,,849395553,84939555300019,43.21A,,,,,,,,,,,sirene,
TANIS,,,a contacter,,,,,,,,,,,,reseaux,,LA GARENNE-COLOMBES,,92,,,,,,,,,,,,,,,,,,,,,,,,,,,,,,,952070118,95207011800015,43.21A,,,,,,,,,,,sirene,
TANLI ELEC,,,a contacter,,,,,,,,,,,,reseaux,,MARIGNIER,,74,,,,,,,,,,,,,,,,,,,,,,,,,,,,,,,501480545,50148054500018,43.21A,,,,,,,,,,,sirene,
TAOVA,,,a contacter,,,,,,,,,,,,reseaux,,SAINT-MARTIN-SUR-LE-PRE,,51,,,,,,,,,,,,,,,,,,,,,,,,,,,,,,,880569975,88056997500076,43.21A,,,,,,,,,,,sirene,
TARCOM,,,a contacter,,,,,,,,,,,,reseaux,,SAINT-DENIS,,93,,,,,,,,,,,,,,,,,,,,,,,,,,,,,,,814942298,81494229800047,43.21A,,,,,,,,,,,sirene,
TATA COMMUNICATIONS (FRANCE),,,a contacter,,,,,,,,,,,,reseaux,,PUTEAUX,,92,,,,,,,,,,,,,,,,,,,,,,,,,,,,,,,481385821,48138582100089,61.10Z,,,,,,,,,,,sirene,
TATTU T.P.,,,a contacter,,,,,,,,,,,,reseaux,,GUYANS-VENNES,,25,,,,,,,,,,,,,,,,,,,,,,,,,,,,,,,311233670,31123367000018,42.22Z,,,,,,,,,,,sirene,
TAUPIAC ELECTRICITE,,,a contacter,,,,,,,,,,,,reseaux,,AUCH,,32,,,,,,,,,,,,,,,,,,,,,,,,,,,,,,,344943105,34494310500017,43.21A,,,,,,,,,,,sirene,
TB FIBER,,,a contacter,,,,,,,,,,,,reseaux,,ORLY,,94,,,,,,,,,,,,,,,,,,,,,,,,,,,,,,,949071930,94907193000018,43.21A,,,,,,,,,,,sirene,
TBE,,,a contacter,,,,,,,,,,,,reseaux,,SENLIS,,60,,,,,,,,,,,,,,,,,,,,,,,,,,,,,,,819374232,81937423200018,43.21A,,,,,,,,,,,sirene,
TBG CONCEPT,,,a contacter,,,,,,,,,,,,reseaux,,SAINT-OUEN-L'AUMONE,,95,,,,,,,,,,,,,,,,,,,,,,,,,,,,,,,848530655,84853065500010,43.21A,,,,,,,,,,,sirene,
TC COM SAS,,,a contacter,,,,,,,,,,,,reseaux,,ALBERTVILLE,,73,,,,,,,,,,,,,,,,,,,,,,,,,,,,,,,878026897,87802689700024,42.22Z,,,,,,,,,,,sirene,
TCE AUGUSTE PEREIRA,,,a contacter,,,,,,,,,,,,reseaux,,MORLAAS,,64,,,,,,,,,,,,,,,,,,,,,,,,,,,,,,,450847561,45084756100021,43.21A,,,,,,,,,,,sirene,
TCE RESEAU & ELECTRICITE,,,a contacter,,,,,,,,,,,,reseaux,,LES LILAS,,93,,,,,,,,,,,,,,,,,,,,,,,,,,,,,,,922358031,92235803100016,61.10Z,,,,,,,,,,,sirene,
TCHAH ELECTRICITE,,,a contacter,,,,,,,,,,,,reseaux,,NICE,,06,,,,,,,,,,,,,,,,,,,,,,,,,,,,,,,819098757,81909875700019,43.21A,,,,,,,,,,,sirene,
TEAM RESEAUX,,,a contacter,,,,,,,,,,,,reseaux,,EVREUX,,27,,,,,,,,,,,,,,,,,,,,,,,,,,,,,,,431231257,43123125700079,42.22Z,,,,,,,,,,,sirene,
TEAM18,,,a contacter,,,,,,,,,,,,reseaux,,BAILLY-ROMAINVILLIERS,,77,,,,,,,,,,,,,,,,,,,,,,,,,,,,,,,842978728,84297872800041,43.21A,,,,,,,,,,,sirene,
TEC ELEC SUD,,,a contacter,,,,,,,,,,,,reseaux,,SAINT-MARTIN-DE-LONDRES,,34,,,,,,,,,,,,,,,,,,,,,,,,,,,,,,,822386991,82238699100019,43.21A,,,,,,,,,,,sirene,
TEC REUNION,,,a contacter,,,,,,,,,,,,reseaux,,SAINT-PAUL,,974,,,,,,,,,,,,,,,,,,,,,,,,,,,,,,,493623748,49362374800032,43.21A,,,,,,,,,,,sirene,
TEC.2E,,,a contacter,,,,,,,,,,,,reseaux,,BEAUMONT-LES-VALENCE,,26,,,,,,,,,,,,,,,,,,,,,,,,,,,,,,,484697230,48469723000023,43.21A,,,,,,,,,,,sirene,
TECELEC,,,a contacter,,,,,,,,,,,,reseaux,,COULOMMIERS,,77,,,,,,,,,,,,,,,,,,,,,,,,,,,,,,,799781901,79978190100035,43.21A,,,,,,,,,,,sirene,
TECFEL,,,a contacter,,,,,,,,,,,,reseaux,,MAUGUIO,,34,,,,,,,,,,,,,,,,,,,,,,,,,,,,,,,522743897,52274389700046,43.21A,,,,,,,,,,,sirene,
TECH & WORK FRANCE,,,a contacter,,,,,,,,,,,,reseaux,,ANNEMASSE,,74,,,,,,,,,,,,,,,,,,,,,,,,,,,,,,,882657554,88265755400045,43.21A,,,,,,,,,,,sirene,
TECH 9 ENERGIE,,,a contacter,,,,,,,,,,,,reseaux,,SALON-DE-PROVENCE,,13,,,,,,,,,,,,,,,,,,,,,,,,,,,,,,,819423393,81942339300043,43.21A,,,,,,,,,,,sirene,
TECH ELEC INDUSTRIES,,,a contacter,,,,,,,,,,,,reseaux,,LE PLESSIS-TREVISE,,94,,,,,,,,,,,,,,,,,,,,,,,,,,,,,,,421434788,42143478800020,43.21A,,,,,,,,,,,sirene,
TECHN MONTAG EQUIPEMENTS ELECT,,,a contacter,,,,,,,,,,,,reseaux,,SAMOREAU,,77,,,,,,,,,,,,,,,,,,,,,,,,,,,,,,,320377518,32037751800040,43.21A,,,,,,,,,,,sirene,
TECHNERGIE,,,a contacter,,,,,,,,,,,,reseaux,,GRAND-COURONNE,,76,,,,,,,,,,,,,,,,,,,,,,,,,,,,,,,524805256,52480525600020,43.21A,,,,,,,,,,,sirene,
TECHNI ALARME,,,a contacter,,,,,,,,,,,,reseaux,,IVRY-SUR-SEINE,,94,,,,,,,,,,,,,,,,,,,,,,,,,,,,,,,429149784,42914978400069,43.21A,,,,,,,,,,,sirene,
TECHNI CABLE,,,a contacter,,,,,,,,,,,,reseaux,,PARIS,,75,,,,,,,,,,,,,,,,,,,,,,,,,,,,,,,392364519,39236451900026,43.21A,,,,,,,,,,,sirene,
TECHNI RENOV,,,a contacter,,,,,,,,,,,,reseaux,,COURNON-D'AUVERGNE,,63,,,,,,,,,,,,,,,,,,,,,,,,,,,,,,,533096848,53309684800023,43.21A,,,,,,,,,,,sirene,
TECHNIC'ELEC 58,,,a contacter,,,,,,,,,,,,reseaux,,NEVERS,,58,,,,,,,,,,,,,,,,,,,,,,,,,,,,,,,398711283,39871128300026,43.21A,,,,,,,,,,,sirene,
TECHNIFEU,,,a contacter,,,,,,,,,,,,reseaux,,FOULAYRONNES,,47,,,,,,,,,,,,,,,,,,,,,,,,,,,,,,,332402643,33240264300024,43.21A,,,,,,,,,,,sirene,
TECHNIQUE ELECTROTECHNIQUE 56,,,a contacter,,,,,,,,,,,,reseaux,,PLOUGOUMELEN,,56,,,,,,,,,,,,,,,,,,,,,,,,,,,,,,,439641523,43964152300014,43.21A,,,,,,,,,,,sirene,
TECHNIQUE GENIE ELECTRIQUE  T.G.E.,,,a contacter,,,,,,,,,,,,reseaux,,CARROS,,06,,,,,,,,,,,,,,,,,,,,,,,,,,,,,,,487629974,48762997400022,43.21A,,,,,,,,,,,sirene,
TECHNIQUES DE SECURITE POUR L'ENVIRONNEMENT INFORMATIQUE,,,a contacter,,,,,,,,,,,,reseaux,,BEZONS,,95,,,,,,,,,,,,,,,,,,,,,,,,,,,,,,,379707367,37970736700049,43.21A,,,,,,,,,,,sirene,
TECHNIQUES ELECTRIQUES,,,a contacter,,,,,,,,,,,,reseaux,,ERSTEIN,,67,,,,,,,,,,,,,,,,,,,,,,,,,,,,,,,380102426,38010242600034,43.21A,,,,,,,,,,,sirene,
TECHNIQUES INCENDIE,,,a contacter,,,,,,,,,,,,reseaux,,LANDIRAS,,33,,,,,,,,,,,,,,,,,,,,,,,,,,,,,,,503932964,50393296400045,43.21A,,,,,,,,,,,sirene,
TECHNIQUES SPECIALES OCEAN INDIEN,,,a contacter,,,,,,,,,,,,reseaux,,SAINT-PAUL,,974,,,,,,,,,,,,,,,,,,,,,,,,,,,,,,,502869837,50286983700026,43.21A,,,,,,,,,,,sirene,
TECHNIS,,,a contacter,,,,,,,,,,,,reseaux,,NICE,,06,,,,,,,,,,,,,,,,,,,,,,,,,,,,,,,433783891,43378389100016,43.21A,,,,,,,,,,,sirene,
TECHNISERVE,,,a contacter,,,,,,,,,,,,reseaux,,CHASSIEU,,69,,,,,,,,,,,,,,,,,,,,,,,,,,,,,,,807499199,80749919900022,42.21Z,,,,,,,,,,,sirene,
TECHNO FIBRE,,,a contacter,,,,,,,,,,,,reseaux,,IS-SUR-TILLE,,21,,,,,,,,,,,,,,,,,,,,,,,,,,,,,,,499339455,49933945500028,42.22Z,,,,,,,,,,,sirene,
TECHNOCOM,,,a contacter,,,,,,,,,,,,reseaux,,GONESSE,,95,,,,,,,,,,,,,,,,,,,,,,,,,,,,,,,883445512,88344551200014,43.21A,,,,,,,,,,,sirene,
TECHNOCOMSERVICES,,,a contacter,,,,,,,,,,,,reseaux,,FONTENAY-AUX-ROSES,,92,,,,,,,,,,,,,,,,,,,,,,,,,,,,,,,804421014,80442101400023,61.90Z,,,,,,,,,,,sirene,
TECHNOLOGIS,,,a contacter,,,,,,,,,,,,reseaux,,CASTRES,,81,,,,,,,,,,,,,,,,,,,,,,,,,,,,,,,503600694,50360069400023,43.21A,,,,,,,,,,,sirene,
TECHNOPROD,,,a contacter,,,,,,,,,,,,reseaux,,PLOUEDERN,,29,,,,,,,,,,,,,,,,,,,,,,,,,,,,,,,882065816,88206581600010,43.21A,,,,,,,,,,,sirene,
TECHNOTEL,,,a contacter,,,,,,,,,,,,reseaux,,GONESSE,,95,,,,,,,,,,,,,,,,,,,,,,,,,,,,,,,951315902,95131590200019,43.21A,,,,,,,,,,,sirene,
TECSO TECHNIQUES SECOND OEUVRE,,,a contacter,,,,,,,,,,,,reseaux,,PORTET-SUR-GARONNE,,31,,,,,,,,,,,,,,,,,,,,,,,,,,,,,,,332944826,33294482600020,43.21A,,,,,,,,,,,sirene,
TEEC,,,a contacter,,,,,,,,,,,,reseaux,,ANTONY,,92,,,,,,,,,,,,,,,,,,,,,,,,,,,,,,,519481089,51948108900034,61.10Z,,,,,,,,,,,sirene,
TEGIS,,,a contacter,,,,,,,,,,,,reseaux,,SAINT-ANDRE,,974,,,,,,,,,,,,,,,,,,,,,,,,,,,,,,,819507583,81950758300022,43.21A,,,,,,,,,,,sirene,
TEK,,,a contacter,,,,,,,,,,,,reseaux,,GARGES-LES-GONESSE,,95,,,,,,,,,,,,,,,,,,,,,,,,,,,,,,,753169598,75316959800038,43.21A,,,,,,,,,,,sirene,
TEKNIC ELEC UNION,,,a contacter,,,,,,,,,,,,reseaux,,HALLUIN,,59,,,,,,,,,,,,,,,,,,,,,,,,,,,,,,,512716671,51271667100049,43.21A,,,,,,,,,,,sirene,
TEL-NET,,,a contacter,,,,,,,,,,,,reseaux,,LE LAMENTIN,,972,,,,,,,,,,,,,,,,,,,,,,,,,,,,,,,500805890,50080589000034,61.10Z,,,,,,,,,,,sirene,
TELCO OI,,,a contacter,,,,,,,,,,,,reseaux,,SAINT-DENIS,,974,,,,,,,,,,,,,,,,,,,,,,,,,,,,,,,809533524,80953352400397,61.20Z,,,,,,,,,,,sirene,
TELCONET,,,a contacter,,,,,,,,,,,,reseaux,,AJACCIO,,2A,,,,,,,,,,,,,,,,,,,,,,,,,,,,,,,843049255,84304925500014,61.10Z,,,,,,,,,,,sirene,
TELECOM,,,a contacter,,,,,,,,,,,,reseaux,,OLLIOULES,,83,,,,,,,,,,,,,,,,,,,,,,,,,,,,,,,419343637,41934363700221,61.20Z,,,,,,,,,,,sirene,
TELECOM C.F.O,,,a contacter,,,,,,,,,,,,reseaux,,KILSTETT,,67,,,,,,,,,,,,,,,,,,,,,,,,,,,,,,,898513775,89851377500020,61.90Z,,,,,,,,,,,sirene,
TELECOM SYSTEM NUMERIQUE,,,a contacter,,,,,,,,,,,,reseaux,,EPINAY-SUR-SEINE,,93,,,,,,,,,,,,,,,,,,,,,,,,,,,,,,,823184163,82318416300017,61.10Z,,,,,,,,,,,sirene,
TELECOM.OBJECT,,,a contacter,,,,,,,,,,,,reseaux,,ENTZHEIM,,67,,,,,,,,,,,,,,,,,,,,,,,,,,,,,,,482695343,48269534300038,61.10Z,,,,,,,,,,,sirene,
TELECOMS ET RESEAUX,,,a contacter,,,,,,,,,,,,reseaux,,MILLERY,,69,,,,,,,,,,,,,,,,,,,,,,,,,,,,,,,752536912,75253691200039,43.21A,,,,,,,,,,,sirene,
TELECOOP,,,a contacter,,,,,,,,,,,,reseaux,,PARIS,,75,,,,,,,,,,,,,,,,,,,,,,,,,,,,,,,882755655,88275565500025,61.90Z,,,,,,,,,,,sirene,
TELEDOM SECURITE,,,a contacter,,,,,,,,,,,,reseaux,,VALBONNE,,06,,,,,,,,,,,,,,,,,,,,,,,,,,,,,,,399235613,39923561300037,43.21A,,,,,,,,,,,sirene,
TELEFONICA GLOBAL SOLUTIONS FRANCE II SAS,,,a contacter,,,,,,,,,,,,reseaux,,PUTEAUX,,92,,,,,,,,,,,,,,,,,,,,,,,,,,,,,,,508009982,50800998200077,61.20Z,,,,,,,,,,,sirene,
TELEIS,,,a contacter,,,,,,,,,,,,reseaux,,PARIS,,75,,,,,,,,,,,,,,,,,,,,,,,,,,,,,,,815268420,81526842000073,43.21A,,,,,,,,,,,sirene,
TELELEC DATACOM,,,a contacter,,,,,,,,,,,,reseaux,,BOULAZAC ISLE MANOIRE,,24,,,,,,,,,,,,,,,,,,,,,,,,,,,,,,,502702046,50270204600017,42.22Z,,,,,,,,,,,sirene,
TELELEC RESEAUX,,,a contacter,,,,,,,,,,,,reseaux,,CHANGE,,72,,,,,,,,,,,,,,,,,,,,,,,,,,,,,,,311853857,31185385700077,42.22Z,,,,,,,,,,,sirene,
TELEMAQUE,,,a contacter,,,,,,,,,,,,reseaux,,VALBONNE,,06,,,,,,,,,,,,,,,,,,,,,,,,,,,,,,,403427701,40342770100053,61.90Z,,,,,,,,,,,sirene,
TELEOS CONNECT,,,a contacter,,,,,,,,,,,,reseaux,,BAUDRE,,50,,,,,,,,,,,,,,,,,,,,,,,,,,,,,,,324884352,32488435200083,61.20Z,,,,,,,,,,,sirene,
TELEPH ELEC SERVICES,,,a contacter,,,,,,,,,,,,reseaux,,CLAIX,,16,,,,,,,,,,,,,,,,,,,,,,,,,,,,,,,334334984,33433498400021,43.21A,,,,,,,,,,,sirene,
TELEREP EST,,,a contacter,,,,,,,,,,,,reseaux,,WOIPPY,,57,,,,,,,,,,,,,,,,,,,,,,,,,,,,,,,397928086,39792808600024,42.21Z,,,,,,,,,,,sirene,
TELEREP FRANCE,,,a contacter,,,,,,,,,,,,reseaux,,ECQUEVILLY,,78,,,,,,,,,,,,,,,,,,,,,,,,,,,,,,,351320650,35132065000051,42.21Z,,,,,,,,,,,sirene,
TELPASS,,,a contacter,,,,,,,,,,,,reseaux,,ARTIGUES-PRES-BORDEAUX,,33,,,,,,,,,,,,,,,,,,,,,,,,,,,,,,,447850819,44785081900031,61.20Z,,,,,,,,,,,sirene,
TELSTRA,,,a contacter,,,,,,,,,,,,reseaux,,PARIS,,75,,,,,,,,,,,,,,,,,,,,,,,,,,,,,,,820335131,82033513100034,61.10Z,,,,,,,,,,,sirene,
TEOS,,,a contacter,,,,,,,,,,,,reseaux,,BETHENY,,51,,,,,,,,,,,,,,,,,,,,,,,,,,,,,,,534085675,53408567500021,43.21A,,,,,,,,,,,sirene,
TER DU SUD,,,a contacter,,,,,,,,,,,,reseaux,,AIX-EN-PROVENCE,,13,,,,,,,,,,,,,,,,,,,,,,,,,,,,,,,800559940,80055994000013,43.21A,,,,,,,,,,,sirene,
TERCO - TRAVAUX ETUDES RESEAUX CENTRE OUEST,,,a contacter,,,,,,,,,,,,reseaux,,LA ROCHELLE,,17,,,,,,,,,,,,,,,,,,,,,,,,,,,,,,,797825239,79782523900032,42.22Z,,,,,,,,,,,sirene,
TERELEC,,,a contacter,,,,,,,,,,,,reseaux,,LONGVIC,,21,,,,,,,,,,,,,,,,,,,,,,,,,,,,,,,520906199,52090619900036,43.21B,,,,,,,,,,,sirene,
TERR'ALPES,,,a contacter,,,,,,,,,,,,reseaux,,BRENTHONNE,,74,,,,,,,,,,,,,,,,,,,,,,,,,,,,,,,796580819,79658081900012,42.21Z,,,,,,,,,,,sirene,
TERRALEC,,,a contacter,,,,,,,,,,,,reseaux,,BEHREN-LES-FORBACH,,57,,,,,,,,,,,,,,,,,,,,,,,,,,,,,,,539001743,53900174300027,43.21A,,,,,,,,,,,sirene,
TERRALPHA,,,a contacter,,,,,,,,,,,,reseaux,,SAINT-DENIS,,93,,,,,,,,,,,,,,,,,,,,,,,,,,,,,,,844899906,84489990600029,61.10Z,,,,,,,,,,,sirene,
TERRASSEMENT RESEAU PUBLIC NORMANDIE,,,a contacter,,,,,,,,,,,,reseaux,,GAINNEVILLE,,76,,,,,,,,,,,,,,,,,,,,,,,,,,,,,,,489156927,48915692700027,42.21Z,,,,,,,,,,,sirene,
TERRASSEMENTS ET CANALISATIONS,,,a contacter,,,,,,,,,,,,reseaux,,LAGNY-SUR-MARNE,,77,,,,,,,,,,,,,,,,,,,,,,,,,,,,,,,305587032,30558703200023,42.21Z,,,,,,,,,,,sirene,
TERRE & SUN INSTAL,,,a contacter,,,,,,,,,,,,reseaux,,CEBAZAT,,63,,,,,,,,,,,,,,,,,,,,,,,,,,,,,,,913959474,91395947400010,43.21A,,,,,,,,,,,sirene,
TERRE-ELEC,,,a contacter,,,,,,,,,,,,reseaux,,MARLY-LE-ROI,,78,,,,,,,,,,,,,,,,,,,,,,,,,,,,,,,827459611,82745961100014,43.21A,,,,,,,,,,,sirene,
TERTRAIS SAUVEGARDE,,,a contacter,,,,,,,,,,,,reseaux,,ANGERS,,49,,,,,,,,,,,,,,,,,,,,,,,,,,,,,,,488606286,48860628600018,43.21A,,,,,,,,,,,sirene,
TEVELEC,,,a contacter,,,,,,,,,,,,reseaux,,COUZEIX,,87,,,,,,,,,,,,,,,,,,,,,,,,,,,,,,,350517959,35051795900036,43.21A,,,,,,,,,,,sirene,
TFC - AUVERGNE,,,a contacter,,,,,,,,,,,,reseaux,,SAINT-GERMAIN-LAPRADE,,43,,,,,,,,,,,,,,,,,,,,,,,,,,,,,,,501457006,50145700600044,61.90Z,,,,,,,,,,,sirene,
TG OPTIQUE,,,a contacter,,,,,,,,,,,,reseaux,,VALLAURIS,,06,,,,,,,,,,,,,,,,,,,,,,,,,,,,,,,949394100,94939410000018,43.21A,,,,,,,,,,,sirene,
TGBC,,,a contacter,,,,,,,,,,,,reseaux,,MARSAS,,33,,,,,,,,,,,,,,,,,,,,,,,,,,,,,,,824593297,82459329700024,43.21A,,,,,,,,,,,sirene,
TGL,,,a contacter,,,,,,,,,,,,reseaux,,LUC-LA-PRIMAUBE,,12,,,,,,,,,,,,,,,,,,,,,,,,,,,,,,,788783959,78878395900026,43.21A,,,,,,,,,,,sirene,
THALEO INFRA,,,a contacter,,,,,,,,,,,,reseaux,,SORGUES,,84,,,,,,,,,,,,,,,,,,,,,,,,,,,,,,,835270984,83527098400031,42.22Z,,,,,,,,,,,sirene,
THAVELEC,,,a contacter,,,,,,,,,,,,reseaux,,LEERS,,59,,,,,,,,,,,,,,,,,,,,,,,,,,,,,,,530095090,53009509000037,43.21A,,,,,,,,,,,sirene,
THEILLAUD ROFFI,,,a contacter,,,,,,,,,,,,reseaux,,ALFORTVILLE,,94,,,,,,,,,,,,,,,,,,,,,,,,,,,,,,,328594247,32859424700046,43.21A,,,,,,,,,,,sirene,
THELINA,,,a contacter,,,,,,,,,,,,reseaux,,SAINT-VARENT,,79,,,,,,,,,,,,,,,,,,,,,,,,,,,,,,,828653766,82865376600034,43.21A,,,,,,,,,,,sirene,
THEVELEC,,,a contacter,,,,,,,,,,,,reseaux,,THIZY-LES-BOURGS,,69,,,,,,,,,,,,,,,,,,,,,,,,,,,,,,,797583960,79758396000019,43.21A,,,,,,,,,,,sirene,
THIBAUD FONTAINE (TFCE),,,a contacter,,,,,,,,,,,,reseaux,,GIRECOURT-SUR-DURBION,,88,,,,,,,,,,,,,,,,,,,,,,,,,,,,,,,511954422,51195442200024,43.21A,,,,,,,,,,,sirene,
THIERRY CHARPENTE METALLIQUE,,,a contacter,,,,,,,,,,,,reseaux,,LE PORT,,974,,,,,,,,,,,,,,,,,,,,,,,,,,,,,,,885407445,88540744500018,43.21A,,,,,,,,,,,sirene,
THIREAU ELECTRICITE,,,a contacter,,,,,,,,,,,,reseaux,,SAINT-HERBLAIN,,44,,,,,,,,,,,,,,,,,,,,,,,,,,,,,,,843232943,84323294300012,43.21A,,,,,,,,,,,sirene,
TI SPARKLE FRANCE SAS,,,a contacter,,,,,,,,,,,,reseaux,,PARIS,,75,,,,,,,,,,,,,,,,,,,,,,,,,,,,,,,483713830,48371383000063,61.90Z,,,,,,,,,,,sirene,
TIHATEL,,,a contacter,,,,,,,,,,,,reseaux,,BARBAS,,54,,,,,,,,,,,,,,,,,,,,,,,,,,,,,,,823339015,82333901500013,42.22Z,,,,,,,,,,,sirene,
TIHATEL FIBRE,,,a contacter,,,,,,,,,,,,reseaux,,BLAMONT,,54,,,,,,,,,,,,,,,,,,,,,,,,,,,,,,,839224409,83922440900012,42.22Z,,,,,,,,,,,sirene,
TINHO SA CONCEPT ET DESIGN,,,a contacter,,,,,,,,,,,,reseaux,,CANY-BARVILLE,,76,,,,,,,,,,,,,,,,,,,,,,,,,,,,,,,499140994,49914099400025,43.21A,,,,,,,,,,,sirene,
TIRAGE RACCORDEMENT CONDEEN,,,a contacter,,,,,,,,,,,,reseaux,,CONDE-EN-BRIE,,02,,,,,,,,,,,,,,,,,,,,,,,,,,,,,,,434470324,43447032400014,43.21A,,,,,,,,,,,sirene,
TISSEO SERVICES,,,a contacter,,,,,,,,,,,,reseaux,,GENNEVILLIERS,,92,,,,,,,,,,,,,,,,,,,,,,,,,,,,,,,790172852,79017285200036,61.10Z,,,,,,,,,,,sirene,
TISSOT ELECTRICITE,,,a contacter,,,,,,,,,,,,reseaux,,CAISSARGUES,,30,,,,,,,,,,,,,,,,,,,,,,,,,,,,,,,750307472,75030747200027,43.21A,,,,,,,,,,,sirene,
TM CABLE,,,a contacter,,,,,,,,,,,,reseaux,,PARIS,,75,,,,,,,,,,,,,,,,,,,,,,,,,,,,,,,800615361,80061536100014,43.21A,,,,,,,,,,,sirene,
TMS-MGA,,,a contacter,,,,,,,,,,,,reseaux,,SAINT-ORENS-DE-GAMEVILLE,,31,,,,,,,,,,,,,,,,,,,,,,,,,,,,,,,887710929,88771092900019,43.21A,,,,,,,,,,,sirene,
TOGGENBURGER,,,a contacter,,,,,,,,,,,,reseaux,,SAINT-ANDRE-LES-VERGERS,,10,,,,,,,,,,,,,,,,,,,,,,,,,,,,,,,924152770,92415277000013,43.21A,,,,,,,,,,,sirene,
TOMA PRO,,,a contacter,,,,,,,,,,,,reseaux,,HERBLAY-SUR-SEINE,,95,,,,,,,,,,,,,,,,,,,,,,,,,,,,,,,812850139,81285013900013,43.21A,,,,,,,,,,,sirene,
TORREGROSSA - TRAVAUX PUBLICS,,,a contacter,,,,,,,,,,,,reseaux,,SAINTE-CROIX-EN-PLAINE,,68,,,,,,,,,,,,,,,,,,,,,,,,,,,,,,,320915325,32091532500049,42.21Z,,,,,,,,,,,sirene,
TORVISCO & NAVARRO,,,a contacter,,,,,,,,,,,,reseaux,,SAINT-HIPPOLYTE,,66,,,,,,,,,,,,,,,,,,,,,,,,,,,,,,,795016427,79501642700044,43.21A,,,,,,,,,,,sirene,
TOTAL CABLE,,,a contacter,,,,,,,,,,,,reseaux,,TOULOUSE,,31,,,,,,,,,,,,,,,,,,,,,,,,,,,,,,,805226198,80522619800036,43.21A,,,,,,,,,,,sirene,
TOTAL NETWORK,,,a contacter,,,,,,,,,,,,reseaux,,VILLIERS-LE-BEL,,95,,,,,,,,,,,,,,,,,,,,,,,,,,,,,,,888351830,88835183000011,61.10Z,,,,,,,,,,,sirene,
TOTEM FRANCE,,,a contacter,,,,,,,,,,,,reseaux,,CHATILLON,,92,,,,,,,,,,,,,,,,,,,,,,,,,,,,,,,833460918,83346091800125,61.10Z,,,,,,,,,,,sirene,
TOTEM GROUP,,,a contacter,,,,,,,,,,,,reseaux,,CHATILLON,,92,,,,,,,,,,,,,,,,,,,,,,,,,,,,,,,882719321,88271932100045,61.10Z,,,,,,,,,,,sirene,
TOUJA,,,a contacter,,,,,,,,,,,,reseaux,,VALENCE-SUR-BAISE,,32,,,,,,,,,,,,,,,,,,,,,,,,,,,,,,,397220112,39722011200023,42.21Z,,,,,,,,,,,sirene,
TOULOUSE ANTENNE NUMERIQUE,,,a contacter,,,,,,,,,,,,reseaux,,BALMA,,31,,,,,,,,,,,,,,,,,,,,,,,,,,,,,,,313196560,31319656000046,43.21A,,,,,,,,,,,sirene,
TOURAINE LOIRE ENERGIE - GUILLOT,,,a contacter,,,,,,,,,,,,reseaux,,AMBOISE,,37,,,,,,,,,,,,,,,,,,,,,,,,,,,,,,,843309279,84330927900019,43.21A,,,,,,,,,,,sirene,
TOURAINE RENOV,,,a contacter,,,,,,,,,,,,reseaux,,AZAY-LE-RIDEAU,,37,,,,,,,,,,,,,,,,,,,,,,,,,,,,,,,753678093,75367809300034,43.21A,,,,,,,,,,,sirene,
TOURANCHE ENTREPRISE,,,a contacter,,,,,,,,,,,,reseaux,,AVIGNON,,84,,,,,,,,,,,,,,,,,,,,,,,,,,,,,,,310270392,31027039200015,43.21A,,,,,,,,,,,sirene,
TOURNIER ELEC,,,a contacter,,,,,,,,,,,,reseaux,,MONTAUBAN,,82,,,,,,,,,,,,,,,,,,,,,,,,,,,,,,,900835927,90083592700014,43.21A,,,,,,,,,,,sirene,
TOUT ELECT BELLUE FILS,,,a contacter,,,,,,,,,,,,reseaux,,CAVAILLON,,84,,,,,,,,,,,,,,,,,,,,,,,,,,,,,,,321131674,32113167400020,43.21A,,,,,,,,,,,sirene,
TOWERCAST,,,a contacter,,,,,,,,,,,,reseaux,,PARIS,,75,,,,,,,,,,,,,,,,,,,,,,,,,,,,,,,338628134,33862813400094,61.20Z,,,,,,,,,,,sirene,
TP BESSIERE,,,a contacter,,,,,,,,,,,,reseaux,,THEZAN-LES-BEZIERS,,34,,,,,,,,,,,,,,,,,,,,,,,,,,,,,,,390226827,39022682700025,42.21Z,,,,,,,,,,,sirene,
TP D'OC,,,a contacter,,,,,,,,,,,,reseaux,,FLOURENS,,31,,,,,,,,,,,,,,,,,,,,,,,,,,,,,,,432959773,43295977300032,42.21Z,,,,,,,,,,,sirene,
TP DEMOULIN,,,a contacter,,,,,,,,,,,,reseaux,,CIREY,,70,,,,,,,,,,,,,,,,,,,,,,,,,,,,,,,602820623,60282062300067,42.21Z,,,,,,,,,,,sirene,
TP RESEAUX,,,a contacter,,,,,,,,,,,,reseaux,,GROSLAY,,95,,,,,,,,,,,,,,,,,,,,,,,,,,,,,,,838710929,83871092900038,42.22Z,,,,,,,,,,,sirene,
TP3E TRAVAUX DE POSE DE RESEAUX ELECTRICITE GAZ EAU,,,a contacter,,,,,,,,,,,,reseaux,,ETUPES,,25,,,,,,,,,,,,,,,,,,,,,,,,,,,,,,,303230205,30323020500021,42.22Z,,,,,,,,,,,sirene,
TPC OUEST,,,a contacter,,,,,,,,,,,,reseaux,,SAINT-AVE,,56,,,,,,,,,,,,,,,,,,,,,,,,,,,,,,,489998575,48999857500026,42.21Z,,,,,,,,,,,sirene,
TPES - TRAVAUX PUBLICS ENERGIES SERVICES,,,a contacter,,,,,,,,,,,,reseaux,,SAINT-SEGAL,,29,,,,,,,,,,,,,,,,,,,,,,,,,,,,,,,434309068,43430906800022,42.22Z,,,,,,,,,,,sirene,
TRA APPLI ELECTROTECHNIQUE HELIOTECHNI,,,a contacter,,,,,,,,,,,,reseaux,,VILLENEUVE-DE-LA-RAHO,,66,,,,,,,,,,,,,,,,,,,,,,,,,,,,,,,316318815,31631881500024,42.22Z,,,,,,,,,,,sirene,
TRANS NORM,,,a contacter,,,,,,,,,,,,reseaux,,BALLAINVILLIERS,,91,,,,,,,,,,,,,,,,,,,,,,,,,,,,,,,400021515,40002151500111,43.21A,,,,,,,,,,,sirene,
TRANSACTION NETWORK SERVICES,,,a contacter,,,,,,,,,,,,reseaux,,PARIS,,75,,,,,,,,,,,,,,,,,,,,,,,,,,,,,,,421285941,42128594100033,61.10Z,,,,,,,,,,,sirene,
TRANSATEL,,,a contacter,,,,,,,,,,,,reseaux,,COURBEVOIE,,92,,,,,,,,,,,,,,,,,,,,,,,,,,,,,,,432786432,43278643200125,61.20Z,,,,,,,,,,,sirene,
TRANSPORT TERTIAIRE INDUSTRIE,,,a contacter,,,,,,,,,,,,reseaux,,NOISY-LE-SEC,,93,,,,,,,,,,,,,,,,,,,,,,,,,,,,,,,442835146,44283514600022,43.21A,,,,,,,,,,,sirene,
TRANSTELEC,,,a contacter,,,,,,,,,,,,reseaux,,FONTENAY-SOUS-BOIS,,94,,,,,,,,,,,,,,,,,,,,,,,,,,,,,,,339812430,33981243000025,43.21A,,,,,,,,,,,sirene,
TRAV ELECTRIQ INDUSTR MARITIME,,,a contacter,,,,,,,,,,,,reseaux,,VIRE NORMANDIE,,14,,,,,,,,,,,,,,,,,,,,,,,,,,,,,,,582149506,58214950600070,42.22Z,,,,,,,,,,,sirene,
TRAVAUX BATIMENTS ELECTRICITE SECURITE,,,a contacter,,,,,,,,,,,,reseaux,,PARIS,,75,,,,,,,,,,,,,,,,,,,,,,,,,,,,,,,394366215,39436621500066,43.21A,,,,,,,,,,,sirene,
TRAVAUX CANALISATIONS PATINIER ANDRE,,,a contacter,,,,,,,,,,,,reseaux,,DIVION,,62,,,,,,,,,,,,,,,,,,,,,,,,,,,,,,,332554914,33255491400025,42.21Z,,,,,,,,,,,sirene,
TRAVAUX COURANTS FAIBLES,,,a contacter,,,,,,,,,,,,reseaux,,VELAUX,,13,,,,,,,,,,,,,,,,,,,,,,,,,,,,,,,524627262,52462726200016,43.21A,,,,,,,,,,,sirene,
TRAVAUX D'ELECTRICITE GENERALE,,,a contacter,,,,,,,,,,,,reseaux,,MARLY,,57,,,,,,,,,,,,,,,,,,,,,,,,,,,,,,,351593306,35159330600043,43.21A,,,,,,,,,,,sirene,
TRAVAUX DEPANNAGE ELECTRIQUE,,,a contacter,,,,,,,,,,,,reseaux,,ANTONY,,92,,,,,,,,,,,,,,,,,,,,,,,,,,,,,,,514343839,51434383900049,43.21A,,,,,,,,,,,sirene,
TRAVAUX ELECTRICITE INDUS & BATIMENT,,,a contacter,,,,,,,,,,,,reseaux,,SORGUES,,84,,,,,,,,,,,,,,,,,,,,,,,,,,,,,,,323288282,32328828200037,43.21A,,,,,,,,,,,sirene,
TRAVAUX ELECTRIQUES DU MIDI,,,a contacter,,,,,,,,,,,,reseaux,,MANOSQUE,,04,,,,,,,,,,,,,,,,,,,,,,,,,,,,,,,381855709,38185570900055,42.22Z,,,,,,,,,,,sirene,
TRAVAUX ENERGIES & SYSTEMES,,,a contacter,,,,,,,,,,,,reseaux,,BLANQUEFORT,,33,,,,,,,,,,,,,,,,,,,,,,,,,,,,,,,849154190,84915419000011,43.21A,,,,,,,,,,,sirene,
TRAVAUX ETUDES RENOVATION EN ECONOMIE D'ENERGIE,,,a contacter,,,,,,,,,,,,reseaux,,SAINT-DENIS,,974,,,,,,,,,,,,,,,,,,,,,,,,,,,,,,,903030815,90303081500018,43.21A,,,,,,,,,,,sirene,
TRAVAUX HYDRAULIQUES ET BETON ARME,,,a contacter,,,,,,,,,,,,reseaux,,METZ,,57,,,,,,,,,,,,,,,,,,,,,,,,,,,,,,,552057564,55205756400098,42.21Z,,,,,,,,,,,sirene,
TRAVAUX LOCATION BERNARD,,,a contacter,,,,,,,,,,,,reseaux,,LE HAILLAN,,33,,,,,,,,,,,,,,,,,,,,,,,,,,,,,,,500486535,50048653500023,42.21Z,,,,,,,,,,,sirene,
TRAVAUX PUBLICS DE SOISY,,,a contacter,,,,,,,,,,,,reseaux,,MILLY-LA-FORET,,91,,,,,,,,,,,,,,,,,,,,,,,,,,,,,,,966201725,96620172500043,42.21Z,,,,,,,,,,,sirene,
TRAVAUX PUBLICS DES MASCAREIGNES,,,a contacter,,,,,,,,,,,,reseaux,,SAINT-PAUL,,974,,,,,,,,,,,,,,,,,,,,,,,,,,,,,,,395153703,39515370300032,42.21Z,,,,,,,,,,,sirene,
TRAVAUX PUBLICS DU ROUSSILLON,,,a contacter,,,,,,,,,,,,reseaux,,PIA,,66,,,,,,,,,,,,,,,,,,,,,,,,,,,,,,,402479257,40247925700022,42.22Z,,,,,,,,,,,sirene,
TRAVAUX PUBLICS ELECTRICITE,,,a contacter,,,,,,,,,,,,reseaux,,LE LAMENTIN,,972,,,,,,,,,,,,,,,,,,,,,,,,,,,,,,,337550461,33755046100012,42.22Z,,,,,,,,,,,sirene,
TRAVAUX PUBLICS ET ASSAINISSEMENT,,,a contacter,,,,,,,,,,,,reseaux,,ATHIES-SOUS-LAON,,02,,,,,,,,,,,,,,,,,,,,,,,,,,,,,,,631680071,63168007100018,42.21Z,,,,,,,,,,,sirene,
TRAVAUX PUBLICS ET BATIMENTS DU CENTRE,,,a contacter,,,,,,,,,,,,reseaux,,SAINT-DOULCHARD,,18,,,,,,,,,,,,,,,,,,,,,,,,,,,,,,,351801543,35180154300031,42.21Z,,,,,,,,,,,sirene,
TRAVAUX PUBLICS ET INGENIERIE DE LIGNY LE CHATEL,,,a contacter,,,,,,,,,,,,reseaux,,LIGNY-LE-CHATEL,,89,,,,,,,,,,,,,,,,,,,,,,,,,,,,,,,324083815,32408381500013,42.22Z,,,,,,,,,,,sirene,
TRAVAUX PUBLICS ILE DE FRANCE,,,a contacter,,,,,,,,,,,,reseaux,,LAGNY-SUR-MARNE,,77,,,,,,,,,,,,,,,,,,,,,,,,,,,,,,,344877808,34487780800032,42.21Z,,,,,,,,,,,sirene,
TRAVAUX PUBLICS LE CLECH,,,a contacter,,,,,,,,,,,,reseaux,,ARCONNAY,,72,,,,,,,,,,,,,,,,,,,,,,,,,,,,,,,402306757,40230675700020,42.21Z,,,,,,,,,,,sirene,
TRAVAUX PUBLICS MOUROT,,,a contacter,,,,,,,,,,,,reseaux,,SILLEY-AMANCEY,,25,,,,,,,,,,,,,,,,,,,,,,,,,,,,,,,320168396,32016839600010,42.21Z,,,,,,,,,,,sirene,
TRAVAUX PUBLICS SEINE ET MARNAIS,,,a contacter,,,,,,,,,,,,reseaux,,MOISSY-CRAMAYEL,,77,,,,,,,,,,,,,,,,,,,,,,,,,,,,,,,343727574,34372757400042,42.21Z,,,,,,,,,,,sirene,
TRAVAUX SANS TRANCHEES,,,a contacter,,,,,,,,,,,,reseaux,,BEZIERS,,34,,,,,,,,,,,,,,,,,,,,,,,,,,,,,,,489552539,48955253900038,42.21Z,,,,,,,,,,,sirene,
TRAX,,,a contacter,,,,,,,,,,,,reseaux,,PARIS,,75,,,,,,,,,,,,,,,,,,,,,,,,,,,,,,,850134388,85013438800022,61.10Z,,,,,,,,,,,sirene,
TRES60 FRANCE S.A.,,,a contacter,,,,,,,,,,,,reseaux,,LA MURETTE,,38,,,,,,,,,,,,,,,,,,,,,,,,,,,,,,,850243890,85024389000041,42.22Z,,,,,,,,,,,sirene,
TRESSES ELEC,,,a contacter,,,,,,,,,,,,reseaux,,MONTUSSAN,,33,,,,,,,,,,,,,,,,,,,,,,,,,,,,,,,398452854,39845285400035,43.21A,,,,,,,,,,,sirene,
TREVISE FRANCE,,,a contacter,,,,,,,,,,,,reseaux,,ROISSY-EN-BRIE,,77,,,,,,,,,,,,,,,,,,,,,,,,,,,,,,,448029405,44802940500066,43.21A,,,,,,,,,,,sirene,
TRI M ELEC,,,a contacter,,,,,,,,,,,,reseaux,,SAINT-ETIENNE,,42,,,,,,,,,,,,,,,,,,,,,,,,,,,,,,,347528945,34752894500038,43.21A,,,,,,,,,,,sirene,
TRIANGLE HORIZON,,,a contacter,,,,,,,,,,,,reseaux,,MOREE,,41,,,,,,,,,,,,,,,,,,,,,,,,,,,,,,,830679007,83067900700013,43.21A,,,,,,,,,,,sirene,
TRIDANT,,,a contacter,,,,,,,,,,,,reseaux,,AUBERVILLIERS,,93,,,,,,,,,,,,,,,,,,,,,,,,,,,,,,,350153128,35015312800060,43.21A,,,,,,,,,,,sirene,
TRINAPS SAS,,,a contacter,,,,,,,,,,,,reseaux,,BELFORT,,90,,,,,,,,,,,,,,,,,,,,,,,,,,,,,,,499445906,49944590600021,61.10Z,,,,,,,,,,,sirene,
TRITECH,,,a contacter,,,,,,,,,,,,reseaux,,FORT-DE-FRANCE,,972,,,,,,,,,,,,,,,,,,,,,,,,,,,,,,,453740144,45374014400028,43.21A,,,,,,,,,,,sirene,
TROPIK'ELEC,,,a contacter,,,,,,,,,,,,reseaux,,SAINT-PIERRE,,974,,,,,,,,,,,,,,,,,,,,,,,,,,,,,,,530514884,53051488400036,43.21A,,,,,,,,,,,sirene,
TROUILLET,,,a contacter,,,,,,,,,,,,reseaux,,CAISNES,,60,,,,,,,,,,,,,,,,,,,,,,,,,,,,,,,444699094,44469909400025,43.21A,,,,,,,,,,,sirene,
TSELEC,,,a contacter,,,,,,,,,,,,reseaux,,GHYVELDE,,59,,,,,,,,,,,,,,,,,,,,,,,,,,,,,,,808298251,80829825100055,43.21A,,,,,,,,,,,sirene,
TSN CONSTRUCTIONS,,,a contacter,,,,,,,,,,,,reseaux,,BESNEVILLE,,50,,,,,,,,,,,,,,,,,,,,,,,,,,,,,,,891986812,89198681200016,42.22Z,,,,,,,,,,,sirene,
TSO SIGNALISATION,,,a contacter,,,,,,,,,,,,reseaux,,CHELLES,,77,,,,,,,,,,,,,,,,,,,,,,,,,,,,,,,817401581,81740158100019,42.22Z,,,,,,,,,,,sirene,
TT CABLES,,,a contacter,,,,,,,,,,,,reseaux,,LOOS-EN-GOHELLE,,62,,,,,,,,,,,,,,,,,,,,,,,,,,,,,,,880713367,88071336700022,43.21A,,,,,,,,,,,sirene,
TWELVE COM,,,a contacter,,,,,,,,,,,,reseaux,,THIAIS,,94,,,,,,,,,,,,,,,,,,,,,,,,,,,,,,,839153335,83915333500014,61.10Z,,,,,,,,,,,sirene,
UBEFONE,,,a contacter,,,,,,,,,,,,reseaux,,PARIS,,75,,,,,,,,,,,,,,,,,,,,,,,,,,,,,,,803763572,80376357200036,61.90Z,,,,,,,,,,,sirene,
UGIS GRENOBLE,,,a contacter,,,,,,,,,,,,reseaux,,FONTAINE,,38,,,,,,,,,,,,,,,,,,,,,,,,,,,,,,,429109861,42910986100022,43.21A,,,,,,,,,,,sirene,
UGIS PACA,,,a contacter,,,,,,,,,,,,reseaux,,MANDELIEU LA NAPOULE,,06,,,,,,,,,,,,,,,,,,,,,,,,,,,,,,,399614585,39961458500038,43.21A,,,,,,,,,,,sirene,
UGIS-LYON,,,a contacter,,,,,,,,,,,,reseaux,,CHASSIEU,,69,,,,,,,,,,,,,,,,,,,,,,,,,,,,,,,317048965,31704896500048,43.21A,,,,,,,,,,,sirene,
UIF CAT.,,,a contacter,,,,,,,,,,,,reseaux,,CASTANET-TOLOSAN,,31,,,,,,,,,,,,,,,,,,,,,,,,,,,,,,,808522130,80852213000026,42.22Z,,,,,,,,,,,sirene,
UMR,,,a contacter,,,,,,,,,,,,reseaux,,SAVIGNY-LE-TEMPLE,,77,,,,,,,,,,,,,,,,,,,,,,,,,,,,,,,524736345,52473634500033,43.21A,,,,,,,,,,,sirene,
UNIBAT GUYANE,,,a contacter,,,,,,,,,,,,reseaux,,CAYENNE,,973,,,,,,,,,,,,,,,,,,,,,,,,,,,,,,,798420410,79842041000036,43.21A,,,,,,,,,,,sirene,
UNITED TELECOM OUEST,,,a contacter,,,,,,,,,,,,reseaux,,PREY,,27,,,,,,,,,,,,,,,,,,,,,,,,,,,,,,,527928261,52792826100041,43.21A,,,,,,,,,,,sirene,
UNIVERSAL ENERGIES,,,a contacter,,,,,,,,,,,,reseaux,,MONTPELLIER,,34,,,,,,,,,,,,,,,,,,,,,,,,,,,,,,,833804826,83380482600018,43.21A,,,,,,,,,,,sirene,
UNIVIA,,,a contacter,,,,,,,,,,,,reseaux,,SAINT-QUENTIN-FALLAVIER,,38,,,,,,,,,,,,,,,,,,,,,,,,,,,,,,,447863341,44786334100072,42.22Z,,,,,,,,,,,sirene,
UNIXO,,,a contacter,,,,,,,,,,,,reseaux,,RENNES,,35,,,,,,,,,,,,,,,,,,,,,,,,,,,,,,,801174947,80117494700029,61.90Z,,,,,,,,,,,sirene,
UNYC,,,a contacter,,,,,,,,,,,,reseaux,,LE MANS,,72,,,,,,,,,,,,,,,,,,,,,,,,,,,,,,,478041064,47804106400096,61.10Z,,,,,,,,,,,sirene,
UPPAL ELEC,,,a contacter,,,,,,,,,,,,reseaux,,DRANCY,,93,,,,,,,,,,,,,,,,,,,,,,,,,,,,,,,793147794,79314779400028,43.21A,,,,,,,,,,,sirene,
UPTEL,,,a contacter,,,,,,,,,,,,reseaux,,DECINES-CHARPIEU,,69,,,,,,,,,,,,,,,,,,,,,,,,,,,,,,,952301414,95230141400043,43.21A,,,,,,,,,,,sirene,
URBAVAR,,,a contacter,,,,,,,,,,,,reseaux,,LA FARLEDE,,83,,,,,,,,,,,,,,,,,,,,,,,,,,,,,,,501359996,50135999600037,42.21Z,,,,,,,,,,,sirene,
URBELEC,,,a contacter,,,,,,,,,,,,reseaux,,LES MEES,,04,,,,,,,,,,,,,,,,,,,,,,,,,,,,,,,479534950,47953495000023,43.21A,,,,,,,,,,,sirene,
UTC RESEAU,,,a contacter,,,,,,,,,,,,reseaux,,AMILLY,,45,,,,,,,,,,,,,,,,,,,,,,,,,,,,,,,828321216,82832121600057,43.21A,,,,,,,,,,,sirene,
V I A 2 I VIDEO - INTRUSION - ACCES - INSTALLATION & INGENIERIE,,,a contacter,,,,,,,,,,,,reseaux,,VIRY-CHATILLON,,91,,,,,,,,,,,,,,,,,,,,,,,,,,,,,,,843792334,84379233400016,43.21A,,,,,,,,,,,sirene,
V.V.S SYSTEMES,,,a contacter,,,,,,,,,,,,reseaux,,YZEURE,,03,,,,,,,,,,,,,,,,,,,,,,,,,,,,,,,380715904,38071590400096,43.21A,,,,,,,,,,,sirene,
VA TELECOM,,,a contacter,,,,,,,,,,,,reseaux,,SAINT-HERBLAIN,,44,,,,,,,,,,,,,,,,,,,,,,,,,,,,,,,503924789,50392478900038,61.90Z,,,,,,,,,,,sirene,
VAL BTP,,,a contacter,,,,,,,,,,,,reseaux,,TOURS,,37,,,,,,,,,,,,,,,,,,,,,,,,,,,,,,,751183203,75118320300015,42.21Z,,,,,,,,,,,sirene,
VAL D OISE TRAVAUX PUBLICS,,,a contacter,,,,,,,,,,,,reseaux,,SAINT-OUEN-L'AUMONE,,95,,,,,,,,,,,,,,,,,,,,,,,,,,,,,,,338242746,33824274600034,42.21Z,,,,,,,,,,,sirene,
VAL DE LOIRE MAINTENANCE SERVICE,,,a contacter,,,,,,,,,,,,reseaux,,PARCAY-MESLAY,,37,,,,,,,,,,,,,,,,,,,,,,,,,,,,,,,537934390,53793439000049,43.21A,,,,,,,,,,,sirene,
VAL DE LOIRE SOLOGNE TRAVAUX PUBLICS,,,a contacter,,,,,,,,,,,,reseaux,,JOUE-LES-TOURS,,37,,,,,,,,,,,,,,,,,,,,,,,,,,,,,,,840661821,84066182100016,42.21Z,,,,,,,,,,,sirene,
VAL RESEAUX,,,a contacter,,,,,,,,,,,,reseaux,,MANTES-LA-JOLIE,,78,,,,,,,,,,,,,,,,,,,,,,,,,,,,,,,914144316,91414431600017,43.21A,,,,,,,,,,,sirene,
VALEA,,,a contacter,,,,,,,,,,,,reseaux,,BERNES-SUR-OISE,,95,,,,,,,,,,,,,,,,,,,,,,,,,,,,,,,513360305,51336030500017,43.21A,,,,,,,,,,,sirene,
VALENTIN,,,a contacter,,,,,,,,,,,,reseaux,,ALFORTVILLE,,94,,,,,,,,,,,,,,,,,,,,,,,,,,,,,,,562062232,56206223200045,42.21Z,,,,,,,,,,,sirene,
VALLOTECH,,,a contacter,,,,,,,,,,,,reseaux,,BUC,,78,,,,,,,,,,,,,,,,,,,,,,,,,,,,,,,751623562,75162356200020,43.21A,,,,,,,,,,,sirene,
VALOCIME,,,a contacter,,,,,,,,,,,,reseaux,,MALAKOFF,,92,,,,,,,,,,,,,,,,,,,,,,,,,,,,,,,831070503,83107050300022,61.20Z,,,,,,,,,,,sirene,
VALOT TRAVAUX PUBLICS,,,a contacter,,,,,,,,,,,,reseaux,,NIEUL-LE-DOLENT,,85,,,,,,,,,,,,,,,,,,,,,,,,,,,,,,,303995138,30399513800045,42.21Z,,,,,,,,,,,sirene,
VALOTECH ENERGIES RENOUVELABLES,,,a contacter,,,,,,,,,,,,reseaux,,LES PONTS-DE-CE,,49,,,,,,,,,,,,,,,,,,,,,,,,,,,,,,,412521619,41252161900038,43.21A,,,,,,,,,,,sirene,
VALTEC,,,a contacter,,,,,,,,,,,,reseaux,,PARIS,,75,,,,,,,,,,,,,,,,,,,,,,,,,,,,,,,848531554,84853155400022,43.21A,,,,,,,,,,,sirene,
VANHAESEBROUCK,,,a contacter,,,,,,,,,,,,reseaux,,NANTERRE,,92,,,,,,,,,,,,,,,,,,,,,,,,,,,,,,,423918812,42391881200037,43.21A,,,,,,,,,,,sirene,
VARELA,,,a contacter,,,,,,,,,,,,reseaux,,ROISSY EN BRIE,,77,,,,,,,,,,,,,,,,,,,,,,,,,,,,,,,834272882,83427288200020,43.21A,,,,,,,,,,,sirene,
VAROISE ETUDES EQUIPEMENTS ELECTRIQUES,,,a contacter,,,,,,,,,,,,reseaux,,SOLLIES-PONT,,83,,,,,,,,,,,,,,,,,,,,,,,,,,,,,,,332679711,33267971100033,43.21A,,,,,,,,,,,sirene,
VAUBAN GC,,,a contacter,,,,,,,,,,,,reseaux,,SOLIERS,,14,,,,,,,,,,,,,,,,,,,,,,,,,,,,,,,850585860,85058586000024,42.21Z,,,,,,,,,,,sirene,
VAUTHRIN,,,a contacter,,,,,,,,,,,,reseaux,,SAINTS-GEOSMES,,52,,,,,,,,,,,,,,,,,,,,,,,,,,,,,,,878626100,87862610000019,43.21A,,,,,,,,,,,sirene,
VB ENERGIES ET SERVICES,,,a contacter,,,,,,,,,,,,reseaux,,CLERMONT-FERRAND,,63,,,,,,,,,,,,,,,,,,,,,,,,,,,,,,,524493889,52449388900033,43.21A,,,,,,,,,,,sirene,
VDCOM,,,a contacter,,,,,,,,,,,,reseaux,,LE POIRE-SUR-VIE,,85,,,,,,,,,,,,,,,,,,,,,,,,,,,,,,,431454263,43145426300010,61.20Z,,,,,,,,,,,sirene,
VDI TELECOM,,,a contacter,,,,,,,,,,,,reseaux,,LYON,,69,,,,,,,,,,,,,,,,,,,,,,,,,,,,,,,515004240,51500424000047,61.90Z,,,,,,,,,,,sirene,
VDIP SUD,,,a contacter,,,,,,,,,,,,reseaux,,SAINT-CHAMAS,,13,,,,,,,,,,,,,,,,,,,,,,,,,,,,,,,528033350,52803335000042,43.21A,,,,,,,,,,,sirene,
VDS BATI RENOV,,,a contacter,,,,,,,,,,,,reseaux,,LE ROVE,,13,,,,,,,,,,,,,,,,,,,,,,,,,,,,,,,788763738,78876373800044,43.21A,,,,,,,,,,,sirene,
VEDRENNE,,,a contacter,,,,,,,,,,,,reseaux,,FEYTIAT,,87,,,,,,,,,,,,,,,,,,,,,,,,,,,,,,,388797797,38879779700031,43.21A,,,,,,,,,,,sirene,
VEELEC,,,a contacter,,,,,,,,,,,,reseaux,,QUINT-FONSEGRIVES,,31,,,,,,,,,,,,,,,,,,,,,,,,,,,,,,,408564458,40856445800037,43.21A,,,,,,,,,,,sirene,
VEGA,,,a contacter,,,,,,,,,,,,reseaux,,LA HAIE-FOUASSIERE,,44,,,,,,,,,,,,,,,,,,,,,,,,,,,,,,,484244694,48424469400028,43.21A,,,,,,,,,,,sirene,
VEJES,,,a contacter,,,,,,,,,,,,reseaux,,TOULOUSE,,31,,,,,,,,,,,,,,,,,,,,,,,,,,,,,,,499151710,49915171000039,61.90Z,,,,,,,,,,,sirene,
VELEC,,,a contacter,,,,,,,,,,,,reseaux,,ROMAGNE,,35,,,,,,,,,,,,,,,,,,,,,,,,,,,,,,,377936604,37793660400067,43.21A,,,,,,,,,,,sirene,
VELIACOM,,,a contacter,,,,,,,,,,,,reseaux,,COLOMBES,,92,,,,,,,,,,,,,,,,,,,,,,,,,,,,,,,494015373,49401537300074,61.10Z,,,,,,,,,,,sirene,
VENDEE FLUIDES ENERGIES,,,a contacter,,,,,,,,,,,,reseaux,,DOMPIERRE-SUR-YON,,85,,,,,,,,,,,,,,,,,,,,,,,,,,,,,,,497549162,49754916200038,43.21A,,,,,,,,,,,sirene,
VENDEE SECURITE,,,a contacter,,,,,,,,,,,,reseaux,,MONTAIGU-VENDEE,,85,,,,,,,,,,,,,,,,,,,,,,,,,,,,,,,791709421,79170942100063,43.21A,,,,,,,,,,,sirene,
VEODIS ELECTRICITE,,,a contacter,,,,,,,,,,,,reseaux,,ECHIROLLES,,38,,,,,,,,,,,,,,,,,,,,,,,,,,,,,,,306880139,30688013900069,43.21A,,,,,,,,,,,sirene,
VERBRAEKEN CONSTRUCTION FRANCE,,,a contacter,,,,,,,,,,,,reseaux,,,,,,,,,,,,,,,,,,,,,,,,,,,,,,,,,,,487547697,48754769700010,42.21Z,,,,,,,,,,,sirene,
VERDONE,,,a contacter,,,,,,,,,,,,reseaux,,TOULOUSE,,31,,,,,,,,,,,,,,,,,,,,,,,,,,,,,,,348097106,34809710600069,43.21A,,,,,,,,,,,sirene,
VERGNAUD,,,a contacter,,,,,,,,,,,,reseaux,,BIRON,,64,,,,,,,,,,,,,,,,,,,,,,,,,,,,,,,507944874,50794487400076,43.21A,,,,,,,,,,,sirene,
VERIZON FRANCE,,,a contacter,,,,,,,,,,,,reseaux,,COURBEVOIE,,92,,,,,,,,,,,,,,,,,,,,,,,,,,,,,,,398517169,39851716900502,61.10Z,,,,,,,,,,,sirene,
VERMOT,,,a contacter,,,,,,,,,,,,reseaux,,GILLEY,,25,,,,,,,,,,,,,,,,,,,,,,,,,,,,,,,632820247,63282024700013,42.21Z,,,,,,,,,,,sirene,
VERNASSA ELECTRICITE,,,a contacter,,,,,,,,,,,,reseaux,,NICE,,06,,,,,,,,,,,,,,,,,,,,,,,,,,,,,,,500194188,50019418800016,43.21A,,,,,,,,,,,sirene,
VERRIER ENERGIE,,,a contacter,,,,,,,,,,,,reseaux,,RUITZ,,62,,,,,,,,,,,,,,,,,,,,,,,,,,,,,,,817620180,81762018000015,43.21A,,,,,,,,,,,sirene,
VERSPECTIVE,,,a contacter,,,,,,,,,,,,reseaux,,LISSES,,91,,,,,,,,,,,,,,,,,,,,,,,,,,,,,,,390992261,39099226100037,43.21A,,,,,,,,,,,sirene,
VES,,,a contacter,,,,,,,,,,,,reseaux,,VENDENHEIM,,67,,,,,,,,,,,,,,,,,,,,,,,,,,,,,,,480736040,48073604000035,43.21A,,,,,,,,,,,sirene,
VETELEC,,,a contacter,,,,,,,,,,,,reseaux,,BAIE-MAHAULT,,971,,,,,,,,,,,,,,,,,,,,,,,,,,,,,,,537950511,53795051100031,43.21A,,,,,,,,,,,sirene,
VF ELECTRO,,,a contacter,,,,,,,,,,,,reseaux,,NEUF-BERQUIN,,59,,,,,,,,,,,,,,,,,,,,,,,,,,,,,,,842432981,84243298100020,42.22Z,,,,,,,,,,,sirene,
VIA CORSA,,,a contacter,,,,,,,,,,,,reseaux,,LUCCIANA,,2B,,,,,,,,,,,,,,,,,,,,,,,,,,,,,,,507468189,50746818900018,42.21Z,,,,,,,,,,,sirene,
VIABILITE TRAVAUX PUBLICS & ENTRETIEN,,,a contacter,,,,,,,,,,,,reseaux,,PERSAN,,95,,,,,,,,,,,,,,,,,,,,,,,,,,,,,,,443908678,44390867800040,42.21Z,,,,,,,,,,,sirene,
VIALUM,,,a contacter,,,,,,,,,,,,reseaux,,MEZIERES-SUR-SEINE,,78,,,,,,,,,,,,,,,,,,,,,,,,,,,,,,,438996639,43899663900029,43.21B,,,,,,,,,,,sirene,
VIATECH,,,a contacter,,,,,,,,,,,,reseaux,,MAUBEC,,38,,,,,,,,,,,,,,,,,,,,,,,,,,,,,,,535367494,53536749400049,43.21A,,,,,,,,,,,sirene,
VIATIS,,,a contacter,,,,,,,,,,,,reseaux,,PARIS,,75,,,,,,,,,,,,,,,,,,,,,,,,,,,,,,,492644976,49264497600028,42.22Z,,,,,,,,,,,sirene,
VICAT PATRICE ELECTRICITE GENERALE,,,a contacter,,,,,,,,,,,,reseaux,,SAINT-MARCELLIN,,38,,,,,,,,,,,,,,,,,,,,,,,,,,,,,,,808694616,80869461600018,43.21A,,,,,,,,,,,sirene,
VIGOURT ELECTRICITE,,,a contacter,,,,,,,,,,,,reseaux,,MOUEN,,14,,,,,,,,,,,,,,,,,,,,,,,,,,,,,,,803371319,80337131900036,43.21A,,,,,,,,,,,sirene,
VILFIGELEC,,,a contacter,,,,,,,,,,,,reseaux,,REMIRE-MONTJOLY,,973,,,,,,,,,,,,,,,,,,,,,,,,,,,,,,,440388254,44038825400037,43.21A,,,,,,,,,,,sirene,
VINCENT COPPEE,,,a contacter,,,,,,,,,,,,reseaux,,ROYE,,80,,,,,,,,,,,,,,,,,,,,,,,,,,,,,,,434088779,43408877900021,43.21A,,,,,,,,,,,sirene,
VINCENT FOREST TRAVAUX PUBLICS,,,a contacter,,,,,,,,,,,,reseaux,,PLENEE-JUGON,,22,,,,,,,,,,,,,,,,,,,,,,,,,,,,,,,508555463,50855546300027,43.21A,,,,,,,,,,,sirene,
VINCENT TP,,,a contacter,,,,,,,,,,,,reseaux,,CHAMPDOR-CORCELLES,,01,,,,,,,,,,,,,,,,,,,,,,,,,,,,,,,818358277,81835827700015,42.21Z,,,,,,,,,,,sirene,
VINCI ENERGIES,,,a contacter,,,,,,,,,,,,reseaux,,NANTERRE,,92,,,,,,,,,,,,,,,,,,,,,,,,,,,,,,,391635844,39163584400320,42.22Z,,,,,,,,,,,sirene,
VINCI ENERGIES INTERNATIONAL & SYSTEMS,,,a contacter,,,,,,,,,,,,reseaux,,MONTESSON,,78,,,,,,,,,,,,,,,,,,,,,,,,,,,,,,,537915498,53791549800225,43.21A,,,,,,,,,,,sirene,
VIOLA,,,a contacter,,,,,,,,,,,,reseaux,,LACHASSAGNE,,69,,,,,,,,,,,,,,,,,,,,,,,,,,,,,,,579800103,57980010300080,43.21B,,,,,,,,,,,sirene,
VION ELECTRICITE,,,a contacter,,,,,,,,,,,,reseaux,,HARFLEUR,,76,,,,,,,,,,,,,,,,,,,,,,,,,,,,,,,751848144,75184814400018,43.21A,,,,,,,,,,,sirene,
VIRSEDA PERE ET FILS,,,a contacter,,,,,,,,,,,,reseaux,,PARIS,,75,,,,,,,,,,,,,,,,,,,,,,,,,,,,,,,913608485,91360848500011,43.21A,,,,,,,,,,,sirene,
VISELEC,,,a contacter,,,,,,,,,,,,reseaux,,LAVAUR,,81,,,,,,,,,,,,,,,,,,,,,,,,,,,,,,,478621022,47862102200027,43.21A,,,,,,,,,,,sirene,
VIST AND COM,,,a contacter,,,,,,,,,,,,reseaux,,LE MANS,,72,,,,,,,,,,,,,,,,,,,,,,,,,,,,,,,799968185,79996818500048,61.90Z,,,,,,,,,,,sirene,
VITAL ELECTRICITE,,,a contacter,,,,,,,,,,,,reseaux,,GRIGNY,,91,,,,,,,,,,,,,,,,,,,,,,,,,,,,,,,501615157,50161515700036,43.21A,,,,,,,,,,,sirene,
VITTORI ET FILS,,,a contacter,,,,,,,,,,,,reseaux,,AUDINCOURT,,25,,,,,,,,,,,,,,,,,,,,,,,,,,,,,,,349710418,34971041800014,43.21A,,,,,,,,,,,sirene,
VLADELEC,,,a contacter,,,,,,,,,,,,reseaux,,FORT-DE-FRANCE,,972,,,,,,,,,,,,,,,,,,,,,,,,,,,,,,,813672763,81367276300014,43.21A,,,,,,,,,,,sirene,
VODAFONE ENTERPRISE FRANCE SAS,,,a contacter,,,,,,,,,,,,reseaux,,PUTEAUX,,92,,,,,,,,,,,,,,,,,,,,,,,,,,,,,,,380308817,38030881700135,61.10Z,,,,,,,,,,,sirene,
VOIP TELECOM,,,a contacter,,,,,,,,,,,,reseaux,,PARIS,,75,,,,,,,,,,,,,,,,,,,,,,,,,,,,,,,504189366,50418936600082,43.21A,,,,,,,,,,,sirene,
VOLT ELEC,,,a contacter,,,,,,,,,,,,reseaux,,BRUGES,,33,,,,,,,,,,,,,,,,,,,,,,,,,,,,,,,521671313,52167131300034,43.21A,,,,,,,,,,,sirene,
VOLTA,,,a contacter,,,,,,,,,,,,reseaux,,CHASSIEU,,69,,,,,,,,,,,,,,,,,,,,,,,,,,,,,,,792296725,79229672500031,43.21A,,,,,,,,,,,sirene,
VOLTA ENERGIE,,,a contacter,,,,,,,,,,,,reseaux,,PARIS,,75,,,,,,,,,,,,,,,,,,,,,,,,,,,,,,,897457776,89745777600036,43.21A,,,,,,,,,,,sirene,
VOLTANIA,,,a contacter,,,,,,,,,,,,reseaux,,CANEJAN,,33,,,,,,,,,,,,,,,,,,,,,,,,,,,,,,,822287702,82228770200051,43.21A,,,,,,,,,,,sirene,
VOLTEC ELECTRICITE ET SYSTEMES,,,a contacter,,,,,,,,,,,,reseaux,,FLEURY-SUR-ORNE,,14,,,,,,,,,,,,,,,,,,,,,,,,,,,,,,,901092684,90109268400017,43.21A,,,,,,,,,,,sirene,
VOMIERO,,,a contacter,,,,,,,,,,,,reseaux,,SAINT-BONNET-PRES-RIOM,,63,,,,,,,,,,,,,,,,,,,,,,,,,,,,,,,792397119,79239711900035,43.21A,,,,,,,,,,,sirene,
VPH ENTREPRISES,,,a contacter,,,,,,,,,,,,reseaux,,LORRIS,,45,,,,,,,,,,,,,,,,,,,,,,,,,,,,,,,539638619,53963861900046,43.21A,,,,,,,,,,,sirene,
VULCANYOS,,,a contacter,,,,,,,,,,,,reseaux,,TRIGNAC,,44,,,,,,,,,,,,,,,,,,,,,,,,,,,,,,,950728253,95072825300010,43.21A,,,,,,,,,,,sirene,
WANNITUBE,,,a contacter,,,,,,,,,,,,reseaux,,CHAPONNAY,,69,,,,,,,,,,,,,,,,,,,,,,,,,,,,,,,400024634,40002463400216,42.21Z,,,,,,,,,,,sirene,
WAROUDE AUTOMATION SAS,,,a contacter,,,,,,,,,,,,reseaux,,LABRUGUIERE,,81,,,,,,,,,,,,,,,,,,,,,,,,,,,,,,,481393809,48139380900019,43.21A,,,,,,,,,,,sirene,
WAS TELECOM,,,a contacter,,,,,,,,,,,,reseaux,,SAINT-OUEN-L'AUMONE,,95,,,,,,,,,,,,,,,,,,,,,,,,,,,,,,,837811314,83781131400033,61.10Z,,,,,,,,,,,sirene,
WASSILIEFF ELECTRICITE ET FILS,,,a contacter,,,,,,,,,,,,reseaux,,VALENCE,,26,,,,,,,,,,,,,,,,,,,,,,,,,,,,,,,314720863,31472086300062,43.21A,,,,,,,,,,,sirene,
WAT'ISO,,,a contacter,,,,,,,,,,,,reseaux,,SAINT-BONNET-DE-MURE,,69,,,,,,,,,,,,,,,,,,,,,,,,,,,,,,,803668904,80366890400045,43.21A,,,,,,,,,,,sirene,
WATELEC,,,a contacter,,,,,,,,,,,,reseaux,,CALAIS,,62,,,,,,,,,,,,,,,,,,,,,,,,,,,,,,,434155123,43415512300038,43.21A,,,,,,,,,,,sirene,
WATT & HOME INSTALLATIONS,,,a contacter,,,,,,,,,,,,reseaux,,TULLINS,,38,,,,,,,,,,,,,,,,,,,,,,,,,,,,,,,538830019,53883001900013,43.21A,,,,,,,,,,,sirene,
WE SUN,,,a contacter,,,,,,,,,,,,reseaux,,SEIGNOSSE,,40,,,,,,,,,,,,,,,,,,,,,,,,,,,,,,,819453887,81945388700039,43.21A,,,,,,,,,,,sirene,
WEBAXYS,,,a contacter,,,,,,,,,,,,reseaux,,SOTTEVILLE-LES-ROUEN,,76,,,,,,,,,,,,,,,,,,,,,,,,,,,,,,,429668387,42966838700047,61.10Z,,,,,,,,,,,sirene,
WEBER KRESS INDUSTRIES,,,a contacter,,,,,,,,,,,,reseaux,,SAUSHEIM,,68,,,,,,,,,,,,,,,,,,,,,,,,,,,,,,,350640173,35064017300059,43.21A,,,,,,,,,,,sirene,
WEBLIB,,,a contacter,,,,,,,,,,,,reseaux,,PARIS,,75,,,,,,,,,,,,,,,,,,,,,,,,,,,,,,,511340572,51134057200052,61.20Z,,,,,,,,,,,sirene,
WECABLE,,,a contacter,,,,,,,,,,,,reseaux,,CERGY,,95,,,,,,,,,,,,,,,,,,,,,,,,,,,,,,,830354320,83035432000012,61.90Z,,,,,,,,,,,sirene,
WEE,,,a contacter,,,,,,,,,,,,reseaux,,DREUX,,28,,,,,,,,,,,,,,,,,,,,,,,,,,,,,,,788162311,78816231100039,43.21A,,,,,,,,,,,sirene,
WENDLING TP,,,a contacter,,,,,,,,,,,,reseaux,,WEISLINGEN,,67,,,,,,,,,,,,,,,,,,,,,,,,,,,,,,,778877001,77887700100025,42.21Z,,,,,,,,,,,sirene,
WESTCON GROUP EUROPEAN OPERATIONS LIMITED,,,a contacter,,,,,,,,,,,,reseaux,,,,,,,,,,,,,,,,,,,,,,,,,,,,,,,,,,,492952478,49295247800013,61.90Z,,,,,,,,,,,sirene,
WESTLINK,,,a contacter,,,,,,,,,,,,reseaux,,NIORT,,79,,,,,,,,,,,,,,,,,,,,,,,,,,,,,,,477840243,47784024300075,43.21A,,,,,,,,,,,sirene,
WEWISE BIDART,,,a contacter,,,,,,,,,,,,reseaux,,BIDART,,64,,,,,,,,,,,,,,,,,,,,,,,,,,,,,,,508538444,50853844400037,43.21A,,,,,,,,,,,sirene,
WEWISE LA ROCHE-SUR-FORON,,,a contacter,,,,,,,,,,,,reseaux,,LA ROCHE-SUR-FORON,,74,,,,,,,,,,,,,,,,,,,,,,,,,,,,,,,511448664,51144866400041,43.21A,,,,,,,,,,,sirene,
WEWISE LE MANS,,,a contacter,,,,,,,,,,,,reseaux,,LE MANS,,72,,,,,,,,,,,,,,,,,,,,,,,,,,,,,,,490767803,49076780300185,43.21A,,,,,,,,,,,sirene,
WI-FIBRE,,,a contacter,,,,,,,,,,,,reseaux,,RIS-ORANGIS,,91,,,,,,,,,,,,,,,,,,,,,,,,,,,,,,,880351697,88035169700037,43.21A,,,,,,,,,,,sirene,
WIDEBER,,,a contacter,,,,,,,,,,,,reseaux,,NOISY-LE-GRAND,,93,,,,,,,,,,,,,,,,,,,,,,,,,,,,,,,524152451,52415245100018,43.21A,,,,,,,,,,,sirene,
WIFIRST,,,a contacter,,,,,,,,,,,,reseaux,,PARIS,,75,,,,,,,,,,,,,,,,,,,,,,,,,,,,,,,441757614,44175761400058,61.20Z,,,,,,,,,,,sirene,
WISTER,,,a contacter,,,,,,,,,,,,reseaux,,PARIS,,75,,,,,,,,,,,,,,,,,,,,,,,,,,,,,,,447878950,44787895000016,61.90Z,,,,,,,,,,,sirene,
WIZDEO,,,a contacter,,,,,,,,,,,,reseaux,,PARIS,,75,,,,,,,,,,,,,,,,,,,,,,,,,,,,,,,499474070,49947407000046,61.90Z,,,,,,,,,,,sirene,
WMK,,,a contacter,,,,,,,,,,,,reseaux,,MONTMAGNY,,95,,,,,,,,,,,,,,,,,,,,,,,,,,,,,,,831209606,83120960600027,43.21A,,,,,,,,,,,sirene,
WOJCIK ENTREPRISE,,,a contacter,,,,,,,,,,,,reseaux,,MEYREUIL,,13,,,,,,,,,,,,,,,,,,,,,,,,,,,,,,,402516520,40251652000036,43.21A,,,,,,,,,,,sirene,
XC3,,,a contacter,,,,,,,,,,,,reseaux,,PASSY,,74,,,,,,,,,,,,,,,,,,,,,,,,,,,,,,,453489759,45348975900036,43.21A,,,,,,,,,,,sirene,
XCEL SECURITY SERVICES,,,a contacter,,,,,,,,,,,,reseaux,,MEAUX,,77,,,,,,,,,,,,,,,,,,,,,,,,,,,,,,,829825207,82982520700030,43.21A,,,,,,,,,,,sirene,
XERIA,,,a contacter,,,,,,,,,,,,reseaux,,BAIE-MAHAULT,,971,,,,,,,,,,,,,,,,,,,,,,,,,,,,,,,314900838,31490083800082,42.22Z,,,,,,,,,,,sirene,
XPFIBRE,,,a contacter,,,,,,,,,,,,reseaux,,COURBEVOIE,,92,,,,,,,,,,,,,,,,,,,,,,,,,,,,,,,844717587,84471758700019,61.10Z,,,,,,,,,,,sirene,
XPFIBRE.CVN,,,a contacter,,,,,,,,,,,,reseaux,,COURBEVOIE,,92,,,,,,,,,,,,,,,,,,,,,,,,,,,,,,,508094927,50809492700060,42.22Z,,,,,,,,,,,sirene,
YAN'ELEC NORD,,,a contacter,,,,,,,,,,,,reseaux,,BLENDECQUES,,62,,,,,,,,,,,,,,,,,,,,,,,,,,,,,,,812186104,81218610400038,43.21A,,,,,,,,,,,sirene,
YASCOM,,,a contacter,,,,,,,,,,,,reseaux,,PARIS,,75,,,,,,,,,,,,,,,,,,,,,,,,,,,,,,,913724316,91372431600017,43.21A,,,,,,,,,,,sirene,
YAZCOM,,,a contacter,,,,,,,,,,,,reseaux,,GARGES-LES-GONESSE,,95,,,,,,,,,,,,,,,,,,,,,,,,,,,,,,,812834653,81283465300022,61.10Z,,,,,,,,,,,sirene,
YBIS,,,a contacter,,,,,,,,,,,,reseaux,,SAINT-MAUR-DES-FOSSES,,94,,,,,,,,,,,,,,,,,,,,,,,,,,,,,,,328006051,32800605100077,43.21A,,,,,,,,,,,sirene,
YCARS,,,a contacter,,,,,,,,,,,,reseaux,,PARIS,,75,,,,,,,,,,,,,,,,,,,,,,,,,,,,,,,333050821,33305082100029,43.21A,,,,,,,,,,,sirene,
YERRES ELECTRICITE SERVICES,,,a contacter,,,,,,,,,,,,reseaux,,CONFLANS-SAINTE-HONORINE,,78,,,,,,,,,,,,,,,,,,,,,,,,,,,,,,,384308821,38430882100055,43.21A,,,,,,,,,,,sirene,
YM PRO 75,,,a contacter,,,,,,,,,,,,reseaux,,LE BLANC-MESNIL,,93,,,,,,,,,,,,,,,,,,,,,,,,,,,,,,,811296045,81129604500016,43.21A,,,,,,,,,,,sirene,
YPSILON SECURITE,,,a contacter,,,,,,,,,,,,reseaux,,MESSIMY,,69,,,,,,,,,,,,,,,,,,,,,,,,,,,,,,,513738484,51373848400031,43.21A,,,,,,,,,,,sirene,
YSO ELECTRIQUE,,,a contacter,,,,,,,,,,,,reseaux,,GENILAC,,42,,,,,,,,,,,,,,,,,,,,,,,,,,,,,,,448885590,44888559000027,43.21A,,,,,,,,,,,sirene,
YVES TIPHANE,,,a contacter,,,,,,,,,,,,reseaux,,PAVILLY,,76,,,,,,,,,,,,,,,,,,,,,,,,,,,,,,,448760215,44876021500039,43.21A,,,,,,,,,,,sirene,
ZAB SERVICES,,,a contacter,,,,,,,,,,,,reseaux,,SAINT-DENIS,,93,,,,,,,,,,,,,,,,,,,,,,,,,,,,,,,890042336,89004233600028,43.21A,,,,,,,,,,,sirene,
ZADIS ELECTRICITE,,,a contacter,,,,,,,,,,,,reseaux,,EVRY-COURCOURONNES,,91,,,,,,,,,,,,,,,,,,,,,,,,,,,,,,,532120060,53212006000027,43.21A,,,,,,,,,,,sirene,
ZAMBRA GROUPE FRANCE,,,a contacter,,,,,,,,,,,,reseaux,,NANTES,,44,,,,,,,,,,,,,,,,,,,,,,,,,,,,,,,882682388,88268238800021,42.22Z,,,,,,,,,,,sirene,
ZAYO INFRASTRUCTURE FRANCE S.A.,,,a contacter,,,,,,,,,,,,reseaux,,PARIS,,75,,,,,,,,,,,,,,,,,,,,,,,,,,,,,,,413567132,41356713200464,61.10Z,,,,,,,,,,,sirene,
ZED IMMOBILIER CONSTRUCTION,,,a contacter,,,,,,,,,,,,reseaux,,CONFOLENS,,16,,,,,,,,,,,,,,,,,,,,,,,,,,,,,,,901888735,90188873500015,43.21A,,,,,,,,,,,sirene,
ZEFELEC,,,a contacter,,,,,,,,,,,,reseaux,,OYONNAX,,01,,,,,,,,,,,,,,,,,,,,,,,,,,,,,,,511518987,51151898700033,43.21A,,,,,,,,,,,sirene,
ZELTRON 17,,,a contacter,,,,,,,,,,,,reseaux,,LES MATHES,,17,,,,,,,,,,,,,,,,,,,,,,,,,,,,,,,489852442,48985244200024,43.21A,,,,,,,,,,,sirene,
ZEOP,,,a contacter,,,,,,,,,,,,reseaux,,LE PORT,,974,,,,,,,,,,,,,,,,,,,,,,,,,,,,,,,531379295,53137929500011,61.10Z,,,,,,,,,,,sirene,
ZEOP MOBILE,,,a contacter,,,,,,,,,,,,reseaux,,LE PORT,,974,,,,,,,,,,,,,,,,,,,,,,,,,,,,,,,791270911,79127091100013,61.20Z,,,,,,,,,,,sirene,
ZI.AZAAN,,,a contacter,,,,,,,,,,,,reseaux,,MONTIGNY-LES-CORMEILLES,,95,,,,,,,,,,,,,,,,,,,,,,,,,,,,,,,838333078,83833307800015,43.21A,,,,,,,,,,,sirene,
ZN FIBRE,,,a contacter,,,,,,,,,,,,reseaux,,GONESSE,,95,,,,,,,,,,,,,,,,,,,,,,,,,,,,,,,949670806,94967080600015,61.10Z,,,,,,,,,,,sirene,
ZVC FRANCE SAS,,,a contacter,,,,,,,,,,,,reseaux,,PARIS,,75,,,,,,,,,,,,,,,,,,,,,,,,,,,,,,,852463959,85246395900019,61.90Z,,,,,,,,,,,sirene,
